,nodeid1,nodeid2,label
0,33754,11976,0
1,42932,40926,0
2,29894,24431,0
3,37034,2610,0
4,511,899,0
5,22407,58444,0
6,13459,33845,0
7,39253,41152,0
8,37732,18988,0
9,38308,9016,0
10,39596,3343,0
11,65066,20182,0
12,49281,47802,0
13,56596,22632,0
14,25262,60535,0
15,39086,14843,0
16,49190,19409,0
17,33565,51201,0
18,59849,56983,0
19,883,12032,0
20,4408,20747,0
21,30056,41249,0
22,34806,34936,0
23,38225,67822,0
24,43640,50334,0
25,14542,55046,0
26,35976,24166,0
27,933,34679,0
28,34514,66951,0
29,33614,32709,0
30,36911,202,0
31,964,9636,0
32,12467,17215,0
33,16954,15242,0
34,11285,61899,0
35,62097,43562,0
36,33933,65365,0
37,20881,52602,0
38,15422,37206,0
39,3135,59375,0
40,28244,46220,0
41,60881,21379,0
42,61810,67175,0
43,34522,52921,0
44,20334,31125,0
45,31315,11734,0
46,2500,26673,0
47,51193,3766,0
48,36824,56682,0
49,7528,39613,0
50,23513,11154,0
51,67276,51107,0
52,42602,48261,0
53,4258,54947,0
54,23291,40526,0
55,14720,45367,0
56,9966,56306,0
57,59716,46113,0
58,862,48423,0
59,62743,48631,0
60,65916,30082,0
61,63295,57839,0
62,21656,32197,0
63,43852,28758,0
64,22304,213,0
65,14943,2011,0
66,23649,8659,0
67,23775,49038,0
68,59222,14880,0
69,34740,10895,0
70,56245,31196,0
71,21827,38762,0
72,6116,38122,0
73,51819,21891,0
74,40689,12621,0
75,60838,10512,0
76,4729,67149,0
77,37637,67343,0
78,21714,17326,0
79,54323,66126,0
80,36949,56011,0
81,51841,55246,0
82,29244,67019,0
83,20295,67160,0
84,41732,2471,0
85,8068,37839,0
86,50546,68133,0
87,50005,30964,0
88,8040,65695,0
89,28055,6891,0
90,34485,57076,0
91,48145,63914,0
92,7093,27512,0
93,64531,35943,0
94,14108,22894,0
95,57123,23419,0
96,21436,68150,0
97,25629,50755,0
98,59058,57450,0
99,40190,36916,0
100,60653,53744,0
101,1591,54069,0
102,28248,61903,0
103,65174,56207,0
104,43164,220,0
105,17509,1523,0
106,9256,14211,0
107,23618,27214,0
108,39326,63781,0
109,3971,60195,0
110,19942,16205,0
111,16728,6003,0
112,57655,65559,0
113,9777,65555,0
114,24629,20450,0
115,16297,42387,0
116,4423,1529,0
117,17520,32549,0
118,3104,10092,0
119,63697,34660,0
120,10371,12291,0
121,16943,59613,0
122,29707,55272,0
123,32907,10738,0
124,7193,60684,0
125,54186,25233,0
126,8720,57691,0
127,62761,27783,0
128,20012,44090,0
129,14386,29584,0
130,62630,56429,0
131,14412,66767,0
132,19163,8048,0
133,20118,56609,0
134,20814,30608,0
135,5957,39476,0
136,8843,42361,0
137,13742,11451,0
138,26894,5320,0
139,58832,54627,0
140,33835,63811,0
141,5791,33233,0
142,9515,68102,0
143,8361,58031,0
144,56521,2929,0
145,4267,63050,0
146,27130,41730,0
147,28104,34999,0
148,32913,32314,0
149,23990,27748,0
150,50255,33039,0
151,7431,28113,0
152,39738,46911,0
153,45951,41185,0
154,67515,57300,0
155,14287,47702,0
156,19828,10600,0
157,12482,9571,0
158,10158,1839,0
159,44043,45914,0
160,57236,32994,0
161,5330,15862,0
162,18375,34959,0
163,57013,18255,0
164,19454,10707,0
165,40484,45399,0
166,53322,38068,0
167,40443,60928,0
168,66481,16897,0
169,12006,45510,0
170,2607,49099,0
171,26180,33203,0
172,27750,4179,0
173,10224,7973,0
174,49884,57369,0
175,8205,50336,0
176,25624,51993,0
177,68211,31216,0
178,27151,19484,0
179,60729,11607,0
180,5307,45964,0
181,29503,35668,0
182,34758,2796,0
183,32184,30650,0
184,62434,66664,0
185,15776,20764,0
186,23485,62069,0
187,17680,52703,0
188,32422,38974,0
189,56479,39484,0
190,19503,16913,0
191,65652,5499,0
192,20509,14719,0
193,47471,62110,0
194,47714,64705,0
195,15957,13668,0
196,1150,18020,0
197,46123,56788,0
198,40518,64613,0
199,16942,67728,0
200,45042,19483,0
201,9762,29259,0
202,67875,37061,0
203,64436,62785,0
204,25037,53739,0
205,60867,12465,0
206,5535,6506,0
207,42376,5305,0
208,16235,6415,0
209,39092,49657,0
210,47386,46758,0
211,54062,49859,0
212,62162,53118,0
213,45600,8464,0
214,54539,42137,0
215,48285,42359,0
216,11221,8295,0
217,723,48291,0
218,51135,360,0
219,37574,46266,0
220,48276,66649,0
221,47450,21735,0
222,63431,31918,0
223,54434,23477,0
224,25069,54538,0
225,57538,55919,0
226,889,3600,0
227,59816,14197,0
228,18687,9083,0
229,2063,41983,0
230,17929,11790,0
231,28130,59313,0
232,24897,12266,0
233,14534,5637,0
234,23962,30553,0
235,63886,45587,0
236,23699,41262,0
237,19846,21697,0
238,63561,52534,0
239,59930,37498,0
240,59113,25065,0
241,32783,55939,0
242,46493,40138,0
243,25794,42235,0
244,18372,46974,0
245,4919,63655,0
246,46269,44933,0
247,13755,24447,0
248,58306,12118,0
249,44574,51447,0
250,22114,16461,0
251,24660,30647,0
252,57354,39008,0
253,17137,1739,0
254,65061,16036,0
255,37263,10216,0
256,61294,18039,0
257,12990,20749,0
258,33719,8955,0
259,56143,49355,0
260,41923,44633,0
261,37338,10899,0
262,26628,13817,0
263,59139,2187,0
264,30298,64262,0
265,26982,61977,0
266,2544,50901,0
267,34471,38978,0
268,3716,48844,0
269,22504,65584,0
270,31738,55111,0
271,43276,12346,0
272,30286,55613,0
273,68043,34719,0
274,61814,40832,0
275,39596,23417,0
276,60528,35760,0
277,18644,33976,0
278,40737,16065,0
279,3576,44521,0
280,18127,1564,0
281,17157,30202,0
282,37954,41749,0
283,28526,22721,0
284,32912,30833,0
285,61064,13762,0
286,8406,10089,0
287,61543,27121,0
288,37556,30104,0
289,59963,2694,0
290,2084,19932,0
291,27056,41893,0
292,59497,26434,0
293,18406,6477,0
294,51388,18562,0
295,21500,57051,0
296,67780,6139,0
297,42591,6123,0
298,58599,36195,0
299,18679,54990,0
300,7396,64216,0
301,28766,52544,0
302,24309,17375,0
303,51019,1205,0
304,39709,927,0
305,7756,8865,0
306,31450,62280,0
307,23437,23384,0
308,7439,17998,0
309,3313,38288,0
310,32091,39085,0
311,1753,46050,0
312,39029,41696,0
313,28992,37472,0
314,64326,59244,0
315,58707,60739,0
316,65209,48392,0
317,49571,1126,0
318,64795,7285,0
319,54571,15664,0
320,57291,55856,0
321,36036,32056,0
322,42328,63922,0
323,50660,65320,0
324,40443,66772,0
325,13738,48970,0
326,8660,18820,0
327,47287,10765,0
328,28546,57496,0
329,16695,53756,0
330,4619,51978,0
331,4689,22760,0
332,18296,26063,0
333,477,59791,0
334,14584,4093,0
335,58135,15844,0
336,30209,34492,0
337,62709,66141,0
338,23702,37301,0
339,33781,34312,0
340,31310,13231,0
341,19960,9685,0
342,10903,25028,0
343,22734,11693,0
344,17975,34599,0
345,36134,30073,0
346,29408,22353,0
347,13586,64106,0
348,1396,26720,0
349,56010,26069,0
350,55178,45596,0
351,35440,2851,0
352,551,26398,0
353,57426,65112,0
354,7752,16309,0
355,37170,15834,0
356,8968,56915,0
357,65471,8636,0
358,53689,62823,0
359,44590,15941,0
360,42498,24934,0
361,45422,37494,0
362,42275,64212,0
363,28546,2417,0
364,23460,52852,0
365,34228,37325,0
366,50662,26155,0
367,59815,63075,0
368,14172,21718,0
369,63633,44315,0
370,6626,8693,0
371,68099,55012,0
372,19701,52724,0
373,38515,17213,0
374,49458,26485,0
375,15346,64357,0
376,251,32863,0
377,20458,40206,0
378,32755,3206,0
379,10930,67659,0
380,55961,47397,0
381,17935,42993,0
382,13920,63740,0
383,22674,37536,0
384,25820,44139,0
385,8631,16299,0
386,19255,55386,0
387,13073,38919,0
388,37313,48665,0
389,46662,59932,0
390,63734,62684,0
391,53286,33779,0
392,6955,3703,0
393,22545,66917,0
394,36724,48180,0
395,67947,29271,0
396,50041,13685,0
397,68321,25892,0
398,55325,31573,0
399,20331,63398,0
400,18538,56704,0
401,42183,51421,0
402,21334,46178,0
403,50344,54437,0
404,28443,26643,0
405,58763,23853,0
406,3729,8790,0
407,54182,60399,0
408,37778,20614,0
409,51884,32846,0
410,62107,10819,0
411,48779,60648,0
412,3225,14465,0
413,64648,15591,0
414,63816,54815,0
415,10087,33372,0
416,2451,32228,0
417,37809,17434,0
418,46301,39047,0
419,62395,52458,0
420,57919,35840,0
421,65593,66223,0
422,40023,5875,0
423,17288,21400,0
424,23170,5497,0
425,37521,24420,0
426,8294,9776,0
427,39864,7848,0
428,20039,24859,0
429,23329,22460,0
430,17058,29675,0
431,25176,9799,0
432,30261,31767,0
433,8626,21824,0
434,11138,18109,0
435,26596,33175,0
436,12375,36865,0
437,4726,21901,0
438,4939,19416,0
439,26734,2235,0
440,29146,31962,0
441,18933,8351,0
442,19639,3923,0
443,66391,64179,0
444,34175,23773,0
445,20128,16212,0
446,64632,19550,0
447,61610,35610,0
448,42531,16790,0
449,30598,51896,0
450,21358,63281,0
451,32301,1257,0
452,62842,3662,0
453,64257,58898,0
454,6762,14691,0
455,17402,47513,0
456,58722,32803,0
457,61384,63760,0
458,35600,56435,0
459,32097,39159,0
460,3297,50339,0
461,27557,38284,0
462,49569,14205,0
463,32668,62928,0
464,20476,61176,0
465,6059,25207,0
466,13499,61467,0
467,59659,19528,0
468,63308,1387,0
469,50008,30142,0
470,67536,18168,0
471,11224,32781,0
472,28440,59119,0
473,338,68176,0
474,46464,26356,0
475,16515,67299,0
476,6612,10282,0
477,50698,40276,0
478,38509,56633,0
479,28044,2176,0
480,43878,18753,0
481,21183,50686,0
482,54652,41671,0
483,13418,65142,0
484,21746,31577,0
485,48622,23998,0
486,50944,39743,0
487,59307,54327,0
488,43111,53697,0
489,26029,7026,0
490,19909,53163,0
491,22352,14541,0
492,46327,16355,0
493,22551,37852,0
494,2140,38634,0
495,22671,58279,0
496,22257,23352,0
497,14699,64161,0
498,40142,41264,0
499,26386,59750,0
500,54959,8007,0
501,22373,6397,0
502,56995,62813,0
503,38160,8908,0
504,49299,63755,0
505,53650,27809,0
506,148,55678,0
507,40428,47468,0
508,161,3858,0
509,58204,52376,0
510,54889,22814,0
511,10728,10337,0
512,47320,16708,0
513,65053,18427,0
514,20872,55632,0
515,40962,47112,0
516,36464,61070,0
517,20000,7377,0
518,30738,572,0
519,1176,55559,0
520,30669,1980,0
521,67276,61892,0
522,62810,63713,0
523,53083,61941,0
524,19972,28542,0
525,25805,58110,0
526,2233,27410,0
527,29516,55360,0
528,10949,47783,0
529,53082,187,0
530,45135,1937,0
531,49660,22068,0
532,50025,35027,0
533,14005,51936,0
534,9506,41879,0
535,58050,31710,0
536,41428,54546,0
537,37148,62500,0
538,11434,20859,0
539,1778,49357,0
540,64004,27031,0
541,45949,3229,0
542,2371,46151,0
543,58945,31268,0
544,46594,2302,0
545,24304,64582,0
546,20877,29033,0
547,43283,9834,0
548,64799,15794,0
549,40520,3663,0
550,23387,7174,0
551,58716,28645,0
552,25324,33867,0
553,10371,2753,0
554,46550,16407,0
555,63986,52445,0
556,59134,62047,0
557,41887,48063,0
558,11108,2916,0
559,22834,10708,0
560,33335,37578,0
561,49491,56819,0
562,29445,68167,0
563,64219,20902,0
564,59683,33544,0
565,20830,34438,0
566,4257,50183,0
567,4504,2509,0
568,58143,38312,0
569,67681,29249,0
570,12770,59861,0
571,63357,35242,0
572,65203,27687,0
573,44046,50524,0
574,51927,21687,0
575,43959,49702,0
576,25534,34521,0
577,67379,55437,0
578,32160,55630,0
579,10267,13377,0
580,46780,54372,0
581,1297,8108,0
582,37433,63881,0
583,67155,19523,0
584,50416,38919,0
585,68160,64548,0
586,15609,28688,0
587,30540,14104,0
588,25195,52704,0
589,65795,26413,0
590,28116,49749,0
591,5531,26181,0
592,28674,62209,0
593,39038,22297,0
594,61400,44478,0
595,9322,48699,0
596,31880,31903,0
597,28748,5354,0
598,50971,57667,0
599,67479,33500,0
600,13199,53395,0
601,19242,1896,0
602,48145,17586,0
603,58239,65941,0
604,5007,43594,0
605,67391,11675,0
606,57380,53516,0
607,67093,33495,0
608,26525,37402,0
609,37009,60264,0
610,44236,56264,0
611,29691,15277,0
612,10338,21285,0
613,4613,67328,0
614,29391,388,0
615,45776,15318,0
616,42509,47906,0
617,36267,40004,0
618,11924,55812,0
619,36285,58608,0
620,45738,21622,0
621,52442,68268,0
622,35716,13419,0
623,52292,29126,0
624,23699,33513,0
625,28790,64824,0
626,9053,35226,0
627,31727,10646,0
628,12798,19384,0
629,12076,62461,0
630,60074,41561,0
631,42246,417,0
632,25168,15169,0
633,18603,15375,0
634,53821,21006,0
635,68075,60159,0
636,29376,30797,0
637,9177,67506,0
638,8893,64749,0
639,5177,55753,0
640,17231,1914,0
641,10649,14115,0
642,46970,61201,0
643,59960,851,0
644,7331,27065,0
645,59487,55751,0
646,65565,8719,0
647,61384,48822,0
648,18971,54173,0
649,56310,8394,0
650,29146,66318,0
651,42829,5987,0
652,48287,57666,0
653,66261,39944,0
654,65912,58528,0
655,45281,53386,0
656,9185,41878,0
657,59585,56377,0
658,18809,11308,0
659,7234,12695,0
660,8297,18852,0
661,34102,16526,0
662,24079,32538,0
663,14683,31523,0
664,28135,34551,0
665,55488,14327,0
666,46802,38372,0
667,8125,25722,0
668,33827,41636,0
669,59552,54245,0
670,60132,62928,0
671,66349,19666,0
672,55738,6211,0
673,55241,7890,0
674,4457,51581,0
675,63498,3734,0
676,63749,50599,0
677,22563,10320,0
678,62533,45888,0
679,56989,5747,0
680,17373,14816,0
681,56543,25736,0
682,52771,46888,0
683,25944,59069,0
684,66080,3103,0
685,44400,25487,0
686,24487,31836,0
687,35816,15221,0
688,35588,54858,0
689,278,40423,0
690,34902,27787,0
691,36474,13905,0
692,61573,10956,0
693,49368,43428,0
694,21898,8296,0
695,31317,65200,0
696,57144,32327,0
697,31747,22357,0
698,59436,15446,0
699,65991,39984,0
700,52428,43542,0
701,2645,35253,0
702,14724,65102,0
703,56578,4451,0
704,53469,21194,0
705,55173,70,0
706,63806,36625,0
707,8611,15385,0
708,35828,57204,0
709,21601,66414,0
710,24199,35580,0
711,35246,25593,0
712,19393,30403,0
713,59485,35244,0
714,24810,38206,0
715,38599,9256,0
716,49882,37280,0
717,29495,41973,0
718,63805,37962,0
719,22151,32503,0
720,64437,26248,0
721,63021,14553,0
722,24185,48662,0
723,54931,20365,0
724,19751,5514,0
725,67072,2255,0
726,27378,18405,0
727,34682,67327,0
728,6219,11145,0
729,66647,38925,0
730,4167,14238,0
731,11124,39815,0
732,1644,19540,0
733,30222,38981,0
734,22080,14492,0
735,5598,42927,0
736,63039,64117,0
737,25727,38871,0
738,52355,6430,0
739,20429,48166,0
740,36157,40233,0
741,14390,38316,0
742,64884,54454,0
743,6769,21084,0
744,23474,43068,0
745,56598,59981,0
746,4440,39857,0
747,21046,32406,0
748,46548,43227,0
749,15938,3286,0
750,42310,42386,0
751,24316,11145,0
752,1222,17473,0
753,26481,8679,0
754,19178,2702,0
755,31218,37457,0
756,46798,52909,0
757,15555,49447,0
758,62810,19933,0
759,13026,16732,0
760,11915,65753,0
761,5552,55674,0
762,64907,27714,0
763,33876,62091,0
764,53651,7270,0
765,31237,40864,0
766,35451,25939,0
767,1791,328,0
768,13175,39294,0
769,11400,35634,0
770,2020,6651,0
771,16498,28823,0
772,4740,48901,0
773,6437,1347,0
774,35336,66984,0
775,38975,50470,0
776,23537,64031,0
777,22900,34816,0
778,61490,60598,0
779,7047,11588,0
780,64622,33231,0
781,67062,32520,0
782,49518,19214,0
783,39062,48681,0
784,67375,46512,0
785,34475,44774,0
786,46895,65745,0
787,53082,855,0
788,53707,66906,0
789,40100,23130,0
790,9474,40582,0
791,48489,11195,0
792,32151,6215,0
793,17872,52256,0
794,23561,53598,0
795,9060,14803,0
796,17641,9306,0
797,26175,23942,0
798,56744,27255,0
799,43180,7349,0
800,36870,14285,0
801,16843,54600,0
802,29831,22827,0
803,6115,9013,0
804,67491,36055,0
805,2753,28815,0
806,35620,37806,0
807,17421,7953,0
808,37441,35229,0
809,2862,11874,0
810,41012,2239,0
811,63677,58926,0
812,58725,67144,0
813,38597,27505,0
814,10659,3248,0
815,28169,38230,0
816,49747,51610,0
817,48844,13046,0
818,44174,11168,0
819,27137,18350,0
820,4759,12309,0
821,47275,10939,0
822,47231,42899,0
823,16998,16266,0
824,51287,38543,0
825,4823,13057,0
826,44121,58395,0
827,21558,31332,0
828,4597,24444,0
829,15026,64684,0
830,29688,5207,0
831,42492,38874,0
832,56314,17908,0
833,20082,10683,0
834,60639,38109,0
835,6939,39546,0
836,57412,33010,0
837,38188,55296,0
838,61889,38307,0
839,7272,30918,0
840,53477,41439,0
841,58298,26673,0
842,1712,31478,0
843,20880,13505,0
844,12751,38702,0
845,49372,36835,0
846,55823,15011,0
847,5027,29597,0
848,16908,56455,0
849,29273,66867,0
850,40376,7330,0
851,67252,32260,0
852,41145,41593,0
853,55882,12877,0
854,15263,43473,0
855,56015,17680,0
856,28566,26402,0
857,12331,3057,0
858,51181,26854,0
859,45162,55472,0
860,24427,2117,0
861,36215,15282,0
862,14044,52749,0
863,65113,15205,0
864,62893,11406,0
865,10324,61358,0
866,37433,30509,0
867,66040,5686,0
868,44254,50023,0
869,66683,62322,0
870,10489,52272,0
871,59980,17969,0
872,67725,64349,0
873,43996,31752,0
874,16927,60280,0
875,55825,49370,0
876,25778,62129,0
877,32651,20817,0
878,39443,54764,0
879,48983,55442,0
880,21182,15452,0
881,65890,39235,0
882,21155,58919,0
883,43611,57533,0
884,13322,5146,0
885,18124,41165,0
886,45491,36630,0
887,62149,67684,0
888,18147,20406,0
889,13467,48654,0
890,59142,44189,0
891,34512,19126,0
892,42857,64772,0
893,6647,6492,0
894,17447,17788,0
895,46523,13217,0
896,48215,55797,0
897,55417,46084,0
898,42970,48895,0
899,18096,12699,0
900,26846,48641,0
901,15985,47675,0
902,11468,46147,0
903,4981,34006,0
904,57657,8200,0
905,18786,23953,0
906,34770,12495,0
907,28032,20372,0
908,63617,31212,0
909,18409,52857,0
910,9947,17743,0
911,53484,54792,0
912,47462,59452,0
913,12562,19475,0
914,2810,68024,0
915,63959,18863,0
916,45902,31735,0
917,10612,9027,0
918,49671,41284,0
919,45767,6932,0
920,52965,53091,0
921,24658,24790,0
922,12283,55737,0
923,14689,13923,0
924,58891,51347,0
925,25751,24205,0
926,18972,46689,0
927,31348,9176,0
928,38311,2292,0
929,49540,11221,0
930,3174,44604,0
931,40946,4933,0
932,52095,12556,0
933,14604,54913,0
934,28099,12344,0
935,22827,2547,0
936,32909,8975,0
937,46515,56819,0
938,39655,25539,0
939,40143,31950,0
940,41111,12958,0
941,31283,7668,0
942,3086,26684,0
943,29392,31872,0
944,16569,62077,0
945,13709,46229,0
946,45144,35807,0
947,42276,20368,0
948,47320,67630,0
949,16440,30642,0
950,24529,43123,0
951,13351,57643,0
952,8617,23916,0
953,63370,49904,0
954,54853,13912,0
955,57134,44478,0
956,51374,29642,0
957,15800,19774,0
958,30363,65370,0
959,23769,59210,0
960,42384,37934,0
961,5950,36055,0
962,53360,19937,0
963,12314,62063,0
964,12938,46510,0
965,24844,1144,0
966,56001,53392,0
967,24483,18971,0
968,64295,26539,0
969,32679,13091,0
970,19412,16348,0
971,30313,41360,0
972,16572,41509,0
973,23423,45902,0
974,63282,49833,0
975,63170,56107,0
976,41256,11938,0
977,15438,1594,0
978,31670,5262,0
979,1290,763,0
980,48652,60627,0
981,37328,35864,0
982,23267,21439,0
983,59850,57070,0
984,60696,15824,0
985,22679,57708,0
986,57956,41858,0
987,35510,2041,0
988,28963,5314,0
989,15885,22831,0
990,47778,58515,0
991,5069,62199,0
992,36129,44629,0
993,606,65279,0
994,49509,62983,0
995,25092,32175,0
996,15794,56398,0
997,46919,16725,0
998,47729,17704,0
999,14358,11735,0
1000,51645,41277,0
1001,47218,25124,0
1002,20130,41178,0
1003,3213,24219,0
1004,26333,1943,0
1005,39265,2304,0
1006,6060,8230,0
1007,2090,42634,0
1008,21121,4917,0
1009,62141,39208,0
1010,14113,54603,0
1011,40964,68320,0
1012,54994,43324,0
1013,10827,678,0
1014,18536,35302,0
1015,6331,64826,0
1016,55509,9301,0
1017,26419,51814,0
1018,21787,56394,0
1019,35182,27404,0
1020,37910,65347,0
1021,10305,31146,0
1022,64114,26885,0
1023,63214,3355,0
1024,47382,55952,0
1025,5660,15892,0
1026,13640,9811,0
1027,34875,31991,0
1028,29838,24390,0
1029,17313,61678,0
1030,44928,6474,0
1031,63782,50822,0
1032,6541,59327,0
1033,22038,26113,0
1034,11056,3466,0
1035,40476,36058,0
1036,39803,53231,0
1037,31482,1330,0
1038,38168,54118,0
1039,39818,12561,0
1040,40930,50389,0
1041,50474,47829,0
1042,10936,46593,0
1043,55566,44243,0
1044,18263,9427,0
1045,50580,54620,0
1046,21263,53907,0
1047,49527,32939,0
1048,22291,5437,0
1049,49579,27868,0
1050,62912,5811,0
1051,15832,47907,0
1052,17591,64923,0
1053,59049,40594,0
1054,19853,46517,0
1055,47188,37701,0
1056,66245,53889,0
1057,38121,23823,0
1058,56701,23272,0
1059,20543,65495,0
1060,58860,64924,0
1061,7583,19244,0
1062,13329,47377,0
1063,25480,32311,0
1064,29666,5379,0
1065,26799,35413,0
1066,44775,19791,0
1067,57192,3006,0
1068,57682,14764,0
1069,44289,45796,0
1070,64980,45683,0
1071,22266,63795,0
1072,53462,6400,0
1073,26833,13944,0
1074,60182,28018,0
1075,58005,34176,0
1076,18442,59709,0
1077,50687,29395,0
1078,15010,10976,0
1079,25388,47495,0
1080,63022,29692,0
1081,32389,44927,0
1082,50523,45783,0
1083,52577,49044,0
1084,7336,54882,0
1085,7894,28821,0
1086,3378,26844,0
1087,34065,2954,0
1088,40694,32908,0
1089,59999,6843,0
1090,15608,43882,0
1091,59202,26660,0
1092,28185,36192,0
1093,6034,33792,0
1094,2469,45851,0
1095,46673,67532,0
1096,66628,17725,0
1097,53627,56095,0
1098,18515,18225,0
1099,57682,7654,0
1100,60284,29300,0
1101,42923,62542,0
1102,33631,47343,0
1103,68081,5115,0
1104,32605,42163,0
1105,31368,21385,0
1106,11503,63635,0
1107,2251,12270,0
1108,53899,60189,0
1109,38214,35751,0
1110,4974,10228,0
1111,44521,1855,0
1112,29854,2713,0
1113,60274,57307,0
1114,49968,8707,0
1115,47398,1407,0
1116,2918,64010,0
1117,47366,62425,0
1118,61224,50968,0
1119,31659,59061,0
1120,46104,19247,0
1121,26799,35640,0
1122,42566,44262,0
1123,21,28408,0
1124,58943,18208,0
1125,6440,48082,0
1126,52768,36399,0
1127,939,28361,0
1128,63614,39810,0
1129,61885,21852,0
1130,59098,52062,0
1131,13838,17235,0
1132,63690,35157,0
1133,11193,40642,0
1134,46831,57136,0
1135,37750,2928,0
1136,9727,8323,0
1137,53147,34155,0
1138,7503,29427,0
1139,30346,12624,0
1140,5945,27991,0
1141,20996,21649,0
1142,19471,27610,0
1143,35786,54476,0
1144,6509,11750,0
1145,18036,35175,0
1146,29981,1477,0
1147,37127,1847,0
1148,36974,55390,0
1149,16535,6330,0
1150,9053,53833,0
1151,63354,37115,0
1152,25801,50930,0
1153,19515,10335,0
1154,3760,49204,0
1155,53900,43521,0
1156,28186,20411,0
1157,16193,40445,0
1158,41774,67100,0
1159,18548,52837,0
1160,5788,38814,0
1161,35973,60164,0
1162,20501,5071,0
1163,38853,4238,0
1164,16422,62187,0
1165,3243,28980,0
1166,62369,40789,0
1167,17754,24167,0
1168,64205,29033,0
1169,54475,20010,0
1170,13262,62769,0
1171,28213,16223,0
1172,62139,67332,0
1173,2314,48321,0
1174,27268,44326,0
1175,25494,5401,0
1176,46690,19038,0
1177,17467,55305,0
1178,39480,38831,0
1179,7872,1314,0
1180,7983,43345,0
1181,10207,50378,0
1182,54347,64378,0
1183,59255,54703,0
1184,30429,15671,0
1185,21447,50551,0
1186,15320,24525,0
1187,24485,29376,0
1188,8318,1681,0
1189,38788,21008,0
1190,9993,17861,0
1191,67952,53271,0
1192,48789,10833,0
1193,10254,11892,0
1194,46178,3477,0
1195,36921,33787,0
1196,7406,8805,0
1197,27751,49359,0
1198,60033,63390,0
1199,48187,44481,0
1200,23340,51886,0
1201,58215,64896,0
1202,50212,50240,0
1203,24502,19652,0
1204,34744,41666,0
1205,55356,7833,0
1206,59819,50525,0
1207,42393,11647,0
1208,11005,19570,0
1209,15942,56370,0
1210,27454,62985,0
1211,40600,7194,0
1212,48542,9017,0
1213,260,24078,0
1214,16149,39139,0
1215,34032,43946,0
1216,47958,38776,0
1217,54662,35195,0
1218,7104,25356,0
1219,14428,37646,0
1220,11451,26318,0
1221,67054,63680,0
1222,17256,14677,0
1223,46320,46951,0
1224,15075,31038,0
1225,13274,57816,0
1226,60366,65989,0
1227,53708,46974,0
1228,18940,7185,0
1229,51626,26559,0
1230,31799,41275,0
1231,64498,59283,0
1232,28673,37967,0
1233,1328,16708,0
1234,47160,55092,0
1235,8474,16403,0
1236,11205,29736,0
1237,39586,39889,0
1238,34873,31147,0
1239,2399,65083,0
1240,11935,34567,0
1241,31754,22156,0
1242,29017,19192,0
1243,44011,17882,0
1244,61641,14029,0
1245,57826,35840,0
1246,63423,16528,0
1247,59824,65222,0
1248,44114,45275,0
1249,31571,13062,0
1250,22672,8212,0
1251,61948,6601,0
1252,59186,58999,0
1253,57430,19109,0
1254,17977,24947,0
1255,14302,19798,0
1256,27480,23332,0
1257,20533,56796,0
1258,23614,52414,0
1259,66901,67336,0
1260,63656,52470,0
1261,32265,45994,0
1262,22998,1221,0
1263,28417,62916,0
1264,13690,3238,0
1265,61885,3113,0
1266,43994,61989,0
1267,26549,32135,0
1268,37983,30018,0
1269,23135,65457,0
1270,49798,5336,0
1271,30887,67126,0
1272,9277,56609,0
1273,4569,44498,0
1274,29820,64375,0
1275,67912,39101,0
1276,32306,4416,0
1277,45015,37013,0
1278,9599,5543,0
1279,9846,58835,0
1280,44722,38607,0
1281,9646,424,0
1282,45738,1834,0
1283,67226,26045,0
1284,66725,58531,0
1285,31591,7566,0
1286,40232,33949,0
1287,16684,32040,0
1288,50988,35907,0
1289,6346,65937,0
1290,65237,50031,0
1291,7046,40943,0
1292,42178,53338,0
1293,58942,6159,0
1294,66219,18060,0
1295,20602,6871,0
1296,34336,18542,0
1297,33593,33225,0
1298,27135,16100,0
1299,3714,44673,0
1300,4546,42582,0
1301,55490,6310,0
1302,29306,38093,0
1303,22210,36328,0
1304,28229,16453,0
1305,39092,43344,0
1306,1316,56918,0
1307,33859,31238,0
1308,39477,14101,0
1309,5847,19359,0
1310,26643,44061,0
1311,61200,28105,0
1312,48930,30212,0
1313,30429,33549,0
1314,24310,63367,0
1315,40722,20094,0
1316,58210,11801,0
1317,67565,10589,0
1318,91,43610,0
1319,34648,56468,0
1320,29139,55398,0
1321,13366,21633,0
1322,41741,38596,0
1323,32937,15586,0
1324,39892,24342,0
1325,62843,13194,0
1326,61889,36735,0
1327,11906,29070,0
1328,48256,53356,0
1329,53220,61885,0
1330,53901,1184,0
1331,36244,52152,0
1332,30800,60189,0
1333,9573,8447,0
1334,3401,54041,0
1335,21086,51941,0
1336,18825,879,0
1337,55782,9146,0
1338,16812,34788,0
1339,8406,59466,0
1340,40889,13162,0
1341,19107,893,0
1342,738,15763,0
1343,19217,18671,0
1344,54560,24580,0
1345,66645,10274,0
1346,57480,21700,0
1347,62212,10879,0
1348,38816,26203,0
1349,40552,53597,0
1350,64648,30727,0
1351,38467,26872,0
1352,45319,38747,0
1353,5046,14490,0
1354,43865,8726,0
1355,48982,62501,0
1356,8625,19172,0
1357,62382,55828,0
1358,25527,36855,0
1359,49527,55405,0
1360,12322,23864,0
1361,22366,4303,0
1362,61966,67985,0
1363,62315,4716,0
1364,8046,14226,0
1365,3301,49483,0
1366,67426,1631,0
1367,30594,6292,0
1368,65912,32714,0
1369,39055,15999,0
1370,2650,23394,0
1371,25549,18331,0
1372,68335,56437,0
1373,46223,55117,0
1374,52493,10968,0
1375,59114,31199,0
1376,40404,55398,0
1377,61887,15568,0
1378,40397,497,0
1379,37870,26035,0
1380,19392,4891,0
1381,20988,17654,0
1382,38305,57875,0
1383,11901,28310,0
1384,54252,46615,0
1385,43003,56594,0
1386,59939,10849,0
1387,17369,16149,0
1388,31306,43848,0
1389,43783,18816,0
1390,5373,52426,0
1391,53595,54974,0
1392,2476,65838,0
1393,22238,49371,0
1394,8581,68044,0
1395,27535,16232,0
1396,4941,65859,0
1397,37133,64527,0
1398,33228,7443,0
1399,12121,63665,0
1400,62886,62479,0
1401,50458,61785,0
1402,68208,27562,0
1403,20778,47156,0
1404,61664,32378,0
1405,60431,18624,0
1406,27838,20098,0
1407,43779,41636,0
1408,67370,22833,0
1409,59281,8548,0
1410,27007,42315,0
1411,31417,604,0
1412,12449,67901,0
1413,60407,44379,0
1414,60561,53353,0
1415,59589,59442,0
1416,52765,36525,0
1417,28429,61382,0
1418,25151,44083,0
1419,42056,64783,0
1420,65114,46779,0
1421,31527,37953,0
1422,7309,3523,0
1423,5681,9570,0
1424,57249,52852,0
1425,7218,32049,0
1426,59268,31301,0
1427,47212,44753,0
1428,3426,47093,0
1429,49943,25596,0
1430,21153,65587,0
1431,53676,38160,0
1432,42178,12242,0
1433,64585,43584,0
1434,15930,64780,0
1435,29203,26665,0
1436,10252,52205,0
1437,64024,46587,0
1438,13050,19593,0
1439,57830,6068,0
1440,49721,48079,0
1441,14517,19845,0
1442,35909,41466,0
1443,40071,7668,0
1444,42636,64533,0
1445,34516,38336,0
1446,18284,40022,0
1447,31507,2379,0
1448,14950,24768,0
1449,24841,23312,0
1450,63242,16862,0
1451,12025,49701,0
1452,35430,28045,0
1453,49886,41164,0
1454,794,49380,0
1455,18487,50507,0
1456,5149,63574,0
1457,19314,63624,0
1458,39150,50033,0
1459,65258,51338,0
1460,27992,51784,0
1461,13330,48677,0
1462,17573,29301,0
1463,54573,3928,0
1464,24112,29328,0
1465,34102,41749,0
1466,19150,50790,0
1467,45129,1054,0
1468,53988,22553,0
1469,30427,47547,0
1470,22214,56785,0
1471,30484,29909,0
1472,13829,14354,0
1473,17306,61338,0
1474,59997,46542,0
1475,19349,66473,0
1476,822,47370,0
1477,31878,18213,0
1478,38198,42307,0
1479,13653,13060,0
1480,63845,68127,0
1481,50854,21905,0
1482,8405,14008,0
1483,47215,54549,0
1484,14447,34567,0
1485,51802,21105,0
1486,63776,56643,0
1487,5476,31164,0
1488,55326,62380,0
1489,21166,14535,0
1490,27019,59551,0
1491,54662,58574,0
1492,48812,46521,0
1493,6359,38002,0
1494,55132,3328,0
1495,61513,66389,0
1496,64050,4173,0
1497,67004,15261,0
1498,19499,5959,0
1499,67623,13481,0
1500,23279,32344,0
1501,28283,29219,0
1502,7428,7501,0
1503,39416,22024,0
1504,44638,47756,0
1505,31757,54138,0
1506,18500,60058,0
1507,37584,1552,0
1508,37559,1497,0
1509,8572,51767,0
1510,18224,4970,0
1511,64274,49827,0
1512,54491,17240,0
1513,48452,9199,0
1514,25748,64839,0
1515,6898,34262,0
1516,31372,48744,0
1517,15815,12966,0
1518,51210,22124,0
1519,21112,41440,0
1520,46334,42752,0
1521,17714,47723,0
1522,23798,7569,0
1523,47728,58211,0
1524,58751,12429,0
1525,30944,67601,0
1526,15381,6964,0
1527,32679,51327,0
1528,55771,50525,0
1529,17335,61485,0
1530,20326,17137,0
1531,1184,41780,0
1532,17785,59432,0
1533,63526,19189,0
1534,14641,19420,0
1535,53213,36903,0
1536,65361,23400,0
1537,67638,58039,0
1538,41044,63471,0
1539,2969,56806,0
1540,15776,40963,0
1541,43765,23189,0
1542,47510,31318,0
1543,12598,26375,0
1544,44479,76,0
1545,48269,2655,0
1546,51615,19040,0
1547,47018,37726,0
1548,25510,48127,0
1549,41934,3402,0
1550,6410,67566,0
1551,31760,57913,0
1552,6246,20587,0
1553,297,43103,0
1554,469,20744,0
1555,23355,42556,0
1556,39312,49370,0
1557,17738,26937,0
1558,15611,16141,0
1559,67062,37686,0
1560,24079,2547,0
1561,60022,57554,0
1562,5019,64488,0
1563,63694,29628,0
1564,58426,17218,0
1565,24638,43312,0
1566,29171,54556,0
1567,32693,19540,0
1568,28902,39671,0
1569,64884,34828,0
1570,53101,42417,0
1571,52215,17915,0
1572,4735,29651,0
1573,28430,12175,0
1574,7936,45948,0
1575,10230,9333,0
1576,21418,33548,0
1577,8524,40036,0
1578,46449,61046,0
1579,43172,66650,0
1580,2402,36622,0
1581,42245,5193,0
1582,5627,26664,0
1583,7120,22838,0
1584,37021,42911,0
1585,14326,11808,0
1586,12956,13003,0
1587,28995,9334,0
1588,67226,28128,0
1589,49945,52161,0
1590,18923,6947,0
1591,60685,8198,0
1592,49209,63567,0
1593,4267,27106,0
1594,24470,20456,0
1595,33170,63444,0
1596,42986,33679,0
1597,27186,47625,0
1598,24314,555,0
1599,22320,4515,0
1600,67545,4439,0
1601,55769,40010,0
1602,31381,39007,0
1603,55549,31451,0
1604,6511,23104,0
1605,8681,51976,0
1606,22455,27799,0
1607,61061,41649,0
1608,9248,1710,0
1609,6112,7350,0
1610,43419,10604,0
1611,17078,55652,0
1612,54235,67014,0
1613,55689,4044,0
1614,11542,26134,0
1615,68056,24043,0
1616,17663,65438,0
1617,36443,20323,0
1618,13548,37165,0
1619,51944,21513,0
1620,7142,40108,0
1621,24619,61014,0
1622,32653,43004,0
1623,31338,3689,0
1624,29449,39823,0
1625,34954,46638,0
1626,28233,46118,0
1627,59770,42327,0
1628,49676,56107,0
1629,61837,61887,0
1630,1470,50461,0
1631,2065,1614,0
1632,67952,14522,0
1633,58724,42367,0
1634,42116,40204,0
1635,31053,23826,0
1636,51067,40089,0
1637,45644,50908,0
1638,44278,37652,0
1639,43994,35789,0
1640,30413,36701,0
1641,1115,32150,0
1642,47224,53017,0
1643,5695,62090,0
1644,6286,2534,0
1645,21889,460,0
1646,26989,41862,0
1647,28589,46322,0
1648,18341,23724,0
1649,45170,65627,0
1650,52837,42041,0
1651,7753,45971,0
1652,2066,11931,0
1653,57683,29697,0
1654,31718,67646,0
1655,23618,25649,0
1656,29166,63029,0
1657,30128,6405,0
1658,48359,12175,0
1659,38419,25372,0
1660,56519,17118,0
1661,18855,51085,0
1662,62743,28866,0
1663,4006,2047,0
1664,12771,10568,0
1665,50355,216,0
1666,9753,8772,0
1667,34702,68372,0
1668,17373,2170,0
1669,60561,67199,0
1670,33370,9686,0
1671,1209,54668,0
1672,31607,9740,0
1673,20838,21282,0
1674,64632,5913,0
1675,53671,49968,0
1676,23982,58512,0
1677,18715,25764,0
1678,53528,35732,0
1679,44245,33717,0
1680,64168,19771,0
1681,11568,1634,0
1682,67554,41849,0
1683,838,13134,0
1684,50733,24974,0
1685,10615,12998,0
1686,37910,59944,0
1687,37955,11146,0
1688,55265,15663,0
1689,34827,46896,0
1690,25705,45171,0
1691,52375,15387,0
1692,38016,51931,0
1693,67798,51236,0
1694,63028,30409,0
1695,642,45995,0
1696,37887,32860,0
1697,19964,61105,0
1698,27427,59117,0
1699,48331,11453,0
1700,61828,23206,0
1701,1576,37502,0
1702,7339,63950,0
1703,53855,53171,0
1704,38285,15253,0
1705,1993,64395,0
1706,19407,67750,0
1707,52145,44246,0
1708,53636,28275,0
1709,12742,4654,0
1710,2927,63980,0
1711,66696,56437,0
1712,55425,37479,0
1713,3784,9224,0
1714,60843,28477,0
1715,45616,40380,0
1716,61767,10229,0
1717,21356,36130,0
1718,21775,44165,0
1719,16127,66765,0
1720,43761,63789,0
1721,16329,24059,0
1722,26591,309,0
1723,3499,49287,0
1724,22841,4965,0
1725,67183,53064,0
1726,5946,25526,0
1727,39498,48452,0
1728,56674,35692,0
1729,17571,51990,0
1730,56057,63610,0
1731,50425,32234,0
1732,12958,27555,0
1733,37882,29988,0
1734,54435,20723,0
1735,19222,21169,0
1736,18579,36705,0
1737,50971,9172,0
1738,23167,44351,0
1739,16072,43385,0
1740,67511,41066,0
1741,38612,61028,0
1742,13038,33529,0
1743,28223,11916,0
1744,2239,67919,0
1745,52025,3693,0
1746,2196,58185,0
1747,29811,66887,0
1748,25655,38761,0
1749,64957,55858,0
1750,67588,61281,0
1751,34702,26066,0
1752,42238,28395,0
1753,52558,42517,0
1754,17212,47494,0
1755,59674,25238,0
1756,12776,2515,0
1757,49560,16447,0
1758,23876,5437,0
1759,24319,18343,0
1760,46765,13311,0
1761,55851,25875,0
1762,51676,29750,0
1763,67997,43992,0
1764,65851,11259,0
1765,22903,51522,0
1766,35265,51872,0
1767,6668,28980,0
1768,41821,38578,0
1769,6113,16012,0
1770,3915,35971,0
1771,47685,49926,0
1772,28962,29249,0
1773,50648,46595,0
1774,50528,60766,0
1775,43878,53626,0
1776,16148,26303,0
1777,64421,57778,0
1778,15558,3951,0
1779,30321,6407,0
1780,51181,13767,0
1781,35893,35615,0
1782,29235,54826,0
1783,55738,30649,0
1784,12204,61300,0
1785,66427,21409,0
1786,26918,15773,0
1787,2330,29039,0
1788,45188,57429,0
1789,31972,24571,0
1790,7019,32931,0
1791,15494,42776,0
1792,46121,32610,0
1793,35732,14467,0
1794,32598,29348,0
1795,10528,4514,0
1796,46372,61349,0
1797,22258,26421,0
1798,38861,46174,0
1799,39171,3280,0
1800,24595,48126,0
1801,9542,18693,0
1802,47337,52863,0
1803,37716,20546,0
1804,57211,27356,0
1805,40510,56432,0
1806,65932,47822,0
1807,12361,9436,0
1808,2180,56331,0
1809,27039,12514,0
1810,27027,20323,0
1811,40190,31011,0
1812,12069,63628,0
1813,31317,16545,0
1814,3780,52394,0
1815,24450,13249,0
1816,34384,49706,0
1817,58187,29042,0
1818,37018,49241,0
1819,52332,59449,0
1820,34578,6872,0
1821,23865,57802,0
1822,567,53581,0
1823,37372,53250,0
1824,52308,19617,0
1825,23728,13637,0
1826,3440,23789,0
1827,44961,50122,0
1828,56649,58641,0
1829,63156,48189,0
1830,57538,40194,0
1831,64039,25563,0
1832,18489,34621,0
1833,44367,57204,0
1834,9141,25197,0
1835,55105,43589,0
1836,3187,49327,0
1837,57036,59426,0
1838,42758,2339,0
1839,15065,6975,0
1840,34798,34524,0
1841,63087,44230,0
1842,53126,12388,0
1843,53551,37535,0
1844,63875,59074,0
1845,25178,39511,0
1846,39522,44370,0
1847,44350,52845,0
1848,51858,33699,0
1849,49745,14425,0
1850,12975,64644,0
1851,54780,58595,0
1852,31736,43930,0
1853,29579,17417,0
1854,48077,20519,0
1855,15016,30609,0
1856,38035,42134,0
1857,58882,67863,0
1858,21570,12383,0
1859,2198,56912,0
1860,4024,60767,0
1861,10099,37610,0
1862,37310,21101,0
1863,49994,7561,0
1864,48537,16965,0
1865,26792,17532,0
1866,29714,7042,0
1867,19843,20560,0
1868,9938,37456,0
1869,50357,47284,0
1870,29479,41546,0
1871,20046,24327,0
1872,13578,22232,0
1873,47709,44164,0
1874,5694,59941,0
1875,57674,31847,0
1876,61383,51000,0
1877,14647,33373,0
1878,37740,63598,0
1879,55540,62121,0
1880,15878,10862,0
1881,64174,557,0
1882,26230,61344,0
1883,38606,65643,0
1884,18351,41964,0
1885,53288,18927,0
1886,10835,29685,0
1887,66071,23565,0
1888,34942,62286,0
1889,45072,3280,0
1890,41455,4305,0
1891,40795,25229,0
1892,59890,23597,0
1893,15323,2299,0
1894,65192,58074,0
1895,51520,12457,0
1896,21805,13014,0
1897,67413,39920,0
1898,43048,52238,0
1899,9494,23306,0
1900,61727,10779,0
1901,7363,50071,0
1902,38679,3397,0
1903,2162,19636,0
1904,7352,57494,0
1905,8241,3496,0
1906,30397,49357,0
1907,4091,968,0
1908,44576,16493,0
1909,20346,56246,0
1910,21835,26529,0
1911,17929,8823,0
1912,58908,3881,0
1913,49382,34375,0
1914,57785,39461,0
1915,2611,5490,0
1916,34664,52639,0
1917,5975,5613,0
1918,10415,64408,0
1919,25444,4168,0
1920,67992,29606,0
1921,8762,65106,0
1922,17,21211,0
1923,31527,43131,0
1924,49203,37058,0
1925,67801,66248,0
1926,3726,7798,0
1927,6045,41618,0
1928,28672,64591,0
1929,48896,25347,0
1930,55889,46134,0
1931,8361,65847,0
1932,46105,6758,0
1933,16823,30742,0
1934,39506,64239,0
1935,56598,51018,0
1936,19313,60342,0
1937,64177,31897,0
1938,28381,54304,0
1939,25288,54550,0
1940,29032,45920,0
1941,9180,9944,0
1942,54602,42944,0
1943,15090,60228,0
1944,6159,47121,0
1945,65655,64354,0
1946,8177,40957,0
1947,53709,23341,0
1948,6961,66576,0
1949,25308,32229,0
1950,35015,25143,0
1951,509,37842,0
1952,5725,60724,0
1953,21093,15138,0
1954,56944,62028,0
1955,23609,31954,0
1956,44721,22420,0
1957,6380,25720,0
1958,32506,27581,0
1959,34497,53191,0
1960,341,54432,0
1961,23340,44018,0
1962,9287,11365,0
1963,52262,13283,0
1964,52203,32759,0
1965,48178,31340,0
1966,56242,6959,0
1967,47719,18728,0
1968,56771,17098,0
1969,48792,16212,0
1970,39619,4845,0
1971,60009,67515,0
1972,5090,63031,0
1973,15078,48335,0
1974,56361,9524,0
1975,39054,47207,0
1976,17711,23650,0
1977,44034,56513,0
1978,11468,2571,0
1979,50816,19039,0
1980,31685,55277,0
1981,6014,56205,0
1982,50973,62062,0
1983,36005,11414,0
1984,34160,47898,0
1985,45471,19769,0
1986,40465,2845,0
1987,39944,52552,0
1988,65912,13099,0
1989,37612,65665,0
1990,59959,34666,0
1991,10794,23338,0
1992,10594,62845,0
1993,59823,2857,0
1994,12599,65530,0
1995,22023,49968,0
1996,14538,18629,0
1997,8444,16122,0
1998,66277,56073,0
1999,19827,54372,0
2000,9019,28245,0
2001,49925,67518,0
2002,36295,41890,0
2003,24844,8401,0
2004,41901,18757,0
2005,8350,26060,0
2006,20993,7584,0
2007,53638,12560,0
2008,67499,4903,0
2009,38269,6535,0
2010,37845,60496,0
2011,40434,42351,0
2012,16237,10980,0
2013,57380,27997,0
2014,60366,46113,0
2015,49925,30437,0
2016,68122,49200,0
2017,12771,60524,0
2018,35569,54968,0
2019,48661,25906,0
2020,30260,37558,0
2021,36071,27679,0
2022,50054,33096,0
2023,22800,35528,0
2024,37566,35270,0
2025,65344,5523,0
2026,31446,27071,0
2027,16676,9576,0
2028,21224,1068,0
2029,28934,48866,0
2030,16120,64847,0
2031,18360,61887,0
2032,35808,3949,0
2033,11249,42123,0
2034,18206,3505,0
2035,48454,16732,0
2036,65757,58539,0
2037,29765,31753,0
2038,41939,25869,0
2039,32907,61312,0
2040,8166,58452,0
2041,38069,50742,0
2042,2526,47877,0
2043,4414,19591,0
2044,3407,44656,0
2045,17442,38596,0
2046,18930,68176,0
2047,31383,49339,0
2048,32828,15716,0
2049,2098,61322,0
2050,38166,60298,0
2051,35605,53905,0
2052,6576,44969,0
2053,22960,9640,0
2054,32912,65339,0
2055,25558,2292,0
2056,6291,1168,0
2057,57972,9404,0
2058,32917,30291,0
2059,26031,33585,0
2060,54987,16587,0
2061,2843,27413,0
2062,7774,18699,0
2063,55181,51522,0
2064,55256,11512,0
2065,29609,46568,0
2066,14863,46850,0
2067,35884,22923,0
2068,2395,2648,0
2069,33777,1437,0
2070,27307,51785,0
2071,62551,38565,0
2072,68115,27690,0
2073,35955,65422,0
2074,17022,43462,0
2075,10111,42585,0
2076,47577,16710,0
2077,3115,17658,0
2078,5572,32542,0
2079,37758,64456,0
2080,54472,48828,0
2081,12914,8653,0
2082,43420,22196,0
2083,45880,57267,0
2084,52508,44559,0
2085,51843,64869,0
2086,33688,4106,0
2087,5072,42593,0
2088,43880,22124,0
2089,45549,35142,0
2090,34779,4002,0
2091,47685,37689,0
2092,65857,1699,0
2093,40516,41599,0
2094,7581,18243,0
2095,67738,4214,0
2096,15727,58610,0
2097,10558,16794,0
2098,9863,55536,0
2099,16619,34355,0
2100,42508,61021,0
2101,20838,38271,0
2102,30452,48465,0
2103,23825,39528,0
2104,22137,22996,0
2105,45326,29162,0
2106,58600,12500,0
2107,2777,52348,0
2108,1288,5305,0
2109,37377,11204,0
2110,35418,6506,0
2111,41968,59489,0
2112,45190,8075,0
2113,28832,42196,0
2114,57248,20164,0
2115,56259,36395,0
2116,37781,7398,0
2117,29490,3492,0
2118,45119,2820,0
2119,2360,66954,0
2120,33681,58320,0
2121,57388,46796,0
2122,63754,16782,0
2123,17429,20474,0
2124,58742,66173,0
2125,17510,12051,0
2126,22724,55290,0
2127,44203,30604,0
2128,60806,53785,0
2129,46012,23464,0
2130,31610,25934,0
2131,18944,34390,0
2132,3908,42020,0
2133,65876,37620,0
2134,34900,6899,0
2135,18049,41162,0
2136,38460,31897,0
2137,41661,19626,0
2138,6121,52207,0
2139,62880,22149,0
2140,63138,28050,0
2141,65319,13469,0
2142,61550,66585,0
2143,7847,1847,0
2144,50456,46679,0
2145,46096,22130,0
2146,22421,34223,0
2147,63403,1351,0
2148,30255,27111,0
2149,57762,15287,0
2150,39617,47921,0
2151,57206,25965,0
2152,14438,10832,0
2153,10967,59538,0
2154,39804,13362,0
2155,50558,60312,0
2156,1222,28926,0
2157,41595,18806,0
2158,17120,2663,0
2159,7654,20942,0
2160,20613,46946,0
2161,64544,63292,0
2162,40393,53701,0
2163,57661,66909,0
2164,40982,2952,0
2165,37066,4679,0
2166,2127,30968,0
2167,66584,1584,0
2168,37388,56522,0
2169,66274,57479,0
2170,16346,37692,0
2171,47617,46729,0
2172,28476,28924,0
2173,49088,61604,0
2174,2377,22374,0
2175,19793,15550,0
2176,11848,52089,0
2177,5851,999,0
2178,25559,24971,0
2179,58864,20922,0
2180,60405,61259,0
2181,19690,3539,0
2182,45576,9246,0
2183,66281,54271,0
2184,28880,16036,0
2185,35967,60012,0
2186,64385,24909,0
2187,30934,56059,0
2188,65321,34120,0
2189,14968,41458,0
2190,48407,25473,0
2191,19964,53921,0
2192,37093,5462,0
2193,50971,67728,0
2194,39858,9972,0
2195,42950,55846,0
2196,58275,44084,0
2197,22683,7961,0
2198,37346,19925,0
2199,39856,40018,0
2200,18505,35187,0
2201,48294,315,0
2202,25425,54518,0
2203,769,13564,0
2204,3989,55287,0
2205,64651,17594,0
2206,12001,49367,0
2207,18808,10792,0
2208,138,30166,0
2209,37593,1309,0
2210,14597,45835,0
2211,33601,65342,0
2212,47677,68377,0
2213,52361,43097,0
2214,41924,53222,0
2215,323,33097,0
2216,34505,59046,0
2217,6246,15844,0
2218,52139,55476,0
2219,31543,808,0
2220,38297,43732,0
2221,33887,67108,0
2222,58725,53012,0
2223,18338,61060,0
2224,14132,19902,0
2225,54543,18200,0
2226,35594,17996,0
2227,34506,23792,0
2228,6369,1103,0
2229,48994,3762,0
2230,32010,23158,0
2231,14438,7319,0
2232,34258,35883,0
2233,4069,19324,0
2234,66808,44848,0
2235,52475,1262,0
2236,51713,55729,0
2237,57894,41815,0
2238,5244,46345,0
2239,41188,37304,0
2240,53247,33920,0
2241,54569,28671,0
2242,32760,42869,0
2243,6602,29496,0
2244,39338,47507,0
2245,51172,19425,0
2246,56997,1577,0
2247,33152,28306,0
2248,29827,54898,0
2249,30613,11984,0
2250,50060,9939,0
2251,17929,33275,0
2252,28292,15274,0
2253,61516,10778,0
2254,22449,50364,0
2255,5703,47883,0
2256,50580,54319,0
2257,63227,65225,0
2258,53448,64705,0
2259,58748,45654,0
2260,48376,60234,0
2261,5127,42837,0
2262,46749,67868,0
2263,55765,29898,0
2264,25157,61970,0
2265,36829,26270,0
2266,11141,46141,0
2267,38900,22443,0
2268,57689,23353,0
2269,13089,147,0
2270,9322,66359,0
2271,62709,47872,0
2272,56502,66459,0
2273,38373,29906,0
2274,42997,36647,0
2275,49141,1568,0
2276,60382,1597,0
2277,64325,21370,0
2278,38704,66362,0
2279,39791,30066,0
2280,25532,25083,0
2281,30692,4662,0
2282,48709,30556,0
2283,8050,53099,0
2284,21441,17220,0
2285,5481,36123,0
2286,66998,1811,0
2287,13974,53303,0
2288,54057,58651,0
2289,6984,65633,0
2290,35757,23559,0
2291,11045,6985,0
2292,59091,57616,0
2293,44300,4530,0
2294,38022,45629,0
2295,44121,16175,0
2296,48999,21405,0
2297,42640,25449,0
2298,5800,43410,0
2299,43384,57597,0
2300,65068,1999,0
2301,49854,18027,0
2302,35574,1027,0
2303,56766,9226,0
2304,7697,54605,0
2305,57363,7981,0
2306,62157,12432,0
2307,31156,30391,0
2308,34111,26746,0
2309,9566,44430,0
2310,52623,52244,0
2311,36777,17386,0
2312,47318,30952,0
2313,14968,43241,0
2314,33991,55280,0
2315,62513,29992,0
2316,12958,19590,0
2317,52439,55898,0
2318,57925,34973,0
2319,43185,24095,0
2320,40487,20486,0
2321,28853,30996,0
2322,34613,29677,0
2323,55794,31394,0
2324,11151,51408,0
2325,7583,17788,0
2326,33046,23754,0
2327,13812,30558,0
2328,3803,53413,0
2329,46414,51380,0
2330,2140,978,0
2331,20562,32247,0
2332,33143,23804,0
2333,31305,66362,0
2334,4066,7908,0
2335,59554,43684,0
2336,7358,37315,0
2337,10854,12863,0
2338,40129,32555,0
2339,14895,46846,0
2340,65834,4144,0
2341,64963,21486,0
2342,56244,10975,0
2343,19565,45148,0
2344,22318,21611,0
2345,58484,47415,0
2346,53773,47189,0
2347,9983,22686,0
2348,34230,39756,0
2349,68212,17934,0
2350,39736,17770,0
2351,32232,30595,0
2352,14689,49486,0
2353,12320,48917,0
2354,30846,54342,0
2355,26169,8991,0
2356,21146,28098,0
2357,40315,24571,0
2358,21393,45629,0
2359,11929,67440,0
2360,2392,63213,0
2361,7715,34342,0
2362,61838,57170,0
2363,35031,28708,0
2364,63905,31198,0
2365,35590,7653,0
2366,56670,64868,0
2367,24155,35846,0
2368,59798,43647,0
2369,62343,17807,0
2370,177,46704,0
2371,11143,29735,0
2372,28071,34477,0
2373,9488,8831,0
2374,30310,41847,0
2375,64345,57247,0
2376,12747,48370,0
2377,55837,32274,0
2378,11069,62138,0
2379,16716,29568,0
2380,38330,36453,0
2381,61395,12888,0
2382,24552,23895,0
2383,23968,45907,0
2384,7987,59887,0
2385,6015,48404,0
2386,24828,43030,0
2387,63911,39536,0
2388,57034,10834,0
2389,39570,32603,0
2390,56600,45765,0
2391,62802,21484,0
2392,18987,22754,0
2393,62649,21515,0
2394,48491,53280,0
2395,66559,5310,0
2396,1890,47880,0
2397,27142,66475,0
2398,11571,54879,0
2399,56463,61802,0
2400,12202,6978,0
2401,54071,30441,0
2402,12322,36769,0
2403,39552,46423,0
2404,47038,68346,0
2405,56989,56750,0
2406,59898,50332,0
2407,56487,21277,0
2408,41504,21384,0
2409,56740,59566,0
2410,21129,60772,0
2411,27482,3133,0
2412,37658,57679,0
2413,36965,35038,0
2414,54824,32474,0
2415,42117,66828,0
2416,49377,35056,0
2417,39938,63437,0
2418,57036,54499,0
2419,52189,28632,0
2420,8457,22404,0
2421,33133,60685,0
2422,6859,3403,0
2423,33915,22533,0
2424,726,4820,0
2425,57078,64753,0
2426,32726,65807,0
2427,68399,23288,0
2428,36075,19160,0
2429,55629,21235,0
2430,52234,55200,0
2431,46230,31430,0
2432,5724,24599,0
2433,20973,30339,0
2434,43180,17012,0
2435,61964,67045,0
2436,43325,56240,0
2437,21582,65084,0
2438,56860,50669,0
2439,64715,694,0
2440,23924,17790,0
2441,6915,64978,0
2442,64947,19180,0
2443,25870,64686,0
2444,31510,61307,0
2445,2280,63644,0
2446,41425,42584,0
2447,46481,40428,0
2448,60366,15144,0
2449,27887,14856,0
2450,20335,66633,0
2451,56448,59412,0
2452,34422,45490,0
2453,42414,35732,0
2454,6970,19545,0
2455,21093,60722,0
2456,41555,49255,0
2457,46258,50010,0
2458,23219,26207,0
2459,25292,60474,0
2460,24663,947,0
2461,6389,7001,0
2462,62295,54807,0
2463,7292,41129,0
2464,34140,66767,0
2465,24132,49097,0
2466,54534,8798,0
2467,34376,44379,0
2468,8357,17121,0
2469,57491,40129,0
2470,2204,9605,0
2471,26516,39941,0
2472,15443,63204,0
2473,23991,65327,0
2474,42068,47648,0
2475,27383,46780,0
2476,61737,46736,0
2477,27051,28307,0
2478,6482,41097,0
2479,7971,9844,0
2480,32788,1970,0
2481,6083,51077,0
2482,8917,62286,0
2483,13490,42324,0
2484,27608,4816,0
2485,43393,44863,0
2486,62033,55858,0
2487,21108,18503,0
2488,557,58064,0
2489,55973,25990,0
2490,61364,42241,0
2491,64012,19747,0
2492,46004,34934,0
2493,334,59684,0
2494,59499,52657,0
2495,43477,21809,0
2496,27409,47469,0
2497,55433,52104,0
2498,34775,68026,0
2499,20274,39960,0
2500,14814,24543,0
2501,47376,31462,0
2502,7949,9070,0
2503,37439,67719,0
2504,56599,58189,0
2505,9523,13768,0
2506,54682,24651,0
2507,2959,13674,0
2508,5196,30211,0
2509,33761,59143,0
2510,21631,55469,0
2511,54259,47338,0
2512,1906,61899,0
2513,48017,48426,0
2514,13356,5979,0
2515,11817,28681,0
2516,16629,58132,0
2517,15482,20508,0
2518,14424,26779,0
2519,43274,12607,0
2520,31508,51785,0
2521,47537,54745,0
2522,325,48471,0
2523,23636,47445,0
2524,49491,65234,0
2525,8432,47639,0
2526,39251,44076,0
2527,21459,54327,0
2528,3691,18267,0
2529,10119,3675,0
2530,15572,67859,0
2531,51819,30487,0
2532,58423,7179,0
2533,11653,28554,0
2534,22944,36973,0
2535,47307,65477,0
2536,53159,54287,0
2537,1764,41910,0
2538,62380,50803,0
2539,13541,6470,0
2540,53647,45823,0
2541,53996,15556,0
2542,43625,59025,0
2543,17627,26901,0
2544,54543,67795,0
2545,49815,24016,0
2546,49758,27570,0
2547,29355,25507,0
2548,19964,41265,0
2549,10970,16115,0
2550,31628,39071,0
2551,39029,27949,0
2552,41699,17073,0
2553,46269,54993,0
2554,58887,4329,0
2555,20407,62046,0
2556,9910,42217,0
2557,15271,11403,0
2558,64158,23607,0
2559,60902,36062,0
2560,29925,25769,0
2561,50953,24003,0
2562,54202,42780,0
2563,17816,18721,0
2564,28497,23024,0
2565,57062,8230,0
2566,49088,58860,0
2567,529,52456,0
2568,57356,14923,0
2569,24930,61613,0
2570,16905,5747,0
2571,3442,56622,0
2572,22780,43876,0
2573,59288,53224,0
2574,51512,15728,0
2575,44553,41855,0
2576,49088,21591,0
2577,24427,49958,0
2578,68056,30250,0
2579,39781,48564,0
2580,1596,12983,0
2581,13513,27987,0
2582,8271,33365,0
2583,8704,50706,0
2584,2716,1696,0
2585,55985,20026,0
2586,60035,64566,0
2587,15409,41109,0
2588,9400,12153,0
2589,26116,46652,0
2590,10,48329,0
2591,9740,18435,0
2592,4477,57635,0
2593,5063,37320,0
2594,29456,49040,0
2595,35832,32951,0
2596,25282,33875,0
2597,22737,14587,0
2598,29316,50363,0
2599,11228,12962,0
2600,65865,63346,0
2601,22571,49778,0
2602,11908,22101,0
2603,52066,2464,0
2604,34017,39831,0
2605,38211,32036,0
2606,47429,11021,0
2607,48329,6627,0
2608,40941,58029,0
2609,14659,66946,0
2610,44309,30939,0
2611,46466,31033,0
2612,12234,3884,0
2613,67879,37867,0
2614,15723,56629,0
2615,61574,11234,0
2616,2795,4923,0
2617,64686,10886,0
2618,15682,35373,0
2619,42385,48787,0
2620,65565,6301,0
2621,25266,41929,0
2622,14294,47904,0
2623,5647,46390,0
2624,5771,50463,0
2625,20457,52404,0
2626,5077,18548,0
2627,62670,56415,0
2628,48813,42813,0
2629,14957,42218,0
2630,44813,24625,0
2631,37324,63722,0
2632,13154,18438,0
2633,48314,32229,0
2634,13631,45360,0
2635,16997,34356,0
2636,3036,33307,0
2637,67098,10109,0
2638,4557,50272,0
2639,39319,38262,0
2640,29378,65840,0
2641,3923,28650,0
2642,12933,3810,0
2643,44533,53048,0
2644,24188,33157,0
2645,38924,28141,0
2646,45015,5183,0
2647,14715,66530,0
2648,23106,61531,0
2649,46444,16461,0
2650,7546,12953,0
2651,30379,28671,0
2652,48999,5997,0
2653,230,33013,0
2654,21616,40649,0
2655,63797,9679,0
2656,14433,3242,0
2657,44149,63218,0
2658,29322,59775,0
2659,61098,54395,0
2660,4566,52118,0
2661,33701,32849,0
2662,7904,27693,0
2663,46519,47781,0
2664,27179,67006,0
2665,25245,17909,0
2666,2236,37523,0
2667,58035,8169,0
2668,56821,58531,0
2669,48793,25204,0
2670,2361,58406,0
2671,12233,50278,0
2672,53230,43873,0
2673,56085,58529,0
2674,62780,56507,0
2675,22318,17171,0
2676,51228,61323,0
2677,35140,16889,0
2678,21352,68007,0
2679,58904,59050,0
2680,41057,45570,0
2681,58530,34084,0
2682,50484,34914,0
2683,68285,16628,0
2684,33325,19052,0
2685,18489,43724,0
2686,46524,1060,0
2687,18351,58383,0
2688,7987,45127,0
2689,2582,8387,0
2690,37664,32599,0
2691,46982,38636,0
2692,68119,7636,0
2693,51066,50218,0
2694,55348,25941,0
2695,725,35676,0
2696,46162,21595,0
2697,636,28259,0
2698,66138,13874,0
2699,22514,25190,0
2700,41074,41898,0
2701,9859,52166,0
2702,17586,34727,0
2703,45730,6502,0
2704,3499,57767,0
2705,398,26671,0
2706,32298,48564,0
2707,15776,43112,0
2708,490,19494,0
2709,22798,22643,0
2710,15492,49157,0
2711,14463,62734,0
2712,24515,26900,0
2713,26046,44168,0
2714,11887,10697,0
2715,8705,3097,0
2716,13526,2885,0
2717,59220,64579,0
2718,56798,51661,0
2719,8251,46517,0
2720,31370,20731,0
2721,5244,26842,0
2722,32803,35858,0
2723,14697,13188,0
2724,18925,11854,0
2725,33974,38871,0
2726,63824,17426,0
2727,25267,28021,0
2728,66430,49460,0
2729,57351,24274,0
2730,10997,26182,0
2731,8844,24867,0
2732,48341,36997,0
2733,27598,23309,0
2734,9254,42991,0
2735,31390,25949,0
2736,23793,33559,0
2737,58293,20059,0
2738,58678,46568,0
2739,22194,43453,0
2740,29758,57625,0
2741,36195,37018,0
2742,31824,3767,0
2743,56897,3077,0
2744,35439,53794,0
2745,38089,3560,0
2746,41324,61849,0
2747,47347,2654,0
2748,39453,66481,0
2749,55647,28516,0
2750,3760,35670,0
2751,33653,35523,0
2752,61657,40566,0
2753,44609,43127,0
2754,2957,62502,0
2755,6728,27734,0
2756,24067,56079,0
2757,55831,52529,0
2758,18981,54657,0
2759,22763,43814,0
2760,34702,19633,0
2761,22787,48196,0
2762,24306,36028,0
2763,2583,41370,0
2764,47575,48200,0
2765,63000,40564,0
2766,50341,38899,0
2767,10314,34130,0
2768,62421,48354,0
2769,52432,52083,0
2770,55105,6805,0
2771,43917,51877,0
2772,2233,60295,0
2773,12694,63933,0
2774,13827,64002,0
2775,54291,36332,0
2776,56938,1525,0
2777,942,33337,0
2778,23729,63327,0
2779,19094,20488,0
2780,67185,7036,0
2781,35934,16786,0
2782,13083,41030,0
2783,65150,60645,0
2784,64739,57840,0
2785,60075,64887,0
2786,53564,25716,0
2787,10135,27787,0
2788,37091,5912,0
2789,5864,32242,0
2790,29797,41542,0
2791,63915,55053,0
2792,62570,49781,0
2793,9719,8111,0
2794,67626,3986,0
2795,28906,36406,0
2796,4577,194,0
2797,9999,5879,0
2798,66243,42529,0
2799,4948,6473,0
2800,30582,36946,0
2801,11764,22412,0
2802,23820,36294,0
2803,58622,68239,0
2804,66042,54697,0
2805,41634,739,0
2806,36544,5390,0
2807,24584,25804,0
2808,31929,15738,0
2809,35992,62175,0
2810,2162,33442,0
2811,51058,25858,0
2812,24465,11570,0
2813,66789,65461,0
2814,54334,66520,0
2815,48277,20421,0
2816,57230,60173,0
2817,18045,35378,0
2818,16120,62042,0
2819,37459,1687,0
2820,5607,34084,0
2821,933,26561,0
2822,33907,63111,0
2823,5356,58523,0
2824,32076,64706,0
2825,24654,36889,0
2826,63725,25491,0
2827,64044,39906,0
2828,15492,4455,0
2829,26731,26917,0
2830,1586,20968,0
2831,6851,59075,0
2832,24941,65858,0
2833,33690,17068,0
2834,21477,25059,0
2835,4909,5479,0
2836,10464,37655,0
2837,58797,61905,0
2838,28467,53548,0
2839,39918,46584,0
2840,23536,41238,0
2841,806,17444,0
2842,25781,57274,0
2843,25850,17527,0
2844,10575,4106,0
2845,59065,42529,0
2846,38277,9096,0
2847,29335,57939,0
2848,61627,40865,0
2849,60744,50170,0
2850,57398,5620,0
2851,6576,25820,0
2852,14596,29978,0
2853,30396,21619,0
2854,18409,47654,0
2855,8947,39863,0
2856,24132,64780,0
2857,45606,6085,0
2858,65321,3026,0
2859,49254,60436,0
2860,23640,49230,0
2861,62743,25053,0
2862,68280,15001,0
2863,52778,52397,0
2864,6553,61131,0
2865,13866,31942,0
2866,31528,41786,0
2867,34873,18985,0
2868,18048,66155,0
2869,47081,46595,0
2870,53375,5447,0
2871,29591,47840,0
2872,62166,17451,0
2873,35322,67349,0
2874,59365,49336,0
2875,25554,11574,0
2876,5605,30569,0
2877,56485,11552,0
2878,65293,55699,0
2879,65134,30532,0
2880,37584,23650,0
2881,17504,59538,0
2882,27158,7621,0
2883,34153,43058,0
2884,7942,56158,0
2885,5089,62531,0
2886,5687,63913,0
2887,66015,61903,0
2888,17015,42440,0
2889,44035,22638,0
2890,44755,3049,0
2891,16007,62351,0
2892,31452,18521,0
2893,42140,46083,0
2894,12246,24801,0
2895,46732,37462,0
2896,24185,46019,0
2897,56912,39805,0
2898,67655,31089,0
2899,2140,18355,0
2900,15912,36187,0
2901,40662,66146,0
2902,42202,65763,0
2903,45823,19408,0
2904,15679,21879,0
2905,10691,56264,0
2906,51963,42436,0
2907,19280,50686,0
2908,13250,30649,0
2909,42316,57420,0
2910,43903,20311,0
2911,41417,27460,0
2912,741,43744,0
2913,66563,41485,0
2914,66537,27548,0
2915,11442,37220,0
2916,25480,22735,0
2917,63903,56448,0
2918,60,19986,0
2919,56939,39649,0
2920,31479,16773,0
2921,49895,4768,0
2922,23509,50683,0
2923,54887,37641,0
2924,34981,52830,0
2925,21000,12395,0
2926,3260,36301,0
2927,59280,43341,0
2928,41679,52867,0
2929,8839,21062,0
2930,64367,7783,0
2931,16272,42171,0
2932,34202,48619,0
2933,2768,42610,0
2934,3793,15602,0
2935,11643,58661,0
2936,41377,65063,0
2937,21,27306,0
2938,63284,12937,0
2939,56831,60096,0
2940,4640,41908,0
2941,4149,10179,0
2942,20041,37250,0
2943,58997,26877,0
2944,28566,62331,0
2945,34839,54097,0
2946,58584,66584,0
2947,62081,33305,0
2948,50714,19929,0
2949,29981,1408,0
2950,55339,36056,0
2951,17284,65093,0
2952,55356,17950,0
2953,30582,46386,0
2954,68136,52088,0
2955,53653,39338,0
2956,22241,36848,0
2957,26506,41819,0
2958,67770,44983,0
2959,54689,25419,0
2960,32206,6377,0
2961,51090,35861,0
2962,15258,67810,0
2963,30078,62287,0
2964,34703,66287,0
2965,20014,15996,0
2966,11099,40881,0
2967,46071,27457,0
2968,8611,67079,0
2969,50779,6552,0
2970,13018,17126,0
2971,4315,7759,0
2972,62233,58422,0
2973,26191,37248,0
2974,54169,31871,0
2975,54929,14808,0
2976,9742,21251,0
2977,20955,45714,0
2978,1805,5416,0
2979,6129,28250,0
2980,5454,35268,0
2981,61591,5998,0
2982,12298,61977,0
2983,9175,38570,0
2984,58035,38576,0
2985,28064,11278,0
2986,22828,30238,0
2987,13218,60398,0
2988,30976,57431,0
2989,14819,33520,0
2990,11220,48016,0
2991,47488,26043,0
2992,64174,41753,0
2993,32707,2796,0
2994,57951,17003,0
2995,7158,41482,0
2996,66004,55020,0
2997,41104,10135,0
2998,42302,7734,0
2999,23770,9455,0
3000,66637,63317,0
3001,38990,20086,0
3002,23884,66454,0
3003,30229,63895,0
3004,7023,489,0
3005,7334,32410,0
3006,11185,36528,0
3007,19225,6891,0
3008,36012,25596,0
3009,59803,32718,0
3010,39226,38138,0
3011,39606,10799,0
3012,36619,53954,0
3013,55693,40506,0
3014,59956,4630,0
3015,65068,20907,0
3016,31631,36403,0
3017,42836,8623,0
3018,40637,60297,0
3019,51891,64056,0
3020,22572,11868,0
3021,26703,20844,0
3022,61469,15705,0
3023,45458,12034,0
3024,55082,66423,0
3025,39085,65675,0
3026,37395,19916,0
3027,40394,34504,0
3028,47888,26693,0
3029,43370,17617,0
3030,58415,46535,0
3031,60506,21839,0
3032,44834,33581,0
3033,33970,60667,0
3034,19401,27615,0
3035,64023,15974,0
3036,27588,52880,0
3037,6527,5276,0
3038,30922,26271,0
3039,43662,64254,0
3040,20550,44554,0
3041,60945,50453,0
3042,59038,12890,0
3043,905,49668,0
3044,37657,57350,0
3045,56288,29023,0
3046,41587,28800,0
3047,30363,37813,0
3048,26492,49359,0
3049,53180,6185,0
3050,16173,53970,0
3051,15039,59385,0
3052,42676,55340,0
3053,32154,26206,0
3054,58737,64357,0
3055,6750,3726,0
3056,35019,37690,0
3057,2013,36907,0
3058,50226,54342,0
3059,54578,10690,0
3060,6619,58373,0
3061,7047,63130,0
3062,62963,35971,0
3063,20237,43480,0
3064,62631,7980,0
3065,66572,24152,0
3066,60557,3872,0
3067,56602,15632,0
3068,446,53640,0
3069,16550,34414,0
3070,12455,30107,0
3071,28859,27367,0
3072,54862,57738,0
3073,22197,50976,0
3074,39060,47734,0
3075,39532,23859,0
3076,38386,17733,0
3077,7372,17354,0
3078,64057,23128,0
3079,31499,47960,0
3080,66154,4029,0
3081,1251,46854,0
3082,59299,59019,0
3083,65230,25108,0
3084,21614,31828,0
3085,492,39306,0
3086,49357,42819,0
3087,36607,37571,0
3088,17672,2015,0
3089,23426,34842,0
3090,16061,56693,0
3091,48074,1945,0
3092,15745,18784,0
3093,14366,2204,0
3094,20163,34262,0
3095,28707,42871,0
3096,49382,18047,0
3097,28337,40672,0
3098,24428,7391,0
3099,64190,40650,0
3100,36861,20460,0
3101,50459,49634,0
3102,1370,39909,0
3103,60085,54496,0
3104,45310,18145,0
3105,42590,4200,0
3106,33046,32762,0
3107,54045,33466,0
3108,28689,43881,0
3109,31142,29111,0
3110,62093,60292,0
3111,35301,31945,0
3112,45893,47780,0
3113,6811,42646,0
3114,17133,57472,0
3115,36544,41227,0
3116,9888,67126,0
3117,10182,23039,0
3118,19641,32838,0
3119,34075,46468,0
3120,31372,44850,0
3121,36276,15006,0
3122,59186,18023,0
3123,1533,66461,0
3124,15636,65996,0
3125,14435,49367,0
3126,52391,60166,0
3127,33245,11279,0
3128,59299,32846,0
3129,49221,33280,0
3130,48721,23579,0
3131,6203,41698,0
3132,2842,45201,0
3133,9106,29225,0
3134,57851,56036,0
3135,8183,42362,0
3136,55379,11714,0
3137,59829,53937,0
3138,3112,58610,0
3139,23852,19952,0
3140,31754,43721,0
3141,41469,21311,0
3142,53529,33555,0
3143,68229,64764,0
3144,60475,48543,0
3145,3908,61068,0
3146,10829,48515,0
3147,63362,45663,0
3148,45660,51015,0
3149,67097,5775,0
3150,45173,11848,0
3151,55297,24816,0
3152,18944,20432,0
3153,23896,49505,0
3154,15546,57630,0
3155,23448,28129,0
3156,64648,36527,0
3157,52559,58867,0
3158,34579,21411,0
3159,54334,13019,0
3160,5712,12376,0
3161,703,39133,0
3162,63915,38543,0
3163,62891,12349,0
3164,11303,20059,0
3165,39756,57753,0
3166,55597,10193,0
3167,8647,33000,0
3168,17077,3912,0
3169,47421,47914,0
3170,3590,15719,0
3171,36120,24609,0
3172,45001,56429,0
3173,12847,48216,0
3174,56442,26053,0
3175,60543,9083,0
3176,65276,18999,0
3177,48084,3091,0
3178,58534,43244,0
3179,54931,48275,0
3180,66276,25212,0
3181,18710,16245,0
3182,26154,7462,0
3183,45976,11941,0
3184,9442,65911,0
3185,61362,11324,0
3186,3052,13648,0
3187,5267,1674,0
3188,45347,6003,0
3189,42246,50400,0
3190,23649,52010,0
3191,29525,41445,0
3192,11966,61366,0
3193,11284,62234,0
3194,40948,40357,0
3195,55832,39362,0
3196,39295,5264,0
3197,64717,50991,0
3198,2990,32491,0
3199,21793,28958,0
3200,38635,54832,0
3201,42117,5582,0
3202,45328,2384,0
3203,65573,7463,0
3204,51053,22726,0
3205,32997,31941,0
3206,56898,48475,0
3207,27429,2690,0
3208,45281,45218,0
3209,17397,45199,0
3210,1586,29311,0
3211,6995,45276,0
3212,43487,59768,0
3213,24483,23617,0
3214,55851,75,0
3215,3663,8984,0
3216,29538,30775,0
3217,23572,55611,0
3218,40003,56197,0
3219,42712,9171,0
3220,393,656,0
3221,13695,61942,0
3222,66917,61430,0
3223,9753,49050,0
3224,9484,39334,0
3225,6073,24549,0
3226,44621,42652,0
3227,25107,65856,0
3228,19135,2827,0
3229,47306,43737,0
3230,65648,54335,0
3231,16850,5807,0
3232,47757,34298,0
3233,64483,3662,0
3234,26591,52265,0
3235,14068,47397,0
3236,29490,29095,0
3237,1870,61312,0
3238,54266,48073,0
3239,67405,35990,0
3240,58431,52170,0
3241,46805,56413,0
3242,24743,24474,0
3243,3821,27424,0
3244,43944,12388,0
3245,6989,36255,0
3246,53129,13904,0
3247,62895,6430,0
3248,8285,30121,0
3249,27732,3858,0
3250,45733,5363,0
3251,9934,47201,0
3252,45007,48458,0
3253,53430,52073,0
3254,39364,53323,0
3255,14471,60571,0
3256,15822,8541,0
3257,24141,53273,0
3258,43234,11066,0
3259,33939,66200,0
3260,24935,27278,0
3261,30386,29764,0
3262,45588,42752,0
3263,16683,57940,0
3264,19641,7653,0
3265,64542,21595,0
3266,14286,15125,0
3267,49686,16681,0
3268,59188,42368,0
3269,2544,14272,0
3270,32177,11092,0
3271,16064,15615,0
3272,5058,40615,0
3273,8757,24999,0
3274,27751,32348,0
3275,5550,48778,0
3276,60916,16630,0
3277,40385,12052,0
3278,18964,63327,0
3279,55393,25402,0
3280,26417,12692,0
3281,21668,5654,0
3282,32928,5004,0
3283,48665,15287,0
3284,50714,30276,0
3285,68323,21609,0
3286,55558,30357,0
3287,4839,35677,0
3288,13073,15843,0
3289,23001,6068,0
3290,31929,46164,0
3291,41675,14826,0
3292,3787,17366,0
3293,34080,8238,0
3294,67631,19391,0
3295,18440,53428,0
3296,64808,10325,0
3297,46776,65717,0
3298,17644,63313,0
3299,22995,6043,0
3300,63790,28995,0
3301,30419,55636,0
3302,49729,33161,0
3303,1070,4769,0
3304,60218,5516,0
3305,56294,38192,0
3306,28749,12400,0
3307,33136,55801,0
3308,47630,40642,0
3309,63660,4321,0
3310,45693,38325,0
3311,65575,9492,0
3312,47975,50183,0
3313,8617,55781,0
3314,15890,54548,0
3315,4635,34762,0
3316,21941,3523,0
3317,19259,48234,0
3318,46464,17034,0
3319,45537,48393,0
3320,9154,47447,0
3321,54062,61398,0
3322,32343,27999,0
3323,31912,64336,0
3324,32341,65410,0
3325,66542,18344,0
3326,17795,33720,0
3327,49311,48168,0
3328,22178,65142,0
3329,13429,12741,0
3330,62768,68048,0
3331,6361,7224,0
3332,56198,58789,0
3333,67193,20538,0
3334,23867,6527,0
3335,14599,34374,0
3336,64654,22376,0
3337,38499,33414,0
3338,8893,19306,0
3339,67405,57246,0
3340,42923,23958,0
3341,8692,56894,0
3342,64032,45784,0
3343,20651,34015,0
3344,45010,7355,0
3345,28023,27259,0
3346,55112,40155,0
3347,20900,24023,0
3348,30772,67497,0
3349,14474,9899,0
3350,67207,26963,0
3351,3813,20385,0
3352,17509,36111,0
3353,640,35363,0
3354,27922,9933,0
3355,43285,66213,0
3356,10799,6384,0
3357,25322,47447,0
3358,4273,43086,0
3359,38856,12720,0
3360,10049,2799,0
3361,29875,3229,0
3362,45978,10992,0
3363,39741,41494,0
3364,62723,34788,0
3365,35682,46077,0
3366,8888,57600,0
3367,4342,11804,0
3368,25970,40849,0
3369,8897,20999,0
3370,25646,31371,0
3371,40478,41852,0
3372,65625,47954,0
3373,17497,26106,0
3374,54488,39594,0
3375,60430,53532,0
3376,12029,11371,0
3377,47773,2589,0
3378,40349,46881,0
3379,50213,3482,0
3380,46453,53429,0
3381,3412,3872,0
3382,16402,48853,0
3383,61380,33393,0
3384,43619,64960,0
3385,5242,44995,0
3386,2355,55582,0
3387,5971,17445,0
3388,54867,50190,0
3389,921,45179,0
3390,45589,44630,0
3391,27507,36796,0
3392,49372,21940,0
3393,39883,43967,0
3394,34835,4982,0
3395,65609,32795,0
3396,36004,52900,0
3397,32251,30599,0
3398,267,13449,0
3399,18602,1728,0
3400,42407,61485,0
3401,11841,16454,0
3402,11144,64692,0
3403,23645,46935,0
3404,60465,33043,0
3405,48762,41136,0
3406,49285,34998,0
3407,62118,42814,0
3408,65036,41263,0
3409,36303,36779,0
3410,57411,12230,0
3411,28518,24256,0
3412,55154,35960,0
3413,46319,24182,0
3414,49018,11057,0
3415,17660,63630,0
3416,37341,4226,0
3417,10380,25933,0
3418,25291,43336,0
3419,44082,25376,0
3420,16733,50354,0
3421,65857,21550,0
3422,16708,36451,0
3423,39520,33187,0
3424,571,35261,0
3425,27455,54456,0
3426,2643,66875,0
3427,8965,38988,0
3428,59545,51000,0
3429,44038,21517,0
3430,37430,27465,0
3431,56422,36984,0
3432,490,3892,0
3433,33860,21366,0
3434,24030,64915,0
3435,33051,42729,0
3436,10821,36760,0
3437,33469,17892,0
3438,5891,33224,0
3439,34000,38471,0
3440,3054,55143,0
3441,8022,51042,0
3442,12663,48633,0
3443,49886,12955,0
3444,5804,57713,0
3445,27572,3484,0
3446,65650,37752,0
3447,10395,61997,0
3448,39445,51620,0
3449,43779,60938,0
3450,27663,67023,0
3451,62715,36058,0
3452,27894,60249,0
3453,66334,40418,0
3454,33887,25744,0
3455,53821,134,0
3456,23399,66471,0
3457,26136,2497,0
3458,40733,10272,0
3459,9572,40178,0
3460,39273,1409,0
3461,8984,9809,0
3462,43661,24593,0
3463,42508,42885,0
3464,20231,17433,0
3465,45305,6360,0
3466,12081,3829,0
3467,13704,46607,0
3468,46718,27621,0
3469,4342,56462,0
3470,45892,45825,0
3471,28201,9825,0
3472,18971,51740,0
3473,36384,25493,0
3474,22660,36782,0
3475,54723,59032,0
3476,55974,19475,0
3477,51108,21125,0
3478,65173,4019,0
3479,23663,15023,0
3480,44457,24073,0
3481,57943,51912,0
3482,49221,30732,0
3483,21888,35840,0
3484,50242,35206,0
3485,33146,20592,0
3486,4599,18845,0
3487,31306,57212,0
3488,11202,26896,0
3489,557,47507,0
3490,19488,44795,0
3491,40292,53162,0
3492,18807,54422,0
3493,62950,52180,0
3494,15577,34228,0
3495,62815,13142,0
3496,24883,48729,0
3497,66415,16759,0
3498,19939,1701,0
3499,62158,32810,0
3500,65098,35801,0
3501,59187,51220,0
3502,52558,41685,0
3503,19732,44144,0
3504,23402,45293,0
3505,1449,41521,0
3506,25137,65945,0
3507,54156,22775,0
3508,43461,21649,0
3509,56896,43809,0
3510,67004,47973,0
3511,21208,51212,0
3512,33606,5421,0
3513,30204,21308,0
3514,6487,7426,0
3515,19190,45702,0
3516,21846,33797,0
3517,32715,65915,0
3518,42970,13918,0
3519,27637,13924,0
3520,5140,57885,0
3521,64348,39785,0
3522,58072,31424,0
3523,6338,36372,0
3524,29532,18943,0
3525,4862,47675,0
3526,58526,10108,0
3527,44298,17046,0
3528,824,34910,0
3529,1379,7515,0
3530,3849,47515,0
3531,27300,55578,0
3532,45141,62301,0
3533,57217,14091,0
3534,64672,51738,0
3535,586,858,0
3536,48187,35159,0
3537,1638,63934,0
3538,30691,49408,0
3539,6120,45361,0
3540,38023,65769,0
3541,43717,16019,0
3542,3685,244,0
3543,39865,33473,0
3544,41787,14582,0
3545,66308,65865,0
3546,6762,63579,0
3547,17623,39467,0
3548,58687,55844,0
3549,18881,45236,0
3550,18199,46552,0
3551,56702,42388,0
3552,23912,25994,0
3553,8333,35874,0
3554,22127,18316,0
3555,58896,23895,0
3556,64655,53433,0
3557,40539,1182,0
3558,684,25229,0
3559,9141,50040,0
3560,62987,50522,0
3561,43711,51791,0
3562,42707,43732,0
3563,55863,21830,0
3564,36476,24882,0
3565,8964,58868,0
3566,67109,66416,0
3567,38314,54940,0
3568,62337,67036,0
3569,63782,7541,0
3570,17338,3293,0
3571,25303,35766,0
3572,32915,24210,0
3573,19347,21534,0
3574,37567,7086,0
3575,22016,31789,0
3576,28078,39803,0
3577,62561,52150,0
3578,9981,16602,0
3579,56579,17649,0
3580,40955,47114,0
3581,53141,312,0
3582,11497,46907,0
3583,65623,20802,0
3584,10734,37897,0
3585,46274,25478,0
3586,23851,16404,0
3587,26216,46503,0
3588,17232,46492,0
3589,16066,19746,0
3590,58436,20846,0
3591,26268,20178,0
3592,37848,38960,0
3593,13085,25655,0
3594,54175,58358,0
3595,19845,57882,0
3596,7617,17739,0
3597,14001,19840,0
3598,12203,19419,0
3599,25658,30844,0
3600,57387,55162,0
3601,49246,40688,0
3602,3042,1716,0
3603,13662,60503,0
3604,63699,40593,0
3605,19603,24254,0
3606,36672,53585,0
3607,13513,52574,0
3608,59206,7649,0
3609,45917,29771,0
3610,806,9445,0
3611,40764,55344,0
3612,1116,44243,0
3613,25857,25188,0
3614,16980,40649,0
3615,24290,57845,0
3616,59219,8880,0
3617,66959,40428,0
3618,36124,66199,0
3619,49126,29160,0
3620,52621,43729,0
3621,3779,22831,0
3622,4413,2391,0
3623,1239,26734,0
3624,64899,16855,0
3625,28977,5317,0
3626,20760,59235,0
3627,68328,23824,0
3628,11442,28324,0
3629,49628,44577,0
3630,66954,35768,0
3631,1276,22431,0
3632,53325,59844,0
3633,1462,28762,0
3634,10309,48262,0
3635,40890,42547,0
3636,31812,38583,0
3637,46125,5158,0
3638,61294,44203,0
3639,58001,41122,0
3640,28440,23685,0
3641,46651,37620,0
3642,34862,42765,0
3643,4073,16709,0
3644,50244,51971,0
3645,63589,38277,0
3646,21047,35128,0
3647,11247,36648,0
3648,67248,66910,0
3649,12844,23153,0
3650,54432,36247,0
3651,41081,16776,0
3652,43404,38385,0
3653,65754,30070,0
3654,5894,16650,0
3655,285,24315,0
3656,680,22445,0
3657,27415,45664,0
3658,44711,24257,0
3659,18284,5658,0
3660,31974,41663,0
3661,7941,60721,0
3662,23059,43580,0
3663,19563,29405,0
3664,1938,25652,0
3665,10280,31568,0
3666,1760,53579,0
3667,39381,9802,0
3668,5230,63716,0
3669,21218,14385,0
3670,12173,60622,0
3671,54456,45308,0
3672,42508,43913,0
3673,38489,64658,0
3674,12368,54344,0
3675,9220,57350,0
3676,67830,61463,0
3677,52566,62595,0
3678,59865,25541,0
3679,38773,53404,0
3680,27777,45866,0
3681,51801,38222,0
3682,31116,47522,0
3683,54323,30465,0
3684,12943,23664,0
3685,65153,13637,0
3686,36597,48765,0
3687,21258,23597,0
3688,5066,59414,0
3689,18998,9986,0
3690,44470,25177,0
3691,1897,45343,0
3692,45588,30600,0
3693,58268,38943,0
3694,47508,5105,0
3695,38887,7260,0
3696,2996,51054,0
3697,50066,34333,0
3698,40824,3893,0
3699,54062,67529,0
3700,35160,37020,0
3701,49440,6997,0
3702,6588,43038,0
3703,31927,41839,0
3704,29618,29585,0
3705,57713,66253,0
3706,58085,41854,0
3707,54084,6323,0
3708,26828,38465,0
3709,57388,20313,0
3710,58725,24588,0
3711,49373,18642,0
3712,8342,17906,0
3713,65359,20569,0
3714,40487,55165,0
3715,23890,11161,0
3716,8968,17979,0
3717,7990,50236,0
3718,8756,49200,0
3719,44471,51448,0
3720,54835,66305,0
3721,26740,78,0
3722,41092,7460,0
3723,14340,19369,0
3724,57168,1022,0
3725,32851,33431,0
3726,12318,28411,0
3727,3748,30745,0
3728,37342,59960,0
3729,2233,3115,0
3730,48232,5959,0
3731,36180,23831,0
3732,29693,28296,0
3733,66242,7823,0
3734,17402,65303,0
3735,24338,24767,0
3736,36751,37886,0
3737,42805,20610,0
3738,47549,40343,0
3739,21193,29882,0
3740,57811,55043,0
3741,13429,61741,0
3742,19395,20418,0
3743,63675,37540,0
3744,30737,20471,0
3745,1212,18657,0
3746,48666,26095,0
3747,47478,27918,0
3748,53850,8998,0
3749,20745,38334,0
3750,42488,48364,0
3751,2320,56438,0
3752,28343,37934,0
3753,38409,50336,0
3754,33697,60547,0
3755,56162,61684,0
3756,48545,20736,0
3757,50735,57415,0
3758,11493,55781,0
3759,28637,57294,0
3760,51916,40020,0
3761,22026,53268,0
3762,65500,26392,0
3763,45052,42082,0
3764,59592,55681,0
3765,122,52150,0
3766,45264,62838,0
3767,40144,47867,0
3768,58670,55516,0
3769,12163,13780,0
3770,43781,40517,0
3771,17300,28487,0
3772,1909,26110,0
3773,38378,43052,0
3774,59234,10136,0
3775,56104,7908,0
3776,10808,42564,0
3777,25513,37721,0
3778,44860,16386,0
3779,19015,50168,0
3780,45829,49719,0
3781,27788,58861,0
3782,34172,11803,0
3783,40027,27693,0
3784,55752,28150,0
3785,8486,12423,0
3786,55773,47264,0
3787,51927,24389,0
3788,4287,11743,0
3789,46827,62189,0
3790,67448,7593,0
3791,49575,60812,0
3792,47532,1553,0
3793,11520,9565,0
3794,28641,35666,0
3795,44006,4274,0
3796,65757,18030,0
3797,66051,10068,0
3798,54255,42007,0
3799,1867,5749,0
3800,19850,26140,0
3801,34202,13969,0
3802,31047,61892,0
3803,34108,32868,0
3804,42820,44558,0
3805,20460,1520,0
3806,50269,3601,0
3807,10800,35471,0
3808,1379,47530,0
3809,30921,56708,0
3810,28673,7881,0
3811,37882,62051,0
3812,36870,53955,0
3813,33284,62953,0
3814,51409,60395,0
3815,13032,10841,0
3816,24962,18170,0
3817,34586,52089,0
3818,39868,58440,0
3819,60545,30439,0
3820,20039,1430,0
3821,39728,24430,0
3822,37938,18300,0
3823,32258,50939,0
3824,42037,9635,0
3825,45106,14283,0
3826,55241,16278,0
3827,28797,36707,0
3828,15835,42939,0
3829,18006,10818,0
3830,52017,48076,0
3831,34108,32458,0
3832,43726,39783,0
3833,250,45669,0
3834,32874,6580,0
3835,52568,15609,0
3836,12183,59961,0
3837,22650,38986,0
3838,47989,65676,0
3839,55686,62775,0
3840,60592,42885,0
3841,17325,61075,0
3842,39944,53613,0
3843,20400,6477,0
3844,35013,55453,0
3845,59227,68187,0
3846,8599,5499,0
3847,23737,46882,0
3848,55198,16073,0
3849,43517,8790,0
3850,33781,26789,0
3851,40404,30207,0
3852,4185,18737,0
3853,17115,1616,0
3854,52382,20344,0
3855,18609,11229,0
3856,20267,52736,0
3857,42104,67802,0
3858,53147,7954,0
3859,2374,61449,0
3860,27254,62156,0
3861,27121,12501,0
3862,35678,34869,0
3863,64539,59439,0
3864,62239,52390,0
3865,18356,23079,0
3866,45834,43279,0
3867,61803,50053,0
3868,33063,1286,0
3869,8844,20929,0
3870,19526,52207,0
3871,42165,59661,0
3872,49830,28004,0
3873,61142,8185,0
3874,38832,20263,0
3875,67052,9222,0
3876,7752,8649,0
3877,22129,9364,0
3878,1655,11612,0
3879,61240,24167,0
3880,1305,32197,0
3881,28433,38090,0
3882,33631,61604,0
3883,883,15653,0
3884,23711,49650,0
3885,40128,30491,0
3886,48325,12212,0
3887,61943,38058,0
3888,66687,17827,0
3889,37391,20562,0
3890,8804,34854,0
3891,7185,21140,0
3892,15471,43119,0
3893,43575,15293,0
3894,48030,13810,0
3895,34434,10529,0
3896,24941,59586,0
3897,67306,66068,0
3898,51169,28296,0
3899,22871,48335,0
3900,59191,47764,0
3901,43754,54401,0
3902,30355,3996,0
3903,3677,9706,0
3904,24335,53287,0
3905,5086,35025,0
3906,28088,41101,0
3907,16044,10466,0
3908,7462,39618,0
3909,12102,23218,0
3910,57123,40304,0
3911,49547,41015,0
3912,52847,8182,0
3913,28990,8608,0
3914,58136,17196,0
3915,51328,3658,0
3916,42503,57314,0
3917,23748,63299,0
3918,58975,16268,0
3919,57212,42624,0
3920,9713,53283,0
3921,12154,39469,0
3922,56215,61620,0
3923,8505,60194,0
3924,23994,43565,0
3925,31200,5060,0
3926,13172,7684,0
3927,65544,18004,0
3928,41032,4297,0
3929,61623,68179,0
3930,28223,37286,0
3931,32988,62931,0
3932,61013,19529,0
3933,33314,6512,0
3934,62195,67806,0
3935,54845,44433,0
3936,34074,30976,0
3937,37085,38731,0
3938,60698,37181,0
3939,10764,39947,0
3940,66151,43703,0
3941,28962,29629,0
3942,30316,41368,0
3943,16623,34118,0
3944,33639,66255,0
3945,31095,23958,0
3946,30512,38441,0
3947,35296,21896,0
3948,9555,19774,0
3949,32434,12612,0
3950,63775,50667,0
3951,24661,16557,0
3952,10594,32733,0
3953,8343,56022,0
3954,55036,37736,0
3955,59349,60811,0
3956,47820,20986,0
3957,40828,213,0
3958,51847,54288,0
3959,32923,48578,0
3960,10797,32344,0
3961,56893,18002,0
3962,26314,63879,0
3963,62904,36888,0
3964,22885,56881,0
3965,41260,26401,0
3966,10402,11644,0
3967,1372,30493,0
3968,35010,1334,0
3969,60658,34095,0
3970,24595,50461,0
3971,3080,31641,0
3972,33721,9982,0
3973,53366,41757,0
3974,67097,46735,0
3975,49627,27603,0
3976,12505,42816,0
3977,3985,19117,0
3978,37620,66796,0
3979,10995,2947,0
3980,63840,66412,0
3981,63920,13001,0
3982,34975,26184,0
3983,1435,54219,0
3984,44722,36151,0
3985,50203,25025,0
3986,833,18651,0
3987,46611,40251,0
3988,20400,31458,0
3989,61912,40168,0
3990,44888,36055,0
3991,63868,25084,0
3992,37470,45005,0
3993,4814,25747,0
3994,40773,55725,0
3995,19772,6150,0
3996,68374,27790,0
3997,35140,28208,0
3998,4974,42303,0
3999,37475,9151,0
4000,18368,27029,0
4001,43590,46098,0
4002,29996,42689,0
4003,19060,47496,0
4004,50950,24645,0
4005,41173,53305,0
4006,11657,65926,0
4007,25604,48426,0
4008,20629,11389,0
4009,34592,47415,0
4010,30646,39782,0
4011,14022,31399,0
4012,5712,44129,0
4013,54155,35406,0
4014,29388,37702,0
4015,48986,35040,0
4016,33614,27885,0
4017,57171,11311,0
4018,12143,2977,0
4019,67942,35067,0
4020,15702,31526,0
4021,35451,2820,0
4022,53035,13637,0
4023,639,17449,0
4024,2334,37982,0
4025,32851,67345,0
4026,7445,17318,0
4027,33698,9737,0
4028,9689,29817,0
4029,49411,58958,0
4030,46356,45225,0
4031,11153,32137,0
4032,56427,51080,0
4033,41535,5637,0
4034,37854,14030,0
4035,29687,3539,0
4036,61569,10098,0
4037,23887,483,0
4038,1818,21880,0
4039,51492,28231,0
4040,58217,20794,0
4041,9041,18397,0
4042,4809,58446,0
4043,38621,36746,0
4044,16023,49304,0
4045,45598,21324,0
4046,38341,60099,0
4047,2461,937,0
4048,395,47901,0
4049,26637,48561,0
4050,50577,18586,0
4051,10032,21635,0
4052,16667,47013,0
4053,65950,17566,0
4054,28509,38207,0
4055,58041,21814,0
4056,29389,12224,0
4057,54567,9792,0
4058,63975,59834,0
4059,27429,5925,0
4060,46902,17020,0
4061,59250,13092,0
4062,19468,45504,0
4063,40792,32102,0
4064,66430,51657,0
4065,27086,17900,0
4066,50355,30765,0
4067,36896,32,0
4068,32671,30202,0
4069,16476,22797,0
4070,57935,33868,0
4071,68376,21498,0
4072,5070,36560,0
4073,16102,4679,0
4074,49937,43061,0
4075,53229,55118,0
4076,6965,52225,0
4077,14130,36590,0
4078,8997,66776,0
4079,55347,57578,0
4080,10772,19289,0
4081,55293,21354,0
4082,29996,19521,0
4083,25537,58702,0
4084,52139,66213,0
4085,58736,67905,0
4086,63321,23195,0
4087,47965,25861,0
4088,67095,49009,0
4089,31222,58956,0
4090,44273,29782,0
4091,25187,37359,0
4092,8265,38360,0
4093,8188,64739,0
4094,34476,27684,0
4095,5781,1201,0
4096,690,42560,0
4097,4826,20648,0
4098,3789,14636,0
4099,47693,54911,0
4100,42021,33124,0
4101,25568,12628,0
4102,12749,46213,0
4103,14769,29459,0
4104,931,54269,0
4105,42652,16897,0
4106,64565,9744,0
4107,67535,31325,0
4108,30351,60603,0
4109,398,4223,0
4110,58892,32979,0
4111,13017,38505,0
4112,21742,33785,0
4113,20621,31566,0
4114,53815,7953,0
4115,21283,42610,0
4116,61496,34098,0
4117,39051,9842,0
4118,49313,50991,0
4119,253,10095,0
4120,34273,13670,0
4121,61691,61237,0
4122,54825,40156,0
4123,47990,46781,0
4124,19728,270,0
4125,17863,24311,0
4126,47856,3807,0
4127,15584,38152,0
4128,50038,42665,0
4129,12372,47454,0
4130,54787,398,0
4131,25057,50622,0
4132,63017,32956,0
4133,56500,63654,0
4134,36761,19246,0
4135,45892,53616,0
4136,43628,60234,0
4137,37021,8637,0
4138,44782,14785,0
4139,5027,12814,0
4140,58025,23606,0
4141,64373,54768,0
4142,15698,53420,0
4143,723,55526,0
4144,58731,27819,0
4145,6496,58522,0
4146,57536,42196,0
4147,4715,62003,0
4148,63226,47974,0
4149,43484,66013,0
4150,42193,28290,0
4151,29476,23624,0
4152,26266,52992,0
4153,66701,67239,0
4154,47094,9122,0
4155,61551,44425,0
4156,30888,63285,0
4157,14871,24491,0
4158,56396,5191,0
4159,57166,47175,0
4160,52920,32491,0
4161,19706,7762,0
4162,26164,29885,0
4163,55621,58702,0
4164,11473,40340,0
4165,41656,49857,0
4166,61570,25881,0
4167,13820,14088,0
4168,49617,55577,0
4169,60382,36325,0
4170,2195,46606,0
4171,16198,60100,0
4172,67849,11050,0
4173,57507,49240,0
4174,52651,59105,0
4175,42983,9334,0
4176,16195,8449,0
4177,54721,29933,0
4178,2677,13192,0
4179,10192,13921,0
4180,43880,5354,0
4181,33335,67071,0
4182,55666,13561,0
4183,7445,21930,0
4184,61687,18336,0
4185,39708,37141,0
4186,40722,16630,0
4187,60356,33107,0
4188,52242,16405,0
4189,31972,40431,0
4190,8807,17820,0
4191,4527,37126,0
4192,57851,9455,0
4193,31437,27185,0
4194,61197,54538,0
4195,40402,46571,0
4196,32556,47070,0
4197,59638,57888,0
4198,22025,995,0
4199,43401,60305,0
4200,42980,39314,0
4201,41045,11266,0
4202,36501,58783,0
4203,23169,44544,0
4204,58564,19255,0
4205,7583,18771,0
4206,7957,16689,0
4207,11282,64401,0
4208,3590,65782,0
4209,62838,22353,0
4210,44670,59612,0
4211,28373,62357,0
4212,16800,36344,0
4213,55237,41565,0
4214,22500,4827,0
4215,13826,48717,0
4216,21643,64894,0
4217,33502,1393,0
4218,17022,4181,0
4219,55503,39832,0
4220,45041,45739,0
4221,45940,55914,0
4222,64959,7226,0
4223,37769,20770,0
4224,57887,66762,0
4225,8812,19616,0
4226,8222,41951,0
4227,44348,2626,0
4228,8165,32279,0
4229,54790,21845,0
4230,34765,25105,0
4231,6720,66877,0
4232,52931,23865,0
4233,61948,43529,0
4234,26982,45815,0
4235,61696,34002,0
4236,52860,18552,0
4237,47954,35708,0
4238,44822,11853,0
4239,67552,33501,0
4240,37768,24757,0
4241,35669,50208,0
4242,10854,47949,0
4243,42877,48157,0
4244,38675,55252,0
4245,18961,57632,0
4246,56077,11232,0
4247,52222,4917,0
4248,58307,47767,0
4249,21960,31264,0
4250,8688,59898,0
4251,61529,61275,0
4252,23888,5391,0
4253,37802,6202,0
4254,37413,8630,0
4255,50066,37352,0
4256,41263,17445,0
4257,47191,35677,0
4258,41259,44229,0
4259,21086,27706,0
4260,47938,47497,0
4261,65851,15299,0
4262,21630,13839,0
4263,15649,62626,0
4264,55779,43580,0
4265,34273,27984,0
4266,33474,12558,0
4267,64253,20230,0
4268,12154,14693,0
4269,14068,32618,0
4270,38289,13391,0
4271,5596,4333,0
4272,21511,9884,0
4273,36302,42346,0
4274,57732,46000,0
4275,11590,46655,0
4276,23677,43660,0
4277,5950,28830,0
4278,33971,52033,0
4279,1753,11361,0
4280,40289,1243,0
4281,55769,32713,0
4282,13413,54973,0
4283,22527,19986,0
4284,11896,1055,0
4285,63457,22712,0
4286,18360,35209,0
4287,12006,18803,0
4288,35573,22468,0
4289,10069,25965,0
4290,22127,18928,0
4291,24136,8969,0
4292,43954,29440,0
4293,57242,64687,0
4294,21538,54369,0
4295,18111,23261,0
4296,62627,5239,0
4297,49350,51680,0
4298,5189,6913,0
4299,3034,65842,0
4300,25245,13703,0
4301,56200,19504,0
4302,43699,48152,0
4303,22233,38877,0
4304,42994,5908,0
4305,1596,9399,0
4306,39044,25696,0
4307,38232,10390,0
4308,16455,29861,0
4309,45819,46706,0
4310,39766,4788,0
4311,10522,21765,0
4312,45299,54737,0
4313,17278,67534,0
4314,8920,51648,0
4315,15971,26350,0
4316,60134,44334,0
4317,56887,23820,0
4318,36410,57872,0
4319,29833,47528,0
4320,64253,20893,0
4321,57001,59250,0
4322,33576,55009,0
4323,23548,39688,0
4324,31716,7899,0
4325,33072,25681,0
4326,15330,11093,0
4327,11899,36850,0
4328,27039,25498,0
4329,50748,8119,0
4330,41232,46740,0
4331,14670,52592,0
4332,13045,28110,0
4333,2825,54381,0
4334,16483,51351,0
4335,1993,62933,0
4336,47413,23046,0
4337,23546,6727,0
4338,47194,21101,0
4339,14635,23726,0
4340,59752,16526,0
4341,31297,20138,0
4342,56515,16134,0
4343,40759,2618,0
4344,15668,8671,0
4345,210,13314,0
4346,64662,30394,0
4347,22172,52903,0
4348,23735,24115,0
4349,55640,31294,0
4350,12050,34031,0
4351,36688,30341,0
4352,35594,34655,0
4353,55322,37962,0
4354,12350,65850,0
4355,1745,4635,0
4356,36845,34782,0
4357,40813,54619,0
4358,54760,42911,0
4359,47234,47854,0
4360,42716,22731,0
4361,34915,4657,0
4362,11916,56009,0
4363,51451,11790,0
4364,50761,66123,0
4365,30781,33037,0
4366,42300,64759,0
4367,48732,52105,0
4368,57388,15314,0
4369,68096,32491,0
4370,54426,16142,0
4371,16991,55134,0
4372,47963,40477,0
4373,52774,5775,0
4374,12658,60782,0
4375,169,51145,0
4376,30918,47426,0
4377,988,24765,0
4378,52374,61765,0
4379,41880,14344,0
4380,17408,11498,0
4381,63461,3893,0
4382,42076,37340,0
4383,39251,54253,0
4384,21654,3473,0
4385,15919,19802,0
4386,65711,60164,0
4387,8798,23016,0
4388,28513,56140,0
4389,59850,34428,0
4390,64442,5215,0
4391,44498,35241,0
4392,11802,27428,0
4393,44535,47393,0
4394,23903,5010,0
4395,25803,50157,0
4396,6969,22255,0
4397,36911,67868,0
4398,23561,12954,0
4399,64223,8729,0
4400,67110,13054,0
4401,16939,14511,0
4402,39791,21235,0
4403,57826,39032,0
4404,11350,1224,0
4405,64012,44066,0
4406,40272,64805,0
4407,45450,52356,0
4408,19120,62191,0
4409,53980,3500,0
4410,57555,58616,0
4411,51160,67113,0
4412,64795,21986,0
4413,60587,15728,0
4414,16063,19239,0
4415,795,17415,0
4416,39542,20287,0
4417,56826,20296,0
4418,19443,50389,0
4419,34506,41539,0
4420,4582,21875,0
4421,45480,8370,0
4422,44895,28397,0
4423,53524,7838,0
4424,23001,19331,0
4425,54560,63200,0
4426,52075,67415,0
4427,13483,46815,0
4428,34460,5736,0
4429,65645,32714,0
4430,15832,32168,0
4431,48792,36469,0
4432,28049,7796,0
4433,49986,47615,0
4434,42950,59552,0
4435,1189,53152,0
4436,9885,21481,0
4437,20656,58915,0
4438,47344,63067,0
4439,9674,17359,0
4440,32727,38644,0
4441,67986,41808,0
4442,19743,66362,0
4443,55075,44773,0
4444,49580,53428,0
4445,18096,34180,0
4446,27542,57142,0
4447,49974,5239,0
4448,65034,56393,0
4449,53414,40805,0
4450,51265,3801,0
4451,43479,37629,0
4452,37242,58084,0
4453,14943,58440,0
4454,10672,66833,0
4455,988,26428,0
4456,20602,19651,0
4457,4689,15944,0
4458,14020,25452,0
4459,45402,60339,0
4460,1818,6913,0
4461,48576,17437,0
4462,24709,30441,0
4463,55680,45941,0
4464,45590,6954,0
4465,64167,36846,0
4466,19803,20585,0
4467,58715,2730,0
4468,21082,66658,0
4469,48888,3414,0
4470,25478,13659,0
4471,8882,22942,0
4472,50647,25192,0
4473,14271,66120,0
4474,10973,4891,0
4475,30966,5762,0
4476,17745,61602,0
4477,42353,22111,0
4478,54773,38864,0
4479,51451,61861,0
4480,7101,23591,0
4481,20437,59584,0
4482,10489,24242,0
4483,59106,38549,0
4484,39556,38276,0
4485,31334,7041,0
4486,9454,52727,0
4487,16989,17096,0
4488,14688,30796,0
4489,11045,46333,0
4490,24753,49189,0
4491,39328,41187,0
4492,19373,57335,0
4493,35341,33437,0
4494,39880,52064,0
4495,63496,1028,0
4496,40332,56377,0
4497,44514,14675,0
4498,19322,19196,0
4499,19722,59065,0
4500,59396,60520,0
4501,34218,40004,0
4502,48645,23671,0
4503,35792,65403,0
4504,20042,68362,0
4505,3032,56997,0
4506,24824,29049,0
4507,31700,34483,0
4508,17115,2867,0
4509,33588,28714,0
4510,11829,51753,0
4511,35662,61022,0
4512,20211,33758,0
4513,48163,24471,0
4514,48779,38096,0
4515,64230,55669,0
4516,4205,24440,0
4517,56329,48360,0
4518,65165,25206,0
4519,17525,150,0
4520,25398,61982,0
4521,25785,64788,0
4522,32342,24303,0
4523,2755,65110,0
4524,34981,34823,0
4525,2570,49327,0
4526,25689,15450,0
4527,10471,41479,0
4528,52664,63914,0
4529,47455,39924,0
4530,57390,56325,0
4531,32776,39077,0
4532,21033,27357,0
4533,28547,33424,0
4534,38778,62429,0
4535,40030,28105,0
4536,51108,13996,0
4537,47558,23127,0
4538,51867,65680,0
4539,57918,17341,0
4540,46942,23926,0
4541,25770,44617,0
4542,60685,8909,0
4543,11935,16598,0
4544,55478,49642,0
4545,9387,21351,0
4546,19528,43667,0
4547,33796,67954,0
4548,52338,52070,0
4549,56245,15966,0
4550,13895,62916,0
4551,55866,62499,0
4552,8934,41254,0
4553,4213,9487,0
4554,48530,33442,0
4555,7528,35448,0
4556,60957,3530,0
4557,64876,34361,0
4558,22461,29016,0
4559,25910,59528,0
4560,31926,58685,0
4561,60415,13178,0
4562,59326,37867,0
4563,31110,2953,0
4564,45135,12253,0
4565,62113,47844,0
4566,3802,37772,0
4567,44624,33945,0
4568,25927,33661,0
4569,7365,19589,0
4570,61218,65670,0
4571,52837,51693,0
4572,3772,60530,0
4573,734,51137,0
4574,898,20091,0
4575,33879,56609,0
4576,64740,11091,0
4577,40394,64614,0
4578,44798,49328,0
4579,5930,16529,0
4580,58015,36537,0
4581,16772,45122,0
4582,63613,5370,0
4583,58952,56909,0
4584,24300,32891,0
4585,17225,42578,0
4586,49074,20213,0
4587,34497,4745,0
4588,7570,32331,0
4589,42162,58356,0
4590,59711,14997,0
4591,36211,31183,0
4592,67850,4249,0
4593,41723,47859,0
4594,27110,31476,0
4595,57576,8269,0
4596,65556,12084,0
4597,51177,45539,0
4598,31305,9126,0
4599,19454,31961,0
4600,48059,10607,0
4601,49923,38838,0
4602,38480,52655,0
4603,7593,16955,0
4604,30712,14308,0
4605,6327,21464,0
4606,67705,60564,0
4607,64056,43290,0
4608,1487,11376,0
4609,38494,16934,0
4610,53804,51692,0
4611,40884,35323,0
4612,7906,33087,0
4613,18156,32229,0
4614,62942,53360,0
4615,34578,62477,0
4616,17858,32221,0
4617,7681,62403,0
4618,4926,13928,0
4619,23878,23610,0
4620,3541,56544,0
4621,41579,8962,0
4622,4010,30344,0
4623,36780,41281,0
4624,5602,27011,0
4625,7492,12732,0
4626,35397,13532,0
4627,8906,64706,0
4628,32815,9126,0
4629,24343,40514,0
4630,61061,6274,0
4631,12577,58531,0
4632,6499,46431,0
4633,8899,26246,0
4634,48626,59541,0
4635,26790,7215,0
4636,25887,1280,0
4637,51172,43606,0
4638,57925,10956,0
4639,16579,4492,0
4640,41750,40389,0
4641,41719,23509,0
4642,52974,15491,0
4643,45104,51482,0
4644,31951,56623,0
4645,25517,1258,0
4646,52423,48620,0
4647,30603,42303,0
4648,62885,17410,0
4649,31805,2483,0
4650,58829,19083,0
4651,43852,23035,0
4652,3772,21774,0
4653,7439,27052,0
4654,54861,13754,0
4655,57651,29974,0
4656,19146,15348,0
4657,5801,5841,0
4658,63842,966,0
4659,42532,12924,0
4660,54124,12499,0
4661,61490,60901,0
4662,33849,24761,0
4663,33134,33285,0
4664,48181,35580,0
4665,11008,19586,0
4666,26409,66427,0
4667,52432,17385,0
4668,15291,65906,0
4669,19877,8927,0
4670,31488,60092,0
4671,58059,40860,0
4672,36847,43888,0
4673,26678,47917,0
4674,7625,5126,0
4675,53106,40248,0
4676,50342,51297,0
4677,38960,28076,0
4678,2282,15293,0
4679,40251,53530,0
4680,10993,36706,0
4681,4709,742,0
4682,67776,47775,0
4683,45491,6917,0
4684,61556,26532,0
4685,24607,32951,0
4686,58946,59111,0
4687,1809,37071,0
4688,55379,63229,0
4689,56122,1732,0
4690,1935,28181,0
4691,45000,67483,0
4692,65376,6587,0
4693,1793,14331,0
4694,42043,53465,0
4695,34699,27768,0
4696,41892,38754,0
4697,58727,39048,0
4698,24664,11126,0
4699,27608,66474,0
4700,33777,49545,0
4701,13356,13750,0
4702,48458,33455,0
4703,15105,26824,0
4704,57853,46501,0
4705,20432,43446,0
4706,56362,64713,0
4707,7445,64296,0
4708,49494,44346,0
4709,37990,54087,0
4710,56389,26587,0
4711,61802,11059,0
4712,12725,18301,0
4713,35839,51577,0
4714,35336,28116,0
4715,26187,601,0
4716,1565,25646,0
4717,58714,27195,0
4718,13113,24012,0
4719,2682,13670,0
4720,68036,46184,0
4721,39205,65990,0
4722,32053,45196,0
4723,25478,57138,0
4724,6811,18893,0
4725,62072,17984,0
4726,7664,13000,0
4727,19816,51872,0
4728,11558,25777,0
4729,28079,30722,0
4730,27347,41307,0
4731,46198,3856,0
4732,7603,44024,0
4733,50700,54442,0
4734,46917,56758,0
4735,16565,42052,0
4736,3519,57987,0
4737,57203,63285,0
4738,40428,45131,0
4739,56160,35396,0
4740,29129,50728,0
4741,40024,26436,0
4742,52339,47268,0
4743,34656,40519,0
4744,33924,61749,0
4745,47140,17121,0
4746,24391,43789,0
4747,67556,59144,0
4748,52069,35770,0
4749,7467,58438,0
4750,39868,4523,0
4751,63723,7433,0
4752,51160,23707,0
4753,343,43527,0
4754,30889,47193,0
4755,23569,8605,0
4756,43284,29620,0
4757,48289,24688,0
4758,10482,31844,0
4759,62987,5617,0
4760,13695,47079,0
4761,47987,56472,0
4762,67841,32208,0
4763,38380,15798,0
4764,54038,2868,0
4765,39367,17811,0
4766,39465,48767,0
4767,34627,63490,0
4768,62959,55956,0
4769,58224,17710,0
4770,16640,26286,0
4771,59660,66698,0
4772,56699,32882,0
4773,43557,67782,0
4774,44685,13155,0
4775,67029,61485,0
4776,64501,47084,0
4777,39606,56150,0
4778,51369,38661,0
4779,31446,41330,0
4780,67545,28897,0
4781,20786,16826,0
4782,60031,46019,0
4783,48684,49915,0
4784,54000,6254,0
4785,36360,36285,0
4786,24262,33490,0
4787,62267,20965,0
4788,49478,55152,0
4789,56202,54945,0
4790,10856,44745,0
4791,45037,18773,0
4792,17451,46635,0
4793,21734,20443,0
4794,41074,39412,0
4795,57804,47530,0
4796,59563,26778,0
4797,30690,42548,0
4798,5358,29221,0
4799,29461,6224,0
4800,48071,23706,0
4801,5223,21131,0
4802,35970,18030,0
4803,4539,58812,0
4804,50162,24671,0
4805,66121,24315,0
4806,45348,61772,0
4807,40437,31525,0
4808,22057,27841,0
4809,5606,50612,0
4810,49037,3703,0
4811,41050,24055,0
4812,44382,8946,0
4813,27814,33773,0
4814,49176,54218,0
4815,33688,13348,0
4816,49922,27936,0
4817,14166,26431,0
4818,57174,68163,0
4819,23570,18280,0
4820,8018,37991,0
4821,50720,19101,0
4822,14835,11535,0
4823,39869,65178,0
4824,41067,25169,0
4825,64260,7350,0
4826,39606,50600,0
4827,57538,45315,0
4828,59056,33385,0
4829,40570,65332,0
4830,65313,52244,0
4831,46366,18305,0
4832,67698,47217,0
4833,55682,41892,0
4834,16989,24318,0
4835,13340,27214,0
4836,2084,50619,0
4837,4505,39279,0
4838,64056,47084,0
4839,47616,45255,0
4840,21540,16799,0
4841,6633,30735,0
4842,48183,792,0
4843,7471,4307,0
4844,58530,26284,0
4845,53667,26197,0
4846,55408,27492,0
4847,4178,7036,0
4848,26726,56364,0
4849,22635,54446,0
4850,285,66,0
4851,47035,8137,0
4852,44621,12963,0
4853,42964,4582,0
4854,11653,45197,0
4855,53486,4906,0
4856,13167,39031,0
4857,16730,12804,0
4858,17363,67968,0
4859,42568,56998,0
4860,55903,8044,0
4861,14590,53624,0
4862,56030,48909,0
4863,62448,64257,0
4864,51901,33110,0
4865,3619,1205,0
4866,56718,54417,0
4867,56471,43960,0
4868,3954,50399,0
4869,61296,35359,0
4870,14530,66428,0
4871,59787,17645,0
4872,50992,51869,0
4873,3486,1980,0
4874,17696,24229,0
4875,56008,32098,0
4876,33801,59898,0
4877,30986,21369,0
4878,26278,4492,0
4879,48072,45608,0
4880,20226,26016,0
4881,31258,28817,0
4882,39274,1487,0
4883,49169,4967,0
4884,56442,7067,0
4885,52870,52827,0
4886,35955,34314,0
4887,24426,51451,0
4888,30243,64699,0
4889,6767,43724,0
4890,13150,20614,0
4891,67158,19385,0
4892,34459,30716,0
4893,4146,34874,0
4894,53108,16005,0
4895,4082,58767,0
4896,13575,43375,0
4897,53987,2220,0
4898,1715,12199,0
4899,58038,3261,0
4900,6960,18653,0
4901,47838,28583,0
4902,5317,12361,0
4903,10327,61018,0
4904,44006,55953,0
4905,7648,48707,0
4906,46601,46542,0
4907,36906,19298,0
4908,63020,67580,0
4909,56626,3340,0
4910,51020,15734,0
4911,61802,49172,0
4912,37433,54512,0
4913,60411,30192,0
4914,47673,28787,0
4915,41161,64278,0
4916,29719,51602,0
4917,1199,28703,0
4918,59153,54134,0
4919,14835,46589,0
4920,33302,42521,0
4921,67043,50938,0
4922,66474,35370,0
4923,66083,17580,0
4924,66998,6564,0
4925,65901,2368,0
4926,17006,19901,0
4927,51675,31312,0
4928,7686,10724,0
4929,16578,57188,0
4930,47376,66327,0
4931,34998,24518,0
4932,66113,1557,0
4933,37297,38246,0
4934,59348,16184,0
4935,38229,9070,0
4936,50203,24734,0
4937,33208,32906,0
4938,54434,33446,0
4939,17174,44267,0
4940,31495,28958,0
4941,17408,15694,0
4942,26860,844,0
4943,49000,34256,0
4944,25654,63560,0
4945,47452,46756,0
4946,545,14717,0
4947,27875,54654,0
4948,3873,15422,0
4949,53993,60477,0
4950,29791,13481,0
4951,8200,44462,0
4952,23019,3111,0
4953,61779,57986,0
4954,7251,5842,0
4955,24709,28573,0
4956,65464,12480,0
4957,48287,19148,0
4958,13140,1846,0
4959,39529,34641,0
4960,8405,34447,0
4961,12777,54793,0
4962,56247,50620,0
4963,40208,26463,0
4964,27700,24763,0
4965,289,58333,0
4966,2283,26501,0
4967,14983,25570,0
4968,44588,17541,0
4969,24415,62164,0
4970,33077,9608,0
4971,13107,58514,0
4972,31543,32502,0
4973,59023,61650,0
4974,22935,67672,0
4975,30002,62898,0
4976,27448,62801,0
4977,23083,4812,0
4978,8271,34770,0
4979,44472,59180,0
4980,34089,60524,0
4981,57393,67837,0
4982,65187,49422,0
4983,29606,56453,0
4984,24986,35534,0
4985,36597,7564,0
4986,12088,49278,0
4987,36967,5664,0
4988,35317,6953,0
4989,31639,54218,0
4990,20509,68348,0
4991,25411,16683,0
4992,9796,37284,0
4993,42210,14438,0
4994,58966,66726,0
4995,6853,63335,0
4996,38083,63632,0
4997,22683,46516,0
4998,18017,50027,0
4999,58830,19066,0
5000,5688,29363,0
5001,63011,29231,0
5002,49265,65491,0
5003,4930,35525,0
5004,14997,42987,0
5005,65460,10607,0
5006,24106,18522,0
5007,12179,47473,0
5008,66031,46286,0
5009,66094,63254,0
5010,47923,64730,0
5011,15673,19322,0
5012,66441,66760,0
5013,45257,24477,0
5014,45672,7934,0
5015,23337,16673,0
5016,27140,25039,0
5017,31107,4736,0
5018,60602,34318,0
5019,10791,28062,0
5020,63912,10940,0
5021,57037,64707,0
5022,56739,61899,0
5023,55910,12688,0
5024,3341,25680,0
5025,32707,24032,0
5026,12990,63844,0
5027,12111,61025,0
5028,54323,60552,0
5029,6196,66179,0
5030,55191,36728,0
5031,61390,35214,0
5032,60141,29825,0
5033,57003,23391,0
5034,8144,50075,0
5035,31591,63285,0
5036,63093,37519,0
5037,31547,1415,0
5038,45482,64893,0
5039,44399,3557,0
5040,64514,67574,0
5041,9104,14995,0
5042,15449,18308,0
5043,40541,39674,0
5044,23713,51408,0
5045,33076,3531,0
5046,51769,24877,0
5047,45581,29439,0
5048,43995,58617,0
5049,68138,66238,0
5050,16346,62215,0
5051,54096,16451,0
5052,42430,51735,0
5053,54594,56621,0
5054,67999,54846,0
5055,52342,59303,0
5056,62041,19381,0
5057,694,46857,0
5058,63521,38974,0
5059,4428,36830,0
5060,38355,48908,0
5061,12676,53593,0
5062,989,67763,0
5063,40676,40081,0
5064,17795,10854,0
5065,43795,57843,0
5066,18390,20492,0
5067,29208,52667,0
5068,60467,43535,0
5069,44946,53923,0
5070,65157,60214,0
5071,48177,4642,0
5072,19087,2247,0
5073,26252,39042,0
5074,12079,60618,0
5075,18847,53141,0
5076,49882,34247,0
5077,22161,46259,0
5078,6715,48275,0
5079,19002,24898,0
5080,52543,62665,0
5081,33300,8981,0
5082,57013,16365,0
5083,65957,18877,0
5084,63947,25314,0
5085,60651,17136,0
5086,61256,26533,0
5087,3702,4694,0
5088,60134,46867,0
5089,61297,59974,0
5090,38698,54041,0
5091,56434,52870,0
5092,21352,4849,0
5093,3036,13056,0
5094,51987,23573,0
5095,60324,50672,0
5096,68370,23474,0
5097,23982,8049,0
5098,48762,6777,0
5099,55693,25868,0
5100,2932,51078,0
5101,7071,62479,0
5102,64211,32794,0
5103,31824,23723,0
5104,62135,22880,0
5105,3510,10951,0
5106,48735,36440,0
5107,32245,32823,0
5108,67458,1699,0
5109,73,58142,0
5110,51721,12603,0
5111,59186,30522,0
5112,33364,50595,0
5113,52355,26482,0
5114,12925,49784,0
5115,67603,63098,0
5116,586,53209,0
5117,59382,16268,0
5118,42716,48662,0
5119,66645,50331,0
5120,57561,3241,0
5121,54576,57103,0
5122,50724,12859,0
5123,31236,24247,0
5124,36338,21207,0
5125,45169,20859,0
5126,8641,27719,0
5127,27270,58999,0
5128,49555,55748,0
5129,24601,23697,0
5130,59509,25836,0
5131,6297,46235,0
5132,20412,9968,0
5133,35454,66203,0
5134,67988,44636,0
5135,66795,65069,0
5136,27487,31636,0
5137,48006,52328,0
5138,25665,4427,0
5139,17777,35738,0
5140,2999,52307,0
5141,5824,65417,0
5142,20268,4853,0
5143,52116,47644,0
5144,8760,47800,0
5145,24397,62625,0
5146,2991,63458,0
5147,43081,12024,0
5148,56008,66849,0
5149,53890,65419,0
5150,1054,47189,0
5151,1537,19218,0
5152,33069,99,0
5153,67627,47141,0
5154,505,16219,0
5155,64429,21051,0
5156,54630,26308,0
5157,67264,11554,0
5158,64954,60854,0
5159,64413,59520,0
5160,1869,39411,0
5161,56407,22738,0
5162,51884,51990,0
5163,32878,46665,0
5164,12917,31187,0
5165,10657,41511,0
5166,28068,52676,0
5167,43077,10030,0
5168,41977,43790,0
5169,19468,38923,0
5170,27742,58925,0
5171,18809,29678,0
5172,61523,53774,0
5173,27041,55573,0
5174,30575,8202,0
5175,7822,59586,0
5176,12223,64244,0
5177,19151,28675,0
5178,39653,31522,0
5179,39114,22894,0
5180,54502,57668,0
5181,32563,27095,0
5182,5661,63679,0
5183,23423,65546,0
5184,67072,21486,0
5185,51141,53021,0
5186,4784,16659,0
5187,49872,596,0
5188,66950,19752,0
5189,38239,40490,0
5190,24965,61431,0
5191,44053,15207,0
5192,14347,44291,0
5193,16470,1979,0
5194,10693,48471,0
5195,39399,4789,0
5196,63286,54338,0
5197,45557,1524,0
5198,28901,50125,0
5199,44622,26504,0
5200,66741,17695,0
5201,40701,18399,0
5202,6183,46474,0
5203,11979,2058,0
5204,45786,4802,0
5205,4270,39202,0
5206,31693,56199,0
5207,3409,28670,0
5208,10777,29409,0
5209,48074,21400,0
5210,66592,16503,0
5211,39781,12511,0
5212,56817,4524,0
5213,14406,4565,0
5214,47251,62389,0
5215,1818,52703,0
5216,18944,67070,0
5217,18582,23557,0
5218,50930,60961,0
5219,11680,13123,0
5220,58007,28892,0
5221,65337,27511,0
5222,49028,40347,0
5223,48599,38796,0
5224,25262,21161,0
5225,1120,7687,0
5226,36383,3141,0
5227,61000,55409,0
5228,64659,58760,0
5229,43227,2637,0
5230,45472,60332,0
5231,44638,4405,0
5232,7920,15601,0
5233,25674,17505,0
5234,54594,57232,0
5235,18420,43872,0
5236,48347,48355,0
5237,52316,53697,0
5238,26497,2193,0
5239,27794,64761,0
5240,53638,7539,0
5241,53141,67820,0
5242,58973,65542,0
5243,37797,63604,0
5244,2664,30863,0
5245,62541,10883,0
5246,30800,65794,0
5247,21373,12562,0
5248,289,14771,0
5249,17578,57693,0
5250,38256,42020,0
5251,54544,11886,0
5252,64111,45327,0
5253,32110,24955,0
5254,18069,33730,0
5255,5546,17198,0
5256,26563,15835,0
5257,28153,13748,0
5258,60949,36668,0
5259,39447,8175,0
5260,39954,17057,0
5261,52974,56558,0
5262,26726,43315,0
5263,60,28458,0
5264,19473,33589,0
5265,62,67975,0
5266,52482,1677,0
5267,52582,45061,0
5268,28358,7304,0
5269,31427,57877,0
5270,48562,65532,0
5271,16255,42155,0
5272,17816,9192,0
5273,16399,47705,0
5274,8603,66398,0
5275,42630,10246,0
5276,27851,7572,0
5277,62343,56035,0
5278,27689,22695,0
5279,11586,57194,0
5280,44151,39936,0
5281,46231,18325,0
5282,37630,66562,0
5283,48347,65995,0
5284,32905,31730,0
5285,33905,29975,0
5286,13486,53259,0
5287,13738,62569,0
5288,2684,34329,0
5289,4653,34080,0
5290,37989,26207,0
5291,15123,44767,0
5292,64884,10614,0
5293,29306,16244,0
5294,19587,38293,0
5295,57256,43883,0
5296,48329,26679,0
5297,53653,48263,0
5298,29031,61285,0
5299,40671,7188,0
5300,7221,55360,0
5301,2668,57735,0
5302,12071,9481,0
5303,15757,47739,0
5304,24250,53896,0
5305,23811,39758,0
5306,45364,62804,0
5307,53512,29713,0
5308,8489,45308,0
5309,37251,51612,0
5310,31014,62595,0
5311,4158,12028,0
5312,63217,34826,0
5313,55452,21677,0
5314,12459,33292,0
5315,67996,21386,0
5316,64467,6833,0
5317,11685,39348,0
5318,10008,15781,0
5319,32340,21201,0
5320,44237,36723,0
5321,25248,23269,0
5322,57402,26403,0
5323,65950,48111,0
5324,35993,24219,0
5325,17490,36011,0
5326,51638,22699,0
5327,40421,34880,0
5328,19536,12838,0
5329,38910,16390,0
5330,6088,30124,0
5331,17858,54385,0
5332,52987,27364,0
5333,18056,17380,0
5334,66222,58879,0
5335,48236,38224,0
5336,48251,45275,0
5337,57842,4096,0
5338,35973,31145,0
5339,37556,25407,0
5340,36124,65455,0
5341,19724,22816,0
5342,14594,31345,0
5343,57502,33999,0
5344,27042,25515,0
5345,26521,28786,0
5346,24090,52444,0
5347,40615,57320,0
5348,34395,26141,0
5349,39897,62127,0
5350,38706,60248,0
5351,62606,6268,0
5352,54929,10457,0
5353,25794,18293,0
5354,48542,55813,0
5355,40271,29245,0
5356,9583,29002,0
5357,20141,67142,0
5358,20216,16485,0
5359,54332,20441,0
5360,53697,66763,0
5361,7198,26093,0
5362,17634,21235,0
5363,18368,67498,0
5364,52310,41494,0
5365,37537,39939,0
5366,26770,65822,0
5367,43168,51835,0
5368,33035,12716,0
5369,61160,689,0
5370,27335,55401,0
5371,37708,41629,0
5372,36345,55069,0
5373,32225,26866,0
5374,42494,9605,0
5375,50765,3997,0
5376,39796,62329,0
5377,8314,54295,0
5378,24502,46412,0
5379,17836,10120,0
5380,22795,51631,0
5381,33188,45067,0
5382,933,38720,0
5383,15504,26343,0
5384,14792,16896,0
5385,60181,46567,0
5386,12355,27896,0
5387,36031,30811,0
5388,43892,21614,0
5389,45666,24023,0
5390,42574,18666,0
5391,23643,18863,0
5392,44538,62730,0
5393,48006,38945,0
5394,67154,1303,0
5395,3960,48426,0
5396,18253,3285,0
5397,46221,5174,0
5398,48967,23288,0
5399,1554,52831,0
5400,17390,23623,0
5401,58160,27431,0
5402,43151,12401,0
5403,8131,35864,0
5404,50229,14693,0
5405,32667,67439,0
5406,4132,24376,0
5407,48644,35283,0
5408,5573,52707,0
5409,39950,14747,0
5410,11722,11658,0
5411,52144,29290,0
5412,13300,38250,0
5413,1378,420,0
5414,19877,67178,0
5415,56658,35096,0
5416,67346,24514,0
5417,49146,1573,0
5418,18933,62737,0
5419,11412,59962,0
5420,68335,40405,0
5421,22047,14751,0
5422,44035,10646,0
5423,10585,29162,0
5424,6665,45707,0
5425,23063,10042,0
5426,54177,4544,0
5427,4560,7357,0
5428,17878,62585,0
5429,65300,44492,0
5430,63986,24946,0
5431,23337,64780,0
5432,66170,34588,0
5433,5828,29544,0
5434,24214,56892,0
5435,60536,48336,0
5436,14647,50489,0
5437,46332,63611,0
5438,24479,67101,0
5439,20625,299,0
5440,39386,68366,0
5441,14820,64023,0
5442,26417,18514,0
5443,40607,8080,0
5444,18201,65459,0
5445,37566,42765,0
5446,14148,35373,0
5447,18013,5180,0
5448,1480,46792,0
5449,2498,9196,0
5450,17181,17840,0
5451,30176,59940,0
5452,37344,25343,0
5453,12664,67018,0
5454,52221,26277,0
5455,42891,55398,0
5456,13090,67286,0
5457,23043,26460,0
5458,19396,62028,0
5459,60325,23050,0
5460,44583,29421,0
5461,1167,67137,0
5462,30334,34323,0
5463,16634,56355,0
5464,3812,33500,0
5465,24360,3098,0
5466,25210,1131,0
5467,62306,47294,0
5468,30664,27199,0
5469,54630,48279,0
5470,14401,51678,0
5471,35394,30680,0
5472,24282,41616,0
5473,61265,26267,0
5474,6045,29977,0
5475,66197,35367,0
5476,7267,35708,0
5477,21145,36429,0
5478,10963,31691,0
5479,52317,37072,0
5480,37923,67625,0
5481,50466,57367,0
5482,45335,61429,0
5483,64531,15859,0
5484,26000,25421,0
5485,43394,19990,0
5486,42522,47807,0
5487,41721,17688,0
5488,56603,22678,0
5489,38238,45542,0
5490,48329,58284,0
5491,28690,66764,0
5492,8248,24367,0
5493,15936,53984,0
5494,62605,10029,0
5495,37815,27804,0
5496,68089,491,0
5497,2350,57088,0
5498,13018,60926,0
5499,66540,16290,0
5500,24061,33442,0
5501,27296,23778,0
5502,24508,47805,0
5503,3869,7657,0
5504,22461,37768,0
5505,20054,53309,0
5506,65843,58480,0
5507,44358,34689,0
5508,23137,45345,0
5509,2691,40876,0
5510,11123,6794,0
5511,29875,50967,0
5512,25396,30259,0
5513,52228,11189,0
5514,35658,40535,0
5515,50346,22790,0
5516,65818,287,0
5517,8448,1249,0
5518,62582,24280,0
5519,11031,11323,0
5520,53772,65491,0
5521,29326,30063,0
5522,25209,2507,0
5523,38668,16582,0
5524,48051,65781,0
5525,50607,60542,0
5526,56989,25939,0
5527,13812,40272,0
5528,11202,19,0
5529,47717,12853,0
5530,8566,18520,0
5531,45107,6255,0
5532,26856,18674,0
5533,53908,53405,0
5534,50702,456,0
5535,56454,44633,0
5536,2355,31357,0
5537,33560,21577,0
5538,35422,53674,0
5539,15782,33921,0
5540,65790,29272,0
5541,21948,9076,0
5542,44449,51688,0
5543,40063,9574,0
5544,59408,59055,0
5545,6510,3812,0
5546,33441,7560,0
5547,47991,20464,0
5548,15119,21604,0
5549,35441,23254,0
5550,61179,44762,0
5551,40119,48921,0
5552,26989,59383,0
5553,6066,51627,0
5554,2073,7557,0
5555,39506,6424,0
5556,46119,26376,0
5557,46968,19218,0
5558,11462,58939,0
5559,31706,25874,0
5560,3799,67200,0
5561,25687,49515,0
5562,31322,11240,0
5563,9627,31928,0
5564,17376,1541,0
5565,62418,31998,0
5566,47435,67078,0
5567,61420,31814,0
5568,16143,46438,0
5569,9221,22533,0
5570,17406,31289,0
5571,61389,55361,0
5572,3547,50186,0
5573,63086,1946,0
5574,35010,58743,0
5575,48209,12954,0
5576,7986,61968,0
5577,55385,67137,0
5578,13930,8969,0
5579,37709,1900,0
5580,59150,18233,0
5581,17018,23607,0
5582,56565,31012,0
5583,54713,47717,0
5584,33051,56708,0
5585,55490,35222,0
5586,27786,38228,0
5587,21459,6737,0
5588,31098,38810,0
5589,58774,38153,0
5590,17169,18762,0
5591,8285,44251,0
5592,20976,67750,0
5593,7932,23976,0
5594,14940,57550,0
5595,24373,68101,0
5596,40608,13414,0
5597,29169,48087,0
5598,2323,3381,0
5599,41222,60883,0
5600,6173,11714,0
5601,19876,32168,0
5602,59815,17019,0
5603,48709,7127,0
5604,28504,43605,0
5605,16031,41124,0
5606,24762,27693,0
5607,45175,12052,0
5608,36532,22882,0
5609,38701,64187,0
5610,49261,39997,0
5611,9673,50747,0
5612,1923,27023,0
5613,5693,57376,0
5614,16783,33321,0
5615,31198,20775,0
5616,45457,8020,0
5617,495,61219,0
5618,45341,50410,0
5619,26002,7544,0
5620,21725,52958,0
5621,36677,29030,0
5622,15741,46492,0
5623,16642,3709,0
5624,45371,54239,0
5625,5720,57306,0
5626,42311,44586,0
5627,11395,61399,0
5628,30384,54505,0
5629,32923,3535,0
5630,7811,53225,0
5631,32602,11693,0
5632,12685,5599,0
5633,19184,58760,0
5634,48499,11027,0
5635,60937,19795,0
5636,27612,67336,0
5637,64417,65198,0
5638,11522,55573,0
5639,28186,24413,0
5640,49267,1128,0
5641,15679,8,0
5642,49899,32081,0
5643,3555,2011,0
5644,50352,19115,0
5645,2049,6616,0
5646,32725,57845,0
5647,3919,54764,0
5648,24421,3232,0
5649,38084,25304,0
5650,4951,55533,0
5651,45594,34433,0
5652,15767,32919,0
5653,49653,28235,0
5654,60413,37914,0
5655,28679,3111,0
5656,6588,14154,0
5657,46294,18443,0
5658,51985,60682,0
5659,40393,42733,0
5660,1473,54519,0
5661,62444,19672,0
5662,65720,34796,0
5663,68316,46322,0
5664,53694,56049,0
5665,38847,11410,0
5666,52297,64478,0
5667,36392,62138,0
5668,18890,38564,0
5669,4100,67090,0
5670,57540,5246,0
5671,67366,46386,0
5672,17049,8295,0
5673,8465,48398,0
5674,36073,44241,0
5675,33158,31914,0
5676,231,23591,0
5677,62100,68127,0
5678,49722,36697,0
5679,36141,43987,0
5680,19212,63519,0
5681,66140,53672,0
5682,43791,54694,0
5683,8631,8413,0
5684,1738,38184,0
5685,39991,59345,0
5686,40516,56712,0
5687,52953,58201,0
5688,51862,29569,0
5689,59512,19829,0
5690,23141,42653,0
5691,67650,24098,0
5692,22633,13900,0
5693,200,49392,0
5694,22722,38755,0
5695,2919,37305,0
5696,28044,66236,0
5697,22114,26140,0
5698,39928,49699,0
5699,30588,48204,0
5700,37260,33444,0
5701,50904,57691,0
5702,1899,14525,0
5703,29034,27242,0
5704,57960,17258,0
5705,56679,63026,0
5706,35063,54032,0
5707,22783,19908,0
5708,5936,68058,0
5709,62553,40622,0
5710,8570,59579,0
5711,1825,32007,0
5712,48011,32467,0
5713,21929,41552,0
5714,3834,57959,0
5715,21624,53079,0
5716,44850,21261,0
5717,27859,33239,0
5718,29653,5301,0
5719,56695,5209,0
5720,27377,32019,0
5721,38518,55788,0
5722,47597,50259,0
5723,40439,12958,0
5724,8819,9312,0
5725,11967,3591,0
5726,993,18797,0
5727,50903,22768,0
5728,36302,10799,0
5729,47234,63030,0
5730,45861,22727,0
5731,29129,37055,0
5732,13678,8409,0
5733,57325,17633,0
5734,29688,4124,0
5735,68134,65000,0
5736,62264,32560,0
5737,18309,51140,0
5738,15064,1113,0
5739,9941,64960,0
5740,14713,20030,0
5741,55440,27166,0
5742,19981,12095,0
5743,4209,56555,0
5744,62967,2628,0
5745,26251,62010,0
5746,45474,41971,0
5747,17232,53084,0
5748,53647,14431,0
5749,35603,27231,0
5750,8168,21122,0
5751,24602,67753,0
5752,37604,6215,0
5753,63540,55424,0
5754,6766,22036,0
5755,37010,30933,0
5756,49214,60946,0
5757,54644,33656,0
5758,42877,20928,0
5759,9770,37392,0
5760,51946,35962,0
5761,38444,2229,0
5762,13787,19076,0
5763,50229,65063,0
5764,19415,1314,0
5765,1289,57780,0
5766,43937,6047,0
5767,25288,9421,0
5768,15774,6432,0
5769,32971,10730,0
5770,27750,65153,0
5771,5618,53727,0
5772,7700,11887,0
5773,47774,15143,0
5774,46524,44160,0
5775,51525,40483,0
5776,32031,43685,0
5777,66463,29293,0
5778,7721,47041,0
5779,45832,51360,0
5780,60728,26408,0
5781,29709,32472,0
5782,37082,66406,0
5783,45726,55429,0
5784,29970,6491,0
5785,41185,39414,0
5786,22303,65830,0
5787,32683,17328,0
5788,45837,4099,0
5789,67545,33775,0
5790,26681,58870,0
5791,3439,25312,0
5792,18800,50311,0
5793,29231,22923,0
5794,49585,53276,0
5795,11343,50893,0
5796,13330,66950,0
5797,10106,21800,0
5798,9284,4707,0
5799,65538,38566,0
5800,36644,6426,0
5801,47891,3791,0
5802,7093,1883,0
5803,29985,43724,0
5804,5350,33442,0
5805,11833,56789,0
5806,16206,25817,0
5807,26202,27125,0
5808,19174,68266,0
5809,56294,13999,0
5810,49434,42818,0
5811,67485,2882,0
5812,7100,17158,0
5813,12081,26397,0
5814,55950,38696,0
5815,28975,2953,0
5816,65755,31271,0
5817,1521,31548,0
5818,48544,14269,0
5819,32535,9233,0
5820,39581,49240,0
5821,60190,43333,0
5822,68153,65587,0
5823,18639,52413,0
5824,47982,25055,0
5825,11348,46042,0
5826,60717,13084,0
5827,11099,20770,0
5828,9308,57883,0
5829,18048,58890,0
5830,41393,44913,0
5831,30789,36946,0
5832,7968,27594,0
5833,55386,54745,0
5834,17905,27462,0
5835,12784,33246,0
5836,9796,50511,0
5837,2068,23446,0
5838,56089,62249,0
5839,16865,59004,0
5840,63227,20109,0
5841,62448,8853,0
5842,30977,41888,0
5843,19721,19414,0
5844,6115,57782,0
5845,67275,60425,0
5846,10642,42833,0
5847,53164,33802,0
5848,60093,60995,0
5849,45347,29070,0
5850,37737,53839,0
5851,35752,66371,0
5852,18566,46865,0
5853,9216,19463,0
5854,59356,67656,0
5855,42253,55573,0
5856,20071,4835,0
5857,20312,56541,0
5858,66288,52066,0
5859,6259,45245,0
5860,57017,57871,0
5861,43067,50438,0
5862,5837,30885,0
5863,16129,57541,0
5864,6198,64446,0
5865,65855,45755,0
5866,7774,19198,0
5867,1071,8100,0
5868,64093,17430,0
5869,1470,30687,0
5870,2835,57382,0
5871,23659,57347,0
5872,22585,1057,0
5873,22971,50119,0
5874,62587,10932,0
5875,31393,8156,0
5876,67154,12333,0
5877,25778,43688,0
5878,54921,44594,0
5879,60136,40035,0
5880,60251,23436,0
5881,55256,40015,0
5882,29625,6411,0
5883,61406,32637,0
5884,64905,21124,0
5885,1238,22738,0
5886,17923,12958,0
5887,4536,4550,0
5888,12660,5966,0
5889,33594,16527,0
5890,17097,65177,0
5891,47664,32624,0
5892,4948,59109,0
5893,5571,31378,0
5894,48585,46838,0
5895,767,41124,0
5896,64406,5076,0
5897,34208,41339,0
5898,56695,8192,0
5899,21671,61669,0
5900,17536,53664,0
5901,22495,51518,0
5902,53861,32626,0
5903,53543,38974,0
5904,38466,25795,0
5905,52341,6384,0
5906,64245,3316,0
5907,10712,64942,0
5908,58668,40118,0
5909,63152,10864,0
5910,35074,12242,0
5911,50875,66968,0
5912,44923,64969,0
5913,37782,28214,0
5914,6344,59251,0
5915,62411,29303,0
5916,33794,18968,0
5917,64686,2886,0
5918,48999,27652,0
5919,63864,16108,0
5920,19048,19907,0
5921,11364,64753,0
5922,41823,56163,0
5923,64943,30055,0
5924,38975,855,0
5925,996,68019,0
5926,9913,10228,0
5927,49580,18171,0
5928,25625,67821,0
5929,43119,37176,0
5930,20305,47708,0
5931,61389,59911,0
5932,2844,61292,0
5933,17711,9641,0
5934,20084,26889,0
5935,9410,1277,0
5936,30929,36403,0
5937,9562,66156,0
5938,60744,66322,0
5939,51609,31340,0
5940,36457,43624,0
5941,64342,64705,0
5942,37899,7416,0
5943,10395,1243,0
5944,20542,15015,0
5945,19932,15319,0
5946,19296,3758,0
5947,37162,24702,0
5948,35076,9368,0
5949,62239,17087,0
5950,35974,29114,0
5951,47559,51174,0
5952,4744,19317,0
5953,7400,45415,0
5954,6576,3533,0
5955,57544,56081,0
5956,47080,61141,0
5957,23793,25681,0
5958,52524,40767,0
5959,30632,43324,0
5960,46256,16508,0
5961,1522,25898,0
5962,33323,2650,0
5963,46230,59467,0
5964,68368,25671,0
5965,34323,27947,0
5966,34572,41656,0
5967,412,21679,0
5968,30232,1758,0
5969,4815,60305,0
5970,3395,11925,0
5971,39549,30421,0
5972,56901,53990,0
5973,18396,12384,0
5974,38653,21900,0
5975,8114,15444,0
5976,47139,47688,0
5977,20083,5289,0
5978,24251,56783,0
5979,15003,55045,0
5980,30108,31438,0
5981,31136,28949,0
5982,15538,25881,0
5983,35455,64161,0
5984,659,65231,0
5985,33999,40275,0
5986,20818,60123,0
5987,3632,31898,0
5988,19789,9903,0
5989,23075,55405,0
5990,21637,44973,0
5991,33358,46572,0
5992,66686,44913,0
5993,8196,40170,0
5994,54751,12486,0
5995,12289,26566,0
5996,47937,59519,0
5997,63356,7282,0
5998,43347,38503,0
5999,12110,6977,0
6000,42562,62341,0
6001,26300,59912,0
6002,2594,13803,0
6003,13604,54579,0
6004,29098,67225,0
6005,17515,6930,0
6006,1845,17157,0
6007,47081,51973,0
6008,25042,29489,0
6009,65588,24905,0
6010,26772,35634,0
6011,48972,4123,0
6012,66769,13878,0
6013,10963,32263,0
6014,721,56207,0
6015,4132,9383,0
6016,45544,51913,0
6017,34723,19974,0
6018,55178,48121,0
6019,39874,40709,0
6020,39169,52739,0
6021,8515,13979,0
6022,65153,50271,0
6023,36627,50969,0
6024,16423,28573,0
6025,27875,12266,0
6026,36481,45927,0
6027,47999,10262,0
6028,51980,20196,0
6029,25959,40748,0
6030,64984,18770,0
6031,19097,2738,0
6032,7155,17046,0
6033,11988,47264,0
6034,32185,37754,0
6035,48959,62772,0
6036,39090,7710,0
6037,2880,57777,0
6038,22354,10520,0
6039,38326,9143,0
6040,15716,14486,0
6041,7761,4278,0
6042,49145,27501,0
6043,54955,31404,0
6044,56547,46362,0
6045,66958,3516,0
6046,37546,49121,0
6047,57827,15802,0
6048,44738,12939,0
6049,6073,21497,0
6050,59202,55911,0
6051,13541,33149,0
6052,30546,39363,0
6053,57515,20941,0
6054,35339,51043,0
6055,47622,28178,0
6056,37905,33612,0
6057,50924,25838,0
6058,26884,46264,0
6059,3211,38842,0
6060,2811,40490,0
6061,22062,19974,0
6062,13451,41364,0
6063,53638,48312,0
6064,30213,67665,0
6065,66413,34316,0
6066,30524,38657,0
6067,62392,45230,0
6068,64974,7007,0
6069,58804,58258,0
6070,23688,21536,0
6071,19301,26158,0
6072,63236,41459,0
6073,2677,22984,0
6074,7496,46525,0
6075,66323,12054,0
6076,10605,54952,0
6077,42655,36187,0
6078,25602,38448,0
6079,34448,28307,0
6080,66347,12004,0
6081,30412,39156,0
6082,27107,49638,0
6083,9364,16014,0
6084,30744,23176,0
6085,62794,20927,0
6086,25568,54301,0
6087,2600,59826,0
6088,43699,65495,0
6089,61012,16115,0
6090,50484,60320,0
6091,20953,41451,0
6092,23233,35307,0
6093,64727,47165,0
6094,3869,31216,0
6095,52227,43373,0
6096,5082,62539,0
6097,46158,21970,0
6098,45056,63240,0
6099,32369,55596,0
6100,35173,7462,0
6101,10936,21025,0
6102,26867,35393,0
6103,39796,13008,0
6104,49132,34678,0
6105,723,54741,0
6106,890,56858,0
6107,1401,19012,0
6108,25633,674,0
6109,9702,46891,0
6110,4557,32827,0
6111,58546,55015,0
6112,30517,29845,0
6113,26863,339,0
6114,61964,38165,0
6115,30743,64898,0
6116,46819,31344,0
6117,5687,6344,0
6118,5852,55598,0
6119,28962,6535,0
6120,60337,42461,0
6121,36913,50281,0
6122,10385,11552,0
6123,34863,59174,0
6124,50709,1929,0
6125,49843,47573,0
6126,27127,38343,0
6127,25328,60535,0
6128,63364,22580,0
6129,63468,34449,0
6130,31868,3416,0
6131,12022,53800,0
6132,11767,43237,0
6133,60245,42094,0
6134,23258,55236,0
6135,59404,11618,0
6136,7753,4452,0
6137,56162,35273,0
6138,57893,63810,0
6139,6067,53635,0
6140,18398,25874,0
6141,8486,51442,0
6142,2842,66774,0
6143,2218,19886,0
6144,6115,47625,0
6145,49502,43885,0
6146,17829,60414,0
6147,13435,6583,0
6148,2673,54098,0
6149,22531,49632,0
6150,65412,25876,0
6151,44101,6661,0
6152,7342,53497,0
6153,66696,17415,0
6154,43810,37339,0
6155,68313,4334,0
6156,66040,56929,0
6157,47644,29613,0
6158,47367,4757,0
6159,9454,26185,0
6160,46944,18980,0
6161,54788,52109,0
6162,21146,6495,0
6163,40692,6254,0
6164,47182,60812,0
6165,58203,65203,0
6166,14709,47102,0
6167,41081,31857,0
6168,61865,6312,0
6169,31045,3281,0
6170,5162,34112,0
6171,27076,44419,0
6172,26274,3151,0
6173,32557,34818,0
6174,62075,2435,0
6175,311,50221,0
6176,45689,22920,0
6177,5630,17396,0
6178,15459,2689,0
6179,53727,1979,0
6180,62728,23394,0
6181,55187,3892,0
6182,64307,43650,0
6183,55825,37040,0
6184,59108,38278,0
6185,17705,21040,0
6186,22272,53102,0
6187,60631,5118,0
6188,63909,53003,0
6189,27079,55716,0
6190,12334,67460,0
6191,51660,25893,0
6192,3854,67658,0
6193,22722,56235,0
6194,67364,66081,0
6195,17769,67974,0
6196,53758,44357,0
6197,63027,22157,0
6198,32943,16938,0
6199,56062,50893,0
6200,28566,3335,0
6201,58505,30499,0
6202,28422,21410,0
6203,26377,60010,0
6204,46374,30010,0
6205,41433,40220,0
6206,21631,15044,0
6207,16406,57050,0
6208,39293,23255,0
6209,10787,42527,0
6210,51918,68029,0
6211,35208,15102,0
6212,65834,19584,0
6213,22044,52545,0
6214,54587,56264,0
6215,54829,47720,0
6216,55918,59636,0
6217,41799,39116,0
6218,41520,8081,0
6219,26117,40303,0
6220,66645,54782,0
6221,55385,34168,0
6222,33097,4169,0
6223,2364,61582,0
6224,53962,37927,0
6225,55051,5286,0
6226,56972,40479,0
6227,61933,23033,0
6228,911,29799,0
6229,18959,57901,0
6230,996,32939,0
6231,10272,22013,0
6232,60355,51462,0
6233,61794,46445,0
6234,11766,44388,0
6235,52055,846,0
6236,16623,46053,0
6237,13017,49951,0
6238,23075,21312,0
6239,61058,25679,0
6240,28111,14611,0
6241,66075,52028,0
6242,53865,33110,0
6243,64468,63041,0
6244,561,29573,0
6245,57300,14748,0
6246,335,28946,0
6247,55903,22977,0
6248,56713,34511,0
6249,37521,60981,0
6250,7748,38664,0
6251,48258,46200,0
6252,13234,13408,0
6253,40183,3728,0
6254,20453,50428,0
6255,48741,22075,0
6256,34175,32451,0
6257,26381,3254,0
6258,30154,61947,0
6259,8607,8924,0
6260,29607,28166,0
6261,31550,47345,0
6262,54531,24915,0
6263,54593,48203,0
6264,16492,22904,0
6265,62504,33463,0
6266,29563,13779,0
6267,63082,4474,0
6268,18817,19058,0
6269,3517,51657,0
6270,25629,10669,0
6271,35867,34660,0
6272,51095,4387,0
6273,59287,27236,0
6274,45804,12700,0
6275,27325,35554,0
6276,41473,25771,0
6277,8389,58963,0
6278,59207,9813,0
6279,36933,12968,0
6280,47128,54043,0
6281,50263,5310,0
6282,53505,32830,0
6283,12123,26555,0
6284,53832,67846,0
6285,22463,2971,0
6286,3966,8409,0
6287,46963,44739,0
6288,29391,25561,0
6289,18909,15937,0
6290,20998,28460,0
6291,53260,55925,0
6292,217,68248,0
6293,56479,41557,0
6294,7645,15102,0
6295,20920,8123,0
6296,41568,57329,0
6297,50060,59804,0
6298,20249,42984,0
6299,28964,41412,0
6300,62510,35141,0
6301,45140,7641,0
6302,27292,34411,0
6303,52940,6422,0
6304,48135,7440,0
6305,25610,25357,0
6306,29703,44092,0
6307,22722,3178,0
6308,57451,26090,0
6309,33108,31773,0
6310,48994,50819,0
6311,1212,31086,0
6312,32688,32631,0
6313,48329,57603,0
6314,10273,61861,0
6315,21746,55499,0
6316,57216,49707,0
6317,12722,15282,0
6318,54589,4227,0
6319,8326,8258,0
6320,44449,63512,0
6321,20594,18728,0
6322,3636,52321,0
6323,60377,51386,0
6324,36802,6170,0
6325,60881,48056,0
6326,6718,21392,0
6327,58891,46462,0
6328,37436,12620,0
6329,43234,59094,0
6330,20389,57275,0
6331,19563,1383,0
6332,66838,19862,0
6333,36967,11791,0
6334,6168,7680,0
6335,26622,22002,0
6336,65551,15312,0
6337,20545,47040,0
6338,68110,54439,0
6339,48011,25060,0
6340,30703,29536,0
6341,52945,39543,0
6342,9758,2299,0
6343,21614,6415,0
6344,45222,21679,0
6345,7352,2663,0
6346,37737,22886,0
6347,52978,8742,0
6348,5930,11808,0
6349,41477,47667,0
6350,9106,66623,0
6351,10381,18254,0
6352,64964,46340,0
6353,39977,56683,0
6354,50044,31382,0
6355,63242,67395,0
6356,56649,19885,0
6357,10512,50369,0
6358,62649,12766,0
6359,12417,23750,0
6360,12471,51140,0
6361,2738,17788,0
6362,20214,46114,0
6363,7221,51362,0
6364,19566,40158,0
6365,36849,19363,0
6366,902,1620,0
6367,45819,33999,0
6368,40169,64867,0
6369,16248,52671,0
6370,34491,33697,0
6371,59527,23725,0
6372,17256,58742,0
6373,44506,61378,0
6374,43779,44820,0
6375,19441,31212,0
6376,45759,61102,0
6377,65178,25490,0
6378,57423,67177,0
6379,2361,7532,0
6380,65799,24316,0
6381,51647,39390,0
6382,25324,25372,0
6383,3798,32870,0
6384,51139,65367,0
6385,31207,15273,0
6386,39516,19629,0
6387,65181,14479,0
6388,19059,46286,0
6389,18369,5270,0
6390,38820,26692,0
6391,243,57329,0
6392,27282,9539,0
6393,16221,36313,0
6394,47484,62660,0
6395,9790,54224,0
6396,66483,35833,0
6397,38574,43745,0
6398,48945,26168,0
6399,13952,13552,0
6400,36604,46956,0
6401,2608,32956,0
6402,55413,11385,0
6403,61653,62276,0
6404,36895,47792,0
6405,35017,36738,0
6406,16307,39181,0
6407,32531,38473,0
6408,37546,54550,0
6409,45438,23473,0
6410,24112,61137,0
6411,55022,62814,0
6412,6828,21803,0
6413,22526,67157,0
6414,27777,28372,0
6415,48340,58815,0
6416,32645,5141,0
6417,25894,33081,0
6418,23490,59293,0
6419,9727,67573,0
6420,9910,47073,0
6421,44085,36248,0
6422,25932,51017,0
6423,15839,10007,0
6424,62629,26779,0
6425,56354,17091,0
6426,52686,2487,0
6427,10964,6300,0
6428,9784,64762,0
6429,62253,51753,0
6430,6297,23220,0
6431,65286,5310,0
6432,4764,55708,0
6433,2577,27616,0
6434,56991,8208,0
6435,62394,57383,0
6436,41958,3720,0
6437,60859,39703,0
6438,269,11327,0
6439,10710,21595,0
6440,3849,24600,0
6441,10848,19764,0
6442,31625,49136,0
6443,9515,29580,0
6444,24655,22307,0
6445,30,15398,0
6446,30945,49078,0
6447,3869,63242,0
6448,46099,38837,0
6449,64800,29898,0
6450,3868,4708,0
6451,35024,34358,0
6452,36958,18087,0
6453,10130,39396,0
6454,62268,32377,0
6455,6125,30090,0
6456,40729,66026,0
6457,2658,3235,0
6458,26233,11515,0
6459,14895,10931,0
6460,60129,16911,0
6461,21389,25993,0
6462,41653,25919,0
6463,25903,42187,0
6464,20183,31596,0
6465,21691,4990,0
6466,48813,61530,0
6467,18220,4410,0
6468,43567,42751,0
6469,25151,41070,0
6470,25501,3028,0
6471,3353,59090,0
6472,45134,46957,0
6473,59444,63753,0
6474,54602,57239,0
6475,52220,33494,0
6476,63466,28358,0
6477,1607,55092,0
6478,4507,27616,0
6479,65932,64118,0
6480,39372,29644,0
6481,32527,32555,0
6482,52547,66358,0
6483,67971,61613,0
6484,14592,5337,0
6485,19217,15532,0
6486,25195,14650,0
6487,14299,60519,0
6488,42881,5841,0
6489,35703,49135,0
6490,32414,2356,0
6491,63713,54830,0
6492,55848,23770,0
6493,15600,39185,0
6494,25964,19955,0
6495,32640,47042,0
6496,44476,44838,0
6497,30419,47594,0
6498,3278,61272,0
6499,66177,36255,0
6500,9784,31998,0
6501,39432,63254,0
6502,53702,59974,0
6503,58952,66943,0
6504,21724,32191,0
6505,38412,28006,0
6506,43112,47403,0
6507,1210,8290,0
6508,66034,17092,0
6509,54235,14851,0
6510,33732,20790,0
6511,51090,982,0
6512,45045,43045,0
6513,55837,3701,0
6514,36096,64203,0
6515,35422,23498,0
6516,53075,62017,0
6517,60072,33483,0
6518,51345,20126,0
6519,5552,60083,0
6520,35353,7914,0
6521,11712,29053,0
6522,12089,40894,0
6523,51913,4439,0
6524,54180,17064,0
6525,65094,25201,0
6526,21766,26625,0
6527,28797,15120,0
6528,4608,33925,0
6529,49617,7544,0
6530,22789,54283,0
6531,61472,15887,0
6532,10268,7520,0
6533,28019,49140,0
6534,4012,17378,0
6535,19898,53979,0
6536,46343,44079,0
6537,25847,32169,0
6538,27225,22101,0
6539,67003,58446,0
6540,37062,37255,0
6541,32572,27910,0
6542,5762,33450,0
6543,23534,14074,0
6544,45484,12778,0
6545,20706,63040,0
6546,27403,20912,0
6547,23513,26595,0
6548,2026,66684,0
6549,13432,51007,0
6550,5867,17801,0
6551,49729,24277,0
6552,55147,17562,0
6553,60391,32190,0
6554,29760,27007,0
6555,15483,22282,0
6556,58246,7777,0
6557,32341,17310,0
6558,60387,41841,0
6559,5407,40723,0
6560,1558,3869,0
6561,16483,58613,0
6562,23102,18796,0
6563,28930,9849,0
6564,3184,42888,0
6565,49333,18525,0
6566,45565,50813,0
6567,25111,54298,0
6568,7045,10877,0
6569,57091,44547,0
6570,1595,11911,0
6571,42679,3340,0
6572,25833,44873,0
6573,60075,5033,0
6574,22511,41264,0
6575,44627,34113,0
6576,3726,22009,0
6577,2611,34890,0
6578,59087,67341,0
6579,45732,13371,0
6580,52438,2655,0
6581,32055,41781,0
6582,30894,53780,0
6583,52013,7514,0
6584,53628,39976,0
6585,40167,12863,0
6586,7911,66236,0
6587,47057,62444,0
6588,148,7466,0
6589,32557,27764,0
6590,3865,27783,0
6591,44895,18955,0
6592,64530,12264,0
6593,41289,66790,0
6594,65694,48866,0
6595,40674,16545,0
6596,36823,24947,0
6597,53394,6689,0
6598,40133,42763,0
6599,33899,45478,0
6600,45783,20338,0
6601,48799,1028,0
6602,19838,25013,0
6603,28524,11100,0
6604,58078,42622,0
6605,9390,27341,0
6606,23273,32242,0
6607,63532,15610,0
6608,14795,62644,0
6609,17393,44642,0
6610,16015,774,0
6611,39895,62856,0
6612,4743,28959,0
6613,14230,23397,0
6614,9564,19113,0
6615,2838,3170,0
6616,35619,19771,0
6617,10057,52183,0
6618,28944,45780,0
6619,20241,14087,0
6620,40363,27149,0
6621,24,59552,0
6622,8461,64008,0
6623,57055,7643,0
6624,33501,10095,0
6625,31929,66013,0
6626,1149,41913,0
6627,19897,62664,0
6628,67551,49781,0
6629,36549,67790,0
6630,24189,36237,0
6631,14022,6385,0
6632,49326,24072,0
6633,34765,16976,0
6634,52029,39823,0
6635,38426,21726,0
6636,22871,29648,0
6637,57875,32378,0
6638,11956,55928,0
6639,1189,55548,0
6640,53821,15684,0
6641,40735,52949,0
6642,18237,38420,0
6643,45066,58071,0
6644,60859,60161,0
6645,51793,54248,0
6646,8466,63907,0
6647,31027,5017,0
6648,8656,65875,0
6649,41095,17970,0
6650,38265,25023,0
6651,31629,891,0
6652,52219,15438,0
6653,25253,54515,0
6654,42675,45275,0
6655,52966,5382,0
6656,20861,11349,0
6657,38496,46264,0
6658,14096,26402,0
6659,42976,39111,0
6660,51583,45031,0
6661,37168,50099,0
6662,45759,20911,0
6663,1810,29511,0
6664,49972,10349,0
6665,9694,19554,0
6666,65764,9848,0
6667,40510,10421,0
6668,12202,18047,0
6669,16975,60633,0
6670,6099,680,0
6671,38937,11749,0
6672,16229,20470,0
6673,32381,49862,0
6674,29925,42776,0
6675,56826,18870,0
6676,38527,49921,0
6677,63324,32429,0
6678,22692,29360,0
6679,28530,46242,0
6680,66387,13155,0
6681,40501,53195,0
6682,32869,56552,0
6683,26879,27695,0
6684,39744,20848,0
6685,1165,2224,0
6686,40079,10462,0
6687,5615,36266,0
6688,64116,44819,0
6689,27264,22398,0
6690,1938,12579,0
6691,61279,66706,0
6692,33155,13918,0
6693,65696,31992,0
6694,18535,58696,0
6695,9516,44408,0
6696,59197,38681,0
6697,304,29495,0
6698,38148,5912,0
6699,26767,40785,0
6700,27655,51764,0
6701,60325,30221,0
6702,13320,849,0
6703,16902,37022,0
6704,47862,1629,0
6705,44682,17487,0
6706,12482,28426,0
6707,31562,58164,0
6708,49936,5389,0
6709,50156,39485,0
6710,4154,24856,0
6711,11977,32588,0
6712,3590,2113,0
6713,13010,5478,0
6714,44067,22440,0
6715,63205,53593,0
6716,65280,1027,0
6717,36330,5095,0
6718,59809,58400,0
6719,48252,16521,0
6720,32792,51227,0
6721,721,31614,0
6722,222,46075,0
6723,3349,60936,0
6724,19208,1033,0
6725,50894,52334,0
6726,22787,28610,0
6727,13957,43078,0
6728,38239,37358,0
6729,59819,10112,0
6730,17002,66224,0
6731,6009,28194,0
6732,63785,21497,0
6733,63531,54783,0
6734,18555,17598,0
6735,33238,33875,0
6736,55247,50608,0
6737,9423,45717,0
6738,51722,58080,0
6739,25275,24534,0
6740,59410,18623,0
6741,19557,44339,0
6742,46632,50421,0
6743,33315,40467,0
6744,39794,10632,0
6745,57336,48897,0
6746,60086,63780,0
6747,961,40642,0
6748,55814,505,0
6749,13155,2442,0
6750,39273,32357,0
6751,5975,9319,0
6752,51600,10122,0
6753,87,35253,0
6754,56750,11555,0
6755,19002,45338,0
6756,52492,62121,0
6757,14598,15878,0
6758,60775,8687,0
6759,45494,53516,0
6760,19474,20341,0
6761,18998,21525,0
6762,24601,56194,0
6763,8685,3435,0
6764,49221,20241,0
6765,68207,44083,0
6766,30889,9830,0
6767,34365,25461,0
6768,22644,25652,0
6769,43461,14167,0
6770,54909,63501,0
6771,45588,32538,0
6772,37967,14131,0
6773,44393,60242,0
6774,24434,53680,0
6775,52077,63653,0
6776,42364,48459,0
6777,10062,55599,0
6778,37923,23695,0
6779,43007,6489,0
6780,42147,46061,0
6781,15539,13355,0
6782,46547,58723,0
6783,63282,18627,0
6784,155,56278,0
6785,16307,1781,0
6786,25645,68312,0
6787,37931,24329,0
6788,24688,61333,0
6789,49538,44301,0
6790,22672,17166,0
6791,6552,18701,0
6792,36073,26749,0
6793,41055,52956,0
6794,40106,41423,0
6795,5371,39858,0
6796,19816,56426,0
6797,50497,44241,0
6798,26361,49473,0
6799,31637,27035,0
6800,8815,60200,0
6801,48293,5480,0
6802,67495,30808,0
6803,43235,17576,0
6804,11908,35931,0
6805,46997,48960,0
6806,40606,14218,0
6807,37110,20917,0
6808,10446,28575,0
6809,23425,16959,0
6810,34502,7260,0
6811,36867,58180,0
6812,52815,44362,0
6813,57577,4411,0
6814,14386,56360,0
6815,45807,35731,0
6816,10589,55852,0
6817,4942,39457,0
6818,3011,29890,0
6819,2752,6736,0
6820,17829,47645,0
6821,15668,45200,0
6822,37593,10229,0
6823,6876,11550,0
6824,47327,15020,0
6825,11249,11575,0
6826,54638,54879,0
6827,27001,66354,0
6828,42226,10097,0
6829,36817,54311,0
6830,41106,21412,0
6831,50954,62938,0
6832,16516,30296,0
6833,55339,9367,0
6834,47239,37361,0
6835,39078,58039,0
6836,52100,57408,0
6837,7730,49544,0
6838,38156,55412,0
6839,32456,67429,0
6840,25724,1198,0
6841,43973,53428,0
6842,37805,47790,0
6843,19679,20530,0
6844,55124,8034,0
6845,10139,14058,0
6846,61019,61533,0
6847,33766,2255,0
6848,39940,14607,0
6849,32116,6283,0
6850,44358,23510,0
6851,29028,57012,0
6852,36309,26809,0
6853,26788,64409,0
6854,55018,14317,0
6855,32392,25205,0
6856,20951,61631,0
6857,5127,18205,0
6858,40377,23415,0
6859,15913,18930,0
6860,19543,67732,0
6861,62746,12286,0
6862,51416,15871,0
6863,4661,62390,0
6864,16902,17152,0
6865,62655,324,0
6866,24408,43574,0
6867,42821,55269,0
6868,37989,31729,0
6869,11123,59401,0
6870,44401,3588,0
6871,35357,53743,0
6872,8868,56536,0
6873,47660,26607,0
6874,60458,64343,0
6875,18016,17562,0
6876,63457,1025,0
6877,66707,8939,0
6878,8458,28128,0
6879,52087,9585,0
6880,39097,15554,0
6881,46171,24548,0
6882,32536,44123,0
6883,11559,36981,0
6884,61810,27319,0
6885,65557,51442,0
6886,15691,67101,0
6887,39893,32109,0
6888,40301,61628,0
6889,12495,12264,0
6890,19671,48835,0
6891,43431,15978,0
6892,28706,56580,0
6893,33254,11323,0
6894,39055,51564,0
6895,17504,58188,0
6896,57776,28912,0
6897,21250,54878,0
6898,37626,48334,0
6899,46273,48936,0
6900,21540,21053,0
6901,61728,24073,0
6902,59891,41339,0
6903,16455,28541,0
6904,38765,49460,0
6905,57803,23914,0
6906,19954,10097,0
6907,63246,63413,0
6908,62368,14071,0
6909,6070,12136,0
6910,39367,16828,0
6911,47461,29163,0
6912,34318,47907,0
6913,6613,36266,0
6914,67666,33661,0
6915,44005,62818,0
6916,15336,60011,0
6917,18940,51897,0
6918,41313,31615,0
6919,17257,31040,0
6920,6715,2247,0
6921,4118,11012,0
6922,55302,55796,0
6923,15258,47881,0
6924,22501,3344,0
6925,28431,61635,0
6926,62460,52777,0
6927,36450,60210,0
6928,46709,38329,0
6929,59377,52172,0
6930,23081,41419,0
6931,37395,63665,0
6932,18458,21347,0
6933,62832,4447,0
6934,33476,3197,0
6935,61732,58898,0
6936,24867,51657,0
6937,45557,29740,0
6938,62987,38830,0
6939,40024,51630,0
6940,63656,30812,0
6941,39963,68358,0
6942,50867,29677,0
6943,4529,1828,0
6944,51711,60768,0
6945,63018,8865,0
6946,51052,46426,0
6947,62332,29608,0
6948,42687,30174,0
6949,52369,8368,0
6950,36017,30439,0
6951,25918,15120,0
6952,835,3782,0
6953,26182,2540,0
6954,46903,46389,0
6955,56290,22981,0
6956,62862,52089,0
6957,56145,14693,0
6958,30414,32758,0
6959,23455,39125,0
6960,57002,39889,0
6961,41945,52036,0
6962,40496,64777,0
6963,55637,55417,0
6964,19565,61700,0
6965,63357,17891,0
6966,54918,12476,0
6967,34256,489,0
6968,14495,61583,0
6969,900,10192,0
6970,48184,62684,0
6971,21416,65780,0
6972,63723,66700,0
6973,46634,50696,0
6974,44205,52905,0
6975,41844,54887,0
6976,12844,53134,0
6977,61294,28210,0
6978,31504,51675,0
6979,39702,20028,0
6980,8573,9700,0
6981,29069,53166,0
6982,63944,60594,0
6983,3790,65459,0
6984,42569,40333,0
6985,5497,46727,0
6986,57212,43952,0
6987,52838,34646,0
6988,1104,18660,0
6989,33717,15854,0
6990,17467,23231,0
6991,24041,57469,0
6992,9292,21379,0
6993,51538,42849,0
6994,27259,23257,0
6995,5840,42362,0
6996,7567,10773,0
6997,13682,47086,0
6998,5695,41137,0
6999,41517,51179,0
7000,36594,14135,0
7001,58862,59111,0
7002,14780,20837,0
7003,16333,28609,0
7004,10002,54546,0
7005,45282,63547,0
7006,48443,12061,0
7007,54118,57111,0
7008,4971,3064,0
7009,16832,43883,0
7010,66121,52730,0
7011,28357,5877,0
7012,10184,5690,0
7013,24024,66338,0
7014,47709,27045,0
7015,16075,2654,0
7016,1021,6946,0
7017,2050,53828,0
7018,67650,34632,0
7019,12590,47740,0
7020,32031,43300,0
7021,10998,32043,0
7022,65444,46845,0
7023,52877,44277,0
7024,18726,40984,0
7025,9803,26998,0
7026,18535,32678,0
7027,16781,46803,0
7028,41866,67025,0
7029,64340,4339,0
7030,54928,25216,0
7031,57474,41551,0
7032,57393,47199,0
7033,26138,46842,0
7034,16378,39473,0
7035,1844,57033,0
7036,48351,31854,0
7037,35505,17570,0
7038,43765,50820,0
7039,53122,51530,0
7040,31686,66009,0
7041,28613,1684,0
7042,20093,56527,0
7043,20690,14894,0
7044,67557,64776,0
7045,50586,24329,0
7046,63525,6052,0
7047,65071,7057,0
7048,31944,6699,0
7049,25847,80,0
7050,42687,50453,0
7051,22059,18391,0
7052,50663,26937,0
7053,8842,39715,0
7054,46300,29664,0
7055,46999,36643,0
7056,9188,59080,0
7057,18253,60533,0
7058,56252,2971,0
7059,32726,20023,0
7060,58239,29112,0
7061,32034,21332,0
7062,33297,63252,0
7063,19571,25272,0
7064,366,34068,0
7065,19296,46623,0
7066,65796,18194,0
7067,50260,53323,0
7068,28859,25328,0
7069,53500,19203,0
7070,11632,24370,0
7071,7236,6366,0
7072,12038,46851,0
7073,53601,34807,0
7074,6968,34081,0
7075,50008,35516,0
7076,42194,35308,0
7077,7915,47101,0
7078,34202,2975,0
7079,15239,60152,0
7080,56643,64361,0
7081,33380,32521,0
7082,48005,27004,0
7083,2169,30760,0
7084,44543,38334,0
7085,34138,38071,0
7086,50044,41740,0
7087,1148,30301,0
7088,38845,68390,0
7089,40387,62463,0
7090,26071,11300,0
7091,39501,35412,0
7092,49622,53017,0
7093,55144,62738,0
7094,37368,19804,0
7095,14505,63231,0
7096,14888,20903,0
7097,47672,37733,0
7098,15809,1750,0
7099,36665,32331,0
7100,45982,36726,0
7101,45366,55471,0
7102,57440,21372,0
7103,54833,46927,0
7104,42414,59276,0
7105,56160,44907,0
7106,17228,21606,0
7107,63743,35406,0
7108,34410,61372,0
7109,18783,37407,0
7110,66219,50979,0
7111,50641,57615,0
7112,2562,39688,0
7113,54673,23897,0
7114,16413,60017,0
7115,26025,12963,0
7116,35571,45346,0
7117,26591,19406,0
7118,11353,19871,0
7119,25336,64051,0
7120,735,54904,0
7121,29031,10810,0
7122,16333,52252,0
7123,25320,58146,0
7124,32841,11746,0
7125,52308,35369,0
7126,45579,22199,0
7127,35625,59339,0
7128,11793,31311,0
7129,22660,30819,0
7130,27093,59806,0
7131,44152,29074,0
7132,28149,14826,0
7133,68062,42280,0
7134,66053,24778,0
7135,11104,22138,0
7136,27359,56403,0
7137,28631,48169,0
7138,52146,54098,0
7139,29525,33161,0
7140,42197,41060,0
7141,4158,25199,0
7142,11842,12958,0
7143,35092,68334,0
7144,18342,14781,0
7145,59756,23874,0
7146,52478,23800,0
7147,53603,50517,0
7148,1533,35218,0
7149,2175,49198,0
7150,56912,9653,0
7151,48245,38974,0
7152,35834,56590,0
7153,19417,46397,0
7154,3481,53021,0
7155,51572,39743,0
7156,11566,19513,0
7157,3644,35560,0
7158,49000,37164,0
7159,34497,38922,0
7160,67688,25430,0
7161,12047,59040,0
7162,18296,25223,0
7163,48040,44462,0
7164,30143,6078,0
7165,27681,9242,0
7166,57675,32385,0
7167,62437,40668,0
7168,17194,170,0
7169,61064,50158,0
7170,28773,66857,0
7171,18313,1214,0
7172,12805,18521,0
7173,25013,48465,0
7174,17975,56871,0
7175,10062,55429,0
7176,48061,54446,0
7177,20845,54984,0
7178,31922,30584,0
7179,15505,8678,0
7180,10324,15074,0
7181,47640,64615,0
7182,44662,47703,0
7183,20806,4693,0
7184,1850,34121,0
7185,5373,63122,0
7186,8807,62654,0
7187,11687,8176,0
7188,16532,32264,0
7189,4418,44897,0
7190,17427,13284,0
7191,30229,53244,0
7192,132,35303,0
7193,67634,4378,0
7194,42937,62827,0
7195,43639,8746,0
7196,55339,54836,0
7197,49033,63727,0
7198,1567,12948,0
7199,65232,28858,0
7200,50780,36434,0
7201,34143,59771,0
7202,9572,18320,0
7203,38347,47576,0
7204,67413,60535,0
7205,173,45986,0
7206,48920,59302,0
7207,4978,61782,0
7208,42166,14630,0
7209,177,33758,0
7210,67091,8467,0
7211,57601,38336,0
7212,49548,1734,0
7213,41076,18588,0
7214,38379,35610,0
7215,48454,22801,0
7216,35967,41223,0
7217,55492,2124,0
7218,54480,36122,0
7219,61842,50168,0
7220,62977,31135,0
7221,62107,67439,0
7222,10367,27032,0
7223,5971,51037,0
7224,15415,55320,0
7225,16928,63951,0
7226,12187,29523,0
7227,38424,58091,0
7228,40964,8128,0
7229,4844,51346,0
7230,26258,30433,0
7231,51605,34615,0
7232,33872,42731,0
7233,26266,55619,0
7234,21418,58585,0
7235,59862,34444,0
7236,16732,48819,0
7237,32721,53554,0
7238,53075,27239,0
7239,43173,5750,0
7240,51968,40403,0
7241,66040,15597,0
7242,59039,48826,0
7243,59997,22984,0
7244,31885,41196,0
7245,23516,32283,0
7246,11482,24791,0
7247,26917,3295,0
7248,7004,11968,0
7249,66487,63075,0
7250,7114,8835,0
7251,37943,55788,0
7252,3820,9340,0
7253,67760,2411,0
7254,4332,38291,0
7255,42826,3168,0
7256,44735,29549,0
7257,40275,56553,0
7258,580,59313,0
7259,13741,41805,0
7260,18111,43305,0
7261,10794,28348,0
7262,28652,11234,0
7263,33622,28775,0
7264,53973,60552,0
7265,40758,58938,0
7266,30203,33508,0
7267,4980,23761,0
7268,26279,26771,0
7269,9281,23706,0
7270,3955,17906,0
7271,24207,46050,0
7272,33704,65126,0
7273,63136,59526,0
7274,29302,33043,0
7275,56822,31605,0
7276,51609,24731,0
7277,50465,1078,0
7278,39349,47427,0
7279,15433,37496,0
7280,31602,46208,0
7281,52962,20569,0
7282,39648,35000,0
7283,191,57024,0
7284,52192,18989,0
7285,30205,10105,0
7286,23111,23604,0
7287,61962,24154,0
7288,60218,44688,0
7289,3677,3184,0
7290,36621,33186,0
7291,63589,32378,0
7292,37347,4491,0
7293,63546,7608,0
7294,42794,49424,0
7295,9258,1598,0
7296,63920,49479,0
7297,57713,51280,0
7298,58335,61296,0
7299,37027,58992,0
7300,7094,36015,0
7301,13584,7164,0
7302,31033,61785,0
7303,63267,65872,0
7304,35911,58788,0
7305,48209,11965,0
7306,31626,15871,0
7307,694,30124,0
7308,42163,43751,0
7309,2859,52622,0
7310,35132,48803,0
7311,64059,52983,0
7312,17401,51123,0
7313,16331,58528,0
7314,37705,43090,0
7315,51290,48182,0
7316,31290,66711,0
7317,31303,52648,0
7318,11522,11148,0
7319,30243,63662,0
7320,24151,19570,0
7321,6073,9052,0
7322,29721,51471,0
7323,51851,12499,0
7324,51336,25987,0
7325,64504,56762,0
7326,65207,44266,0
7327,1235,51469,0
7328,52332,14236,0
7329,29227,27518,0
7330,56479,48337,0
7331,31373,21517,0
7332,44690,20058,0
7333,25392,42713,0
7334,56896,21844,0
7335,18495,3693,0
7336,67260,50418,0
7337,4540,5863,0
7338,15584,22149,0
7339,1878,19473,0
7340,32927,5180,0
7341,27349,53972,0
7342,48639,66464,0
7343,27269,32120,0
7344,38145,35279,0
7345,9304,27601,0
7346,16178,37083,0
7347,21288,40857,0
7348,35084,64051,0
7349,34102,23063,0
7350,7387,31047,0
7351,51725,14585,0
7352,16670,31568,0
7353,25545,19540,0
7354,43484,8058,0
7355,7691,15428,0
7356,35693,32675,0
7357,7944,31164,0
7358,42156,41295,0
7359,47066,43045,0
7360,65135,12359,0
7361,56801,12658,0
7362,39948,59394,0
7363,9252,63424,0
7364,22206,32469,0
7365,51440,35366,0
7366,21074,15404,0
7367,21858,63329,0
7368,27657,56021,0
7369,19492,3866,0
7370,4201,47000,0
7371,49876,6296,0
7372,42375,4378,0
7373,6378,21729,0
7374,38387,19512,0
7375,47303,21858,0
7376,32514,37354,0
7377,48992,13202,0
7378,33970,908,0
7379,45776,58039,0
7380,23168,60358,0
7381,53073,59017,0
7382,64863,21514,0
7383,64462,48722,0
7384,8599,54042,0
7385,5821,5987,0
7386,6121,45315,0
7387,4855,23747,0
7388,15372,58382,0
7389,67712,28465,0
7390,30008,13506,0
7391,62888,10236,0
7392,54767,12809,0
7393,68136,67216,0
7394,16030,36973,0
7395,50446,56604,0
7396,62369,18506,0
7397,18489,67101,0
7398,47210,23118,0
7399,21348,40327,0
7400,14075,49707,0
7401,22026,32067,0
7402,5317,29447,0
7403,52224,43050,0
7404,31563,64384,0
7405,7094,65891,0
7406,28824,27144,0
7407,47538,21191,0
7408,10446,26889,0
7409,23320,39640,0
7410,58505,13141,0
7411,54331,34002,0
7412,61551,52351,0
7413,45255,46494,0
7414,54861,34767,0
7415,4108,57445,0
7416,60190,63732,0
7417,5358,5765,0
7418,40306,40519,0
7419,34217,67999,0
7420,1638,32762,0
7421,50474,49837,0
7422,48792,31285,0
7423,55061,4167,0
7424,24518,40505,0
7425,13496,48564,0
7426,29136,49001,0
7427,6707,39927,0
7428,16988,13879,0
7429,9542,20188,0
7430,67407,18249,0
7431,65524,48439,0
7432,56370,40269,0
7433,59938,40181,0
7434,68395,21751,0
7435,51857,6282,0
7436,10523,53940,0
7437,33171,604,0
7438,6882,25933,0
7439,38472,9804,0
7440,42985,9780,0
7441,15619,3641,0
7442,20457,35697,0
7443,9106,27918,0
7444,34266,847,0
7445,39209,42057,0
7446,12202,24381,0
7447,32535,13841,0
7448,53868,35264,0
7449,3212,9889,0
7450,38389,10342,0
7451,52837,50231,0
7452,16206,38377,0
7453,8322,43749,0
7454,3233,17865,0
7455,15823,44674,0
7456,39951,34737,0
7457,56611,30309,0
7458,35395,57519,0
7459,51991,29067,0
7460,40023,62856,0
7461,25565,1886,0
7462,48916,22942,0
7463,4919,35295,0
7464,18622,21798,0
7465,8490,50363,0
7466,10590,40564,0
7467,10184,41898,0
7468,31600,46926,0
7469,9015,15374,0
7470,65040,41116,0
7471,42724,45610,0
7472,24062,9279,0
7473,55785,33305,0
7474,47400,50628,0
7475,18302,17121,0
7476,21288,47831,0
7477,16975,44501,0
7478,38239,46387,0
7479,55677,61583,0
7480,64466,58322,0
7481,9353,42150,0
7482,19509,52901,0
7483,30108,32249,0
7484,66083,56454,0
7485,38183,28235,0
7486,34306,47042,0
7487,49553,14771,0
7488,16163,46637,0
7489,44650,22385,0
7490,54723,56804,0
7491,39771,22594,0
7492,21483,51339,0
7493,11174,35016,0
7494,55641,33504,0
7495,57918,40145,0
7496,20389,39161,0
7497,554,49396,0
7498,44677,20092,0
7499,16398,36496,0
7500,58310,23046,0
7501,64124,33273,0
7502,5340,28913,0
7503,67257,59681,0
7504,55692,36339,0
7505,35097,55391,0
7506,1459,29435,0
7507,47362,17683,0
7508,12544,59763,0
7509,5253,52850,0
7510,31127,40653,0
7511,34522,39159,0
7512,33791,30686,0
7513,45220,31776,0
7514,42329,34541,0
7515,61737,67825,0
7516,54571,38453,0
7517,21021,19189,0
7518,47925,24467,0
7519,31510,47561,0
7520,14972,21505,0
7521,25088,18426,0
7522,61627,24274,0
7523,39207,60103,0
7524,43320,20033,0
7525,35571,13761,0
7526,63692,59909,0
7527,57732,44336,0
7528,62233,6988,0
7529,20000,41770,0
7530,3940,56914,0
7531,1370,43521,0
7532,17533,48277,0
7533,40377,16784,0
7534,35047,11022,0
7535,28318,25096,0
7536,24660,33986,0
7537,48344,39658,0
7538,42181,65850,0
7539,44662,22164,0
7540,14523,39534,0
7541,63259,46011,0
7542,39865,4214,0
7543,62361,22420,0
7544,47981,8630,0
7545,12626,19263,0
7546,1149,51620,0
7547,13614,54634,0
7548,31860,43933,0
7549,48572,28784,0
7550,25931,7207,0
7551,52304,60538,0
7552,44035,18854,0
7553,57982,51438,0
7554,16274,8970,0
7555,66331,8587,0
7556,59523,39304,0
7557,40165,36814,0
7558,48292,4761,0
7559,9426,31325,0
7560,4001,8890,0
7561,12043,20398,0
7562,45448,41722,0
7563,61294,22697,0
7564,6912,53203,0
7565,40911,54851,0
7566,61859,48215,0
7567,1102,40549,0
7568,22361,43393,0
7569,22514,19091,0
7570,5761,13290,0
7571,23626,64445,0
7572,14006,43037,0
7573,35848,48668,0
7574,1794,68311,0
7575,19563,56692,0
7576,1566,12462,0
7577,56143,6404,0
7578,49540,18797,0
7579,5851,14514,0
7580,58965,13921,0
7581,54434,60954,0
7582,66751,51916,0
7583,57732,28871,0
7584,17929,13722,0
7585,19551,47991,0
7586,127,57699,0
7587,59450,9661,0
7588,9617,10584,0
7589,41797,44188,0
7590,8129,14711,0
7591,18569,63593,0
7592,25897,32567,0
7593,38378,51488,0
7594,63605,43745,0
7595,49841,61885,0
7596,48645,51608,0
7597,44289,65078,0
7598,1143,48439,0
7599,30966,13197,0
7600,40689,43796,0
7601,35466,13623,0
7602,36094,31687,0
7603,8181,22720,0
7604,58398,65289,0
7605,38231,48154,0
7606,32225,19632,0
7607,12713,18534,0
7608,55452,12273,0
7609,49375,13795,0
7610,28417,60834,0
7611,11872,13299,0
7612,23828,41124,0
7613,5380,16505,0
7614,68045,49124,0
7615,10696,588,0
7616,65588,20251,0
7617,52352,66706,0
7618,34126,55830,0
7619,47331,45619,0
7620,58035,67781,0
7621,14020,67251,0
7622,63389,9293,0
7623,47130,7253,0
7624,56375,66362,0
7625,4885,36869,0
7626,63257,33064,0
7627,17156,35711,0
7628,45556,51838,0
7629,29527,37855,0
7630,2264,46092,0
7631,65629,28232,0
7632,7617,33395,0
7633,5608,33229,0
7634,18680,39998,0
7635,35301,34794,0
7636,17973,27214,0
7637,22132,12683,0
7638,5013,66055,0
7639,51468,51226,0
7640,19182,7040,0
7641,33031,21458,0
7642,21654,37970,0
7643,39883,60140,0
7644,44818,36934,0
7645,13959,6405,0
7646,62890,45264,0
7647,23775,61864,0
7648,20263,12708,0
7649,17538,39490,0
7650,36974,19625,0
7651,46232,57822,0
7652,31537,21151,0
7653,8280,52966,0
7654,40909,61077,0
7655,4171,49233,0
7656,23967,50583,0
7657,12310,21838,0
7658,32907,21178,0
7659,52297,35285,0
7660,35535,8450,0
7661,47925,49367,0
7662,52917,3959,0
7663,62960,37039,0
7664,25602,66581,0
7665,26497,60368,0
7666,55110,66719,0
7667,28624,68185,0
7668,55343,18462,0
7669,28532,45104,0
7670,53652,61333,0
7671,33587,42269,0
7672,59683,58016,0
7673,9408,22068,0
7674,19380,29633,0
7675,3291,57457,0
7676,34606,462,0
7677,62723,40633,0
7678,24716,62685,0
7679,5559,9789,0
7680,25505,57343,0
7681,29425,11805,0
7682,31230,5809,0
7683,7799,24830,0
7684,34173,14221,0
7685,8217,51385,0
7686,64349,5547,0
7687,30944,60931,0
7688,36923,58277,0
7689,44775,66704,0
7690,24317,65478,0
7691,30568,31301,0
7692,40826,47383,0
7693,10231,68408,0
7694,24300,7096,0
7695,6995,59322,0
7696,53214,36564,0
7697,40435,19246,0
7698,28099,42307,0
7699,62587,29809,0
7700,66768,29236,0
7701,28747,51993,0
7702,31435,11212,0
7703,1667,3671,0
7704,17903,34018,0
7705,60378,48785,0
7706,67808,43478,0
7707,51240,6421,0
7708,2427,58552,0
7709,55709,27464,0
7710,36751,63930,0
7711,28267,7117,0
7712,14747,10916,0
7713,58989,18328,0
7714,55319,26012,0
7715,36370,32868,0
7716,56295,57611,0
7717,25702,4486,0
7718,53470,30687,0
7719,3660,46352,0
7720,12770,34925,0
7721,13539,47725,0
7722,45190,17351,0
7723,23326,29849,0
7724,7401,45273,0
7725,60528,57889,0
7726,50426,48656,0
7727,13634,6777,0
7728,44052,42645,0
7729,38632,31312,0
7730,4111,1580,0
7731,64618,20782,0
7732,66382,33451,0
7733,8018,10637,0
7734,45349,1701,0
7735,16391,5369,0
7736,29758,28713,0
7737,36079,4021,0
7738,20217,18990,0
7739,17673,29654,0
7740,19429,48988,0
7741,44415,57682,0
7742,5774,47699,0
7743,33475,61923,0
7744,20920,45830,0
7745,38057,37742,0
7746,19379,13656,0
7747,20949,59344,0
7748,17755,154,0
7749,49532,28934,0
7750,487,1355,0
7751,58047,36194,0
7752,36230,54227,0
7753,61868,27650,0
7754,56780,30910,0
7755,18676,49029,0
7756,20346,51161,0
7757,5874,14465,0
7758,48786,27743,0
7759,14524,41177,0
7760,48442,35871,0
7761,44505,26302,0
7762,34980,34534,0
7763,40438,40449,0
7764,65951,64309,0
7765,8055,1523,0
7766,2951,33868,0
7767,25072,42512,0
7768,26409,14929,0
7769,64419,57325,0
7770,28448,21347,0
7771,38238,19442,0
7772,28647,30885,0
7773,4171,66036,0
7774,36141,43508,0
7775,39095,2400,0
7776,17176,10204,0
7777,35672,41835,0
7778,25999,8835,0
7779,6372,8649,0
7780,33422,23458,0
7781,37418,23365,0
7782,13269,367,0
7783,46358,5018,0
7784,66026,31529,0
7785,20697,30537,0
7786,9818,51630,0
7787,22178,54519,0
7788,41369,64766,0
7789,21492,41060,0
7790,21752,13804,0
7791,31107,11693,0
7792,60458,25935,0
7793,16739,22583,0
7794,53455,67418,0
7795,49740,65537,0
7796,35686,47445,0
7797,21181,66748,0
7798,59700,46672,0
7799,31934,15893,0
7800,59147,8726,0
7801,48808,22627,0
7802,14546,1466,0
7803,32776,8339,0
7804,58217,28573,0
7805,63311,44953,0
7806,63718,16664,0
7807,10067,14522,0
7808,21664,27239,0
7809,17338,46450,0
7810,60925,28495,0
7811,67253,5451,0
7812,8645,53796,0
7813,35343,62349,0
7814,33823,23724,0
7815,2027,46299,0
7816,27354,49784,0
7817,20243,66967,0
7818,55094,50470,0
7819,29469,25183,0
7820,7412,37807,0
7821,5655,43730,0
7822,65431,13545,0
7823,19242,20374,0
7824,230,63419,0
7825,32579,26407,0
7826,41260,65234,0
7827,48844,10985,0
7828,39019,17137,0
7829,18273,66350,0
7830,21737,50666,0
7831,26908,13949,0
7832,60528,7128,0
7833,24518,23954,0
7834,1245,25229,0
7835,28507,47322,0
7836,63621,16055,0
7837,5865,8532,0
7838,34108,57629,0
7839,15222,25877,0
7840,26594,11608,0
7841,33053,52072,0
7842,55248,17889,0
7843,19914,55980,0
7844,7468,62954,0
7845,34125,22276,0
7846,16401,23447,0
7847,19893,33296,0
7848,68339,55702,0
7849,6636,8380,0
7850,58907,28208,0
7851,53149,45433,0
7852,20585,66106,0
7853,46702,65801,0
7854,59428,33107,0
7855,23425,57343,0
7856,33351,62150,0
7857,3841,41956,0
7858,7241,51675,0
7859,50728,13865,0
7860,45557,30681,0
7861,36474,65185,0
7862,47111,66756,0
7863,39829,61149,0
7864,30858,48241,0
7865,46653,8088,0
7866,45584,68124,0
7867,13580,48111,0
7868,60755,63641,0
7869,1568,12355,0
7870,59583,47804,0
7871,9294,28027,0
7872,24762,51166,0
7873,50165,30060,0
7874,41846,58368,0
7875,41352,26820,0
7876,47964,28163,0
7877,7093,50391,0
7878,13982,33207,0
7879,31655,32261,0
7880,56524,33028,0
7881,65141,67827,0
7882,44875,17035,0
7883,42015,38504,0
7884,57624,65014,0
7885,36417,40767,0
7886,33260,27792,0
7887,13644,45897,0
7888,31005,63015,0
7889,26540,12149,0
7890,11364,37890,0
7891,48938,26824,0
7892,1209,29644,0
7893,31207,21660,0
7894,20292,19075,0
7895,17056,13598,0
7896,34397,53961,0
7897,31045,27341,0
7898,42082,34736,0
7899,23698,49847,0
7900,19598,14619,0
7901,23979,4470,0
7902,2109,18110,0
7903,21584,19020,0
7904,11270,59570,0
7905,14429,30020,0
7906,5403,27150,0
7907,17442,22729,0
7908,39638,54979,0
7909,4573,45352,0
7910,59431,60386,0
7911,3592,52595,0
7912,23261,53390,0
7913,3942,8253,0
7914,9889,48590,0
7915,64672,15863,0
7916,13122,11169,0
7917,41418,30289,0
7918,53572,8024,0
7919,44190,19084,0
7920,65022,30920,0
7921,26164,33518,0
7922,68128,61137,0
7923,12074,55382,0
7924,33228,35951,0
7925,26169,3586,0
7926,59728,6293,0
7927,65022,33409,0
7928,15153,32190,0
7929,21128,60782,0
7930,51555,30006,0
7931,40806,14221,0
7932,10703,53415,0
7933,21323,10639,0
7934,52439,64985,0
7935,6770,43649,0
7936,60216,7040,0
7937,55164,46400,0
7938,48117,18300,0
7939,50150,37535,0
7940,35294,47792,0
7941,61224,4523,0
7942,55891,62496,0
7943,35632,52412,0
7944,16064,183,0
7945,22691,19545,0
7946,23399,63523,0
7947,7155,45824,0
7948,58265,19056,0
7949,26682,30633,0
7950,11289,62828,0
7951,1796,31593,0
7952,30851,6374,0
7953,39476,4044,0
7954,56421,38112,0
7955,48310,59987,0
7956,9286,28354,0
7957,7802,23870,0
7958,31346,22403,0
7959,24076,11198,0
7960,51759,55604,0
7961,58134,53874,0
7962,41992,16633,0
7963,14482,18580,0
7964,5166,58101,0
7965,48667,18031,0
7966,44716,34615,0
7967,42723,3588,0
7968,60824,62019,0
7969,60934,16761,0
7970,54656,52251,0
7971,42104,38471,0
7972,31017,3564,0
7973,44043,7730,0
7974,61926,33384,0
7975,39204,13631,0
7976,50235,12092,0
7977,17397,13826,0
7978,62420,36030,0
7979,65046,67537,0
7980,30538,15846,0
7981,38159,37871,0
7982,48008,5699,0
7983,29380,66066,0
7984,57153,2536,0
7985,15004,44222,0
7986,60282,35553,0
7987,34049,26737,0
7988,25988,33131,0
7989,57968,27573,0
7990,42334,50305,0
7991,50458,55529,0
7992,25895,7474,0
7993,37224,24846,0
7994,33913,30098,0
7995,7795,36108,0
7996,20324,26559,0
7997,29035,13810,0
7998,31157,4711,0
7999,26087,44668,0
8000,33026,27829,0
8001,23809,62647,0
8002,20526,66533,0
8003,7331,6573,0
8004,34650,38568,0
8005,8015,30193,0
8006,12316,68343,0
8007,56912,34396,0
8008,33487,63215,0
8009,223,7123,0
8010,19597,20713,0
8011,4676,60320,0
8012,51845,23466,0
8013,65700,35921,0
8014,63667,54452,0
8015,20014,13863,0
8016,32703,2817,0
8017,2416,60469,0
8018,50423,62714,0
8019,57912,16672,0
8020,8855,41097,0
8021,43299,65581,0
8022,57689,25237,0
8023,21682,55241,0
8024,59886,14277,0
8025,53636,51937,0
8026,17301,32996,0
8027,63171,52626,0
8028,56927,39393,0
8029,1359,1781,0
8030,3745,25578,0
8031,29465,8208,0
8032,17280,45953,0
8033,55348,63202,0
8034,27081,26783,0
8035,28707,10625,0
8036,62989,54341,0
8037,9116,67269,0
8038,63698,49189,0
8039,55181,67437,0
8040,28897,43999,0
8041,18485,62947,0
8042,10693,24578,0
8043,30631,26022,0
8044,26661,37670,0
8045,4004,39386,0
8046,13916,9128,0
8047,54012,48178,0
8048,6945,32772,0
8049,53092,49307,0
8050,26980,22624,0
8051,44658,49820,0
8052,14817,4646,0
8053,45119,7403,0
8054,39045,16283,0
8055,34711,8398,0
8056,47275,5157,0
8057,29250,42100,0
8058,65318,30783,0
8059,30412,51401,0
8060,27164,38407,0
8061,53861,22450,0
8062,8405,39538,0
8063,58438,29833,0
8064,17600,13030,0
8065,25734,29534,0
8066,18384,45474,0
8067,7343,20381,0
8068,58584,35615,0
8069,13666,23462,0
8070,53213,28608,0
8071,56028,20763,0
8072,58917,41521,0
8073,62147,46460,0
8074,62752,9437,0
8075,10185,59698,0
8076,40272,22407,0
8077,30208,26671,0
8078,54202,3429,0
8079,31541,26635,0
8080,5668,26161,0
8081,42537,22912,0
8082,31098,47800,0
8083,67817,50556,0
8084,1142,65604,0
8085,33629,49124,0
8086,11513,52981,0
8087,5673,14767,0
8088,29859,50318,0
8089,52447,36683,0
8090,49246,12653,0
8091,39231,32682,0
8092,6353,3220,0
8093,40557,59140,0
8094,37870,45642,0
8095,1190,27475,0
8096,5804,46400,0
8097,15680,63781,0
8098,63486,16021,0
8099,33282,5202,0
8100,57521,58106,0
8101,28355,12232,0
8102,54342,8109,0
8103,46096,27010,0
8104,44029,66876,0
8105,63281,62431,0
8106,28797,9926,0
8107,14857,24630,0
8108,58210,43021,0
8109,35441,28215,0
8110,11774,19755,0
8111,32907,19569,0
8112,13523,59086,0
8113,19757,3872,0
8114,8465,49742,0
8115,58519,14977,0
8116,27131,19080,0
8117,1412,25678,0
8118,9183,51130,0
8119,10301,34646,0
8120,1150,44466,0
8121,31714,61083,0
8122,39573,41181,0
8123,62107,7884,0
8124,60025,53020,0
8125,5371,6047,0
8126,50613,6064,0
8127,7840,35038,0
8128,39020,52413,0
8129,35033,42035,0
8130,46120,66502,0
8131,5411,17682,0
8132,32046,24819,0
8133,44014,5740,0
8134,403,63005,0
8135,5742,13052,0
8136,25544,14591,0
8137,53967,19737,0
8138,22290,59461,0
8139,53421,1255,0
8140,38134,18887,0
8141,14198,15517,0
8142,24208,51131,0
8143,54782,11075,0
8144,36174,22874,0
8145,22266,1912,0
8146,62765,36324,0
8147,45548,501,0
8148,58021,23603,0
8149,10413,30486,0
8150,18979,25601,0
8151,54409,27718,0
8152,37428,30854,0
8153,9012,45263,0
8154,57491,49680,0
8155,43243,666,0
8156,4408,17656,0
8157,42604,57897,0
8158,9466,29568,0
8159,36965,48753,0
8160,9958,58919,0
8161,58943,11158,0
8162,55540,16040,0
8163,52316,15343,0
8164,50720,45165,0
8165,64209,27476,0
8166,24781,39551,0
8167,16667,68088,0
8168,49242,28047,0
8169,2433,1294,0
8170,44240,8845,0
8171,64188,4652,0
8172,16544,59078,0
8173,19322,16893,0
8174,36812,49421,0
8175,32136,969,0
8176,10588,34530,0
8177,57922,45156,0
8178,4653,54828,0
8179,67305,7594,0
8180,48609,9666,0
8181,18734,47636,0
8182,38471,24243,0
8183,65229,40990,0
8184,56454,63182,0
8185,32304,20600,0
8186,16433,54206,0
8187,57689,59967,0
8188,3100,18479,0
8189,914,4514,0
8190,24193,66081,0
8191,50641,5999,0
8192,61078,27896,0
8193,37961,51984,0
8194,45738,34991,0
8195,56901,62108,0
8196,66577,24135,0
8197,39171,63632,0
8198,21086,67807,0
8199,65740,4644,0
8200,34095,16662,0
8201,55871,60275,0
8202,44621,61958,0
8203,43310,4421,0
8204,32875,62150,0
8205,49337,55738,0
8206,16708,35948,0
8207,17539,30490,0
8208,6521,2378,0
8209,22191,59897,0
8210,52000,29933,0
8211,10167,61043,0
8212,2044,17698,0
8213,1565,25590,0
8214,6049,36584,0
8215,13182,27128,0
8216,28313,46557,0
8217,64798,40872,0
8218,65005,3641,0
8219,27777,19115,0
8220,13627,5483,0
8221,26987,27367,0
8222,37337,12407,0
8223,40160,44956,0
8224,28554,11922,0
8225,38018,19023,0
8226,34704,20919,0
8227,6247,38676,0
8228,20263,20703,0
8229,53035,50519,0
8230,13048,13351,0
8231,15236,64097,0
8232,8798,48152,0
8233,62993,23499,0
8234,38489,14860,0
8235,43027,44651,0
8236,66242,9061,0
8237,44996,39011,0
8238,43566,46989,0
8239,60151,58961,0
8240,19858,63193,0
8241,4739,1888,0
8242,58246,32442,0
8243,52776,3497,0
8244,54955,64805,0
8245,57815,29268,0
8246,59647,11032,0
8247,5731,38660,0
8248,45423,31907,0
8249,24935,36121,0
8250,5385,35460,0
8251,32707,25808,0
8252,6769,44087,0
8253,26328,61786,0
8254,35741,36385,0
8255,36951,6050,0
8256,29859,51659,0
8257,15951,46430,0
8258,14590,9404,0
8259,16226,1285,0
8260,58245,29560,0
8261,47307,49017,0
8262,3000,57465,0
8263,26935,157,0
8264,10977,41917,0
8265,7401,14457,0
8266,43942,63951,0
8267,56162,48203,0
8268,20960,4344,0
8269,46524,25310,0
8270,22108,52504,0
8271,64416,60147,0
8272,50822,25749,0
8273,25648,38155,0
8274,31528,8064,0
8275,37034,55638,0
8276,21584,67687,0
8277,49514,41546,0
8278,63152,35436,0
8279,49179,62486,0
8280,21899,48863,0
8281,11903,17587,0
8282,23399,61012,0
8283,29205,15976,0
8284,34263,11892,0
8285,47463,18020,0
8286,39760,13404,0
8287,8316,42060,0
8288,15881,7666,0
8289,17851,33624,0
8290,12096,31577,0
8291,56679,1724,0
8292,64059,15763,0
8293,18920,66280,0
8294,67305,42476,0
8295,14318,56163,0
8296,16283,15564,0
8297,51489,4668,0
8298,16712,43437,0
8299,29721,6749,0
8300,24964,35166,0
8301,16478,16501,0
8302,3583,37071,0
8303,44645,34145,0
8304,58307,58226,0
8305,10024,68257,0
8306,62344,14666,0
8307,55990,35014,0
8308,38956,37471,0
8309,513,22728,0
8310,31477,38005,0
8311,31722,18063,0
8312,38480,35043,0
8313,48097,16536,0
8314,23119,20644,0
8315,18124,63713,0
8316,8363,40408,0
8317,31726,19011,0
8318,28202,25015,0
8319,21909,65608,0
8320,32612,12479,0
8321,38116,24228,0
8322,60774,33444,0
8323,835,17159,0
8324,9295,52562,0
8325,15605,37694,0
8326,26123,10064,0
8327,746,64826,0
8328,58786,10596,0
8329,21157,22010,0
8330,11739,13594,0
8331,7225,5180,0
8332,19587,23914,0
8333,32684,52969,0
8334,23008,6015,0
8335,42874,31252,0
8336,59016,17030,0
8337,23367,61332,0
8338,33561,34064,0
8339,39466,34392,0
8340,4205,49327,0
8341,14300,18502,0
8342,32053,37056,0
8343,10728,20698,0
8344,61421,40765,0
8345,11733,17296,0
8346,35254,5968,0
8347,47926,13087,0
8348,50696,37787,0
8349,42805,44372,0
8350,42120,20946,0
8351,58780,26376,0
8352,39608,13409,0
8353,68327,40741,0
8354,52097,44947,0
8355,56265,56320,0
8356,8731,66260,0
8357,33313,16514,0
8358,43865,7276,0
8359,30028,49552,0
8360,27095,18577,0
8361,40289,51624,0
8362,20093,53775,0
8363,41461,57508,0
8364,54182,36648,0
8365,45582,15686,0
8366,42831,48619,0
8367,12583,26624,0
8368,19893,22031,0
8369,4189,33976,0
8370,31723,56748,0
8371,68056,37932,0
8372,67990,43955,0
8373,16861,13809,0
8374,13525,10646,0
8375,1587,46562,0
8376,63994,11855,0
8377,22263,60306,0
8378,31042,40458,0
8379,39253,45888,0
8380,47799,60305,0
8381,50642,52491,0
8382,21102,41529,0
8383,53480,44715,0
8384,53460,59230,0
8385,46428,10720,0
8386,68115,38131,0
8387,54422,22395,0
8388,3916,32539,0
8389,61931,17491,0
8390,64441,49797,0
8391,40859,40135,0
8392,7977,9585,0
8393,32159,63285,0
8394,46227,28026,0
8395,52951,55598,0
8396,22115,19830,0
8397,25975,8790,0
8398,37053,63761,0
8399,20291,29021,0
8400,8310,50483,0
8401,63782,64002,0
8402,37212,36428,0
8403,1026,45526,0
8404,13308,58524,0
8405,64974,40248,0
8406,46094,60455,0
8407,37537,11496,0
8408,21187,29784,0
8409,22102,14477,0
8410,50212,18812,0
8411,29712,25977,0
8412,61546,64267,0
8413,59300,45859,0
8414,17770,61048,0
8415,1575,25046,0
8416,43475,6542,0
8417,50950,3544,0
8418,65265,60323,0
8419,31940,7776,0
8420,62798,17815,0
8421,46030,51744,0
8422,21556,9074,0
8423,6898,31843,0
8424,53992,61765,0
8425,54664,63962,0
8426,14604,34366,0
8427,54177,4736,0
8428,26857,21104,0
8429,18284,20526,0
8430,66025,13839,0
8431,4165,61550,0
8432,31181,28446,0
8433,2225,43119,0
8434,17170,7782,0
8435,39047,37804,0
8436,21811,31109,0
8437,34249,23910,0
8438,37264,2930,0
8439,51188,63653,0
8440,43954,2995,0
8441,26557,17186,0
8442,10497,37735,0
8443,33973,32924,0
8444,38809,157,0
8445,22151,15491,0
8446,53100,19331,0
8447,66222,28365,0
8448,34344,38271,0
8449,17641,64883,0
8450,8251,19612,0
8451,8669,16031,0
8452,61168,7734,0
8453,30673,28050,0
8454,61256,14389,0
8455,14950,22926,0
8456,40804,20903,0
8457,33316,41437,0
8458,905,55598,0
8459,16152,63108,0
8460,62875,64605,0
8461,15749,12315,0
8462,27383,10820,0
8463,11451,52705,0
8464,40217,50841,0
8465,35976,31246,0
8466,11288,24084,0
8467,64045,36196,0
8468,55467,21382,0
8469,41816,25928,0
8470,20708,32339,0
8471,14347,64895,0
8472,68223,43083,0
8473,44358,65240,0
8474,47190,5912,0
8475,6301,8186,0
8476,23651,4650,0
8477,58134,39357,0
8478,64741,35131,0
8479,20906,21781,0
8480,37093,29372,0
8481,34754,61050,0
8482,45144,68239,0
8483,21695,30055,0
8484,946,6236,0
8485,27448,23509,0
8486,36291,2771,0
8487,59067,28529,0
8488,46970,62785,0
8489,47327,49999,0
8490,66219,54373,0
8491,67731,3773,0
8492,36383,25415,0
8493,64683,61955,0
8494,14366,34288,0
8495,63532,10054,0
8496,60845,5500,0
8497,44807,45480,0
8498,63605,13854,0
8499,26117,38126,0
8500,65602,14633,0
8501,11457,27686,0
8502,46504,7155,0
8503,31393,31765,0
8504,65406,55346,0
8505,19476,10921,0
8506,56809,9592,0
8507,15397,6961,0
8508,30908,53887,0
8509,12203,56691,0
8510,13614,4259,0
8511,29827,45296,0
8512,23083,29236,0
8513,38277,55992,0
8514,49228,26926,0
8515,44445,42266,0
8516,59860,46430,0
8517,1120,51466,0
8518,40329,15582,0
8519,50574,59561,0
8520,4690,418,0
8521,8171,59355,0
8522,12006,48228,0
8523,4284,719,0
8524,18965,55937,0
8525,29493,54102,0
8526,9555,48528,0
8527,1173,59493,0
8528,54864,56736,0
8529,31768,54794,0
8530,60073,40486,0
8531,57762,50977,0
8532,42832,15975,0
8533,27336,19558,0
8534,13649,41240,0
8535,63415,5386,0
8536,60330,37980,0
8537,31650,59881,0
8538,2357,37927,0
8539,46090,25989,0
8540,28253,64766,0
8541,66002,8692,0
8542,51024,45324,0
8543,39617,21446,0
8544,28201,12805,0
8545,63699,22981,0
8546,59460,39708,0
8547,54202,253,0
8548,22070,36860,0
8549,6684,19359,0
8550,11700,13190,0
8551,65056,49468,0
8552,49471,46405,0
8553,22434,43313,0
8554,23233,63546,0
8555,25365,50857,0
8556,59340,22281,0
8557,33333,13337,0
8558,28430,12237,0
8559,13844,30679,0
8560,21161,60475,0
8561,16761,16058,0
8562,2749,60607,0
8563,17244,328,0
8564,25427,19095,0
8565,51024,60776,0
8566,66496,57782,0
8567,64539,26145,0
8568,27162,3859,0
8569,28163,64141,0
8570,21000,3857,0
8571,28453,21621,0
8572,56931,68350,0
8573,8350,58743,0
8574,48799,32616,0
8575,37093,36371,0
8576,37886,23140,0
8577,22756,55933,0
8578,65954,22048,0
8579,47450,49215,0
8580,35703,48841,0
8581,58820,21681,0
8582,65305,13014,0
8583,25626,25264,0
8584,12684,64428,0
8585,11026,53952,0
8586,29226,14921,0
8587,56620,24750,0
8588,24538,19027,0
8589,51485,57358,0
8590,26202,29685,0
8591,8520,33543,0
8592,31014,2977,0
8593,61526,52340,0
8594,30157,4244,0
8595,6171,59251,0
8596,15313,40748,0
8597,6828,30735,0
8598,44149,52669,0
8599,36552,14894,0
8600,48331,39147,0
8601,5512,27523,0
8602,56133,6913,0
8603,49177,54457,0
8604,52737,19518,0
8605,24123,36518,0
8606,59934,17320,0
8607,67042,21408,0
8608,1692,13747,0
8609,16939,467,0
8610,35801,13342,0
8611,67314,51086,0
8612,55806,33931,0
8613,3517,67612,0
8614,39231,62786,0
8615,21644,39369,0
8616,64248,46635,0
8617,3228,34311,0
8618,50990,11562,0
8619,668,21673,0
8620,1977,5409,0
8621,62277,29610,0
8622,18047,40817,0
8623,28954,52631,0
8624,1007,12159,0
8625,14905,20522,0
8626,61036,57012,0
8627,49088,37153,0
8628,47765,46550,0
8629,18335,33717,0
8630,34578,65340,0
8631,14105,35966,0
8632,30321,18581,0
8633,46572,38743,0
8634,43642,60539,0
8635,48061,20087,0
8636,12590,25486,0
8637,59789,12895,0
8638,21889,55262,0
8639,49663,61004,0
8640,57495,29049,0
8641,18743,67349,0
8642,58371,37629,0
8643,33197,59061,0
8644,21398,24081,0
8645,18995,23465,0
8646,47397,38420,0
8647,14372,9839,0
8648,42903,10113,0
8649,49960,63336,0
8650,62598,54937,0
8651,12740,34931,0
8652,27257,44716,0
8653,13819,45741,0
8654,66538,12859,0
8655,60161,28801,0
8656,37418,43905,0
8657,7103,35814,0
8658,64133,50129,0
8659,52395,35734,0
8660,43916,29940,0
8661,62008,18231,0
8662,40430,33903,0
8663,15853,13753,0
8664,49849,17891,0
8665,12664,42342,0
8666,12745,28475,0
8667,6521,15120,0
8668,58083,12988,0
8669,46290,18917,0
8670,68142,8808,0
8671,67325,21741,0
8672,51035,48104,0
8673,64482,5786,0
8674,1251,30294,0
8675,16980,35350,0
8676,53296,35625,0
8677,45918,28878,0
8678,62420,8660,0
8679,12705,68284,0
8680,27154,53151,0
8681,54182,12134,0
8682,64244,27699,0
8683,37349,56526,0
8684,14628,776,0
8685,65711,13438,0
8686,52710,21673,0
8687,45547,48904,0
8688,35929,26475,0
8689,55770,8584,0
8690,58744,10829,0
8691,12292,49470,0
8692,61209,32831,0
8693,60750,36618,0
8694,4661,37165,0
8695,28103,6645,0
8696,23777,52121,0
8697,49064,17651,0
8698,67434,19522,0
8699,33832,64675,0
8700,2311,56536,0
8701,31248,59158,0
8702,32272,41412,0
8703,3007,1743,0
8704,29098,17916,0
8705,10578,67463,0
8706,65286,2616,0
8707,49487,41548,0
8708,49971,29512,0
8709,4690,52064,0
8710,58281,55615,0
8711,33749,63795,0
8712,66196,34626,0
8713,60803,42606,0
8714,51181,66819,0
8715,23127,36600,0
8716,34095,14189,0
8717,58426,56787,0
8718,46765,29677,0
8719,2563,19547,0
8720,37291,8317,0
8721,54365,12475,0
8722,16652,52837,0
8723,35726,63079,0
8724,65033,2912,0
8725,5005,46079,0
8726,28784,43901,0
8727,35364,22861,0
8728,67724,29748,0
8729,4738,51669,0
8730,66782,46411,0
8731,395,17804,0
8732,4798,29182,0
8733,24716,57878,0
8734,27945,18443,0
8735,5663,23339,0
8736,2832,8889,0
8737,50118,19319,0
8738,50578,31760,0
8739,39681,29250,0
8740,56852,46144,0
8741,58086,25269,0
8742,39958,68412,0
8743,55042,49730,0
8744,45887,27436,0
8745,18869,52162,0
8746,55693,60247,0
8747,58204,54940,0
8748,64112,46339,0
8749,14044,15352,0
8750,36035,535,0
8751,9045,46329,0
8752,63377,66462,0
8753,16229,23716,0
8754,46238,63491,0
8755,49186,16199,0
8756,44472,2288,0
8757,44762,52983,0
8758,5537,7483,0
8759,41206,36740,0
8760,66514,3202,0
8761,55241,39906,0
8762,18649,25871,0
8763,49238,3257,0
8764,31471,48008,0
8765,26404,44087,0
8766,57115,51615,0
8767,43157,62400,0
8768,24507,9017,0
8769,38737,7500,0
8770,17930,2147,0
8771,64424,56375,0
8772,27477,33647,0
8773,63902,46796,0
8774,18841,9640,0
8775,14390,1064,0
8776,13324,28175,0
8777,59803,43074,0
8778,36631,41177,0
8779,9674,5297,0
8780,15759,27726,0
8781,56573,14171,0
8782,56766,18218,0
8783,66516,17102,0
8784,19488,23289,0
8785,10167,20969,0
8786,12664,29460,0
8787,19944,52883,0
8788,14310,52752,0
8789,24974,5331,0
8790,36609,51278,0
8791,20382,11997,0
8792,24102,51161,0
8793,17547,1154,0
8794,57331,64592,0
8795,30186,34889,0
8796,20102,16685,0
8797,11869,55929,0
8798,845,16890,0
8799,11870,36290,0
8800,21323,63553,0
8801,2814,42229,0
8802,38956,5487,0
8803,19692,61981,0
8804,34471,28056,0
8805,30458,34521,0
8806,10367,67656,0
8807,30146,59931,0
8808,14437,9430,0
8809,28440,6328,0
8810,62607,16635,0
8811,36094,62312,0
8812,32684,50264,0
8813,44574,38165,0
8814,53749,53941,0
8815,43621,4640,0
8816,65844,19288,0
8817,2675,47150,0
8818,59065,37744,0
8819,7986,1423,0
8820,53357,33165,0
8821,12685,22033,0
8822,33354,15750,0
8823,45135,68313,0
8824,1155,44439,0
8825,45696,31605,0
8826,42840,59826,0
8827,37989,58600,0
8828,28930,22862,0
8829,9345,52703,0
8830,20369,54905,0
8831,28002,54666,0
8832,13826,57602,0
8833,16406,51437,0
8834,7271,39308,0
8835,30048,60061,0
8836,21356,60607,0
8837,65766,13145,0
8838,51318,5208,0
8839,47596,40551,0
8840,14416,68260,0
8841,10489,43600,0
8842,30197,37295,0
8843,11301,63101,0
8844,64018,53837,0
8845,13240,12954,0
8846,49877,30682,0
8847,44880,43258,0
8848,50591,42259,0
8849,2408,26737,0
8850,6572,40978,0
8851,35320,4442,0
8852,17630,54555,0
8853,26312,17899,0
8854,53534,56357,0
8855,39263,53562,0
8856,33746,8409,0
8857,56504,30415,0
8858,15832,10178,0
8859,25013,25297,0
8860,49487,53076,0
8861,60525,30196,0
8862,15291,49135,0
8863,62213,63715,0
8864,57184,59594,0
8865,33852,10219,0
8866,57859,35732,0
8867,25970,10434,0
8868,59746,4303,0
8869,51374,58157,0
8870,29666,41117,0
8871,576,36360,0
8872,44072,3017,0
8873,24715,31082,0
8874,52436,46500,0
8875,27030,41502,0
8876,55112,18085,0
8877,45871,66898,0
8878,63526,55405,0
8879,11943,41288,0
8880,54161,32062,0
8881,7582,35753,0
8882,11700,54239,0
8883,54962,29742,0
8884,30743,62164,0
8885,48116,7480,0
8886,52399,193,0
8887,12855,2044,0
8888,56887,19623,0
8889,8016,18439,0
8890,23180,68127,0
8891,44706,14862,0
8892,43107,59237,0
8893,28940,23434,0
8894,13936,35464,0
8895,12246,18719,0
8896,17898,12080,0
8897,36155,62903,0
8898,30559,15361,0
8899,42092,58800,0
8900,44081,5939,0
8901,32613,44440,0
8902,45696,13273,0
8903,67278,49373,0
8904,55524,19341,0
8905,26147,60837,0
8906,38442,62711,0
8907,36092,49683,0
8908,66056,32846,0
8909,63481,64357,0
8910,57956,1277,0
8911,55312,17461,0
8912,48269,67295,0
8913,28611,13297,0
8914,30126,36718,0
8915,64043,39085,0
8916,40271,22201,0
8917,52519,64010,0
8918,62655,41916,0
8919,18060,48944,0
8920,39030,15150,0
8921,50673,16937,0
8922,31779,21221,0
8923,9020,33513,0
8924,61683,29789,0
8925,8446,66181,0
8926,28071,63799,0
8927,12484,37318,0
8928,55965,8037,0
8929,20292,36427,0
8930,23633,35198,0
8931,62182,12093,0
8932,14204,46441,0
8933,1844,56759,0
8934,48879,7095,0
8935,1590,32324,0
8936,7623,24685,0
8937,27863,2034,0
8938,49127,12908,0
8939,1722,51008,0
8940,18400,30062,0
8941,57935,57988,0
8942,45295,14504,0
8943,41408,67781,0
8944,26813,61497,0
8945,21560,32305,0
8946,8826,28701,0
8947,2915,4421,0
8948,10595,5295,0
8949,59602,55084,0
8950,63168,9061,0
8951,43810,34697,0
8952,54617,64740,0
8953,40160,58440,0
8954,17101,48188,0
8955,19980,27522,0
8956,27012,31618,0
8957,28088,62314,0
8958,20936,59599,0
8959,15396,48521,0
8960,13010,32463,0
8961,13902,63850,0
8962,49372,67421,0
8963,24655,13373,0
8964,57575,54685,0
8965,3730,12876,0
8966,51547,24992,0
8967,20501,45886,0
8968,52661,62090,0
8969,31298,42149,0
8970,55806,1127,0
8971,38117,33983,0
8972,36912,12344,0
8973,47672,44096,0
8974,65655,7379,0
8975,2294,40798,0
8976,64046,19176,0
8977,15314,8629,0
8978,29177,5392,0
8979,16887,14144,0
8980,26381,65339,0
8981,44711,37387,0
8982,10567,68339,0
8983,13622,24257,0
8984,32565,9160,0
8985,54332,56762,0
8986,23625,66744,0
8987,54998,19628,0
8988,41195,39035,0
8989,46160,29729,0
8990,30372,21588,0
8991,22467,35361,0
8992,13495,48200,0
8993,21145,27253,0
8994,35246,22546,0
8995,23155,8694,0
8996,96,66876,0
8997,60740,17979,0
8998,23868,17596,0
8999,31368,40623,0
9000,66908,31419,0
9001,9133,32734,0
9002,45191,13685,0
9003,3096,59973,0
9004,58305,31633,0
9005,43240,25402,0
9006,10794,35146,0
9007,35351,56127,0
9008,35402,59751,0
9009,39586,16672,0
9010,30470,66522,0
9011,48243,12699,0
9012,54082,51656,0
9013,40687,333,0
9014,35402,68028,0
9015,13610,42720,0
9016,42023,30097,0
9017,29281,40533,0
9018,66187,45827,0
9019,3034,42736,0
9020,54463,56838,0
9021,63864,11513,0
9022,44905,41163,0
9023,29076,8456,0
9024,36644,37786,0
9025,20496,63450,0
9026,1322,33574,0
9027,7115,38531,0
9028,40862,31566,0
9029,52583,67590,0
9030,66391,10982,0
9031,9404,48186,0
9032,52174,32977,0
9033,38380,11597,0
9034,18624,50345,0
9035,66577,379,0
9036,65333,40180,0
9037,35808,49534,0
9038,57622,19798,0
9039,6841,21598,0
9040,29488,59775,0
9041,21804,63837,0
9042,21631,52484,0
9043,46106,46608,0
9044,7598,39887,0
9045,42364,35641,0
9046,17816,23228,0
9047,47474,60822,0
9048,64438,17690,0
9049,54707,33873,0
9050,33545,66800,0
9051,67026,34973,0
9052,66051,66802,0
9053,54638,33779,0
9054,61837,57924,0
9055,57503,65674,0
9056,28080,4458,0
9057,48878,35367,0
9058,45968,51948,0
9059,53778,15927,0
9060,51354,13948,0
9061,62886,51330,0
9062,51345,39884,0
9063,856,65368,0
9064,58980,41574,0
9065,49000,4002,0
9066,41868,15983,0
9067,20177,63391,0
9068,37673,11532,0
9069,37523,53800,0
9070,8133,48319,0
9071,37673,39387,0
9072,57770,9392,0
9073,19875,23357,0
9074,17974,12448,0
9075,8533,43352,0
9076,59186,55121,0
9077,38092,34963,0
9078,44535,33678,0
9079,26682,13412,0
9080,48436,8075,0
9081,29446,53515,0
9082,20226,47308,0
9083,65838,56101,0
9084,3646,53312,0
9085,18758,62308,0
9086,9683,61508,0
9087,63848,34495,0
9088,6380,89,0
9089,67563,61806,0
9090,48059,25720,0
9091,35849,23127,0
9092,48639,18797,0
9093,61863,44351,0
9094,18322,11275,0
9095,15184,26409,0
9096,12889,36929,0
9097,65829,18118,0
9098,38511,18665,0
9099,47745,10122,0
9100,32971,39962,0
9101,7144,54455,0
9102,1968,41388,0
9103,65881,2157,0
9104,7137,1194,0
9105,4226,4408,0
9106,49141,16170,0
9107,35786,19878,0
9108,56883,15061,0
9109,50181,961,0
9110,7335,41746,0
9111,39087,8039,0
9112,33686,43166,0
9113,41018,99,0
9114,18754,21536,0
9115,38263,12229,0
9116,38263,10943,0
9117,51675,23573,0
9118,44525,656,0
9119,62325,45827,0
9120,4582,12988,0
9121,10472,66542,0
9122,63684,24615,0
9123,64366,63691,0
9124,65135,60654,0
9125,37405,46715,0
9126,14888,24118,0
9127,67577,61979,0
9128,15243,19659,0
9129,40309,12495,0
9130,64160,66949,0
9131,11708,18930,0
9132,53383,59043,0
9133,30678,34310,0
9134,25292,54921,0
9135,65705,44874,0
9136,31982,44887,0
9137,18825,56138,0
9138,45214,16352,0
9139,65173,60872,0
9140,41981,67357,0
9141,23378,4076,0
9142,31996,48113,0
9143,49187,29194,0
9144,57516,30680,0
9145,59334,65112,0
9146,65991,29262,0
9147,53564,33342,0
9148,31584,4112,0
9149,8836,61698,0
9150,41433,22656,0
9151,34703,12335,0
9152,35220,33117,0
9153,25197,59668,0
9154,22654,36339,0
9155,34056,63982,0
9156,9060,22295,0
9157,19380,3328,0
9158,47849,30530,0
9159,39182,16793,0
9160,29043,16921,0
9161,7176,12966,0
9162,18016,41035,0
9163,11072,54915,0
9164,41821,57562,0
9165,65852,64771,0
9166,64193,5541,0
9167,25887,20544,0
9168,49224,30542,0
9169,63847,62499,0
9170,64178,66985,0
9171,561,6191,0
9172,14022,60891,0
9173,61341,24889,0
9174,54012,15344,0
9175,60295,31218,0
9176,44799,24676,0
9177,32357,10025,0
9178,18395,10908,0
9179,27750,58373,0
9180,43394,12112,0
9181,60482,62446,0
9182,64789,34996,0
9183,9691,12801,0
9184,49177,30899,0
9185,25580,16585,0
9186,18788,11421,0
9187,23187,60098,0
9188,14471,62424,0
9189,68212,64701,0
9190,25450,35484,0
9191,4589,41260,0
9192,31637,24357,0
9193,49217,7787,0
9194,788,46619,0
9195,1987,7843,0
9196,42537,28487,0
9197,18801,39059,0
9198,58611,43714,0
9199,42698,56378,0
9200,1708,22305,0
9201,15817,6126,0
9202,59017,59171,0
9203,2979,19565,0
9204,9723,30736,0
9205,3325,52764,0
9206,20702,13761,0
9207,17344,19844,0
9208,19713,9642,0
9209,56676,49050,0
9210,18757,33846,0
9211,53926,11822,0
9212,5199,26573,0
9213,14029,25532,0
9214,34192,68371,0
9215,61168,35127,0
9216,40828,5976,0
9217,25883,42772,0
9218,6157,54682,0
9219,40608,31612,0
9220,30694,2335,0
9221,9758,343,0
9222,13322,42929,0
9223,50931,65086,0
9224,28138,32733,0
9225,8921,43745,0
9226,67556,26380,0
9227,50532,22363,0
9228,39,45019,0
9229,54994,48836,0
9230,65551,39676,0
9231,8813,58330,0
9232,17263,35636,0
9233,41802,51047,0
9234,17680,62186,0
9235,2426,13177,0
9236,3814,54188,0
9237,61901,8991,0
9238,18822,56306,0
9239,67305,46534,0
9240,55089,2961,0
9241,48072,16022,0
9242,56490,24443,0
9243,2000,10754,0
9244,12189,35113,0
9245,10464,40059,0
9246,1090,14909,0
9247,34797,30267,0
9248,8804,27959,0
9249,18376,15045,0
9250,23865,62316,0
9251,43726,3128,0
9252,64966,3255,0
9253,13733,25858,0
9254,44848,37871,0
9255,32872,44244,0
9256,1769,1562,0
9257,25569,66952,0
9258,60913,66980,0
9259,16261,48383,0
9260,3814,57,0
9261,60638,30027,0
9262,16333,1959,0
9263,46985,25827,0
9264,34452,48198,0
9265,55125,48771,0
9266,53749,47068,0
9267,55416,14554,0
9268,19826,24040,0
9269,19556,34885,0
9270,54723,33505,0
9271,61197,44120,0
9272,3774,44216,0
9273,62932,46683,0
9274,28332,22947,0
9275,17039,38851,0
9276,4089,53282,0
9277,42995,34196,0
9278,5510,36665,0
9279,26708,16773,0
9280,10987,64141,0
9281,27627,43713,0
9282,12739,10441,0
9283,47832,47395,0
9284,47359,10417,0
9285,42684,46423,0
9286,16425,19734,0
9287,9459,24468,0
9288,62435,47346,0
9289,54148,55343,0
9290,40149,37675,0
9291,37163,45433,0
9292,13961,67618,0
9293,24953,39299,0
9294,2049,22996,0
9295,43612,9760,0
9296,34354,53932,0
9297,64891,53195,0
9298,34126,40344,0
9299,9175,58051,0
9300,993,42324,0
9301,27296,170,0
9302,55018,67208,0
9303,32525,19159,0
9304,22336,11103,0
9305,13017,44816,0
9306,60671,32126,0
9307,32978,62675,0
9308,58655,18696,0
9309,9323,22407,0
9310,36842,41712,0
9311,46749,19440,0
9312,22671,38688,0
9313,36197,21796,0
9314,17641,53769,0
9315,29735,16462,0
9316,11382,31373,0
9317,45848,16524,0
9318,51363,1152,0
9319,50412,13313,0
9320,50595,13998,0
9321,66021,48921,0
9322,63578,42084,0
9323,47319,24336,0
9324,7872,21067,0
9325,19877,33658,0
9326,39875,45839,0
9327,13476,65665,0
9328,36426,20733,0
9329,41473,36503,0
9330,2689,6923,0
9331,57972,16913,0
9332,39671,59424,0
9333,31747,14080,0
9334,6674,43759,0
9335,46992,28441,0
9336,31027,61135,0
9337,230,25984,0
9338,52940,4696,0
9339,48709,48439,0
9340,9352,21894,0
9341,12278,36641,0
9342,67254,38593,0
9343,63077,7706,0
9344,20133,50888,0
9345,41555,42053,0
9346,40674,39946,0
9347,27352,41736,0
9348,30034,60059,0
9349,14853,67404,0
9350,25788,55915,0
9351,30229,40586,0
9352,56790,65865,0
9353,33763,49869,0
9354,58363,48533,0
9355,44667,28961,0
9356,2350,62178,0
9357,37562,49302,0
9358,62239,15418,0
9359,3069,24459,0
9360,10464,50510,0
9361,30763,7584,0
9362,54804,53944,0
9363,39772,2873,0
9364,68050,20182,0
9365,15585,52041,0
9366,7913,23895,0
9367,12742,27397,0
9368,43403,42601,0
9369,34324,18622,0
9370,12219,49119,0
9371,45870,26112,0
9372,18874,20200,0
9373,55185,52861,0
9374,9045,6292,0
9375,34258,58593,0
9376,11094,26694,0
9377,37336,29194,0
9378,49317,47884,0
9379,5567,5622,0
9380,19926,13892,0
9381,8476,31165,0
9382,1213,61476,0
9383,7249,25695,0
9384,2077,46749,0
9385,31486,36182,0
9386,34298,18883,0
9387,32292,43230,0
9388,35769,44272,0
9389,35763,25345,0
9390,30646,57452,0
9391,31381,24861,0
9392,51321,35982,0
9393,58687,27804,0
9394,58384,23857,0
9395,56679,7345,0
9396,44665,54516,0
9397,283,36386,0
9398,60161,54726,0
9399,33293,50994,0
9400,21719,3753,0
9401,23686,20366,0
9402,11439,27273,0
9403,20973,19527,0
9404,41969,58354,0
9405,42860,56507,0
9406,21888,39285,0
9407,22098,45702,0
9408,30230,24620,0
9409,661,27189,0
9410,21613,47770,0
9411,62652,4894,0
9412,23365,11283,0
9413,63203,66216,0
9414,5912,16761,0
9415,51202,40275,0
9416,47287,2540,0
9417,13462,52727,0
9418,26000,18582,0
9419,54153,27503,0
9420,31715,36037,0
9421,42703,30212,0
9422,4528,6377,0
9423,10963,57446,0
9424,65416,67167,0
9425,48452,12127,0
9426,59913,50185,0
9427,27964,33453,0
9428,48978,27235,0
9429,20955,58944,0
9430,9336,49706,0
9431,12467,32716,0
9432,19892,24377,0
9433,54334,16786,0
9434,63060,402,0
9435,27900,66794,0
9436,34376,50564,0
9437,64040,4579,0
9438,65897,36918,0
9439,53471,59623,0
9440,23209,32533,0
9441,68118,9449,0
9442,44104,64981,0
9443,44316,32569,0
9444,27549,50081,0
9445,28229,23342,0
9446,60410,2363,0
9447,64910,21596,0
9448,14312,8790,0
9449,17929,38601,0
9450,30518,37668,0
9451,29340,64738,0
9452,6644,32734,0
9453,33863,61176,0
9454,64009,29198,0
9455,18484,10820,0
9456,19282,33605,0
9457,45930,28897,0
9458,39316,23752,0
9459,43056,20627,0
9460,40851,32934,0
9461,50134,6974,0
9462,35788,54954,0
9463,63461,14651,0
9464,55972,57125,0
9465,36867,55347,0
9466,58229,43239,0
9467,29007,5369,0
9468,42562,43812,0
9469,15547,9017,0
9470,28340,25420,0
9471,3789,20921,0
9472,20729,3222,0
9473,9735,59290,0
9474,3264,5441,0
9475,49881,19473,0
9476,44424,29654,0
9477,23379,25066,0
9478,27337,35359,0
9479,9728,37228,0
9480,20695,61267,0
9481,25701,55928,0
9482,2245,17354,0
9483,54839,67651,0
9484,24903,24001,0
9485,14592,26487,0
9486,34464,17914,0
9487,38938,33330,0
9488,13089,67147,0
9489,4316,28576,0
9490,61191,13741,0
9491,631,53837,0
9492,4578,57680,0
9493,27280,56108,0
9494,41132,28164,0
9495,46305,41542,0
9496,65135,11626,0
9497,59108,26737,0
9498,40653,37855,0
9499,58283,11696,0
9500,46482,14547,0
9501,48798,61031,0
9502,39198,1413,0
9503,30172,48338,0
9504,41100,9384,0
9505,46320,64814,0
9506,48752,23089,0
9507,56954,8598,0
9508,9500,31786,0
9509,10675,2485,0
9510,32225,24587,0
9511,24371,28820,0
9512,14288,62797,0
9513,23581,18684,0
9514,11587,11485,0
9515,3798,63593,0
9516,62783,50365,0
9517,66841,62425,0
9518,61832,33385,0
9519,31675,20121,0
9520,13690,17423,0
9521,64038,3853,0
9522,60689,25799,0
9523,65337,19674,0
9524,56750,42521,0
9525,18360,24303,0
9526,27323,53694,0
9527,15588,15059,0
9528,27079,62295,0
9529,24408,64349,0
9530,60355,26956,0
9531,15947,51651,0
9532,2133,6953,0
9533,55433,44601,0
9534,45713,24996,0
9535,21733,14856,0
9536,19235,52293,0
9537,47256,60142,0
9538,25069,32225,0
9539,7431,28324,0
9540,27865,14205,0
9541,59513,42444,0
9542,58055,59956,0
9543,60443,34829,0
9544,33753,194,0
9545,14612,6596,0
9546,43397,23487,0
9547,3855,13330,0
9548,29612,31158,0
9549,14792,46556,0
9550,46326,64777,0
9551,31640,51887,0
9552,60831,1398,0
9553,52381,62508,0
9554,46260,66427,0
9555,703,21687,0
9556,8867,62812,0
9557,33747,60470,0
9558,35792,27727,0
9559,31632,25477,0
9560,34662,57071,0
9561,43726,45323,0
9562,58729,26632,0
9563,8165,41184,0
9564,32796,23599,0
9565,17603,67328,0
9566,23248,38288,0
9567,66023,39887,0
9568,68096,49689,0
9569,58731,39848,0
9570,28166,52903,0
9571,53408,4424,0
9572,16611,26023,0
9573,35138,39160,0
9574,14685,34910,0
9575,41244,17157,0
9576,1478,42582,0
9577,41555,486,0
9578,60286,41988,0
9579,37041,28447,0
9580,58750,54762,0
9581,21682,66952,0
9582,52654,19001,0
9583,33358,52671,0
9584,16439,33310,0
9585,22545,39164,0
9586,3906,63973,0
9587,58307,35785,0
9588,17128,2954,0
9589,37302,12986,0
9590,11156,68233,0
9591,37379,3705,0
9592,27130,1250,0
9593,28351,41512,0
9594,42841,13754,0
9595,55387,11732,0
9596,61471,38764,0
9597,9823,22029,0
9598,14752,21184,0
9599,39868,55994,0
9600,63698,43002,0
9601,24655,23819,0
9602,20379,5832,0
9603,7286,66093,0
9604,42437,34438,0
9605,58261,8346,0
9606,19931,14260,0
9607,64876,60890,0
9608,20814,29508,0
9609,2819,18701,0
9610,60672,35048,0
9611,49736,11978,0
9612,41350,45027,0
9613,63578,48080,0
9614,24939,11752,0
9615,36615,55870,0
9616,4626,32175,0
9617,54621,52632,0
9618,2987,54688,0
9619,34271,64109,0
9620,2699,54949,0
9621,65841,26070,0
9622,58670,21256,0
9623,10821,54308,0
9624,67025,28761,0
9625,8016,40988,0
9626,39552,59838,0
9627,24781,3699,0
9628,13845,55536,0
9629,29545,8299,0
9630,39793,61356,0
9631,16105,9322,0
9632,34433,61791,0
9633,68099,24315,0
9634,41638,39436,0
9635,23605,15277,0
9636,22399,3494,0
9637,1949,65855,0
9638,13207,1124,0
9639,19482,32349,0
9640,55421,45541,0
9641,65445,67009,0
9642,23028,30726,0
9643,16276,18027,0
9644,46034,14728,0
9645,61028,19102,0
9646,6944,61068,0
9647,42380,68009,0
9648,55693,3310,0
9649,61059,812,0
9650,68198,5343,0
9651,26567,2901,0
9652,58457,51330,0
9653,43077,51133,0
9654,40465,20768,0
9655,32285,25578,0
9656,16455,6463,0
9657,6266,32923,0
9658,49960,7663,0
9659,66715,28368,0
9660,59075,1015,0
9661,19772,59041,0
9662,5566,8023,0
9663,25010,12684,0
9664,1808,29696,0
9665,30640,41684,0
9666,418,41733,0
9667,46905,52932,0
9668,31661,11561,0
9669,15078,12266,0
9670,62533,37455,0
9671,31410,39758,0
9672,35015,55984,0
9673,11192,31825,0
9674,39718,4741,0
9675,25432,7121,0
9676,28783,59510,0
9677,23618,46110,0
9678,40199,59950,0
9679,13411,28605,0
9680,48712,16052,0
9681,53430,32203,0
9682,61227,21499,0
9683,62679,12750,0
9684,28997,35306,0
9685,62908,8067,0
9686,54828,7021,0
9687,39349,29262,0
9688,40829,6829,0
9689,43668,16822,0
9690,67917,27209,0
9691,20949,26578,0
9692,39293,2442,0
9693,52210,61411,0
9694,65034,57709,0
9695,29652,345,0
9696,61657,67286,0
9697,66154,34223,0
9698,23018,7237,0
9699,51483,56201,0
9700,32479,57928,0
9701,39470,46024,0
9702,26437,16663,0
9703,55448,17543,0
9704,35590,17771,0
9705,56383,43863,0
9706,61037,49410,0
9707,46569,4589,0
9708,52760,53634,0
9709,30585,13687,0
9710,56284,38301,0
9711,46376,19394,0
9712,6171,29622,0
9713,3401,41788,0
9714,4498,44647,0
9715,23454,52435,0
9716,5725,17830,0
9717,63007,41497,0
9718,33060,45480,0
9719,35227,50846,0
9720,49115,22301,0
9721,2265,41035,0
9722,55212,4100,0
9723,1081,68154,0
9724,33407,66162,0
9725,49366,54556,0
9726,28492,46694,0
9727,12929,64080,0
9728,62874,68149,0
9729,53802,17443,0
9730,62122,66945,0
9731,60785,44027,0
9732,18047,13549,0
9733,9134,30600,0
9734,46096,61629,0
9735,63199,15570,0
9736,36307,51704,0
9737,15483,2595,0
9738,50055,20421,0
9739,5572,28208,0
9740,15921,36893,0
9741,50881,29321,0
9742,20671,38970,0
9743,19619,43333,0
9744,14768,4917,0
9745,58702,34383,0
9746,36620,14607,0
9747,16094,42366,0
9748,65083,32033,0
9749,44420,34924,0
9750,51699,33097,0
9751,57171,34371,0
9752,52079,46691,0
9753,40316,18304,0
9754,57487,25491,0
9755,9220,46115,0
9756,41914,9946,0
9757,45463,46858,0
9758,53980,33637,0
9759,24250,24711,0
9760,10997,32454,0
9761,27411,14869,0
9762,12913,38332,0
9763,705,49900,0
9764,100,52620,0
9765,27844,10379,0
9766,62467,14799,0
9767,61699,23664,0
9768,55591,5147,0
9769,60950,22602,0
9770,14939,27782,0
9771,63345,55221,0
9772,15702,10810,0
9773,45169,54073,0
9774,17173,54173,0
9775,34512,24122,0
9776,57755,9074,0
9777,16066,30448,0
9778,60986,2132,0
9779,3081,19404,0
9780,21710,10909,0
9781,32917,4245,0
9782,51734,28671,0
9783,38299,49180,0
9784,55762,1743,0
9785,41044,65284,0
9786,49940,57088,0
9787,27237,55274,0
9788,21125,53121,0
9789,26550,45096,0
9790,43701,60341,0
9791,26481,57471,0
9792,11712,21840,0
9793,18956,40847,0
9794,21457,22858,0
9795,44401,17893,0
9796,52215,66765,0
9797,45943,20667,0
9798,45987,11410,0
9799,67129,13280,0
9800,23967,53532,0
9801,212,65692,0
9802,7697,51332,0
9803,63456,2958,0
9804,59665,54850,0
9805,2699,35127,0
9806,5164,32923,0
9807,51040,32714,0
9808,52430,57552,0
9809,27491,25676,0
9810,34005,56836,0
9811,46969,45308,0
9812,61238,41047,0
9813,19860,4257,0
9814,11473,59293,0
9815,20439,14669,0
9816,13234,57330,0
9817,555,29656,0
9818,13945,62126,0
9819,25645,61961,0
9820,3022,2782,0
9821,43356,35044,0
9822,33545,27172,0
9823,30326,55967,0
9824,63785,4234,0
9825,49167,982,0
9826,23208,54554,0
9827,54840,4384,0
9828,7244,2007,0
9829,28808,15115,0
9830,42261,15091,0
9831,26096,4616,0
9832,63670,3204,0
9833,11651,17273,0
9834,6217,14838,0
9835,66822,22549,0
9836,30303,39985,0
9837,63376,65221,0
9838,27336,61092,0
9839,19033,62067,0
9840,55309,9667,0
9841,50712,56053,0
9842,7912,67960,0
9843,44239,68318,0
9844,56231,66527,0
9845,7233,36748,0
9846,46287,6304,0
9847,40305,36089,0
9848,52094,18064,0
9849,58015,46626,0
9850,38732,14533,0
9851,22551,48737,0
9852,62892,28872,0
9853,21569,58944,0
9854,29905,19491,0
9855,53849,38735,0
9856,5153,61068,0
9857,66411,24921,0
9858,6944,5170,0
9859,30940,3864,0
9860,54282,16403,0
9861,30645,8071,0
9862,17705,33953,0
9863,47673,32009,0
9864,54854,40017,0
9865,38191,63907,0
9866,50818,66542,0
9867,25106,35101,0
9868,6177,54525,0
9869,12082,28038,0
9870,52208,66613,0
9871,21659,63916,0
9872,22015,31424,0
9873,13609,66222,0
9874,65833,48410,0
9875,24076,14855,0
9876,57762,38377,0
9877,41802,11737,0
9878,29515,57103,0
9879,4956,17336,0
9880,17999,55470,0
9881,7591,42189,0
9882,1101,61734,0
9883,26182,41578,0
9884,37287,31324,0
9885,64703,11997,0
9886,56329,42294,0
9887,52945,64360,0
9888,13494,3367,0
9889,51928,3172,0
9890,35248,50822,0
9891,56133,15781,0
9892,19074,23396,0
9893,59604,39331,0
9894,55848,12380,0
9895,33625,49514,0
9896,5046,63679,0
9897,20036,58366,0
9898,24086,15632,0
9899,6571,24865,0
9900,55197,27097,0
9901,18494,13502,0
9902,60049,37235,0
9903,19332,19532,0
9904,21568,4463,0
9905,33996,33580,0
9906,30516,27150,0
9907,63960,53356,0
9908,33959,55082,0
9909,6757,60297,0
9910,41978,21609,0
9911,49296,50221,0
9912,61755,16334,0
9913,64498,64978,0
9914,44681,42049,0
9915,31249,13295,0
9916,7864,246,0
9917,51655,51763,0
9918,41779,33757,0
9919,23038,45197,0
9920,40299,14869,0
9921,32034,37340,0
9922,45439,8530,0
9923,9313,17367,0
9924,48145,49212,0
9925,47045,19753,0
9926,36355,23701,0
9927,60380,11271,0
9928,36143,16848,0
9929,30129,5925,0
9930,13232,30672,0
9931,53305,19271,0
9932,59474,40559,0
9933,61805,37104,0
9934,46884,21349,0
9935,40192,23277,0
9936,54685,10714,0
9937,3556,37749,0
9938,35548,27884,0
9939,59605,19105,0
9940,19764,66118,0
9941,47044,8101,0
9942,42176,18873,0
9943,3147,57246,0
9944,28690,94,0
9945,59600,9701,0
9946,52735,9862,0
9947,39086,24464,0
9948,17165,58211,0
9949,66006,21729,0
9950,6125,61167,0
9951,43849,58879,0
9952,43073,45126,0
9953,25705,60147,0
9954,24646,49613,0
9955,8724,64134,0
9956,25604,36463,0
9957,16853,35464,0
9958,67413,28054,0
9959,5062,4179,0
9960,24355,47889,0
9961,62283,41511,0
9962,23516,61354,0
9963,38532,35370,0
9964,18351,65616,0
9965,15222,54,0
9966,44026,60959,0
9967,21395,11982,0
9968,62416,61452,0
9969,15298,44806,0
9970,5235,26375,0
9971,51838,48221,0
9972,48457,41882,0
9973,32381,13371,0
9974,56027,33671,0
9975,28330,67430,0
9976,12580,22980,0
9977,23260,12794,0
9978,20724,14284,0
9979,3329,52775,0
9980,7337,53817,0
9981,57334,4914,0
9982,61410,20207,0
9983,56828,46488,0
9984,52483,34451,0
9985,44503,18460,0
9986,12648,67763,0
9987,11985,67733,0
9988,17247,53467,0
9989,43245,40021,0
9990,67890,38176,0
9991,57665,15692,0
9992,63682,45002,0
9993,28426,58304,0
9994,13364,22086,0
9995,39266,19778,0
9996,67385,17351,0
9997,47542,2201,0
9998,9480,32474,0
9999,5566,37831,0
10000,33512,53497,0
10001,67115,29501,0
10002,59882,8115,0
10003,3112,28623,0
10004,40023,48412,0
10005,21780,3140,0
10006,47035,59339,0
10007,61671,17861,0
10008,3332,24856,0
10009,44176,20592,0
10010,37377,19203,0
10011,54860,63174,0
10012,14195,60832,0
10013,22799,21733,0
10014,40345,63245,0
10015,34714,25935,0
10016,56159,12373,0
10017,14108,36248,0
10018,27155,12012,0
10019,60141,2892,0
10020,11497,32848,0
10021,53673,21668,0
10022,49453,13842,0
10023,47987,12492,0
10024,57467,49633,0
10025,19441,65713,0
10026,9394,3227,0
10027,33707,25130,0
10028,58331,14801,0
10029,45919,21500,0
10030,35306,17871,0
10031,30882,41189,0
10032,30657,16380,0
10033,6976,65084,0
10034,57440,6489,0
10035,50226,19845,0
10036,10315,5300,0
10037,6398,54375,0
10038,12194,17639,0
10039,57484,36526,0
10040,64244,27462,0
10041,7772,17229,0
10042,52768,44297,0
10043,37032,58191,0
10044,24104,54925,0
10045,25083,62500,0
10046,4200,52505,0
10047,50102,49941,0
10048,33627,67342,0
10049,43652,296,0
10050,66601,44178,0
10051,14759,57308,0
10052,46258,15975,0
10053,39051,60298,0
10054,23890,54064,0
10055,56997,46650,0
10056,24275,44437,0
10057,24672,59059,0
10058,16166,40734,0
10059,58319,59765,0
10060,19322,23425,0
10061,23261,51775,0
10062,54928,40890,0
10063,48560,57202,0
10064,21558,27655,0
10065,10125,50940,0
10066,45395,64844,0
10067,39766,25257,0
10068,64345,22704,0
10069,43039,56734,0
10070,10456,30024,0
10071,13236,38296,0
10072,9779,9802,0
10073,7392,21127,0
10074,12219,16330,0
10075,9404,3948,0
10076,31150,46377,0
10077,43801,44243,0
10078,50892,56429,0
10079,64193,9799,0
10080,5046,14632,0
10081,26743,42031,0
10082,45989,33439,0
10083,56739,34447,0
10084,5077,34501,0
10085,63690,51255,0
10086,57894,58981,0
10087,24682,24120,0
10088,57549,5460,0
10089,5645,47533,0
10090,8051,10075,0
10091,11802,13264,0
10092,25663,21891,0
10093,16190,25668,0
10094,30224,13583,0
10095,55234,39015,0
10096,1916,57181,0
10097,64379,29953,0
10098,34997,66162,0
10099,2943,33538,0
10100,47623,33794,0
10101,16861,6518,0
10102,36642,30815,0
10103,62648,66944,0
10104,17650,64427,0
10105,25037,59746,0
10106,14792,30297,0
10107,52915,51766,0
10108,43925,46027,0
10109,37620,29234,0
10110,19068,10819,0
10111,39266,50846,0
10112,33890,30699,0
10113,57458,57422,0
10114,4208,826,0
10115,22662,62986,0
10116,16235,61686,0
10117,20771,53731,0
10118,17441,55170,0
10119,22277,60548,0
10120,1101,20264,0
10121,16164,23712,0
10122,2311,3430,0
10123,45296,61173,0
10124,63326,30358,0
10125,16936,2158,0
10126,27187,24686,0
10127,26251,12,0
10128,10547,5653,0
10129,4815,33624,0
10130,60852,62146,0
10131,21750,51147,0
10132,18113,6094,0
10133,34636,43708,0
10134,18774,36074,0
10135,1475,29070,0
10136,23902,64274,0
10137,41380,43457,0
10138,29139,37960,0
10139,58091,63934,0
10140,11838,50746,0
10141,40322,59486,0
10142,27469,45117,0
10143,39898,31394,0
10144,4209,27785,0
10145,67992,38423,0
10146,49848,94,0
10147,59971,68349,0
10148,1080,40218,0
10149,14594,49668,0
10150,54291,28466,0
10151,62379,4544,0
10152,8762,13033,0
10153,1007,37426,0
10154,46376,56510,0
10155,14839,25677,0
10156,33332,8237,0
10157,58200,1698,0
10158,30413,63252,0
10159,65944,2893,0
10160,61927,64786,0
10161,46086,15623,0
10162,55363,46230,0
10163,64391,45719,0
10164,5855,53986,0
10165,13086,739,0
10166,64737,23726,0
10167,26611,42989,0
10168,24486,65327,0
10169,52155,66160,0
10170,52800,2886,0
10171,58269,34233,0
10172,9364,49365,0
10173,32640,66543,0
10174,1149,16217,0
10175,2903,66551,0
10176,47862,8616,0
10177,62306,40841,0
10178,24355,21295,0
10179,31885,11367,0
10180,2736,36498,0
10181,59592,54313,0
10182,26605,63145,0
10183,3277,34939,0
10184,4369,13014,0
10185,46600,40532,0
10186,38030,51712,0
10187,64543,15944,0
10188,50118,54647,0
10189,68115,23992,0
10190,25291,2110,0
10191,39691,55774,0
10192,17548,7526,0
10193,40557,36825,0
10194,64972,310,0
10195,16828,3624,0
10196,11272,5603,0
10197,12590,19273,0
10198,36961,43543,0
10199,36073,30257,0
10200,1235,5439,0
10201,53849,39108,0
10202,63699,39603,0
10203,67550,30918,0
10204,25612,67065,0
10205,65835,51839,0
10206,3454,51715,0
10207,68374,62485,0
10208,49724,53241,0
10209,30893,38470,0
10210,34200,26993,0
10211,5349,52606,0
10212,42967,13126,0
10213,48277,38061,0
10214,51046,57613,0
10215,56145,37526,0
10216,35582,797,0
10217,58237,65371,0
10218,46917,39751,0
10219,30534,44814,0
10220,3943,52662,0
10221,44658,46299,0
10222,33799,12621,0
10223,36609,595,0
10224,66663,19832,0
10225,31241,68200,0
10226,12139,47030,0
10227,15429,32984,0
10228,27893,45370,0
10229,62097,58577,0
10230,36278,36882,0
10231,60185,35444,0
10232,7910,35292,0
10233,50406,29253,0
10234,25354,63238,0
10235,28453,25376,0
10236,59091,63831,0
10237,62981,23013,0
10238,35174,60759,0
10239,51340,669,0
10240,9985,25232,0
10241,36658,13094,0
10242,141,33673,0
10243,67673,60307,0
10244,2921,55319,0
10245,24427,41070,0
10246,13577,26961,0
10247,33045,18791,0
10248,56578,27599,0
10249,66837,27706,0
10250,32038,50861,0
10251,9123,10453,0
10252,64187,14707,0
10253,60955,45412,0
10254,47535,36499,0
10255,1553,66880,0
10256,35838,2536,0
10257,66920,2766,0
10258,207,6525,0
10259,16094,54697,0
10260,46771,50966,0
10261,45650,22842,0
10262,41901,42187,0
10263,3714,50026,0
10264,892,7273,0
10265,2243,34708,0
10266,67129,40303,0
10267,31702,26463,0
10268,57495,47447,0
10269,47769,29630,0
10270,10844,29344,0
10271,49146,52350,0
10272,58852,11974,0
10273,1795,42885,0
10274,36170,49257,0
10275,13032,50908,0
10276,9143,28083,0
10277,39864,41176,0
10278,27682,29710,0
10279,13889,35051,0
10280,1625,67332,0
10281,8331,39794,0
10282,64148,54468,0
10283,38086,57965,0
10284,28532,6887,0
10285,23006,56081,0
10286,24197,37938,0
10287,17836,24919,0
10288,42471,25843,0
10289,3909,64125,0
10290,15448,45469,0
10291,42768,42898,0
10292,29167,10216,0
10293,66768,8435,0
10294,60640,40760,0
10295,54701,33574,0
10296,15062,67076,0
10297,60855,35845,0
10298,11199,58686,0
10299,13634,61824,0
