,nodeid1,nodeid2,label
0,43841,29272,0
1,25597,26342,0
2,51891,36645,0
3,14924,63527,0
4,13259,36329,0
5,11478,58301,0
6,1318,3248,0
7,26672,31985,0
8,41399,45891,0
9,58940,46995,0
10,51265,48298,0
11,2052,30330,0
12,41661,57987,0
13,30560,17637,0
14,34286,57093,0
15,67149,30797,0
16,28635,62021,0
17,56291,51648,0
18,27229,27517,0
19,15496,43688,0
20,17712,25019,0
21,66306,5372,0
22,7317,17965,0
23,5326,43187,0
24,55680,63483,0
25,41377,25299,0
26,16618,11713,0
27,38060,12484,0
28,63312,42206,0
29,25870,58809,0
30,44791,32024,0
31,43354,51439,0
32,38957,18263,0
33,9759,51593,0
34,56350,67301,0
35,49056,50968,0
36,32464,37140,0
37,45922,30874,0
38,25433,1594,0
39,3086,21044,0
40,192,2121,0
41,21364,45303,0
42,49538,44469,0
43,63370,10638,0
44,25806,18745,0
45,28286,38315,0
46,53027,8037,0
47,58260,28455,0
48,21969,20736,0
49,30352,7733,0
50,36259,64432,0
51,4636,5483,0
52,64350,3222,0
53,31851,59883,0
54,31044,28062,0
55,67845,57476,0
56,40911,58954,0
57,13411,5109,0
58,60468,39138,0
59,1401,29579,0
60,2738,46974,0
61,15176,42706,0
62,21430,45512,0
63,2281,58980,0
64,56078,51386,0
65,51462,25740,0
66,3226,35794,0
67,29066,10608,0
68,2311,23773,0
69,58878,35447,0
70,20400,22604,0
71,21818,456,0
72,51675,3055,0
73,24209,21689,0
74,40684,625,0
75,56242,3159,0
76,47554,11504,0
77,37374,64508,0
78,40997,32294,0
79,36558,7102,0
80,191,66248,0
81,48833,64191,0
82,55359,13202,0
83,6698,67410,0
84,42238,25394,0
85,61802,50517,0
86,56431,54962,0
87,46971,2079,0
88,65180,13196,0
89,31273,66946,0
90,10193,49246,0
91,10004,57741,0
92,60699,60160,0
93,32300,30847,0
94,26874,46937,0
95,16229,24938,0
96,1762,46907,0
97,54435,36935,0
98,53462,49104,0
99,59757,17129,0
100,53130,5421,0
101,44800,48675,0
102,58897,1761,0
103,41791,8931,0
104,63728,50014,0
105,45949,33529,0
106,5504,65845,0
107,30954,30099,0
108,61674,60560,0
109,41892,18328,0
110,67032,23079,0
111,37525,27464,0
112,7259,24811,0
113,6938,28347,0
114,37077,61470,0
115,55313,535,0
116,4056,36758,0
117,24824,32204,0
118,49808,53843,0
119,22116,4874,0
120,22436,57570,0
121,33766,8832,0
122,63554,24349,0
123,44797,57782,0
124,40497,39715,0
125,17775,49497,0
126,47130,18020,0
127,68079,31749,0
128,35468,13260,0
129,49210,48949,0
130,52784,21782,0
131,58876,49189,0
132,12233,40230,0
133,68122,33230,0
134,25551,57083,0
135,26867,32359,0
136,15679,21407,0
137,16882,10614,0
138,26495,30491,0
139,23700,45251,0
140,49986,38516,0
141,15723,51864,0
142,67474,39917,0
143,63719,22040,0
144,32222,20711,0
145,38812,55521,0
146,62352,67665,0
147,23902,25915,0
148,18841,52791,0
149,46399,60303,0
150,42504,15573,0
151,15255,39279,0
152,25307,25877,0
153,37567,48111,0
154,42566,52983,0
155,8708,4973,0
156,7477,6696,0
157,44894,20179,0
158,11819,1912,0
159,56891,4652,0
160,45162,27095,0
161,25936,29139,0
162,19182,51137,0
163,54818,25650,0
164,27296,8338,0
165,45892,36051,0
166,27837,49827,0
167,11331,59973,0
168,49364,44319,0
169,5785,8219,0
170,67748,45106,0
171,27259,15904,0
172,10693,43385,0
173,31984,63897,0
174,36199,1727,0
175,463,5115,0
176,49932,63184,0
177,27854,19062,0
178,61319,18145,0
179,45485,26442,0
180,63995,65304,0
181,23038,50979,0
182,49748,37767,0
183,18344,41760,0
184,10223,24477,0
185,43614,15030,0
186,29472,10077,0
187,46543,31049,0
188,54118,56572,0
189,48358,13625,0
190,20279,19364,0
191,7996,32691,0
192,45169,20857,0
193,31051,48811,0
194,17933,27084,0
195,58558,33676,0
196,26474,8619,0
197,24193,36572,0
198,20052,43821,0
199,62044,66286,0
200,31160,315,0
201,47650,53841,0
202,4271,34925,0
203,17139,36367,0
204,39869,28522,0
205,41613,51697,0
206,26722,40475,0
207,34583,13448,0
208,55247,19860,0
209,52223,21386,0
210,56521,67895,0
211,64966,52907,0
212,46601,58308,0
213,1933,50719,0
214,19460,12758,0
215,28635,60102,0
216,19597,9021,0
217,51600,6020,0
218,44286,32879,0
219,61974,64371,0
220,14872,16488,0
221,48504,54323,0
222,53752,3720,0
223,59407,54,0
224,31373,4781,0
225,2910,55295,0
226,26773,38908,0
227,23332,43458,0
228,45693,47396,0
229,28803,63836,0
230,7455,3990,0
231,9990,37678,0
232,58914,42420,0
233,41477,6927,0
234,60347,26126,0
235,4087,31024,0
236,13210,34744,0
237,28340,32606,0
238,53524,60914,0
239,51134,9473,0
240,50950,54306,0
241,18500,41912,0
242,60625,61106,0
243,645,39851,0
244,172,65291,0
245,3096,26848,0
246,44398,55266,0
247,18013,66360,0
248,63174,8056,0
249,50526,51060,0
250,54867,25061,0
251,45718,47670,0
252,61402,50221,0
253,37507,21377,0
254,57248,4350,0
255,30246,22696,0
256,49931,42519,0
257,63334,25118,0
258,60302,35039,0
259,53342,3082,0
260,14958,62824,0
261,2650,62775,0
262,27541,374,0
263,1039,11769,0
264,36448,17556,0
265,18706,10694,0
266,25801,29505,0
267,3863,9179,0
268,27394,62657,0
269,51999,2211,0
270,36038,39352,0
271,35600,39300,0
272,57193,30217,0
273,43162,60714,0
274,19500,18364,0
275,62519,16539,0
276,14117,62542,0
277,51698,3077,0
278,29762,61695,0
279,56488,23591,0
280,51626,2504,0
281,23931,38090,0
282,62785,62341,0
283,23979,48307,0
284,62636,7573,0
285,63875,18907,0
286,27346,1946,0
287,53545,54005,0
288,9154,15710,0
289,49582,66791,0
290,27638,22651,0
291,32481,28212,0
292,38599,21183,0
293,12104,24677,0
294,49037,58247,0
295,50259,54948,0
296,59396,60792,0
297,32869,50003,0
298,8923,19076,0
299,47632,6847,0
300,5178,41884,0
301,28134,54087,0
302,50717,46606,0
303,65603,32850,0
304,41691,22056,0
305,9614,57427,0
306,25779,3757,0
307,48606,28788,0
308,50544,24442,0
309,59415,7174,0
310,15537,66994,0
311,61788,66470,0
312,36733,27852,0
313,52133,48253,0
314,54528,34404,0
315,52133,64113,0
316,23053,55747,0
317,29267,68197,0
318,403,19096,0
319,34160,30050,0
320,33742,48440,0
321,26657,19638,0
322,65829,58810,0
323,58357,11775,0
324,16949,32517,0
325,14130,52803,0
326,60338,20200,0
327,34735,45370,0
328,67540,15204,0
329,27005,4129,0
330,12136,65007,0
331,64112,59932,0
332,25240,42667,0
333,65615,67887,0
334,55863,66731,0
335,47202,19253,0
336,38742,21109,0
337,60561,43080,0
338,46728,3914,0
339,14495,30463,0
340,18114,55205,0
341,21747,38580,0
342,9910,9370,0
343,20405,54504,0
344,18804,19117,0
345,6082,67383,0
346,52150,58861,0
347,39607,12451,0
348,60486,49215,0
349,16969,11418,0
350,14938,28051,0
351,40478,66386,0
352,61674,24912,0
353,45057,57375,0
354,46453,17692,0
355,809,3265,0
356,66053,35989,0
357,23241,37769,0
358,60114,5838,0
359,48844,2514,0
360,66891,27474,0
361,24281,27303,0
362,30397,42145,0
363,40434,17669,0
364,26190,4035,0
365,9816,8915,0
366,58820,48113,0
367,7644,34569,0
368,53712,41295,0
369,58535,53509,0
370,26791,45061,0
371,12235,3601,0
372,31139,13744,0
373,7821,58417,0
374,46611,31555,0
375,40858,36880,0
376,25313,9445,0
377,41774,3521,0
378,33866,44608,0
379,32995,63758,0
380,29498,16169,0
381,57685,47152,0
382,57258,13814,0
383,39295,16403,0
384,6442,27436,0
385,11668,52568,0
386,56859,2079,0
387,12474,21529,0
388,13738,63791,0
389,6266,22342,0
390,21540,12968,0
391,29136,45027,0
392,20791,43968,0
393,34381,14903,0
394,17602,55530,0
395,7756,39294,0
396,9012,56983,0
397,14637,57747,0
398,11694,29309,0
399,8707,25731,0
400,40149,54443,0
401,64177,55777,0
402,3167,64310,0
403,16865,62671,0
404,62634,57512,0
405,6787,13198,0
406,30871,50335,0
407,33359,9627,0
408,8404,52048,0
409,38297,45050,0
410,31065,51273,0
411,67726,55984,0
412,42056,5114,0
413,65409,65247,0
414,16609,31121,0
415,6648,57327,0
416,53832,59551,0
417,7925,2484,0
418,67033,23522,0
419,58923,42975,0
420,20966,41862,0
421,60813,41626,0
422,22377,63578,0
423,33701,42822,0
424,60142,34965,0
425,65240,63320,0
426,10182,25934,0
427,47274,38754,0
428,44974,40172,0
429,19498,29429,0
430,53938,6862,0
431,27265,35719,0
432,34772,3586,0
433,6969,56920,0
434,44470,45847,0
435,8752,68155,0
436,32530,17544,0
437,4842,56754,0
438,18566,51327,0
439,31876,6130,0
440,44184,26465,0
441,6145,937,0
442,28015,61336,0
443,45000,20424,0
444,67535,29730,0
445,12684,20381,0
446,23314,56798,0
447,52751,55373,0
448,12063,17619,0
449,47937,61626,0
450,7471,11416,0
451,3915,19664,0
452,33291,61635,0
453,8289,5192,0
454,32751,57892,0
455,54321,48650,0
456,10455,56218,0
457,42821,48188,0
458,46575,24325,0
459,56831,39083,0
460,49228,44498,0
461,56531,40760,0
462,19235,42605,0
463,46904,66033,0
464,60252,24166,0
465,7498,15798,0
466,11176,24129,0
467,64629,55079,0
468,43652,37298,0
469,31747,20492,0
470,56698,30169,0
471,26192,28964,0
472,25528,37455,0
473,59893,17786,0
474,16518,18718,0
475,54495,9302,0
476,12390,54044,0
477,19426,39047,0
478,15555,32864,0
479,47551,24844,0
480,66782,2990,0
481,38957,49277,0
482,56830,22239,0
483,43548,10533,0
484,45537,49573,0
485,18776,55738,0
486,50319,23885,0
487,832,20150,0
488,44288,15564,0
489,18270,51091,0
490,43231,31019,0
491,50167,44968,0
492,31718,12601,0
493,49405,13481,0
494,12300,18155,0
495,55659,17562,0
496,9485,40135,0
497,52890,66143,0
498,27429,41485,0
499,62182,63871,0
500,31452,68019,0
501,39978,66944,0
502,4732,2946,0
503,68220,15478,0
504,39974,54817,0
505,1962,44945,0
506,17446,34103,0
507,64255,14054,0
508,41917,57927,0
509,8807,60016,0
510,29009,59956,0
511,28053,27253,0
512,2969,21326,0
513,49368,65557,0
514,36620,21034,0
515,16738,88,0
516,54237,26758,0
517,44253,40403,0
518,63236,31414,0
519,30578,58182,0
520,44411,50084,0
521,43451,2922,0
522,45565,36381,0
523,29304,32759,0
524,39588,30338,0
525,40449,13033,0
526,63511,43812,0
527,32611,38735,0
528,63466,7466,0
529,49664,57035,0
530,8242,33008,0
531,59531,26998,0
532,59247,50472,0
533,66092,58004,0
534,4040,27854,0
535,42541,33484,0
536,34309,55837,0
537,57244,6016,0
538,60845,674,0
539,31323,60924,0
540,27429,55933,0
541,50801,41124,0
542,52943,24376,0
543,31625,14494,0
544,63047,45354,0
545,57231,33988,0
546,66810,6449,0
547,67046,64401,0
548,19556,20589,0
549,39562,68224,0
550,24201,19158,0
551,65218,28654,0
552,66132,60976,0
553,44664,13984,0
554,276,14057,0
555,61064,39524,0
556,10269,34133,0
557,20437,21044,0
558,62813,57872,0
559,37835,53971,0
560,9908,44675,0
561,9743,50912,0
562,4931,19061,0
563,11793,46132,0
564,53473,29466,0
565,44905,44219,0
566,65264,58522,0
567,38891,22441,0
568,15723,7426,0
569,52922,62234,0
570,52987,54787,0
571,9304,51505,0
572,10205,27533,0
573,11364,11852,0
574,42379,29084,0
575,59067,39592,0
576,12367,28917,0
577,24102,1606,0
578,5537,65459,0
579,4866,16087,0
580,47215,37320,0
581,23180,67656,0
582,13278,59561,0
583,8855,51567,0
584,10411,18667,0
585,23928,55599,0
586,27039,51216,0
587,50050,18924,0
588,46781,36115,0
589,64807,31201,0
590,44724,46131,0
591,68235,40064,0
592,27582,31749,0
593,18995,39370,0
594,34331,49180,0
595,33244,53584,0
596,17419,23005,0
597,58176,4226,0
598,21827,35292,0
599,8787,32438,0
600,50563,61821,0
601,33786,8990,0
602,44853,64,0
603,564,2613,0
604,45591,61785,0
605,25330,30094,0
606,58738,45862,0
607,48316,3049,0
608,50850,139,0
609,5584,51309,0
610,52297,31788,0
611,2451,67601,0
612,20419,47509,0
613,30568,20169,0
614,31435,21887,0
615,49764,47227,0
616,24193,27872,0
617,14685,8962,0
618,58760,55367,0
619,56649,5225,0
620,67696,15530,0
621,60802,51109,0
622,16378,1030,0
623,53333,30192,0
624,31744,56724,0
625,52068,35601,0
626,21939,25766,0
627,62977,47727,0
628,27451,28097,0
629,58352,32101,0
630,56013,43679,0
631,28876,59941,0
632,55509,2483,0
633,38918,63343,0
634,52129,18928,0
635,50347,27143,0
636,63627,28810,0
637,9258,18208,0
638,29538,54310,0
639,4406,15404,0
640,50875,46048,0
641,52798,34824,0
642,28853,52818,0
643,43164,3466,0
644,15132,31855,0
645,6733,50045,0
646,44120,45120,0
647,761,58070,0
648,63941,34959,0
649,31009,4302,0
650,32173,64969,0
651,54059,306,0
652,34525,27701,0
653,25292,39027,0
654,14683,48998,0
655,59674,64016,0
656,61925,48913,0
657,55413,38233,0
658,61771,12532,0
659,49693,40107,0
660,56942,2383,0
661,52573,35554,0
662,46306,33319,0
663,67887,55251,0
664,14078,13341,0
665,57364,27647,0
666,17515,17466,0
667,12371,56752,0
668,26211,64184,0
669,24483,64098,0
670,15943,58120,0
671,51454,31829,0
672,43007,51860,0
673,7665,17638,0
674,41115,56778,0
675,47812,43692,0
676,56089,43687,0
677,43339,3364,0
678,32905,64730,0
679,51916,53158,0
680,44579,29103,0
681,49600,25841,0
682,49983,23192,0
683,118,54351,0
684,30472,55082,0
685,42918,47888,0
686,15717,12894,0
687,42901,15258,0
688,5566,2794,0
689,39800,56107,0
690,54629,39810,0
691,37913,36232,0
692,51771,59140,0
693,26628,9717,0
694,61821,19577,0
695,58207,58969,0
696,6017,59316,0
697,8523,60903,0
698,3603,51462,0
699,8843,17493,0
700,10059,49781,0
701,52215,51472,0
702,11668,53922,0
703,5101,29582,0
704,53829,64529,0
705,49127,264,0
706,40435,15685,0
707,56381,22031,0
708,12202,44306,0
709,39539,10891,0
710,11746,51970,0
711,24512,60761,0
712,13182,53581,0
713,47224,43341,0
714,61156,17047,0
715,37349,65862,0
716,47045,16791,0
717,48974,10792,0
718,7340,5646,0
719,32744,48312,0
720,32554,22246,0
721,43234,4711,0
722,62963,12835,0
723,8004,15849,0
724,49416,17195,0
725,54235,50086,0
726,14674,4311,0
727,67870,67672,0
728,4779,978,0
729,4723,3600,0
730,11289,65985,0
731,52447,20349,0
732,55908,65804,0
733,59172,58981,0
734,53108,48355,0
735,31711,4110,0
736,34497,48996,0
737,65355,14457,0
738,53734,28784,0
739,3027,60092,0
740,33426,29671,0
741,20419,25177,0
742,13645,24737,0
743,15478,9355,0
744,67355,22416,0
745,50025,7594,0
746,12102,32745,0
747,8079,23117,0
748,10677,42664,0
749,38032,17725,0
750,65111,3294,0
751,43942,39904,0
752,42120,64956,0
753,45590,27987,0
754,13502,47599,0
755,13548,28256,0
756,35781,24198,0
757,4247,15686,0
758,51771,35290,0
759,67943,27673,0
760,55770,59061,0
761,6580,17982,0
762,5089,4385,0
763,7322,6959,0
764,17295,36248,0
765,6495,13986,0
766,32821,17843,0
767,48379,27530,0
768,59683,15347,0
769,6619,66072,0
770,20843,48055,0
771,24897,25720,0
772,16817,53791,0
773,64127,23342,0
774,38019,51809,0
775,17839,67812,0
776,2919,33246,0
777,66838,64477,0
778,48381,67879,0
779,24716,40561,0
780,57507,9622,0
781,55487,51403,0
782,29864,1336,0
783,50888,62914,0
784,58566,53258,0
785,41340,54519,0
786,55315,4788,0
787,21535,51296,0
788,45657,17466,0
789,47940,38126,0
790,15599,60304,0
791,25262,19394,0
792,12453,67342,0
793,19285,10270,0
794,5530,2617,0
795,42499,64312,0
796,13144,63279,0
797,18078,36500,0
798,53617,7298,0
799,4852,42267,0
800,12261,62675,0
801,37521,20202,0
802,59360,50889,0
803,3046,38740,0
804,20570,17941,0
805,12136,59385,0
806,50990,32350,0
807,21593,66458,0
808,37344,39335,0
809,5996,50935,0
810,16391,40807,0
811,1700,60733,0
812,6117,12152,0
813,48920,48834,0
814,25048,29730,0
815,6350,16334,0
816,38946,49843,0
817,52834,48121,0
818,26551,55762,0
819,59366,7639,0
820,44471,28295,0
821,37047,32839,0
822,26955,63643,0
823,26403,56311,0
824,50930,29738,0
825,63821,15709,0
826,17451,38633,0
827,33638,68156,0
828,25680,64779,0
829,36143,3726,0
830,55175,6966,0
831,114,6524,0
832,9277,54768,0
833,27663,63645,0
834,8596,21833,0
835,2320,26597,0
836,31775,43251,0
837,24048,35426,0
838,23348,35328,0
839,63449,54271,0
840,7038,20249,0
841,20561,40479,0
842,36215,6069,0
843,28649,29367,0
844,37338,24689,0
845,61916,47653,0
846,34454,31643,0
847,10934,29233,0
848,66121,66364,0
849,53230,67989,0
850,13813,46727,0
851,1228,66704,0
852,42191,19533,0
853,59760,18795,0
854,58378,27615,0
855,13140,232,0
856,29919,8903,0
857,30846,54874,0
858,2784,41539,0
859,31944,3150,0
860,64926,51222,0
861,50837,58332,0
862,63499,10578,0
863,63793,24748,0
864,27893,35761,0
865,62890,27613,0
866,44052,37243,0
867,14926,17562,0
868,3716,13196,0
869,41447,8227,0
870,38129,55756,0
871,14674,21490,0
872,48357,64916,0
873,68268,40892,0
874,51211,15375,0
875,56651,18686,0
876,44222,15210,0
877,12164,38236,0
878,56873,18265,0
879,50319,12532,0
880,62195,10061,0
881,8786,7541,0
882,17338,42337,0
883,49114,38234,0
884,63152,57884,0
885,18056,47525,0
886,11040,55121,0
887,25427,61109,0
888,9444,29052,0
889,12339,43266,0
890,62040,37901,0
891,47943,35243,0
892,7462,68363,0
893,10472,32813,0
894,16993,50638,0
895,21876,51872,0
896,13016,17434,0
897,67381,56678,0
898,6013,8143,0
899,27637,17908,0
900,52409,1556,0
901,16928,37335,0
902,34359,38230,0
903,43235,32358,0
904,61814,50390,0
905,16825,27799,0
906,58522,14815,0
907,55860,63904,0
908,42111,58324,0
909,65129,62507,0
910,47070,12446,0
911,61079,5529,0
912,32577,15616,0
913,58079,6683,0
914,42105,44251,0
915,1114,4918,0
916,59759,47630,0
917,18147,66762,0
918,41429,5533,0
919,5891,53462,0
920,2597,11539,0
921,41087,22359,0
922,67508,19011,0
923,45731,6730,0
924,28693,25713,0
925,46127,33995,0
926,35172,3884,0
927,14443,10538,0
928,3998,12993,0
929,66206,35591,0
930,57639,47422,0
931,61400,62060,0
932,37819,8545,0
933,2891,67178,0
934,13907,15484,0
935,64424,33289,0
936,6942,5125,0
937,50115,46843,0
938,35682,26482,0
939,64936,59527,0
940,28166,42017,0
941,42200,34245,0
942,49032,64579,0
943,31510,19368,0
944,51769,44948,0
945,42242,21256,0
946,60433,45352,0
947,41846,46416,0
948,9498,66416,0
949,16498,35018,0
950,35717,48101,0
951,22092,46271,0
952,41433,25596,0
953,53072,27641,0
954,43042,64470,0
955,45119,21127,0
956,37394,13652,0
957,36634,10017,0
958,20118,67984,0
959,29017,48787,0
960,3908,39664,0
961,14823,27017,0
962,59100,44723,0
963,22044,534,0
964,29652,29682,0
965,23675,51320,0
966,54030,63272,0
967,59062,6461,0
968,8052,32297,0
969,55695,36568,0
970,55066,27074,0
971,31938,32966,0
972,12789,67620,0
973,24081,27735,0
974,27130,7278,0
975,2750,62995,0
976,14774,19668,0
977,11878,8704,0
978,8826,63746,0
979,37439,10912,0
980,31334,60904,0
981,52630,56405,0
982,6733,19226,0
983,49791,16504,0
984,22817,30397,0
985,44397,49098,0
986,627,59731,0
987,36478,44948,0
988,58913,46157,0
989,29701,4506,0
990,9353,61091,0
991,10207,4891,0
992,36271,57928,0
993,15656,34486,0
994,65116,14138,0
995,44253,63717,0
996,37457,32831,0
997,48670,2197,0
998,58134,58390,0
999,8751,27199,0
1000,11720,25470,0
1001,49454,35695,0
1002,61113,59260,0
1003,32601,38423,0
1004,6511,65797,0
1005,15294,28973,0
1006,22654,43228,0
1007,20336,36850,0
1008,8656,34072,0
1009,48478,35661,0
1010,18124,52504,0
1011,32751,9827,0
1012,6885,8424,0
1013,61420,45023,0
1014,54936,51562,0
1015,63682,6919,0
1016,56616,33150,0
1017,54685,32979,0
1018,65402,4225,0
1019,3970,43920,0
1020,12685,11702,0
1021,50174,25921,0
1022,41385,62825,0
1023,64327,39299,0
1024,13974,41612,0
1025,30477,58252,0
1026,8802,16042,0
1027,39174,59081,0
1028,20807,50998,0
1029,58546,60518,0
1030,41132,62095,0
1031,64676,32213,0
1032,11438,25804,0
1033,51066,13392,0
1034,33572,47557,0
1035,64672,49373,0
1036,5767,32433,0
1037,36813,33619,0
1038,29543,27616,0
1039,45919,13697,0
1040,19254,60105,0
1041,46338,31187,0
1042,61393,18543,0
1043,19470,31615,0
1044,38960,18129,0
1045,6654,25183,0
1046,51939,58869,0
1047,37394,41766,0
1048,45504,961,0
1049,10480,53119,0
1050,60127,52198,0
1051,24528,67865,0
1052,6662,66145,0
1053,25500,31752,0
1054,23081,2559,0
1055,64670,2384,0
1056,44771,47441,0
1057,18316,9925,0
1058,52005,46907,0
1059,53149,15518,0
1060,33262,13475,0
1061,44078,11139,0
1062,47813,66322,0
1063,20872,66522,0
1064,41369,51781,0
1065,51402,15582,0
1066,6183,58222,0
1067,62368,51796,0
1068,2330,58588,0
1069,50562,55930,0
1070,3725,8023,0
1071,10737,20991,0
1072,43731,30104,0
1073,66102,16779,0
1074,38236,17708,0
1075,68347,5986,0
1076,9069,35400,0
1077,4038,17238,0
1078,56814,24549,0
1079,3803,67560,0
1080,25565,7703,0
1081,57356,47174,0
1082,39719,22678,0
1083,1607,29603,0
1084,3610,46470,0
1085,40970,10644,0
1086,35242,9880,0
1087,41447,53976,0
1088,22257,63322,0
1089,12905,25453,0
1090,57389,36469,0
1091,55356,22553,0
1092,38256,17764,0
1093,42037,14210,0
1094,10334,23285,0
1095,63583,31396,0
1096,22171,35553,0
1097,17319,18394,0
1098,66496,9781,0
1099,42245,28736,0
1100,62710,59448,0
1101,27025,4700,0
1102,24469,59873,0
1103,36677,37583,0
1104,28674,1788,0
1105,37551,52170,0
1106,41128,54241,0
1107,6122,60240,0
1108,28960,30855,0
1109,6814,44392,0
1110,51761,52781,0
1111,64007,30479,0
1112,55127,23520,0
1113,25954,35310,0
1114,21145,67948,0
1115,9940,21396,0
1116,19212,8182,0
1117,3452,10578,0
1118,10919,51529,0
1119,37633,12444,0
1120,66452,21055,0
1121,52443,50139,0
1122,31848,21874,0
1123,17447,64339,0
1124,29215,9273,0
1125,66260,17219,0
1126,2909,15469,0
1127,18931,38508,0
1128,65596,34498,0
1129,13005,22663,0
1130,34676,15543,0
1131,22982,64337,0
1132,34209,50425,0
1133,15184,58743,0
1134,3426,46834,0
1135,21730,40623,0
1136,3474,19861,0
1137,52075,26766,0
1138,62133,51447,0
1139,42330,35529,0
1140,35953,32086,0
1141,12827,60219,0
1142,52778,5716,0
1143,13155,19648,0
1144,6765,24665,0
1145,22453,12642,0
1146,4102,63768,0
1147,64577,31321,0
1148,10956,4074,0
1149,52995,57099,0
1150,40301,34935,0
1151,33302,1375,0
1152,36410,51362,0
1153,60587,30290,0
1154,3834,19927,0
1155,34854,60223,0
1156,65911,1194,0
1157,10740,55952,0
1158,11235,36289,0
1159,7269,55227,0
1160,36323,53011,0
1161,6511,679,0
1162,26192,7663,0
1163,25330,34948,0
1164,67411,63741,0
1165,49258,52079,0
1166,44860,66574,0
1167,28974,52552,0
1168,38675,47233,0
1169,55276,25696,0
1170,18310,49756,0
1171,26297,16776,0
1172,24515,46444,0
1173,59827,20353,0
1174,66012,3003,0
1175,9795,15081,0
1176,3778,64893,0
1177,10281,16758,0
1178,67021,34931,0
1179,64778,43524,0
1180,29180,15385,0
1181,17853,18095,0
1182,53912,56140,0
1183,54838,39007,0
1184,3715,53125,0
1185,8595,2135,0
1186,15698,12726,0
1187,4842,22493,0
1188,47303,32711,0
1189,4066,48395,0
1190,22867,46050,0
1191,11195,44012,0
1192,62904,48892,0
1193,7317,46491,0
1194,11841,63316,0
1195,2023,45277,0
1196,22396,54484,0
1197,58564,66935,0
1198,34127,59457,0
1199,60657,16027,0
1200,43490,52118,0
1201,20403,3104,0
1202,50180,53272,0
1203,66788,17827,0
1204,48455,45453,0
1205,38896,22680,0
1206,51547,57581,0
1207,20920,6724,0
1208,35592,34374,0
1209,66842,66790,0
1210,67407,22465,0
1211,24991,783,0
1212,27543,4508,0
1213,34452,48251,0
1214,29541,15868,0
1215,61856,17002,0
1216,11464,68349,0
1217,12053,59586,0
1218,14046,58327,0
1219,29875,26917,0
1220,2633,5486,0
1221,49171,30564,0
1222,11331,13964,0
1223,21859,15000,0
1224,23680,62271,0
1225,17709,63078,0
1226,51516,47282,0
1227,55176,53689,0
1228,38361,144,0
1229,8455,17740,0
1230,21772,65866,0
1231,39659,31957,0
1232,9549,5402,0
1233,58423,49828,0
1234,48059,39901,0
1235,33146,36938,0
1236,20854,30071,0
1237,58180,11860,0
1238,37815,9205,0
1239,13786,24154,0
1240,15577,57847,0
1241,134,27806,0
1242,51916,36052,0
1243,24441,11201,0
1244,15172,18662,0
1245,33376,62019,0
1246,39938,43985,0
1247,27543,39429,0
1248,37767,30155,0
1249,4010,10064,0
1250,49356,65164,0
1251,24896,66834,0
1252,25221,38960,0
1253,3553,33001,0
1254,3291,54661,0
1255,2673,7316,0
1256,45274,58805,0
1257,15721,34624,0
1258,10258,57119,0
1259,28530,22695,0
1260,17878,16504,0
1261,10220,11383,0
1262,2180,41884,0
1263,54152,50972,0
1264,10962,27207,0
1265,30937,13119,0
1266,42901,45757,0
1267,17516,38978,0
1268,8589,62027,0
1269,27797,12364,0
1270,65960,50495,0
1271,14787,39903,0
1272,4337,53904,0
1273,58393,45172,0
1274,4461,34147,0
1275,14353,14461,0
1276,8805,32867,0
1277,18311,11278,0
1278,20016,51065,0
1279,418,30112,0
1280,48140,39109,0
1281,46094,30890,0
1282,40858,453,0
1283,57085,49507,0
1284,32884,45056,0
1285,9890,17353,0
1286,46566,61621,0
1287,23011,24418,0
1288,20588,19052,0
1289,51305,56501,0
1290,4271,57798,0
1291,37185,16110,0
1292,29174,46845,0
1293,28954,34727,0
1294,53210,41534,0
1295,4133,25842,0
1296,1316,14457,0
1297,45,51430,0
1298,64591,16299,0
1299,30794,43183,0
1300,58891,49958,0
1301,36652,50236,0
1302,31207,27153,0
1303,3316,39411,0
1304,26492,8219,0
1305,2755,25961,0
1306,62363,62346,0
1307,46528,7411,0
1308,13133,12682,0
1309,55181,65039,0
1310,17405,7952,0
1311,34714,1112,0
1312,16324,28382,0
1313,33659,15791,0
1314,20014,47275,0
1315,53698,34436,0
1316,10296,26130,0
1317,44522,16538,0
1318,41381,8980,0
1319,51935,58404,0
1320,59053,60428,0
1321,57436,24087,0
1322,18432,33519,0
1323,48348,34551,0
1324,24250,57035,0
1325,52275,44810,0
1326,26175,42977,0
1327,15481,60977,0
1328,42659,41758,0
1329,45686,33962,0
1330,60623,9324,0
1331,62304,64867,0
1332,37344,47768,0
1333,12357,29730,0
1334,40330,42682,0
1335,53684,29841,0
1336,7619,42725,0
1337,65272,16220,0
1338,25812,4595,0
1339,371,66210,0
1340,62960,22363,0
1341,50590,25913,0
1342,53460,19015,0
1343,7977,8706,0
1344,17120,14630,0
1345,57101,10965,0
1346,13704,27458,0
1347,20563,43341,0
1348,29461,65424,0
1349,32090,4920,0
1350,51499,26327,0
1351,19575,28863,0
1352,13278,62250,0
1353,28244,15557,0
1354,14437,32664,0
1355,58841,31652,0
1356,22343,37468,0
1357,13400,37198,0
1358,54371,23864,0
1359,15426,33307,0
1360,30989,50169,0
1361,41571,11629,0
1362,50702,16093,0
1363,25111,13066,0
1364,36257,15417,0
1365,58032,18738,0
1366,18351,25343,0
1367,47333,49498,0
1368,16259,65217,0
1369,37814,22374,0
1370,32136,48168,0
1371,33286,12644,0
1372,42925,1730,0
1373,55127,11702,0
1374,17211,10283,0
1375,17816,9421,0
1376,64564,29316,0
1377,64091,45675,0
1378,24528,21286,0
1379,47238,20803,0
1380,38966,61644,0
1381,43477,12391,0
1382,36652,30350,0
1383,66367,64883,0
1384,19506,28440,0
1385,53436,20731,0
1386,62923,13929,0
1387,38238,30385,0
1388,20842,30402,0
1389,63850,42296,0
1390,25251,18568,0
1391,52559,7870,0
1392,3053,26901,0
1393,50087,64762,0
1394,48001,64810,0
1395,52862,66613,0
1396,34143,24105,0
1397,68177,43867,0
1398,828,66353,0
1399,22767,12781,0
1400,33811,781,0
1401,52447,35426,0
1402,20103,42031,0
1403,17939,5500,0
1404,3733,64599,0
1405,30535,25413,0
1406,19144,49208,0
1407,31763,54446,0
1408,42430,6929,0
1409,49503,20980,0
1410,35372,16605,0
1411,2967,36208,0
1412,65966,44327,0
1413,33076,36189,0
1414,23265,1903,0
1415,30057,23762,0
1416,13320,2150,0
1417,48097,59441,0
1418,6252,37165,0
1419,60109,22826,0
1420,12848,31459,0
1421,41230,51560,0
1422,67669,26059,0
1423,57689,33097,0
1424,27064,15551,0
1425,36019,2579,0
1426,26147,41511,0
1427,34173,54448,0
1428,67544,39593,0
1429,20148,54262,0
1430,29490,58180,0
1431,23191,64500,0
1432,12341,45723,0
1433,4794,11750,0
1434,41373,41711,0
1435,20822,35533,0
1436,22057,27119,0
1437,55369,30856,0
1438,36120,60868,0
1439,14967,33937,0
1440,690,26127,0
1441,57846,16237,0
1442,25902,46918,0
1443,64498,27132,0
1444,6901,51638,0
1445,20331,25285,0
1446,51207,32157,0
1447,57531,14188,0
1448,33934,15424,0
1449,61066,37208,0
1450,55503,28967,0
1451,26017,51677,0
1452,39553,13571,0
1453,3086,16098,0
1454,8905,64051,0
1455,44378,31947,0
1456,3125,57106,0
1457,64712,62697,0
1458,3329,36359,0
1459,52192,1584,0
1460,5135,11614,0
1461,9024,28225,0
1462,12871,20166,0
1463,56038,67687,0
1464,60060,20547,0
1465,47400,34853,0
1466,66099,45107,0
1467,15248,55080,0
1468,18069,2440,0
1469,36688,61750,0
1470,11858,46350,0
1471,24284,40112,0
1472,11010,15081,0
1473,52228,29295,0
1474,11225,59735,0
1475,1617,17663,0
1476,61702,37235,0
1477,23767,60020,0
1478,16500,43855,0
1479,47255,16650,0
1480,27352,19870,0
1481,35661,66615,0
1482,9717,13190,0
1483,51052,17015,0
1484,18886,54127,0
1485,38597,66185,0
1486,47865,23477,0
1487,28163,4259,0
1488,65662,34965,0
1489,68005,65092,0
1490,30921,36225,0
1491,20325,25814,0
1492,46119,18780,0
1493,51947,10231,0
1494,11935,38834,0
1495,21127,481,0
1496,6970,62844,0
1497,13253,24755,0
1498,55187,19874,0
1499,44060,53796,0
1500,7314,32146,0
1501,2149,44280,0
1502,5536,35697,0
1503,11083,15843,0
1504,297,45597,0
1505,41050,32691,0
1506,60744,27521,0
1507,12337,64719,0
1508,18452,34276,0
1509,33066,44703,0
1510,49411,28126,0
1511,36605,8901,0
1512,35700,9351,0
1513,41056,56426,0
1514,45525,58023,0
1515,12789,18840,0
1516,12850,8261,0
1517,65573,51542,0
1518,8989,57025,0
1519,15181,42025,0
1520,50110,6895,0
1521,35479,55292,0
1522,67663,55614,0
1523,56849,11704,0
1524,35924,21704,0
1525,67354,8626,0
1526,29276,47115,0
1527,38378,51048,0
1528,46373,62842,0
1529,58310,17736,0
1530,38225,11341,0
1531,66826,44723,0
1532,29386,25643,0
1533,12277,19015,0
1534,50440,21107,0
1535,12188,2379,0
1536,19418,51902,0
1537,59017,67261,0
1538,58012,1513,0
1539,13291,37325,0
1540,68118,24280,0
1541,43417,50385,0
1542,45149,50804,0
1543,58274,15419,0
1544,15038,58247,0
1545,11673,28557,0
1546,40714,48723,0
1547,55309,16055,0
1548,22899,1079,0
1549,63131,40827,0
1550,22566,37901,0
1551,50408,48008,0
1552,19396,11308,0
1553,31481,65741,0
1554,34299,52265,0
1555,67035,3138,0
1556,50078,30901,0
1557,59268,9279,0
1558,39546,17635,0
1559,28651,26950,0
1560,16821,24806,0
1561,30368,135,0
1562,8402,58521,0
1563,59802,28123,0
1564,2006,57708,0
1565,55894,5467,0
1566,43641,48733,0
1567,47341,21235,0
1568,65844,60354,0
1569,4615,55438,0
1570,32286,41666,0
1571,56422,57605,0
1572,33,58417,0
1573,21193,55241,0
1574,41188,25868,0
1575,18251,63981,0
1576,15997,31630,0
1577,57993,16153,0
1578,62562,12262,0
1579,48046,40723,0
1580,32883,5427,0
1581,37658,18092,0
1582,63441,62722,0
1583,60295,51187,0
1584,45363,35259,0
1585,48452,48801,0
1586,15422,22990,0
1587,335,3904,0
1588,45136,25256,0
1589,38848,64505,0
1590,41942,65660,0
1591,52361,49942,0
1592,26179,51081,0
1593,25629,1584,0
1594,21975,49890,0
1595,37834,19861,0
1596,23777,54426,0
1597,11948,34139,0
1598,46793,12627,0
1599,15698,59476,0
1600,53026,20269,0
1601,34038,3365,0
1602,12336,53666,0
1603,49538,5217,0
1604,37077,18072,0
1605,61217,28971,0
1606,33866,17921,0
1607,22233,45137,0
1608,49145,42613,0
1609,46690,67799,0
1610,55192,65225,0
1611,13662,67527,0
1612,8773,4728,0
1613,43601,26229,0
1614,31807,62881,0
1615,35076,32581,0
1616,65162,4351,0
1617,3066,41917,0
1618,55605,36127,0
1619,28907,27647,0
1620,49764,656,0
1621,32142,46591,0
1622,36933,23494,0
1623,2372,61483,0
1624,50011,9581,0
1625,26834,30519,0
1626,19575,51419,0
1627,40758,5217,0
1628,43255,3051,0
1629,32980,47890,0
1630,54003,24973,0
1631,27711,63172,0
1632,44610,13934,0
1633,62246,38913,0
1634,43838,28469,0
1635,15817,6028,0
1636,10958,46623,0
1637,24939,32633,0
1638,38780,59193,0
1639,30431,43266,0
1640,49981,21371,0
1641,54345,26872,0
1642,54419,48475,0
1643,64959,17624,0
1644,61371,15071,0
1645,14632,65748,0
1646,16105,2693,0
1647,58038,62197,0
1648,41932,25079,0
1649,1368,20381,0
1650,40536,55239,0
1651,17586,38920,0
1652,24990,63068,0
1653,8685,44398,0
1654,53803,36045,0
1655,23081,41805,0
1656,19536,37498,0
1657,55855,13681,0
1658,67438,26723,0
1659,54692,40730,0
1660,60276,28991,0
1661,15229,68172,0
1662,19883,18737,0
1663,16389,58277,0
1664,16783,28660,0
1665,13373,43788,0
1666,18162,7590,0
1667,16616,11811,0
1668,6530,19132,0
1669,22967,44182,0
1670,58860,38020,0
1671,8849,24741,0
1672,13472,7326,0
1673,67226,47947,0
1674,55694,36936,0
1675,14706,33886,0
1676,32143,57463,0
1677,61396,17964,0
1678,16968,17221,0
1679,65276,18683,0
1680,62618,40158,0
1681,39056,28998,0
1682,49,11727,0
1683,49971,15975,0
1684,16780,6929,0
1685,65916,41651,0
1686,42334,54993,0
1687,49905,51962,0
1688,43840,59584,0
1689,66959,18881,0
1690,2904,44936,0
1691,7084,29138,0
1692,58202,8462,0
1693,23383,66939,0
1694,17268,56752,0
1695,55851,476,0
1696,61387,8171,0
1697,26154,38605,0
1698,29195,14349,0
1699,56104,4629,0
1700,6574,53107,0
1701,59142,54272,0
1702,47765,55991,0
1703,41394,13192,0
1704,15936,27273,0
1705,23332,35299,0
1706,19913,56309,0
1707,54082,61048,0
1708,34191,27593,0
1709,42331,18789,0
1710,45667,896,0
1711,22271,12168,0
1712,40628,29651,0
1713,53760,18879,0
1714,59538,24688,0
1715,27454,7577,0
1716,10541,23894,0
1717,27993,23469,0
1718,19576,59526,0
1719,54418,695,0
1720,9454,36253,0
1721,45519,34487,0
1722,8385,38698,0
1723,447,51848,0
1724,32551,27573,0
1725,24426,63731,0
1726,23076,37734,0
1727,45855,61344,0
1728,30310,13238,0
1729,68353,46505,0
1730,40474,2194,0
1731,8786,58568,0
1732,34656,46928,0
1733,64170,34466,0
1734,28300,61595,0
1735,23067,67322,0
1736,28723,15578,0
1737,8650,38137,0
1738,18042,23333,0
1739,26481,33100,0
1740,13482,1126,0
1741,9943,31213,0
1742,56321,17156,0
1743,21503,2616,0
1744,44571,4464,0
1745,35802,39306,0
1746,54845,29082,0
1747,24914,64615,0
1748,40161,63985,0
1749,26180,66639,0
1750,45067,19433,0
1751,8603,48216,0
1752,58122,13944,0
1753,8091,65525,0
1754,41324,19651,0
1755,27068,31087,0
1756,18744,68126,0
1757,21212,58753,0
1758,52908,5286,0
1759,40196,30975,0
1760,21192,58663,0
1761,5693,32686,0
1762,45,52601,0
1763,13866,62873,0
1764,64483,1508,0
1765,20284,34348,0
1766,42872,28797,0
1767,1396,67913,0
1768,2640,48103,0
1769,64768,31748,0
1770,25705,23887,0
1771,39405,54144,0
1772,33274,37359,0
1773,51662,27493,0
1774,33966,38431,0
1775,48568,30898,0
1776,28251,35385,0
1777,66532,38278,0
1778,22389,14751,0
1779,13971,1661,0
1780,22563,10501,0
1781,14627,60769,0
1782,63414,33261,0
1783,22900,62154,0
1784,59558,32516,0
1785,63999,57953,0
1786,44669,54776,0
1787,37122,34785,0
1788,22059,56570,0
1789,41447,39111,0
1790,9416,53309,0
1791,57999,29773,0
1792,48271,55439,0
1793,33730,31035,0
1794,13498,11910,0
1795,55893,67442,0
1796,9272,10683,0
1797,16189,375,0
1798,64962,23486,0
1799,54995,32271,0
1800,23649,17661,0
1801,45139,55516,0
1802,32110,14675,0
1803,23226,45822,0
1804,21808,53968,0
1805,3725,39313,0
1806,3069,29404,0
1807,38632,51992,0
1808,31048,35224,0
1809,53437,5715,0
1810,59380,9969,0
1811,22947,43908,0
1812,53941,57534,0
1813,67091,37686,0
1814,8035,27185,0
1815,43013,42108,0
1816,2932,37231,0
1817,52502,28422,0
1818,32115,25710,0
1819,42169,14505,0
1820,49306,57233,0
1821,36095,47781,0
1822,485,3111,0
1823,64292,66760,0
1824,12069,61823,0
1825,46787,35651,0
1826,20351,44767,0
1827,1235,27303,0
1828,20337,29426,0
1829,18112,27687,0
1830,62440,44937,0
1831,4805,10542,0
1832,27993,20580,0
1833,4672,33700,0
1834,7193,68240,0
1835,10751,56172,0
1836,21363,14050,0
1837,32476,30169,0
1838,13334,41974,0
1839,17424,58594,0
1840,25970,62364,0
1841,35199,66609,0
1842,512,7469,0
1843,7763,28718,0
1844,10410,50048,0
1845,66273,55590,0
1846,18404,58106,0
1847,37779,44580,0
1848,7848,12606,0
1849,61179,650,0
1850,25736,47902,0
1851,64294,17624,0
1852,2071,61793,0
1853,51495,5234,0
1854,12900,30628,0
1855,55095,28704,0
1856,36334,68058,0
1857,38409,612,0
1858,36076,5237,0
1859,4312,10368,0
1860,54117,228,0
1861,3024,46664,0
1862,44375,4251,0
1863,15070,44329,0
1864,58535,28708,0
1865,4087,10609,0
1866,25054,52434,0
1867,42403,52513,0
1868,50435,6437,0
1869,43562,9090,0
1870,63708,18787,0
1871,44853,42485,0
1872,30872,7812,0
1873,38717,31954,0
1874,25432,19079,0
1875,43880,37652,0
1876,11393,54828,0
1877,2046,32409,0
1878,58220,4056,0
1879,37810,17215,0
1880,10705,64619,0
1881,42970,17854,0
1882,63546,17512,0
1883,48237,16081,0
1884,44487,30107,0
1885,59234,2174,0
1886,56010,34545,0
1887,15665,13040,0
1888,20993,1114,0
1889,28592,23714,0
1890,47243,1834,0
1891,66841,1985,0
1892,4457,20529,0
1893,3687,54394,0
1894,40931,3830,0
1895,44690,23768,0
1896,48644,4200,0
1897,43272,62696,0
1898,39433,63574,0
1899,7896,101,0
1900,29723,7710,0
1901,33928,34355,0
1902,37731,11243,0
1903,30227,62244,0
1904,39797,47917,0
1905,59185,57286,0
1906,56533,54983,0
1907,2714,5435,0
1908,2350,48768,0
1909,35332,5612,0
1910,48820,24455,0
1911,40271,6454,0
1912,18143,30370,0
1913,39868,6875,0
1914,24538,46843,0
1915,50927,31227,0
1916,49872,2146,0
1917,7626,24915,0
1918,46287,38759,0
1919,59922,43281,0
1920,46094,16799,0
1921,24701,9958,0
1922,38209,61006,0
1923,46334,54937,0
1924,59323,26992,0
1925,66557,33720,0
1926,21638,60603,0
1927,64383,42468,0
1928,18494,45838,0
1929,3780,2902,0
1930,45067,48619,0
1931,14792,36731,0
1932,56295,62243,0
1933,18869,33198,0
1934,8272,10338,0
1935,45857,33712,0
1936,7177,41885,0
1937,41977,55571,0
1938,1313,288,0
1939,41111,16319,0
1940,23318,55876,0
1941,28877,56788,0
1942,55935,36748,0
1943,64028,11670,0
1944,56670,5107,0
1945,40699,8774,0
1946,55739,35243,0
1947,8350,29376,0
1948,64504,32887,0
1949,62304,17328,0
1950,13426,29116,0
1951,18443,61096,0
1952,56254,18893,0
1953,41941,3029,0
1954,13973,39306,0
1955,3556,50463,0
1956,43836,17687,0
1957,30205,47684,0
1958,25350,19246,0
1959,30483,53033,0
1960,19889,29773,0
1961,324,43258,0
1962,61974,64784,0
1963,60536,1015,0
1964,43257,46321,0
1965,1601,30040,0
1966,52018,53255,0
1967,11348,46375,0
1968,30714,15091,0
1969,15809,22980,0
1970,7013,10586,0
1971,15841,700,0
1972,64088,44850,0
1973,17160,53316,0
1974,55496,53847,0
1975,40192,1035,0
1976,61078,6427,0
1977,58319,32722,0
1978,27844,6701,0
1979,53156,35634,0
1980,4424,25582,0
1981,7915,63637,0
1982,64104,3635,0
1983,40259,39188,0
1984,2861,33219,0
1985,58799,47792,0
1986,56791,5427,0
1987,54309,54225,0
1988,55213,12632,0
1989,51420,7056,0
1990,22479,18244,0
1991,50075,25947,0
1992,17829,12061,0
1993,55037,33610,0
1994,9921,1025,0
1995,21307,32823,0
1996,26594,3381,0
1997,25864,14627,0
1998,42566,7777,0
1999,48604,47991,0
2000,17706,60277,0
2001,3034,27712,0
2002,37812,29261,0
2003,24728,36505,0
2004,32725,29551,0
2005,26632,46910,0
2006,33184,50014,0
2007,64331,9571,0
2008,47549,4636,0
2009,42430,28640,0
2010,3835,45510,0
2011,35490,56747,0
2012,66937,54654,0
2013,48488,44559,0
2014,2116,65630,0
2015,61841,31275,0
2016,30879,66166,0
2017,59082,19485,0
2018,17424,36601,0
2019,2828,351,0
2020,61265,60179,0
2021,55703,24184,0
2022,41715,1437,0
2023,66765,47830,0
2024,14009,8313,0
2025,22809,47207,0
2026,48331,15672,0
2027,67770,9016,0
2028,45055,25736,0
2029,31916,1322,0
2030,28416,55506,0
2031,1878,21199,0
2032,65023,9800,0
2033,52116,43708,0
2034,64388,59236,0
2035,7708,36250,0
2036,2097,26395,0
2037,30691,22297,0
2038,12022,53076,0
2039,12754,48469,0
2040,2392,10536,0
2041,65026,27748,0
2042,27789,10828,0
2043,6841,44524,0
2044,65533,61184,0
2045,34194,31887,0
2046,46106,66268,0
2047,63675,31826,0
2048,59499,32590,0
2049,2016,2567,0
2050,65226,14464,0
2051,25362,1546,0
2052,48629,36936,0
2053,8920,7316,0
2054,15323,37540,0
2055,2155,67944,0
2056,55192,8102,0
2057,21665,43360,0
2058,2743,11122,0
2059,52741,36173,0
2060,49580,1160,0
2061,27455,40467,0
2062,50836,68386,0
2063,19505,1953,0
2064,66834,27424,0
2065,32601,46781,0
2066,58773,28126,0
2067,10740,38560,0
2068,33358,31476,0
2069,26770,22604,0
2070,25122,48412,0
2071,62789,54709,0
2072,45188,6621,0
2073,57430,23951,0
2074,33178,26313,0
2075,14288,44901,0
2076,15886,5274,0
2077,17471,30759,0
2078,59791,21035,0
2079,39207,4978,0
2080,31866,22535,0
2081,35995,13796,0
2082,22381,152,0
2083,22960,45948,0
2084,18624,29696,0
2085,19285,363,0
2086,41853,24804,0
2087,57256,19457,0
2088,29445,55961,0
2089,28554,3429,0
2090,22639,66500,0
2091,47965,42442,0
2092,42425,14627,0
2093,60955,3766,0
2094,11964,37608,0
2095,62398,15307,0
2096,37811,42030,0
2097,58040,44273,0
2098,8189,51873,0
2099,9467,7386,0
2100,13078,57096,0
2101,24716,49855,0
2102,46468,57347,0
2103,27788,58177,0
2104,63243,57020,0
2105,30973,40469,0
2106,22176,23788,0
2107,56354,26756,0
2108,14406,63410,0
2109,37704,28720,0
2110,58413,34113,0
2111,14928,11570,0
2112,7498,59642,0
2113,66940,40370,0
2114,52735,24425,0
2115,48926,43812,0
2116,16413,49086,0
2117,58180,18010,0
2118,28985,40204,0
2119,45522,18695,0
2120,29925,66257,0
2121,39248,983,0
2122,65629,40860,0
2123,57389,55873,0
2124,61055,53131,0
2125,59505,20055,0
2126,63937,26301,0
2127,43143,57098,0
2128,60276,19977,0
2129,59462,13944,0
2130,42998,30438,0
2131,5133,62364,0
2132,24005,29652,0
2133,52194,877,0
2134,5355,13701,0
2135,52375,48170,0
2136,64598,34553,0
2137,20585,57852,0
2138,14555,57709,0
2139,35540,15472,0
2140,55117,10769,0
2141,58125,18232,0
2142,7942,41493,0
2143,26404,48004,0
2144,57900,55177,0
2145,41302,1465,0
2146,36743,3496,0
2147,57502,11095,0
2148,22096,19605,0
2149,52015,25919,0
2150,42933,40006,0
2151,9902,12102,0
2152,15632,48781,0
2153,26780,35965,0
2154,37287,67423,0
2155,51841,10071,0
2156,58056,37972,0
2157,50818,5158,0
2158,48056,49160,0
2159,63034,6223,0
2160,30384,6602,0
2161,63400,63265,0
2162,3256,36535,0
2163,19255,31121,0
2164,50028,48873,0
2165,57825,14039,0
2166,56761,36858,0
2167,30627,60596,0
2168,57366,52846,0
2169,38010,65889,0
2170,67270,47723,0
2171,32526,53141,0
2172,37100,49218,0
2173,10589,63283,0
2174,6479,57136,0
2175,44140,12686,0
2176,33987,35337,0
2177,16096,6300,0
2178,45650,21202,0
2179,9148,43920,0
2180,1200,43813,0
2181,26187,43051,0
2182,6784,55849,0
2183,59259,11927,0
2184,9147,6319,0
2185,52547,47539,0
2186,26226,52806,0
2187,39943,61711,0
2188,54258,29464,0
2189,21668,47325,0
2190,42840,24158,0
2191,9453,11089,0
2192,25688,17117,0
2193,53481,34348,0
2194,49308,58002,0
2195,49760,21264,0
2196,66231,3496,0
2197,31446,25144,0
2198,31754,805,0
2199,45106,38571,0
2200,21108,23906,0
2201,53437,2717,0
2202,38779,3531,0
2203,53582,57083,0
2204,10497,8284,0
2205,8570,45946,0
2206,59152,6037,0
2207,52892,50877,0
2208,37658,20904,0
2209,43594,52957,0
2210,24282,35110,0
2211,19432,29145,0
2212,26028,47977,0
2213,28173,64684,0
2214,18946,55046,0
2215,20482,5193,0
2216,23528,14641,0
2217,9484,24152,0
2218,43539,41273,0
2219,29488,60566,0
2220,52545,51743,0
2221,54836,58756,0
2222,66586,15589,0
2223,61233,15623,0
2224,55144,13383,0
2225,2815,67520,0
2226,49494,56346,0
2227,9898,53017,0
2228,24178,47351,0
2229,3425,42424,0
2230,2413,26511,0
2231,30557,49576,0
2232,31658,57711,0
2233,8455,27918,0
2234,10067,19162,0
2235,45939,20236,0
2236,39465,20190,0
2237,46437,35208,0
2238,1911,8202,0
2239,48709,34463,0
2240,48050,57125,0
2241,60192,58991,0
2242,30108,43098,0
2243,37148,53415,0
2244,31401,9593,0
2245,25901,29731,0
2246,10890,17944,0
2247,50563,67994,0
2248,54125,37243,0
2249,22456,13789,0
2250,7497,10695,0
2251,22144,24917,0
2252,598,38460,0
2253,59785,60749,0
2254,45921,39900,0
2255,36634,39031,0
2256,15482,60422,0
2257,24800,44233,0
2258,49303,9565,0
2259,42970,24982,0
2260,33659,22611,0
2261,17552,15335,0
2262,21777,27452,0
2263,62246,65115,0
2264,5400,59212,0
2265,38060,19963,0
2266,24607,6905,0
2267,24664,48932,0
2268,47841,65659,0
2269,20984,32507,0
2270,31654,3910,0
2271,55949,12399,0
2272,5074,37231,0
2273,55098,14884,0
2274,38749,47644,0
2275,24602,45473,0
2276,21336,22439,0
2277,9104,55588,0
2278,51350,31264,0
2279,39709,59102,0
2280,59816,62329,0
2281,38111,7153,0
2282,21086,65680,0
2283,54847,37907,0
2284,659,7311,0
2285,67621,56408,0
2286,50366,10725,0
2287,52621,33823,0
2288,66639,5764,0
2289,33849,32548,0
2290,36801,32649,0
2291,33112,35229,0
2292,30190,6601,0
2293,8015,34418,0
2294,50032,34116,0
2295,55091,29330,0
2296,31982,15309,0
2297,32099,19129,0
2298,39182,29528,0
2299,26437,27252,0
2300,33351,9449,0
2301,7099,31033,0
2302,52008,36510,0
2303,18404,37127,0
2304,62803,11054,0
2305,42939,24113,0
2306,6559,40123,0
2307,1210,7320,0
2308,13160,20004,0
2309,52069,63156,0
2310,3926,49601,0
2311,48314,43309,0
2312,20180,25556,0
2313,68199,6552,0
2314,17260,549,0
2315,33134,36984,0
2316,50341,23690,0
2317,63556,47831,0
2318,47865,34011,0
2319,13411,15147,0
2320,38281,19557,0
2321,21127,49560,0
2322,64550,19726,0
2323,53590,53449,0
2324,5020,30896,0
2325,29780,17093,0
2326,54022,45481,0
2327,29079,14571,0
2328,67621,19371,0
2329,63833,61275,0
2330,63311,33019,0
2331,20148,4534,0
2332,2160,529,0
2333,40737,52571,0
2334,65497,38258,0
2335,31504,2543,0
2336,31530,47581,0
2337,12878,35678,0
2338,47722,67442,0
2339,1794,60685,0
2340,9459,42808,0
2341,58436,46213,0
2342,30674,1163,0
2343,11833,58978,0
2344,7764,64720,0
2345,25241,25455,0
2346,63365,29671,0
2347,15889,38090,0
2348,7862,62782,0
2349,16631,67430,0
2350,13447,19213,0
2351,6481,10703,0
2352,43289,25675,0
2353,49293,6672,0
2354,61084,17941,0
2355,68073,51097,0
2356,54078,65393,0
2357,20662,30022,0
2358,10193,1201,0
2359,25320,56663,0
2360,1435,13123,0
2361,42676,18553,0
2362,65768,51125,0
2363,23205,54791,0
2364,24611,58533,0
2365,57036,6863,0
2366,52305,8779,0
2367,56939,19180,0
2368,58528,19729,0
2369,62551,30264,0
2370,43006,35483,0
2371,7572,27501,0
2372,35479,66562,0
2373,2908,19822,0
2374,3345,38186,0
2375,30140,21607,0
2376,14990,65765,0
2377,48864,12761,0
2378,56450,467,0
2379,9704,26752,0
2380,59251,65931,0
2381,38768,1188,0
2382,21822,56868,0
2383,26943,6270,0
2384,57881,22770,0
2385,55891,23301,0
2386,4312,15327,0
2387,58458,53358,0
2388,51238,49212,0
2389,24067,61312,0
2390,9185,23036,0
2391,57251,67245,0
2392,6563,44693,0
2393,27888,56623,0
2394,65689,16236,0
2395,41569,36347,0
2396,10876,59617,0
2397,31716,5406,0
2398,55089,13796,0
2399,44052,8445,0
2400,12763,52628,0
2401,46070,29191,0
2402,26100,1042,0
2403,50853,11705,0
2404,25623,14531,0
2405,306,13870,0
2406,55814,61177,0
2407,48402,20902,0
2408,15191,4576,0
2409,8505,26099,0
2410,44684,20222,0
2411,8356,3183,0
2412,32303,23526,0
2413,67758,55449,0
2414,22995,59496,0
2415,36684,10203,0
2416,57007,67785,0
2417,40069,25389,0
2418,9447,971,0
2419,22136,39043,0
2420,30954,15168,0
2421,38681,12092,0
2422,9723,23068,0
2423,26649,17293,0
2424,27348,811,0
2425,38537,5336,0
2426,43205,24193,0
2427,55421,34768,0
2428,21301,16791,0
2429,2251,52272,0
2430,47473,54565,0
2431,15478,22106,0
2432,31139,31371,0
2433,20985,68319,0
2434,10575,65161,0
2435,20850,44208,0
2436,58760,60542,0
2437,24684,53877,0
2438,9846,55074,0
2439,59386,29992,0
2440,26997,27029,0
2441,19758,8981,0
2442,20751,23512,0
2443,58036,26925,0
2444,28937,17685,0
2445,32065,10562,0
2446,32075,45408,0
2447,21994,66971,0
2448,37863,34999,0
2449,61664,10229,0
2450,57416,61782,0
2451,22047,55857,0
2452,27574,37572,0
2453,65149,44595,0
2454,47676,63186,0
2455,11199,1439,0
2456,27791,45419,0
2457,49580,23599,0
2458,38410,59632,0
2459,44077,32973,0
2460,28377,17881,0
2461,34993,12562,0
2462,1137,17925,0
2463,41718,21622,0
2464,64822,52400,0
2465,44543,11565,0
2466,33895,58325,0
2467,9523,45503,0
2468,17454,43936,0
2469,65104,35852,0
2470,6625,15486,0
2471,48070,3939,0
2472,61974,7572,0
2473,10123,45719,0
2474,34199,36398,0
2475,49885,65683,0
2476,61831,68371,0
2477,53114,8924,0
2478,42970,13942,0
2479,27627,49270,0
2480,39723,7230,0
2481,47424,27253,0
2482,50812,22874,0
2483,12334,21279,0
2484,10151,11684,0
2485,12586,51653,0
2486,13082,34334,0
2487,5225,14882,0
2488,48704,45508,0
2489,19100,48180,0
2490,18159,7621,0
2491,60377,64893,0
2492,57028,23452,0
2493,50528,57532,0
2494,4063,45256,0
2495,21950,56762,0
2496,2184,20721,0
2497,42835,38550,0
2498,63495,62313,0
2499,27081,41446,0
2500,14782,12434,0
2501,7431,26126,0
2502,7818,25525,0
2503,22755,46663,0
2504,31134,859,0
2505,42834,19516,0
2506,53470,49264,0
2507,36657,4791,0
2508,40190,36352,0
2509,48586,48689,0
2510,25380,29330,0
2511,8985,48096,0
2512,52570,7049,0
2513,30645,43588,0
2514,13356,31486,0
2515,32455,42600,0
2516,26860,28974,0
2517,35908,17318,0
2518,46250,1603,0
2519,65170,54548,0
2520,50540,26749,0
2521,22372,29585,0
2522,14787,37313,0
2523,11434,9493,0
2524,29129,32498,0
2525,50054,65029,0
2526,63911,30608,0
2527,11464,38495,0
2528,22065,50574,0
2529,42230,8411,0
2530,67168,7567,0
2531,11712,6471,0
2532,54479,60232,0
2533,2283,51792,0
2534,67850,5784,0
2535,17485,4248,0
2536,6860,7860,0
2537,45222,47648,0
2538,13353,57743,0
2539,57216,66327,0
2540,35980,41294,0
2541,52187,59096,0
2542,15771,18589,0
2543,16498,9264,0
2544,6261,22276,0
2545,24463,35770,0
2546,41821,35411,0
2547,33907,6491,0
2548,166,48699,0
2549,16191,67046,0
2550,64920,13214,0
2551,19058,35528,0
2552,15060,17460,0
2553,8716,66463,0
2554,30922,65243,0
2555,7382,2568,0
2556,31484,44692,0
2557,64152,37308,0
2558,14555,35725,0
2559,53213,51294,0
2560,38381,19402,0
2561,1175,67153,0
2562,7392,5250,0
2563,10963,34281,0
2564,32026,6349,0
2565,48741,66365,0
2566,27154,48063,0
2567,50613,61583,0
2568,18179,17383,0
2569,16751,44809,0
2570,8957,772,0
2571,23554,5032,0
2572,27644,51808,0
2573,56262,15791,0
2574,13237,50088,0
2575,36218,52609,0
2576,44848,54768,0
2577,5230,4658,0
2578,38989,4562,0
2579,3905,6031,0
2580,52052,34304,0
2581,20097,52639,0
2582,66315,53611,0
2583,17561,61816,0
2584,3695,44452,0
2585,15948,32472,0
2586,43958,42683,0
2587,64246,9052,0
2588,10488,3406,0
2589,16970,28074,0
2590,1923,23421,0
2591,29094,25364,0
2592,23666,28222,0
2593,21202,30294,0
2594,62417,0,0
2595,5545,37591,0
2596,17306,131,0
2597,34664,30891,0
2598,19672,317,0
2599,2287,55843,0
2600,5040,26952,0
2601,27513,18549,0
2602,7619,60575,0
2603,55680,55080,0
2604,34200,16388,0
2605,10094,35636,0
2606,63466,827,0
2607,13326,64529,0
2608,15813,21266,0
2609,22817,2553,0
2610,34611,56467,0
2611,3438,60184,0
2612,30538,6186,0
2613,43048,16359,0
2614,22250,13535,0
2615,26989,19855,0
2616,34083,63535,0
2617,12320,24025,0
2618,23861,42690,0
2619,18996,3739,0
2620,44619,46526,0
2621,36532,35394,0
2622,17795,14107,0
2623,22817,19870,0
2624,43137,44163,0
2625,24687,38360,0
2626,52068,52259,0
2627,4469,5001,0
2628,2738,27032,0
2629,5566,20848,0
2630,66637,63784,0
2631,59603,18480,0
2632,55173,22836,0
2633,12647,35672,0
2634,12721,6470,0
2635,67230,12714,0
2636,4414,42882,0
2637,5606,56365,0
2638,30575,23786,0
2639,17047,66565,0
2640,8744,8935,0
2641,40002,67045,0
2642,2085,67847,0
2643,44378,19157,0
2644,6668,3758,0
2645,24024,23480,0
2646,35514,4136,0
2647,13467,55141,0
2648,34940,57324,0
2649,21964,55999,0
2650,62912,7539,0
2651,65976,46293,0
2652,51289,2501,0
2653,25705,9203,0
2654,8864,5416,0
2655,6991,45988,0
2656,38848,30244,0
2657,15228,28458,0
2658,67861,34556,0
2659,65789,32015,0
2660,3411,5306,0
2661,35993,48178,0
2662,58321,9701,0
2663,68153,24186,0
2664,47317,19244,0
2665,62106,52105,0
2666,46822,12520,0
2667,26825,16604,0
2668,55945,1106,0
2669,23809,2308,0
2670,15173,24174,0
2671,57515,18799,0
2672,7213,44148,0
2673,63696,18133,0
2674,23539,43036,0
2675,52828,55673,0
2676,49149,31882,0
2677,33662,53125,0
2678,23529,16931,0
2679,53582,208,0
2680,38229,10429,0
2681,3303,44889,0
2682,59746,45158,0
2683,2957,38698,0
2684,29516,60209,0
2685,67194,25452,0
2686,67778,22779,0
2687,37634,12068,0
2688,29483,54518,0
2689,50591,20252,0
2690,3873,26089,0
2691,65883,54848,0
2692,27432,22392,0
2693,29071,10012,0
2694,16939,52754,0
2695,62725,55777,0
2696,8389,10039,0
2697,64065,35292,0
2698,64732,16187,0
2699,55265,18144,0
2700,47461,38420,0
2701,61569,61395,0
2702,65909,27643,0
2703,28601,46973,0
2704,39804,29727,0
2705,12279,43305,0
2706,12039,48757,0
2707,37069,34344,0
2708,34359,41843,0
2709,38425,24696,0
2710,14794,60893,0
2711,62959,50186,0
2712,64002,24268,0
2713,11582,9021,0
2714,50368,40364,0
2715,43195,46863,0
2716,56883,59970,0
2717,6608,15077,0
2718,20811,6538,0
2719,15215,30585,0
2720,23137,59064,0
2721,7573,45465,0
2722,60847,42790,0
2723,26115,53445,0
2724,60279,21414,0
2725,29110,24192,0
2726,22878,12477,0
2727,65042,53454,0
2728,24398,3672,0
2729,45992,22152,0
2730,40127,38079,0
2731,67359,12678,0
2732,64040,14342,0
2733,37569,17689,0
2734,59623,66429,0
2735,21737,28645,0
2736,44790,25018,0
2737,2592,67014,0
2738,65665,28727,0
2739,14658,20488,0
2740,39160,35318,0
2741,37854,29957,0
2742,28080,11454,0
2743,50171,39855,0
2744,9566,31678,0
2745,38949,12569,0
2746,17902,27854,0
2747,59523,55373,0
2748,63236,3140,0
2749,49649,53940,0
2750,1795,53007,0
2751,46625,24726,0
2752,46276,67046,0
2753,50811,28776,0
2754,29469,5713,0
2755,35816,67266,0
2756,24317,49487,0
2757,52382,40201,0
2758,64032,23692,0
2759,26300,6075,0
2760,48937,5933,0
2761,19258,3550,0
2762,46924,64708,0
2763,54027,54950,0
2764,14774,48023,0
2765,30846,60585,0
2766,55664,47197,0
2767,6968,28602,0
2768,47754,49230,0
2769,34704,27271,0
2770,41491,53110,0
2771,21558,4718,0
2772,1568,66917,0
2773,65894,50354,0
2774,50944,14215,0
2775,17955,56971,0
2776,65529,2718,0
2777,1161,18216,0
2778,51833,35194,0
2779,38764,26212,0
2780,42182,38056,0
2781,23124,39928,0
2782,12663,19754,0
2783,9197,61312,0
2784,52176,55289,0
2785,11591,39105,0
2786,22653,55507,0
2787,5189,2649,0
2788,10967,6388,0
2789,61254,18014,0
2790,40476,31102,0
2791,45410,21277,0
2792,7306,712,0
2793,9016,60574,0
2794,14034,29508,0
2795,47622,1958,0
2796,66141,36560,0
2797,66283,53972,0
2798,36013,18170,0
2799,6951,33751,0
2800,15324,61464,0
2801,65337,53216,0
2802,59746,64766,0
2803,2495,34841,0
2804,35015,52817,0
2805,55882,51806,0
2806,31554,38916,0
2807,58446,4464,0
2808,61156,28769,0
2809,46183,43920,0
2810,10385,57752,0
2811,18706,14255,0
2812,30158,7027,0
2813,67838,51949,0
2814,16515,40272,0
2815,62587,15470,0
2816,55650,67171,0
2817,68394,45148,0
2818,35956,32836,0
2819,45294,18091,0
2820,19853,29595,0
2821,53239,11076,0
2822,68092,58114,0
2823,58202,33756,0
2824,27788,53151,0
2825,40287,50484,0
2826,36836,45066,0
2827,20565,51971,0
2828,15739,6703,0
2829,3923,14145,0
2830,610,55693,0
2831,54782,4845,0
2832,18117,28388,0
2833,23991,266,0
2834,59501,16531,0
2835,7461,29642,0
2836,51759,12078,0
2837,5209,5323,0
2838,54447,48204,0
2839,62727,17610,0
2840,49191,41812,0
2841,62728,35029,0
2842,44217,23140,0
2843,29984,34409,0
2844,49752,57460,0
2845,43059,18882,0
2846,63800,64859,0
2847,48059,66249,0
2848,61755,13030,0
2849,62882,39744,0
2850,24625,65875,0
2851,40869,27122,0
2852,38159,55305,0
2853,7989,36067,0
2854,20096,61650,0
2855,18414,62910,0
2856,37009,27057,0
2857,38006,24180,0
2858,37556,33691,0
2859,11860,12849,0
2860,13890,45561,0
2861,35241,35799,0
2862,21557,68187,0
2863,2912,19820,0
2864,62636,37702,0
2865,23137,32338,0
2866,20771,48111,0
2867,1181,2439,0
2868,28731,26165,0
2869,41914,52810,0
2870,10961,52156,0
2871,45705,57574,0
2872,37770,41724,0
2873,39281,50960,0
2874,48642,23635,0
2875,10147,1325,0
2876,3963,17034,0
2877,64615,17266,0
2878,40971,36437,0
2879,35908,41493,0
2880,6704,31224,0
2881,34056,37941,0
2882,62447,43528,0
2883,15534,67354,0
2884,35599,26140,0
2885,43400,16916,0
2886,64700,56779,0
2887,59745,16146,0
2888,24415,53780,0
2889,57531,64552,0
2890,63126,59822,0
2891,63496,54866,0
2892,52209,4662,0
2893,48481,33628,0
2894,56846,6120,0
2895,40404,54394,0
2896,8654,65914,0
2897,49165,60143,0
2898,31886,23342,0
2899,63947,3974,0
2900,10253,3738,0
2901,1692,60488,0
2902,3100,34605,0
2903,50303,54200,0
2904,18667,22716,0
2905,63048,14816,0
2906,14309,33081,0
2907,53888,29662,0
2908,26605,84,0
2909,15725,36734,0
2910,49164,19189,0
2911,944,63319,0
2912,2122,53125,0
2913,1061,32384,0
2914,47173,23278,0
2915,9278,59262,0
2916,61704,49065,0
2917,65795,55333,0
2918,7920,31813,0
2919,6636,54601,0
2920,36457,23616,0
2921,20768,23906,0
2922,13135,36653,0
2923,46357,53446,0
2924,45226,24043,0
2925,56479,64557,0
2926,42679,9800,0
2927,54180,6656,0
2928,19403,60434,0
2929,17336,17661,0
2930,42801,45505,0
2931,17353,22146,0
2932,65069,44923,0
2933,23593,21699,0
2934,54621,40416,0
2935,23640,66774,0
2936,64065,62933,0
2937,33964,51128,0
2938,18560,38455,0
2939,34617,42697,0
2940,3915,1777,0
2941,66187,47390,0
2942,36859,64657,0
2943,66976,60903,0
2944,1593,11279,0
2945,19222,36662,0
2946,50688,24997,0
2947,21743,23844,0
2948,49288,37278,0
2949,21061,3294,0
2950,28692,35892,0
2951,63295,54284,0
2952,3096,63846,0
2953,52338,54193,0
2954,59223,3574,0
2955,34315,33687,0
2956,61188,13879,0
2957,2303,42852,0
2958,8263,39616,0
2959,55421,14015,0
2960,47911,32491,0
2961,22381,7522,0
2962,9033,23227,0
2963,30568,26949,0
2964,36065,62199,0
2965,42728,28335,0
2966,58491,64303,0
2967,23903,44478,0
2968,6543,32621,0
2969,47166,13389,0
2970,5128,65695,0
2971,20270,24734,0
2972,6167,57410,0
2973,54664,5911,0
2974,61592,55168,0
2975,38249,48814,0
2976,41091,59672,0
2977,32389,24869,0
2978,26319,27843,0
2979,11176,38519,0
2980,61603,44274,0
2981,59141,43395,0
2982,63281,56837,0
2983,12938,41231,0
2984,49775,9014,0
2985,63076,67355,0
2986,7394,61529,0
2987,55053,31199,0
2988,66641,9143,0
2989,22809,41552,0
2990,61412,7108,0
2991,24989,49843,0
2992,18043,30407,0
2993,59531,24807,0
2994,25863,58642,0
2995,4255,44565,0
2996,45382,5964,0
2997,30650,62787,0
2998,35074,6000,0
2999,3849,35338,0
3000,17836,4591,0
3001,16625,8772,0
3002,11586,1372,0
3003,66687,42127,0
3004,21716,43248,0
3005,3548,21826,0
3006,38375,32162,0
3007,20155,23451,0
3008,54849,53844,0
3009,17280,4765,0
3010,1844,2808,0
3011,43343,3133,0
3012,11932,65010,0
3013,11827,66194,0
3014,53825,17742,0
3015,63201,36399,0
3016,8187,573,0
3017,50880,7902,0
3018,41351,2001,0
3019,18602,23453,0
3020,24343,6766,0
3021,63782,48747,0
3022,8650,57086,0
3023,22047,42772,0
3024,44944,38526,0
3025,22586,11791,0
3026,45892,64403,0
3027,11522,9612,0
3028,44941,7668,0
3029,47544,10445,0
3030,38116,43031,0
3031,63134,67027,0
3032,29546,51089,0
3033,67511,6946,0
3034,48678,48732,0
3035,11568,58211,0
3036,2659,35949,0
3037,48274,63644,0
3038,26548,40672,0
3039,46827,42438,0
3040,18634,61601,0
3041,10669,37277,0
3042,6267,59119,0
3043,16766,808,0
3044,16948,5813,0
3045,39010,32096,0
3046,39484,62079,0
3047,15486,21105,0
3048,7408,18521,0
3049,57416,51429,0
3050,45784,67763,0
3051,24914,66,0
3052,11072,25142,0
3053,67379,49302,0
3054,21891,10713,0
3055,33106,8693,0
3056,26399,58771,0
3057,41258,3524,0
3058,40257,33531,0
3059,49872,60862,0
3060,5128,40400,0
3061,49237,5998,0
3062,17438,40249,0
3063,48791,39105,0
3064,27228,12099,0
3065,37224,36401,0
3066,52378,31998,0
3067,39563,41859,0
3068,60212,22008,0
3069,690,20663,0
3070,9890,22048,0
3071,59965,28811,0
3072,8078,57841,0
3073,38269,47597,0
3074,43657,46927,0
3075,40088,49173,0
3076,38088,55852,0
3077,26613,57462,0
3078,13160,66300,0
3079,7267,36789,0
3080,49931,47474,0
3081,25267,11452,0
3082,59150,41421,0
3083,30635,60300,0
3084,9839,32480,0
3085,43779,30219,0
3086,37432,16548,0
3087,4920,1322,0
3088,16001,2409,0
3089,36620,33453,0
3090,27001,33272,0
3091,31045,32305,0
3092,21811,37699,0
3093,50849,68403,0
3094,59112,54473,0
3095,67131,10850,0
3096,31940,45375,0
3097,58995,48922,0
3098,50202,63884,0
3099,24153,52606,0
3100,15306,65949,0
3101,40144,32330,0
3102,20526,19462,0
3103,9453,62442,0
3104,63706,27505,0
3105,45684,22186,0
3106,11205,58277,0
3107,21469,41482,0
3108,63455,31740,0
3109,40197,13722,0
3110,47630,45745,0
3111,57161,40655,0
3112,30029,35035,0
3113,60002,47589,0
3114,1864,18787,0
3115,21558,56190,0
3116,561,66633,0
3117,6284,38702,0
3118,3353,38020,0
3119,66130,45683,0
3120,7809,1705,0
3121,5625,40805,0
3122,4201,43393,0
3123,57576,29950,0
3124,12827,36030,0
3125,65170,42046,0
3126,32869,65748,0
3127,500,40146,0
3128,47990,27091,0
3129,5454,53889,0
3130,53868,47428,0
3131,26839,55786,0
3132,53393,38644,0
3133,2862,7954,0
3134,51169,68334,0
3135,64304,40432,0
3136,56028,16279,0
3137,38362,52693,0
3138,9985,29399,0
3139,11841,25973,0
3140,52537,18697,0
3141,2061,6645,0
3142,55189,21976,0
3143,31908,39531,0
3144,9819,57260,0
3145,29920,25198,0
3146,881,15249,0
3147,55082,40394,0
3148,39742,28468,0
3149,55840,8953,0
3150,3730,37123,0
3151,67060,53833,0
3152,4955,29194,0
3153,52767,46737,0
3154,3619,25345,0
3155,50995,3468,0
3156,18391,17305,0
3157,11888,55604,0
3158,33349,49091,0
3159,50815,17662,0
3160,47949,18511,0
3161,44143,4995,0
3162,63004,8424,0
3163,52327,17156,0
3164,39521,8950,0
3165,27616,13680,0
3166,4408,32192,0
3167,29626,64757,0
3168,47748,67169,0
3169,14209,13618,0
3170,42557,57295,0
3171,65585,7253,0
3172,12089,40163,0
3173,53462,55294,0
3174,2570,44862,0
3175,42490,28562,0
3176,55957,6127,0
3177,67861,15693,0
3178,35441,41709,0
3179,32300,53848,0
3180,56792,21839,0
3181,24537,36032,0
3182,52694,24934,0
3183,20646,1698,0
3184,28634,19047,0
3185,36302,20198,0
3186,24803,42080,0
3187,30805,39993,0
3188,603,49915,0
3189,33024,25519,0
3190,25894,40906,0
3191,63289,51542,0
3192,7309,40137,0
3193,27110,46215,0
3194,56667,45255,0
3195,51113,49641,0
3196,41091,61004,0
3197,66631,65713,0
3198,25282,8638,0
3199,289,13446,0
3200,56315,38502,0
3201,52132,25277,0
3202,28166,3405,0
3203,22823,10762,0
3204,14775,37653,0
3205,26794,35883,0
3206,35877,45207,0
3207,31708,23339,0
3208,60967,46640,0
3209,23884,45267,0
3210,47865,2554,0
3211,5545,61902,0
3212,18021,32379,0
3213,43397,11070,0
3214,44621,58763,0
3215,13048,19134,0
3216,20060,12717,0
3217,8300,48869,0
3218,30784,54719,0
3219,4599,56929,0
3220,44151,11315,0
3221,18235,33904,0
3222,33982,14552,0
3223,48527,45312,0
3224,17706,66331,0
3225,12361,48711,0
3226,21942,2721,0
3227,1452,40088,0
3228,38083,62557,0
3229,63540,63863,0
3230,68186,32141,0
3231,21748,17726,0
3232,42285,31688,0
3233,12981,8638,0
3234,60745,13099,0
3235,13784,37674,0
3236,58153,14633,0
3237,35540,15326,0
3238,57238,7789,0
3239,50249,63152,0
3240,35246,18423,0
3241,60071,21611,0
3242,22000,10635,0
3243,50126,12606,0
3244,33877,2617,0
3245,11469,16199,0
3246,17775,9417,0
3247,38520,31506,0
3248,44014,38512,0
3249,53180,6172,0
3250,31248,30583,0
3251,65214,66286,0
3252,43017,40202,0
3253,5387,14502,0
3254,768,28473,0
3255,20163,60301,0
3256,67283,64764,0
3257,66563,65309,0
3258,4732,39696,0
3259,66361,36007,0
3260,25826,67389,0
3261,4972,33533,0
3262,36057,18337,0
3263,58578,65865,0
3264,53499,38000,0
3265,11310,40180,0
3266,45222,39831,0
3267,44570,3381,0
3268,12339,31112,0
3269,34049,20387,0
3270,21752,30097,0
3271,24509,45754,0
3272,31088,26302,0
3273,38174,63429,0
3274,14724,1321,0
3275,23655,64695,0
3276,60698,33505,0
3277,35961,26981,0
3278,52834,17248,0
3279,28571,13667,0
3280,46070,66362,0
3281,35376,60201,0
3282,16480,55324,0
3283,60658,30735,0
3284,18196,56049,0
3285,64559,55273,0
3286,18103,17328,0
3287,28883,45100,0
3288,8417,13765,0
3289,26212,39967,0
3290,58164,54764,0
3291,45767,30821,0
3292,64828,34866,0
3293,20812,7451,0
3294,1138,17407,0
3295,62366,58361,0
3296,12599,53937,0
3297,27256,50447,0
3298,47067,45333,0
3299,9902,22472,0
3300,50066,49715,0
3301,28899,65804,0
3302,58492,5057,0
3303,50656,18656,0
3304,47787,34588,0
3305,13784,38105,0
3306,36151,1232,0
3307,35009,50920,0
3308,12945,18167,0
3309,11037,67271,0
3310,17660,68375,0
3311,8882,63026,0
3312,19458,26471,0
3313,25291,18012,0
3314,3803,10202,0
3315,17714,67036,0
3316,7988,16005,0
3317,3848,4464,0
3318,60401,10393,0
3319,10825,44164,0
3320,56531,683,0
3321,9616,19030,0
3322,52603,47960,0
3323,15236,46568,0
3324,42532,45802,0
3325,46080,67748,0
3326,21939,15758,0
3327,64830,39238,0
3328,18979,3455,0
3329,59125,3298,0
3330,64442,30239,0
3331,39349,3117,0
3332,19993,2929,0
3333,12381,11887,0
3334,22160,49822,0
3335,14548,9554,0
3336,7005,60469,0
3337,2855,44371,0
3338,17896,18859,0
3339,20691,10996,0
3340,50531,13410,0
3341,21988,52166,0
3342,32461,7066,0
3343,53927,22836,0
3344,37619,66952,0
3345,38947,28004,0
3346,9498,49005,0
3347,61090,14194,0
3348,35201,14656,0
3349,11841,6078,0
3350,45270,47409,0
3351,67711,31821,0
3352,32247,22281,0
3353,15254,64624,0
3354,11465,57822,0
3355,9839,25572,0
3356,49465,7295,0
3357,25704,6562,0
3358,13517,3280,0
3359,51510,26515,0
3360,30985,7479,0
3361,14646,9244,0
3362,24073,53811,0
3363,5595,66360,0
3364,50059,23898,0
3365,61014,14907,0
3366,41683,56319,0
3367,60660,8002,0
3368,44738,46595,0
3369,37618,1291,0
3370,21630,9552,0
3371,33476,9123,0
3372,34177,27010,0
3373,19145,55530,0
3374,65829,51753,0
3375,32492,52782,0
3376,61752,36561,0
3377,35097,23285,0
3378,18218,33234,0
3379,16891,34577,0
3380,8603,5589,0
3381,28298,2078,0
3382,20425,47645,0
3383,47018,19830,0
3384,9749,27526,0
3385,67380,1050,0
3386,58907,43253,0
3387,40351,58285,0
3388,66528,41782,0
3389,15574,36986,0
3390,51726,61458,0
3391,46691,10999,0
3392,33707,20048,0
3393,8271,51021,0
3394,2050,1758,0
3395,28313,17799,0
3396,48295,55221,0
3397,42595,14734,0
3398,55436,62500,0
3399,2993,65428,0
3400,13495,2182,0
3401,3594,38193,0
3402,2453,80,0
3403,11518,17501,0
3404,55428,35609,0
3405,32540,42409,0
3406,48640,21967,0
3407,52216,2254,0
3408,38378,60408,0
3409,6089,29501,0
3410,67945,16868,0
3411,32308,47175,0
3412,63550,30119,0
3413,31507,53014,0
3414,24594,18531,0
3415,40749,1481,0
3416,52233,45671,0
3417,28935,46408,0
3418,44,37119,0
3419,11150,47013,0
3420,35172,19979,0
3421,38588,111,0
3422,64666,64113,0
3423,56538,22382,0
3424,4764,15829,0
3425,4683,46829,0
3426,61550,48250,0
3427,27151,42673,0
3428,18555,42597,0
3429,26571,43496,0
3430,30352,54793,0
3431,57304,2126,0
3432,57412,39185,0
3433,53848,10750,0
3434,23869,49154,0
3435,37835,15332,0
3436,58752,23158,0
3437,44122,57465,0
3438,10746,42346,0
3439,8766,33908,0
3440,42903,30780,0
3441,17573,34620,0
3442,67408,49526,0
3443,34617,21715,0
3444,19458,2837,0
3445,8353,17710,0
3446,54090,10054,0
3447,32862,60886,0
3448,34309,12665,0
3449,22939,54821,0
3450,58250,61889,0
3451,5887,6218,0
3452,12164,19722,0
3453,16742,64695,0
3454,54804,4604,0
3455,57474,13126,0
3456,8833,40081,0
3457,3249,39507,0
3458,63975,9097,0
3459,50203,10778,0
3460,38956,64197,0
3461,54212,14691,0
3462,47321,55989,0
3463,9014,16431,0
3464,16259,53102,0
3465,33966,17259,0
3466,19201,32759,0
3467,12047,30500,0
3468,31987,13823,0
3469,44131,64008,0
3470,53953,3639,0
3471,64322,41317,0
3472,56363,13605,0
3473,62081,24203,0
3474,7714,67049,0
3475,44839,47997,0
3476,1694,56590,0
3477,43148,9037,0
3478,62169,44517,0
3479,9923,22354,0
3480,44894,63299,0
3481,59960,36740,0
3482,62636,35060,0
3483,10102,30992,0
3484,8657,22192,0
3485,11858,36925,0
3486,37310,32863,0
3487,45078,64491,0
3488,11288,45569,0
3489,10111,728,0
3490,2367,37236,0
3491,24041,51526,0
3492,37413,11300,0
3493,3960,65641,0
3494,8664,40890,0
3495,46809,3165,0
3496,53953,63017,0
3497,35629,19264,0
3498,24771,17824,0
3499,46691,16563,0
3500,44848,50303,0
3501,48047,42941,0
3502,42302,32940,0
3503,11265,62012,0
3504,56598,41338,0
3505,45376,68066,0
3506,68339,9013,0
3507,40654,60519,0
3508,1664,3383,0
3509,25362,43703,0
3510,44553,11933,0
3511,51122,10978,0
3512,50162,55830,0
3513,19441,63253,0
3514,10814,43522,0
3515,24450,4828,0
3516,33735,57635,0
3517,56372,57819,0
3518,12352,16592,0
3519,13526,45035,0
3520,49832,49648,0
3521,62964,63600,0
3522,48586,5144,0
3523,34209,40470,0
3524,30956,34262,0
3525,5948,45862,0
3526,33354,58194,0
3527,53247,21951,0
3528,48256,9672,0
3529,43249,8380,0
3530,13899,15674,0
3531,35605,15020,0
3532,46630,58403,0
3533,57811,59512,0
3534,56403,363,0
3535,26126,8103,0
3536,7289,44920,0
3537,38196,31373,0
3538,38467,57781,0
3539,37207,21044,0
3540,7310,57965,0
3541,3438,54375,0
3542,55871,50065,0
3543,59210,49666,0
3544,22909,22034,0
3545,20133,9350,0
3546,53162,43431,0
3547,60167,29629,0
3548,30846,55278,0
3549,43175,65815,0
3550,34363,34093,0
3551,3596,46316,0
3552,46840,8576,0
3553,50616,68027,0
3554,66164,50678,0
3555,7126,27098,0
3556,6095,18708,0
3557,31768,39462,0
3558,62268,45855,0
3559,26039,50372,0
3560,56029,24204,0
3561,18507,24048,0
3562,18401,22348,0
3563,34758,51580,0
3564,14984,46910,0
3565,95,15163,0
3566,47339,40006,0
3567,45457,17843,0
3568,6970,55353,0
3569,22381,25117,0
3570,39718,4480,0
3571,17863,34030,0
3572,54889,66011,0
3573,64929,50567,0
3574,38119,10121,0
3575,12368,29497,0
3576,7703,66016,0
3577,48067,52535,0
3578,38064,11704,0
3579,57426,24006,0
3580,12883,2446,0
3581,57845,26724,0
3582,20768,38964,0
3583,33284,28245,0
3584,64640,62726,0
3585,62226,4135,0
3586,20629,43097,0
3587,27227,30366,0
3588,19151,28328,0
3589,37192,11080,0
3590,5571,17794,0
3591,10827,22846,0
3592,28207,35087,0
3593,17561,26860,0
3594,50988,55469,0
3595,44480,42849,0
3596,5205,28255,0
3597,1655,42521,0
3598,2921,47597,0
3599,23546,20415,0
3600,50553,50811,0
3601,4691,50063,0
3602,59867,56191,0
3603,53651,21894,0
3604,45065,38810,0
3605,36308,40951,0
3606,4897,19929,0
3607,8059,7332,0
3608,61255,7750,0
3609,57400,53224,0
3610,48586,25700,0
3611,61384,57959,0
3612,6178,21171,0
3613,448,61101,0
3614,56790,66626,0
3615,46979,58225,0
3616,31014,11262,0
3617,33559,29350,0
3618,45336,25502,0
3619,3460,37703,0
3620,28068,30567,0
3621,25959,29983,0
3622,28015,28866,0
3623,47237,21401,0
3624,42521,60222,0
3625,65624,3030,0
3626,41207,66981,0
3627,53938,65917,0
3628,47478,19588,0
3629,55369,52764,0
3630,44521,23926,0
3631,35700,46214,0
3632,2658,64538,0
3633,60193,29196,0
3634,55847,20327,0
3635,54266,56412,0
3636,22809,43552,0
3637,14202,35541,0
3638,46795,21867,0
3639,15691,64859,0
3640,38969,47528,0
3641,9890,50055,0
3642,21064,12153,0
3643,66208,68218,0
3644,56835,35648,0
3645,56335,58398,0
3646,11412,22987,0
3647,64009,48816,0
3648,40921,37497,0
3649,35823,52527,0
3650,14887,10048,0
3651,36410,30796,0
3652,10305,38637,0
3653,62981,27652,0
3654,6350,27784,0
3655,35508,62620,0
3656,13093,43435,0
3657,47594,7010,0
3658,12730,22207,0
3659,51793,18382,0
3660,23839,22650,0
3661,17807,22112,0
3662,43921,59595,0
3663,19977,44492,0
3664,3730,24416,0
3665,48380,15825,0
3666,38502,48559,0
3667,20256,53014,0
3668,34548,53894,0
3669,36018,54954,0
3670,54514,52198,0
3671,16991,49089,0
3672,51211,4601,0
3673,7968,27665,0
3674,59378,25946,0
3675,10152,26526,0
3676,23680,23154,0
3677,64737,44492,0
3678,41009,47813,0
3679,30436,1716,0
3680,35882,37315,0
3681,53071,44908,0
3682,9032,3742,0
3683,12124,52821,0
3684,56774,6134,0
3685,39476,27510,0
3686,27463,62140,0
3687,55798,28638,0
3688,45588,65411,0
3689,68321,53532,0
3690,33376,7873,0
3691,61289,43513,0
3692,39463,51597,0
3693,55868,64202,0
3694,61396,33443,0
3695,59480,31593,0
3696,62343,23301,0
3697,54836,35840,0
3698,39329,6758,0
3699,9341,11330,0
3700,36712,63622,0
3701,6938,61367,0
3702,31699,43543,0
3703,55467,51831,0
3704,43865,53598,0
3705,61904,4263,0
3706,63846,25357,0
3707,23315,49650,0
3708,2786,48869,0
3709,64168,16033,0
3710,48265,11389,0
3711,31705,24332,0
3712,30712,12192,0
3713,38539,50274,0
3714,33281,43262,0
3715,67029,38345,0
3716,28960,65456,0
3717,17170,6509,0
3718,53477,38953,0
3719,44515,10823,0
3720,47037,9571,0
3721,27709,39259,0
3722,28322,10162,0
3723,46432,36308,0
3724,48117,61094,0
3725,65909,44943,0
3726,1308,11527,0
3727,472,24830,0
3728,12019,10707,0
3729,40465,2793,0
3730,40152,45155,0
3731,2670,26298,0
3732,56479,33940,0
3733,66243,66802,0
3734,33681,54779,0
3735,13911,60975,0
3736,61858,41274,0
3737,39525,13598,0
3738,7303,36893,0
3739,63468,60133,0
3740,31456,17093,0
3741,61651,6172,0
3742,27482,12811,0
3743,65954,1089,0
3744,66061,6985,0
3745,14724,7520,0
3746,36787,27841,0
3747,9358,19864,0
3748,36092,38397,0
3749,45922,61878,0
3750,38972,55392,0
3751,52772,19410,0
3752,57699,15205,0
3753,37446,58430,0
3754,39052,14006,0
3755,66331,35252,0
3756,22565,33978,0
3757,39496,18033,0
3758,43201,37072,0
3759,22978,30706,0
3760,36552,59903,0
3761,43636,15692,0
3762,17055,62371,0
3763,67890,35039,0
3764,32815,36456,0
3765,61007,1261,0
3766,62040,30953,0
3767,30524,51155,0
3768,14592,4924,0
3769,17442,49770,0
3770,62948,68049,0
3771,35877,47960,0
3772,61292,5122,0
3773,31350,26208,0
3774,37474,44971,0
3775,42618,6791,0
3776,54583,14434,0
3777,57588,48224,0
3778,25368,35391,0
3779,1759,61877,0
3780,46776,22800,0
3781,22458,6425,0
3782,30935,12801,0
3783,14958,35035,0
3784,31395,31005,0
3785,15948,46509,0
3786,53975,39977,0
3787,268,19167,0
3788,21084,19240,0
3789,28560,49857,0
3790,31446,60102,0
3791,43627,45468,0
3792,49265,339,0
3793,28217,41466,0
3794,34373,50726,0
3795,13529,55710,0
3796,41619,10470,0
3797,64019,46439,0
3798,41150,40615,0
3799,16195,42579,0
3800,21808,1163,0
3801,61028,66806,0
3802,9990,26246,0
3803,53646,29802,0
3804,50624,36009,0
3805,27051,65177,0
3806,56826,22747,0
3807,46954,32996,0
3808,58736,56163,0
3809,20419,8066,0
3810,11096,6025,0
3811,48758,12036,0
3812,57080,67740,0
3813,58038,68184,0
3814,64167,52296,0
3815,45310,44189,0
3816,9410,64784,0
3817,16811,5822,0
3818,60529,43009,0
3819,58230,50289,0
3820,803,15856,0
3821,30912,24268,0
3822,49399,25067,0
3823,64200,19090,0
3824,61939,37524,0
3825,54562,32455,0
3826,10153,24316,0
3827,1949,27605,0
3828,10711,45496,0
3829,12868,42695,0
3830,55240,56418,0
3831,11008,6703,0
3832,32553,43248,0
3833,13612,4583,0
3834,39477,58985,0
3835,17515,10274,0
3836,45519,26111,0
3837,65808,23463,0
3838,12535,4226,0
3839,12670,13655,0
3840,29186,4416,0
3841,66420,59929,0
3842,33422,68172,0
3843,13865,52763,0
3844,1069,1818,0
3845,5261,35171,0
3846,9803,31535,0
3847,33281,8491,0
3848,3210,35840,0
3849,1142,59341,0
3850,57961,31523,0
3851,25708,60869,0
3852,1866,50868,0
3853,47551,46828,0
3854,48625,24901,0
3855,67989,52535,0
3856,19533,54024,0
3857,53485,44815,0
3858,7597,56604,0
3859,13975,50443,0
3860,15657,6432,0
3861,34710,35141,0
3862,43994,4161,0
3863,67748,2269,0
3864,33965,65415,0
3865,33772,40778,0
3866,49043,9417,0
3867,2630,10776,0
3868,27488,47900,0
3869,49142,27779,0
3870,17071,48713,0
3871,65789,33864,0
3872,22104,30976,0
3873,36053,57092,0
3874,13288,50846,0
3875,41825,43489,0
3876,7696,53946,0
3877,3726,33496,0
3878,57333,33830,0
3879,29424,46114,0
3880,57187,56879,0
3881,41705,38436,0
3882,10803,22741,0
3883,43742,46239,0
3884,48125,47968,0
3885,16619,15472,0
3886,60047,42096,0
3887,10020,25044,0
3888,32917,38262,0
3889,2130,55057,0
3890,40311,7153,0
3891,56495,47040,0
3892,24260,62029,0
3893,2399,59915,0
3894,1970,58002,0
3895,33865,32421,0
3896,26115,47153,0
3897,59862,50787,0
3898,66031,42133,0
3899,55662,62069,0
3900,40858,68059,0
3901,16490,28454,0
3902,53001,47048,0
3903,46941,44925,0
3904,40013,55813,0
3905,63855,63221,0
3906,24653,57246,0
3907,27259,54392,0
3908,34779,41149,0
3909,39842,34027,0
3910,52190,41358,0
3911,63003,50254,0
3912,39250,13590,0
3913,35625,21532,0
3914,47107,67743,0
3915,34600,38521,0
3916,34003,47509,0
3917,2682,57631,0
3918,1449,46960,0
3919,23811,26889,0
3920,47690,4322,0
3921,50773,49855,0
3922,25156,27185,0
3923,5824,3851,0
3924,28153,65636,0
3925,67210,35497,0
3926,61496,52831,0
3927,33856,44069,0
3928,63465,12939,0
3929,65113,3933,0
3930,48999,54199,0
3931,29556,6821,0
3932,54195,8066,0
3933,29053,32402,0
3934,12817,15529,0
3935,58590,28729,0
3936,33445,38696,0
3937,62412,10915,0
3938,475,53138,0
3939,31450,51945,0
3940,48551,38292,0
3941,48956,12678,0
3942,56861,30885,0
3943,16439,42444,0
3944,35140,13722,0
3945,59720,66216,0
3946,34579,22146,0
3947,9100,20633,0
3948,4829,12007,0
3949,13802,14691,0
3950,38996,58101,0
3951,57126,60261,0
3952,18622,41036,0
3953,46170,15454,0
3954,12916,56082,0
3955,48245,4381,0
3956,34475,54654,0
3957,38620,21993,0
3958,4718,50453,0
3959,26192,22774,0
3960,12214,27721,0
3961,21898,66079,0
3962,64424,20846,0
3963,322,66564,0
3964,33847,4509,0
3965,44225,15548,0
3966,45618,27670,0
3967,63822,18844,0
3968,57403,225,0
3969,40948,61921,0
3970,54991,41031,0
3971,38444,25345,0
3972,12598,51292,0
3973,39681,38916,0
3974,38787,26405,0
3975,4255,8281,0
3976,27262,26140,0
3977,13115,21435,0
3978,65935,40251,0
3979,59174,5591,0
3980,61752,63819,0
3981,6784,1670,0
3982,8833,38247,0
3983,10132,56587,0
3984,16197,5826,0
3985,16049,26133,0
3986,43376,38764,0
3987,27644,16724,0
3988,50126,66925,0
3989,46818,33519,0
3990,60068,28367,0
3991,14243,3164,0
3992,66012,43896,0
3993,40132,23013,0
3994,58851,18911,0
3995,39444,37960,0
3996,64340,3168,0
3997,27875,60888,0
3998,35600,55611,0
3999,7502,65208,0
4000,30180,12391,0
4001,67107,50660,0
4002,67876,60304,0
4003,22487,25759,0
4004,50930,63830,0
4005,57770,18755,0
4006,12208,6148,0
4007,1949,36258,0
4008,13758,24482,0
4009,20319,170,0
4010,1199,32515,0
4011,26700,37237,0
4012,51434,25184,0
4013,36554,43129,0
4014,40931,46996,0
4015,21501,29421,0
4016,45740,41546,0
4017,42043,46577,0
4018,2670,61764,0
4019,37186,29245,0
4020,25617,11456,0
4021,57807,24130,0
4022,18967,53724,0
4023,51058,32777,0
4024,37251,30502,0
4025,23317,46040,0
4026,22132,47469,0
4027,67433,43189,0
4028,6921,59784,0
4029,63085,28792,0
4030,4740,65146,0
4031,24838,40206,0
4032,54345,57505,0
4033,30466,63733,0
4034,32368,41005,0
4035,30753,34086,0
4036,67571,67323,0
4037,51721,38771,0
4038,8524,29247,0
4039,12789,10259,0
4040,16381,46951,0
4041,63954,30038,0
4042,24085,37123,0
4043,9015,41471,0
4044,54410,38792,0
4045,30204,55014,0
4046,63845,1261,0
4047,25390,2617,0
4048,50983,65587,0
4049,33428,64951,0
4050,40962,63844,0
4051,43421,58052,0
4052,1421,21625,0
4053,42705,39979,0
4054,255,26177,0
4055,5172,65559,0
4056,36992,6839,0
4057,64237,22409,0
4058,32159,54131,0
4059,3347,48790,0
4060,38960,30092,0
4061,7756,24514,0
4062,10665,34085,0
4063,61332,41400,0
4064,43567,20307,0
4065,13992,34956,0
4066,10242,27095,0
4067,52927,39561,0
4068,28419,47573,0
4069,44006,46817,0
4070,33152,4977,0
4071,25925,32307,0
4072,13373,10531,0
4073,51558,16653,0
4074,7758,58069,0
4075,2796,60233,0
4076,2861,6757,0
4077,66377,15473,0
4078,33226,6370,0
4079,34744,14013,0
4080,37377,21152,0
4081,64539,49113,0
4082,26916,46040,0
4083,14766,52307,0
4084,6396,7638,0
4085,62484,27236,0
4086,22215,12286,0
4087,20237,42695,0
4088,40682,56299,0
4089,56997,17472,0
4090,64383,28439,0
4091,19365,26112,0
4092,14961,21552,0
4093,54589,34833,0
4094,42569,44425,0
4095,28683,24070,0
4096,50904,12380,0
4097,10962,8031,0
4098,60844,18858,0
4099,2450,56311,0
4100,65497,46622,0
4101,51370,68204,0
4102,57199,67542,0
4103,28457,15631,0
4104,13496,20277,0
4105,29871,11698,0
4106,52868,62443,0
4107,18792,35411,0
4108,53430,38120,0
4109,1012,65571,0
4110,17746,66609,0
4111,41145,48766,0
4112,61224,54290,0
4113,52120,22913,0
4114,40311,65646,0
4115,41125,41598,0
4116,37224,66881,0
4117,31053,29334,0
4118,21163,41684,0
4119,33358,65630,0
4120,67265,28478,0
4121,46553,52721,0
4122,24214,10122,0
4123,13418,3078,0
4124,51057,7857,0
4125,10496,2522,0
4126,64000,7411,0
4127,26870,13018,0
4128,24261,17576,0
4129,51618,66900,0
4130,40425,26934,0
4131,8786,16084,0
4132,10751,15400,0
4133,29970,771,0
4134,22316,38399,0
4135,30511,4078,0
4136,62670,30190,0
4137,65231,54481,0
4138,55303,19110,0
4139,65743,57382,0
4140,7952,1973,0
4141,30383,12475,0
4142,8896,49852,0
4143,54617,61981,0
4144,33329,51678,0
4145,2153,14088,0
4146,66189,17579,0
4147,24764,61832,0
4148,9532,60901,0
4149,42181,36352,0
4150,63706,11496,0
4151,48276,9721,0
4152,21463,16495,0
4153,59848,51068,0
4154,63960,39186,0
4155,50528,37777,0
4156,66279,36915,0
4157,1071,24554,0
4158,24557,37333,0
4159,2658,32061,0
4160,3284,7773,0
4161,12079,45999,0
4162,47146,1219,0
4163,58366,50763,0
4164,18897,28362,0
4165,15475,15758,0
4166,61126,4818,0
4167,372,15454,0
4168,21272,57292,0
4169,20807,53132,0
4170,6869,68363,0
4171,40459,36273,0
4172,41438,1781,0
4173,65575,8935,0
4174,32596,10828,0
4175,20020,41882,0
4176,63123,36993,0
4177,59615,43308,0
4178,60021,47505,0
4179,67741,51712,0
4180,62672,5366,0
4181,61084,63279,0
4182,66577,66775,0
4183,4655,64519,0
4184,31387,52148,0
4185,24853,21345,0
4186,37327,12919,0
4187,25717,11113,0
4188,3115,49408,0
4189,19816,49286,0
4190,49210,19809,0
4191,49576,14125,0
4192,29699,31019,0
4193,62257,66277,0
4194,42676,34288,0
4195,26917,42090,0
4196,27582,59998,0
4197,55131,14648,0
4198,3960,63862,0
4199,27962,40624,0
4200,51847,40445,0
4201,47446,66497,0
4202,19443,15773,0
4203,40495,23294,0
4204,18252,51604,0
4205,10264,23942,0
4206,16702,68346,0
4207,12287,44388,0
4208,3741,49492,0
4209,60456,9609,0
4210,56152,42617,0
4211,45479,306,0
4212,28326,38722,0
4213,47935,38886,0
4214,38308,42256,0
4215,52297,57279,0
4216,15336,28712,0
4217,63763,25710,0
4218,68090,12766,0
4219,3137,40883,0
4220,50161,63156,0
4221,51734,66324,0
4222,23351,57443,0
4223,12599,64311,0
4224,46750,18480,0
4225,55119,49248,0
4226,5513,65240,0
4227,51169,19648,0
4228,14715,41250,0
4229,55567,15081,0
4230,22829,51587,0
4231,48460,42232,0
4232,53802,61889,0
4233,59733,60145,0
4234,28903,35916,0
4235,61072,38014,0
4236,6808,25844,0
4237,6107,4736,0
4238,1405,43098,0
4239,60693,65957,0
4240,57265,48447,0
4241,59717,1961,0
4242,53792,51388,0
4243,54590,65422,0
4244,57144,7391,0
4245,12368,56503,0
4246,224,49312,0
4247,44275,2142,0
4248,53220,43071,0
4249,61855,64568,0
4250,64348,63559,0
4251,28777,62610,0
4252,65547,56051,0
4253,9278,38572,0
4254,33924,13555,0
4255,19860,25409,0
4256,8785,3504,0
4257,34230,15976,0
4258,43016,64893,0
4259,22672,30121,0
4260,47644,46220,0
4261,62551,26673,0
4262,58138,771,0
4263,13813,16320,0
4264,39417,53954,0
4265,58162,41841,0
4266,38951,45011,0
4267,43077,22017,0
4268,31804,33241,0
4269,24062,31416,0
4270,10273,23602,0
4271,62891,11494,0
4272,61952,16849,0
4273,30507,31555,0
4274,27107,36032,0
4275,45723,6463,0
4276,53016,45062,0
4277,1195,46956,0
4278,43996,52468,0
4279,32643,46847,0
4280,44068,49596,0
4281,1213,9764,0
4282,34269,11318,0
4283,36131,51657,0
4284,38866,65959,0
4285,5411,65558,0
4286,18034,27917,0
4287,43934,36511,0
4288,49375,33360,0
4289,57909,8120,0
4290,8125,15821,0
4291,20712,10266,0
4292,36480,63417,0
4293,16127,43047,0
4294,26162,29016,0
4295,29543,17750,0
4296,66742,22391,0
4297,18436,3282,0
4298,26236,4561,0
4299,51106,36409,0
4300,51583,36526,0
4301,27469,57170,0
4302,40197,52258,0
4303,49306,140,0
4304,32546,695,0
4305,31856,65920,0
4306,54360,13543,0
4307,1944,47696,0
4308,28260,46951,0
4309,66010,46545,0
4310,1234,59936,0
4311,38051,19337,0
4312,34664,61887,0
4313,56252,37930,0
4314,6334,46008,0
4315,7079,55630,0
4316,36607,34372,0
4317,17492,46353,0
4318,31931,49862,0
4319,67227,49699,0
4320,13575,67124,0
4321,53156,48411,0
4322,20172,24936,0
4323,25950,54382,0
4324,46385,21747,0
4325,5393,46292,0
4326,14017,56829,0
4327,38185,22590,0
4328,10444,61161,0
4329,54814,13909,0
4330,31611,65365,0
4331,57458,11356,0
4332,13349,30995,0
4333,34591,21660,0
4334,3027,22164,0
4335,890,52948,0
4336,20256,64249,0
4337,8172,3270,0
4338,42345,2390,0
4339,22950,13061,0
4340,27668,35161,0
4341,54586,64202,0
4342,39141,52111,0
4343,34654,34503,0
4344,53528,48724,0
4345,62880,4942,0
4346,41422,36782,0
4347,48379,66333,0
4348,18748,33807,0
4349,42591,33230,0
4350,10094,26547,0
4351,65163,45131,0
4352,66878,37828,0
4353,24000,29934,0
4354,34723,1127,0
4355,31157,8783,0
4356,45606,38713,0
4357,43273,54668,0
4358,64683,58776,0
4359,67595,64668,0
4360,9735,31050,0
4361,35693,24126,0
4362,10560,6289,0
4363,65186,17838,0
4364,16189,48594,0
4365,28822,35426,0
4366,62426,59720,0
4367,13147,59302,0
4368,24668,2534,0
4369,4437,35636,0
4370,44553,30240,0
4371,5729,17895,0
4372,27348,6998,0
4373,9137,9595,0
4374,1928,32039,0
4375,50343,1873,0
4376,51051,14944,0
4377,43753,38276,0
4378,17108,28964,0
4379,30161,49608,0
4380,20050,18894,0
4381,15832,12115,0
4382,32187,12449,0
4383,42834,46680,0
4384,51866,37283,0
4385,15939,30323,0
4386,18884,55431,0
4387,38025,68054,0
4388,65384,42427,0
4389,23620,60849,0
4390,39328,34492,0
4391,62631,5369,0
4392,24153,17035,0
4393,64672,17659,0
4394,2050,65476,0
4395,40692,54316,0
4396,9726,4545,0
4397,38032,3932,0
4398,34698,66966,0
4399,60640,50208,0
4400,4697,32649,0
4401,53524,23227,0
4402,22845,27412,0
4403,35801,31794,0
4404,14958,58008,0
4405,51415,14565,0
4406,933,50184,0
4407,36402,5525,0
4408,45618,43757,0
4409,16532,46633,0
4410,58019,50007,0
4411,54927,55362,0
4412,19571,7456,0
4413,59175,42677,0
4414,46558,22608,0
4415,33747,23126,0
4416,47819,34005,0
4417,15711,36632,0
4418,34755,33775,0
4419,61380,40303,0
4420,41090,42702,0
4421,16852,53932,0
4422,44775,34427,0
4423,23643,11572,0
4424,7038,54288,0
4425,883,28830,0
4426,13578,3833,0
4427,4741,4721,0
4428,18556,34782,0
4429,18565,34921,0
4430,5700,60300,0
4431,56728,27206,0
4432,27668,37489,0
4433,2294,13103,0
4434,13584,24325,0
4435,45136,5466,0
4436,53973,56161,0
4437,46930,53722,0
4438,40229,57953,0
4439,19237,31015,0
4440,50680,34011,0
4441,3916,3742,0
4442,9354,38120,0
4443,38798,41641,0
4444,58152,30110,0
4445,11943,13414,0
4446,36620,56100,0
4447,56851,48360,0
4448,8691,15283,0
4449,68208,62173,0
4450,25687,28328,0
4451,54805,33787,0
4452,7242,26850,0
4453,39563,31774,0
4454,52793,14492,0
4455,32171,43387,0
4456,14758,47936,0
4457,46524,22695,0
4458,11224,4869,0
4459,42274,1524,0
4460,8158,38832,0
4461,6196,266,0
4462,20382,42862,0
4463,33221,44651,0
4464,29099,23739,0
4465,26191,305,0
4466,43218,40105,0
4467,20532,66913,0
4468,29018,57113,0
4469,1222,27022,0
4470,11036,43845,0
4471,51952,32831,0
4472,33576,4785,0
4473,18524,43372,0
4474,30224,18601,0
4475,33120,23763,0
4476,12783,66585,0
4477,65716,54351,0
4478,13855,32175,0
4479,48478,30902,0
4480,66347,16167,0
4481,15328,19829,0
4482,19222,30366,0
4483,45373,62696,0
4484,13334,61470,0
4485,59871,38755,0
4486,8794,42571,0
4487,18312,58087,0
4488,67898,16140,0
4489,23107,48398,0
4490,47773,13892,0
4491,31744,65748,0
4492,6203,54677,0
4493,7239,28017,0
4494,61805,30797,0
4495,297,49379,0
4496,49127,30324,0
4497,17114,34644,0
4498,9096,22820,0
4499,44570,2153,0
4500,39441,23347,0
4501,29340,35958,0
4502,43722,48602,0
4503,24890,37692,0
4504,49206,54916,0
4505,27081,8497,0
4506,24177,35011,0
4507,8458,61287,0
4508,29243,42787,0
4509,66306,62163,0
4510,44075,31669,0
4511,42874,67580,0
4512,32222,4512,0
4513,18689,48354,0
4514,30427,51535,0
4515,16863,18014,0
4516,5962,52280,0
4517,33820,12061,0
4518,17586,64618,0
4519,26894,28091,0
4520,45066,46424,0
4521,60338,31033,0
4522,23791,57493,0
4523,10205,27310,0
4524,1769,36912,0
4525,14384,41075,0
4526,44645,4474,0
4527,64748,27585,0
4528,29617,12532,0
4529,11118,52487,0
4530,14653,32028,0
4531,27164,19925,0
4532,28975,28205,0
4533,640,55907,0
4534,24740,33305,0
4535,57058,62245,0
4536,485,26687,0
4537,46374,24731,0
4538,46359,3717,0
4539,8773,46129,0
4540,9103,367,0
4541,54155,62477,0
4542,28952,3899,0
4543,21148,15864,0
4544,26061,48536,0
4545,5820,42837,0
4546,14685,17342,0
4547,53822,46293,0
4548,49146,36928,0
4549,27043,42773,0
4550,9206,33237,0
4551,57685,35293,0
4552,41387,66943,0
4553,5069,41065,0
4554,4117,54881,0
4555,67474,53257,0
4556,51005,12150,0
4557,6290,29529,0
4558,41329,47853,0
4559,14300,30592,0
4560,48208,59463,0
4561,13423,38944,0
4562,19407,20745,0
4563,41572,65425,0
4564,56481,30906,0
4565,8974,7951,0
4566,52262,47715,0
4567,5951,20415,0
4568,51833,15761,0
4569,53311,31296,0
4570,61238,51109,0
4571,27040,30577,0
4572,66604,56885,0
4573,62279,20686,0
4574,68208,59908,0
4575,48327,25608,0
4576,22703,30214,0
4577,1927,28762,0
4578,54926,28254,0
4579,26591,27664,0
4580,34173,46092,0
4581,10552,27808,0
4582,10102,51652,0
4583,44849,3186,0
4584,65665,445,0
4585,53919,52252,0
4586,18613,26403,0
4587,31283,53274,0
4588,65149,32442,0
4589,65235,63935,0
4590,22336,2922,0
4591,22163,25184,0
4592,1464,13780,0
4593,29965,17323,0
4594,46482,66050,0
4595,34003,55417,0
4596,54015,27333,0
4597,48821,20717,0
4598,18054,12759,0
4599,15823,16984,0
4600,53868,5912,0
4601,19460,7411,0
4602,65544,15893,0
4603,21015,66166,0
4604,32250,28913,0
4605,63956,1206,0
4606,29772,7023,0
4607,35402,53926,0
4608,50707,55203,0
4609,45101,20063,0
4610,58527,632,0
4611,19474,19257,0
4612,58291,50945,0
4613,4135,21890,0
4614,12705,4898,0
4615,62072,2817,0
4616,48880,5515,0
4617,42829,18926,0
4618,17049,7487,0
4619,56480,59626,0
4620,48719,31892,0
4621,1845,60095,0
4622,65819,20392,0
4623,47929,31014,0
4624,53224,41851,0
4625,62672,38897,0
4626,42035,46656,0
4627,9953,2272,0
4628,65954,3707,0
4629,9727,55392,0
4630,48443,61391,0
4631,65871,54162,0
4632,31069,55588,0
4633,5630,36495,0
4634,30712,51251,0
4635,24314,59832,0
4636,26989,13034,0
4637,28565,20666,0
4638,38845,48674,0
4639,6825,28501,0
4640,48339,38796,0
4641,48455,58665,0
4642,66757,19436,0
4643,12011,56893,0
4644,15283,52716,0
4645,60344,60501,0
4646,20179,56235,0
4647,65005,16323,0
4648,3814,42608,0
4649,62948,6371,0
4650,44482,40034,0
4651,24644,41595,0
4652,2673,26284,0
4653,38166,55559,0
4654,19383,39059,0
4655,16126,31515,0
4656,3727,56712,0
4657,37104,11437,0
4658,38328,16176,0
4659,32493,54647,0
4660,19163,43413,0
4661,8424,32794,0
4662,67989,4667,0
4663,25005,61923,0
4664,68369,28712,0
4665,26368,21879,0
4666,23101,37799,0
4667,64367,42721,0
4668,45826,43546,0
4669,39225,7204,0
4670,59615,23590,0
4671,3946,35751,0
4672,54812,50530,0
4673,22683,22199,0
4674,36360,5807,0
4675,33899,10024,0
4676,63821,38653,0
4677,8130,52425,0
4678,22756,48021,0
4679,63449,51447,0
4680,65901,35990,0
4681,67174,26421,0
4682,35158,58588,0
4683,35551,30514,0
4684,39963,45790,0
4685,68169,45081,0
4686,57424,9244,0
4687,22238,36398,0
4688,20769,5271,0
4689,50118,32662,0
4690,11602,45266,0
4691,10319,51141,0
4692,260,49765,0
4693,36605,50372,0
4694,27228,35634,0
4695,57982,13363,0
4696,44709,25478,0
4697,23828,14708,0
4698,56560,27761,0
4699,28937,16960,0
4700,2317,10916,0
4701,37374,63026,0
4702,1836,68245,0
4703,49741,58616,0
4704,27681,60333,0
4705,1977,53985,0
4706,18625,30402,0
4707,5359,14303,0
4708,27572,68313,0
4709,4727,65821,0
4710,35339,6624,0
4711,46939,4730,0
4712,27488,36625,0
4713,37511,28081,0
4714,25122,17028,0
4715,6280,64762,0
4716,57492,1860,0
4717,53251,45763,0
4718,41222,38160,0
4719,26083,42359,0
4720,62624,52226,0
4721,61683,67967,0
4722,20662,38182,0
4723,55840,67114,0
4724,13090,220,0
4725,7820,63604,0
4726,34715,23123,0
4727,31904,27070,0
4728,28343,23284,0
4729,11061,47776,0
4730,44645,17543,0
4731,56644,50242,0
4732,63241,24745,0
4733,49774,61177,0
4734,44848,53564,0
4735,26203,6223,0
4736,61058,41140,0
4737,52923,62145,0
4738,17680,20342,0
4739,66998,63668,0
4740,67210,28181,0
4741,60913,50682,0
4742,22241,38357,0
4743,17114,32251,0
4744,12372,21106,0
4745,39261,45197,0
4746,64347,24996,0
4747,55745,61844,0
4748,55323,3771,0
4749,26212,31844,0
4750,52308,15251,0
4751,62396,3545,0
4752,35254,1750,0
4753,2806,38832,0
4754,56849,8898,0
4755,49496,53356,0
4756,45524,21676,0
4757,2635,22278,0
4758,32090,3923,0
4759,45786,54363,0
4760,22074,55737,0
4761,32683,40689,0
4762,42982,11837,0
4763,18813,5295,0
4764,28176,38365,0
4765,27204,14260,0
4766,30364,5389,0
4767,3940,26600,0
4768,59134,53868,0
4769,59765,4385,0
4770,7917,3038,0
4771,9372,53979,0
4772,30547,61480,0
4773,17228,17919,0
4774,6673,47264,0
4775,13758,57911,0
4776,66293,27938,0
4777,48995,41364,0
4778,10814,34468,0
4779,18746,9692,0
4780,65708,46383,0
4781,31547,23446,0
4782,45438,66833,0
4783,58943,44253,0
4784,27912,66611,0
4785,36257,59970,0
4786,44669,30192,0
4787,8730,65440,0
4788,36531,45723,0
4789,17427,6924,0
4790,52530,27762,0
4791,26325,9881,0
4792,9019,51645,0
4793,52878,6127,0
4794,38824,52743,0
4795,20453,49251,0
4796,2395,38897,0
4797,49589,15175,0
4798,65398,51093,0
4799,36175,39679,0
4800,55173,18747,0
4801,26203,32302,0
4802,26223,4056,0
4803,3398,6386,0
4804,56030,54807,0
4805,1909,49781,0
4806,28944,4000,0
4807,57651,12160,0
4808,6032,62061,0
4809,26560,15533,0
4810,68265,50453,0
4811,67686,54720,0
4812,6877,3591,0
4813,15060,36117,0
4814,4208,36237,0
4815,25803,67207,0
4816,64938,15241,0
4817,58413,22234,0
4818,1863,16591,0
4819,30826,65871,0
4820,24998,29898,0
4821,67485,35720,0
4822,51480,30291,0
4823,4529,25468,0
4824,27540,5967,0
4825,22081,54943,0
4826,14661,46668,0
4827,6795,14618,0
4828,38989,40726,0
4829,13885,62103,0
4830,14715,59115,0
4831,58221,51085,0
4832,40083,5577,0
4833,65128,51214,0
4834,22061,59293,0
4835,5661,27175,0
4836,38040,6085,0
4837,24142,18217,0
4838,43490,51681,0
4839,47824,45663,0
4840,14625,45507,0
4841,12118,10023,0
4842,19775,8454,0
4843,51102,3919,0
4844,3086,18138,0
4845,30977,30242,0
4846,9908,65974,0
4847,29756,15458,0
4848,45911,46536,0
4849,8675,19577,0
4850,26962,15385,0
4851,24458,34141,0
4852,65317,6651,0
4853,54902,61688,0
4854,22104,26990,0
4855,56864,55955,0
4856,25657,58462,0
4857,175,3268,0
4858,38406,57590,0
4859,34751,25250,0
4860,61348,36600,0
4861,53835,47972,0
4862,18764,48980,0
4863,48957,51685,0
4864,40632,60164,0
4865,26551,61102,0
4866,23468,34604,0
4867,60321,29501,0
4868,22573,1830,0
4869,32912,19100,0
4870,51168,52961,0
4871,62929,12619,0
4872,13865,16434,0
4873,12536,9396,0
4874,51913,48699,0
4875,65452,7300,0
4876,49037,41906,0
4877,66709,18141,0
4878,14313,4251,0
4879,32726,62406,0
4880,53370,7029,0
4881,66357,8290,0
4882,11373,10303,0
4883,36799,58649,0
4884,31637,51311,0
4885,11563,1317,0
4886,54491,13358,0
4887,50989,46997,0
4888,12528,6339,0
4889,42449,12896,0
4890,30582,51231,0
4891,60830,68200,0
4892,25410,65962,0
4893,13412,8890,0
4894,55331,2945,0
4895,6124,24794,0
4896,48314,34542,0
4897,14973,29075,0
4898,32803,1326,0
4899,14263,46933,0
4900,45228,67291,0
4901,54837,65646,0
4902,11534,57992,0
4903,31705,4910,0
4904,31027,67985,0
4905,37212,44933,0
4906,13234,19484,0
4907,51934,45138,0
4908,24309,65206,0
4909,46185,852,0
4910,10004,33919,0
4911,4217,21085,0
4912,29540,67304,0
4913,10252,49938,0
4914,28272,24805,0
4915,59837,37235,0
4916,26267,18172,0
4917,27259,63854,0
4918,54386,66981,0
4919,15409,23290,0
4920,38622,43390,0
4921,19241,12692,0
4922,49982,59442,0
4923,53043,6264,0
4924,53514,29661,0
4925,25776,64614,0
4926,59845,2350,0
4927,68033,52115,0
4928,46765,6154,0
4929,61374,62256,0
4930,13160,6269,0
4931,66797,49060,0
4932,48259,7454,0
4933,60550,10670,0
4934,57560,28634,0
4935,21456,65193,0
4936,9143,7719,0
4937,5674,16759,0
4938,43816,59873,0
4939,49514,45133,0
4940,1315,26504,0
4941,54567,44850,0
4942,8025,44477,0
4943,22633,26738,0
4944,65114,49869,0
4945,25494,43443,0
4946,67880,41378,0
4947,17768,23030,0
4948,40682,32054,0
4949,15969,9831,0
4950,25301,46008,0
4951,25918,21646,0
4952,41587,48723,0
4953,5042,3809,0
4954,50152,59625,0
4955,17711,15148,0
4956,53005,39572,0
4957,19123,23421,0
4958,61978,66836,0
4959,11657,11792,0
4960,10242,2203,0
4961,59393,53534,0
4962,11999,64821,0
4963,18432,22695,0
4964,3602,57771,0
4965,35395,52138,0
4966,15659,18985,0
4967,40798,25555,0
4968,62669,25260,0
4969,51477,6156,0
4970,29386,28308,0
4971,23260,31319,0
4972,62113,56462,0
4973,11010,40760,0
4974,15490,50675,0
4975,34766,9895,0
4976,65851,61480,0
4977,41100,44902,0
4978,48642,26831,0
4979,33853,17915,0
4980,46125,28931,0
4981,25317,63727,0
4982,43544,12404,0
4983,27463,23685,0
4984,12782,1756,0
4985,20379,4771,0
4986,52780,56309,0
4987,60373,40173,0
4988,23365,39102,0
4989,67621,21500,0
4990,36211,37748,0
4991,30540,63711,0
4992,46453,40110,0
4993,63723,23854,0
4994,14213,6316,0
4995,54828,52505,0
4996,58433,31197,0
4997,59326,16889,0
4998,60686,63019,0
4999,39090,44073,0
5000,13077,55182,0
5001,38539,42634,0
5002,55366,64362,0
5003,40684,22509,0
5004,55225,38083,0
5005,58847,29111,0
5006,17615,60150,0
5007,12183,32247,0
5008,14530,17227,0
5009,12656,9422,0
5010,63357,6927,0
5011,28612,36099,0
5012,35738,20393,0
5013,44898,29886,0
5014,20977,5343,0
5015,3868,50062,0
5016,23959,39747,0
5017,24281,33229,0
5018,27095,10313,0
5019,23034,52601,0
5020,48017,55274,0
5021,56461,55118,0
5022,40069,31859,0
5023,25152,54889,0
5024,65733,21506,0
5025,13274,1089,0
5026,28666,2851,0
5027,58525,4242,0
5028,68198,12806,0
5029,17853,53447,0
5030,50341,52074,0
5031,8453,15772,0
5032,51963,45895,0
5033,56511,67916,0
5034,53771,6766,0
5035,74,6375,0
5036,27123,43659,0
5037,17676,54659,0
5038,1742,33842,0
5039,30892,35493,0
5040,60033,29374,0
5041,12550,12594,0
5042,11789,38666,0
5043,511,38713,0
5044,29612,34762,0
5045,9217,67130,0
5046,10258,42477,0
5047,9464,61537,0
5048,12413,2289,0
5049,6008,22690,0
5050,55022,53177,0
5051,40996,56157,0
5052,40272,14743,0
5053,45249,1867,0
5054,10353,17625,0
5055,37210,53256,0
5056,27630,46190,0
5057,13334,16484,0
5058,40305,19759,0
5059,63810,38839,0
5060,5947,55014,0
5061,41797,44905,0
5062,44870,4391,0
5063,61145,57212,0
5064,21974,31363,0
5065,645,37452,0
5066,11497,47181,0
5067,52659,29551,0
5068,62365,64864,0
5069,31942,58453,0
5070,52136,50669,0
5071,215,41567,0
5072,60284,62943,0
5073,7917,23494,0
5074,10362,38741,0
5075,464,14256,0
5076,35276,2438,0
5077,60510,18241,0
5078,22402,40514,0
5079,13432,49026,0
5080,56636,11165,0
5081,36534,32859,0
5082,6357,54759,0
5083,30851,26384,0
5084,31065,4886,0
5085,16456,4591,0
5086,22867,33575,0
5087,54035,63982,0
5088,2859,13114,0
5089,38685,55615,0
5090,45479,51649,0
5091,26211,25019,0
5092,31370,34165,0
5093,35249,61326,0
5094,63074,32581,0
5095,51918,19139,0
5096,16861,3034,0
5097,3325,35077,0
5098,65163,43559,0
5099,46800,37238,0
5100,48933,26561,0
5101,32151,38620,0
5102,54461,29846,0
5103,39777,57054,0
5104,11280,25564,0
5105,5181,23806,0
5106,49589,65528,0
5107,23170,38397,0
5108,5978,3350,0
5109,30088,47000,0
5110,66220,11525,0
5111,42364,28408,0
5112,57968,67787,0
5113,34363,45716,0
5114,29244,20884,0
5115,4386,3615,0
5116,61017,13744,0
5117,22185,64492,0
5118,62365,29777,0
5119,16116,15399,0
5120,37763,35241,0
5121,1733,9187,0
5122,38623,34463,0
5123,56128,26575,0
5124,65778,27144,0
5125,42009,67860,0
5126,48644,10190,0
5127,44645,47373,0
5128,31116,27011,0
5129,14530,45974,0
5130,20665,21519,0
5131,15759,6208,0
5132,34005,4462,0
5133,14218,61791,0
5134,51769,57990,0
5135,20780,60399,0
5136,50183,43254,0
5137,50205,67490,0
5138,60418,20074,0
5139,3050,27366,0
5140,49472,52267,0
5141,15675,58712,0
5142,47882,28545,0
5143,17181,64790,0
5144,11350,44744,0
5145,8099,12152,0
5146,555,33765,0
5147,16900,62496,0
5148,43764,48046,0
5149,746,19768,0
5150,25849,47947,0
5151,35440,10816,0
5152,39180,59216,0
5153,58436,9852,0
5154,3570,48619,0
5155,51266,11737,0
5156,31134,2938,0
5157,67997,64119,0
5158,42562,24224,0
5159,47725,144,0
5160,18559,24320,0
5161,11205,14586,0
5162,34352,54872,0
5163,67909,13644,0
5164,29567,54004,0
5165,57112,65216,0
5166,17516,155,0
5167,54168,58705,0
5168,44658,41618,0
5169,64732,26932,0
5170,66639,20483,0
5171,8824,65546,0
5172,62358,47683,0
5173,22467,44922,0
5174,10936,16814,0
5175,44382,58861,0
5176,29079,4196,0
5177,12929,63962,0
5178,3024,9322,0
5179,13418,689,0
5180,4352,49626,0
5181,65044,26222,0
5182,6014,34348,0
5183,19278,39144,0
5184,64696,5686,0
5185,27739,42314,0
5186,66149,18637,0
5187,29607,5868,0
5188,59250,56601,0
5189,27995,43768,0
5190,14747,47088,0
5191,39152,30729,0
5192,1150,21480,0
5193,52338,10196,0
5194,7176,52001,0
5195,15462,57221,0
5196,24300,23843,0
5197,54572,33021,0
5198,23141,15099,0
5199,14376,65063,0
5200,56689,6448,0
5201,19256,66533,0
5202,53089,53738,0
5203,10008,6147,0
5204,56573,10586,0
5205,57663,38825,0
5206,49501,40653,0
5207,47253,57444,0
5208,20268,66614,0
5209,17393,60188,0
5210,48491,13449,0
5211,55171,26623,0
5212,32298,18977,0
5213,11901,17840,0
5214,50526,27819,0
5215,21968,11938,0
5216,49520,28879,0
5217,63616,1507,0
5218,10751,14971,0
5219,1924,17677,0
5220,1908,47150,0
5221,31584,36881,0
5222,66094,13765,0
5223,4353,15860,0
5224,51956,22753,0
5225,5356,27698,0
5226,45312,30257,0
5227,20885,22192,0
5228,50041,37452,0
5229,5571,21253,0
5230,48793,57623,0
5231,52250,60248,0
5232,44530,42061,0
5233,18354,67713,0
5234,24373,60783,0
5235,2602,15261,0
5236,6440,57602,0
5237,37704,54218,0
5238,5817,24034,0
5239,5888,52494,0
5240,47755,41882,0
5241,39606,59511,0
5242,43829,21615,0
5243,39319,57188,0
5244,6059,61092,0
5245,62039,25636,0
5246,50245,29956,0
5247,32376,62774,0
5248,62330,38440,0
5249,33763,2549,0
5250,22964,43286,0
5251,13276,20934,0
5252,22272,1711,0
5253,31669,19127,0
5254,5240,31411,0
5255,52892,28702,0
5256,13487,38179,0
5257,54221,45879,0
5258,40703,26809,0
5259,39496,9741,0
5260,27270,23388,0
5261,620,26471,0
5262,4943,59390,0
5263,7767,39949,0
5264,16715,19583,0
5265,4090,24466,0
5266,31304,33420,0
5267,49639,42845,0
5268,38773,31440,0
5269,44090,14707,0
5270,26071,37383,0
5271,15449,43547,0
5272,29472,26988,0
5273,43261,30024,0
5274,50098,53567,0
5275,46404,63716,0
5276,62838,38618,0
5277,53652,37060,0
5278,23283,54427,0
5279,19998,50138,0
5280,13616,66690,0
5281,50590,67874,0
5282,10467,65941,0
5283,65353,12222,0
5284,66012,44057,0
5285,20389,42009,0
5286,61417,54962,0
5287,58558,49867,0
5288,45057,6977,0
5289,7799,64117,0
5290,1461,11080,0
5291,44407,15523,0
5292,62685,57648,0
5293,42604,59211,0
5294,11370,34401,0
5295,8489,57841,0
5296,42068,39096,0
5297,59774,41088,0
5298,57866,2735,0
5299,36951,63187,0
5300,59428,18759,0
5301,15431,36182,0
5302,58948,30022,0
5303,13887,12908,0
5304,41846,67723,0
5305,53089,59452,0
5306,37750,40859,0
5307,12048,18446,0
5308,21628,61951,0
5309,42711,33202,0
5310,57417,35485,0
5311,59440,27978,0
5312,60699,17727,0
5313,57642,38418,0
5314,68213,20288,0
5315,28444,48590,0
5316,61728,45527,0
5317,35036,57311,0
5318,56104,26181,0
5319,20107,68333,0
5320,8590,19798,0
5321,33311,52316,0
5322,20050,24837,0
5323,41868,21919,0
5324,59056,50268,0
5325,18909,54894,0
5326,67212,2041,0
5327,39115,2512,0
5328,32884,19364,0
5329,17806,62403,0
5330,5370,3928,0
5331,18470,39303,0
5332,45918,44316,0
5333,34471,66343,0
5334,22495,18091,0
5335,19599,33437,0
5336,64441,49626,0
5337,63236,17640,0
5338,6789,4722,0
5339,10265,12479,0
5340,32363,32423,0
5341,25195,66527,0
5342,6788,12185,0
5343,10456,61690,0
5344,49848,28724,0
5345,57544,27770,0
5346,55677,30019,0
5347,30362,52888,0
5348,68410,36588,0
5349,44223,54090,0
5350,35172,16403,0
5351,61710,47854,0
5352,11687,33169,0
5353,33719,54940,0
5354,6109,20088,0
5355,51622,35861,0
5356,55203,66160,0
5357,14555,51748,0
5358,38959,63823,0
5359,55216,46301,0
5360,19469,17131,0
5361,15383,5724,0
5362,57229,36215,0
5363,13435,68154,0
5364,30818,66981,0
5365,27446,53387,0
5366,40352,37233,0
5367,57682,22522,0
5368,11920,53882,0
5369,44553,5998,0
5370,30243,38826,0
5371,62922,8234,0
5372,21959,14824,0
5373,45041,54758,0
5374,41428,5925,0
5375,43832,37360,0
5376,3577,3043,0
5377,20877,1388,0
5378,31365,903,0
5379,38773,47468,0
5380,42471,41344,0
5381,3915,2741,0
5382,47856,48174,0
5383,2614,35563,0
5384,7992,59903,0
5385,17451,40904,0
5386,66647,15365,0
5387,33297,43985,0
5388,6787,9438,0
5389,64226,3253,0
5390,61569,14748,0
5391,4457,25429,0
5392,7549,62664,0
5393,61340,4139,0
5394,30917,2146,0
5395,48572,31025,0
5396,55848,42865,0
5397,48450,4792,0
5398,40197,28839,0
5399,61400,27396,0
5400,61207,62291,0
5401,60948,55116,0
5402,59880,15251,0
5403,53426,20421,0
5404,15803,11194,0
5405,4434,10763,0
5406,44606,55069,0
5407,10413,26968,0
5408,46198,15366,0
5409,58378,2869,0
5410,36285,61579,0
5411,55580,982,0
5412,9527,12206,0
5413,14775,21144,0
5414,7213,67796,0
5415,52124,13362,0
5416,54644,23863,0
5417,26495,17685,0
5418,1610,54074,0
5419,25571,63279,0
5420,58259,35732,0
5421,31685,38634,0
5422,38480,47922,0
5423,18536,5288,0
5424,28586,33198,0
5425,53963,7757,0
5426,50071,33442,0
5427,47704,556,0
5428,57999,18374,0
5429,3040,19404,0
5430,25591,969,0
5431,30410,29046,0
5432,13200,67754,0
5433,54431,45533,0
5434,56823,15824,0
5435,63718,57802,0
5436,12217,47761,0
5437,43145,56555,0
5438,64627,17698,0
5439,53816,35655,0
5440,53855,11278,0
5441,52352,33130,0
5442,7744,59964,0
5443,3118,7361,0
5444,47321,29816,0
5445,66891,50841,0
5446,46385,45727,0
5447,39242,31557,0
5448,53922,63778,0
5449,16425,31869,0
5450,50960,59194,0
5451,66673,57375,0
5452,26400,14116,0
5453,17902,28505,0
5454,28430,44811,0
5455,34241,61866,0
5456,5776,62074,0
5457,59175,31019,0
5458,16007,41594,0
5459,45954,48131,0
5460,54320,8422,0
5461,53168,34556,0
5462,9234,54999,0
5463,6808,23499,0
5464,62840,65523,0
5465,41814,3198,0
5466,63277,65321,0
5467,65871,18336,0
5468,16421,41139,0
5469,28708,5496,0
5470,35569,64611,0
5471,45190,40501,0
5472,61528,54287,0
5473,42540,33866,0
5474,585,44125,0
5475,32659,34030,0
5476,54810,23678,0
5477,13413,54342,0
5478,47926,44520,0
5479,21685,16509,0
5480,35597,17901,0
5481,45134,35257,0
5482,54248,28425,0
5483,30853,64106,0
5484,8505,25789,0
5485,51318,54990,0
5486,38590,55445,0
5487,3419,36806,0
5488,23884,32045,0
5489,15817,67500,0
5490,40695,54133,0
5491,57807,49461,0
5492,6355,59496,0
5493,39288,8376,0
5494,52530,12756,0
5495,631,53547,0
5496,11074,44587,0
5497,24869,31029,0
5498,55358,29816,0
5499,61020,21765,0
5500,11818,6981,0
5501,47182,55577,0
5502,30555,1515,0
5503,62385,36639,0
5504,58364,876,0
5505,5593,39698,0
5506,67334,22225,0
5507,35317,35565,0
5508,5971,53819,0
5509,25278,38558,0
5510,600,67006,0
5511,36114,10542,0
5512,18743,51458,0
5513,37342,33043,0
5514,9357,10795,0
5515,46306,43844,0
5516,8888,18968,0
5517,62893,60297,0
5518,56324,14352,0
5519,53601,65449,0
5520,8201,20611,0
5521,1101,37622,0
5522,43136,10422,0
5523,33311,12457,0
5524,22850,17507,0
5525,12691,49109,0
5526,2614,42466,0
5527,16840,27175,0
5528,45933,28184,0
5529,5595,57834,0
5530,63569,59181,0
5531,6626,67515,0
5532,65960,32746,0
5533,31881,59828,0
5534,749,27523,0
5535,12799,62782,0
5536,33960,12564,0
5537,27692,19847,0
5538,19017,17589,0
5539,44328,67642,0
5540,9468,42269,0
5541,48145,2742,0
5542,23802,17579,0
5543,31621,53170,0
5544,36801,39511,0
5545,31784,29853,0
5546,44399,21019,0
5547,3520,58020,0
5548,30954,22658,0
5549,10672,9780,0
5550,63465,29051,0
5551,9454,66991,0
5552,54348,13155,0
5553,45589,26222,0
5554,9460,25184,0
5555,26187,45218,0
5556,60843,47020,0
5557,68067,39616,0
5558,34734,12141,0
5559,10555,67958,0
5560,55960,57142,0
5561,36930,18395,0
5562,57013,58252,0
5563,29945,59424,0
5564,62872,5461,0
5565,37175,42128,0
5566,12256,46675,0
5567,63819,23055,0
5568,56140,59151,0
5569,16364,52755,0
5570,38052,11403,0
5571,7288,15794,0
5572,36,47563,0
5573,46547,57520,0
5574,58971,10121,0
5575,62978,59271,0
5576,3855,5409,0
5577,65693,44098,0
5578,39549,40093,0
5579,47318,58080,0
5580,56745,25720,0
5581,26233,13186,0
5582,60953,60309,0
5583,67557,28333,0
5584,57111,21952,0
5585,33197,31189,0
5586,47130,68403,0
5587,42739,43013,0
5588,39466,11570,0
5589,57037,50588,0
5590,53166,1818,0
5591,8028,43226,0
5592,32026,68105,0
5593,37138,26024,0
5594,31857,44947,0
5595,68391,1755,0
5596,16333,8873,0
5597,5219,53341,0
5598,65338,27659,0
5599,3917,66267,0
5600,49760,17716,0
5601,30872,38886,0
5602,30230,49153,0
5603,57197,1913,0
5604,2451,12077,0
5605,7202,40194,0
5606,43018,41139,0
5607,15720,9930,0
5608,55176,56875,0
5609,21674,30654,0
5610,27270,56807,0
5611,62862,19210,0
5612,37696,11628,0
5613,12972,9968,0
5614,63047,62408,0
5615,19286,55504,0
5616,64876,6176,0
5617,49,61707,0
5618,40545,8223,0
5619,31161,30874,0
5620,63230,37336,0
5621,52175,64980,0
5622,62712,5099,0
5623,25226,51566,0
5624,43134,65250,0
5625,7977,47135,0
5626,39320,48564,0
5627,44923,67810,0
5628,53346,48844,0
5629,41714,51197,0
5630,13463,12002,0
5631,68328,58903,0
5632,38787,35615,0
5633,24470,61386,0
5634,10272,59399,0
5635,32258,62895,0
5636,10678,47089,0
5637,5559,17085,0
5638,62093,62970,0
5639,13959,53755,0
5640,62435,10883,0
5641,61962,28636,0
5642,33860,19741,0
5643,67844,44408,0
5644,28902,47667,0
5645,43255,2100,0
5646,8190,32804,0
5647,12666,61923,0
5648,54304,59151,0
5649,1320,64791,0
5650,60887,68311,0
5651,47954,23808,0
5652,54803,21505,0
5653,65649,14982,0
5654,27160,14142,0
5655,26214,49976,0
5656,24426,62617,0
5657,29094,42780,0
5658,35095,35176,0
5659,18069,61535,0
5660,39001,1391,0
5661,52996,36704,0
5662,40137,35907,0
5663,21363,1534,0
5664,37317,9636,0
5665,5552,2692,0
5666,19993,14188,0
5667,67914,26859,0
5668,51857,54143,0
5669,2423,11230,0
5670,58049,2935,0
5671,66049,31399,0
5672,10787,4182,0
5673,9710,49457,0
5674,29503,7550,0
5675,58169,47137,0
5676,56695,34841,0
5677,37845,10292,0
5678,19250,43263,0
5679,21872,64491,0
5680,65319,54836,0
5681,14385,39545,0
5682,47542,54717,0
5683,28223,8648,0
5684,62124,29788,0
5685,25353,47662,0
5686,42390,29406,0
5687,13495,58541,0
5688,56607,45698,0
5689,48951,62578,0
5690,29000,53620,0
5691,63530,405,0
5692,17586,53024,0
5693,40311,54137,0
5694,30342,17479,0
5695,15913,20825,0
5696,58911,48126,0
5697,5092,59860,0
5698,31266,60826,0
5699,61869,9950,0
5700,9014,19708,0
5701,28344,22912,0
5702,32210,24118,0
5703,10587,33094,0
5704,51028,47793,0
5705,25333,35708,0
5706,49946,62599,0
5707,28750,20504,0
5708,289,43658,0
5709,1955,34941,0
5710,65652,32176,0
5711,12396,43807,0
5712,921,41237,0
5713,5749,3965,0
5714,67155,67005,0
5715,48758,66917,0
5716,8525,51296,0
5717,56798,63428,0
5718,58365,61647,0
5719,60744,49949,0
5720,648,8857,0
5721,14072,23964,0
5722,34273,51394,0
5723,18341,46164,0
5724,8624,66013,0
5725,37068,60410,0
5726,11310,4637,0
5727,52981,56694,0
5728,51369,35944,0
5729,37248,17558,0
5730,5442,55881,0
5731,19426,64161,0
5732,34967,9790,0
5733,46751,41539,0
5734,10207,27350,0
5735,34551,16706,0
5736,24125,9447,0
5737,48442,52572,0
5738,9380,12253,0
5739,41640,61286,0
5740,8879,4374,0
5741,52305,31444,0
5742,33590,62833,0
5743,19537,66941,0
5744,3069,65656,0
5745,10347,17038,0
5746,5632,45417,0
5747,41750,53015,0
5748,30605,58641,0
5749,479,23594,0
5750,67782,47114,0
5751,25775,27905,0
5752,58640,57885,0
5753,67996,791,0
5754,58622,19569,0
5755,58505,12565,0
5756,41499,67289,0
5757,7225,54499,0
5758,19672,32431,0
5759,52717,6446,0
5760,13899,24135,0
5761,15611,65616,0
5762,11524,11033,0
5763,16433,18592,0
5764,65667,47002,0
5765,63334,52091,0
5766,4212,8608,0
5767,11468,13898,0
5768,50586,57000,0
5769,6898,24401,0
5770,15389,27238,0
5771,28331,46677,0
5772,34172,7843,0
5773,38140,47994,0
5774,45844,64016,0
5775,18923,2289,0
5776,592,15476,0
5777,39930,20012,0
5778,57793,47647,0
5779,61676,859,0
5780,30682,10176,0
5781,31288,4168,0
5782,29902,23036,0
5783,21507,39698,0
5784,45010,31371,0
5785,21708,50890,0
5786,31532,62470,0
5787,8897,17469,0
5788,14721,48636,0
5789,8921,40006,0
5790,62850,53408,0
5791,3401,29261,0
5792,62999,35782,0
5793,37826,64833,0
5794,16901,35958,0
5795,14302,41061,0
5796,5728,12601,0
5797,67342,51239,0
5798,53087,8732,0
5799,3725,34187,0
5800,29286,42368,0
5801,16442,19008,0
5802,26790,59406,0
5803,46671,19183,0
5804,61831,47797,0
5805,59030,61455,0
5806,61191,32297,0
5807,28921,20012,0
5808,67744,1852,0
5809,22215,17691,0
5810,5703,58576,0
5811,57426,41706,0
5812,45484,22611,0
5813,50759,27934,0
5814,55417,29028,0
5815,55314,19328,0
5816,16398,6436,0
5817,4624,16879,0
5818,49560,47252,0
5819,65313,50254,0
5820,48448,33761,0
5821,67635,33550,0
5822,5087,38862,0
5823,20549,43839,0
5824,68152,16584,0
5825,24780,12986,0
5826,8036,24182,0
5827,19179,64554,0
5828,52075,14264,0
5829,66164,54706,0
5830,21716,14063,0
5831,57331,20481,0
5832,21049,20372,0
5833,56979,63105,0
5834,58303,31086,0
5835,49854,42547,0
5836,17613,39080,0
5837,654,64454,0
5838,16066,63755,0
5839,46219,14612,0
5840,42191,9754,0
5841,44794,63580,0
5842,39117,18513,0
5843,49756,42677,0
5844,54161,32867,0
5845,57859,60224,0
5846,42918,466,0
5847,54532,34065,0
5848,32409,57796,0
5849,66249,43682,0
5850,3581,58831,0
5851,56725,39166,0
5852,44919,31,0
5853,43657,44649,0
5854,44114,16879,0
5855,21866,36099,0
5856,964,18543,0
5857,44691,65810,0
5858,9353,15645,0
5859,12033,19297,0
5860,17006,65225,0
5861,13525,36002,0
5862,22628,30514,0
5863,61803,19062,0
5864,11433,56064,0
5865,24535,22679,0
5866,27496,34629,0
5867,41975,52170,0
5868,57779,26531,0
5869,26332,12682,0
5870,9067,50101,0
5871,23070,44111,0
5872,1473,11945,0
5873,23774,24073,0
5874,64349,37054,0
5875,46684,7383,0
5876,46749,37183,0
5877,19575,48301,0
5878,49623,34124,0
5879,21669,15657,0
5880,38277,47595,0
5881,60495,10546,0
5882,59191,12051,0
5883,26746,60659,0
5884,54339,12959,0
5885,13487,55469,0
5886,8301,59933,0
5887,12500,12332,0
5888,38861,59148,0
5889,33662,44642,0
5890,61027,45465,0
5891,7533,43225,0
5892,30076,1224,0
5893,53224,36614,0
5894,34336,29853,0
5895,47243,44897,0
5896,322,41281,0
5897,30836,55431,0
5898,44214,621,0
5899,20167,62146,0
5900,40796,8550,0
5901,21557,37985,0
5902,65861,46429,0
5903,10288,37729,0
5904,60649,33169,0
5905,67745,46450,0
5906,58126,27211,0
5907,19796,51380,0
5908,25654,66376,0
5909,12742,23666,0
5910,33105,22476,0
5911,33770,59326,0
5912,18243,17278,0
5913,61646,58767,0
5914,13048,1914,0
5915,58331,33791,0
5916,19309,18733,0
5917,21638,50797,0
5918,9846,60680,0
5919,13121,15792,0
5920,38681,52564,0
5921,31491,59729,0
5922,51833,1439,0
5923,9098,25059,0
5924,36996,976,0
5925,60528,8940,0
5926,25427,18506,0
5927,38598,51047,0
5928,42182,28116,0
5929,32800,43211,0
5930,12841,59556,0
5931,11605,58803,0
5932,37100,968,0
5933,64680,57081,0
5934,43182,57609,0
5935,34512,38971,0
5936,10808,49624,0
5937,24863,35782,0
5938,29535,18602,0
5939,32577,57205,0
5940,28494,53390,0
5941,31770,22490,0
5942,46762,31384,0
5943,7554,35128,0
5944,2153,61817,0
5945,2526,12943,0
5946,3470,36477,0
5947,36812,8156,0
5948,38809,20632,0
5949,14573,66805,0
5950,14984,65665,0
5951,47078,23346,0
5952,1633,50017,0
5953,38848,65658,0
5954,16408,22222,0
5955,40078,35645,0
5956,1154,62073,0
5957,29494,7460,0
5958,34497,5313,0
5959,12217,9898,0
5960,40319,38000,0
5961,39222,67228,0
5962,28244,60510,0
5963,30838,34467,0
5964,57344,34131,0
5965,64794,62568,0
5966,60093,3331,0
5967,66320,58110,0
5968,55773,25681,0
5969,65286,1901,0
5970,23946,1528,0
5971,55469,4820,0
5972,37427,5290,0
5973,14207,10383,0
5974,33561,35585,0
5975,14674,35134,0
5976,37405,35219,0
5977,37051,46316,0
5978,29797,45124,0
5979,65670,11092,0
5980,34746,45985,0
5981,10109,18476,0
5982,28030,4970,0
5983,22574,35021,0
5984,11826,56974,0
5985,55816,66518,0
5986,5011,18222,0
5987,42384,50154,0
5988,56099,17094,0
5989,10696,27953,0
5990,8720,58822,0
5991,13503,57367,0
5992,42640,7246,0
5993,56766,39042,0
5994,60267,62019,0
5995,6955,17861,0
5996,37247,55875,0
5997,47657,25865,0
5998,53075,3204,0
5999,49518,19588,0
6000,25231,32823,0
6001,63909,12675,0
6002,57557,8449,0
6003,40266,13011,0
6004,24354,20413,0
6005,37737,56426,0
6006,38709,41296,0
6007,16164,56965,0
6008,9815,6773,0
6009,1590,10226,0
6010,21974,53659,0
6011,51765,21200,0
6012,49840,46550,0
6013,39020,35916,0
6014,47474,11958,0
6015,9294,20636,0
6016,21827,27423,0
6017,33383,7797,0
6018,44037,15652,0
6019,14353,12907,0
6020,64427,47813,0
6021,43640,17451,0
6022,18192,18055,0
6023,58068,55337,0
6024,6569,54787,0
6025,53130,8995,0
6026,20753,61690,0
6027,29859,40650,0
6028,3343,56571,0
6029,18872,45111,0
6030,7917,2289,0
6031,44859,7804,0
6032,34703,68074,0
6033,26801,50169,0
6034,59334,38058,0
6035,16421,5802,0
6036,19373,49573,0
6037,28741,19065,0
6038,61600,14091,0
6039,10521,37783,0
6040,42639,43066,0
6041,15836,33740,0
6042,15378,43462,0
6043,25245,14498,0
6044,35941,58955,0
6045,18625,36108,0
6046,39983,38390,0
6047,26317,48437,0
6048,59175,29889,0
6049,67863,64545,0
6050,56616,55310,0
6051,42035,46396,0
6052,25701,28913,0
6053,25809,33290,0
6054,24900,3176,0
6055,883,4150,0
6056,61519,481,0
6057,55277,8071,0
6058,27231,61003,0
6059,8839,54041,0
6060,17627,58290,0
6061,43175,64852,0
6062,67324,26694,0
6063,56890,46644,0
6064,48016,29112,0
6065,26192,7185,0
6066,22200,48795,0
6067,18169,57822,0
6068,14765,19988,0
6069,37263,9038,0
6070,38332,25006,0
6071,29209,64557,0
6072,6630,46631,0
6073,52124,48004,0
6074,27729,56173,0
6075,48500,24713,0
6076,43564,14529,0
6077,12527,42660,0
6078,19984,60946,0
6079,30861,52641,0
6080,31779,11513,0
6081,48717,7516,0
6082,24573,36118,0
6083,41866,58276,0
6084,51824,57267,0
6085,5027,64020,0
6086,24754,56250,0
6087,45672,28008,0
6088,65154,52455,0
6089,51494,20373,0
6090,41613,20380,0
6091,34189,30271,0
6092,65708,3230,0
6093,4740,23681,0
6094,3784,28707,0
6095,57028,36981,0
6096,91,4490,0
6097,14933,38413,0
6098,31876,17837,0
6099,40899,14884,0
6100,2361,21945,0
6101,26922,66571,0
6102,9937,38245,0
6103,27390,24060,0
6104,49611,7707,0
6105,28765,34693,0
6106,58528,57319,0
6107,31306,25166,0
6108,58306,31325,0
6109,13140,10257,0
6110,65228,55160,0
6111,22905,30654,0
6112,63868,17733,0
6113,16391,21796,0
6114,55210,31481,0
6115,5655,46624,0
6116,67710,68389,0
6117,52009,66877,0
6118,7289,53228,0
6119,63547,22697,0
6120,62956,57690,0
6121,39749,29622,0
6122,36826,24471,0
6123,61865,11157,0
6124,38040,13995,0
6125,23293,4001,0
6126,19387,33861,0
6127,10147,17949,0
6128,3040,8164,0
6129,54569,33346,0
6130,51225,64357,0
6131,44669,10212,0
6132,55468,8535,0
6133,60057,33128,0
6134,65662,7881,0
6135,12528,65671,0
6136,23468,57371,0
6137,35265,7434,0
6138,27634,58706,0
6139,40745,53184,0
6140,37899,62786,0
6141,49553,33224,0
6142,11770,33402,0
6143,38012,53077,0
6144,29235,40215,0
6145,42058,19211,0
6146,64228,67496,0
6147,39811,24820,0
6148,38698,29663,0
6149,5248,47483,0
6150,20809,52259,0
6151,29737,46460,0
6152,58292,46998,0
6153,15681,9227,0
6154,9134,4986,0
6155,49228,43937,0
6156,51314,36441,0
6157,3668,4334,0
6158,52381,56364,0
6159,9656,41819,0
6160,53000,63925,0
6161,66241,53747,0
6162,44661,17962,0
6163,6912,52739,0
6164,24853,7345,0
6165,47833,53705,0
6166,28621,44416,0
6167,33469,15593,0
6168,9739,44433,0
6169,32815,43223,0
6170,12048,60718,0
6171,29263,44451,0
6172,46230,19293,0
6173,9217,48871,0
6174,20877,57758,0
6175,31273,34593,0
6176,56939,51906,0
6177,30941,19582,0
6178,26790,65747,0
6179,2939,47973,0
6180,62637,46678,0
6181,66563,47091,0
6182,50292,11794,0
6183,40763,32932,0
6184,32601,4956,0
6185,46294,59395,0
6186,4298,48940,0
6187,62581,43894,0
6188,23774,40606,0
6189,14915,58661,0
6190,13937,8022,0
6191,17542,43443,0
6192,10728,45097,0
6193,65625,330,0
6194,35017,26016,0
6195,60831,60059,0
6196,45611,7452,0
6197,55191,50784,0
6198,61302,3949,0
6199,7472,11163,0
6200,68369,55254,0
6201,49884,57701,0
6202,29389,22405,0
6203,19932,55921,0
6204,26239,27375,0
6205,21310,40800,0
6206,27186,50865,0
6207,32782,60055,0
6208,17462,8195,0
6209,49974,8255,0
6210,66789,16013,0
6211,31697,67719,0
6212,43056,60231,0
6213,45269,3421,0
6214,55668,1403,0
6215,40349,30521,0
6216,63523,42745,0
6217,66189,42963,0
6218,59529,44108,0
6219,19365,28991,0
6220,22829,53833,0
6221,40092,58895,0
6222,24666,52948,0
6223,4111,67580,0
6224,40296,47027,0
6225,24458,19948,0
6226,18676,31578,0
6227,39194,48450,0
6228,54909,714,0
6229,51662,18305,0
6230,11935,55852,0
6231,38718,46128,0
6232,52945,32804,0
6233,24509,16553,0
6234,479,58167,0
6235,27409,7453,0
6236,43487,1181,0
6237,59494,44686,0
6238,11534,10448,0
6239,36384,2329,0
6240,27750,17581,0
6241,40256,6900,0
6242,44591,13955,0
6243,10467,58063,0
6244,12587,50560,0
6245,19678,40212,0
6246,48227,41214,0
6247,45811,19027,0
6248,36345,5290,0
6249,48292,2997,0
6250,8287,6446,0
6251,32884,43067,0
6252,7730,43975,0
6253,861,7521,0
6254,35826,22559,0
6255,65720,68126,0
6256,20601,11187,0
6257,3034,15582,0
6258,981,8602,0
6259,59002,49096,0
6260,2639,21101,0
6261,44047,59159,0
6262,67476,50378,0
6263,229,935,0
6264,49741,19084,0
6265,17338,57784,0
6266,67843,37952,0
6267,67294,16544,0
6268,51476,63592,0
6269,44449,63348,0
6270,2405,61210,0
6271,22081,19337,0
6272,30402,17312,0
6273,14574,50882,0
6274,47982,15417,0
6275,53868,49017,0
6276,10631,64443,0
6277,7708,49620,0
6278,62394,28548,0
6279,16289,9837,0
6280,59655,64985,0
6281,65062,93,0
6282,13384,48560,0
6283,30162,56947,0
6284,67725,49861,0
6285,35343,36857,0
6286,54902,19316,0
6287,8920,67735,0
6288,50246,63723,0
6289,43878,20936,0
6290,37658,33353,0
6291,22129,28878,0
6292,7987,58487,0
6293,3329,62013,0
6294,30203,50168,0
6295,10041,65399,0
6296,42910,54618,0
6297,56715,44904,0
6298,18111,5125,0
6299,49842,47142,0
6300,54828,14867,0
6301,42238,20579,0
6302,5261,39825,0
6303,57997,63894,0
6304,63395,24621,0
6305,37134,18165,0
6306,18639,10190,0
6307,3440,10437,0
6308,56856,18089,0
6309,52432,5783,0
6310,21422,51628,0
6311,16907,11618,0
6312,33799,20478,0
6313,48671,48493,0
6314,3567,42312,0
6315,58202,49816,0
6316,38013,62941,0
6317,63713,4057,0
6318,25568,41325,0
6319,61969,28243,0
6320,61939,13929,0
6321,20179,1348,0
6322,63698,55354,0
6323,39496,53677,0
6324,25820,26413,0
6325,62810,1881,0
6326,49983,57264,0
6327,66998,36593,0
6328,62581,6409,0
6329,12901,10157,0
6330,45939,30228,0
6331,1188,31619,0
6332,57201,143,0
6333,66814,67542,0
6334,58022,62718,0
6335,5637,62146,0
6336,35664,66956,0
6337,3137,5784,0
6338,2032,39870,0
6339,32694,51848,0
6340,23212,50947,0
6341,46874,50338,0
6342,54106,27715,0
6343,46010,8655,0
6344,60528,16933,0
6345,45529,16562,0
6346,25645,14389,0
6347,37405,2624,0
6348,64240,62261,0
6349,52066,11626,0
6350,49567,38046,0
6351,67691,14932,0
6352,5238,45064,0
6353,50806,12128,0
6354,24839,14944,0
6355,52317,42337,0
6356,2334,8681,0
6357,38444,6646,0
6358,68052,40412,0
6359,61199,58023,0
6360,18292,34795,0
6361,55765,28634,0
6362,15992,50948,0
6363,27794,33036,0
6364,16989,7305,0
6365,25434,57617,0
6366,57944,28167,0
6367,32416,51860,0
6368,32145,20921,0
6369,20016,3533,0
6370,56298,14743,0
6371,47185,57284,0
6372,32487,20240,0
6373,28042,3561,0
6374,21632,21706,0
6375,36673,261,0
6376,63418,57280,0
6377,18043,3339,0
6378,68017,49689,0
6379,61580,14627,0
6380,35747,33009,0
6381,47514,20456,0
6382,43963,5863,0
6383,22653,49413,0
6384,63133,15050,0
6385,1864,49631,0
6386,42766,4903,0
6387,5010,626,0
6388,38955,46026,0
6389,62268,28382,0
6390,42398,38646,0
6391,42103,37070,0
6392,7758,29832,0
6393,35963,16143,0
6394,50371,59550,0
6395,24019,61709,0
6396,59789,59783,0
6397,60289,11256,0
6398,56744,65936,0
6399,31303,63410,0
6400,28646,67293,0
6401,25785,2877,0
6402,27984,8253,0
6403,31824,51581,0
6404,40974,415,0
6405,30251,64657,0
6406,23344,44936,0
6407,65272,32398,0
6408,58860,60931,0
6409,35160,40986,0
6410,46045,65616,0
6411,24974,62658,0
6412,26521,18033,0
6413,19807,42616,0
6414,29422,67443,0
6415,42438,12030,0
6416,12659,42812,0
6417,8595,27009,0
6418,63000,44750,0
6419,23587,43765,0
6420,4602,30210,0
6421,41081,42498,0
6422,12,28279,0
6423,61679,3163,0
6424,11044,20461,0
6425,42694,47356,0
6426,53958,47883,0
6427,16786,1165,0
6428,16232,13057,0
6429,48756,30190,0
6430,64632,66750,0
6431,45471,42303,0
6432,15838,20049,0
6433,50344,58496,0
6434,41076,19977,0
6435,38768,50052,0
6436,52981,8926,0
6437,9297,38367,0
6438,49469,30279,0
6439,12334,49844,0
6440,707,18163,0
6441,57167,48564,0
6442,4270,9320,0
6443,31944,45969,0
6444,15448,67036,0
6445,42892,1568,0
6446,3134,53382,0
6447,22326,39439,0
6448,19439,17370,0
6449,58820,25750,0
6450,54656,15672,0
6451,32821,53172,0
6452,9859,62117,0
6453,4082,44376,0
6454,45759,42620,0
6455,35451,64020,0
6456,39629,23684,0
6457,27121,32037,0
6458,54693,67918,0
6459,52097,54039,0
6460,61357,28791,0
6461,23260,53588,0
6462,1686,10396,0
6463,1867,39751,0
6464,3732,18693,0
6465,2294,42348,0
6466,15589,45702,0
6467,21628,59083,0
6468,40305,32934,0
6469,58966,55951,0
6470,54863,19870,0
6471,64393,30377,0
6472,49945,24960,0
6473,14042,66835,0
6474,573,60243,0
6475,66420,47006,0
6476,4729,9431,0
6477,42870,47679,0
6478,560,53240,0
6479,62561,23997,0
6480,15691,41158,0
6481,57484,14711,0
6482,56882,42454,0
6483,3034,60005,0
6484,21550,62378,0
6485,17418,64191,0
6486,20297,21535,0
6487,52123,49664,0
6488,414,10379,0
6489,2138,35756,0
6490,1906,59137,0
6491,37742,11217,0
6492,48143,859,0
6493,49176,33750,0
6494,17680,8800,0
6495,60362,30239,0
6496,14709,39346,0
6497,17768,32310,0
6498,56213,9908,0
6499,56456,55469,0
6500,47954,24219,0
6501,31346,52473,0
6502,34923,12645,0
6503,50115,20936,0
6504,18281,5158,0
6505,13336,3524,0
6506,30310,25830,0
6507,41586,13720,0
6508,33613,24616,0
6509,59899,29023,0
6510,6523,54688,0
6511,36090,19377,0
6512,22574,51075,0
6513,171,7284,0
6514,21472,40112,0
6515,62194,1042,0
6516,33467,15798,0
6517,21928,27190,0
6518,50754,46419,0
6519,19499,61252,0
6520,68152,51786,0
6521,19921,26902,0
6522,36107,39243,0
6523,38270,39008,0
6524,11580,22914,0
6525,20291,19544,0
6526,41356,40864,0
6527,43974,12344,0
6528,64044,12247,0
6529,45069,22966,0
6530,54035,66644,0
6531,14001,59000,0
6532,35656,38193,0
6533,68353,51666,0
6534,21000,65078,0
6535,25308,33394,0
6536,57430,5875,0
6537,18008,46580,0
6538,7196,9438,0
6539,37027,36962,0
6540,30704,11214,0
6541,60246,7719,0
6542,51512,47653,0
6543,35260,45963,0
6544,250,64390,0
6545,15522,55277,0
6546,17369,7083,0
6547,62778,68209,0
6548,62685,56358,0
6549,18339,63371,0
6550,56123,52586,0
6551,59843,31722,0
6552,13386,55611,0
6553,19505,37549,0
6554,52428,21083,0
6555,66577,64068,0
6556,10803,57445,0
6557,37101,60680,0
6558,36384,49959,0
6559,63133,12293,0
6560,47360,26403,0
6561,18939,36047,0
6562,31513,23024,0
6563,28992,2341,0
6564,58798,32431,0
6565,16767,3788,0
6566,12147,51280,0
6567,8142,59368,0
6568,45359,16673,0
6569,20883,16799,0
6570,63773,26728,0
6571,12254,35770,0
6572,35160,10166,0
6573,25988,29125,0
6574,51821,51435,0
6575,30209,27436,0
6576,34362,1603,0
6577,38111,25023,0
6578,22151,9275,0
6579,32129,16018,0
6580,67466,12104,0
6581,67885,4303,0
6582,48777,40219,0
6583,4988,12393,0
6584,6389,41892,0
6585,49687,30728,0
6586,16154,27667,0
6587,57979,42955,0
6588,42345,28235,0
6589,45816,39528,0
6590,50910,52383,0
6591,18382,41116,0
6592,49144,64968,0
6593,43283,19109,0
6594,14657,51517,0
6595,2360,42495,0
6596,59614,49701,0
6597,25291,33456,0
6598,63468,55674,0
6599,25589,27276,0
6600,36472,37641,0
6601,47597,44020,0
6602,58180,63880,0
6603,56189,56837,0
6604,31755,12296,0
6605,57948,51960,0
6606,7245,52191,0
6607,31401,9405,0
6608,63441,58602,0
6609,31108,16872,0
6610,47943,68193,0
6611,6339,22687,0
6612,20326,67277,0
6613,17097,60240,0
6614,17468,42256,0
6615,44267,49753,0
6616,47964,23806,0
6617,22607,52467,0
6618,20982,62628,0
6619,56257,17425,0
6620,22066,42420,0
6621,66577,14225,0
6622,22929,33591,0
6623,30069,46494,0
6624,11284,55980,0
6625,12751,9894,0
6626,946,20709,0
6627,37903,808,0
6628,33129,36107,0
6629,19349,57354,0
6630,36301,62322,0
6631,7211,23180,0
6632,33171,6349,0
6633,53911,51418,0
6634,46260,54409,0
6635,20052,65701,0
6636,35726,53611,0
6637,43334,50503,0
6638,41635,66790,0
6639,30866,10450,0
6640,14005,5515,0
6641,2006,41468,0
6642,57212,36063,0
6643,42850,41559,0
6644,43018,36763,0
6645,29788,54214,0
6646,58527,8733,0
6647,30650,64579,0
6648,45724,17092,0
6649,46282,11603,0
6650,11188,66296,0
6651,48376,44002,0
6652,16908,8902,0
6653,35698,49517,0
6654,65708,55290,0
6655,11620,52093,0
6656,12608,8770,0
6657,12276,5317,0
6658,17603,67925,0
6659,20842,58833,0
6660,53636,35233,0
6661,57776,53372,0
6662,50836,30963,0
6663,49711,10145,0
6664,16702,60868,0
6665,27407,10680,0
6666,34396,36875,0
6667,64473,60544,0
6668,63422,37362,0
6669,44996,8858,0
6670,34338,57000,0
6671,40614,29729,0
6672,32220,33984,0
6673,23318,66313,0
6674,66170,19071,0
6675,5259,14862,0
6676,65390,47859,0
6677,49581,17967,0
6678,45553,50495,0
6679,24535,66606,0
6680,9969,18256,0
6681,48502,12654,0
6682,32943,64695,0
6683,45056,19402,0
6684,25149,67667,0
6685,42146,17678,0
6686,48258,30407,0
6687,62455,5317,0
6688,2138,19237,0
6689,15043,59385,0
6690,52346,64330,0
6691,36084,50328,0
6692,20173,31669,0
6693,59131,27697,0
6694,21153,4363,0
6695,27663,24495,0
6696,29076,4014,0
6697,59257,8425,0
6698,3085,65561,0
6699,68320,20856,0
6700,16190,52666,0
6701,63129,46799,0
6702,49224,21408,0
6703,60855,50449,0
6704,65788,21091,0
6705,30178,24498,0
6706,35955,60837,0
6707,48597,29268,0
6708,25305,33696,0
6709,65846,30361,0
6710,2591,13621,0
6711,51993,54041,0
6712,57904,39074,0
6713,24504,59987,0
6714,66329,57048,0
6715,32206,47742,0
6716,53517,44085,0
6717,20676,15333,0
6718,12981,2808,0
6719,14828,43398,0
6720,49514,9218,0
6721,50225,32108,0
6722,32008,53744,0
6723,33097,9942,0
6724,1596,30250,0
6725,57123,35968,0
6726,52129,39258,0
6727,3865,37686,0
6728,33967,40897,0
6729,32250,55135,0
6730,13958,25953,0
6731,59862,66740,0
6732,39648,49248,0
6733,15429,58516,0
6734,23991,60200,0
6735,38880,26077,0
6736,17440,5517,0
6737,61964,13351,0
6738,64598,50332,0
6739,17345,47921,0
6740,9209,67156,0
6741,14772,59256,0
6742,30533,64056,0
6743,13335,65373,0
6744,62246,33446,0
6745,45178,33518,0
6746,42722,55107,0
6747,52519,64793,0
6748,22928,50678,0
6749,64645,6854,0
6750,2089,46226,0
6751,38277,19567,0
6752,19317,60202,0
6753,61789,1145,0
6754,9607,44659,0
6755,55372,27526,0
6756,37216,30677,0
6757,56830,34867,0
6758,28819,26463,0
6759,17733,33844,0
6760,49884,38871,0
6761,22234,47818,0
6762,8649,35221,0
6763,54637,65332,0
6764,58997,51837,0
6765,19892,16688,0
6766,46617,31398,0
6767,6481,13088,0
6768,43201,48905,0
6769,3419,24255,0
6770,50562,54959,0
6771,23177,34603,0
6772,822,40527,0
6773,9966,36117,0
6774,18786,39458,0
6775,33725,64005,0
6776,24954,12718,0
6777,18188,10089,0
6778,67391,61678,0
6779,26119,4611,0
6780,41236,60707,0
6781,52430,62320,0
6782,48476,63654,0
6783,23080,10392,0
6784,34264,11715,0
6785,27250,66086,0
6786,67405,52832,0
6787,42225,21343,0
6788,44974,2349,0
6789,3925,53597,0
6790,31349,27092,0
6791,31920,11210,0
6792,65271,62765,0
6793,31904,27442,0
6794,35707,40760,0
6795,16929,62123,0
6796,64349,29216,0
6797,45540,28423,0
6798,67376,36201,0
6799,30544,50827,0
6800,45880,49951,0
6801,15330,32719,0
6802,28200,37030,0
6803,58303,34999,0
6804,21954,40618,0
6805,33593,58849,0
6806,67547,20498,0
6807,40470,48461,0
6808,31119,56232,0
6809,23365,51630,0
6810,31713,3986,0
6811,48059,22970,0
6812,49051,26256,0
6813,51860,26253,0
6814,59087,47574,0
6815,41992,26787,0
6816,9725,21800,0
6817,26852,2765,0
6818,20949,50670,0
6819,7916,10171,0
6820,10338,57415,0
6821,66554,2246,0
6822,58633,55109,0
6823,36579,18094,0
6824,14851,27728,0
6825,58208,15462,0
6826,18113,11595,0
6827,18731,35027,0
6828,16819,9097,0
6829,28000,48058,0
6830,10248,7729,0
6831,3925,31019,0
6832,58923,62695,0
6833,37373,46891,0
6834,14271,65493,0
6835,31388,13986,0
6836,61494,63132,0
6837,34888,43241,0
6838,50630,2272,0
6839,15014,423,0
6840,56880,66120,0
6841,56071,44545,0
6842,59733,16504,0
6843,15795,64668,0
6844,55467,7884,0
6845,51528,28845,0
6846,10956,22269,0
6847,14811,37345,0
6848,16616,24932,0
6849,56123,60121,0
6850,47842,64145,0
6851,44850,23773,0
6852,33480,31533,0
6853,13017,21937,0
6854,50959,43644,0
6855,42567,44180,0
6856,4065,8207,0
6857,22103,4011,0
6858,58670,58508,0
6859,48373,34005,0
6860,20509,44615,0
6861,62182,20943,0
6862,22128,46129,0
6863,26940,17835,0
6864,63738,29543,0
6865,12928,601,0
6866,17291,66249,0
6867,39943,8955,0
6868,26102,3339,0
6869,31623,36196,0
6870,59432,35212,0
6871,34928,3355,0
6872,6788,29747,0
6873,39521,29501,0
6874,7256,57147,0
6875,18408,24032,0
6876,30466,18411,0
6877,42294,1259,0
6878,23536,19125,0
6879,61655,47463,0
6880,23716,59833,0
6881,36772,60520,0
6882,58946,52960,0
6883,26369,29792,0
6884,49329,7504,0
6885,49664,63017,0
6886,5290,29746,0
6887,4208,29421,0
6888,48081,23347,0
6889,33155,57080,0
6890,31967,9813,0
6891,1490,35697,0
6892,29563,25800,0
6893,45536,57522,0
6894,25936,55508,0
6895,14010,52189,0
6896,5513,61897,0
6897,41248,16096,0
6898,25049,58375,0
6899,48418,3361,0
6900,38057,12027,0
6901,6199,33613,0
6902,15885,23724,0
6903,62213,4331,0
6904,41104,21044,0
6905,59668,6251,0
6906,47263,23486,0
6907,27624,49304,0
6908,18432,64109,0
6909,45274,32364,0
6910,23561,6028,0
6911,37493,20463,0
6912,37322,49059,0
6913,9285,23199,0
6914,22229,28208,0
6915,11049,54815,0
6916,52373,47278,0
6917,57046,45873,0
6918,42432,23797,0
6919,26355,30960,0
6920,33120,51814,0
6921,11691,58381,0
6922,52637,66162,0
6923,34172,14377,0
6924,12248,30771,0
6925,56524,1258,0
6926,25202,65859,0
6927,22750,65239,0
6928,6648,27406,0
6929,50565,42806,0
6930,21710,34655,0
6931,57409,44371,0
6932,20439,54759,0
6933,39580,11573,0
6934,26317,38553,0
6935,55187,25701,0
6936,41051,12700,0
6937,42203,41148,0
6938,4609,6852,0
6939,33690,61405,0
6940,14263,39981,0
6941,32241,40624,0
6942,25266,1174,0
6943,15656,18151,0
6944,64947,67919,0
6945,39756,64541,0
6946,21733,22860,0
6947,16468,41686,0
6948,29040,1573,0
6949,5901,56750,0
6950,6706,4297,0
6951,13491,2,0
6952,34862,30095,0
6953,17615,5593,0
6954,43042,4102,0
6955,28371,61776,0
6956,67622,33372,0
6957,51596,5574,0
6958,2890,58691,0
6959,7389,12448,0
6960,64795,22770,0
6961,37018,57456,0
6962,31119,12907,0
6963,68073,18737,0
6964,62994,12230,0
6965,19389,61777,0
6966,27348,14911,0
6967,22455,24378,0
6968,14345,50363,0
6969,662,41580,0
6970,60355,15357,0
6971,60838,29145,0
6972,3631,39906,0
6973,15386,14227,0
6974,15542,24730,0
6975,68337,49218,0
6976,25112,54426,0
6977,4497,13105,0
6978,19424,61405,0
6979,60065,64522,0
6980,580,24249,0
6981,65639,66747,0
6982,22822,33021,0
6983,47076,13495,0
6984,3716,3191,0
6985,45462,32974,0
6986,60090,45983,0
6987,40682,35743,0
6988,29890,5432,0
6989,18635,33210,0
6990,38464,39602,0
6991,64142,30545,0
6992,59371,51367,0
6993,46613,57280,0
6994,40190,45679,0
6995,33620,56250,0
6996,55752,25470,0
6997,52547,37397,0
6998,6337,40791,0
6999,22235,34787,0
7000,24444,9545,0
7001,20352,57255,0
7002,40838,2182,0
7003,9171,20447,0
7004,11396,36881,0
7005,3905,26347,0
7006,4440,32332,0
7007,10402,52810,0
7008,56473,57597,0
7009,37381,20364,0
7010,47210,54543,0
7011,1308,10008,0
7012,13855,43489,0
7013,30909,55521,0
7014,6353,32528,0
7015,46258,68043,0
7016,41242,40583,0
7017,48302,5201,0
7018,12374,18533,0
7019,53866,25362,0
7020,65732,17096,0
7021,15449,3224,0
7022,11509,34293,0
7023,52981,66638,0
7024,2680,64574,0
7025,56851,672,0
7026,60317,49118,0
7027,20334,14876,0
7028,41240,63015,0
7029,67174,59177,0
7030,2073,45019,0
7031,44676,37928,0
7032,28414,46882,0
7033,6594,15286,0
7034,59134,52420,0
7035,28325,45983,0
7036,20571,42932,0
7037,50267,27843,0
7038,28223,48121,0
7039,39033,55116,0
7040,29244,41864,0
7041,42385,35340,0
7042,56956,66969,0
7043,29228,43678,0
7044,17819,56449,0
7045,55267,34335,0
7046,15496,52623,0
7047,55452,52356,0
7048,12519,66458,0
7049,11811,56923,0
7050,35158,1154,0
7051,49333,52918,0
7052,42103,35136,0
7053,5874,47388,0
7054,20320,55870,0
7055,19843,6878,0
7056,29703,27948,0
7057,58730,6907,0
7058,63480,6962,0
7059,52110,39352,0
7060,35866,14006,0
7061,24066,3183,0
7062,45504,23003,0
7063,23237,65301,0
7064,54445,706,0
7065,38629,43535,0
7066,50181,51670,0
7067,31966,41498,0
7068,6351,35367,0
7069,6431,1557,0
7070,15519,52258,0
7071,27891,57676,0
7072,48975,22262,0
7073,31291,49240,0
7074,10419,66084,0
7075,8846,61328,0
7076,19599,26960,0
7077,45181,29282,0
7078,39905,62424,0
7079,64474,22561,0
7080,29223,17354,0
7081,40971,44861,0
7082,55832,39712,0
7083,50531,62873,0
7084,44420,42831,0
7085,51853,16282,0
7086,20212,37017,0
7087,32343,43206,0
7088,42425,53123,0
7089,35569,33844,0
7090,27335,22181,0
7091,29546,63671,0
7092,44474,65560,0
7093,155,18697,0
7094,63326,36440,0
7095,54689,27795,0
7096,1289,28549,0
7097,33329,43905,0
7098,26970,11546,0
7099,6982,63998,0
7100,67214,59498,0
7101,20765,40061,0
7102,28186,34693,0
7103,27426,15493,0
7104,64496,65917,0
7105,25890,28242,0
7106,23086,13351,0
7107,49142,24539,0
7108,13537,405,0
7109,29947,10502,0
7110,67917,41649,0
7111,52266,3175,0
7112,19407,32789,0
7113,4292,67297,0
7114,48224,49709,0
7115,24141,5990,0
7116,34065,18380,0
7117,2918,49882,0
7118,46719,40328,0
7119,12541,11250,0
7120,31169,33689,0
7121,50864,18285,0
7122,36708,33724,0
7123,22003,179,0
7124,65283,26981,0
7125,52828,39831,0
7126,64108,9878,0
7127,59188,59692,0
7128,12202,63427,0
7129,34770,26279,0
7130,45767,60379,0
7131,29514,43744,0
7132,3290,57810,0
7133,51113,2095,0
7134,6772,50123,0
7135,37658,21841,0
7136,30198,15903,0
7137,51757,10508,0
7138,27079,67874,0
7139,18700,45698,0
7140,23649,1868,0
7141,10506,21903,0
7142,57566,35663,0
7143,65499,1312,0
7144,41393,64277,0
7145,56030,14413,0
7146,58180,10180,0
7147,8057,2034,0
7148,35508,22667,0
7149,11115,20136,0
7150,66808,26052,0
7151,65505,9865,0
7152,38297,59092,0
7153,31662,24047,0
7154,4754,10754,0
7155,57236,64137,0
7156,3372,48492,0
7157,54843,23780,0
7158,23108,2536,0
7159,22005,65182,0
7160,63409,15411,0
7161,22057,65479,0
7162,52365,2641,0
7163,49165,36640,0
7164,45918,17801,0
7165,49372,9219,0
7166,57346,37040,0
7167,10165,44631,0
7168,53525,5354,0
7169,48084,8909,0
7170,49841,54233,0
7171,35124,11182,0
7172,662,64519,0
7173,63719,2009,0
7174,10847,62782,0
7175,8343,20367,0
7176,55944,53322,0
7177,55271,53851,0
7178,31511,35164,0
7179,33164,4564,0
7180,41023,62534,0
7181,10419,12273,0
7182,8585,59601,0
7183,15771,3206,0
7184,27488,46237,0
7185,13478,57188,0
7186,444,42694,0
7187,35397,45058,0
7188,26613,46636,0
7189,53754,46875,0
7190,50544,21368,0
7191,19274,13824,0
7192,13,44113,0
7193,2266,33851,0
7194,28398,51421,0
7195,58415,21140,0
7196,61338,52011,0
7197,67188,16035,0
7198,31230,43280,0
7199,12658,51155,0
7200,32075,58369,0
7201,59196,8578,0
7202,66219,28826,0
7203,53047,64622,0
7204,44498,58343,0
7205,51139,37650,0
7206,27929,60225,0
7207,58291,64261,0
7208,12494,58010,0
7209,26576,15734,0
7210,19248,19574,0
7211,9447,26108,0
7212,6989,23058,0
7213,42407,61009,0
7214,51687,38145,0
7215,32506,39451,0
7216,27633,16854,0
7217,60255,49453,0
7218,13073,29852,0
7219,1359,68257,0
7220,7536,7274,0
7221,37113,66024,0
7222,29495,36648,0
7223,26742,595,0
7224,8243,2938,0
7225,26211,5615,0
7226,7591,67819,0
7227,59016,36178,0
7228,9684,31704,0
7229,43643,60323,0
7230,53183,59865,0
7231,50867,36411,0
7232,40811,36881,0
7233,8843,45619,0
7234,6720,25831,0
7235,34017,27447,0
7236,8874,65350,0
7237,62483,63606,0
7238,7289,7666,0
7239,32241,27144,0
7240,49518,1298,0
7241,2238,58662,0
7242,45033,25482,0
7243,46174,9784,0
7244,44866,18461,0
7245,35112,8454,0
7246,14641,53848,0
7247,18384,65310,0
7248,60308,12439,0
7249,33149,40173,0
7250,52838,29324,0
7251,17729,11416,0
7252,50691,10928,0
7253,36959,22731,0
7254,40696,12349,0
7255,52230,52050,0
7256,62135,7738,0
7257,23749,2078,0
7258,48283,56130,0
7259,19533,24886,0
7260,25160,52329,0
7261,21033,26318,0
7262,21157,47955,0
7263,27582,44630,0
7264,29794,53324,0
7265,11844,28728,0
7266,4077,45552,0
7267,3731,21388,0
7268,34827,16039,0
7269,57126,35690,0
7270,27885,2725,0
7271,58760,26256,0
7272,57934,4753,0
7273,14597,30409,0
7274,8317,39236,0
7275,53822,68366,0
7276,48163,63492,0
7277,17851,20448,0
7278,64069,4112,0
7279,21876,13694,0
7280,1017,26451,0
7281,3975,48406,0
7282,1951,13222,0
7283,52415,12602,0
7284,6129,35499,0
7285,62710,38311,0
7286,21389,35394,0
7287,47210,18702,0
7288,35689,59973,0
7289,59491,62225,0
7290,34565,68029,0
7291,23205,38950,0
7292,20352,11229,0
7293,12662,17247,0
7294,53255,55534,0
7295,39227,33229,0
7296,13140,11968,0
7297,52465,67100,0
7298,12347,67182,0
7299,22299,3312,0
7300,1139,43037,0
7301,13329,42776,0
7302,27415,1446,0
7303,54119,19180,0
7304,25336,68040,0
7305,21132,22273,0
7306,54104,48656,0
7307,42614,45186,0
7308,48353,47153,0
7309,10233,14821,0
7310,32914,30245,0
7311,13920,26614,0
7312,33476,41869,0
7313,58466,15354,0
7314,54529,55383,0
7315,39256,43286,0
7316,12571,33336,0
7317,66984,33538,0
7318,40176,38091,0
7319,43568,67777,0
7320,13401,17883,0
7321,1175,8850,0
7322,13556,48747,0
7323,10323,10109,0
7324,304,41602,0
7325,57750,27489,0
7326,30157,54782,0
7327,41408,49920,0
7328,47895,14764,0
7329,49882,61459,0
7330,65281,60517,0
7331,5731,62088,0
7332,21472,67335,0
7333,22219,67646,0
7334,20456,36633,0
7335,34005,33058,0
7336,51361,32711,0
7337,23645,504,0
7338,23275,36091,0
7339,8177,18444,0
7340,3983,38836,0
7341,11473,28168,0
7342,22501,36047,0
7343,17477,40060,0
7344,28856,6237,0
7345,56281,25994,0
7346,51812,6895,0
7347,62545,49954,0
7348,16973,11962,0
7349,12913,58885,0
7350,52741,5730,0
7351,18147,16108,0
7352,44610,53733,0
7353,15392,51960,0
7354,47499,22401,0
7355,31350,20813,0
7356,63374,39858,0
7357,63416,31949,0
7358,4255,1687,0
7359,66296,58434,0
7360,32023,35208,0
7361,11832,64430,0
7362,31131,21901,0
7363,47112,63757,0
7364,48644,34092,0
7365,26311,25578,0
7366,63511,34521,0
7367,20546,44096,0
7368,68025,60861,0
7369,36085,46336,0
7370,63853,57858,0
7371,20197,10004,0
7372,61718,38823,0
7373,9129,43147,0
7374,18813,17414,0
7375,11359,20600,0
7376,15062,34146,0
7377,64618,21139,0
7378,57286,15564,0
7379,16719,3859,0
7380,55731,15778,0
7381,662,39429,0
7382,42056,48495,0
7383,55019,12046,0
7384,27552,37175,0
7385,29588,65311,0
7386,18296,10403,0
7387,4456,33018,0
7388,939,25846,0
7389,51463,41014,0
7390,1566,47025,0
7391,32066,48998,0
7392,29229,24077,0
7393,12356,25915,0
7394,57266,26785,0
7395,20234,7871,0
7396,1195,7270,0
7397,62830,17223,0
7398,60263,15754,0
7399,33208,63223,0
7400,42040,47792,0
7401,53603,11278,0
7402,26417,2461,0
7403,35064,32468,0
7404,28759,5550,0
7405,42244,67887,0
7406,51606,23143,0
7407,58251,44279,0
7408,35277,16181,0
7409,44738,11744,0
7410,2607,53726,0
7411,8472,44586,0
7412,13963,35271,0
7413,36854,11535,0
7414,15699,19499,0
7415,38414,42041,0
7416,13269,37777,0
7417,57628,12447,0
7418,60131,8789,0
7419,24753,66653,0
7420,37520,55420,0
7421,13641,42946,0
7422,8582,6864,0
7423,53220,45345,0
7424,12217,17771,0
7425,29919,6385,0
7426,46497,8759,0
7427,33029,22472,0
7428,54645,3710,0
7429,23423,2628,0
7430,57792,22126,0
7431,24533,35321,0
7432,9068,5583,0
7433,33772,55337,0
7434,61012,14549,0
7435,16248,2,0
7436,35088,21510,0
7437,8068,54399,0
7438,12596,63130,0
7439,11935,46303,0
7440,47698,54820,0
7441,1238,8042,0
7442,58942,400,0
7443,58096,31935,0
7444,19393,17375,0
7445,66499,50351,0
7446,56689,18509,0
7447,59509,33287,0
7448,67191,26447,0
7449,42532,58543,0
7450,42889,60224,0
7451,1767,41987,0
7452,55427,11367,0
7453,34192,36434,0
7454,43722,3592,0
7455,20053,49796,0
7456,13890,13718,0
7457,32957,39070,0
7458,17319,63658,0
7459,15303,42968,0
7460,38406,33290,0
7461,53173,40493,0
7462,4741,33061,0
7463,5185,56118,0
7464,63994,2796,0
7465,25179,41864,0
7466,45790,43060,0
7467,25049,53616,0
7468,34954,1980,0
7469,34942,35432,0
7470,57614,62555,0
7471,35621,13053,0
7472,38872,43406,0
7473,10275,51648,0
7474,26628,51445,0
7475,13471,9188,0
7476,17012,12021,0
7477,29265,54285,0
7478,21790,3337,0
7479,43870,744,0
7480,26443,40053,0
7481,827,64222,0
7482,62853,24870,0
7483,56215,12670,0
7484,9617,7190,0
7485,31659,2894,0
7486,15371,54444,0
7487,43618,24374,0
7488,20891,42262,0
7489,56835,48775,0
7490,23186,19580,0
7491,7814,54781,0
7492,67617,65673,0
7493,15780,46607,0
7494,62446,50300,0
7495,40319,4781,0
7496,5894,66598,0
7497,2172,64002,0
7498,49305,36690,0
7499,44892,46894,0
7500,50934,21038,0
7501,54321,14241,0
7502,17232,19605,0
7503,7683,67237,0
7504,49348,60480,0
7505,6406,67049,0
7506,22240,18778,0
7507,3906,55681,0
7508,13461,3360,0
7509,5598,37573,0
7510,10967,37883,0
7511,24193,11253,0
7512,9055,62511,0
7513,39106,17658,0
7514,37239,62192,0
7515,13740,66514,0
7516,50545,1400,0
7517,62649,53387,0
7518,24898,61612,0
7519,10788,20121,0
7520,37381,43258,0
7521,12765,29150,0
7522,62309,58550,0
7523,4090,67496,0
7524,40147,27621,0
7525,53346,40201,0
7526,4369,27371,0
7527,24125,4922,0
7528,2352,12729,0
7529,27801,45351,0
7530,30915,61318,0
7531,35064,10179,0
7532,58544,39403,0
7533,30130,653,0
7534,25883,11946,0
7535,58697,22887,0
7536,13553,12556,0
7537,10858,19918,0
7538,52211,9690,0
7539,40749,25740,0
7540,45738,46397,0
7541,30054,30325,0
7542,49960,63299,0
7543,3748,50073,0
7544,13593,33687,0
7545,53247,6160,0
7546,60997,3829,0
7547,52339,7182,0
7548,15619,57744,0
7549,60410,891,0
7550,49521,14361,0
7551,37271,9630,0
7552,61417,8185,0
7553,4453,41752,0
7554,63058,4183,0
7555,55637,52427,0
7556,18571,12095,0
7557,56247,36602,0
7558,64471,52469,0
7559,38003,15692,0
7560,37663,68050,0
7561,61543,36200,0
7562,45710,52146,0
7563,51141,3704,0
7564,16975,40088,0
7565,29472,63966,0
7566,47799,18428,0
7567,47875,6860,0
7568,39862,51821,0
7569,65816,43327,0
7570,26139,31327,0
7571,26857,8594,0
7572,39940,43064,0
7573,32796,17838,0
7574,63525,29972,0
7575,27755,33543,0
7576,7533,13261,0
7577,20050,56197,0
7578,32937,34349,0
7579,16412,36931,0
7580,38680,28359,0
7581,9306,53007,0
7582,32112,44972,0
7583,23038,40236,0
7584,39054,41674,0
7585,3787,54425,0
7586,28915,54900,0
7587,34946,2223,0
7588,23460,21985,0
7589,9177,23136,0
7590,66468,50457,0
7591,13550,26752,0
7592,32896,62088,0
7593,35454,19535,0
7594,62855,28059,0
7595,13200,46451,0
7596,37307,6262,0
7597,44875,7843,0
7598,68005,38578,0
7599,25501,48737,0
7600,11166,2848,0
7601,16468,40420,0
7602,6302,44357,0
7603,59725,60270,0
7604,26379,63794,0
7605,19192,5432,0
7606,43191,45240,0
7607,51947,66360,0
7608,28766,60652,0
7609,67215,13533,0
7610,43325,65889,0
7611,64025,68393,0
7612,44532,61605,0
7613,21655,64354,0
7614,54839,6952,0
7615,1724,34503,0
7616,47215,53397,0
7617,6633,11079,0
7618,23179,22728,0
7619,55815,52461,0
7620,25554,13761,0
7621,5063,41646,0
7622,7269,36855,0
7623,57403,29796,0
7624,50664,35058,0
7625,28731,18608,0
7626,37324,64340,0
7627,63414,23443,0
7628,22795,47123,0
7629,28326,3879,0
7630,26726,34005,0
7631,35830,61615,0
7632,44119,18107,0
7633,20699,25556,0
7634,41230,32991,0
7635,6263,28604,0
7636,16616,64362,0
7637,39542,59482,0
7638,16615,2272,0
7639,15753,45431,0
7640,8453,3999,0
7641,21389,62176,0
7642,23772,22388,0
7643,8013,10824,0
7644,40330,35212,0
7645,18825,12686,0
7646,7551,50964,0
7647,47131,50112,0
7648,39054,36062,0
7649,3630,60053,0
7650,58169,44693,0
7651,1547,66342,0
7652,59605,44148,0
7653,58526,22868,0
7654,35590,51581,0
7655,16948,27136,0
7656,11227,11540,0
7657,6469,11750,0
7658,18143,27958,0
7659,9194,46313,0
7660,34190,14912,0
7661,64190,10974,0
7662,2065,53248,0
7663,7109,55120,0
7664,12782,56546,0
7665,61020,46745,0
7666,13568,25098,0
7667,23603,58877,0
7668,16444,36364,0
7669,19971,34380,0
7670,59586,18696,0
7671,67326,41874,0
7672,61677,49650,0
7673,42337,53502,0
7674,31662,21486,0
7675,14933,8733,0
7676,57827,4912,0
7677,56545,58858,0
7678,58176,52753,0
7679,60244,50835,0
7680,23938,7440,0
7681,13347,58222,0
7682,55341,4457,0
7683,15558,5829,0
7684,65955,42235,0
7685,4963,25373,0
7686,14556,63544,0
7687,31885,66139,0
7688,56047,37991,0
7689,35316,6620,0
7690,56630,33794,0
7691,30638,37595,0
7692,14788,38176,0
7693,55221,28531,0
7694,210,10818,0
7695,66002,40528,0
7696,5253,7598,0
7697,28162,30234,0
7698,58012,35048,0
7699,57655,66095,0
7700,36161,51931,0
7701,31088,12958,0
7702,47865,25274,0
7703,54096,20365,0
7704,40682,49625,0
7705,30774,62331,0
7706,64609,38133,0
7707,29242,59784,0
7708,7247,60232,0
7709,65276,56906,0
7710,40434,60741,0
7711,42985,27465,0
7712,26722,38741,0
7713,13975,53852,0
7714,67488,26072,0
7715,67878,41332,0
7716,42492,7668,0
7717,52583,44686,0
7718,47194,54476,0
7719,9016,23710,0
7720,22334,27955,0
7721,48178,33861,0
7722,43291,13197,0
7723,15415,38811,0
7724,38574,28972,0
7725,6865,46508,0
7726,29598,5246,0
7727,42684,22766,0
7728,40504,66574,0
7729,63688,6085,0
7730,37902,20768,0
7731,32806,27808,0
7732,10013,55338,0
7733,3894,25094,0
7734,49982,28959,0
7735,30410,27899,0
7736,17345,41829,0
7737,64121,28284,0
7738,17832,46009,0
7739,37214,44258,0
7740,17058,29993,0
7741,55428,38193,0
7742,10959,4611,0
7743,41143,32242,0
7744,10481,21237,0
7745,16958,1651,0
7746,59529,1407,0
7747,60230,3498,0
7748,35286,48761,0
7749,58265,35944,0
7750,24967,7146,0
7751,18421,182,0
7752,19813,3911,0
7753,49221,26044,0
7754,14906,48641,0
7755,36609,47717,0
7756,37012,23227,0
7757,41999,303,0
7758,67779,27485,0
7759,49676,39203,0
7760,57160,64020,0
7761,21962,7649,0
7762,43780,65343,0
7763,43140,46590,0
7764,46220,39939,0
7765,40768,16388,0
7766,40329,66065,0
7767,29667,11371,0
7768,41613,28958,0
7769,28049,37090,0
7770,8995,39246,0
7771,59098,49080,0
7772,49799,53591,0
7773,48380,11786,0
7774,46505,48863,0
7775,10620,36438,0
7776,50371,49357,0
7777,21429,62062,0
7778,29186,65814,0
7779,68327,12954,0
7780,57954,25874,0
7781,4247,22505,0
7782,60983,16,0
7783,28952,49456,0
7784,59309,68085,0
7785,23083,14215,0
7786,22598,47031,0
7787,26589,7017,0
7788,24775,19786,0
7789,27883,2763,0
7790,66657,34775,0
7791,51499,21945,0
7792,51857,48621,0
7793,56480,27466,0
7794,27349,1646,0
7795,6531,3851,0
7796,42379,27301,0
7797,17830,46718,0
7798,49045,15163,0
7799,51834,27658,0
7800,19446,4284,0
7801,19826,2014,0
7802,23519,38840,0
7803,49357,12903,0
7804,18822,44521,0
7805,22482,55687,0
7806,38340,63095,0
7807,51841,66934,0
7808,36724,11201,0
7809,53534,61948,0
7810,1793,8481,0
7811,51547,56125,0
7812,12049,3445,0
7813,23409,27433,0
7814,22725,12614,0
7815,21344,39687,0
7816,25301,4581,0
7817,47879,63315,0
7818,17444,7555,0
7819,13651,5475,0
7820,7731,34456,0
7821,61191,68410,0
7822,17739,44164,0
7823,19144,57894,0
7824,22876,3267,0
7825,53628,67269,0
7826,16330,55203,0
7827,23247,46523,0
7828,5052,14922,0
7829,54734,12473,0
7830,52227,24113,0
7831,32265,17723,0
7832,25291,41770,0
7833,2591,67471,0
7834,7173,61999,0
7835,17381,8431,0
7836,3794,42026,0
7837,50123,15310,0
7838,28496,43545,0
7839,44333,18584,0
7840,18013,49957,0
7841,45265,20573,0
7842,19958,31315,0
7843,61410,29966,0
7844,59257,3015,0
7845,59053,1038,0
7846,39686,53216,0
7847,22062,32443,0
7848,38022,68058,0
7849,54835,57468,0
7850,6619,63988,0
7851,60631,15095,0
7852,61722,10563,0
7853,39207,8963,0
7854,10472,10695,0
7855,57784,7835,0
7856,64369,62782,0
7857,41945,9473,0
7858,33596,1487,0
7859,38108,30021,0
7860,32419,58835,0
7861,47222,22757,0
7862,44706,38554,0
7863,25279,53195,0
7864,37089,65704,0
7865,62838,40506,0
7866,59554,27421,0
7867,27707,63546,0
7868,18609,7867,0
7869,51832,37414,0
7870,49478,48841,0
7871,5493,31451,0
7872,31489,57622,0
7873,55965,19972,0
7874,7392,25047,0
7875,37856,46279,0
7876,53089,5113,0
7877,35976,12532,0
7878,36799,33166,0
7879,13320,14900,0
7880,23995,58721,0
7881,39383,13466,0
7882,17100,15724,0
7883,29526,63204,0
7884,22821,14123,0
7885,17602,37318,0
7886,10245,49492,0
7887,50030,6264,0
7888,11785,52053,0
7889,31926,7556,0
7890,56495,46214,0
7891,47375,3837,0
7892,10970,10731,0
7893,65863,24310,0
7894,9535,66733,0
7895,40704,64351,0
7896,14099,23870,0
7897,14857,53848,0
7898,29424,32759,0
7899,31214,46257,0
7900,37896,24524,0
7901,20562,23789,0
7902,47566,49343,0
7903,38036,31215,0
7904,68051,32033,0
7905,418,2657,0
7906,42716,47058,0
7907,15236,49117,0
7908,1948,21526,0
7909,45666,10146,0
7910,43137,5305,0
7911,23076,35751,0
7912,54594,61211,0
7913,36867,53961,0
7914,6682,25661,0
7915,11955,43328,0
7916,61313,56228,0
7917,36239,68144,0
7918,50167,35474,0
7919,24188,12879,0
7920,50565,67121,0
7921,57846,28710,0
7922,50834,61529,0
7923,40285,3558,0
7924,43310,59037,0
7925,64653,68332,0
7926,16113,9316,0
7927,39660,44918,0
7928,52776,53589,0
7929,50540,52370,0
7930,59934,12655,0
7931,49254,23559,0
7932,6679,58494,0
7933,61350,22188,0
7934,46466,2613,0
7935,58027,25083,0
7936,15113,18416,0
7937,45460,15890,0
7938,31317,13547,0
7939,2421,6689,0
7940,51495,8256,0
7941,67276,3512,0
7942,56986,45615,0
7943,13619,41172,0
7944,49269,13987,0
7945,38449,53769,0
7946,32807,59297,0
7947,41950,6923,0
7948,26629,36455,0
7949,4690,11223,0
7950,62778,58279,0
7951,4776,34771,0
7952,49547,25509,0
7953,5067,16280,0
7954,29954,41351,0
7955,59192,35761,0
7956,34282,53325,0
7957,39244,60245,0
7958,47477,68202,0
7959,53545,21938,0
7960,67841,59586,0
7961,44480,38739,0
7962,48077,46957,0
7963,17535,27326,0
7964,64794,57353,0
7965,59028,8234,0
7966,65778,60870,0
7967,63742,23897,0
7968,20177,46375,0
7969,22871,47580,0
7970,19354,23427,0
7971,68347,40298,0
7972,14768,62345,0
7973,28731,47513,0
7974,54037,29190,0
7975,56637,46278,0
7976,59913,65964,0
7977,61122,46476,0
7978,62135,34426,0
7979,16038,56165,0
7980,4989,42901,0
7981,61679,34588,0
7982,42039,16704,0
7983,58436,14816,0
7984,60431,41777,0
7985,29066,1833,0
7986,8846,46691,0
7987,46174,36651,0
7988,66189,38400,0
7989,2653,45975,0
7990,52459,13537,0
7991,23968,11855,0
7992,16992,42343,0
7993,17641,28220,0
7994,6769,21364,0
7995,2510,5816,0
7996,58210,16006,0
7997,55092,19581,0
7998,37870,41335,0
7999,54488,51221,0
8000,52679,57507,0
8001,36257,60351,0
8002,64885,50386,0
8003,8078,44324,0
8004,13608,62012,0
8005,31938,50555,0
8006,38018,42272,0
8007,60949,52535,0
8008,40473,55402,0
8009,25639,59456,0
8010,15105,4935,0
8011,30477,14608,0
8012,53146,51920,0
8013,1279,53747,0
8014,18349,45293,0
8015,44051,9925,0
8016,23852,63167,0
8017,14926,28598,0
8018,45069,58581,0
8019,22648,14128,0
8020,47337,29727,0
8021,9106,24174,0
8022,285,54322,0
8023,27512,43344,0
8024,64987,21295,0
8025,3341,55442,0
8026,12312,44908,0
8027,45506,38049,0
8028,6533,238,0
8029,12956,7311,0
8030,57075,13188,0
8031,51193,47634,0
8032,19998,52613,0
8033,8326,34776,0
8034,25058,43216,0
8035,50212,52385,0
8036,38445,18408,0
8037,5259,63314,0
8038,29652,28182,0
8039,30884,9733,0
8040,3576,48561,0
8041,66997,2817,0
8042,40733,34944,0
8043,56518,66765,0
8044,36116,64432,0
8045,47622,58229,0
8046,19140,29220,0
8047,26048,53362,0
8048,33414,24523,0
8049,42340,60582,0
8050,57265,8470,0
8051,9256,1680,0
8052,56972,57589,0
8053,4626,18627,0
8054,43843,45761,0
8055,49164,64044,0
8056,65172,49784,0
8057,59207,1902,0
8058,51415,65309,0
8059,18757,60805,0
8060,25888,51917,0
8061,63738,40333,0
8062,66329,64120,0
8063,31747,6907,0
8064,2670,8391,0
8065,32903,65002,0
8066,34114,46817,0
8067,35331,61533,0
8068,8054,58218,0
8069,67143,56258,0
8070,1297,60234,0
8071,24715,13912,0
8072,33863,6048,0
8073,66630,67360,0
8074,66725,52704,0
8075,64174,20153,0
8076,26361,35731,0
8077,29017,64513,0
8078,54141,7781,0
8079,7623,33626,0
8080,9472,5499,0
8081,56948,55464,0
8082,28173,20831,0
8083,60324,42489,0
8084,63154,1669,0
8085,6017,59413,0
8086,56802,31534,0
8087,6541,30433,0
8088,1962,66994,0
8089,43611,22418,0
8090,26732,5569,0
8091,34875,52853,0
8092,50614,24836,0
8093,60322,27586,0
8094,20335,9664,0
8095,38236,60336,0
8096,51286,16232,0
8097,47420,6055,0
8098,39294,48765,0
8099,49393,62056,0
8100,30163,32273,0
8101,14548,13333,0
8102,52498,22417,0
8103,8183,58488,0
8104,61550,52218,0
8105,34636,42867,0
8106,23769,8307,0
8107,51202,9582,0
8108,24814,12628,0
8109,27774,52097,0
8110,45709,38772,0
8111,65943,61986,0
8112,8819,27704,0
8113,48684,21014,0
8114,48463,58514,0
8115,28165,10608,0
8116,37787,36526,0
8117,41017,2366,0
8118,34425,64981,0
8119,30916,4451,0
8120,15921,4424,0
8121,25392,813,0
8122,64529,16787,0
8123,6495,40871,0
8124,38371,5451,0
8125,65233,62677,0
8126,4503,13363,0
8127,41909,16283,0
8128,9183,35580,0
8129,40804,59116,0
8130,25748,43655,0
8131,51497,48689,0
8132,13709,56980,0
8133,18613,22889,0
8134,32026,47197,0
8135,51655,31284,0
8136,2828,20645,0
8137,1859,13329,0
8138,27514,41283,0
8139,1473,61014,0
8140,41094,37976,0
8141,27624,53120,0
8142,45051,22037,0
8143,15164,5655,0
8144,65423,28664,0
8145,42782,6224,0
8146,24144,37025,0
8147,20814,14500,0
8148,62447,63229,0
8149,17446,18665,0
8150,50129,30633,0
8151,57417,27267,0
8152,8199,56693,0
8153,52436,40140,0
8154,65500,35720,0
8155,47538,43901,0
8156,66404,29601,0
8157,57685,37485,0
8158,38001,48698,0
8159,44611,15012,0
8160,32050,23720,0
8161,39323,50467,0
8162,18639,46998,0
8163,49537,66874,0
8164,64738,3038,0
8165,51987,35557,0
8166,3761,22173,0
8167,39549,7301,0
8168,33842,10432,0
8169,59150,58476,0
8170,22090,59631,0
8171,27312,46517,0
8172,5058,5843,0
8173,17382,68129,0
8174,33053,48892,0
8175,43191,25839,0
8176,21193,5144,0
8177,45249,48783,0
8178,61948,55162,0
8179,8465,67036,0
8180,22783,14462,0
8181,38710,41344,0
8182,6969,53323,0
8183,4832,43079,0
8184,45316,62930,0
8185,31249,12680,0
8186,27642,62703,0
8187,25970,12508,0
8188,67885,42175,0
8189,65187,29030,0
8190,68206,17118,0
8191,49176,35398,0
8192,58076,54138,0
8193,16276,58322,0
8194,15742,61261,0
8195,35934,51935,0
8196,63809,65227,0
8197,61510,37199,0
8198,8785,65635,0
8199,40786,11384,0
8200,39686,66133,0
8201,17513,34163,0
8202,5568,53803,0
8203,44999,53064,0
8204,48459,39063,0
8205,43252,5183,0
8206,25905,16809,0
8207,56243,12152,0
8208,56897,52648,0
8209,59207,22510,0
8210,60251,45069,0
8211,45848,31791,0
8212,23875,6911,0
8213,4098,62174,0
8214,17499,44569,0
8215,36474,23816,0
8216,58271,16234,0
8217,7691,34972,0
8218,57423,29506,0
8219,49516,27050,0
8220,54514,43133,0
8221,12422,7178,0
8222,33475,47615,0
8223,47139,27874,0
8224,27281,24376,0
8225,24141,32531,0
8226,5625,55840,0
8227,29984,34041,0
8228,12669,11267,0
8229,20082,42091,0
8230,28977,42856,0
8231,55806,15366,0
8232,20567,11332,0
8233,28060,42271,0
8234,5890,61120,0
8235,47246,45069,0
8236,32807,59577,0
8237,7538,17416,0
8238,38119,64244,0
8239,17231,61963,0
8240,8585,53913,0
8241,46679,52668,0
8242,44059,18628,0
8243,6393,14235,0
8244,51667,35311,0
8245,18140,3340,0
8246,13569,28516,0
8247,782,56754,0
8248,46642,45184,0
8249,7148,67783,0
8250,24875,51001,0
8251,52570,15743,0
8252,52133,44519,0
8253,37085,11232,0
8254,6329,62502,0
8255,39405,22933,0
8256,14790,26981,0
8257,13094,56193,0
8258,12830,14050,0
8259,49835,5762,0
8260,46824,21686,0
8261,66283,31388,0
8262,21256,22966,0
8263,11765,6950,0
8264,12841,41983,0
8265,49048,39955,0
8266,25263,52264,0
8267,464,32594,0
8268,27989,59527,0
8269,4963,40035,0
8270,24853,45390,0
8271,6906,66486,0
8272,18834,24046,0
8273,64609,56385,0
8274,1155,67842,0
8275,64069,38566,0
8276,20335,6749,0
8277,40496,18808,0
8278,62290,9939,0
8279,64209,7491,0
8280,51628,57752,0
8281,65175,23866,0
8282,26657,11882,0
8283,13093,32122,0
8284,62713,27242,0
8285,26867,46567,0
8286,64598,3189,0
8287,16358,56358,0
8288,13934,28124,0
8289,8782,18293,0
8290,55035,62693,0
8291,65872,40803,0
8292,62398,41075,0
8293,45908,41625,0
8294,25135,28180,0
8295,46765,29639,0
8296,44252,36422,0
8297,62717,137,0
8298,16589,56365,0
8299,51590,29362,0
8300,10273,8683,0
8301,59376,36741,0
8302,49945,24468,0
8303,34376,53275,0
8304,63617,48126,0
8305,27480,35410,0
8306,48661,46286,0
8307,54836,38346,0
8308,21504,67293,0
8309,9923,15875,0
8310,60154,42206,0
8311,30562,31945,0
8312,39791,65282,0
8313,57968,66693,0
8314,35514,25608,0
8315,39983,378,0
8316,16480,46851,0
8317,45518,12578,0
8318,20056,5175,0
8319,53652,45120,0
8320,26120,57988,0
8321,28565,32672,0
8322,51799,6520,0
8323,23614,2276,0
8324,64130,30642,0
8325,13523,22784,0
8326,46981,22201,0
8327,64274,38440,0
8328,65375,8514,0
8329,48484,27035,0
8330,47948,53523,0
8331,27760,53956,0
8332,15259,28120,0
8333,26180,42174,0
8334,36384,27719,0
8335,7924,61709,0
8336,61029,57358,0
8337,58750,63522,0
8338,14401,43578,0
8339,65742,32229,0
8340,63066,37653,0
8341,49879,41593,0
8342,23781,20100,0
8343,44802,30047,0
8344,40572,50728,0
8345,15396,23755,0
8346,98,37424,0
8347,47824,8831,0
8348,17246,61275,0
8349,49538,21891,0
8350,28759,65621,0
8351,40916,28382,0
8352,46300,41534,0
8353,58797,59568,0
8354,29625,47954,0
8355,60057,24032,0
8356,5445,63874,0
8357,51851,63560,0
8358,52541,25376,0
8359,57894,42592,0
8360,51221,60598,0
8361,28369,15658,0
8362,36520,68318,0
8363,32192,42955,0
8364,41681,45716,0
8365,65623,46610,0
8366,10497,23783,0
8367,59487,2387,0
8368,36256,11160,0
8369,51590,51297,0
8370,34502,48908,0
8371,39518,28542,0
8372,50460,29784,0
8373,14802,32228,0
8374,2281,52315,0
8375,16821,36367,0
8376,24050,48734,0
8377,46625,12251,0
8378,13478,24641,0
8379,37577,67164,0
8380,67964,20600,0
8381,51532,6202,0
8382,13688,49091,0
8383,8280,55536,0
8384,48070,67708,0
8385,36167,59746,0
8386,55369,22021,0
8387,3231,61885,0
8388,66170,29163,0
8389,773,41592,0
8390,6682,68396,0
8391,45255,15968,0
8392,5417,49966,0
8393,42166,65699,0
8394,57925,10392,0
8395,3606,39438,0
8396,44006,54779,0
8397,45299,20491,0
8398,56799,17085,0
8399,19907,44648,0
8400,15838,13968,0
8401,30145,49706,0
8402,13459,61413,0
8403,20382,47887,0
8404,35208,16580,0
8405,61327,59250,0
8406,2070,56378,0
8407,17370,10432,0
8408,38378,2850,0
8409,57272,42484,0
8410,4632,66619,0
8411,19339,14350,0
8412,24291,53563,0
8413,3372,33083,0
8414,45877,48364,0
8415,2541,41451,0
8416,46806,64486,0
8417,35022,41848,0
8418,1233,11084,0
8419,26892,11241,0
8420,35796,28440,0
8421,45118,19035,0
8422,63415,42477,0
8423,63199,33321,0
8424,48102,24571,0
8425,62888,28224,0
8426,5330,491,0
8427,31782,43943,0
8428,10399,1723,0
8429,50996,60961,0
8430,19147,6267,0
8431,29563,26366,0
8432,26873,27606,0
8433,24604,37940,0
8434,23069,38898,0
8435,29649,11377,0
8436,38373,41542,0
8437,27711,44456,0
8438,40496,11007,0
8439,59926,63460,0
8440,7310,62548,0
8441,40243,35407,0
8442,35992,8903,0
8443,40749,40581,0
8444,68183,20147,0
8445,6115,28607,0
8446,114,3235,0
8447,6482,45388,0
8448,17109,45914,0
8449,15962,58219,0
8450,28787,40706,0
8451,28192,2550,0
8452,55302,33513,0
8453,52052,64893,0
8454,43395,32313,0
8455,34596,55376,0
8456,3794,27082,0
8457,22263,29823,0
8458,9985,37575,0
8459,30511,54990,0
8460,49793,59018,0
8461,54805,61271,0
8462,36449,7963,0
8463,18654,67462,0
8464,52945,31138,0
8465,38801,17097,0
8466,32755,42024,0
8467,48450,62217,0
8468,35667,61345,0
8469,32409,11726,0
8470,51476,57246,0
8471,37441,26860,0
8472,39796,8790,0
8473,19932,52437,0
8474,6613,52699,0
8475,26332,23942,0
8476,39274,49691,0
8477,38555,66876,0
8478,52618,39318,0
8479,22016,1445,0
8480,41949,47628,0
8481,55127,9320,0
8482,1851,19,0
8483,2023,25063,0
8484,3900,13185,0
8485,21551,32635,0
8486,62423,60523,0
8487,31621,34737,0
8488,31166,44157,0
8489,30179,785,0
8490,10093,32794,0
8491,62637,39112,0
8492,10963,68302,0
8493,14819,40807,0
8494,8277,59911,0
8495,47518,52858,0
8496,25635,66445,0
8497,60602,6324,0
8498,19539,28427,0
8499,49084,60871,0
8500,27683,28758,0
8501,17139,57668,0
8502,17289,4882,0
8503,27655,18856,0
8504,42628,41626,0
8505,38528,58848,0
8506,67809,12732,0
8507,37740,32214,0
8508,48709,14572,0
8509,56774,31672,0
8510,43162,61972,0
8511,15244,1739,0
8512,47672,9814,0
8513,29714,24697,0
8514,6876,2389,0
8515,5522,912,0
8516,12334,58569,0
8517,26977,6144,0
8518,41167,7628,0
8519,28088,56638,0
8520,40848,67979,0
8521,60413,65995,0
8522,22784,17243,0
8523,39933,51129,0
8524,11445,14719,0
8525,35479,7041,0
8526,16833,63147,0
8527,27778,17203,0
8528,3797,14230,0
8529,5860,36635,0
8530,16391,11108,0
8531,15796,63571,0
8532,54707,28578,0
8533,28662,41458,0
8534,43231,41677,0
8535,68335,52867,0
8536,8052,33679,0
8537,50689,110,0
8538,9068,26811,0
8539,20792,62697,0
8540,5588,51901,0
8541,8487,52456,0
8542,1406,7033,0
8543,57654,38315,0
8544,56887,51306,0
8545,52837,46380,0
8546,25549,7695,0
8547,20665,12816,0
8548,33528,6443,0
8549,37812,40627,0
8550,42856,60853,0
8551,4318,59734,0
8552,36303,15169,0
8553,51537,12561,0
8554,64392,29115,0
8555,35316,31250,0
8556,31311,59751,0
8557,31926,47559,0
8558,13039,61295,0
8559,5538,27595,0
8560,52094,25087,0
8561,15421,61107,0
8562,2843,10148,0
8563,40283,55069,0
8564,32579,38966,0
8565,52801,10701,0
8566,20697,25172,0
8567,59017,6557,0
8568,65022,2947,0
8569,13843,23911,0
8570,62181,14167,0
8571,31680,67308,0
8572,163,67376,0
8573,30605,14904,0
8574,64407,19081,0
8575,26514,57275,0
8576,14499,18662,0
8577,48342,58218,0
8578,45979,10771,0
8579,42891,50632,0
8580,36131,57020,0
8581,53821,52232,0
8582,1564,16798,0
8583,48443,64491,0
8584,2839,58935,0
8585,40620,13581,0
8586,47063,16093,0
8587,12276,6742,0
8588,39631,34914,0
8589,23454,61680,0
8590,20499,42973,0
8591,53900,58024,0
8592,8172,7857,0
8593,2294,30620,0
8594,5890,4314,0
8595,24534,30598,0
8596,19573,59951,0
8597,2116,19519,0
8598,64560,12803,0
8599,5266,21854,0
8600,33859,24425,0
8601,21582,38556,0
8602,22194,18701,0
8603,61872,23267,0
8604,56792,51675,0
8605,27312,22199,0
8606,42979,3947,0
8607,31879,47290,0
8608,22511,35040,0
8609,49481,49847,0
8610,1139,8926,0
8611,25200,64222,0
8612,44170,19118,0
8613,13568,2062,0
8614,8756,4662,0
8615,4624,50796,0
8616,53370,51343,0
8617,61224,58673,0
8618,12148,27934,0
8619,23032,23388,0
8620,27477,36468,0
8621,13187,6417,0
8622,56792,38941,0
8623,66537,20435,0
8624,40804,10248,0
8625,24693,62294,0
8626,12001,53553,0
8627,39579,50231,0
8628,19375,42028,0
8629,14641,8327,0
8630,40319,57772,0
8631,35726,27184,0
8632,8165,35533,0
8633,23793,27398,0
8634,16476,6027,0
8635,1114,28594,0
8636,54770,549,0
8637,18891,62701,0
8638,35372,59276,0
8639,21678,36819,0
8640,45547,50027,0
8641,18930,58844,0
8642,39297,67816,0
8643,29948,36883,0
8644,8862,38423,0
8645,37768,56241,0
8646,16383,19623,0
8647,64237,37046,0
8648,34662,9887,0
8649,53436,17857,0
8650,5168,26075,0
8651,46121,44028,0
8652,55472,26761,0
8653,35823,38864,0
8654,34111,24370,0
8655,32757,36086,0
8656,1162,38674,0
8657,63134,27389,0
8658,29820,65050,0
8659,16581,55816,0
8660,27407,56326,0
8661,64596,4099,0
8662,30977,66935,0
8663,39927,30290,0
8664,53298,47946,0
8665,27880,9075,0
8666,45246,34065,0
8667,54084,67291,0
8668,3901,64895,0
8669,25890,25684,0
8670,12285,12755,0
8671,15855,49456,0
8672,4380,47866,0
8673,45149,34670,0
8674,51722,43086,0
8675,23941,9090,0
8676,1863,49468,0
8677,7399,13979,0
8678,11783,29032,0
8679,11687,13993,0
8680,40523,18689,0
8681,8862,27846,0
8682,26860,2305,0
8683,43428,48965,0
8684,47321,25947,0
8685,54867,24702,0
8686,9668,49716,0
8687,8331,54543,0
8688,45287,50994,0
8689,22962,48445,0
8690,2967,27765,0
8691,62811,11565,0
8692,7916,24608,0
8693,35731,66652,0
8694,10522,32438,0
8695,18463,18141,0
8696,39714,10144,0
8697,29295,67218,0
8698,19477,45786,0
8699,11820,14370,0
8700,47923,25271,0
8701,24153,36283,0
8702,4640,35464,0
8703,52349,64448,0
8704,25388,15168,0
8705,3572,28642,0
8706,13122,59306,0
8707,19304,38473,0
8708,51822,64302,0
8709,25112,42547,0
8710,20973,11149,0
8711,67409,23783,0
8712,64896,38100,0
8713,32725,7250,0
8714,67559,47151,0
8715,24902,67103,0
8716,35376,40566,0
8717,59259,12825,0
8718,65600,28748,0
8719,8046,57201,0
8720,64308,9637,0
8721,55270,1377,0
8722,3179,9132,0
8723,49722,51378,0
8724,23990,66555,0
8725,22458,16630,0
8726,24606,48989,0
8727,27552,49664,0
8728,3086,27136,0
8729,33224,63879,0
8730,21578,21464,0
8731,52174,36811,0
8732,10401,20672,0
8733,44010,57262,0
8734,59667,13659,0
8735,51188,25841,0
8736,51051,16620,0
8737,35508,37194,0
8738,28342,38296,0
8739,23332,16020,0
8740,62637,18898,0
8741,25401,6437,0
8742,45445,55172,0
8743,67409,728,0
8744,40784,25700,0
8745,54092,54181,0
8746,57487,16136,0
8747,1251,67217,0
8748,885,30865,0
8749,30557,43430,0
8750,10870,18616,0
8751,26378,60191,0
8752,10279,57939,0
8753,12754,38195,0
8754,2480,3964,0
8755,25281,39360,0
8756,66337,25485,0
8757,20192,7341,0
8758,13376,9376,0
8759,58984,17171,0
8760,66722,15404,0
8761,62212,39361,0
8762,64769,54702,0
8763,2092,3117,0
8764,46466,8887,0
8765,56007,55619,0
8766,10080,42909,0
8767,53174,32411,0
8768,60966,47320,0
8769,617,1516,0
8770,68193,58585,0
8771,11770,8532,0
8772,14503,37203,0
8773,50676,66206,0
8774,39465,15710,0
8775,26087,16032,0
8776,45430,27919,0
8777,32811,125,0
8778,62923,17033,0
8779,51596,3115,0
8780,67247,55308,0
8781,39148,54922,0
8782,45118,65676,0
8783,24218,55618,0
8784,12659,36858,0
8785,22327,21284,0
8786,11492,18003,0
8787,18383,46931,0
8788,27992,66238,0
8789,22229,20315,0
8790,37242,37681,0
8791,37001,67301,0
8792,52143,30307,0
8793,2035,6774,0
8794,63235,61509,0
8795,47709,7149,0
8796,18622,66698,0
8797,35616,28610,0
8798,5789,61183,0
8799,27383,64540,0
8800,29827,60168,0
8801,44807,36845,0
8802,34353,44264,0
8803,9215,59765,0
8804,36018,11562,0
8805,34065,6675,0
8806,14736,53860,0
8807,59423,55904,0
8808,15794,27533,0
8809,21280,62088,0
8810,30346,14278,0
8811,39604,37321,0
8812,1279,6429,0
8813,66914,30742,0
8814,31456,39834,0
8815,43532,36538,0
8816,24795,39815,0
8817,16821,40567,0
8818,4530,5741,0
8819,40924,66265,0
8820,13086,37686,0
8821,22416,50955,0
8822,57654,7488,0
8823,58043,5095,0
8824,64226,26842,0
8825,15392,48549,0
8826,49963,45217,0
8827,57941,40863,0
8828,44598,4277,0
8829,52216,37485,0
8830,21162,1128,0
8831,2900,3796,0
8832,60418,52665,0
8833,28019,10765,0
8834,35262,25994,0
8835,25357,40311,0
8836,30563,41976,0
8837,40508,62856,0
8838,40348,23138,0
8839,59423,6237,0
8840,10728,12447,0
8841,33614,66070,0
8842,21208,50391,0
8843,25113,5284,0
8844,68046,39782,0
8845,14056,33491,0
8846,19643,6328,0
8847,9940,24451,0
8848,2665,52137,0
8849,34485,44577,0
8850,3664,49363,0
8851,68042,31783,0
8852,47664,46217,0
8853,67765,44237,0
8854,21147,19170,0
8855,27386,52979,0
8856,44839,18582,0
8857,45759,39310,0
8858,50030,35291,0
8859,14029,25827,0
8860,46045,36002,0
8861,46178,2841,0
8862,32923,2180,0
8863,389,66828,0
8864,55042,46909,0
8865,22345,66685,0
8866,32093,5337,0
8867,43164,26965,0
8868,10444,33922,0
8869,12350,11197,0
8870,35189,34706,0
8871,18946,46507,0
8872,33697,1267,0
8873,52415,67156,0
8874,16807,6689,0
8875,23803,56920,0
8876,34765,39704,0
8877,24421,37175,0
8878,35635,24184,0
8879,15674,16898,0
8880,40628,54468,0
8881,12975,34829,0
8882,25309,66793,0
8883,24740,21435,0
8884,13663,64446,0
8885,62613,10498,0
8886,15539,26371,0
8887,3748,34183,0
8888,29266,47918,0
8889,37409,52070,0
8890,33743,38697,0
8891,12294,67398,0
8892,40377,48550,0
8893,47799,39485,0
8894,49901,11386,0
8895,26892,11459,0
8896,45136,43620,0
8897,44086,62919,0
8898,66156,26588,0
8899,51957,10009,0
8900,45517,16996,0
8901,58702,33317,0
8902,56698,53023,0
8903,17115,9490,0
8904,18532,21456,0
8905,50134,24293,0
8906,2530,34686,0
8907,15589,44461,0
8908,43754,4487,0
8909,21033,42717,0
8910,4362,12791,0
8911,458,61120,0
8912,44101,19797,0
8913,17520,54154,0
8914,65553,24731,0
8915,53484,11815,0
8916,44664,64007,0
8917,35817,42098,0
8918,49252,21779,0
8919,50634,61708,0
8920,12096,1413,0
8921,49426,17375,0
8922,58753,27893,0
8923,64245,31067,0
8924,45611,937,0
8925,48451,30443,0
8926,53400,37652,0
8927,64240,3459,0
8928,30190,41227,0
8929,61803,925,0
8930,68045,54384,0
8931,30449,25213,0
8932,3201,33919,0
8933,40910,61745,0
8934,25612,44115,0
8935,62308,50132,0
8936,49899,22894,0
8937,25317,24982,0
8938,10324,13912,0
8939,3465,10155,0
8940,36772,47910,0
8941,9425,18445,0
8942,9888,60476,0
8943,12850,1135,0
8944,62717,58310,0
8945,33583,62439,0
8946,4682,57269,0
8947,63915,49827,0
8948,43628,3184,0
8949,43339,33603,0
8950,8569,35157,0
8951,39497,53354,0
8952,55291,23926,0
8953,58005,31170,0
8954,51345,6933,0
8955,65894,62220,0
8956,1966,24331,0
8957,50030,28131,0
8958,60561,28168,0
8959,9885,35218,0
8960,59472,62986,0
8961,63093,14054,0
8962,31655,5291,0
8963,59562,40891,0
8964,65726,16232,0
8965,52094,27885,0
8966,43564,33082,0
8967,17361,6997,0
8968,29129,39756,0
8969,65376,61138,0
8970,62964,42148,0
8971,24350,43794,0
8972,22442,66790,0
8973,10594,721,0
8974,2527,25677,0
8975,30518,61857,0
8976,35347,31516,0
8977,57150,44291,0
8978,12747,17542,0
8979,11770,56781,0
8980,50663,41343,0
8981,29127,36042,0
8982,16226,34849,0
8983,393,52936,0
8984,11827,9325,0
8985,58717,8197,0
8986,15100,65979,0
8987,19756,43821,0
8988,40451,33478,0
8989,42188,63740,0
8990,12369,593,0
8991,479,49958,0
8992,13990,11931,0
8993,20807,41291,0
8994,9184,7746,0
8995,48858,62974,0
8996,42233,62476,0
8997,21146,63940,0
8998,65036,65745,0
8999,60612,1016,0
9000,4127,19311,0
9001,75,35204,0
9002,11301,53870,0
9003,22436,60362,0
9004,23061,40898,0
9005,1955,10396,0
9006,40222,44299,0
9007,42784,55224,0
9008,41397,66313,0
9009,31305,23503,0
9010,10456,15533,0
9011,24083,42570,0
9012,6222,50998,0
9013,29356,16776,0
9014,5825,5454,0
9015,8782,49604,0
9016,27757,62515,0
9017,19404,55772,0
9018,45605,48020,0
9019,5454,56781,0
9020,44101,8136,0
9021,67211,26733,0
9022,7461,18883,0
9023,67725,61322,0
9024,3299,12126,0
9025,43780,10708,0
9026,43984,62331,0
9027,53590,26881,0
9028,63602,67220,0
9029,59185,31004,0
9030,64600,67738,0
9031,648,57323,0
9032,4881,32531,0
9033,50466,11454,0
9034,39121,10427,0
9035,24428,47494,0
9036,30200,4454,0
9037,35513,24233,0
9038,6763,33017,0
9039,20758,23398,0
9040,19112,35564,0
9041,14537,42513,0
9042,3915,47804,0
9043,18179,41667,0
9044,25897,47040,0
9045,11832,19791,0
9046,64563,36837,0
9047,21049,29021,0
9048,43599,44837,0
9049,26366,45474,0
9050,16343,20874,0
9051,63539,53767,0
9052,30589,60964,0
9053,53094,52832,0
9054,7753,30845,0
9055,43827,25327,0
9056,33426,24059,0
9057,19147,46429,0
9058,2364,49770,0
9059,24644,24347,0
9060,56354,25171,0
9061,24137,52698,0
9062,21395,12036,0
9063,3967,9030,0
9064,42154,49181,0
9065,2360,33940,0
9066,11395,56153,0
9067,11378,28572,0
9068,59172,14104,0
9069,28252,67058,0
9070,61664,26666,0
9071,15320,41335,0
9072,3605,48190,0
9073,8705,63313,0
9074,18520,45624,0
9075,47653,47044,0
9076,15259,12899,0
9077,49340,18323,0
9078,57049,27422,0
9079,9770,52897,0
9080,37440,25667,0
9081,32673,52971,0
9082,38328,35587,0
9083,56008,28580,0
9084,55460,56624,0
9085,15065,54238,0
9086,54360,146,0
9087,14468,56319,0
9088,55036,57805,0
9089,12011,24249,0
9090,3372,28159,0
9091,29783,115,0
9092,61081,44635,0
9093,50141,15219,0
9094,29384,56947,0
9095,35740,39625,0
9096,63287,16309,0
9097,10347,2199,0
9098,54528,4942,0
9099,6271,1692,0
9100,46144,49417,0
9101,30298,18081,0
9102,9823,28256,0
9103,44681,40368,0
9104,1176,6604,0
9105,9454,6886,0
9106,24191,52899,0
9107,60240,47345,0
9108,20996,29782,0
9109,17538,10646,0
9110,29899,52738,0
9111,40020,43094,0
9112,62575,35933,0
9113,58210,51076,0
9114,36464,40336,0
9115,38268,18623,0
9116,59134,27702,0
9117,21787,36869,0
9118,63442,14860,0
9119,5776,49316,0
9120,37603,33920,0
9121,29468,63251,0
9122,18376,56021,0
9123,2708,12641,0
9124,47934,57992,0
9125,6091,46583,0
9126,35691,34584,0
9127,39180,7730,0
9128,31987,728,0
9129,18655,55819,0
9130,48222,62955,0
9131,64121,55466,0
9132,63692,39469,0
9133,44553,4345,0
9134,8190,44703,0
9135,66454,65032,0
9136,50800,43689,0
9137,27572,48101,0
9138,60818,2381,0
9139,16946,36438,0
9140,7008,43837,0
9141,25779,32974,0
9142,8861,51669,0
9143,36712,9621,0
9144,20753,22493,0
9145,61969,18989,0
9146,37310,41878,0
9147,60626,12042,0
9148,44725,45906,0
9149,65151,65367,0
9150,34446,16006,0
9151,44640,12404,0
9152,54999,61368,0
9153,64006,60521,0
9154,23471,46564,0
9155,42460,67654,0
9156,45766,5144,0
9157,283,50339,0
9158,43111,62013,0
9159,2880,47228,0
9160,63868,25123,0
9161,11568,60295,0
9162,6589,7575,0
9163,432,47164,0
9164,51374,47001,0
9165,1715,48100,0
9166,27981,28461,0
9167,24478,13436,0
9168,56355,27685,0
9169,65664,27951,0
9170,67254,27531,0
9171,32763,30436,0
9172,64188,29374,0
9173,65406,65942,0
9174,34497,51608,0
9175,35837,43707,0
9176,15469,31197,0
9177,37346,59010,0
9178,62983,897,0
9179,60465,45883,0
9180,47454,55045,0
9181,4522,60067,0
9182,55959,10345,0
9183,61510,15667,0
9184,67519,57648,0
9185,46718,42168,0
9186,16715,47788,0
9187,31700,61877,0
9188,67767,66431,0
9189,5244,63186,0
9190,48937,6834,0
9191,52335,57880,0
9192,5724,25431,0
9193,52415,11870,0
9194,65851,6448,0
9195,30029,9692,0
9196,55712,17682,0
9197,38239,13530,0
9198,34126,66672,0
9199,60985,52174,0
9200,18972,10433,0
9201,14599,10606,0
9202,43850,13337,0
9203,25562,2397,0
9204,20926,50575,0
9205,64355,14988,0
9206,21197,27663,0
9207,2206,29130,0
9208,54683,29142,0
9209,63356,20711,0
9210,30634,44071,0
9211,4602,32839,0
9212,65421,2335,0
9213,4038,58440,0
9214,39999,58405,0
9215,23924,11008,0
9216,30653,66444,0
9217,36911,52821,0
9218,61037,58960,0
9219,3906,47336,0
9220,12881,39199,0
9221,3247,11028,0
9222,3980,31142,0
9223,52570,35694,0
9224,44497,20151,0
9225,36312,58311,0
9226,21473,51470,0
9227,34756,45370,0
9228,57300,13594,0
9229,64941,2793,0
9230,12997,34162,0
9231,6437,41925,0
9232,51026,38422,0
9233,62046,42879,0
9234,36779,24596,0
9235,32873,6514,0
9236,32160,63772,0
9237,3065,16250,0
9238,24930,41330,0
9239,48612,24323,0
9240,42467,56008,0
9241,37753,53382,0
9242,48924,1389,0
9243,61284,7097,0
9244,40824,1831,0
9245,5326,22992,0
9246,54410,22946,0
9247,37718,13202,0
9248,25864,63172,0
9249,67745,9377,0
9250,16048,61626,0
9251,36312,43360,0
9252,5745,33613,0
9253,3249,16735,0
9254,62522,11554,0
9255,14209,30874,0
9256,58774,56736,0
9257,8500,16017,0
9258,27634,64288,0
9259,29550,58906,0
9260,38537,64951,0
9261,19193,2106,0
9262,60685,32388,0
9263,1497,44115,0
9264,15453,56261,0
9265,3843,31054,0
9266,4046,46746,0
9267,24735,15244,0
9268,10668,9356,0
9269,16168,46879,0
9270,10560,47942,0
9271,36018,10198,0
9272,64437,44262,0
9273,55267,2575,0
9274,29427,34311,0
9275,35762,6087,0
9276,53168,20774,0
9277,48982,48284,0
9278,66769,13564,0
9279,40283,56458,0
9280,35349,43708,0
9281,59167,40387,0
9282,41751,29137,0
9283,58231,61553,0
9284,21502,18068,0
9285,67407,23808,0
9286,4676,32595,0
9287,28152,57727,0
9288,22979,9761,0
9289,51363,33161,0
9290,40842,12975,0
9291,33274,49153,0
9292,8068,64613,0
9293,5769,28805,0
9294,5209,16180,0
9295,2125,234,0
9296,42376,2931,0
9297,14733,6172,0
9298,2658,23752,0
9299,62977,39962,0
9300,2918,46836,0
9301,13521,9115,0
9302,49795,64630,0
9303,6099,2506,0
9304,62544,16722,0
9305,63468,14541,0
9306,16615,42167,0
9307,19428,64890,0
9308,37778,50317,0
9309,329,63953,0
9310,34226,32168,0
9311,933,46704,0
9312,55650,39614,0
9313,19888,48464,0
9314,20346,8236,0
9315,49291,66980,0
9316,52419,52721,0
9317,39651,10349,0
9318,14857,24003,0
9319,19213,33425,0
9320,38018,7132,0
9321,41975,8955,0
9322,5685,32073,0
9323,38909,64376,0
9324,63292,32786,0
9325,19205,39027,0
9326,25729,16999,0
9327,59512,67784,0
9328,57044,41279,0
9329,24144,41841,0
9330,10558,15179,0
9331,39999,14168,0
9332,9406,66805,0
9333,9983,57369,0
9334,12703,30851,0
9335,58370,14504,0
9336,29919,17250,0
9337,52237,59237,0
9338,65135,9637,0
9339,39100,52441,0
9340,34351,43760,0
9341,18532,26499,0
9342,6513,24489,0
9343,41744,8546,0
9344,26361,8643,0
9345,33693,10159,0
9346,20588,62051,0
9347,11631,13876,0
9348,45649,29067,0
9349,2862,22357,0
9350,25887,59561,0
9351,5350,19963,0
9352,52339,38810,0
9353,53498,41120,0
9354,67766,23270,0
9355,60430,28879,0
9356,21,31413,0
9357,58400,57479,0
9358,66187,63639,0
9359,19104,56899,0
9360,29735,61932,0
9361,58312,2984,0
9362,45402,1779,0
9363,12702,4692,0
9364,40101,40610,0
9365,7772,35217,0
9366,26212,60913,0
9367,26935,2895,0
9368,51026,28324,0
9369,61329,11773,0
9370,43978,57309,0
9371,36961,2353,0
9372,27757,17605,0
9373,11364,8406,0
9374,9724,12643,0
9375,12804,21489,0
9376,67444,10724,0
9377,50075,1368,0
9378,35635,55053,0
9379,28080,13105,0
9380,61314,56142,0
9381,20014,30087,0
9382,26124,39975,0
9383,48919,39375,0
9384,11473,18993,0
9385,9880,62676,0
9386,36802,15835,0
9387,23523,65658,0
9388,1759,66892,0
9389,44424,34762,0
9390,63394,37622,0
9391,37576,24198,0
9392,64365,43441,0
9393,7047,56046,0
9394,34264,40440,0
9395,30587,22429,0
9396,63345,176,0
9397,30916,40107,0
9398,19967,2434,0
9399,12410,3242,0
9400,14795,5628,0
9401,26294,9018,0
9402,20715,64916,0
9403,47693,18233,0
9404,54767,62027,0
9405,43627,13141,0
9406,40703,15980,0
9407,8958,50685,0
9408,795,62826,0
9409,43367,54799,0
9410,53012,31527,0
9411,7848,56940,0
9412,40691,29361,0
9413,22049,38356,0
9414,20885,44358,0
9415,32501,35900,0
9416,39019,34435,0
9417,43347,54524,0
9418,58972,13454,0
9419,9992,51173,0
9420,34352,9751,0
9421,56294,21515,0
9422,62200,62994,0
9423,52128,12018,0
9424,25629,54311,0
9425,56639,67168,0
9426,22274,39548,0
9427,30364,31361,0
9428,20027,44568,0
9429,32975,27906,0
9430,19738,58434,0
9431,48562,28868,0
9432,619,42646,0
9433,36018,24315,0
9434,10245,63355,0
9435,4798,30892,0
9436,39130,20558,0
9437,25090,15902,0
9438,34831,63988,0
9439,11979,35403,0
9440,42567,48440,0
9441,33583,8493,0
9442,46078,40151,0
9443,56529,60143,0
9444,7461,31062,0
9445,23668,65340,0
9446,62802,8291,0
9447,29612,60817,0
9448,20594,22195,0
9449,25253,31368,0
9450,31970,63945,0
9451,45458,63865,0
9452,52930,20116,0
9453,22451,12940,0
9454,65337,646,0
9455,27417,6531,0
9456,63667,17686,0
9457,8443,55707,0
9458,57557,23041,0
9459,3813,2201,0
9460,40419,46636,0
9461,3787,37067,0
9462,64379,59629,0
9463,57615,29747,0
9464,12196,26944,0
9465,45042,39779,0
9466,48117,33963,0
9467,29127,47530,0
9468,17516,24442,0
9469,37331,42054,0
9470,4017,21036,0
9471,5101,58801,0
9472,47450,32002,0
9473,31496,37005,0
9474,40875,27927,0
9475,62221,55109,0
9476,12987,1597,0
9477,22962,33277,0
9478,28546,4445,0
9479,30840,55006,0
9480,25396,57744,0
9481,10319,10514,0
9482,55919,55586,0
9483,59093,7341,0
9484,32225,44500,0
9485,18706,58998,0
9486,15060,58770,0
9487,23674,10396,0
9488,15060,24993,0
9489,11031,1133,0
9490,19373,41396,0
9491,1587,47494,0
9492,910,25701,0
9493,59408,56660,0
9494,16463,20012,0
9495,4926,39909,0
9496,16358,21686,0
9497,25259,41190,0
9498,33905,25231,0
9499,2027,15670,0
9500,42938,51737,0
9501,36057,22401,0
9502,31104,1797,0
9503,63647,57353,0
9504,14546,19657,0
9505,61869,56168,0
9506,2443,39847,0
9507,45799,8751,0
9508,45751,36550,0
9509,61171,25792,0
9510,11620,51077,0
9511,9127,39715,0
9512,20804,51276,0
9513,19446,60997,0
9514,3225,67672,0
9515,27658,13723,0
9516,54406,49086,0
9517,15191,54478,0
9518,3345,67173,0
9519,3916,26384,0
9520,51672,68314,0
9521,55746,41144,0
9522,60438,25215,0
9523,39215,64340,0
9524,12110,26265,0
9525,28376,28943,0
9526,54034,14087,0
9527,38896,52564,0
9528,35594,1008,0
9529,30757,11075,0
9530,58278,59748,0
9531,4832,67684,0
9532,36211,12424,0
9533,6513,43883,0
9534,47787,17807,0
9535,12449,26499,0
9536,36256,43555,0
9537,30079,54244,0
9538,8656,66900,0
9539,28535,52103,0
9540,44570,9567,0
9541,18204,4443,0
9542,59499,20372,0
9543,30944,52505,0
9544,3434,46246,0
9545,9256,41994,0
9546,27279,57131,0
9547,14999,25131,0
9548,67823,8710,0
9549,33999,7563,0
9550,56565,50550,0
9551,32304,51360,0
9552,39251,23235,0
9553,35047,3208,0
9554,61000,7609,0
9555,26739,7129,0
9556,2920,58211,0
9557,39687,33165,0
9558,35810,9833,0
9559,7225,23190,0
9560,1318,40582,0
9561,62630,17965,0
9562,20458,56985,0
9563,28219,2247,0
9564,6211,15965,0
9565,51483,38002,0
9566,38404,1528,0
9567,9006,30020,0
9568,41024,62298,0
9569,40137,31056,0
9570,47777,28294,0
9571,3419,36397,0
9572,12397,15473,0
9573,14130,8201,0
9574,43668,30395,0
9575,56842,21210,0
9576,37911,7662,0
9577,5128,58669,0
9578,21110,61758,0
9579,48011,65970,0
9580,27347,44429,0
9581,44562,13436,0
9582,24621,25158,0
9583,29711,12840,0
9584,3334,52474,0
9585,22047,33070,0
9586,24499,42584,0
9587,62798,15883,0
9588,58152,33492,0
9589,7617,44324,0
9590,63825,14189,0
9591,66367,9924,0
9592,58883,10108,0
9593,9922,52723,0
9594,28163,29623,0
9595,56323,11019,0
9596,55552,26757,0
9597,46906,6495,0
9598,26360,28473,0
9599,15490,63374,0
9600,47518,45983,0
9601,12651,42617,0
9602,15038,28798,0
9603,10467,55691,0
9604,57037,241,0
9605,35628,48555,0
9606,35353,65997,0
9607,38023,29906,0
9608,47118,21414,0
9609,24782,29897,0
9610,66102,58911,0
9611,18837,50914,0
9612,24088,65240,0
9613,48093,37533,0
9614,38768,2882,0
9615,16044,29753,0
9616,38130,7051,0
9617,1251,44271,0
9618,51416,64572,0
9619,14579,140,0
9620,38597,65928,0
9621,46904,12380,0
9622,58876,45084,0
9623,717,1413,0
9624,36236,65918,0
9625,57653,38753,0
9626,67324,62306,0
9627,27034,31007,0
9628,23614,7842,0
9629,56745,66799,0
9630,49771,66017,0
9631,30402,60236,0
9632,53088,7732,0
9633,35973,31102,0
9634,32908,12112,0
9635,26670,37121,0
9636,62813,62271,0
9637,2670,26305,0
9638,67874,66594,0
9639,50898,55439,0
9640,8190,46657,0
9641,27174,38884,0
9642,67127,28998,0
9643,27147,48354,0
9644,6351,38645,0
9645,32726,42031,0
9646,31600,27392,0
9647,50815,22363,0
9648,62438,12400,0
9649,58006,37152,0
9650,58455,26771,0
9651,33884,45345,0
9652,39926,6634,0
9653,40352,28587,0
9654,8836,66370,0
9655,58268,35686,0
9656,59802,52836,0
9657,5196,61903,0
9658,21777,246,0
9659,57229,4196,0
9660,36164,60385,0
9661,58400,48633,0
9662,3096,67572,0
9663,5124,10578,0
9664,37224,35377,0
9665,51454,59741,0
9666,28222,43790,0
9667,49779,17386,0
9668,8385,20080,0
9669,19179,17294,0
9670,22300,60948,0
9671,56479,18947,0
9672,29916,28558,0
9673,561,7973,0
9674,18970,49947,0
9675,30410,12402,0
9676,58423,41783,0
9677,19653,37359,0
9678,63262,44130,0
9679,4527,31603,0
9680,22671,17344,0
9681,68044,49101,0
9682,10956,37040,0
9683,46449,5271,0
9684,52436,52748,0
9685,58628,3505,0
9686,17140,37074,0
9687,50853,1571,0
9688,24749,26749,0
9689,60230,13049,0
9690,1026,7903,0
9691,52106,54446,0
9692,27411,25357,0
9693,5093,99,0
9694,12572,62515,0
9695,63719,15821,0
9696,29356,20943,0
9697,65319,32987,0
9698,10558,17936,0
9699,53253,25973,0
9700,7925,42709,0
9701,30157,20497,0
9702,36733,22814,0
9703,17376,45673,0
9704,48458,431,0
9705,48327,5778,0
9706,3825,39729,0
9707,37201,29381,0
9708,28111,64229,0
9709,19028,10690,0
9710,7434,4650,0
9711,50005,56232,0
9712,60916,48178,0
9713,21859,29162,0
9714,32679,65723,0
9715,27879,66570,0
9716,33040,22788,0
9717,15113,45184,0
9718,814,66397,0
9719,12069,56393,0
9720,21336,56553,0
9721,1091,19703,0
9722,15492,37914,0
9723,49289,38277,0
9724,52519,52900,0
9725,16237,68006,0
9726,47297,36760,0
9727,43154,68117,0
9728,60356,4612,0
9729,42711,36533,0
9730,27319,41059,0
9731,59334,35872,0
9732,55537,22310,0
9733,50392,67629,0
9734,49617,29481,0
9735,64926,38255,0
9736,63684,61226,0
9737,65709,23193,0
9738,37363,55846,0
9739,40806,38306,0
9740,36095,47308,0
9741,36240,45572,0
9742,7992,11255,0
9743,53882,44492,0
9744,29707,54425,0
9745,42531,7878,0
9746,19756,9378,0
9747,49018,12585,0
9748,66038,55435,0
9749,65079,40633,0
9750,578,41184,0
9751,18204,44542,0
9752,22125,11718,0
9753,37743,15897,0
9754,37062,27297,0
9755,61360,27663,0
9756,30352,61333,0
9757,34331,67915,0
9758,32907,24567,0
9759,6532,25921,0
9760,18538,59158,0
9761,4108,31424,0
9762,35781,9711,0
9763,5941,29524,0
9764,16206,829,0
9765,40933,14596,0
9766,29899,36580,0
9767,6617,13373,0
9768,64686,51925,0
9769,42302,30953,0
9770,2233,66785,0
9771,17831,24417,0
9772,20854,19170,0
9773,2653,742,0
9774,33528,4366,0
9775,25931,15351,0
9776,53875,15458,0
9777,44348,35178,0
9778,46818,3931,0
9779,44389,12197,0
9780,58022,8477,0
9781,62148,27478,0
9782,58298,37263,0
9783,9807,64519,0
9784,17143,633,0
9785,49992,43381,0
9786,32012,44243,0
9787,4665,59534,0
9788,26315,52235,0
9789,20876,46870,0
9790,57762,53669,0
9791,24790,40622,0
9792,49092,33119,0
9793,60955,2490,0
9794,353,23380,0
9795,65950,67292,0
9796,43170,49618,0
9797,53485,47701,0
9798,14214,33393,0
9799,12929,40364,0
9800,11023,64414,0
9801,17929,30820,0
9802,11838,30116,0
9803,58505,38417,0
9804,58717,54423,0
9805,66038,33003,0
9806,29365,53199,0
9807,7103,56194,0
9808,58808,50046,0
9809,14133,59861,0
9810,5129,63306,0
9811,4186,39409,0
9812,19856,11254,0
9813,17954,17065,0
9814,45482,63314,0
9815,57491,52966,0
9816,9048,13737,0
9817,8754,61753,0
9818,33122,27239,0
9819,59893,15917,0
9820,26545,67440,0
9821,54847,62390,0
9822,63236,41490,0
9823,24831,63237,0
9824,56668,42475,0
9825,2172,44157,0
9826,23326,39952,0
9827,31951,626,0
9828,39374,31451,0
9829,43274,48865,0
9830,52186,13667,0
9831,27275,39734,0
9832,53978,51526,0
9833,11929,45507,0
9834,10310,17320,0
9835,30790,35267,0
9836,36773,44551,0
9837,42687,51442,0
9838,25527,64806,0
9839,20496,32752,0
9840,36232,67244,0
9841,33356,21602,0
9842,48742,9999,0
9843,50613,40892,0
9844,16435,31799,0
9845,26436,62856,0
9846,24583,44347,0
9847,42027,42523,0
9848,34929,5425,0
9849,20882,16604,0
9850,45053,65000,0
9851,2018,49154,0
9852,19031,18756,0
9853,21407,47732,0
9854,62830,64728,0
9855,52239,9874,0
9856,12763,25926,0
9857,26167,43522,0
9858,48276,33086,0
9859,11905,45211,0
9860,34228,53321,0
9861,47721,10532,0
9862,39653,66234,0
9863,12914,41613,0
9864,46990,61250,0
9865,57424,52846,0
9866,29191,27936,0
9867,26323,19079,0
9868,1871,30811,0
9869,24998,19140,0
9870,39347,30494,0
9871,49445,34686,0
9872,54360,41501,0
9873,32864,62674,0
9874,46447,54440,0
9875,13882,66672,0
9876,16391,62119,0
9877,22634,4156,0
9878,33891,61133,0
9879,26943,42856,0
9880,11156,54225,0
9881,19393,58928,0
9882,68368,53521,0
9883,60662,47197,0
9884,34422,64843,0
9885,52378,28957,0
9886,41001,44090,0
9887,58738,24800,0
9888,68100,37340,0
9889,27508,6551,0
9890,19597,50838,0
9891,47673,67803,0
9892,28158,13979,0
9893,2475,59427,0
9894,14885,56976,0
9895,37331,1846,0
9896,38368,59527,0
9897,33821,52860,0
9898,8846,44846,0
9899,26473,38026,0
9900,30334,62983,0
9901,36035,10985,0
9902,46309,31678,0
9903,14368,44589,0
9904,22057,14455,0
9905,62543,33483,0
9906,31506,39896,0
9907,48945,35579,0
9908,16103,10009,0
9909,5322,8534,0
9910,6968,26543,0
9911,7189,9057,0
9912,67434,11213,0
9913,20815,53632,0
9914,10147,59046,0
9915,36370,43548,0
9916,55042,59874,0
9917,48827,299,0
9918,62229,27655,0
9919,42329,61579,0
9920,30101,14431,0
9921,4315,18738,0
9922,40881,7896,0
9923,26279,31186,0
9924,63941,2474,0
9925,14482,59791,0
9926,5909,84,0
9927,4755,18044,0
9928,7760,7159,0
9929,2075,43975,0
9930,54132,66497,0
9931,66563,39792,0
9932,19412,44816,0
9933,13580,5007,0
9934,48975,44159,0
9935,34211,42624,0
9936,200,41135,0
9937,56817,38096,0
9938,25873,66065,0
9939,45880,53680,0
9940,52786,27762,0
9941,6571,41241,0
9942,32056,20224,0
9943,34838,42823,0
9944,49269,58531,0
9945,7650,65177,0
9946,8356,7663,0
9947,17401,41539,0
9948,32136,34943,0
9949,55024,58980,0
9950,18923,24224,0
9951,48673,25471,0
9952,39089,39657,0
9953,20128,15790,0
9954,27984,17473,0
9955,43939,3753,0
9956,67170,60918,0
9957,16994,6839,0
9958,57369,15077,0
9959,12100,12420,0
9960,49200,481,0
9961,15492,51236,0
9962,59070,50849,0
9963,25873,26027,0
9964,42659,18133,0
9965,48517,58417,0
9966,18036,63080,0
9967,62593,17528,0
9968,25820,28508,0
9969,18788,27811,0
9970,28313,24519,0
9971,61182,12365,0
9972,20469,54711,0
9973,30562,51690,0
9974,67211,58405,0
9975,16646,41386,0
9976,539,52313,0
9977,56116,23013,0
9978,53899,4302,0
9979,14356,26947,0
9980,48124,39004,0
9981,27446,54394,0
9982,10472,53273,0
9983,61570,28688,0
9984,39708,3222,0
9985,45020,34417,0
9986,13547,26802,0
9987,55766,7678,0
9988,1587,45502,0
9989,62365,38207,0
9990,40628,17909,0
9991,10740,67931,0
9992,35348,41936,0
9993,18979,43139,0
9994,12049,11313,0
9995,50880,59738,0
9996,16440,31748,0
9997,32815,16457,0
9998,53263,31762,0
9999,26497,296,0
10000,38396,63860,0
10001,17538,47610,0
10002,19921,28209,0
10003,47616,5007,0
10004,37316,24887,0
10005,9046,31688,0
10006,10662,52779,0
10007,63214,65131,0
10008,60753,3509,0
10009,31662,10811,0
10010,41992,62898,0
10011,27757,62301,0
10012,37488,37200,0
10013,61804,31321,0
10014,10402,37267,0
10015,64482,10589,0
10016,1293,16633,0
10017,19097,30657,0
10018,65750,52258,0
10019,17470,17034,0
10020,50733,17910,0
10021,30481,50946,0
10022,59365,34855,0
10023,35688,14936,0
10024,14774,5683,0
10025,51274,29507,0
10026,57833,33194,0
10027,60216,28073,0
10028,7598,31903,0
10029,13351,18866,0
10030,18370,10954,0
10031,48327,15714,0
10032,28862,26684,0
10033,21542,2007,0
10034,61868,40439,0
10035,62455,8427,0
10036,8758,54452,0
10037,2131,31514,0
10038,29422,64507,0
10039,18070,64662,0
10040,29899,10144,0
10041,3818,62311,0
10042,64651,4251,0
10043,26351,1134,0
10044,19671,16790,0
10045,283,57778,0
10046,25139,12934,0
10047,28116,31120,0
10048,49871,4248,0
10049,48016,29536,0
10050,18984,46010,0
10051,28920,17727,0
10052,45045,50254,0
10053,49548,33765,0
10054,48584,53879,0
10055,3318,16451,0
10056,40198,32625,0
10057,30414,31137,0
10058,7497,11926,0
10059,31925,758,0
10060,58043,16771,0
10061,13992,59216,0
10062,934,68408,0
10063,12367,38390,0
10064,37035,54990,0
10065,11221,33176,0
10066,39813,64707,0
10067,17107,43129,0
10068,12234,5364,0
10069,23922,36122,0
10070,11462,8943,0
10071,6588,6922,0
10072,63698,47785,0
10073,37185,13865,0
10074,66222,55989,0
10075,3274,6282,0
10076,60007,56417,0
10077,68418,46374,0
10078,52517,10639,0
10079,40147,42664,0
10080,46708,19431,0
10081,29588,35999,0
10082,49214,52295,0
10083,8361,24569,0
10084,36005,32881,0
10085,12119,34919,0
10086,14661,55410,0
10087,42686,3494,0
10088,7511,58429,0
10089,29425,38227,0
10090,10277,14929,0
10091,37814,48063,0
10092,34129,64192,0
10093,22780,42656,0
10094,62553,18508,0
10095,18126,21025,0
10096,22154,35843,0
10097,67159,61183,0
10098,63902,13520,0
10099,64800,36440,0
10100,36542,50507,0
10101,52766,52814,0
10102,33090,35612,0
10103,14403,67502,0
10104,24520,58787,0
10105,2164,46339,0
10106,295,67579,0
10107,42509,19621,0
10108,30994,43456,0
10109,43008,52244,0
10110,32724,35868,0
10111,39687,37895,0
10112,54447,60870,0
10113,66891,37938,0
10114,17428,53381,0
10115,7356,46495,0
10116,8941,5186,0
10117,59207,35960,0
10118,52933,56305,0
10119,5817,14149,0
10120,148,5577,0
10121,51998,24451,0
10122,39621,21305,0
10123,22000,22386,0
10124,65881,29835,0
10125,33457,14742,0
10126,63712,6506,0
10127,53612,63280,0
10128,43985,20783,0
10129,62036,18960,0
10130,11695,10328,0
10131,28624,837,0
10132,45187,58822,0
10133,37239,43246,0
10134,44409,45557,0
10135,56157,8551,0
10136,41934,52264,0
10137,51516,51695,0
10138,324,3878,0
10139,4120,11079,0
10140,15084,26055,0
10141,17105,37303,0
10142,62869,66242,0
10143,15062,14693,0
10144,43583,47594,0
10145,59787,36530,0
10146,11690,26990,0
10147,12529,46006,0
10148,42717,38591,0
10149,66501,17386,0
10150,13221,66913,0
10151,15611,57613,0
10152,5243,37383,0
10153,36360,56354,0
10154,36549,39112,0
10155,58420,53014,0
10156,67758,19357,0
10157,10118,63895,0
10158,55764,64296,0
10159,55950,63512,0
10160,33896,65997,0
10161,33730,58146,0
10162,7372,24946,0
10163,56550,40702,0
10164,39328,49055,0
10165,5463,34479,0
10166,43235,61135,0
10167,45328,19689,0
10168,28804,63779,0
10169,61453,10256,0
10170,19283,49159,0
10171,56515,14365,0
10172,5067,66147,0
10173,32335,49707,0
10174,50764,64614,0
10175,28330,63866,0
10176,36978,64161,0
10177,40337,51038,0
10178,6198,53155,0
10179,43245,11139,0
10180,10987,63101,0
10181,34202,10440,0
10182,32712,58531,0
10183,49045,3521,0
10184,23677,1996,0
10185,65025,25437,0
10186,63851,42419,0
10187,14534,56170,0
10188,65214,17304,0
10189,4185,45889,0
10190,14028,9245,0
10191,6211,5564,0
10192,36751,54290,0
10193,60815,55902,0
10194,54141,50600,0
10195,57251,46856,0
10196,51029,54355,0
10197,56805,57420,0
10198,53371,63353,0
10199,50687,30175,0
10200,1820,52842,0
10201,50625,41331,0
10202,27545,47597,0
10203,53967,31555,0
10204,6354,41141,0
10205,68320,12512,0
10206,52757,8801,0
10207,38229,36360,0
10208,19396,11380,0
10209,66277,22256,0
10210,47455,23227,0
10211,65900,67918,0
10212,38918,25185,0
10213,6116,50473,0
10214,1480,44287,0
10215,37316,66023,0
10216,14177,65428,0
10217,58619,30024,0
10218,8181,35394,0
10219,66481,8727,0
10220,62911,25029,0
10221,3915,49212,0
10222,46073,56240,0
10223,9990,8202,0
10224,28448,23591,0
10225,15886,53255,0
10226,10497,33233,0
10227,22626,14041,0
10228,65202,38656,0
10229,23273,35622,0
10230,10672,4765,0
10231,56928,68012,0
10232,16277,59157,0
10233,64762,38719,0
10234,59589,40504,0
10235,62157,30369,0
10236,52551,66574,0
10237,5720,30,0
10238,27929,57386,0
10239,45018,50349,0
10240,62777,35068,0
10241,1420,46461,0
10242,33709,53275,0
10243,18548,58016,0
10244,20093,61992,0
10245,2890,62706,0
10246,47861,5158,0
10247,24855,51966,0
10248,22203,30514,0
10249,33763,34495,0
10250,8065,28248,0
10251,15943,56601,0
10252,32792,56403,0
10253,36721,29116,0
10254,35002,34397,0
10255,46953,34330,0
10256,26468,61342,0
10257,29774,44030,0
10258,17858,33527,0
10259,66138,31578,0
10260,54223,38660,0
10261,6642,36406,0
10262,66463,38041,0
10263,54594,14580,0
10264,45305,31259,0
10265,36816,12733,0
10266,44579,58706,0
10267,21420,10978,0
10268,4006,25937,0
10269,41324,6317,0
10270,19128,7955,0
10271,2585,50512,0
10272,40717,30939,0
10273,35179,18165,0
10274,6760,30841,0
10275,68149,53091,0
10276,4633,32176,0
10277,54320,42001,0
10278,21632,29552,0
10279,12701,16143,0
10280,35746,28338,0
10281,61863,37402,0
10282,18615,41541,0
10283,3778,54857,0
10284,14923,29755,0
10285,15512,10908,0
10286,45311,32539,0
10287,29286,6272,0
10288,54280,5347,0
10289,35834,56250,0
10290,2091,57724,0
10291,19492,48585,0
10292,20020,37037,0
10293,29786,15417,0
10294,10046,22705,0
10295,67758,61909,0
10296,54633,46889,0
10297,17482,34170,0
10298,26266,6743,0
10299,10887,9038,0
