,nodeid1,nodeid2,label
0,34069,12082,0
1,23718,56079,0
2,45494,59317,0
3,30232,12843,0
4,20815,65417,0
5,31538,61141,0
6,55089,61642,0
7,54645,46522,0
8,19938,16713,0
9,42456,42220,0
10,5566,49869,0
11,56456,24906,0
12,2348,23988,0
13,63803,10851,0
14,2116,6669,0
15,53601,10857,0
16,59499,29346,0
17,34674,68414,0
18,277,11356,0
19,25109,56388,0
20,39001,31475,0
21,54642,12376,0
22,12616,14340,0
23,3291,1024,0
24,53059,9646,0
25,55075,67369,0
26,46185,50378,0
27,49158,5188,0
28,4025,14343,0
29,4608,50592,0
30,12234,28127,0
31,3420,59457,0
32,64972,63566,0
33,19225,17570,0
34,42644,42187,0
35,31718,21220,0
36,46497,19685,0
37,2169,30607,0
38,61865,21068,0
39,21046,22440,0
40,38597,10476,0
41,37338,2462,0
42,52982,17643,0
43,48077,61060,0
44,32368,61025,0
45,21243,7701,0
46,23716,21486,0
47,57183,52334,0
48,65435,2135,0
49,29498,51637,0
50,16009,24639,0
51,35667,24710,0
52,4016,58723,0
53,31338,3328,0
54,5011,59672,0
55,65423,31579,0
56,32200,56849,0
57,26325,3594,0
58,3445,7328,0
59,53152,22443,0
60,66321,64859,0
61,45728,31011,0
62,3730,26452,0
63,18786,3513,0
64,892,62397,0
65,54649,37596,0
66,5149,27403,0
67,49689,62140,0
68,21047,21946,0
69,1968,11326,0
70,18375,13918,0
71,45249,31847,0
72,22773,21211,0
73,19168,18976,0
74,27655,53589,0
75,53647,44586,0
76,44882,16095,0
77,53071,26730,0
78,2923,9721,0
79,7020,49951,0
80,59087,42487,0
81,45045,30450,0
82,509,2997,0
83,49303,21726,0
84,9643,35818,0
85,24291,48624,0
86,8777,67989,0
87,61697,19574,0
88,22482,22811,0
89,26801,56734,0
90,36812,43181,0
91,12433,33251,0
92,51176,8614,0
93,38626,2894,0
94,60825,9882,0
95,47090,62682,0
96,45756,2949,0
97,31234,63705,0
98,51972,57998,0
99,55918,12168,0
100,29741,61025,0
101,60759,20050,0
102,47281,38167,0
103,56509,23872,0
104,15822,26717,0
105,33849,38538,0
106,12441,46289,0
107,58425,11588,0
108,67746,58778,0
109,40552,63218,0
110,59716,57275,0
111,54026,44651,0
112,56289,35360,0
113,1995,37020,0
114,62072,65602,0
115,2407,25234,0
116,10249,45342,0
117,61013,11128,0
118,5566,51309,0
119,60927,50268,0
120,40828,52960,0
121,54961,15189,0
122,4346,47350,0
123,19643,43198,0
124,68380,13956,0
125,39559,30726,0
126,34383,54283,0
127,56647,29729,0
128,13328,39708,0
129,50459,16327,0
130,2216,36489,0
131,48213,7567,0
132,36233,6321,0
133,45576,11855,0
134,41715,33628,0
135,38714,18551,0
136,62670,49480,0
137,40475,10377,0
138,26663,64473,0
139,46012,47275,0
140,42754,34495,0
141,345,66529,0
142,5060,7848,0
143,36407,55211,0
144,4258,52561,0
145,26894,38686,0
146,51659,37801,0
147,44590,57167,0
148,17048,45827,0
149,13663,18282,0
150,60387,14581,0
151,32329,47506,0
152,13435,60761,0
153,20812,64239,0
154,58402,14861,0
155,12587,10873,0
156,5119,26466,0
157,44782,9595,0
158,57580,8630,0
159,3490,51742,0
160,39579,61690,0
161,47382,49205,0
162,1819,21377,0
163,63211,11002,0
164,60616,50101,0
165,12298,15869,0
166,51659,42072,0
167,36619,58656,0
168,23061,5813,0
169,65566,42098,0
170,49989,29896,0
171,20752,65017,0
172,32721,26665,0
173,12096,57510,0
174,26420,61214,0
175,22644,7163,0
176,788,32123,0
177,39501,20406,0
178,15393,39143,0
179,46227,62219,0
180,993,31308,0
181,67613,32002,0
182,7607,612,0
183,30894,35218,0
184,61578,60961,0
185,777,28076,0
186,50021,29191,0
187,35490,31376,0
188,36321,54630,0
189,9815,38962,0
190,44999,64947,0
191,6868,47522,0
192,52143,6719,0
193,49350,42319,0
194,16025,53141,0
195,41866,35879,0
196,65593,46192,0
197,21224,49361,0
198,12871,6950,0
199,34758,3172,0
200,4808,23462,0
201,24990,21064,0
202,44548,23087,0
203,63767,62817,0
204,3445,41224,0
205,923,48189,0
206,52409,68197,0
207,18557,28208,0
208,18247,6124,0
209,22900,26717,0
210,46523,42139,0
211,50191,39856,0
212,26653,24107,0
213,29838,39357,0
214,63152,60853,0
215,35571,35166,0
216,7790,29934,0
217,22778,30387,0
218,52518,53625,0
219,62422,8158,0
220,32470,13804,0
221,29063,4781,0
222,34636,8702,0
223,9428,15820,0
224,20743,66858,0
225,36116,30558,0
226,6179,35850,0
227,26651,32747,0
228,35541,37964,0
229,33411,64058,0
230,1368,43593,0
231,33065,6710,0
232,8033,25455,0
233,10327,52701,0
234,66966,36709,0
235,30735,39308,0
236,44800,63687,0
237,2102,34948,0
238,16632,30095,0
239,1413,20048,0
240,7849,51904,0
241,14568,20098,0
242,44419,34921,0
243,40475,10077,0
244,19890,61815,0
245,31628,68356,0
246,33735,1198,0
247,32484,13196,0
248,27193,66255,0
249,65316,62732,0
250,22350,11583,0
251,22519,40631,0
252,15885,24034,0
253,17578,11928,0
254,6896,62779,0
255,61116,40719,0
256,37537,1438,0
257,40322,2732,0
258,6157,19659,0
259,27260,45372,0
260,13332,49017,0
261,49503,57756,0
262,15757,55956,0
263,35747,11686,0
264,49559,31846,0
265,22786,46966,0
266,59208,62595,0
267,52801,27848,0
268,8014,1617,0
269,40636,41344,0
270,9720,60325,0
271,29824,18982,0
272,20866,23547,0
273,45834,23892,0
274,22877,10982,0
275,61863,711,0
276,18742,66613,0
277,33173,4054,0
278,44097,55129,0
279,22733,11015,0
280,24415,44749,0
281,20697,17608,0
282,29703,25953,0
283,39610,16626,0
284,40955,28389,0
285,54936,62608,0
286,44259,6726,0
287,66914,21115,0
288,22794,41431,0
289,27557,6567,0
290,34410,7748,0
291,4608,1175,0
292,68289,16514,0
293,26860,25637,0
294,3743,66000,0
295,19475,67772,0
296,28665,34427,0
297,62143,40504,0
298,52063,62949,0
299,39194,36007,0
300,33358,65292,0
301,46218,26783,0
302,36672,33215,0
303,59543,29236,0
304,29976,30041,0
305,61218,17192,0
306,12848,25453,0
307,5481,23287,0
308,45811,17430,0
309,465,17323,0
310,65387,39233,0
311,25828,37044,0
312,44556,7550,0
313,61433,45461,0
314,44119,9396,0
315,2347,12526,0
316,45393,9792,0
317,5317,38825,0
318,19275,18397,0
319,24427,20161,0
320,4205,20790,0
321,10018,42817,0
322,7234,10625,0
323,58099,30987,0
324,27139,20114,0
325,15971,20099,0
326,53565,42909,0
327,14588,10390,0
328,10728,14306,0
329,49606,39264,0
330,1193,56764,0
331,55590,2144,0
332,16927,43301,0
333,28922,31464,0
334,19670,51170,0
335,64253,3269,0
336,13317,40060,0
337,12025,64619,0
338,47526,47043,0
339,17907,28718,0
340,54837,40810,0
341,43400,46836,0
342,40365,33535,0
343,35186,533,0
344,65852,23900,0
345,7614,63283,0
346,52200,14178,0
347,27749,29309,0
348,40013,27450,0
349,33380,46172,0
350,13161,28724,0
351,58096,18276,0
352,3510,55753,0
353,60629,24496,0
354,22398,39906,0
355,38676,20535,0
356,33771,12102,0
357,14780,55018,0
358,35294,44907,0
359,14984,65729,0
360,55641,45764,0
361,44923,35413,0
362,53408,56448,0
363,50879,27177,0
364,7030,49561,0
365,34257,51627,0
366,28698,9132,0
367,2823,57626,0
368,28985,21881,0
369,49223,49227,0
370,155,16493,0
371,20792,57673,0
372,18689,46007,0
373,48401,24113,0
374,4972,19300,0
375,17146,17222,0
376,30364,25957,0
377,16500,67564,0
378,4636,48790,0
379,61072,52888,0
380,62357,35068,0
381,35262,14551,0
382,36585,17403,0
383,60881,44130,0
384,43883,22681,0
385,4947,64276,0
386,53411,719,0
387,51662,66781,0
388,28264,40943,0
389,51959,43063,0
390,36334,61468,0
391,42021,15792,0
392,32808,27121,0
393,32766,58825,0
394,63481,63114,0
395,41352,3513,0
396,23700,43132,0
397,16744,21075,0
398,49342,28791,0
399,16065,44845,0
400,1748,26405,0
401,6540,60932,0
402,28125,10053,0
403,52774,24330,0
404,55880,48220,0
405,51500,28278,0
406,60602,15325,0
407,23614,5900,0
408,36257,44491,0
409,50801,66033,0
410,52935,45629,0
411,4966,24253,0
412,20806,55016,0
413,22055,59911,0
414,51660,29551,0
415,64563,25428,0
416,56883,38631,0
417,63669,19281,0
418,8466,58178,0
419,44400,14771,0
420,13189,4677,0
421,60378,48063,0
422,24916,21699,0
423,29772,18707,0
424,60431,53689,0
425,40809,27098,0
426,13443,36255,0
427,46455,2329,0
428,12588,188,0
429,55643,65261,0
430,35427,4923,0
431,19499,8917,0
432,40388,29390,0
433,53939,7000,0
434,33486,52333,0
435,45436,3461,0
436,50654,55773,0
437,45606,37330,0
438,17756,43807,0
439,31550,16496,0
440,23716,13067,0
441,10837,30607,0
442,31245,27405,0
443,68258,25809,0
444,57317,36915,0
445,30002,18242,0
446,49896,62825,0
447,57006,25346,0
448,1264,5711,0
449,31697,68413,0
450,39189,52118,0
451,32121,18091,0
452,63842,14683,0
453,11321,62923,0
454,30314,39663,0
455,630,14952,0
456,9184,19937,0
457,36144,19113,0
458,21608,17089,0
459,23340,193,0
460,54829,57444,0
461,48070,46818,0
462,9915,31434,0
463,64268,43962,0
464,64294,29872,0
465,24295,6611,0
466,25106,51703,0
467,8318,52726,0
468,60875,48423,0
469,12868,61595,0
470,63735,20357,0
471,64426,14911,0
472,27589,12112,0
473,2835,12026,0
474,50346,22561,0
475,26139,2697,0
476,15852,40007,0
477,20952,7381,0
478,59753,20141,0
479,27522,7642,0
480,40223,7740,0
481,37523,3705,0
482,4067,13915,0
483,823,53981,0
484,59559,18305,0
485,27837,27905,0
486,6303,20409,0
487,28767,4795,0
488,56353,4387,0
489,36476,2418,0
490,46198,27596,0
491,4964,28980,0
492,61572,63328,0
493,67947,28685,0
494,63857,9659,0
495,28870,48137,0
496,55924,12741,0
497,11077,43058,0
498,10559,628,0
499,11653,61356,0
500,36005,66640,0
501,43087,49681,0
502,46679,60900,0
503,50021,15269,0
504,42543,43147,0
505,22318,15312,0
506,12925,13847,0
507,38900,15395,0
508,8353,12216,0
509,42310,17759,0
510,56618,56711,0
511,39868,1862,0
512,37704,51030,0
513,43802,54086,0
514,59056,55256,0
515,56375,15799,0
516,10665,9318,0
517,37279,30167,0
518,29267,27841,0
519,42068,65627,0
520,28982,12793,0
521,35823,40009,0
522,12528,64754,0
523,48213,39992,0
524,43001,40396,0
525,28326,44377,0
526,14060,66143,0
527,988,53102,0
528,43002,15367,0
529,44503,5698,0
530,20806,45502,0
531,22389,22791,0
532,38540,19209,0
533,9078,13371,0
534,29109,22055,0
535,4935,48015,0
536,20838,66493,0
537,61069,54304,0
538,10489,48210,0
539,7989,60856,0
540,30919,29303,0
541,49983,9479,0
542,62567,36328,0
543,48652,14131,0
544,24625,42536,0
545,61340,9662,0
546,42712,36234,0
547,21521,66338,0
548,33671,21840,0
549,49589,44236,0
550,63323,45765,0
551,1252,13034,0
552,9127,37272,0
553,37437,47084,0
554,26251,6799,0
555,38425,24794,0
556,60717,40991,0
557,35064,28486,0
558,54964,4949,0
559,9316,2573,0
560,20160,15522,0
561,46942,55272,0
562,53496,13958,0
563,28560,55160,0
564,49290,9662,0
565,26211,22576,0
566,56047,51079,0
567,40348,30104,0
568,17652,46508,0
569,66334,31415,0
570,32907,8731,0
571,37410,18540,0
572,33012,29132,0
573,18160,49636,0
574,16609,44292,0
575,15657,27524,0
576,52409,38850,0
577,53534,12338,0
578,18726,42243,0
579,14613,41440,0
580,62781,48941,0
581,7909,22496,0
582,50406,13623,0
583,35286,25510,0
584,44374,29785,0
585,30922,27640,0
586,56015,38667,0
587,29044,35718,0
588,45376,45111,0
589,30335,18336,0
590,65336,39612,0
591,8626,42681,0
592,24473,10304,0
593,9880,18966,0
594,21407,13675,0
595,25344,24424,0
596,48343,64447,0
597,129,11307,0
598,67361,9675,0
599,68051,61914,0
600,15585,38645,0
601,62017,38286,0
602,59659,63375,0
603,8973,51603,0
604,18429,29290,0
605,35374,13533,0
606,10323,64517,0
607,50265,4825,0
608,54569,17484,0
609,51308,60017,0
610,1820,15256,0
611,49720,32526,0
612,33005,57269,0
613,67970,45054,0
614,63807,6119,0
615,25558,35185,0
616,27930,54361,0
617,33171,42817,0
618,42703,49124,0
619,12900,33455,0
620,43393,49492,0
621,11690,13286,0
622,62987,36204,0
623,49000,53074,0
624,49289,27392,0
625,15661,56469,0
626,3620,4304,0
627,60896,29372,0
628,38088,38647,0
629,30664,1391,0
630,16925,4202,0
631,29245,39991,0
632,33759,59852,0
633,21799,26033,0
634,35356,34040,0
635,62803,64868,0
636,4754,40963,0
637,65733,46383,0
638,67329,3801,0
639,59411,24839,0
640,42602,4360,0
641,51858,11865,0
642,61562,53332,0
643,54810,12734,0
644,34866,44643,0
645,11669,12597,0
646,52919,13865,0
647,59404,14171,0
648,22829,27121,0
649,8168,38945,0
650,50008,25121,0
651,15733,34412,0
652,20050,43973,0
653,35695,37414,0
654,64935,3186,0
655,41246,5054,0
656,11666,11561,0
657,65835,10042,0
658,58555,2263,0
659,10703,66920,0
660,32192,39101,0
661,64774,16337,0
662,53803,34511,0
663,46404,5911,0
664,9919,19195,0
665,56028,10112,0
666,24902,40604,0
667,52722,11689,0
668,43616,47325,0
669,7196,61743,0
670,21112,23841,0
671,49655,48628,0
672,39106,23708,0
673,6171,11797,0
674,47253,3914,0
675,21108,26778,0
676,54805,26302,0
677,52464,62805,0
678,36795,35291,0
679,20609,33926,0
680,39644,35423,0
681,39713,20794,0
682,33145,33033,0
683,61156,38837,0
684,60602,37766,0
685,5789,38459,0
686,63233,58540,0
687,45574,49074,0
688,41517,10116,0
689,37580,33783,0
690,14596,60380,0
691,16179,10312,0
692,34664,45717,0
693,59743,42806,0
694,51263,28106,0
695,2042,53509,0
696,57085,38323,0
697,34591,59881,0
698,24483,39361,0
699,28997,37576,0
700,61207,45854,0
701,47477,54363,0
702,36599,31985,0
703,23713,51463,0
704,18114,34690,0
705,17499,9646,0
706,15589,49514,0
707,45550,28984,0
708,26577,2748,0
709,63561,41601,0
710,46710,35630,0
711,8221,9865,0
712,54400,41971,0
713,1047,48220,0
714,67613,58816,0
715,60394,60370,0
716,63584,13860,0
717,27912,11541,0
718,13340,1496,0
719,68045,24173,0
720,41256,26427,0
721,10381,64533,0
722,36827,11250,0
723,24307,47013,0
724,20104,35424,0
725,18016,62176,0
726,63961,3840,0
727,34298,15342,0
728,140,22811,0
729,46158,20568,0
730,47488,28215,0
731,55174,51254,0
732,11058,31503,0
733,31320,36502,0
734,13602,59310,0
735,29099,62579,0
736,40873,60494,0
737,14288,65830,0
738,52593,37991,0
739,15828,25328,0
740,14714,59027,0
741,7372,18785,0
742,67548,66822,0
743,20729,16020,0
744,57968,6493,0
745,50723,65697,0
746,27479,23346,0
747,50565,12228,0
748,55458,63443,0
749,13846,25345,0
750,5625,41600,0
751,41167,54880,0
752,58357,57559,0
753,57515,4649,0
754,24518,25808,0
755,28536,61885,0
756,37459,53469,0
757,13463,44488,0
758,3347,22249,0
759,54407,35965,0
760,30362,30936,0
761,42831,1240,0
762,41207,6641,0
763,33441,27029,0
764,20496,50918,0
765,14059,40145,0
766,4655,60944,0
767,29903,21536,0
768,27310,9227,0
769,22337,32291,0
770,31750,5518,0
771,37619,318,0
772,28197,39639,0
773,10074,6806,0
774,48838,16077,0
775,1131,6046,0
776,21866,6742,0
777,47473,7089,0
778,14469,38044,0
779,31301,10515,0
780,44428,56759,0
781,62681,44627,0
782,52392,48096,0
783,44120,40155,0
784,60893,23738,0
785,65075,67345,0
786,55503,16495,0
787,51695,10765,0
788,20811,50674,0
789,30871,21726,0
790,67352,36580,0
791,36246,6392,0
792,47856,40241,0
793,40246,56051,0
794,59759,49282,0
795,19977,24888,0
796,38439,14259,0
797,57368,15930,0
798,37132,1932,0
799,22482,51894,0
800,43001,57123,0
801,42360,56609,0
802,23090,17523,0
803,31816,34516,0
804,52006,37780,0
805,293,2700,0
806,47680,62531,0
807,16780,26241,0
808,50259,47010,0
809,20935,45010,0
810,59350,19726,0
811,48623,51717,0
812,62043,49425,0
813,41359,6822,0
814,24900,7747,0
815,53306,985,0
816,44987,59950,0
817,35134,25030,0
818,29317,65198,0
819,65336,42050,0
820,6627,8829,0
821,9283,65653,0
822,38191,52546,0
823,50952,52672,0
824,31329,21400,0
825,17058,20922,0
826,36906,40622,0
827,576,9261,0
828,45177,12012,0
829,29157,29501,0
830,639,64229,0
831,16383,6425,0
832,51596,44627,0
833,45024,15636,0
834,24687,3122,0
835,10090,1388,0
836,14845,16472,0
837,48890,11919,0
838,6785,40548,0
839,61400,55438,0
840,7122,22926,0
841,34806,33744,0
842,12082,26465,0
843,50199,18015,0
844,59412,18041,0
845,17288,49690,0
846,67517,67527,0
847,49849,17996,0
848,26918,19814,0
849,65265,56420,0
850,58684,29423,0
851,62725,25920,0
852,35550,63509,0
853,33404,9434,0
854,24161,25238,0
855,16054,51683,0
856,49452,9237,0
857,41410,19213,0
858,58160,57727,0
859,62830,55370,0
860,34908,12383,0
861,23081,14529,0
862,24991,7491,0
863,47057,8355,0
864,2544,29858,0
865,56641,23895,0
866,16833,16710,0
867,46898,36000,0
868,9139,42006,0
869,19526,55336,0
870,25478,38205,0
871,60857,31994,0
872,67899,65536,0
873,41227,29042,0
874,12917,33511,0
875,52525,33761,0
876,51243,17032,0
877,43693,5569,0
878,10659,59215,0
879,36124,11883,0
880,45665,41891,0
881,18804,62895,0
882,11432,7598,0
883,55823,51449,0
884,34760,29309,0
885,44523,51123,0
886,13181,40540,0
887,18224,68291,0
888,40020,10717,0
889,58609,53336,0
890,38270,33761,0
891,67635,19478,0
892,9235,64791,0
893,31860,65144,0
894,26556,3987,0
895,58718,35428,0
896,14393,38013,0
897,31247,7771,0
898,7084,56622,0
899,33970,39770,0
900,23806,12220,0
901,57504,53805,0
902,42203,26402,0
903,8061,37796,0
904,14819,67423,0
905,51922,19102,0
906,41944,55472,0
907,42027,19704,0
908,22722,32122,0
909,62733,67993,0
910,52547,23797,0
911,44919,3903,0
912,28921,23194,0
913,39229,64803,0
914,25684,8717,0
915,12372,14596,0
916,65134,45777,0
917,24291,61307,0
918,60188,14169,0
919,67963,29046,0
920,56801,20570,0
921,56396,57127,0
922,58842,8345,0
923,8047,18624,0
924,66976,64788,0
925,3798,13053,0
926,18247,43853,0
927,2583,36825,0
928,65697,68007,0
929,3022,10565,0
930,33736,48753,0
931,25223,2319,0
932,19548,10236,0
933,50867,61597,0
934,51670,39688,0
935,54595,66616,0
936,42591,35120,0
937,29959,29536,0
938,54543,18843,0
939,60072,65605,0
940,14505,67754,0
941,60493,32333,0
942,54927,56655,0
943,47504,57805,0
944,40363,20019,0
945,46942,7653,0
946,34012,147,0
947,32274,57021,0
948,28402,41228,0
949,36120,18357,0
950,58424,58033,0
951,46428,6441,0
952,31736,8332,0
953,41902,41938,0
954,2059,58584,0
955,47706,47679,0
956,13534,28047,0
957,12148,52006,0
958,5625,47605,0
959,16842,46467,0
960,15636,51338,0
961,42193,44100,0
962,9614,12779,0
963,53379,41578,0
964,34687,4641,0
965,39597,42378,0
966,24145,58631,0
967,27750,59865,0
968,64237,9834,0
969,23817,64292,0
970,52870,41075,0
971,6650,20342,0
972,3055,67660,0
973,35731,38840,0
974,12003,9021,0
975,51112,56261,0
976,28332,20629,0
977,5091,15820,0
978,12362,6461,0
979,30778,28140,0
980,49880,11698,0
981,45166,24016,0
982,23925,36138,0
983,45474,34840,0
984,67615,41511,0
985,40758,12514,0
986,37306,13341,0
987,22551,23308,0
988,13783,3627,0
989,53400,16531,0
990,13827,37352,0
991,55855,34541,0
992,3794,29886,0
993,32671,42850,0
994,59044,21782,0
995,23168,8732,0
996,16606,18562,0
997,45041,65784,0
998,18310,11369,0
999,28678,43813,0
1000,45660,18763,0
1001,2876,18601,0
1002,29255,63637,0
1003,4425,32173,0
1004,17548,23174,0
1005,32470,34651,0
1006,31609,41910,0
1007,17446,36709,0
1008,56808,18299,0
1009,10962,19294,0
1010,27038,35237,0
1011,59245,4601,0
1012,12316,6549,0
1013,42853,50593,0
1014,46824,43692,0
1015,26726,57769,0
1016,65805,61843,0
1017,5258,47336,0
1018,12850,62336,0
1019,21219,44795,0
1020,35395,46316,0
1021,37343,50941,0
1022,63743,33955,0
1023,51038,1375,0
1024,36251,35051,0
1025,13546,68194,0
1026,68215,22168,0
1027,25762,45280,0
1028,8414,51096,0
1029,66791,52338,0
1030,59616,5167,0
1031,22634,32603,0
1032,44789,6316,0
1033,38064,23821,0
1034,28282,62753,0
1035,67841,17131,0
1036,49856,13942,0
1037,2469,12955,0
1038,10482,26606,0
1039,26851,61517,0
1040,65235,7341,0
1041,60167,46429,0
1042,57956,54010,0
1043,26833,30365,0
1044,23633,953,0
1045,42358,65606,0
1046,33351,961,0
1047,24732,49949,0
1048,30918,41500,0
1049,54034,67855,0
1050,26361,68378,0
1051,66274,32031,0
1052,25176,12920,0
1053,2656,38135,0
1054,20476,55491,0
1055,24733,60668,0
1056,66034,42484,0
1057,28591,10765,0
1058,3675,49869,0
1059,36230,46839,0
1060,33280,49453,0
1061,32044,48123,0
1062,68119,35400,0
1063,19161,7435,0
1064,67938,35756,0
1065,60774,3218,0
1066,24629,49987,0
1067,38507,48960,0
1068,14699,33543,0
1069,65557,45358,0
1070,53481,5699,0
1071,9085,37058,0
1072,760,32502,0
1073,57212,12248,0
1074,45710,56968,0
1075,10584,64320,0
1076,33729,29706,0
1077,22461,30854,0
1078,9980,3806,0
1079,21757,44702,0
1080,44515,13913,0
1081,47140,20990,0
1082,10658,34829,0
1083,6461,5311,0
1084,44142,28840,0
1085,51784,57629,0
1086,44006,39292,0
1087,46708,37452,0
1088,49817,11644,0
1089,5185,28572,0
1090,50352,22759,0
1091,26839,41507,0
1092,52177,34820,0
1093,23846,622,0
1094,14750,43064,0
1095,47811,53600,0
1096,19909,49952,0
1097,59726,15221,0
1098,63259,41224,0
1099,28153,48616,0
1100,57787,46623,0
1101,63480,23255,0
1102,16843,18411,0
1103,27013,44865,0
1104,56321,22953,0
1105,61221,59784,0
1106,56290,2626,0
1107,2424,30851,0
1108,24725,56218,0
1109,53083,26263,0
1110,46830,5313,0
1111,40826,58577,0
1112,59296,48300,0
1113,44259,45358,0
1114,53368,22687,0
1115,59084,5001,0
1116,66990,42542,0
1117,64908,12206,0
1118,61376,27434,0
1119,56604,26673,0
1120,49934,24582,0
1121,27952,46975,0
1122,66152,50858,0
1123,34502,60915,0
1124,46162,10180,0
1125,49567,67723,0
1126,6206,37651,0
1127,223,22277,0
1128,8061,44878,0
1129,21377,59910,0
1130,2248,38491,0
1131,53838,6923,0
1132,32506,28537,0
1133,22951,53079,0
1134,46012,34397,0
1135,26375,50463,0
1136,5647,15313,0
1137,335,51828,0
1138,57436,28499,0
1139,58896,60225,0
1140,42636,64788,0
1141,15254,39785,0
1142,22597,7552,0
1143,7118,55784,0
1144,48448,44962,0
1145,8129,19659,0
1146,23769,25257,0
1147,48962,5138,0
1148,52482,43527,0
1149,26799,62082,0
1150,2281,15446,0
1151,52384,18295,0
1152,30790,16019,0
1153,4230,52398,0
1154,41774,42632,0
1155,5535,53588,0
1156,38612,5723,0
1157,47130,16042,0
1158,18296,1005,0
1159,24201,33161,0
1160,57073,15897,0
1161,18496,4451,0
1162,13246,24081,0
1163,4511,50932,0
1164,52896,66466,0
1165,17467,60700,0
1166,52492,42130,0
1167,6429,54792,0
1168,58996,36511,0
1169,5587,48217,0
1170,47716,65965,0
1171,14313,11386,0
1172,27242,66469,0
1173,11270,24198,0
1174,50492,8531,0
1175,18716,43316,0
1176,16417,38293,0
1177,25495,41835,0
1178,17714,50861,0
1179,39231,34393,0
1180,64167,12452,0
1181,32937,58127,0
1182,16439,31409,0
1183,56234,50299,0
1184,49795,30843,0
1185,46987,20507,0
1186,9284,8391,0
1187,3074,24779,0
1188,19361,67948,0
1189,67624,10075,0
1190,55329,18673,0
1191,26359,67442,0
1192,8758,30436,0
1193,39056,35149,0
1194,52833,35136,0
1195,45364,25039,0
1196,2407,23059,0
1197,27325,26738,0
1198,48548,6742,0
1199,49609,32606,0
1200,68,8087,0
1201,44609,30038,0
1202,17363,40463,0
1203,18391,427,0
1204,16201,14648,0
1205,49906,52638,0
1206,57139,67842,0
1207,17409,39247,0
1208,48870,54456,0
1209,11483,9932,0
1210,37302,26707,0
1211,13554,19496,0
1212,45373,55046,0
1213,17442,35008,0
1214,42022,53162,0
1215,64808,21179,0
1216,52770,48835,0
1217,58679,10044,0
1218,50346,32834,0
1219,9387,64021,0
1220,50847,12996,0
1221,65777,10654,0
1222,29767,51042,0
1223,44798,67827,0
1224,11119,9664,0
1225,6851,35774,0
1226,67554,6485,0
1227,7887,35731,0
1228,51593,12988,0
1229,14566,43001,0
1230,54124,13034,0
1231,65744,25417,0
1232,16237,54794,0
1233,17852,45675,0
1234,61679,15416,0
1235,26212,41016,0
1236,25209,48172,0
1237,33335,13631,0
1238,10930,48002,0
1239,24575,66493,0
1240,11427,46495,0
1241,55591,34697,0
1242,21132,35252,0
1243,59753,29278,0
1244,15544,23205,0
1245,58300,50527,0
1246,42009,41430,0
1247,62287,37788,0
1248,59210,52466,0
1249,42066,4420,0
1250,64765,43609,0
1251,51613,38403,0
1252,35418,68266,0
1253,59839,1380,0
1254,33324,26766,0
1255,40334,67423,0
1256,60697,51898,0
1257,62093,19983,0
1258,44455,1083,0
1259,51909,68393,0
1260,52802,10979,0
1261,46939,24445,0
1262,8027,17919,0
1263,57171,4537,0
1264,12194,13358,0
1265,16886,54367,0
1266,12049,48385,0
1267,7839,7485,0
1268,60962,9755,0
1269,26831,60643,0
1270,61612,55522,0
1271,43276,24615,0
1272,13402,29722,0
1273,34038,11456,0
1274,35033,13592,0
1275,33291,8273,0
1276,40229,18171,0
1277,43325,30393,0
1278,56960,41990,0
1279,26115,1429,0
1280,51250,43187,0
1281,40664,32471,0
1282,62781,66747,0
1283,41816,6723,0
1284,10540,476,0
1285,23886,32003,0
1286,26162,64181,0
1287,30213,58090,0
1288,4655,66869,0
1289,55347,43215,0
1290,45631,58478,0
1291,43979,41873,0
1292,366,43656,0
1293,36291,40944,0
1294,29776,57425,0
1295,20662,59385,0
1296,37488,26144,0
1297,5681,11330,0
1298,10471,14535,0
1299,37068,37961,0
1300,10854,611,0
1301,34805,36649,0
1302,56626,47423,0
1303,29541,61532,0
1304,23546,33904,0
1305,52637,42442,0
1306,10672,21807,0
1307,30460,60352,0
1308,33447,66790,0
1309,30455,24993,0
1310,65808,67328,0
1311,40699,19688,0
1312,15943,30037,0
1313,9617,44704,0
1314,41183,19682,0
1315,34179,49344,0
1316,58601,25036,0
1317,3340,35649,0
1318,53533,16944,0
1319,14660,49963,0
1320,43764,37791,0
1321,36098,45499,0
1322,53428,48366,0
1323,27871,53683,0
1324,35372,28034,0
1325,30477,1348,0
1326,23941,56068,0
1327,12898,43025,0
1328,378,11332,0
1329,57948,47008,0
1330,512,60107,0
1331,56274,14438,0
1332,7144,30628,0
1333,9941,35824,0
1334,55314,37932,0
1335,18060,47089,0
1336,45316,65704,0
1337,65404,49733,0
1338,67720,35026,0
1339,61419,35724,0
1340,64534,65349,0
1341,27154,63380,0
1342,63226,60241,0
1343,29540,32920,0
1344,5493,51704,0
1345,22482,40237,0
1346,24606,60535,0
1347,58371,15636,0
1348,29828,62510,0
1349,43434,23558,0
1350,40314,23623,0
1351,46548,57560,0
1352,45982,22140,0
1353,51163,52607,0
1354,10058,4007,0
1355,48945,7106,0
1356,39588,3405,0
1357,2326,38911,0
1358,54135,46235,0
1359,68090,17770,0
1360,41315,67882,0
1361,22982,15924,0
1362,27752,4210,0
1363,67835,55055,0
1364,19954,17624,0
1365,68131,63392,0
1366,46243,37914,0
1367,14481,30138,0
1368,39562,790,0
1369,25016,34154,0
1370,19972,14725,0
1371,20702,35264,0
1372,26332,10400,0
1373,2322,35400,0
1374,10136,16879,0
1375,2789,385,0
1376,62838,12222,0
1377,3764,3796,0
1378,39339,52048,0
1379,16550,23597,0
1380,50445,811,0
1381,32034,7803,0
1382,31772,67660,0
1383,28072,13635,0
1384,27448,63279,0
1385,49376,52353,0
1386,67325,58792,0
1387,8221,62620,0
1388,1507,49251,0
1389,14109,28733,0
1390,47098,18848,0
1391,27549,33501,0
1392,26329,2227,0
1393,35586,64458,0
1394,62581,52997,0
1395,62709,18244,0
1396,18105,19854,0
1397,8867,33862,0
1398,67229,50639,0
1399,13585,58388,0
1400,66741,50433,0
1401,5655,11555,0
1402,3318,10656,0
1403,43100,9959,0
1404,2712,3916,0
1405,56766,53155,0
1406,50684,30930,0
1407,10290,68003,0
1408,61370,31122,0
1409,64427,31599,0
1410,19690,12473,0
1411,64247,64493,0
1412,18971,42735,0
1413,12805,40280,0
1414,25505,53961,0
1415,43640,54123,0
1416,12258,32033,0
1417,56001,23737,0
1418,24355,20227,0
1419,30994,28466,0
1420,5971,34437,0
1421,53544,27434,0
1422,37337,32570,0
1423,41104,54005,0
1424,19182,30293,0
1425,54804,51966,0
1426,49319,60380,0
1427,6691,12158,0
1428,49079,9508,0
1429,61888,7902,0
1430,18091,20438,0
1431,22002,5973,0
1432,42260,14614,0
1433,49752,46245,0
1434,18114,64235,0
1435,44090,9705,0
1436,15236,31899,0
1437,63505,45151,0
1438,13895,19424,0
1439,8146,28156,0
1440,1081,66897,0
1441,4836,2646,0
1442,8982,66919,0
1443,8811,58994,0
1444,14096,20313,0
1445,16820,42350,0
1446,60997,12268,0
1447,33451,7264,0
1448,53817,46114,0
1449,3606,5599,0
1450,9182,6931,0
1451,64426,3078,0
1452,59542,11724,0
1453,47723,28581,0
1454,41329,52314,0
1455,63032,27023,0
1456,6118,6764,0
1457,31966,3837,0
1458,64876,42033,0
1459,15853,11848,0
1460,28940,27500,0
1461,59134,51624,0
1462,22235,50100,0
1463,322,6360,0
1464,61186,38152,0
1465,48276,35272,0
1466,25064,61087,0
1467,56286,35190,0
1468,47826,162,0
1469,51665,8844,0
1470,62959,53729,0
1471,959,46509,0
1472,50642,42506,0
1473,51022,39446,0
1474,24898,25802,0
1475,55560,24470,0
1476,12746,5111,0
1477,26709,39040,0
1478,8243,25987,0
1479,27250,39295,0
1480,27998,11489,0
1481,37740,62787,0
1482,18519,28114,0
1483,26123,48420,0
1484,10883,60894,0
1485,4743,61110,0
1486,39789,15763,0
1487,49037,64643,0
1488,47716,60501,0
1489,26863,28508,0
1490,37935,7165,0
1491,5110,20586,0
1492,22975,58533,0
1493,64828,5410,0
1494,8906,47048,0
1495,59247,63180,0
1496,16646,8660,0
1497,62712,14971,0
1498,24307,44233,0
1499,835,57723,0
1500,52155,25381,0
1501,38517,24209,0
1502,50537,59649,0
1503,16906,7146,0
1504,64859,57613,0
1505,34532,37607,0
1506,32553,7394,0
1507,50459,36911,0
1508,5380,22031,0
1509,13496,10203,0
1510,13064,11539,0
1511,55625,64667,0
1512,1908,58876,0
1513,28673,7869,0
1514,44436,21174,0
1515,58032,49023,0
1516,3316,57093,0
1517,38640,44739,0
1518,18518,36886,0
1519,11486,66153,0
1520,19917,46877,0
1521,46702,18683,0
1522,30261,63240,0
1523,66323,21857,0
1524,12941,65178,0
1525,10413,63906,0
1526,18892,66716,0
1527,17880,13637,0
1528,47375,32426,0
1529,12941,29934,0
1530,61991,23039,0
1531,11035,10047,0
1532,62305,48745,0
1533,54379,50732,0
1534,51903,58805,0
1535,59839,17543,0
1536,40332,30920,0
1537,26378,2128,0
1538,67097,40366,0
1539,26122,49511,0
1540,61872,46322,0
1541,2903,11030,0
1542,35575,12643,0
1543,52245,56085,0
1544,28013,21788,0
1545,56525,22942,0
1546,47733,64967,0
1547,47937,5950,0
1548,60912,25256,0
1549,4039,58631,0
1550,43474,19096,0
1551,33072,55608,0
1552,58559,6615,0
1553,9669,10621,0
1554,61313,721,0
1555,12528,59743,0
1556,42886,63493,0
1557,8430,62306,0
1558,40098,55049,0
1559,25226,64880,0
1560,54318,34628,0
1561,32354,36306,0
1562,39251,53555,0
1563,19197,20345,0
1564,40687,21065,0
1565,53873,21173,0
1566,49555,55981,0
1567,51376,32819,0
1568,46870,65970,0
1569,48338,56866,0
1570,38685,45146,0
1571,32172,1992,0
1572,56547,31172,0
1573,34363,2535,0
1574,698,45617,0
1575,724,47682,0
1576,44011,35516,0
1577,3632,53513,0
1578,19054,41358,0
1579,53310,32281,0
1580,44746,43204,0
1581,47231,3885,0
1582,3296,4229,0
1583,33987,62935,0
1584,54669,20079,0
1585,59503,13110,0
1586,14473,2217,0
1587,23779,649,0
1588,2107,21922,0
1589,28635,3857,0
1590,1906,25138,0
1591,21593,25081,0
1592,14886,33253,0
1593,49662,65017,0
1594,33323,66970,0
1595,16494,52376,0
1596,18062,30341,0
1597,2645,52641,0
1598,16511,6185,0
1599,36718,46094,0
1600,45001,17549,0
1601,19757,63731,0
1602,11694,58631,0
1603,50079,45186,0
1604,23930,53211,0
1605,37461,9526,0
1606,25549,20248,0
1607,65975,61318,0
1608,23805,22146,0
1609,60602,63720,0
1610,2523,57767,0
1611,42915,51887,0
1612,51901,48374,0
1613,34648,31448,0
1614,36642,830,0
1615,18893,61658,0
1616,25330,32181,0
1617,2468,36986,0
1618,18982,29927,0
1619,35686,15290,0
1620,63156,20465,0
1621,64815,36437,0
1622,8178,42506,0
1623,34790,14380,0
1624,37863,20718,0
1625,62639,30492,0
1626,23772,3856,0
1627,19354,32195,0
1628,45982,13986,0
1629,9016,60521,0
1630,54824,25206,0
1631,51721,26778,0
1632,41410,38728,0
1633,36610,62933,0
1634,10791,51087,0
1635,66727,33276,0
1636,58725,13998,0
1637,22633,34680,0
1638,14214,60880,0
1639,54729,62486,0
1640,3079,28926,0
1641,55949,21085,0
1642,22764,28367,0
1643,66308,42185,0
1644,7118,57798,0
1645,27895,11003,0
1646,43601,28005,0
1647,23320,11164,0
1648,25037,58856,0
1649,49710,57337,0
1650,18810,56009,0
1651,61396,23048,0
1652,2655,51506,0
1653,29732,65997,0
1654,51124,39067,0
1655,45906,48814,0
1656,8478,5853,0
1657,17058,51715,0
1658,23398,25975,0
1659,29377,3227,0
1660,48609,62623,0
1661,42038,42158,0
1662,64287,57828,0
1663,52248,63899,0
1664,416,42594,0
1665,41790,46283,0
1666,16024,20640,0
1667,2236,28024,0
1668,52144,57831,0
1669,8969,15274,0
1670,49294,44727,0
1671,33223,52506,0
1672,53459,27857,0
1673,17719,39105,0
1674,39656,46190,0
1675,67180,4312,0
1676,24352,54488,0
1677,65503,21834,0
1678,29920,39000,0
1679,28930,54043,0
1680,12163,1232,0
1681,9372,64484,0
1682,17657,47756,0
1683,47616,56079,0
1684,18861,4770,0
1685,20759,60636,0
1686,53666,39758,0
1687,12240,35740,0
1688,62873,32214,0
1689,64266,21924,0
1690,40311,10704,0
1691,28923,407,0
1692,55458,34101,0
1693,46520,6856,0
1694,41214,65817,0
1695,57634,51279,0
1696,10007,16662,0
1697,61591,14722,0
1698,31760,55762,0
1699,27012,25019,0
1700,28453,50685,0
1701,2190,27610,0
1702,32001,51096,0
1703,1220,3773,0
1704,50735,41421,0
1705,37869,25188,0
1706,59728,64648,0
1707,56408,36056,0
1708,41817,5419,0
1709,50232,8007,0
1710,20474,67207,0
1711,34779,11467,0
1712,7904,8010,0
1713,19914,65559,0
1714,14380,43901,0
1715,64287,58769,0
1716,19386,5615,0
1717,823,62146,0
1718,8271,23316,0
1719,54184,67794,0
1720,8215,125,0
1721,12375,51544,0
1722,6284,50588,0
1723,54106,48555,0
1724,9019,44156,0
1725,64413,48368,0
1726,25554,1776,0
1727,13586,25447,0
1728,51889,55235,0
1729,52160,26260,0
1730,60967,4184,0
1731,59891,28562,0
1732,49646,56340,0
1733,33934,3463,0
1734,28226,49768,0
1735,36708,3099,0
1736,59114,10039,0
1737,36574,61747,0
1738,30644,28823,0
1739,6141,30515,0
1740,61920,37133,0
1741,61810,64610,0
1742,21459,13233,0
1743,22100,24137,0
1744,33971,10873,0
1745,7115,36252,0
1746,55243,41360,0
1747,33832,30619,0
1748,54825,1035,0
1749,34376,23269,0
1750,48667,2901,0
1751,59462,46927,0
1752,31401,29654,0
1753,36338,31191,0
1754,64703,29560,0
1755,3415,19131,0
1756,1210,22412,0
1757,37926,19001,0
1758,21425,36785,0
1759,56408,64248,0
1760,12571,10192,0
1761,42651,63730,0
1762,17345,27926,0
1763,57807,62121,0
1764,2597,27190,0
1765,42188,24091,0
1766,14446,65870,0
1767,36449,15903,0
1768,12086,20288,0
1769,27470,50072,0
1770,22692,59046,0
1771,61616,57469,0
1772,54126,1734,0
1773,32975,31981,0
1774,7063,50296,0
1775,25049,32593,0
1776,64152,21023,0
1777,51407,61413,0
1778,65779,67975,0
1779,57114,13998,0
1780,35526,67672,0
1781,57511,65179,0
1782,17965,3330,0
1783,55374,49030,0
1784,27194,2758,0
1785,54132,20349,0
1786,53991,17388,0
1787,14496,26410,0
1788,65080,41254,0
1789,17755,152,0
1790,31346,52529,0
1791,65834,33660,0
1792,62360,59898,0
1793,36838,36651,0
1794,54259,37739,0
1795,34514,53497,0
1796,47354,20832,0
1797,6442,67002,0
1798,15313,17067,0
1799,44621,47772,0
1800,16456,58533,0
1801,11115,6309,0
1802,56307,52356,0
1803,12148,31465,0
1804,11261,47343,0
1805,6976,33209,0
1806,40413,1638,0
1807,43161,10266,0
1808,51993,56762,0
1809,21870,8662,0
1810,37837,22215,0
1811,15250,42006,0
1812,65662,16269,0
1813,11996,68312,0
1814,56699,61818,0
1815,37242,36145,0
1816,54059,339,0
1817,47630,53192,0
1818,57361,37240,0
1819,48864,24027,0
1820,67871,59159,0
1821,6346,8926,0
1822,66531,669,0
1823,18970,31443,0
1824,63467,15000,0
1825,38813,40007,0
1826,16035,10197,0
1827,68115,10535,0
1828,43190,57798,0
1829,20799,63764,0
1830,9036,24731,0
1831,51235,20432,0
1832,26571,50792,0
1833,42739,58557,0
1834,44706,42064,0
1835,37160,19837,0
1836,35543,17576,0
1837,14216,38313,0
1838,30941,59656,0
1839,55964,43975,0
1840,18933,33320,0
1841,37862,28121,0
1842,19593,4084,0
1843,63433,4766,0
1844,19346,14953,0
1845,7847,6047,0
1846,24959,46991,0
1847,2864,22812,0
1848,3643,10007,0
1849,45281,6791,0
1850,61909,60106,0
1851,45304,54846,0
1852,24977,7049,0
1853,17313,3487,0
1854,13631,9050,0
1855,20926,31422,0
1856,40088,43141,0
1857,6271,20238,0
1858,30410,61379,0
1859,19827,18305,0
1860,25291,56232,0
1861,44789,55168,0
1862,36407,19668,0
1863,1102,58848,0
1864,64762,13855,0
1865,52302,60193,0
1866,45042,8411,0
1867,30244,17716,0
1868,43618,17962,0
1869,66187,17638,0
1870,6925,41167,0
1871,16615,28462,0
1872,20329,41722,0
1873,22185,7460,0
1874,19120,53704,0
1875,3774,4416,0
1876,6881,44850,0
1877,18840,46639,0
1878,61572,38260,0
1879,46134,650,0
1880,66678,67179,0
1881,51843,9469,0
1882,18365,63245,0
1883,47457,39391,0
1884,13368,64733,0
1885,11378,34421,0
1886,53779,44962,0
1887,27185,25842,0
1888,20693,4705,0
1889,66148,60174,0
1890,59212,27944,0
1891,11582,62626,0
1892,11673,46652,0
1893,33152,10777,0
1894,42002,6815,0
1895,59717,34731,0
1896,30624,57431,0
1897,508,58803,0
1898,26782,68340,0
1899,8390,63509,0
1900,29400,67277,0
1901,67817,51966,0
1902,36517,5539,0
1903,20294,61885,0
1904,19879,50457,0
1905,23215,60918,0
1906,3134,22505,0
1907,35036,22243,0
1908,43740,30497,0
1909,21534,42723,0
1910,13916,40618,0
1911,2251,62896,0
1912,39297,16467,0
1913,63085,30881,0
1914,25681,38810,0
1915,4866,13410,0
1916,18443,42151,0
1917,64638,60709,0
1918,60723,47633,0
1919,50493,56516,0
1920,461,66140,0
1921,39326,8700,0
1922,45032,43193,0
1923,43638,3364,0
1924,48438,47182,0
1925,49177,56214,0
1926,7957,17322,0
1927,8847,14355,0
1928,1417,47276,0
1929,49185,1847,0
1930,4710,42324,0
1931,62463,52501,0
1932,3594,50295,0
1933,37185,57959,0
1934,68344,32457,0
1935,33974,24296,0
1936,9890,1925,0
1937,59474,55612,0
1938,56481,46208,0
1939,45020,65057,0
1940,32075,48389,0
1941,37911,40892,0
1942,16906,38874,0
1943,42575,13216,0
1944,19100,52474,0
1945,52326,1188,0
1946,49308,67659,0
1947,21306,54174,0
1948,17974,25131,0
1949,15027,33693,0
1950,58929,66927,0
1951,7047,52904,0
1952,19909,34988,0
1953,35817,57271,0
1954,56521,31624,0
1955,62463,21101,0
1956,58852,11792,0
1957,7593,18028,0
1958,396,24541,0
1959,55013,57623,0
1960,34463,44064,0
1961,4305,38076,0
1962,16373,7519,0
1963,57085,67726,0
1964,31715,10826,0
1965,57941,49476,0
1966,46770,59445,0
1967,31600,22838,0
1968,11764,1013,0
1969,18470,34240,0
1970,65404,64975,0
1971,19619,16732,0
1972,13800,26105,0
1973,369,55506,0
1974,5465,30574,0
1975,26007,16143,0
1976,51533,37972,0
1977,39597,16838,0
1978,5596,4038,0
1979,18211,53329,0
1980,31278,2154,0
1981,42717,3896,0
1982,51672,47129,0
1983,40521,33821,0
1984,30641,60620,0
1985,30682,59324,0
1986,59945,3469,0
1987,28819,67757,0
1988,65312,35242,0
1989,38821,6229,0
1990,2133,44265,0
1991,63821,58321,0
1992,8334,19683,0
1993,53804,20012,0
1994,51858,56659,0
1995,35908,65605,0
1996,20998,55113,0
1997,33503,20573,0
1998,17554,66639,0
1999,42437,63577,0
2000,40023,59179,0
2001,58558,51100,0
2002,33349,34100,0
2003,37380,2579,0
2004,18107,40948,0
2005,9069,26268,0
2006,64767,35962,0
2007,9817,41512,0
2008,27235,15218,0
2009,59860,49574,0
2010,10005,31072,0
2011,50000,42787,0
2012,57325,17135,0
2013,24168,28182,0
2014,62462,18548,0
2015,65233,48534,0
2016,5166,29638,0
2017,23995,28558,0
2018,191,38806,0
2019,1748,47587,0
2020,39651,29638,0
2021,27575,7934,0
2022,47281,30166,0
2023,50130,28807,0
2024,42009,42102,0
2025,2468,17656,0
2026,11885,45886,0
2027,38287,1699,0
2028,65360,3415,0
2029,46438,29754,0
2030,27130,24816,0
2031,61142,14279,0
2032,18786,39701,0
2033,39329,51941,0
2034,21321,8659,0
2035,51810,1726,0
2036,66911,46763,0
2037,22219,42321,0
2038,8849,46829,0
2039,6717,46621,0
2040,49885,9521,0
2041,61389,29520,0
2042,14665,19396,0
2043,3794,5719,0
2044,6563,12468,0
2045,19484,59506,0
2046,14020,27770,0
2047,56373,24345,0
2048,52645,29692,0
2049,17113,39468,0
2050,29540,24940,0
2051,27519,54828,0
2052,2781,15750,0
2053,34196,19076,0
2054,22176,25786,0
2055,40459,18540,0
2056,21280,7739,0
2057,11841,53805,0
2058,42918,10598,0
2059,37184,17556,0
2060,53108,67151,0
2061,36542,1060,0
2062,30753,59717,0
2063,45925,61054,0
2064,2352,20863,0
2065,62910,64259,0
2066,22194,59406,0
2067,20858,62238,0
2068,16074,23712,0
2069,65640,14237,0
2070,34664,25766,0
2071,52039,36123,0
2072,1840,52306,0
2073,5243,39630,0
2074,15627,61934,0
2075,56078,44683,0
2076,40491,67580,0
2077,8310,19232,0
2078,26618,59161,0
2079,26729,2279,0
2080,11662,23198,0
2081,39520,56998,0
2082,6762,60622,0
2083,18573,64235,0
2084,68023,17637,0
2085,28416,25310,0
2086,56690,13591,0
2087,49074,44704,0
2088,28693,41005,0
2089,52981,29808,0
2090,1362,30070,0
2091,48882,47027,0
2092,54813,24080,0
2093,54059,38965,0
2094,2673,7179,0
2095,14393,51106,0
2096,1139,28781,0
2097,26751,63566,0
2098,30073,35625,0
2099,60322,51613,0
2100,62908,39847,0
2101,45091,59430,0
2102,34172,11422,0
2103,26319,57391,0
2104,67843,46495,0
2105,38880,2353,0
2106,63824,18842,0
2107,67873,63303,0
2108,1666,21552,0
2109,32598,20645,0
2110,16634,47840,0
2111,6789,28238,0
2112,53463,21594,0
2113,44679,9828,0
2114,8478,18550,0
2115,22487,11525,0
2116,43645,10701,0
2117,42726,40865,0
2118,55863,17015,0
2119,59837,2286,0
2120,49960,66070,0
2121,50226,45920,0
2122,24500,3945,0
2123,21011,3930,0
2124,6410,21524,0
2125,64908,53548,0
2126,8912,26778,0
2127,33821,47588,0
2128,11295,16347,0
2129,49653,55618,0
2130,49171,6029,0
2131,33188,17032,0
2132,794,12218,0
2133,61890,13492,0
2134,13429,8501,0
2135,1792,47697,0
2136,27378,6958,0
2137,25187,49725,0
2138,67026,977,0
2139,13094,41094,0
2140,24172,21286,0
2141,38033,39872,0
2142,12481,40590,0
2143,37313,26854,0
2144,67399,47781,0
2145,32721,59498,0
2146,43314,17740,0
2147,18850,45088,0
2148,28213,14050,0
2149,20777,9404,0
2150,40511,8627,0
2151,1527,20343,0
2152,14721,44975,0
2153,17045,19887,0
2154,34363,34537,0
2155,34049,22712,0
2156,30304,53979,0
2157,2098,60325,0
2158,22035,13804,0
2159,65129,54642,0
2160,4228,47974,0
2161,41390,28495,0
2162,4485,62816,0
2163,19088,45663,0
2164,11380,3737,0
2165,61078,34531,0
2166,21678,66858,0
2167,59510,44907,0
2168,9002,47036,0
2169,48331,63119,0
2170,17764,25205,0
2171,41159,41561,0
2172,2772,14200,0
2173,17133,32656,0
2174,34812,9167,0
2175,2207,55669,0
2176,14828,15576,0
2177,35260,26588,0
2178,39365,2404,0
2179,12367,14851,0
2180,23212,58496,0
2181,18294,52958,0
2182,40200,29343,0
2183,12385,45180,0
2184,17145,61152,0
2185,47088,45370,0
2186,59499,43242,0
2187,539,11122,0
2188,50641,8150,0
2189,17673,23742,0
2190,33961,36984,0
2191,31996,26502,0
2192,53612,20464,0
2193,21575,20508,0
2194,25039,23692,0
2195,40345,8422,0
2196,25373,10928,0
2197,49440,49487,0
2198,64637,55517,0
2199,65474,10397,0
2200,14906,43524,0
2201,64444,44648,0
2202,52623,66181,0
2203,68225,7277,0
2204,37389,29720,0
2205,37727,50163,0
2206,779,65035,0
2207,9084,43897,0
2208,45884,13442,0
2209,41147,53082,0
2210,42121,37903,0
2211,56434,8626,0
2212,44496,29934,0
2213,33879,37336,0
2214,67636,51892,0
2215,46781,23550,0
2216,52113,44937,0
2217,6522,6007,0
2218,56739,59535,0
2219,831,14656,0
2220,31934,39401,0
2221,45636,68190,0
2222,42650,36427,0
2223,34735,35722,0
2224,22686,42774,0
2225,17977,67251,0
2226,60029,7867,0
2227,45906,35136,0
2228,56891,7360,0
2229,19283,56345,0
2230,28597,27173,0
2231,47380,18667,0
2232,40217,3686,0
2233,4068,67928,0
2234,59134,38822,0
2235,7894,60862,0
2236,66444,10210,0
2237,65189,7121,0
2238,34394,66704,0
2239,16899,61650,0
2240,65593,46019,0
2241,19449,60380,0
2242,20760,33641,0
2243,4460,13631,0
2244,19028,56693,0
2245,14186,23174,0
2246,47090,25949,0
2247,38887,63494,0
2248,14453,1562,0
2249,18037,66671,0
2250,9258,30358,0
2251,16739,22747,0
2252,30802,63223,0
2253,49655,35759,0
2254,15027,1700,0
2255,34057,64545,0
2256,29422,67066,0
2257,63801,14067,0
2258,40397,1337,0
2259,60592,64473,0
2260,13528,9142,0
2261,29441,38350,0
2262,42760,55854,0
2263,50664,35831,0
2264,46414,34978,0
2265,40395,19542,0
2266,13738,11053,0
2267,60344,1062,0
2268,38739,7913,0
2269,51333,14324,0
2270,31527,62934,0
2271,66060,53972,0
2272,16026,50636,0
2273,23682,14666,0
2274,38736,53007,0
2275,21879,11039,0
2276,5600,48453,0
2277,66745,19968,0
2278,40808,31224,0
2279,66995,24741,0
2280,5754,62735,0
2281,43994,1862,0
2282,38674,7867,0
2283,25780,20764,0
2284,32385,28668,0
2285,46471,23285,0
2286,31666,66993,0
2287,21593,29103,0
2288,41312,53674,0
2289,31974,54527,0
2290,39954,28166,0
2291,16730,67965,0
2292,52047,23622,0
2293,8021,48377,0
2294,61200,28205,0
2295,2494,14987,0
2296,36906,24600,0
2297,3803,1633,0
2298,53545,50008,0
2299,21540,53356,0
2300,62495,49369,0
2301,52987,19192,0
2302,58111,56418,0
2303,23649,27812,0
2304,66602,53515,0
2305,28309,37440,0
2306,66978,20293,0
2307,6778,29889,0
2308,50983,16042,0
2309,34805,62962,0
2310,51090,10368,0
2311,13139,49897,0
2312,23836,60574,0
2313,36274,62528,0
2314,68215,64951,0
2315,65747,52879,0
2316,44381,18027,0
2317,23211,49689,0
2318,9992,18350,0
2319,9188,52641,0
2320,34137,60894,0
2321,59038,55062,0
2322,31540,52542,0
2323,11559,22347,0
2324,61440,3499,0
2325,8112,61746,0
2326,65294,26374,0
2327,62672,23436,0
2328,8342,28949,0
2329,37781,23997,0
2330,38022,64310,0
2331,7949,5616,0
2332,3351,28943,0
2333,61616,30687,0
2334,6294,37123,0
2335,3528,57314,0
2336,5124,5105,0
2337,3759,4124,0
2338,32173,62500,0
2339,11085,62402,0
2340,4980,45586,0
2341,52140,58740,0
2342,11596,38505,0
2343,57212,65538,0
2344,45376,632,0
2345,31717,8973,0
2346,50108,7294,0
2347,47849,42318,0
2348,39350,67533,0
2349,40379,61736,0
2350,19275,49889,0
2351,11827,21720,0
2352,48992,32461,0
2353,30392,46013,0
2354,3110,40936,0
2355,13412,25512,0
2356,27279,41354,0
2357,12505,58894,0
2358,35847,55337,0
2359,8129,47754,0
2360,31034,23198,0
2361,46743,28716,0
2362,33026,27054,0
2363,43002,12853,0
2364,31108,29373,0
2365,60401,42783,0
2366,63980,10428,0
2367,59062,53136,0
2368,49269,42946,0
2369,49464,51085,0
2370,44857,35624,0
2371,67307,33328,0
2372,55423,14918,0
2373,6691,55446,0
2374,28749,44425,0
2375,40970,25211,0
2376,57326,60646,0
2377,56288,56756,0
2378,50948,17346,0
2379,41418,33166,0
2380,65254,45658,0
2381,5630,53616,0
2382,36517,65268,0
2383,22446,10616,0
2384,22361,25782,0
2385,10043,33884,0
2386,57434,20018,0
2387,24682,21354,0
2388,50981,17200,0
2389,45357,58106,0
2390,24463,63310,0
2391,7461,56108,0
2392,48161,51815,0
2393,20565,52038,0
2394,22128,59657,0
2395,58045,66422,0
2396,20036,53113,0
2397,22045,65483,0
2398,9549,33439,0
2399,48329,16210,0
2400,54376,10587,0
2401,28484,49682,0
2402,34177,61250,0
2403,32814,35355,0
2404,2347,20969,0
2405,14889,20770,0
2406,18518,14289,0
2407,4457,46661,0
2408,55580,47855,0
2409,30926,36888,0
2410,15097,51352,0
2411,848,28029,0
2412,67392,53937,0
2413,18126,65385,0
2414,58645,60142,0
2415,48476,52799,0
2416,9872,62970,0
2417,17405,52041,0
2418,54034,34721,0
2419,45199,56310,0
2420,28251,40260,0
2421,23365,43328,0
2422,63798,59517,0
2423,25895,18938,0
2424,6728,63119,0
2425,61994,3421,0
2426,39732,32756,0
2427,49808,1798,0
2428,12618,37630,0
2429,7327,15523,0
2430,7425,56172,0
2431,57595,67501,0
2432,51122,34636,0
2433,39455,67547,0
2434,43155,38167,0
2435,11301,34903,0
2436,22361,52870,0
2437,3731,66200,0
2438,62781,50417,0
2439,61862,20164,0
2440,38427,63127,0
2441,62253,57252,0
2442,42924,55639,0
2443,13727,37680,0
2444,24339,15403,0
2445,47596,18459,0
2446,67637,11177,0
2447,42240,22286,0
2448,11907,28008,0
2449,19188,63927,0
2450,57660,23986,0
2451,14134,14378,0
2452,8641,10228,0
2453,25896,1029,0
2454,40935,15548,0
2455,19140,65561,0
2456,64304,59762,0
2457,55265,37958,0
2458,20937,1945,0
2459,65655,64578,0
2460,64438,39230,0
2461,26424,15347,0
2462,7705,43206,0
2463,44556,57791,0
2464,24414,54348,0
2465,34241,2759,0
2466,31610,10070,0
2467,64666,45796,0
2468,25849,39672,0
2469,19950,43156,0
2470,67710,9873,0
2471,38658,7666,0
2472,20274,1531,0
2473,58852,38352,0
2474,46884,10589,0
2475,65058,19953,0
2476,57059,67824,0
2477,4672,48488,0
2478,56814,8986,0
2479,32868,57602,0
2480,10520,42100,0
2481,61576,46411,0
2482,35946,63543,0
2483,59875,29452,0
2484,3050,52361,0
2485,58455,67999,0
2486,58187,59925,0
2487,17832,10077,0
2488,29945,53951,0
2489,30800,21744,0
2490,53389,17395,0
2491,5131,66099,0
2492,55628,4172,0
2493,36095,29648,0
2494,14839,29931,0
2495,65210,53136,0
2496,55218,60158,0
2497,11520,57676,0
2498,37737,14289,0
2499,6960,57454,0
2500,64919,41959,0
2501,12098,25082,0
2502,51997,39981,0
2503,15089,1691,0
2504,30048,3130,0
2505,3284,24187,0
2506,5880,62176,0
2507,61200,46179,0
2508,67252,42918,0
2509,27923,12018,0
2510,61474,5111,0
2511,13171,37431,0
2512,41443,28828,0
2513,20634,46876,0
2514,52630,38442,0
2515,29712,34227,0
2516,18220,14115,0
2517,11802,45567,0
2518,32822,32705,0
2519,20805,40141,0
2520,23869,16203,0
2521,67307,33944,0
2522,22427,59607,0
2523,32353,27714,0
2524,43982,54458,0
2525,54773,41195,0
2526,50802,50938,0
2527,463,43253,0
2528,47901,39179,0
2529,11942,64641,0
2530,32206,55845,0
2531,22784,61131,0
2532,61881,33660,0
2533,36114,23855,0
2534,45353,65704,0
2535,35853,62083,0
2536,68065,63253,0
2537,45510,15365,0
2538,59592,30245,0
2539,15100,36348,0
2540,44923,24533,0
2541,48494,29700,0
2542,59651,61014,0
2543,52589,54955,0
2544,1073,57269,0
2545,39280,8998,0
2546,24457,45527,0
2547,17628,56196,0
2548,6103,34729,0
2549,52308,52270,0
2550,38969,45032,0
2551,55567,62022,0
2552,45212,2709,0
2553,27732,35410,0
2554,33762,50787,0
2555,38659,41854,0
2556,58210,23571,0
2557,55666,8701,0
2558,14132,25063,0
2559,36575,37173,0
2560,13644,57838,0
2561,52631,32641,0
2562,44849,66156,0
2563,17722,12461,0
2564,13200,4296,0
2565,24298,8828,0
2566,10821,23136,0
2567,65564,54698,0
2568,39064,7978,0
2569,51038,42583,0
2570,9188,26901,0
2571,23422,26090,0
2572,55003,15326,0
2573,9391,31501,0
2574,18944,9598,0
2575,38845,14497,0
2576,2190,57309,0
2577,31944,20874,0
2578,33358,66979,0
2579,63289,46909,0
2580,46558,33201,0
2581,5888,8001,0
2582,43886,39618,0
2583,13509,3142,0
2584,4634,18066,0
2585,16358,62657,0
2586,37640,20343,0
2587,56091,8877,0
2588,12371,28428,0
2589,48044,24884,0
2590,14244,14054,0
2591,918,20187,0
2592,56489,18552,0
2593,19002,55678,0
2594,49804,25469,0
2595,11547,56326,0
2596,64884,51011,0
2597,13005,17117,0
2598,25320,44529,0
2599,59665,28633,0
2600,27943,17294,0
2601,32744,20079,0
2602,1844,25532,0
2603,62129,65747,0
2604,26613,30974,0
2605,9332,62289,0
2606,20920,34609,0
2607,24684,5978,0
2608,63587,42898,0
2609,49289,25972,0
2610,56317,30138,0
2611,2243,30715,0
2612,13627,3019,0
2613,18570,42257,0
2614,18440,33013,0
2615,35669,44077,0
2616,23237,8150,0
2617,55486,2771,0
2618,59826,50459,0
2619,39365,1896,0
2620,2811,57554,0
2621,9890,64212,0
2622,607,2467,0
2623,35084,58100,0
2624,13848,31946,0
2625,55326,34031,0
2626,15925,2827,0
2627,66094,45981,0
2628,4784,22324,0
2629,6482,26012,0
2630,20029,31585,0
2631,59935,53926,0
2632,21208,38550,0
2633,61412,42909,0
2634,32160,37627,0
2635,48959,66828,0
2636,44990,51789,0
2637,24646,58165,0
2638,30340,3959,0
2639,35746,4431,0
2640,50866,58304,0
2641,13666,64242,0
2642,50036,47132,0
2643,7303,47781,0
2644,59284,28347,0
2645,46493,29728,0
2646,37509,4190,0
2647,21546,42186,0
2648,30198,12835,0
2649,34730,19251,0
2650,6082,15144,0
2651,57892,51252,0
2652,26857,67542,0
2653,61754,44156,0
2654,6808,59467,0
2655,10570,62188,0
2656,2635,54356,0
2657,63819,61060,0
2658,10381,1267,0
2659,51168,50083,0
2660,31453,49307,0
2661,63766,26278,0
2662,27638,26683,0
2663,22366,11073,0
2664,65529,13493,0
2665,67295,6858,0
2666,14195,48589,0
2667,32549,62225,0
2668,45069,63186,0
2669,16030,62205,0
2670,8112,21285,0
2671,53036,10536,0
2672,37600,43327,0
2673,25537,2660,0
2674,4405,8844,0
2675,47285,40003,0
2676,35348,21936,0
2677,14322,24835,0
2678,47482,6658,0
2679,60867,8060,0
2680,51092,18455,0
2681,66901,19782,0
2682,5801,55895,0
2683,60045,8639,0
2684,35513,60410,0
2685,48349,7975,0
2686,45018,8638,0
2687,13662,56881,0
2688,55945,51770,0
2689,30069,40825,0
2690,44568,48533,0
2691,3689,6425,0
2692,6593,26862,0
2693,58914,67954,0
2694,51359,13003,0
2695,31507,4822,0
2696,42365,20871,0
2697,56986,25086,0
2698,13877,7027,0
2699,12202,18979,0
2700,36470,3114,0
2701,10552,49339,0
2702,52944,36195,0
2703,62798,19290,0
2704,10415,31235,0
2705,64988,43200,0
2706,41296,2599,0
2707,59849,9931,0
2708,43699,48651,0
2709,40745,11404,0
2710,28715,37582,0
2711,33448,38796,0
2712,14840,67418,0
2713,45737,11479,0
2714,59993,38492,0
2715,47341,37897,0
2716,31098,38123,0
2717,40589,8117,0
2718,17573,66423,0
2719,29034,45179,0
2720,9078,30649,0
2721,28824,1440,0
2722,51985,25284,0
2723,58384,13903,0
2724,10595,31587,0
2725,18473,7959,0
2726,66741,4658,0
2727,27077,35378,0
2728,19158,22385,0
2729,48539,58144,0
2730,6522,68336,0
2731,29837,59057,0
2732,65392,45338,0
2733,28264,45554,0
2734,21016,49732,0
2735,35571,31371,0
2736,57249,33758,0
2737,67167,56079,0
2738,22906,2319,0
2739,67288,36171,0
2740,12784,51535,0
2741,35657,50047,0
2742,63729,41261,0
2743,67434,26909,0
2744,3009,40249,0
2745,3596,55707,0
2746,61001,11049,0
2747,3774,52891,0
2748,50406,28452,0
2749,18179,489,0
2750,29928,66156,0
2751,2838,63846,0
2752,22002,378,0
2753,56145,9988,0
2754,8283,14824,0
2755,46944,45399,0
2756,1176,3182,0
2757,54576,62154,0
2758,65294,29733,0
2759,65053,66202,0
2760,34331,9014,0
2761,41469,64411,0
2762,31706,46886,0
2763,3926,66817,0
2764,38612,3357,0
2765,23320,11159,0
2766,4226,35549,0
2767,45919,64682,0
2768,64187,61248,0
2769,13750,57559,0
2770,67127,24232,0
2771,52995,65448,0
2772,38161,26579,0
2773,64030,60597,0
2774,53065,41432,0
2775,10626,39769,0
2776,60527,10591,0
2777,48099,5521,0
2778,64130,63717,0
2779,65288,61053,0
2780,62685,61403,0
2781,54679,57125,0
2782,50897,33042,0
2783,13608,7797,0
2784,38005,43080,0
2785,58047,13654,0
2786,44623,39228,0
2787,60124,18887,0
2788,37732,55092,0
2789,31185,9570,0
2790,47011,61354,0
2791,23261,13864,0
2792,18913,38093,0
2793,15185,23661,0
2794,38949,51125,0
2795,54884,42795,0
2796,39343,35759,0
2797,25781,60513,0
2798,28381,4411,0
2799,55249,7464,0
2800,2307,12284,0
2801,35862,7144,0
2802,56008,25861,0
2803,24621,54681,0
2804,4840,2486,0
2805,145,9327,0
2806,65957,51854,0
2807,13541,12384,0
2808,18937,29060,0
2809,39349,55409,0
2810,34298,48724,0
2811,27564,58215,0
2812,14523,67572,0
2813,43374,49122,0
2814,8897,65804,0
2815,55932,994,0
2816,48777,41711,0
2817,39721,4660,0
2818,52525,398,0
2819,58019,64746,0
2820,30923,18835,0
2821,65939,49900,0
2822,39516,29885,0
2823,1407,60157,0
2824,20543,47635,0
2825,42471,6561,0
2826,27960,45679,0
2827,1143,50472,0
2828,41595,46495,0
2829,22747,55873,0
2830,42121,3354,0
2831,8200,22112,0
2832,50549,52451,0
2833,61945,27792,0
2834,53164,43366,0
2835,65876,24999,0
2836,55859,32824,0
2837,14125,8149,0
2838,44302,59074,0
2839,39935,42017,0
2840,18220,29123,0
2841,16497,65899,0
2842,1290,61520,0
2843,30100,29513,0
2844,42866,10738,0
2845,16497,26617,0
2846,66870,5640,0
2847,9819,51976,0
2848,13279,63565,0
2849,52188,10262,0
2850,14906,12815,0
2851,51590,17179,0
2852,40792,57533,0
2853,24066,34392,0
2854,4142,43966,0
2855,161,7128,0
2856,23200,14339,0
2857,18227,39722,0
2858,24470,26017,0
2859,59381,8477,0
2860,18764,43143,0
2861,59185,58984,0
2862,30282,30792,0
2863,20175,30438,0
2864,20084,6366,0
2865,20177,35751,0
2866,37978,14804,0
2867,4310,27734,0
2868,24880,50220,0
2869,15894,16215,0
2870,57714,49962,0
2871,63168,60143,0
2872,52541,41971,0
2873,50460,56225,0
2874,35715,64803,0
2875,58224,20393,0
2876,11666,8303,0
2877,26203,65007,0
2878,62862,29292,0
2879,2987,52872,0
2880,25040,61388,0
2881,17696,23778,0
2882,9175,32771,0
2883,40718,36678,0
2884,13645,10078,0
2885,31655,53377,0
2886,7767,46487,0
2887,28245,18560,0
2888,36517,27329,0
2889,14638,29495,0
2890,48651,42975,0
2891,31410,28707,0
2892,51316,28725,0
2893,41441,8973,0
2894,21105,37370,0
2895,30436,11913,0
2896,63126,36421,0
2897,942,18437,0
2898,59733,38927,0
2899,63647,67737,0
2900,3698,29308,0
2901,7418,66628,0
2902,30149,34052,0
2903,67646,37970,0
2904,51452,3948,0
2905,49748,29307,0
2906,19426,7803,0
2907,44912,6063,0
2908,6681,58410,0
2909,17975,40507,0
2910,54501,11420,0
2911,19151,6753,0
2912,60649,6807,0
2913,36151,31424,0
2914,41977,31949,0
2915,55197,14560,0
2916,2032,47033,0
2917,48553,49178,0
2918,60788,23616,0
2919,56008,60213,0
2920,49273,27074,0
2921,17666,14024,0
2922,36585,5750,0
2923,11042,10454,0
2924,4570,45094,0
2925,30605,36497,0
2926,16576,60257,0
2927,63054,47381,0
2928,37064,54705,0
2929,67346,20726,0
2930,26977,5968,0
2931,3730,56006,0
2932,63768,66445,0
2933,34699,53260,0
2934,24661,31691,0
2935,58760,60515,0
2936,40630,32411,0
2937,29263,15633,0
2938,28783,58543,0
2939,45816,67564,0
2940,10858,62300,0
2941,36430,30217,0
2942,46822,52656,0
2943,28283,41881,0
2944,25291,21354,0
2945,18489,37653,0
2946,37837,40656,0
2947,21748,28799,0
2948,46309,45278,0
2949,4783,6528,0
2950,47819,36828,0
2951,48044,22907,0
2952,56084,58516,0
2953,48396,66374,0
2954,1251,23136,0
2955,65412,64788,0
2956,4094,38919,0
2957,14068,53714,0
2958,24503,38377,0
2959,66518,3170,0
2960,55112,7341,0
2961,29229,13506,0
2962,7829,549,0
2963,36151,2484,0
2964,22320,17365,0
2965,1124,66655,0
2966,36457,33948,0
2967,41213,67206,0
2968,40961,44498,0
2969,19856,38172,0
2970,49740,45447,0
2971,14990,21737,0
2972,22786,46849,0
2973,17880,12781,0
2974,27952,56998,0
2975,44151,6348,0
2976,66558,13587,0
2977,35397,14437,0
2978,2190,65463,0
2979,3915,1958,0
2980,49819,58585,0
2981,48622,67894,0
2982,24555,51054,0
2983,22453,33098,0
2984,58209,24568,0
2985,56148,5421,0
2986,57725,48334,0
2987,31203,61856,0
2988,68146,59354,0
2989,51052,16522,0
2990,33609,4216,0
2991,39349,30290,0
2992,3923,23091,0
2993,63236,14285,0
2994,23820,11792,0
2995,33882,11198,0
2996,53369,39499,0
2997,22634,41473,0
2998,9058,40771,0
2999,53147,8559,0
3000,33143,38095,0
3001,43201,8972,0
3002,13502,4671,0
3003,44910,22721,0
3004,47812,10202,0
3005,38146,53641,0
3006,35541,60488,0
3007,49376,1627,0
3008,33876,6005,0
3009,47908,43386,0
3010,5837,67520,0
3011,55314,64807,0
3012,47769,38573,0
3013,53448,48650,0
3014,45332,30181,0
3015,34946,40178,0
3016,18634,62278,0
3017,65603,44032,0
3018,20201,57747,0
3019,42644,57442,0
3020,41369,10022,0
3021,38490,49042,0
3022,61310,66020,0
3023,46732,67978,0
3024,43642,22457,0
3025,31479,20893,0
3026,20399,29344,0
3027,38196,17185,0
3028,56987,1752,0
3029,22934,64607,0
3030,19435,58353,0
3031,8645,55351,0
3032,3249,61596,0
3033,8989,29580,0
3034,37671,66428,0
3035,13146,59205,0
3036,22015,43216,0
3037,11102,34427,0
3038,16834,48458,0
3039,9067,17521,0
3040,44729,55104,0
3041,4877,54190,0
3042,30421,8352,0
3043,49167,59889,0
3044,5093,38890,0
3045,3978,65814,0
3046,21133,47784,0
3047,60022,62635,0
3048,6247,21378,0
3049,32340,7449,0
3050,22850,41304,0
3051,56506,39673,0
3052,32872,15977,0
3053,9408,17457,0
3054,46437,31796,0
3055,58393,693,0
3056,49305,32462,0
3057,31088,65349,0
3058,20702,57061,0
3059,29370,52256,0
3060,29096,55829,0
3061,31666,44697,0
3062,6973,56256,0
3063,45491,27504,0
3064,50146,9808,0
3065,64694,28427,0
3066,11111,38836,0
3067,41669,32189,0
3068,59156,42653,0
3069,12782,56847,0
3070,26917,48240,0
3071,9981,60848,0
3072,63028,14781,0
3073,15302,53595,0
3074,41512,51438,0
3075,5148,62557,0
3076,44919,35045,0
3077,19841,17124,0
3078,42974,24200,0
3079,32757,67119,0
3080,59428,23934,0
3081,114,24257,0
3082,18365,35346,0
3083,28103,32990,0
3084,33732,56437,0
3085,61755,2406,0
3086,67015,9226,0
3087,30456,30537,0
3088,68307,41346,0
3089,6214,50018,0
3090,32093,931,0
3091,17109,10854,0
3092,38005,61404,0
3093,31549,11197,0
3094,20270,68009,0
3095,54822,43522,0
3096,17618,68087,0
3097,12784,52141,0
3098,29065,50711,0
3099,48346,16242,0
3100,34692,60427,0
3101,48552,19782,0
3102,25304,22818,0
3103,65393,38715,0
3104,1413,42585,0
3105,19565,64139,0
3106,23248,41116,0
3107,54729,36412,0
3108,61885,32748,0
3109,35356,63996,0
3110,24178,34005,0
3111,3963,45013,0
3112,39547,10851,0
3113,58099,55077,0
3114,66083,36268,0
3115,1501,8678,0
3116,7236,11641,0
3117,47515,61133,0
3118,26300,55656,0
3119,5926,28927,0
3120,18076,25190,0
3121,37217,2648,0
3122,38196,62822,0
3123,13373,14168,0
3124,34709,29584,0
3125,63176,31197,0
3126,21080,25893,0
3127,5615,7260,0
3128,45884,8237,0
3129,52950,54326,0
3130,617,27066,0
3131,53712,39402,0
3132,37300,31986,0
3133,23454,56586,0
3134,24197,17426,0
3135,61402,44993,0
3136,20034,11928,0
3137,41055,4452,0
3138,58497,36503,0
3139,60468,23418,0
3140,61274,38577,0
3141,7205,37041,0
3142,49018,26578,0
3143,56259,63368,0
3144,9516,61594,0
3145,53371,20863,0
3146,14851,43961,0
3147,45423,830,0
3148,34132,19349,0
3149,12850,41172,0
3150,52630,14832,0
3151,55459,15975,0
3152,9257,48281,0
3153,63365,13389,0
3154,48462,14565,0
3155,848,47323,0
3156,60325,28269,0
3157,8881,1437,0
3158,41946,27697,0
3159,32461,15732,0
3160,5946,10795,0
3161,33974,24070,0
3162,23402,49632,0
3163,59371,53048,0
3164,55716,22777,0
3165,67409,61022,0
3166,53357,37653,0
3167,42046,65291,0
3168,50653,58988,0
3169,64405,42964,0
3170,31711,55545,0
3171,46902,5992,0
3172,38930,44448,0
3173,45364,66345,0
3174,13101,36979,0
3175,66904,37454,0
3176,57085,19695,0
3177,45982,28567,0
3178,29009,18478,0
3179,5991,53294,0
3180,28535,3064,0
3181,33355,42750,0
3182,54334,16645,0
3183,45364,13084,0
3184,6118,39164,0
3185,3684,5832,0
3186,43013,47525,0
3187,24803,1019,0
3188,19437,29851,0
3189,15817,48115,0
3190,66757,48830,0
3191,49680,63748,0
3192,6957,37930,0
3193,7202,27979,0
3194,5126,60421,0
3195,54014,43719,0
3196,38379,20092,0
3197,18891,55609,0
3198,3333,18543,0
3199,41836,33306,0
3200,42370,18854,0
3201,56026,45388,0
3202,23028,13836,0
3203,3284,1881,0
3204,60682,40304,0
3205,20050,11479,0
3206,31626,42943,0
3207,49175,65716,0
3208,7287,17889,0
3209,23355,25224,0
3210,56802,54319,0
3211,65950,24424,0
3212,65884,41304,0
3213,39100,24356,0
3214,59300,53392,0
3215,12037,60162,0
3216,21804,30362,0
3217,3174,49051,0
3218,33333,4561,0
3219,3453,57350,0
3220,37584,9392,0
3221,34608,14029,0
3222,6145,13155,0
3223,30253,20580,0
3224,10794,19326,0
3225,18140,19046,0
3226,11049,48027,0
3227,4413,16258,0
3228,60028,20832,0
3229,58731,56997,0
3230,32851,54042,0
3231,62107,48901,0
3232,39828,29698,0
3233,58558,68072,0
3234,19107,8747,0
3235,10511,58140,0
3236,63958,36861,0
3237,52428,28394,0
3238,49319,9597,0
3239,46651,6747,0
3240,40314,67721,0
3241,22747,13654,0
3242,47809,49046,0
3243,21630,15355,0
3244,8211,65088,0
3245,10063,53621,0
3246,59147,67884,0
3247,15271,20661,0
3248,57572,14112,0
3249,5248,61941,0
3250,22878,9154,0
3251,25495,65950,0
3252,17079,8032,0
3253,33583,19541,0
3254,39726,52606,0
3255,26975,5749,0
3256,6182,37479,0
3257,5837,28956,0
3258,44401,47141,0
3259,34497,10644,0
3260,1173,40720,0
3261,58804,11075,0
3262,9691,23923,0
3263,15345,41727,0
3264,8728,55817,0
3265,68313,781,0
3266,8241,66096,0
3267,58145,62429,0
3268,51495,31165,0
3269,60924,23122,0
3270,35991,63546,0
3271,62850,55217,0
3272,25719,57358,0
3273,22000,27640,0
3274,46063,34133,0
3275,35451,31609,0
3276,13353,14662,0
3277,44905,51254,0
3278,50854,31899,0
3279,25313,18207,0
3280,23849,61770,0
3281,57904,36193,0
3282,66531,24713,0
3283,67397,13997,0
3284,52145,23895,0
3285,47519,19176,0
3286,34199,60344,0
3287,38533,22502,0
3288,22909,22932,0
3289,25704,38697,0
3290,51609,35972,0
3291,56948,16332,0
3292,60838,54607,0
3293,48572,23627,0
3294,57363,23171,0
3295,11495,52936,0
3296,12052,67414,0
3297,1648,24167,0
3298,57334,21976,0
3299,20619,16615,0
3300,28899,58548,0
3301,8603,6317,0
3302,64308,22587,0
3303,2667,27527,0
3304,55745,38554,0
3305,37493,9828,0
3306,50213,35285,0
3307,30073,2928,0
3308,27103,25773,0
3309,23991,39981,0
3310,46171,31822,0
3311,6769,66849,0
3312,28708,45472,0
3313,933,17691,0
3314,31799,55172,0
3315,10067,4814,0
3316,49922,42842,0
3317,46466,13748,0
3318,32784,38842,0
3319,1596,28011,0
3320,38690,66091,0
3321,22336,4745,0
3322,8166,67071,0
3323,9743,11896,0
3324,29701,168,0
3325,16834,53908,0
3326,31263,50593,0
3327,43289,63382,0
3328,19087,66120,0
3329,44545,49091,0
3330,52859,16799,0
3331,27161,13370,0
3332,9235,39230,0
3333,59865,58594,0
3334,3297,39968,0
3335,11824,50584,0
3336,2600,52697,0
3337,15992,45872,0
3338,52202,37157,0
3339,6022,36462,0
3340,34993,56064,0
3341,24559,3487,0
3342,15540,34136,0
3343,32805,64497,0
3344,49752,16571,0
3345,22005,67703,0
3346,18863,31077,0
3347,24635,27918,0
3348,44645,58507,0
3349,37758,4921,0
3350,47564,40891,0
3351,43769,22107,0
3352,20524,12867,0
3353,17809,17508,0
3354,3689,33710,0
3355,14161,53447,0
3356,18082,30259,0
3357,13113,5173,0
3358,10889,57799,0
3359,63818,10466,0
3360,18931,48905,0
3361,34747,27022,0
3362,45510,44431,0
3363,53745,47688,0
3364,60288,15949,0
3365,21418,67472,0
3366,36815,31522,0
3367,38281,54911,0
3368,57036,30880,0
3369,58339,32430,0
3370,37577,12114,0
3371,57091,1135,0
3372,32896,13631,0
3373,48882,37369,0
3374,45353,52110,0
3375,41205,63118,0
3376,44760,7844,0
3377,61933,58789,0
3378,37450,9593,0
3379,31096,50149,0
3380,44888,62780,0
3381,3980,14006,0
3382,1810,11361,0
3383,52433,63643,0
3384,51745,5003,0
3385,13496,15777,0
3386,28435,41492,0
3387,22263,877,0
3388,13275,53157,0
3389,45537,55816,0
3390,41992,20044,0
3391,24621,1678,0
3392,53938,8616,0
3393,59081,7724,0
3394,35174,22505,0
3395,36034,49160,0
3396,51044,41405,0
3397,12300,36095,0
3398,22843,31152,0
3399,215,56011,0
3400,17362,42319,0
3401,24145,29058,0
3402,48122,29164,0
3403,61163,21451,0
3404,5089,10635,0
3405,17575,10056,0
3406,10086,26964,0
3407,5433,34667,0
3408,40262,57766,0
3409,30043,54883,0
3410,8177,25319,0
3411,4633,30570,0
3412,8191,36346,0
3413,23096,24884,0
3414,33022,16170,0
3415,49137,57130,0
3416,40246,9593,0
3417,8697,38738,0
3418,64283,24381,0
3419,43997,44693,0
3420,57286,55895,0
3421,17440,14730,0
3422,21204,21993,0
3423,16209,52633,0
3424,2675,8022,0
3425,14432,31054,0
3426,14469,51080,0
3427,5275,43947,0
3428,18615,66989,0
3429,5867,51737,0
3430,22943,25019,0
3431,44480,60542,0
3432,41095,13346,0
3433,32773,35366,0
3434,33280,65108,0
3435,24161,31734,0
3436,19093,39677,0
3437,55827,35279,0
3438,40763,10028,0
3439,32945,61025,0
3440,61364,62249,0
3441,554,48814,0
3442,51431,58845,0
3443,25141,2289,0
3444,28899,3376,0
3445,6010,63948,0
3446,53759,32594,0
3447,6406,2612,0
3448,49013,51080,0
3449,53556,11052,0
3450,56277,12978,0
3451,41483,55446,0
3452,43947,40064,0
3453,7342,16252,0
3454,22304,7297,0
3455,54805,51173,0
3456,20149,61088,0
3457,34903,1488,0
3458,45171,14164,0
3459,6581,52136,0
3460,32047,66599,0
3461,22234,29060,0
3462,27482,22401,0
3463,16255,60828,0
3464,4922,38226,0
3465,34254,4374,0
3466,10998,54443,0
3467,3338,5550,0
3468,16091,34957,0
3469,56525,37857,0
3470,42046,45196,0
3471,18716,19209,0
3472,4338,63314,0
3473,65384,68312,0
3474,59899,49729,0
3475,64002,60037,0
3476,10191,14284,0
3477,52692,41734,0
3478,39659,51190,0
3479,28592,33932,0
3480,21061,64122,0
3481,43670,9188,0
3482,19120,5114,0
3483,39617,41612,0
3484,6162,32231,0
3485,55413,13385,0
3486,11872,47369,0
3487,59295,6900,0
3488,6535,35999,0
3489,48051,5594,0
3490,35357,5368,0
3491,11293,63254,0
3492,24404,52046,0
3493,42567,33227,0
3494,48600,17047,0
3495,8846,40702,0
3496,2874,58702,0
3497,5457,15404,0
3498,20285,25722,0
3499,33999,55417,0
3500,5769,41846,0
3501,54099,23601,0
3502,42456,51712,0
3503,63801,32235,0
3504,52659,28529,0
3505,14579,27428,0
3506,23933,43884,0
3507,40223,53134,0
3508,4147,999,0
3509,31524,37463,0
3510,45363,62675,0
3511,14718,1700,0
3512,4222,47716,0
3513,35996,886,0
3514,7286,42077,0
3515,33840,10256,0
3516,42492,55574,0
3517,63486,36182,0
3518,55894,25441,0
3519,65706,38661,0
3520,28032,10907,0
3521,64421,66260,0
3522,50989,37158,0
3523,59460,4693,0
3524,44135,47651,0
3525,51420,3402,0
3526,62776,31448,0
3527,11726,44274,0
3528,15014,37444,0
3529,1461,17305,0
3530,54992,41446,0
3531,54156,50390,0
3532,27009,65145,0
3533,31705,18508,0
3534,33927,45518,0
3535,6617,42795,0
3536,47832,33050,0
3537,21111,12930,0
3538,684,29053,0
3539,12798,24132,0
3540,41999,63755,0
3541,47398,22721,0
3542,13455,61942,0
3543,63496,13238,0
3544,26210,64584,0
3545,44949,17726,0
3546,43201,48289,0
3547,47234,2754,0
3548,8466,65814,0
3549,38639,38243,0
3550,56029,58080,0
3551,13296,6518,0
3552,45297,360,0
3553,17133,45296,0
3554,63086,66493,0
3555,24319,40657,0
3556,46162,40009,0
3557,26959,39146,0
3558,22217,52536,0
3559,64655,24235,0
3560,65458,60412,0
3561,5588,59972,0
3562,9774,34330,0
3563,19777,65705,0
3564,2101,4707,0
3565,22026,29802,0
3566,61240,16327,0
3567,65083,48210,0
3568,29514,46586,0
3569,29925,40809,0
3570,4260,35303,0
3571,66501,32216,0
3572,6026,50807,0
3573,40738,23826,0
3574,40421,20894,0
3575,50509,12493,0
3576,47865,50866,0
3577,65111,67835,0
3578,56509,28236,0
3579,28443,11603,0
3580,12529,38181,0
3581,23771,63018,0
3582,33949,40327,0
3583,37523,62376,0
3584,37882,36866,0
3585,63869,51672,0
3586,63113,47024,0
3587,53490,28548,0
3588,44231,68174,0
3589,9296,33082,0
3590,64046,64109,0
3591,52245,49276,0
3592,3453,45392,0
3593,38517,32320,0
3594,16383,21684,0
3595,27217,8071,0
3596,34656,45875,0
3597,31558,2598,0
3598,23006,7027,0
3599,56538,9176,0
3600,7926,63645,0
3601,44001,27918,0
3602,40385,26254,0
3603,38652,25055,0
3604,6816,65756,0
3605,51497,11569,0
3606,9702,7653,0
3607,48454,25359,0
3608,14020,63480,0
3609,65734,9426,0
3610,5917,57247,0
3611,57182,1321,0
3612,48314,41121,0
3613,57885,66796,0
3614,4570,26602,0
3615,24371,16580,0
3616,2314,30948,0
3617,11590,17090,0
3618,61433,50787,0
3619,25987,9223,0
3620,15330,34686,0
3621,25729,43409,0
3622,2405,7649,0
3623,48975,46731,0
3624,50060,64349,0
3625,67555,67658,0
3626,15819,46135,0
3627,29575,7844,0
3628,44989,21957,0
3629,37350,25990,0
3630,40698,17297,0
3631,28885,58254,0
3632,9067,12176,0
3633,926,17051,0
3634,26538,61215,0
3635,5436,51847,0
3636,707,57694,0
3637,54656,66313,0
3638,52694,62678,0
3639,21887,2629,0
3640,5367,56832,0
3641,29877,32664,0
3642,4922,27719,0
3643,10308,54799,0
3644,67476,38552,0
3645,25322,30698,0
3646,61672,4520,0
3647,20998,62217,0
3648,425,19622,0
3649,31368,14531,0
3650,19679,7692,0
3651,2795,5634,0
3652,8713,15670,0
3653,22884,52622,0
3654,48457,16655,0
3655,15808,6293,0
3656,65093,25950,0
3657,53935,3006,0
3658,5272,40359,0
3659,57733,39709,0
3660,64629,63109,0
3661,27943,28,0
3662,50290,30552,0
3663,51238,25295,0
3664,19235,32647,0
3665,44174,18039,0
3666,39571,11087,0
3667,27749,63599,0
3668,45720,33415,0
3669,20557,67209,0
3670,7610,50006,0
3671,4656,15986,0
3672,47237,43117,0
3673,44662,47023,0
3674,50523,36568,0
3675,34884,13198,0
3676,12917,4532,0
3677,17694,52880,0
3678,12827,40987,0
3679,20065,50897,0
3680,19945,19501,0
3681,2961,56244,0
3682,32192,52948,0
3683,51947,10888,0
3684,65371,60228,0
3685,11787,16996,0
3686,54622,13260,0
3687,13058,9011,0
3688,22170,33951,0
3689,27891,68316,0
3690,56018,33740,0
3691,51558,55264,0
3692,36506,40936,0
3693,36619,66461,0
3694,64195,34058,0
3695,43195,31186,0
3696,7772,54616,0
3697,17285,8608,0
3698,33868,38424,0
3699,34915,49513,0
3700,34843,6792,0
3701,27883,46207,0
3702,27892,15220,0
3703,40829,61077,0
3704,28921,40549,0
3705,58794,22738,0
3706,39319,16562,0
3707,14657,12106,0
3708,61458,43762,0
3709,19153,62065,0
3710,8407,2742,0
3711,55144,23671,0
3712,52208,63709,0
3713,30858,45670,0
3714,29760,63385,0
3715,63042,60562,0
3716,39702,67670,0
3717,7753,11080,0
3718,835,54510,0
3719,67461,2153,0
3720,58466,40107,0
3721,36305,61212,0
3722,40428,58368,0
3723,12426,46538,0
3724,108,39225,0
3725,11455,33812,0
3726,8664,19265,0
3727,14790,39609,0
3728,52590,7674,0
3729,54662,17894,0
3730,20282,42580,0
3731,53359,17781,0
3732,60852,59169,0
3733,19572,7521,0
3734,39445,27908,0
3735,63171,6540,0
3736,57560,15457,0
3737,22884,63263,0
3738,15805,8829,0
3739,1349,12940,0
3740,1930,23882,0
3741,46238,41015,0
3742,3256,41734,0
3743,3080,19866,0
3744,51751,18815,0
3745,44192,35391,0
3746,53855,33943,0
3747,38880,15914,0
3748,11832,56153,0
3749,58962,12224,0
3750,1009,52022,0
3751,28897,42267,0
3752,13773,909,0
3753,57770,25364,0
3754,61387,31154,0
3755,66807,4792,0
3756,5187,33952,0
3757,61869,39889,0
3758,10103,19364,0
3759,18225,23925,0
3760,28899,23310,0
3761,18146,50311,0
3762,22364,12116,0
3763,19022,23395,0
3764,8453,48804,0
3765,37112,20670,0
3766,58269,62846,0
3767,22847,35244,0
3768,61487,20457,0
3769,26000,67585,0
3770,41111,3458,0
3771,38121,23474,0
3772,64609,30983,0
3773,58528,46900,0
3774,57013,34775,0
3775,31107,5470,0
3776,13608,35027,0
3777,12599,32685,0
3778,34694,50862,0
3779,30198,48731,0
3780,51349,53692,0
3781,56443,67195,0
3782,64043,54437,0
3783,33754,63412,0
3784,52946,14267,0
3785,51278,28167,0
3786,12368,48471,0
3787,65600,42800,0
3788,34258,32319,0
3789,64368,46474,0
3790,5760,54988,0
3791,19803,2459,0
3792,44060,55320,0
3793,66558,5337,0
3794,59647,63882,0
3795,2513,42774,0
3796,36955,33150,0
3797,46290,63044,0
3798,24237,48321,0
3799,49956,54159,0
3800,6681,67236,0
3801,56123,37092,0
3802,11859,29243,0
3803,9068,38360,0
3804,10327,57343,0
3805,26603,5829,0
3806,30436,18345,0
3807,6809,14074,0
3808,49566,68027,0
3809,22463,66570,0
3810,33896,25169,0
3811,49438,8515,0
3812,8758,8239,0
3813,56837,38096,0
3814,9045,61774,0
3815,56856,45198,0
3816,18764,33671,0
3817,28032,19736,0
3818,62890,37787,0
3819,8456,2499,0
3820,33769,962,0
3821,37313,15764,0
3822,17391,54979,0
3823,66804,15488,0
3824,9646,44744,0
3825,61122,64192,0
3826,11047,8745,0
3827,40321,14283,0
3828,25545,37232,0
3829,6073,22775,0
3830,1574,58232,0
3831,8282,30041,0
3832,50892,20496,0
3833,19732,33900,0
3834,45591,59573,0
3835,23001,65668,0
3836,45522,1448,0
3837,52518,66873,0
3838,4719,44406,0
3839,3821,25854,0
3840,11850,38739,0
3841,23275,55710,0
3842,64061,20783,0
3843,1819,66180,0
3844,64654,43393,0
3845,53609,647,0
3846,1522,50428,0
3847,7389,38501,0
3848,20271,51295,0
3849,51328,22863,0
3850,13877,186,0
3851,56135,29087,0
3852,16235,1283,0
3853,29834,15548,0
3854,59412,40300,0
3855,23551,721,0
3856,3411,21075,0
3857,48667,22199,0
3858,42496,30922,0
3859,64799,13648,0
3860,23505,59528,0
3861,36454,44542,0
3862,32232,56191,0
3863,37664,30865,0
3864,37371,31981,0
3865,35010,58538,0
3866,2768,46659,0
3867,62046,4714,0
3868,16195,5719,0
3869,29165,15646,0
3870,13472,24898,0
3871,30506,23988,0
3872,32233,27494,0
3873,51540,59931,0
3874,48519,26579,0
3875,48879,26388,0
3876,4997,53768,0
3877,34191,68049,0
3878,15153,61164,0
3879,15934,23720,0
3880,44839,67744,0
3881,20651,9736,0
3882,21679,39464,0
3883,23928,58229,0
3884,50705,15329,0
3885,34505,4219,0
3886,21229,19919,0
3887,47884,51343,0
3888,22203,2848,0
3889,44076,21413,0
3890,7617,51620,0
3891,63505,39812,0
3892,19027,36989,0
3893,36684,46716,0
3894,22163,17269,0
3895,5598,12190,0
3896,34835,23621,0
3897,37559,33048,0
3898,37168,64182,0
3899,22999,67700,0
3900,54059,20999,0
3901,51023,33087,0
3902,37306,33655,0
3903,23423,42442,0
3904,34066,45993,0
3905,65902,67703,0
3906,47995,18531,0
3907,63664,8661,0
3908,14723,34804,0
3909,64620,62583,0
3910,41728,3777,0
3911,19670,58810,0
3912,4205,42,0
3913,19104,56760,0
3914,58600,66758,0
3915,63015,53820,0
3916,47704,66458,0
3917,17317,44221,0
3918,54501,4645,0
3919,64770,9737,0
3920,29493,3441,0
3921,43125,54029,0
3922,66037,64977,0
3923,63819,48743,0
3924,6204,39955,0
3925,43008,14138,0
3926,3116,46040,0
3927,35225,35764,0
3928,38630,30885,0
3929,2523,11964,0
3930,66792,16084,0
3931,36190,25285,0
3932,55182,22216,0
3933,42561,62601,0
3934,58908,56622,0
3935,44611,45627,0
3936,43232,473,0
3937,26548,53509,0
3938,20582,49419,0
3939,57645,737,0
3940,55803,27626,0
3941,35445,28126,0
3942,49496,55398,0
3943,58914,12924,0
3944,39974,57111,0
3945,5823,68311,0
3946,31943,60538,0
3947,50583,40749,0
3948,7448,45855,0
3949,62226,7466,0
3950,51163,32646,0
3951,848,57583,0
3952,65808,45645,0
3953,67447,45640,0
3954,23490,43991,0
3955,52007,48952,0
3956,20192,53070,0
3957,40345,4237,0
3958,26312,66371,0
3959,25125,34414,0
3960,34744,49370,0
3961,33068,19952,0
3962,65202,41644,0
3963,26609,53817,0
3964,6329,3483,0
3965,47198,25205,0
3966,37697,16577,0
3967,25805,25630,0
3968,14658,35230,0
3969,67397,29437,0
3970,53322,59181,0
3971,61868,15898,0
3972,4855,8406,0
3973,2281,19327,0
3974,6750,45645,0
3975,26399,10532,0
3976,26845,32731,0
3977,49491,15647,0
3978,16970,40127,0
3979,8112,4663,0
3980,9923,21083,0
3981,21624,47507,0
3982,22565,27594,0
3983,67965,9153,0
3984,19756,891,0
3985,38718,6519,0
3986,22238,64044,0
3987,56271,32352,0
3988,13470,55963,0
3989,62841,20310,0
3990,65020,37851,0
3991,32414,26421,0
3992,2798,31641,0
3993,46547,50105,0
3994,48095,20187,0
3995,22921,10027,0
3996,26592,16106,0
3997,63785,18529,0
3998,253,33888,0
3999,8465,58349,0
4000,2318,37783,0
4001,63771,16158,0
4002,12982,9641,0
4003,60850,67065,0
4004,15652,41808,0
4005,23498,16401,0
4006,28237,66300,0
4007,13016,556,0
4008,19962,30132,0
4009,1054,55481,0
4010,61280,49719,0
4011,38258,53171,0
4012,55941,42617,0
4013,10,6891,0
4014,40912,51297,0
4015,11613,672,0
4016,5350,50686,0
4017,53676,6432,0
4018,36788,22541,0
4019,35430,23666,0
4020,2065,28420,0
4021,31805,38693,0
4022,48008,46115,0
4023,26212,27219,0
4024,25779,18567,0
4025,9516,28709,0
4026,30757,30482,0
4027,15687,43022,0
4028,2757,56595,0
4029,19441,17131,0
4030,1173,33542,0
4031,49512,40362,0
4032,18440,10948,0
4033,31637,65993,0
4034,45304,62504,0
4035,55741,13185,0
4036,5919,50275,0
4037,64315,55121,0
4038,63499,37648,0
4039,29356,1321,0
4040,40684,379,0
4041,14034,17004,0
4042,2346,59429,0
4043,24687,14785,0
4044,11568,38440,0
4045,58328,7704,0
4046,56313,33839,0
4047,37470,26860,0
4048,7906,44551,0
4049,15409,47387,0
4050,47247,51642,0
4051,28079,40382,0
4052,39764,29729,0
4053,67392,5448,0
4054,37225,59347,0
4055,37844,3850,0
4056,58839,42854,0
4057,67194,61883,0
4058,44404,14808,0
4059,20729,11671,0
4060,61630,45200,0
4061,25896,66591,0
4062,2312,55474,0
4063,286,27287,0
4064,17140,26723,0
4065,58089,11491,0
4066,5728,36226,0
4067,66404,61394,0
4068,16011,34646,0
4069,8147,25260,0
4070,13764,38826,0
4071,29001,56106,0
4072,37132,12149,0
4073,28078,12801,0
4074,50368,28163,0
4075,9342,44924,0
4076,53071,21985,0
4077,32341,40171,0
4078,18229,51989,0
4079,30180,54211,0
4080,18488,20618,0
4081,32864,37678,0
4082,40197,37378,0
4083,63433,5424,0
4084,57394,46539,0
4085,47344,27214,0
4086,44250,33417,0
4087,64227,51232,0
4088,63657,24215,0
4089,24509,16489,0
4090,22460,29816,0
4091,15911,46163,0
4092,23606,33057,0
4093,39317,54957,0
4094,44528,13747,0
4095,66745,28216,0
4096,16486,44784,0
4097,65099,13880,0
4098,18565,49499,0
4099,9941,32980,0
4100,34117,51685,0
4101,7691,28771,0
4102,21945,39571,0
4103,1439,33945,0
4104,6576,62014,0
4105,46150,54512,0
4106,35139,67568,0
4107,65494,53131,0
4108,18404,51686,0
4109,45536,61989,0
4110,46088,32067,0
4111,31127,14425,0
4112,64979,22801,0
4113,50213,64439,0
4114,20237,50020,0
4115,15748,15631,0
4116,22901,20230,0
4117,41969,29582,0
4118,66149,48119,0
4119,61208,55474,0
4120,33169,13596,0
4121,4599,12631,0
4122,34755,18317,0
4123,62166,56292,0
4124,50989,33500,0
4125,22373,21733,0
4126,17169,62764,0
4127,36939,52066,0
4128,26247,22772,0
4129,58732,56711,0
4130,63205,27365,0
4131,10592,59932,0
4132,11415,51365,0
4133,33717,15684,0
4134,61547,21594,0
4135,13885,49999,0
4136,7493,58554,0
4137,14447,45201,0
4138,11450,43424,0
4139,40779,58950,0
4140,60301,19378,0
4141,6101,54940,0
4142,53501,52337,0
4143,13204,65015,0
4144,42469,30508,0
4145,25551,11253,0
4146,30917,49948,0
4147,12572,38927,0
4148,32845,65414,0
4149,66727,56141,0
4150,38972,53710,0
4151,57788,39569,0
4152,8173,36296,0
4153,32636,38510,0
4154,3727,5114,0
4155,54580,6611,0
4156,16936,1118,0
4157,55728,65166,0
4158,3744,18601,0
4159,19888,61038,0
4160,46170,25448,0
4161,11031,6561,0
4162,67365,34793,0
4163,14524,14735,0
4164,64974,37981,0
4165,61805,11226,0
4166,58265,50666,0
4167,47016,63479,0
4168,60142,19982,0
4169,3045,9138,0
4170,16126,57465,0
4171,38035,23427,0
4172,32247,43372,0
4173,60081,33416,0
4174,61094,66195,0
4175,19753,39369,0
4176,28430,63922,0
4177,3882,63016,0
4178,13403,40102,0
4179,40911,12970,0
4180,10875,34326,0
4181,22733,508,0
4182,31490,3097,0
4183,59697,8075,0
4184,28625,59537,0
4185,54994,63574,0
4186,26230,31587,0
4187,31142,7564,0
4188,31273,53616,0
4189,1871,49911,0
4190,3923,4340,0
4191,4471,47230,0
4192,67535,68288,0
4193,20821,18031,0
4194,53643,64413,0
4195,56529,9761,0
4196,45463,64804,0
4197,63917,7153,0
4198,38012,50462,0
4199,7290,38276,0
4200,60744,10968,0
4201,25932,2069,0
4202,41690,67452,0
4203,34091,49067,0
4204,29143,7773,0
4205,6124,32442,0
4206,15482,29528,0
4207,28363,1524,0
4208,53824,61564,0
4209,65300,27021,0
4210,44228,21486,0
4211,17560,6730,0
4212,68115,57998,0
4213,64003,37614,0
4214,67589,39931,0
4215,639,43450,0
4216,30704,42576,0
4217,2930,10359,0
4218,41679,22184,0
4219,44234,20624,0
4220,14468,65680,0
4221,67565,4182,0
4222,10461,24553,0
4223,36631,35046,0
4224,35454,41601,0
4225,24946,20580,0
4226,7014,14145,0
4227,17564,32390,0
4228,29517,54559,0
4229,58650,54634,0
4230,243,7892,0
4231,17074,24539,0
4232,66621,8415,0
4233,33873,39720,0
4234,30459,39775,0
4235,21630,12459,0
4236,8301,64580,0
4237,36376,2627,0
4238,6495,67455,0
4239,23835,10931,0
4240,61973,41964,0
4241,10677,29523,0
4242,18182,21366,0
4243,61681,17918,0
4244,56701,1994,0
4245,28342,32323,0
4246,37363,56711,0
4247,51928,22820,0
4248,20604,46826,0
4249,33681,55999,0
4250,5668,55976,0
4251,438,7449,0
4252,27717,12778,0
4253,46022,36699,0
4254,60093,35913,0
4255,18800,35265,0
4256,9221,41765,0
4257,60134,55966,0
4258,31314,3388,0
4259,27867,11475,0
4260,31033,38465,0
4261,54804,63415,0
4262,68397,2301,0
4263,28749,42287,0
4264,57160,65365,0
4265,64143,50961,0
4266,34863,61604,0
4267,7107,67916,0
4268,39573,11902,0
4269,9322,30480,0
4270,18220,26012,0
4271,63083,50556,0
4272,9739,66216,0
4273,32149,50600,0
4274,59757,1503,0
4275,15835,25091,0
4276,53603,5866,0
4277,53544,66427,0
4278,21678,36275,0
4279,50996,18681,0
4280,60839,1886,0
4281,12015,58554,0
4282,46697,859,0
4283,43740,53959,0
4284,54632,30434,0
4285,31095,5704,0
4286,64426,31631,0
4287,6602,49789,0
4288,4727,20683,0
4289,8158,15252,0
4290,53098,31577,0
4291,16113,31631,0
4292,35619,65478,0
4293,44365,3330,0
4294,66247,5992,0
4295,20888,2997,0
4296,54497,57112,0
4297,21219,50604,0
4298,39852,14673,0
4299,61600,39763,0
4300,17325,63757,0
4301,41623,23656,0
4302,16712,35094,0
4303,37630,45707,0
4304,55837,4501,0
4305,43978,39287,0
4306,30101,62202,0
4307,21074,28502,0
4308,62382,2327,0
4309,9460,32156,0
4310,29698,9356,0
4311,21054,1097,0
4312,7887,27493,0
4313,64628,9865,0
4314,42328,45538,0
4315,25229,30924,0
4316,47072,23786,0
4317,20726,41811,0
4318,67970,31344,0
4319,61289,19411,0
4320,38005,1784,0
4321,53140,16426,0
4322,51662,35529,0
4323,18242,28211,0
4324,57132,7730,0
4325,40677,27526,0
4326,35158,64716,0
4327,60858,67216,0
4328,35404,26444,0
4329,17376,10505,0
4330,24715,22953,0
4331,34353,56591,0
4332,45524,43713,0
4333,34396,42461,0
4334,22384,9770,0
4335,33670,46641,0
4336,43680,7729,0
4337,67544,58266,0
4338,25520,7639,0
4339,43722,62851,0
4340,30512,49407,0
4341,42453,26288,0
4342,47149,13249,0
4343,48432,38763,0
4344,60629,46484,0
4345,4371,19914,0
4346,40816,58311,0
4347,24400,58654,0
4348,47943,28788,0
4349,17362,32655,0
4350,31772,67822,0
4351,3802,21486,0
4352,54390,42928,0
4353,29310,16204,0
4354,28707,54922,0
4355,50322,27715,0
4356,55180,24464,0
4357,61938,6256,0
4358,17593,52849,0
4359,58668,33259,0
4360,16197,63970,0
4361,6874,5123,0
4362,52492,56011,0
4363,4809,23747,0
4364,8798,24318,0
4365,7196,15042,0
4366,26506,17416,0
4367,32962,40894,0
4368,15943,43797,0
4369,61349,15853,0
4370,7802,7513,0
4371,4089,13765,0
4372,48187,29608,0
4373,33753,24101,0
4374,30641,21574,0
4375,29131,30076,0
4376,7784,44608,0
4377,34790,7164,0
4378,25932,244,0
4379,25606,40422,0
4380,10519,15582,0
4381,36481,17935,0
4382,13898,49610,0
4383,41606,41144,0
4384,19295,7161,0
4385,31139,47512,0
4386,15010,57270,0
4387,49644,36573,0
4388,11445,22342,0
4389,41791,38218,0
4390,10139,23919,0
4391,14878,67935,0
4392,31079,4942,0
4393,40919,62688,0
4394,38502,62045,0
4395,44170,36391,0
4396,18113,67880,0
4397,20671,57228,0
4398,40402,45659,0
4399,32116,9495,0
4400,57804,1388,0
4401,32531,30890,0
4402,1297,7535,0
4403,18247,39734,0
4404,13913,20489,0
4405,4258,43450,0
4406,20935,10262,0
4407,18474,1740,0
4408,22165,55285,0
4409,41308,23877,0
4410,23839,62098,0
4411,60069,51080,0
4412,68310,17333,0
4413,10698,5980,0
4414,47884,56301,0
4415,50954,2821,0
4416,22633,25929,0
4417,17025,4223,0
4418,9985,50840,0
4419,14895,1633,0
4420,24648,23416,0
4421,62968,35921,0
4422,39356,25804,0
4423,9308,47014,0
4424,34208,32156,0
4425,9022,7792,0
4426,3975,60876,0
4427,39790,58128,0
4428,64550,66979,0
4429,11331,58004,0
4430,8091,50450,0
4431,59944,12914,0
4432,32937,16213,0
4433,22950,49768,0
4434,20289,19483,0
4435,13035,55254,0
4436,9336,54597,0
4437,51918,54851,0
4438,67746,16017,0
4439,56996,18815,0
4440,66104,3191,0
4441,35332,9848,0
4442,50258,45184,0
4443,45279,36731,0
4444,52816,1197,0
4445,59602,57038,0
4446,30314,13084,0
4447,13846,6834,0
4448,6982,22113,0
4449,43843,47712,0
4450,24087,37447,0
4451,37184,52788,0
4452,38117,35770,0
4453,35084,62183,0
4454,48006,29692,0
4455,5682,60674,0
4456,51622,60636,0
4457,17462,29843,0
4458,5663,2250,0
4459,66060,26983,0
4460,64700,43585,0
4461,50124,34011,0
4462,52909,17643,0
4463,3438,42252,0
4464,6113,22764,0
4465,37427,17240,0
4466,55823,44585,0
4467,10297,39886,0
4468,31571,11147,0
4469,64032,19523,0
4470,22581,65882,0
4471,10667,30513,0
4472,23737,61791,0
4473,122,5581,0
4474,13278,35598,0
4475,2960,47703,0
4476,25612,65224,0
4477,55744,49843,0
4478,59431,51702,0
4479,64195,58151,0
4480,46799,58093,0
4481,60366,8759,0
4482,59245,349,0
4483,14287,17353,0
4484,2046,6637,0
4485,37598,37595,0
4486,29057,40053,0
4487,50167,39127,0
4488,63742,29684,0
4489,49580,1620,0
4490,22943,29001,0
4491,1692,40932,0
4492,18573,8244,0
4493,20325,11642,0
4494,68348,67918,0
4495,49469,43999,0
4496,60369,46675,0
4497,11246,59213,0
4498,50895,51356,0
4499,7944,45788,0
4500,2662,55890,0
4501,39525,13261,0
4502,43192,66378,0
4503,5914,48068,0
4504,8777,37107,0
4505,4167,39061,0
4506,59113,34467,0
4507,53718,19302,0
4508,20784,47733,0
4509,37814,57676,0
4510,52741,13654,0
4511,66478,43426,0
4512,37159,24626,0
4513,33948,19874,0
4514,21154,29357,0
4515,54926,36412,0
4516,10649,48445,0
4517,37600,44712,0
4518,4100,62566,0
4519,32740,59864,0
4520,31660,60300,0
4521,10698,24514,0
4522,62709,9107,0
4523,44171,42207,0
4524,3825,57769,0
4525,47926,13228,0
4526,67342,15990,0
4527,64750,994,0
4528,53342,51382,0
4529,11492,35014,0
4530,64954,30481,0
4531,2075,32699,0
4532,63662,62430,0
4533,562,62819,0
4534,17733,58641,0
4535,16402,35833,0
4536,30538,10785,0
4537,53864,9140,0
4538,20602,38222,0
4539,24266,15310,0
4540,58517,6597,0
4541,46355,66845,0
4542,4428,40110,0
4543,66736,66190,0
4544,32605,27331,0
4545,16887,20181,0
4546,18082,21858,0
4547,46072,27064,0
4548,336,66465,0
4549,3213,2268,0
4550,64393,51299,0
4551,18252,48234,0
4552,53483,17842,0
4553,58689,13590,0
4554,16113,16654,0
4555,5020,3877,0
4556,38773,39435,0
4557,19730,24949,0
4558,55866,57664,0
4559,16272,30693,0
4560,5371,61825,0
4561,51956,10172,0
4562,27146,10562,0
4563,55171,66550,0
4564,48502,66986,0
4565,64899,54373,0
4566,50718,2769,0
4567,6609,52638,0
4568,42068,27953,0
4569,1502,21653,0
4570,31303,9205,0
4571,10590,48574,0
4572,55490,42605,0
4573,488,59645,0
4574,19179,55120,0
4575,65683,6205,0
4576,14556,61560,0
4577,21707,35655,0
4578,47953,46382,0
4579,41277,58598,0
4580,32159,62889,0
4581,65046,48594,0
4582,54428,40371,0
4583,19718,50535,0
4584,25636,38113,0
4585,21654,46550,0
4586,42401,43162,0
4587,46761,22586,0
4588,28064,59496,0
4589,58523,27822,0
4590,39253,67114,0
4591,40394,28852,0
4592,20472,37013,0
4593,41464,46003,0
4594,17869,30278,0
4595,20561,53700,0
4596,18291,25961,0
4597,63602,41633,0
4598,4552,31980,0
4599,40314,54665,0
4600,63166,29321,0
4601,51952,12309,0
4602,49350,24122,0
4603,26628,19734,0
4604,14,43375,0
4605,11286,34078,0
4606,68276,54426,0
4607,51051,37728,0
4608,13189,57560,0
4609,43182,56707,0
4610,2684,47143,0
4611,15734,42695,0
4612,3569,2881,0
4613,39227,41531,0
4614,14857,18637,0
4615,15774,38157,0
4616,39761,19485,0
4617,24623,42080,0
4618,33659,244,0
4619,7234,40230,0
4620,52829,56850,0
4621,8407,43297,0
4622,40457,54303,0
4623,66206,11627,0
4624,53477,740,0
4625,8465,31320,0
4626,65232,24945,0
4627,60407,64574,0
4628,62394,45256,0
4629,34228,42600,0
4630,65499,1263,0
4631,59073,953,0
4632,30976,64772,0
4633,22143,29892,0
4634,50761,42167,0
4635,25950,32356,0
4636,59365,18689,0
4637,41645,53187,0
4638,45021,21715,0
4639,30154,13205,0
4640,8629,52626,0
4641,36256,30338,0
4642,54786,33225,0
4643,43163,18619,0
4644,43272,65146,0
4645,23825,55984,0
4646,61929,44997,0
4647,63909,10609,0
4648,24512,10178,0
4649,26629,30504,0
4650,18061,54054,0
4651,42385,58866,0
4652,46827,5844,0
4653,55787,38275,0
4654,41894,23338,0
4655,24896,20484,0
4656,16128,20293,0
4657,6222,17082,0
4658,67657,1038,0
4659,32251,40693,0
4660,39370,13063,0
4661,25735,67721,0
4662,66152,4475,0
4663,28287,8534,0
4664,17404,47806,0
4665,10947,19722,0
4666,46981,12066,0
4667,11513,68301,0
4668,21448,83,0
4669,56463,58672,0
4670,4939,24526,0
4671,29695,21548,0
4672,37649,12734,0
4673,57195,58509,0
4674,35496,63114,0
4675,6851,3182,0
4676,11551,38387,0
4677,57917,37883,0
4678,14601,27392,0
4679,22644,50738,0
4680,16613,60163,0
4681,17314,59737,0
4682,13653,51897,0
4683,24714,4400,0
4684,11438,50291,0
4685,773,40794,0
4686,34160,40320,0
4687,15487,6526,0
4688,27349,31893,0
4689,3212,35459,0
4690,2797,31272,0
4691,46034,58308,0
4692,9681,33321,0
4693,47601,49137,0
4694,2828,66236,0
4695,13495,58760,0
4696,24114,63722,0
4697,64220,41108,0
4698,48710,27626,0
4699,35508,53487,0
4700,27736,55256,0
4701,38746,44367,0
4702,4330,28623,0
4703,61528,29421,0
4704,45389,23564,0
4705,20701,12282,0
4706,62412,65049,0
4707,35909,66646,0
4708,55664,62949,0
4709,67939,61614,0
4710,66641,29406,0
4711,46519,21479,0
4712,39573,42049,0
4713,46273,35400,0
4714,36958,10882,0
4715,12765,49605,0
4716,19987,50923,0
4717,24366,45763,0
4718,34217,16401,0
4719,65777,62443,0
4720,19657,13949,0
4721,67535,47010,0
4722,39954,27324,0
4723,8821,19972,0
4724,4546,48800,0
4725,49841,35926,0
4726,32673,38439,0
4727,46550,66199,0
4728,16616,38915,0
4729,7802,14945,0
4730,4046,11719,0
4731,56519,15663,0
4732,44222,61829,0
4733,20997,14084,0
4734,8964,4251,0
4735,1602,60808,0
4736,3980,47609,0
4737,68031,3038,0
4738,20960,2813,0
4739,50999,54356,0
4740,51955,17806,0
4741,58088,40244,0
4742,60495,36200,0
4743,27424,63997,0
4744,64676,42552,0
4745,15697,60988,0
4746,55754,37742,0
4747,40287,18806,0
4748,45444,64480,0
4749,62510,10228,0
4750,22215,48281,0
4751,4808,65713,0
4752,26569,60594,0
4753,51913,55586,0
4754,44086,55817,0
4755,32572,50334,0
4756,35700,66407,0
4757,43003,38192,0
4758,12651,12475,0
4759,54475,4381,0
4760,35753,36518,0
4761,60638,48985,0
4762,3906,40251,0
4763,48480,56498,0
4764,58578,5716,0
4765,24312,63015,0
4766,42200,49068,0
4767,42243,47147,0
4768,578,23281,0
4769,56324,66124,0
4770,55973,37499,0
4771,36895,52855,0
4772,59791,35679,0
4773,14635,37594,0
4774,14411,35156,0
4775,4740,43389,0
4776,9015,57676,0
4777,60439,15976,0
4778,6353,21405,0
4779,37746,17688,0
4780,50430,20921,0
4781,7009,54097,0
4782,34142,11458,0
4783,56129,20655,0
4784,26002,55044,0
4785,24400,67478,0
4786,57464,18985,0
4787,18196,9780,0
4788,67993,18915,0
4789,14381,15369,0
4790,24715,31355,0
4791,8765,8013,0
4792,25565,5816,0
4793,42146,6449,0
4794,56583,46925,0
4795,26681,17377,0
4796,7748,62685,0
4797,49696,9149,0
4798,42701,2378,0
4799,26503,26850,0
4800,48592,57105,0
4801,19639,55292,0
4802,53829,49917,0
4803,47320,21809,0
4804,58904,21383,0
4805,59192,23689,0
4806,63766,49633,0
4807,7752,20207,0
4808,24281,32384,0
4809,11761,6492,0
4810,28419,43086,0
4811,40693,50049,0
4812,39263,54050,0
4813,15066,66710,0
4814,28530,252,0
4815,18997,24931,0
4816,5482,62121,0
4817,29476,66675,0
4818,16152,60319,0
4819,13517,5392,0
4820,37836,59751,0
4821,56372,903,0
4822,9610,8136,0
4823,23283,38873,0
4824,38780,46847,0
4825,5189,63110,0
4826,2681,43991,0
4827,3790,58686,0
4828,59316,46341,0
4829,16902,63475,0
4830,67438,19602,0
4831,46741,24368,0
4832,19422,29437,0
4833,18414,12976,0
4834,33079,44320,0
4835,32512,43010,0
4836,33967,64005,0
4837,29418,24931,0
4838,65067,45104,0
4839,51044,50472,0
4840,10199,32115,0
4841,17725,62057,0
4842,9431,29019,0
4843,47311,66944,0
4844,57875,30813,0
4845,65563,17900,0
4846,53164,42063,0
4847,22605,12716,0
4848,22334,48392,0
4849,15396,49567,0
4850,55549,53750,0
4851,60433,37994,0
4852,9991,34587,0
4853,11078,66507,0
4854,59914,46595,0
4855,13144,66746,0
4856,14530,31644,0
4857,18178,25002,0
4858,66272,2804,0
4859,26987,18255,0
4860,29970,11430,0
4861,43590,20937,0
4862,52116,14278,0
4863,15003,57667,0
4864,17546,27849,0
4865,217,58222,0
4866,51310,38774,0
4867,343,25011,0
4868,34099,20415,0
4869,45463,39241,0
4870,1669,29186,0
4871,55840,26526,0
4872,62133,26512,0
4873,672,55412,0
4874,41982,49545,0
4875,64354,5710,0
4876,57972,9655,0
4877,27738,38233,0
4878,14736,61409,0
4879,62821,32600,0
4880,47663,10530,0
4881,54921,38165,0
4882,43273,50808,0
4883,56995,59681,0
4884,30843,46396,0
4885,48515,67864,0
4886,57339,48936,0
4887,58103,57838,0
4888,10123,56190,0
4889,12862,59481,0
4890,26540,22842,0
4891,37657,21131,0
4892,30352,20357,0
4893,18395,65938,0
4894,58269,44841,0
4895,31715,30815,0
4896,17809,38578,0
4897,19912,57053,0
4898,16424,4351,0
4899,37138,22607,0
4900,30236,11229,0
4901,58738,27141,0
4902,52930,34801,0
4903,65705,8158,0
4904,14348,22839,0
4905,29801,8400,0
4906,22377,54551,0
4907,5507,40837,0
4908,27361,62087,0
4909,17605,30439,0
4910,54447,39185,0
4911,23533,5899,0
4912,27142,67618,0
4913,38639,31404,0
4914,27027,10400,0
4915,45346,50302,0
4916,37658,25608,0
4917,39496,15139,0
4918,23445,53694,0
4919,68359,19010,0
4920,35626,24111,0
4921,22285,15238,0
4922,35262,23035,0
4923,58438,16537,0
4924,16640,36942,0
4925,25508,43837,0
4926,43159,23063,0
4927,58393,41803,0
4928,42354,160,0
4929,50773,38576,0
4930,1142,42677,0
4931,57782,34768,0
4932,42923,3641,0
4933,55977,4939,0
4934,58109,39419,0
4935,39645,17336,0
4936,66025,47625,0
4937,10288,29272,0
4938,59510,25921,0
4939,15805,16135,0
4940,41630,8456,0
4941,30657,55760,0
4942,3761,16976,0
4943,38439,67367,0
4944,27798,42060,0
4945,50238,5987,0
4946,23237,30811,0
4947,52930,53226,0
4948,28987,39975,0
4949,1151,56961,0
4950,1951,246,0
4951,6334,31030,0
4952,56689,63745,0
4953,22961,31599,0
4954,33804,4272,0
4955,16005,13845,0
4956,33376,36582,0
4957,13752,10121,0
4958,55378,23243,0
4959,2909,61288,0
4960,66239,43774,0
4961,12951,53034,0
4962,9652,2760,0
4963,48893,30138,0
4964,2468,8240,0
4965,12828,39936,0
4966,49871,43808,0
4967,52128,4455,0
4968,767,27527,0
4969,32643,38383,0
4970,45049,67561,0
4971,10712,51132,0
4972,29735,38044,0
4973,11483,31317,0
4974,60325,26290,0
4975,46421,63329,0
4976,3570,7776,0
4977,8994,36397,0
4978,57317,14465,0
4979,55945,40543,0
4980,12129,49456,0
4981,32702,24248,0
4982,9668,67394,0
4983,40096,9552,0
4984,30984,68311,0
4985,39012,14383,0
4986,12880,57086,0
4987,35033,37189,0
4988,53141,63427,0
4989,43378,7980,0
4990,16482,42482,0
4991,67329,16334,0
4992,52189,33218,0
4993,600,40847,0
4994,51392,45387,0
4995,7315,34247,0
4996,27027,39650,0
4997,53846,48304,0
4998,57002,27175,0
4999,52124,45757,0
5000,42264,50163,0
5001,1297,62243,0
5002,45485,53820,0
5003,52129,18761,0
5004,54826,30654,0
5005,53426,63979,0
5006,3071,52371,0
5007,9928,14139,0
5008,3010,33896,0
5009,33880,63476,0
5010,38019,16303,0
5011,15304,36871,0
5012,2972,19545,0
5013,40691,12026,0
5014,26626,17823,0
5015,40697,49439,0
5016,32904,25143,0
5017,3577,29605,0
5018,38674,17741,0
5019,59532,4774,0
5020,41854,68354,0
5021,45747,62261,0
5022,34171,4873,0
5023,49357,30184,0
5024,27512,14464,0
5025,62849,44773,0
5026,60644,30928,0
5027,62325,48090,0
5028,36113,60607,0
5029,50224,19602,0
5030,27068,12524,0
5031,15065,47181,0
5032,12828,41908,0
5033,51991,41266,0
5034,62618,17634,0
5035,31875,6305,0
5036,31586,52715,0
5037,60448,50805,0
5038,12054,16901,0
5039,26758,16797,0
5040,44311,23265,0
5041,22023,63252,0
5042,19966,68354,0
5043,59408,60688,0
5044,55311,35212,0
5045,10624,34249,0
5046,24853,51511,0
5047,67270,63404,0
5048,48526,66275,0
5049,24488,35655,0
5050,31800,49038,0
5051,4855,65969,0
5052,29907,52936,0
5053,8146,56849,0
5054,37939,21926,0
5055,67678,20661,0
5056,20139,24871,0
5057,14072,421,0
5058,10872,2885,0
5059,32093,51637,0
5060,62495,4433,0
5061,51711,33680,0
5062,51278,13261,0
5063,28375,67348,0
5064,39212,68256,0
5065,33973,53844,0
5066,6206,44399,0
5067,7400,2997,0
5068,66279,65792,0
5069,49000,31122,0
5070,18034,32194,0
5071,62840,58925,0
5072,15083,28090,0
5073,41555,53894,0
5074,3499,10806,0
5075,39103,56929,0
5076,17830,35410,0
5077,8326,12678,0
5078,26479,58029,0
5079,36919,14320,0
5080,21296,39574,0
5081,45044,20633,0
5082,46002,54627,0
5083,61920,31657,0
5084,53459,36507,0
5085,18139,53423,0
5086,28937,50623,0
5087,17173,36654,0
5088,54908,37917,0
5089,51952,48768,0
5090,14056,39375,0
5091,7993,33535,0
5092,40654,21428,0
5093,55298,13342,0
5094,47253,38794,0
5095,44646,26221,0
5096,16433,4387,0
5097,63203,48674,0
5098,13416,65244,0
5099,11051,41937,0
5100,49784,42304,0
5101,36218,11504,0
5102,66441,25425,0
5103,2042,43773,0
5104,65599,50386,0
5105,42631,39096,0
5106,22526,1157,0
5107,14699,6714,0
5108,61584,43862,0
5109,42428,56102,0
5110,12935,15140,0
5111,36355,55074,0
5112,36507,66143,0
5113,28239,16956,0
5114,21519,29202,0
5115,13957,2688,0
5116,2018,38144,0
5117,52424,53753,0
5118,29690,5360,0
5119,55868,20796,0
5120,18381,20435,0
5121,488,2241,0
5122,27683,3206,0
5123,9856,53323,0
5124,61351,9394,0
5125,42331,1424,0
5126,49322,41259,0
5127,63020,26060,0
5128,32034,6447,0
5129,4062,36647,0
5130,53144,27326,0
5131,39991,28021,0
5132,13695,35948,0
5133,67536,53367,0
5134,61160,53381,0
5135,39974,49760,0
5136,18331,30221,0
5137,10662,42928,0
5138,55765,11528,0
5139,44081,4452,0
5140,23372,12427,0
5141,65187,53511,0
5142,21775,38135,0
5143,19830,51701,0
5144,22821,56704,0
5145,7463,34377,0
5146,35254,59902,0
5147,5652,54916,0
5148,47339,48229,0
5149,38038,15799,0
5150,4776,48607,0
5151,62915,8093,0
5152,19192,54464,0
5153,24054,41744,0
5154,61264,34423,0
5155,3423,39744,0
5156,21685,32729,0
5157,13199,7765,0
5158,43581,51075,0
5159,30768,33198,0
5160,56203,275,0
5161,53037,2650,0
5162,41127,16216,0
5163,67682,38562,0
5164,46319,12026,0
5165,13212,36099,0
5166,25227,2371,0
5167,10723,25840,0
5168,51398,8526,0
5169,2630,66022,0
5170,47256,30571,0
5171,36446,61369,0
5172,51933,17881,0
5173,68084,65787,0
5174,35,66128,0
5175,40594,2918,0
5176,39610,68203,0
5177,15090,44614,0
5178,35375,25371,0
5179,29001,62601,0
5180,64725,636,0
5181,67391,26912,0
5182,17806,65009,0
5183,43219,64510,0
5184,27654,7769,0
5185,23420,39091,0
5186,4570,8975,0
5187,54918,49042,0
5188,59300,28610,0
5189,62435,17102,0
5190,28321,5646,0
5191,40909,15722,0
5192,2338,53727,0
5193,24263,46491,0
5194,42886,5843,0
5195,46976,67966,0
5196,37885,17375,0
5197,37742,23596,0
5198,48999,12727,0
5199,10264,44391,0
5200,20609,13860,0
5201,48553,49133,0
5202,37295,4420,0
5203,37750,42855,0
5204,62541,19720,0
5205,58365,41576,0
5206,45744,8672,0
5207,17176,10776,0
5208,2942,46844,0
5209,19151,52836,0
5210,32605,37384,0
5211,61428,18781,0
5212,55685,2674,0
5213,7177,43052,0
5214,36619,65275,0
5215,20050,63628,0
5216,10080,38085,0
5217,38694,28618,0
5218,11924,10980,0
5219,34942,46900,0
5220,54957,66124,0
5221,56400,13969,0
5222,67621,43033,0
5223,34182,7165,0
5224,12722,23582,0
5225,22271,25244,0
5226,11885,45094,0
5227,43795,12066,0
5228,18942,744,0
5229,67034,44537,0
5230,34249,7277,0
5231,36939,8410,0
5232,28409,18135,0
5233,13923,36614,0
5234,15951,42429,0
5235,66156,42312,0
5236,28134,36583,0
5237,47437,21184,0
5238,28059,24767,0
5239,50141,30521,0
5240,58164,26458,0
5241,52627,11781,0
5242,12924,45267,0
5243,19358,58441,0
5244,54664,52611,0
5245,61008,42782,0
5246,39982,44693,0
5247,20886,30780,0
5248,18076,9979,0
5249,1507,31820,0
5250,20602,3809,0
5251,15850,48096,0
5252,38287,103,0
5253,46112,7961,0
5254,271,58185,0
5255,10130,67797,0
5256,57289,8255,0
5257,49743,38941,0
5258,56817,62070,0
5259,3121,38753,0
5260,58293,66778,0
5261,12659,55108,0
5262,8086,47156,0
5263,33024,26897,0
5264,39997,39449,0
5265,9194,12573,0
5266,13179,35856,0
5267,59152,35657,0
5268,27179,23181,0
5269,22100,49701,0
5270,52486,8578,0
5271,20867,28378,0
5272,33778,35620,0
5273,36319,55295,0
5274,31386,47561,0
5275,18387,14675,0
5276,14742,5543,0
5277,11935,37463,0
5278,30719,17868,0
5279,63788,26470,0
5280,58525,38220,0
5281,4224,38316,0
5282,31909,6829,0
5283,63683,1692,0
5284,38639,18677,0
5285,62272,58771,0
5286,60262,34666,0
5287,27446,50632,0
5288,27302,8649,0
5289,28999,33080,0
5290,35843,48969,0
5291,31714,37840,0
5292,58394,7146,0
5293,29384,26249,0
5294,4613,11088,0
5295,6691,16507,0
5296,17845,44343,0
5297,59691,65012,0
5298,66384,6726,0
5299,56407,6439,0
5300,44349,10195,0
5301,35443,7769,0
5302,41302,23894,0
5303,46264,35981,0
5304,26139,28959,0
5305,61017,37942,0
5306,57818,61552,0
5307,46276,1965,0
5308,59280,23666,0
5309,61927,15171,0
5310,56740,41929,0
5311,54459,49418,0
5312,59491,45486,0
5313,38083,62994,0
5314,59830,62711,0
5315,38882,66128,0
5316,30427,18799,0
5317,23492,46322,0
5318,51501,25568,0
5319,5940,39560,0
5320,54562,7120,0
5321,23392,9734,0
5322,6636,41531,0
5323,51122,32401,0
5324,67354,27695,0
5325,14766,5757,0
5326,24161,23588,0
5327,38209,59477,0
5328,47658,68143,0
5329,37223,62071,0
5330,48820,30906,0
5331,40443,49729,0
5332,36832,46744,0
5333,9116,34295,0
5334,63464,17465,0
5335,16440,1495,0
5336,53912,40529,0
5337,15202,53003,0
5338,10746,1198,0
5339,32121,30473,0
5340,31469,5748,0
5341,18240,47854,0
5342,7681,2928,0
5343,20531,51545,0
5344,24379,47012,0
5345,44473,11008,0
5346,22901,32753,0
5347,63292,33184,0
5348,24892,29338,0
5349,57515,20537,0
5350,7306,46101,0
5351,61165,31585,0
5352,39130,10050,0
5353,66487,48847,0
5354,9118,10778,0
5355,27335,18873,0
5356,35320,14537,0
5357,57552,62823,0
5358,24845,3545,0
5359,60295,61734,0
5360,13690,9646,0
5361,9390,31735,0
5362,2153,59130,0
5363,36227,54925,0
5364,2716,47588,0
5365,66394,26060,0
5366,68115,60795,0
5367,37429,7227,0
5368,31045,66039,0
5369,14336,5222,0
5370,7334,31771,0
5371,36832,836,0
5372,48642,22790,0
5373,36376,28835,0
5374,33967,25362,0
5375,41433,61298,0
5376,45933,49917,0
5377,53938,25867,0
5378,37209,54019,0
5379,4971,15820,0
5380,46976,66216,0
5381,16730,39668,0
5382,50764,19312,0
5383,60537,28405,0
5384,38232,24639,0
5385,27589,48239,0
5386,54529,63517,0
5387,33772,46948,0
5388,47927,35711,0
5389,54770,39535,0
5390,67983,25486,0
5391,34687,61848,0
5392,65514,44292,0
5393,59068,41373,0
5394,55686,2546,0
5395,50815,10231,0
5396,7512,68360,0
5397,30984,39707,0
5398,130,28998,0
5399,47450,29234,0
5400,25931,36250,0
5401,31565,6347,0
5402,22564,48096,0
5403,1760,2954,0
5404,40503,49294,0
5405,48294,40512,0
5406,15776,4925,0
5407,53484,63648,0
5408,40941,12204,0
5409,39982,14155,0
5410,4386,11545,0
5411,43370,28730,0
5412,51670,7158,0
5413,16519,22314,0
5414,4931,14121,0
5415,55314,19808,0
5416,20340,48412,0
5417,27569,2933,0
5418,50801,16150,0
5419,16827,32042,0
5420,58435,17960,0
5421,4893,51653,0
5422,8038,4703,0
5423,29098,63964,0
5424,43858,34551,0
5425,38202,3657,0
5426,61089,21869,0
5427,35241,41066,0
5428,23317,63870,0
5429,46125,67878,0
5430,26151,29445,0
5431,25048,56908,0
5432,52464,40291,0
5433,20543,29321,0
5434,43886,27412,0
5435,22516,39953,0
5436,4732,23486,0
5437,17467,8898,0
5438,45498,24072,0
5439,5585,26201,0
5440,21182,28604,0
5441,25373,55638,0
5442,44849,1573,0
5443,66838,28112,0
5444,7939,3565,0
5445,32821,18628,0
5446,34258,54556,0
5447,29297,17964,0
5448,16925,41326,0
5449,2436,9783,0
5450,54509,32337,0
5451,20542,50478,0
5452,18547,55840,0
5453,65730,9350,0
5454,15643,36381,0
5455,8735,37298,0
5456,50601,64409,0
5457,55807,29025,0
5458,16460,3098,0
5459,37457,61325,0
5460,30446,28172,0
5461,43388,9231,0
5462,16597,5895,0
5463,18712,61775,0
5464,22260,22687,0
5465,2772,28680,0
5466,19842,61685,0
5467,26923,57622,0
5468,41603,66439,0
5469,1046,32415,0
5470,25175,59069,0
5471,42300,56244,0
5472,41230,55683,0
5473,38749,29083,0
5474,45134,45293,0
5475,8017,18033,0
5476,54397,3532,0
5477,36627,31115,0
5478,53650,33294,0
5479,22526,41199,0
5480,25395,57623,0
5481,10490,37608,0
5482,49992,35894,0
5483,62444,36241,0
5484,27971,47740,0
5485,3137,2301,0
5486,59930,37852,0
5487,45583,28115,0
5488,21811,57853,0
5489,62330,11460,0
5490,39927,63141,0
5491,55393,22524,0
5492,12581,28609,0
5493,58057,61295,0
5494,34591,4684,0
5495,6527,50374,0
5496,10547,62019,0
5497,9556,30093,0
5498,46106,59575,0
5499,40139,11900,0
5500,49787,35373,0
5501,56116,4312,0
5502,31530,9124,0
5503,55287,59104,0
5504,47719,23532,0
5505,7334,62707,0
5506,18815,52004,0
5507,23334,17366,0
5508,52717,21610,0
5509,58367,7903,0
5510,18538,66392,0
5511,64773,61451,0
5512,60588,32048,0
5513,18557,68413,0
5514,59623,46043,0
5515,37577,60399,0
5516,4146,39592,0
5517,13941,37505,0
5518,12369,55481,0
5519,13550,27746,0
5520,19715,21920,0
5521,15896,41806,0
5522,26092,11405,0
5523,15668,2135,0
5524,35573,17047,0
5525,53958,4797,0
5526,26603,27342,0
5527,17081,49118,0
5528,14173,25843,0
5529,1591,20486,0
5530,3835,58870,0
5531,65157,10597,0
5532,5407,52649,0
5533,42109,49948,0
5534,12078,63509,0
5535,68394,64357,0
5536,42172,28549,0
5537,58766,31193,0
5538,29436,46210,0
5539,2978,4507,0
5540,62260,11868,0
5541,38144,6104,0
5542,29828,64231,0
5543,56887,62601,0
5544,37725,24444,0
5545,67378,31869,0
5546,49488,9639,0
5547,11490,10883,0
5548,9133,18176,0
5549,28876,14259,0
5550,48287,47186,0
5551,64774,24078,0
5552,31283,57664,0
5553,39842,68167,0
5554,43597,38671,0
5555,48175,56946,0
5556,40444,9460,0
5557,19921,67772,0
5558,3264,51311,0
5559,33255,60976,0
5560,6009,17909,0
5561,5150,36041,0
5562,57219,3300,0
5563,39493,10311,0
5564,21725,17731,0
5565,45053,6907,0
5566,49464,34999,0
5567,7415,56844,0
5568,57566,15440,0
5569,58321,17439,0
5570,63912,11158,0
5571,22506,37487,0
5572,67577,43808,0
5573,14741,29736,0
5574,58896,59990,0
5575,53039,50276,0
5576,19981,27490,0
5577,7872,13277,0
5578,11486,58084,0
5579,38956,60213,0
5580,52965,56271,0
5581,17336,39906,0
5582,55473,30840,0
5583,66953,28980,0
5584,4597,35141,0
5585,7017,14470,0
5586,1723,61456,0
5587,59315,53206,0
5588,18998,19008,0
5589,43986,31576,0
5590,65305,50207,0
5591,56849,14465,0
5592,1059,6640,0
5593,33928,23010,0
5594,6513,61312,0
5595,49518,67492,0
5596,9719,2373,0
5597,43150,56113,0
5598,25075,42234,0
5599,68309,30206,0
5600,55322,50014,0
5601,29666,15674,0
5602,61643,17464,0
5603,14660,21125,0
5604,43716,36412,0
5605,37860,49511,0
5606,6650,61524,0
5607,20050,55559,0
5608,2510,68216,0
5609,44171,848,0
5610,55668,39623,0
5611,3520,36730,0
5612,41151,37370,0
5613,58564,6270,0
5614,32801,15353,0
5615,44586,15257,0
5616,42300,68357,0
5617,57655,38680,0
5618,21563,810,0
5619,16951,63895,0
5620,23304,65248,0
5621,38340,53516,0
5622,37588,31264,0
5623,19539,6616,0
5624,27248,61517,0
5625,26833,26460,0
5626,44609,41149,0
5627,5119,49227,0
5628,64625,64618,0
5629,56145,23529,0
5630,27185,52632,0
5631,38011,55781,0
5632,27488,46756,0
5633,65405,44023,0
5634,33135,59269,0
5635,17276,66762,0
5636,55972,27224,0
5637,67873,4762,0
5638,52421,34372,0
5639,32493,37713,0
5640,52448,24378,0
5641,1938,48755,0
5642,29850,63260,0
5643,6550,53569,0
5644,62923,43546,0
5645,18934,29033,0
5646,20226,20761,0
5647,68348,11134,0
5648,43661,10003,0
5649,25678,10277,0
5650,49502,24181,0
5651,59875,58358,0
5652,27244,18289,0
5653,1084,53475,0
5654,65632,11165,0
5655,49854,66207,0
5656,62743,50489,0
5657,66272,62797,0
5658,50916,49858,0
5659,28978,31341,0
5660,65013,31762,0
5661,4218,33156,0
5662,61924,58142,0
5663,25530,10535,0
5664,14769,18131,0
5665,38484,49961,0
5666,57166,66125,0
5667,53411,36622,0
5668,62821,33326,0
5669,40332,49642,0
5670,54610,66234,0
5671,64988,13884,0
5672,7455,67066,0
5673,22463,66492,0
5674,3449,54228,0
5675,68010,26854,0
5676,14886,6722,0
5677,66433,8653,0
5678,8905,26227,0
5679,60252,67348,0
5680,57888,50738,0
5681,36392,11365,0
5682,67305,27306,0
5683,48796,47328,0
5684,39983,17369,0
5685,6574,21493,0
5686,52316,61848,0
5687,46504,15751,0
5688,47045,40720,0
5689,63533,25100,0
5690,60953,34065,0
5691,18992,56619,0
5692,48624,34906,0
5693,34653,58372,0
5694,44528,22156,0
5695,23688,35736,0
5696,61349,34408,0
5697,23839,65469,0
5698,53490,1121,0
5699,67227,7642,0
5700,47707,14154,0
5701,20695,33101,0
5702,42431,7388,0
5703,39896,18185,0
5704,12325,30067,0
5705,55838,14465,0
5706,24875,37313,0
5707,4208,6724,0
5708,15962,64113,0
5709,53080,51488,0
5710,2832,43885,0
5711,27126,25452,0
5712,39777,30513,0
5713,14030,33397,0
5714,43869,63917,0
5715,53301,46888,0
5716,29231,2083,0
5717,55838,64875,0
5718,29411,31220,0
5719,59634,9895,0
5720,4885,67518,0
5721,17144,20311,0
5722,59270,54874,0
5723,54275,60546,0
5724,16619,41223,0
5725,6956,17475,0
5726,57908,9743,0
5727,59521,48220,0
5728,65726,26114,0
5729,34592,16419,0
5730,61064,6926,0
5731,50407,49315,0
5732,4741,39637,0
5733,11520,9544,0
5734,35955,29961,0
5735,66090,42583,0
5736,4893,14594,0
5737,27789,11428,0
5738,13593,5538,0
5739,8188,35465,0
5740,41841,12934,0
5741,8599,55933,0
5742,22492,61875,0
5743,53709,50632,0
5744,44185,4314,0
5745,31702,53365,0
5746,20275,32678,0
5747,53226,2983,0
5748,8405,32902,0
5749,32907,34657,0
5750,7368,43835,0
5751,1143,66120,0
5752,11908,61445,0
5753,35839,3546,0
5754,42712,17186,0
5755,64391,35457,0
5756,61290,48335,0
5757,68418,59944,0
5758,15997,54217,0
5759,16988,12231,0
5760,46274,3241,0
5761,62166,24833,0
5762,19208,6359,0
5763,59106,6172,0
5764,52332,22614,0
5765,57506,59973,0
5766,7705,2112,0
5767,37024,39593,0
5768,2396,47204,0
5769,4109,57518,0
5770,51463,44425,0
5771,48255,23683,0
5772,12747,12674,0
5773,9265,63558,0
5774,7790,18992,0
5775,35114,37249,0
5776,13813,34498,0
5777,3447,28523,0
5778,47191,12968,0
5779,26435,882,0
5780,33557,34321,0
5781,17482,53744,0
5782,23282,37213,0
5783,63790,26756,0
5784,42834,49784,0
5785,4087,39879,0
5786,31370,64042,0
5787,2149,14192,0
5788,45065,5990,0
5789,65151,34569,0
5790,61006,48602,0
5791,61041,43296,0
5792,15925,38562,0
5793,57166,3300,0
5794,58255,41558,0
5795,54685,55217,0
5796,60969,6567,0
5797,8147,60147,0
5798,15638,51158,0
5799,24234,62454,0
5800,25776,65781,0
5801,24143,22036,0
5802,22805,68106,0
5803,64294,13808,0
5804,60369,32771,0
5805,64104,11253,0
5806,2655,58921,0
5807,27135,65773,0
5808,50937,33530,0
5809,16955,50429,0
5810,58972,20727,0
5811,23187,58071,0
5812,65843,7462,0
5813,66077,57553,0
5814,54445,30806,0
5815,38156,28030,0
5816,30946,66972,0
5817,50840,6124,0
5818,29948,38576,0
5819,57394,25961,0
5820,4026,45836,0
5821,50874,55109,0
5822,60693,30377,0
5823,15998,58562,0
5824,25249,19949,0
5825,11622,33150,0
5826,64200,41589,0
5827,28759,53555,0
5828,49164,34787,0
5829,68111,8388,0
5830,8214,66026,0
5831,2563,40135,0
5832,26734,22429,0
5833,14356,43808,0
5834,655,64443,0
5835,14322,47956,0
5836,49296,11753,0
5837,62201,6620,0
5838,52988,60220,0
5839,52017,26367,0
5840,4316,24889,0
5841,47341,50610,0
5842,57497,50063,0
5843,23021,22412,0
5844,29236,56157,0
5845,41056,27492,0
5846,31670,9222,0
5847,47138,52337,0
5848,16871,443,0
5849,36635,35743,0
5850,39445,56604,0
5851,51117,68334,0
5852,36961,36934,0
5853,41013,1341,0
5854,43840,25188,0
5855,51154,44292,0
5856,48344,52491,0
5857,11827,34526,0
5858,37377,38834,0
5859,23366,63620,0
5860,26118,30668,0
5861,23307,29365,0
5862,44818,54827,0
5863,8792,43308,0
5864,37224,48675,0
5865,1613,22836,0
5866,23065,46407,0
5867,9084,13669,0
5868,47138,3126,0
5869,11595,32528,0
5870,38199,52107,0
5871,5005,9581,0
5872,23879,59666,0
5873,7887,49449,0
5874,53473,35522,0
5875,45921,53303,0
5876,57317,31202,0
5877,46010,32768,0
5878,57480,26709,0
5879,6709,51579,0
5880,52102,56130,0
5881,43053,4392,0
5882,33171,22034,0
5883,63584,27201,0
5884,12659,62113,0
5885,51868,49391,0
5886,44797,21343,0
5887,64262,46500,0
5888,45194,48400,0
5889,34368,63541,0
5890,619,40943,0
5891,21561,20893,0
5892,35515,44465,0
5893,54927,28772,0
5894,18011,61542,0
5895,26843,48770,0
5896,13745,56064,0
5897,61188,50273,0
5898,63829,34731,0
5899,59926,3336,0
5900,36410,40203,0
5901,32856,2930,0
5902,9699,48668,0
5903,31421,59329,0
5904,15835,62714,0
5905,25531,17824,0
5906,14963,18423,0
5907,68220,11463,0
5908,37051,4532,0
5909,33873,10584,0
5910,16127,9299,0
5911,1021,51084,0
5912,25770,9335,0
5913,39539,62005,0
5914,57256,35750,0
5915,11598,43776,0
5916,28055,2512,0
5917,58990,28045,0
5918,44691,17106,0
5919,11899,26089,0
5920,36369,24401,0
5921,14920,60339,0
5922,34547,693,0
5923,55743,59063,0
5924,62089,2754,0
5925,29772,37292,0
5926,28379,67543,0
5927,33804,25393,0
5928,4503,11380,0
5929,29850,39995,0
5930,5362,12408,0
5931,16730,63022,0
5932,12228,11356,0
5933,9353,9178,0
5934,26851,7533,0
5935,62007,22275,0
5936,20900,6300,0
5937,19002,67046,0
5938,38632,24003,0
5939,43921,5053,0
5940,47303,15551,0
5941,31017,63114,0
5942,64067,43035,0
5943,12306,65014,0
5944,31685,35460,0
5945,47886,21942,0
5946,35752,54875,0
5947,8324,22507,0
5948,44017,31630,0
5949,10071,28354,0
5950,26828,5976,0
5951,14424,24186,0
5952,34711,21461,0
5953,48572,24248,0
5954,38176,31760,0
5955,61679,58146,0
5956,66768,682,0
5957,24295,7879,0
5958,67646,23400,0
5959,1537,22138,0
5960,39699,4116,0
5961,36599,47220,0
5962,1621,68313,0
5963,34809,51846,0
5964,54368,65683,0
5965,32321,29933,0
5966,8631,27392,0
5967,40132,49613,0
5968,34753,6126,0
5969,54033,12825,0
5970,1359,30667,0
5971,35790,6864,0
5972,49617,16555,0
5973,6881,13286,0
5974,47466,12732,0
5975,17711,51664,0
5976,17446,52431,0
5977,45590,3113,0
5978,25517,25576,0
5979,15727,3618,0
5980,40164,36625,0
5981,23806,44560,0
5982,57197,12447,0
5983,991,55449,0
5984,16149,30971,0
5985,44717,47656,0
5986,30591,24146,0
5987,14682,66408,0
5988,28922,26502,0
5989,52555,35724,0
5990,14665,26523,0
5991,10872,41923,0
5992,41077,17501,0
5993,57325,21930,0
5994,1486,14855,0
5995,52378,38804,0
5996,58041,14255,0
5997,47949,39650,0
5998,3943,35463,0
5999,49578,64357,0
6000,19499,42789,0
6001,15410,60647,0
6002,58670,53163,0
6003,28222,50807,0
6004,42951,45858,0
6005,28770,5977,0
6006,44152,30764,0
6007,9660,59510,0
6008,51659,50488,0
6009,62855,7032,0
6010,28496,16351,0
6011,4847,45561,0
6012,66498,40765,0
6013,50705,55914,0
6014,58295,17158,0
6015,25320,221,0
6016,66384,36864,0
6017,9271,31165,0
6018,43270,15007,0
6019,7715,26271,0
6020,67214,17218,0
6021,26734,24956,0
6022,66463,3235,0
6023,42972,52604,0
6024,8434,54757,0
6025,47650,29053,0
6026,48604,43301,0
6027,40557,46723,0
6028,22500,16306,0
6029,67841,6890,0
6030,11764,44336,0
6031,18500,31474,0
6032,55816,5483,0
6033,603,26949,0
6034,37259,50168,0
6035,8824,66546,0
6036,21546,22034,0
6037,31563,36573,0
6038,26788,33006,0
6039,50056,10412,0
6040,64402,7380,0
6041,12633,52032,0
6042,22778,29544,0
6043,65574,42372,0
6044,62449,65274,0
6045,32808,29915,0
6046,42033,47977,0
6047,29181,49882,0
6048,43696,11758,0
6049,19707,65428,0
6050,63193,65377,0
6051,32715,31959,0
6052,62753,52151,0
6053,56077,44907,0
6054,33799,31789,0
6055,43984,32045,0
6056,53355,49347,0
6057,38047,56907,0
6058,13160,22182,0
6059,27887,34963,0
6060,21127,31151,0
6061,63662,62010,0
6062,62836,12843,0
6063,34649,13277,0
6064,18690,38781,0
6065,51613,47873,0
6066,24635,38974,0
6067,14323,45813,0
6068,58951,37784,0
6069,51051,20964,0
6070,3187,981,0
6071,10786,15829,0
6072,4855,12136,0
6073,43288,50273,0
6074,24535,23462,0
6075,956,22222,0
6076,47238,2646,0
6077,29094,13730,0
6078,43180,48306,0
6079,31311,65384,0
6080,29010,33086,0
6081,41739,61462,0
6082,43779,30621,0
6083,68231,65379,0
6084,18565,22685,0
6085,33480,24649,0
6086,59378,53654,0
6087,45106,65121,0
6088,40319,46885,0
6089,30635,57335,0
6090,30583,53874,0
6091,38956,54274,0
6092,6118,18475,0
6093,29981,30389,0
6094,29255,58075,0
6095,32675,53230,0
6096,61503,25073,0
6097,16176,47726,0
6098,1986,48111,0
6099,2639,50855,0
6100,7213,59920,0
6101,21998,38740,0
6102,24348,38993,0
6103,48993,14966,0
6104,8688,29435,0
6105,43566,55843,0
6106,43638,58141,0
6107,50408,67437,0
6108,43276,51951,0
6109,9901,36126,0
6110,15985,45240,0
6111,64145,65328,0
6112,61894,67395,0
6113,59495,23040,0
6114,33035,63535,0
6115,49276,61889,0
6116,40589,2870,0
6117,5682,11172,0
6118,5565,38220,0
6119,58454,12879,0
6120,50696,51894,0
6121,55265,28926,0
6122,57945,51455,0
6123,2166,3952,0
6124,32223,48589,0
6125,37324,10172,0
6126,25963,67997,0
6127,2330,45603,0
6128,43064,22481,0
6129,9794,30758,0
6130,54282,19990,0
6131,56960,60557,0
6132,11104,27756,0
6133,63205,11667,0
6134,2521,3506,0
6135,7471,5548,0
6136,51961,57791,0
6137,53062,53390,0
6138,35953,66379,0
6139,12789,17157,0
6140,63719,29050,0
6141,42293,3899,0
6142,7218,3738,0
6143,18436,5755,0
6144,48314,3489,0
6145,63093,16348,0
6146,67636,16027,0
6147,65083,12176,0
6148,13690,26720,0
6149,33536,43871,0
6150,17974,24022,0
6151,63926,14116,0
6152,42537,7299,0
6153,28358,29782,0
6154,12889,60880,0
6155,50020,16704,0
6156,29127,41349,0
6157,7644,1005,0
6158,24680,58052,0
6159,36676,48543,0
6160,32975,60372,0
6161,7353,43887,0
6162,66063,4894,0
6163,47266,29135,0
6164,6808,44430,0
6165,240,9222,0
6166,51667,15440,0
6167,24834,42911,0
6168,25815,12521,0
6169,31533,9559,0
6170,56074,3805,0
6171,44080,36241,0
6172,61396,23788,0
6173,25467,29096,0
6174,68309,62566,0
6175,44906,6680,0
6176,63983,43572,0
6177,33595,26050,0
6178,1714,41081,0
6179,62648,29359,0
6180,4012,7798,0
6181,31876,65517,0
6182,52077,7350,0
6183,36316,33206,0
6184,2165,64408,0
6185,10945,30289,0
6186,64248,33790,0
6187,11765,103,0
6188,20568,7140,0
6189,7864,8751,0
6190,19094,26585,0
6191,47719,38828,0
6192,57369,17641,0
6193,27305,56933,0
6194,8428,57421,0
6195,29493,2507,0
6196,63647,28531,0
6197,14092,31889,0
6198,21307,1723,0
6199,19219,40056,0
6200,64247,20589,0
6201,55821,48875,0
6202,66674,40115,0
6203,34032,15351,0
6204,58159,5846,0
6205,22223,61174,0
6206,15873,35008,0
6207,44086,47509,0
6208,42994,15478,0
6209,55192,7965,0
6210,3768,41274,0
6211,19147,40928,0
6212,38402,12906,0
6213,19940,5154,0
6214,42675,16570,0
6215,27251,40627,0
6216,32601,11323,0
6217,41927,5017,0
6218,33783,28150,0
6219,65849,24745,0
6220,39741,9946,0
6221,52157,8857,0
6222,44411,44236,0
6223,40901,28932,0
6224,7024,8269,0
6225,62064,32685,0
6226,20642,53494,0
6227,49964,8348,0
6228,30784,57986,0
6229,23442,6895,0
6230,28410,36428,0
6231,46125,46779,0
6232,58049,13193,0
6233,26977,63224,0
6234,3058,1854,0
6235,1667,18486,0
6236,38880,13008,0
6237,44363,9916,0
6238,39350,53562,0
6239,20180,16018,0
6240,26382,3747,0
6241,36120,60220,0
6242,47213,54263,0
6243,61687,60982,0
6244,18401,68414,0
6245,53649,29631,0
6246,65265,19344,0
6247,54135,39291,0
6248,13269,27464,0
6249,17586,24615,0
6250,6355,16100,0
6251,48678,19025,0
6252,1088,26121,0
6253,2098,46494,0
6254,38903,33516,0
6255,49171,22409,0
6256,60212,60535,0
6257,6619,29816,0
6258,57385,24059,0
6259,7018,37773,0
6260,53093,14894,0
6261,529,46693,0
6262,44664,34931,0
6263,10035,44976,0
6264,26788,66652,0
6265,12179,22077,0
6266,66154,8998,0
6267,56074,56800,0
6268,17453,50706,0
6269,46871,48804,0
6270,44207,12400,0
6271,31263,7150,0
6272,14639,30275,0
6273,44179,28275,0
6274,23080,15404,0
6275,10233,16169,0
6276,35658,41680,0
6277,57876,60289,0
6278,4453,47582,0
6279,46983,30846,0
6280,65036,29466,0
6281,55303,18158,0
6282,7686,9321,0
6283,5792,28405,0
6284,59284,59036,0
6285,6102,56287,0
6286,2394,28141,0
6287,4726,27055,0
6288,9446,54056,0
6289,3821,60157,0
6290,10821,22972,0
6291,30243,13667,0
6292,59986,40495,0
6293,11227,35369,0
6294,32944,60658,0
6295,37986,10239,0
6296,20267,28627,0
6297,68138,15666,0
6298,1722,33177,0
6299,29306,32351,0
6300,861,23349,0
6301,46830,49508,0
6302,52591,43591,0
6303,21876,34204,0
6304,50892,45891,0
6305,13947,2970,0
6306,2476,31,0
6307,5130,16384,0
6308,50120,9227,0
6309,14923,36084,0
6310,48070,41251,0
6311,47813,5035,0
6312,44676,28957,0
6313,11598,15610,0
6314,66467,43335,0
6315,37127,62314,0
6316,23523,20001,0
6317,17664,3130,0
6318,24308,54601,0
6319,26276,61311,0
6320,26083,45651,0
6321,62618,24257,0
6322,23240,54218,0
6323,49451,21693,0
6324,5380,54958,0
6325,42753,23937,0
6326,55785,50646,0
6327,47964,7890,0
6328,17720,42879,0
6329,44528,38707,0
6330,18847,62635,0
6331,56547,18551,0
6332,30417,13814,0
6333,56861,2768,0
6334,45269,19230,0
6335,11542,37355,0
6336,52847,25491,0
6337,19691,20553,0
6338,22547,41269,0
6339,55243,5281,0
6340,64655,19448,0
6341,29762,20946,0
6342,64170,16759,0
6343,41106,14414,0
6344,7748,49929,0
6345,15608,30882,0
6346,50833,55401,0
6347,53100,57504,0
6348,49258,57542,0
6349,16575,57405,0
6350,66901,23435,0
6351,37439,47126,0
6352,51160,16585,0
6353,16644,67234,0
6354,55323,64630,0
6355,64498,64652,0
6356,59186,7719,0
6357,61779,43808,0
6358,23038,21001,0
6359,18243,17506,0
6360,65405,56904,0
6361,23745,52550,0
6362,57845,32680,0
6363,10381,55370,0
6364,156,4442,0
6365,44732,8117,0
6366,57289,29610,0
6367,2932,4187,0
6368,42743,34507,0
6369,32151,55303,0
6370,33763,52044,0
6371,4109,68385,0
6372,60072,26090,0
6373,19422,46835,0
6374,59544,53795,0
6375,23170,48289,0
6376,62432,33132,0
6377,18160,4660,0
6378,28625,27068,0
6379,65778,17344,0
6380,5663,55485,0
6381,21511,39938,0
6382,41438,63110,0
6383,2087,41840,0
6384,67181,41647,0
6385,67447,20572,0
6386,21742,48110,0
6387,65895,52729,0
6388,17138,10883,0
6389,62940,9880,0
6390,40614,8420,0
6391,68362,21185,0
6392,8807,949,0
6393,19678,3287,0
6394,40484,63390,0
6395,17816,66627,0
6396,43856,27236,0
6397,56192,6612,0
6398,68062,36109,0
6399,51285,32994,0
6400,51613,55883,0
6401,39212,35830,0
6402,64886,62346,0
6403,40554,63442,0
6404,8884,50144,0
6405,10723,32760,0
6406,62702,29622,0
6407,17239,44095,0
6408,68289,67809,0
6409,52977,26243,0
6410,10391,44675,0
6411,57072,30093,0
6412,10321,35966,0
6413,5945,58523,0
6414,4717,45030,0
6415,61277,13318,0
6416,62393,34762,0
6417,67308,2254,0
6418,30137,60209,0
6419,32093,20002,0
6420,16498,16516,0
6421,43157,48795,0
6422,15066,30448,0
6423,56991,56800,0
6424,29176,64803,0
6425,9743,49662,0
6426,44134,9909,0
6427,66330,9628,0
6428,22514,27362,0
6429,19458,44848,0
6430,32901,56462,0
6431,9627,66764,0
6432,37373,31080,0
6433,53647,26810,0
6434,37182,40449,0
6435,66110,21305,0
6436,5559,22635,0
6437,56944,45623,0
6438,65599,63029,0
6439,15389,36371,0
6440,23471,56756,0
6441,13435,10473,0
6442,10749,46763,0
6443,56415,20186,0
6444,6291,43457,0
6445,30527,27846,0
6446,24607,47357,0
6447,1657,44998,0
6448,21599,43816,0
6449,19692,26341,0
6450,3303,60018,0
6451,32855,55656,0
6452,24692,28273,0
6453,51338,44705,0
6454,15577,16862,0
6455,57997,25745,0
6456,30524,27492,0
6457,11708,28643,0
6458,11272,254,0
6459,18344,66076,0
6460,28358,49728,0
6461,35450,46258,0
6462,20567,27324,0
6463,67227,25417,0
6464,1143,8810,0
6465,1660,9309,0
6466,203,23385,0
6467,22988,14118,0
6468,14355,31836,0
6469,38145,8530,0
6470,5370,37681,0
6471,39010,47040,0
6472,65258,39783,0
6473,60492,763,0
6474,5578,26073,0
6475,3440,45280,0
6476,59292,57512,0
6477,42208,51463,0
6478,29326,38390,0
6479,44522,59102,0
6480,43575,19253,0
6481,17513,68094,0
6482,12807,34536,0
6483,29147,522,0
6484,30985,64977,0
6485,3296,59663,0
6486,61187,45950,0
6487,28683,11259,0
6488,44641,46989,0
6489,44579,21424,0
6490,5901,43736,0
6491,33763,49280,0
6492,50944,5839,0
6493,67388,12778,0
6494,27666,37540,0
6495,59837,23126,0
6496,49832,8150,0
6497,10751,37839,0
6498,46418,35583,0
6499,20201,14421,0
6500,44789,63544,0
6501,23528,62668,0
6502,40798,35025,0
6503,41683,29685,0
6504,59578,7469,0
6505,7932,24026,0
6506,3302,27706,0
6507,32353,7709,0
6508,4972,48535,0
6509,31974,11007,0
6510,16330,40917,0
6511,13064,40907,0
6512,52679,33568,0
6513,43171,25246,0
6514,21243,24971,0
6515,39960,28972,0
6516,31736,46568,0
6517,22016,58349,0
6518,32816,30347,0
6519,60881,50840,0
6520,51665,6824,0
6521,26655,23760,0
6522,48720,12816,0
6523,50642,15312,0
6524,44638,62309,0
6525,31047,6165,0
6526,1759,56359,0
6527,67626,10938,0
6528,13900,44356,0
6529,49585,305,0
6530,22311,36122,0
6531,28049,48493,0
6532,59879,2011,0
6533,20255,37161,0
6534,37248,49682,0
6535,10970,58165,0
6536,16188,64428,0
6537,61728,19545,0
6538,6200,31870,0
6539,49234,64250,0
6540,21752,43436,0
6541,9048,52001,0
6542,28244,30302,0
6543,62618,7744,0
6544,32665,57239,0
6545,47197,8723,0
6546,35704,53605,0
6547,26319,43633,0
6548,16033,51971,0
6549,31669,51306,0
6550,61691,50684,0
6551,39549,53797,0
6552,19412,27365,0
6553,6642,19052,0
6554,27448,62466,0
6555,45923,5453,0
6556,7677,54670,0
6557,14674,22484,0
6558,39954,30501,0
6559,43157,50811,0
6560,45655,33846,0
6561,51994,66074,0
6562,54941,13414,0
6563,3422,61164,0
6564,11175,52033,0
6565,11720,63691,0
6566,43272,14054,0
6567,40324,28361,0
6568,33916,18465,0
6569,26591,17697,0
6570,21124,8135,0
6571,15913,11152,0
6572,14672,30898,0
6573,43378,1033,0
6574,66198,33195,0
6575,64108,41537,0
6576,22850,43737,0
6577,52157,1594,0
6578,13801,34135,0
6579,53037,46552,0
6580,54222,36347,0
6581,13742,16288,0
6582,66501,51096,0
6583,51821,15892,0
6584,47594,17267,0
6585,24164,45453,0
6586,49532,23407,0
6587,3358,66920,0
6588,9555,20003,0
6589,59348,50699,0
6590,9296,11608,0
6591,18710,15206,0
6592,34873,66373,0
6593,8982,61128,0
6594,47037,49406,0
6595,39271,42672,0
6596,28094,15366,0
6597,26317,52513,0
6598,37269,33611,0
6599,22487,14947,0
6600,12368,46701,0
6601,55194,24751,0
6602,18193,41133,0
6603,18443,64615,0
6604,19475,13352,0
6605,31540,14513,0
6606,28357,66850,0
6607,19573,11229,0
6608,22214,63552,0
6609,65218,55102,0
6610,36906,47727,0
6611,67000,32094,0
6612,45135,10940,0
6613,51501,18628,0
6614,2468,1961,0
6615,32274,67520,0
6616,29561,21658,0
6617,8271,33660,0
6618,25531,66846,0
6619,20588,2988,0
6620,52758,39258,0
6621,8456,48406,0
6622,18722,17457,0
6623,65414,40284,0
6624,18582,11341,0
6625,32704,43032,0
6626,52742,62490,0
6627,6004,61285,0
6628,49155,53597,0
6629,46156,59453,0
6630,59281,11229,0
6631,18489,13390,0
6632,45740,61555,0
6633,36517,63578,0
6634,60881,8497,0
6635,51363,47803,0
6636,8126,28764,0
6637,61732,65949,0
6638,23686,25973,0
6639,65081,19753,0
6640,61986,47814,0
6641,66373,8587,0
6642,31358,16729,0
6643,64397,54979,0
6644,54232,27729,0
6645,34231,60826,0
6646,27945,27489,0
6647,6885,64838,0
6648,33286,21006,0
6649,47685,24530,0
6650,22526,22420,0
6651,1609,58561,0
6652,52578,24626,0
6653,64521,67560,0
6654,3916,52204,0
6655,6053,26035,0
6656,1125,45763,0
6657,34812,22580,0
6658,55903,56621,0
6659,49551,1028,0
6660,25734,63880,0
6661,53988,58918,0
6662,26565,44464,0
6663,11587,50015,0
6664,14401,51964,0
6665,62512,25311,0
6666,43612,10921,0
6667,62357,11163,0
6668,9976,4861,0
6669,42365,27693,0
6670,27637,41862,0
6671,41584,2302,0
6672,23732,61422,0
6673,42820,3103,0
6674,32041,51117,0
6675,14351,63436,0
6676,130,14450,0
6677,65948,30573,0
6678,24506,20460,0
6679,36128,61524,0
6680,59381,45355,0
6681,30593,5477,0
6682,24919,18787,0
6683,24346,5764,0
6684,45865,11947,0
6685,19543,66702,0
6686,39990,41222,0
6687,57199,60627,0
6688,19151,47093,0
6689,25818,37445,0
6690,6132,30007,0
6691,38103,22354,0
6692,34687,23292,0
6693,66982,37898,0
6694,206,38,0
6695,61084,10755,0
6696,24438,14254,0
6697,16997,18514,0
6698,24262,2788,0
6699,64150,47181,0
6700,22023,64209,0
6701,24465,53685,0
6702,53907,43472,0
6703,4295,4388,0
6704,51300,59662,0
6705,63208,45302,0
6706,10662,2850,0
6707,65075,19569,0
6708,64290,59132,0
6709,18096,66517,0
6710,44052,50960,0
6711,20665,50889,0
6712,46750,44891,0
6713,68015,39166,0
6714,61268,58157,0
6715,44578,15120,0
6716,27745,30036,0
6717,14007,22489,0
6718,45589,56496,0
6719,36003,24516,0
6720,67351,241,0
6721,10008,34930,0
6722,56383,44108,0
6723,35123,23870,0
6724,62133,26805,0
6725,17370,13174,0
6726,3114,33814,0
6727,20869,36942,0
6728,37832,36122,0
6729,28652,56462,0
6730,9216,2709,0
6731,60167,19959,0
6732,41905,23573,0
6733,17492,59282,0
6734,19456,25121,0
6735,23291,49914,0
6736,4152,40303,0
6737,2231,46814,0
6738,64609,44219,0
6739,40098,54800,0
6740,60695,42139,0
6741,2644,17906,0
6742,67861,26219,0
6743,37144,6762,0
6744,21315,34828,0
6745,61556,25909,0
6746,45828,46675,0
6747,62670,56625,0
6748,23995,14260,0
6749,44495,8845,0
6750,35976,29009,0
6751,56695,51859,0
6752,68110,26827,0
6753,64664,29114,0
6754,5003,9781,0
6755,14920,5070,0
6756,59247,1128,0
6757,1632,15325,0
6758,56525,51535,0
6759,43944,66158,0
6760,32512,18374,0
6761,24552,41003,0
6762,52478,17053,0
6763,63847,22409,0
6764,12743,51156,0
6765,48208,13219,0
6766,19551,3611,0
6767,835,59692,0
6768,43157,27857,0
6769,27225,46562,0
6770,4689,4474,0
6771,22396,17136,0
6772,44480,449,0
6773,38052,57195,0
6774,42360,19067,0
6775,48984,39419,0
6776,27731,29817,0
6777,63534,18619,0
6778,67449,45398,0
6779,4718,16651,0
6780,30086,32370,0
6781,10415,30711,0
6782,52887,50122,0
6783,53385,19845,0
6784,44997,58316,0
6785,39997,17962,0
6786,39576,63160,0
6787,26306,33870,0
6788,65957,62292,0
6789,56823,34631,0
6790,68303,51405,0
6791,68219,21737,0
6792,7817,19408,0
6793,57389,25357,0
6794,36949,20667,0
6795,58014,29844,0
6796,7137,37741,0
6797,67627,37935,0
6798,20071,1672,0
6799,56607,64504,0
6800,7542,8935,0
6801,3193,14674,0
6802,42337,20008,0
6803,35445,7085,0
6804,18342,26219,0
6805,61116,49423,0
6806,15794,7296,0
6807,22039,26868,0
6808,44151,5381,0
6809,43681,36942,0
6810,14109,15499,0
6811,41894,32067,0
6812,37186,50075,0
6813,9110,48973,0
6814,4507,6120,0
6815,46091,54297,0
6816,22435,54173,0
6817,56715,48929,0
6818,37210,67424,0
6819,43602,58074,0
6820,67062,44696,0
6821,23593,19637,0
6822,54836,61456,0
6823,20646,35482,0
6824,49490,15387,0
6825,8205,25446,0
6826,27683,27324,0
6827,46535,56841,0
6828,21114,50798,0
6829,47398,28414,0
6830,38248,22001,0
6831,20103,24210,0
6832,11127,1037,0
6833,24125,26013,0
6834,23265,2659,0
6835,37428,49616,0
6836,31012,11008,0
6837,40429,32466,0
6838,60337,497,0
6839,34453,54439,0
6840,33055,22972,0
6841,8798,47155,0
6842,21685,12778,0
6843,7173,68176,0
6844,30651,2230,0
6845,59583,39449,0
6846,41143,62531,0
6847,56563,1221,0
6848,38393,13905,0
6849,68140,60681,0
6850,48584,24782,0
6851,53644,28814,0
6852,2828,4141,0
6853,20961,22543,0
6854,43430,67220,0
6855,25613,7732,0
6856,32038,39666,0
6857,55024,43550,0
6858,16715,47242,0
6859,56342,16357,0
6860,65212,12708,0
6861,7611,58594,0
6862,1402,22638,0
6863,4908,658,0
6864,64974,30448,0
6865,60860,30345,0
6866,54630,32356,0
6867,52939,59339,0
6868,19147,31400,0
6869,14729,4309,0
6870,29588,2010,0
6871,322,39985,0
6872,14042,66386,0
6873,23820,15269,0
6874,13218,8202,0
6875,54656,58091,0
6876,14183,10190,0
6877,54729,11594,0
6878,12100,36944,0
6879,45529,14475,0
6880,8582,39159,0
6881,22737,40539,0
6882,8158,22398,0
6883,36930,15147,0
6884,64033,27896,0
6885,11345,42247,0
6886,23011,48575,0
6887,36665,67090,0
6888,17641,31011,0
6889,37093,61813,0
6890,34595,19831,0
6891,31177,39832,0
6892,13602,37901,0
6893,49913,29686,0
6894,95,42582,0
6895,19897,55576,0
6896,34723,4302,0
6897,22194,17533,0
6898,39654,52846,0
6899,55369,27770,0
6900,45807,43596,0
6901,57250,9125,0
6902,58085,62701,0
6903,4140,57822,0
6904,53289,27530,0
6905,42344,24985,0
6906,21540,40056,0
6907,42150,45614,0
6908,51622,55464,0
6909,53067,59822,0
6910,14588,12222,0
6911,23429,23622,0
6912,49814,34345,0
6913,10917,1954,0
6914,27777,15840,0
6915,54104,39219,0
6916,23426,41236,0
6917,43118,33845,0
6918,57557,10493,0
6919,1948,42417,0
6920,15426,6454,0
6921,25545,850,0
6922,31738,59975,0
6923,29698,25660,0
6924,35225,58172,0
6925,6461,28984,0
6926,35232,4284,0
6927,66474,14565,0
6928,40881,38656,0
6929,37922,39431,0
6930,47954,34221,0
6931,60258,14641,0
6932,12548,4532,0
6933,43664,29764,0
6934,2833,50711,0
6935,51779,25294,0
6936,59210,47348,0
6937,44530,1678,0
6938,5561,65717,0
6939,49532,40540,0
6940,16825,37305,0
6941,4031,45749,0
6942,28391,37087,0
6943,53468,49565,0
6944,17795,64358,0
6945,36179,21185,0
6946,42956,36136,0
6947,16688,3224,0
6948,17534,30698,0
6949,22935,39061,0
6950,52860,32549,0
6951,63465,6296,0
6952,21049,43146,0
6953,9135,4114,0
6954,64618,8857,0
6955,26377,20136,0
6956,44696,26527,0
6957,19375,67071,0
6958,51210,18728,0
6959,52541,62742,0
6960,18880,40231,0
6961,5387,62017,0
6962,41304,14004,0
6963,26178,61496,0
6964,38425,17327,0
6965,14920,24101,0
6966,11185,10908,0
6967,34388,31749,0
6968,61879,2753,0
6969,54884,13531,0
6970,13045,15722,0
6971,49760,11865,0
6972,37905,38986,0
6973,12783,35630,0
6974,15302,24798,0
6975,61761,26735,0
6976,60404,10350,0
6977,27215,48897,0
6978,25226,6426,0
6979,5578,36616,0
6980,66023,67734,0
6981,44525,40633,0
6982,23093,40249,0
6983,7091,6825,0
6984,21757,25680,0
6985,30912,8742,0
6986,9248,24360,0
6987,65099,22754,0
6988,47767,19583,0
6989,63980,56776,0
6990,31219,65058,0
6991,40676,51703,0
6992,9750,49364,0
6993,14247,28533,0
6994,13740,43313,0
6995,50786,4104,0
6996,27370,39325,0
6997,14958,17370,0
6998,64344,15635,0
6999,4148,17823,0
7000,52659,11020,0
7001,5630,7553,0
7002,29266,16186,0
7003,7606,28755,0
7004,4111,41534,0
7005,46511,22133,0
7006,46466,53957,0
7007,42403,53232,0
7008,60612,41292,0
7009,12334,42662,0
7010,41512,9397,0
7011,35414,58805,0
7012,57491,26015,0
7013,3814,39473,0
7014,38588,59097,0
7015,11524,26727,0
7016,7614,37455,0
7017,10947,66,0
7018,52332,51381,0
7019,57417,44846,0
7020,64032,68352,0
7021,40846,21439,0
7022,64220,34803,0
7023,27798,13669,0
7024,67746,36550,0
7025,58763,1552,0
7026,23002,55925,0
7027,24185,10081,0
7028,15149,50855,0
7029,20414,32317,0
7030,40521,55598,0
7031,43717,53608,0
7032,28402,11593,0
7033,3548,18799,0
7034,23638,66954,0
7035,5093,20456,0
7036,4938,57343,0
7037,61437,31190,0
7038,64388,48854,0
7039,34254,10351,0
7040,28595,24626,0
7041,12017,53461,0
7042,62895,45596,0
7043,11924,16359,0
7044,61616,32190,0
7045,28000,59403,0
7046,63042,47649,0
7047,35703,42617,0
7048,22786,42545,0
7049,64322,29740,0
7050,17509,46746,0
7051,21939,32067,0
7052,54929,32000,0
7053,65441,12115,0
7054,65068,4741,0
7055,57220,62299,0
7056,1116,16805,0
7057,12154,1369,0
7058,2711,53277,0
7059,64170,44513,0
7060,35362,2718,0
7061,52424,33602,0
7062,10399,18599,0
7063,9098,40169,0
7064,67767,66626,0
7065,57784,56707,0
7066,48242,25371,0
7067,58187,40801,0
7068,15552,57987,0
7069,17996,53837,0
7070,26661,3064,0
7071,46218,13647,0
7072,8404,27610,0
7073,52131,4523,0
7074,55265,39068,0
7075,11802,23635,0
7076,34711,67036,0
7077,55354,9259,0
7078,61089,445,0
7079,27226,34031,0
7080,49291,63069,0
7081,47222,48838,0
7082,37943,46966,0
7083,62206,28225,0
7084,57304,38568,0
7085,45438,54893,0
7086,28749,58330,0
7087,27777,37875,0
7088,48339,25030,0
7089,51005,47586,0
7090,12505,41300,0
7091,28039,2689,0
7092,5893,45714,0
7093,26274,20338,0
7094,50366,42807,0
7095,66254,57987,0
7096,20130,23859,0
7097,1149,21880,0
7098,9446,54432,0
7099,16440,60283,0
7100,12471,37776,0
7101,5728,44334,0
7102,19102,35883,0
7103,45922,57252,0
7104,32282,59342,0
7105,30989,36301,0
7106,3351,62490,0
7107,16824,12229,0
7108,64934,17080,0
7109,39982,5113,0
7110,44076,22267,0
7111,47664,18024,0
7112,51555,66325,0
7113,25316,35060,0
7114,34875,50144,0
7115,41145,65618,0
7116,35589,19473,0
7117,9406,44490,0
7118,21184,8682,0
7119,52360,11517,0
7120,23567,5911,0
7121,60759,18545,0
7122,17522,64074,0
7123,28751,1568,0
7124,64818,22403,0
7125,48183,8097,0
7126,51606,58083,0
7127,13426,34810,0
7128,23070,47816,0
7129,24068,21385,0
7130,49175,28573,0
7131,26042,5968,0
7132,13376,56786,0
7133,44282,1681,0
7134,20734,60511,0
7135,5760,6150,0
7136,19517,27886,0
7137,53148,12307,0
7138,58089,52547,0
7139,4379,58920,0
7140,34241,15830,0
7141,51129,36058,0
7142,42923,7635,0
7143,3787,31609,0
7144,60775,30592,0
7145,53050,68232,0
7146,16336,39672,0
7147,62315,21867,0
7148,25106,36885,0
7149,6676,1179,0
7150,36569,28482,0
7151,34980,18735,0
7152,40514,56763,0
7153,43118,66199,0
7154,64725,30523,0
7155,4177,10823,0
7156,23374,60570,0
7157,33146,59063,0
7158,10956,15499,0
7159,63530,4634,0
7160,12312,20148,0
7161,6334,30274,0
7162,27270,4221,0
7163,30686,54228,0
7164,63868,39014,0
7165,38887,48130,0
7166,35242,41607,0
7167,52517,34924,0
7168,19731,22769,0
7169,67747,16778,0
7170,15421,24242,0
7171,21863,57025,0
7172,60066,23604,0
7173,27270,63335,0
7174,63052,58623,0
7175,67716,34051,0
7176,33939,12820,0
7177,68100,15096,0
7178,60916,40323,0
7179,38815,7607,0
7180,15019,21396,0
7181,2639,19436,0
7182,406,34788,0
7183,8730,13206,0
7184,31000,35499,0
7185,31380,19762,0
7186,2453,42734,0
7187,19222,54675,0
7188,50296,13871,0
7189,642,7520,0
7190,30824,13294,0
7191,210,8201,0
7192,14248,3578,0
7193,52732,18060,0
7194,20517,60963,0
7195,42856,23571,0
7196,68093,2527,0
7197,62113,24773,0
7198,61890,56298,0
7199,14632,39359,0
7200,51645,16372,0
7201,8978,29508,0
7202,61148,56775,0
7203,51770,60205,0
7204,58821,37747,0
7205,52802,25568,0
7206,53351,66999,0
7207,64993,13792,0
7208,42668,4841,0
7209,21136,18660,0
7210,30488,13091,0
7211,24766,34104,0
7212,23210,67446,0
7213,5019,57091,0
7214,36451,57442,0
7215,60128,10204,0
7216,16049,50786,0
7217,38355,25378,0
7218,27813,11790,0
7219,7523,43610,0
7220,51424,51053,0
7221,13706,30309,0
7222,60933,47361,0
7223,26164,62410,0
7224,35227,5944,0
7225,41420,40964,0
7226,24419,26676,0
7227,9665,46394,0
7228,65565,63916,0
7229,60723,1133,0
7230,26396,7687,0
7231,31273,29052,0
7232,33767,21001,0
7233,21053,9950,0
7234,60073,42878,0
7235,58911,53028,0
7236,60378,32706,0
7237,12056,60975,0
7238,68205,5293,0
7239,2670,12446,0
7240,62900,36353,0
7241,37711,67100,0
7242,373,39743,0
7243,4457,64845,0
7244,28325,64455,0
7245,36494,37742,0
7246,54982,40490,0
7247,58321,15868,0
7248,19915,11281,0
7249,28518,9857,0
7250,65552,6425,0
7251,27658,40549,0
7252,6967,33877,0
7253,32798,12582,0
7254,39386,2241,0
7255,50654,29793,0
7256,65607,52201,0
7257,8314,4052,0
7258,12525,44247,0
7259,55366,56793,0
7260,19191,45240,0
7261,50129,65635,0
7262,31009,8429,0
7263,55137,38966,0
7264,30879,29901,0
7265,14896,35231,0
7266,41143,8306,0
7267,12588,30843,0
7268,27739,658,0
7269,53394,57964,0
7270,9920,6306,0
7271,14931,41026,0
7272,15466,54299,0
7273,40629,53887,0
7274,20486,4161,0
7275,31495,13901,0
7276,32774,40347,0
7277,54119,34743,0
7278,17139,76,0
7279,15425,55117,0
7280,53000,13956,0
7281,12319,46907,0
7282,17872,49690,0
7283,49814,8526,0
7284,33916,24393,0
7285,61089,10818,0
7286,6733,22882,0
7287,18426,61860,0
7288,9344,26705,0
7289,27260,1099,0
7290,56565,37972,0
7291,8257,64851,0
7292,24117,14361,0
7293,49646,8914,0
7294,30617,42570,0
7295,47085,3875,0
7296,15969,41243,0
7297,30190,38123,0
7298,59178,30339,0
7299,56179,36916,0
7300,2996,51054,0
7301,17498,46635,0
7302,67391,36147,0
7303,23379,64442,0
7304,32928,3389,0
7305,1666,15182,0
7306,15259,954,0
7307,40513,46349,0
7308,21858,14633,0
7309,7944,36524,0
7310,35987,61889,0
7311,66469,8023,0
7312,22365,23235,0
7313,7969,59526,0
7314,32372,21150,0
7315,56421,9746,0
7316,57301,41896,0
7317,31223,37997,0
7318,21678,30082,0
7319,40200,16880,0
7320,13971,17562,0
7321,45767,19175,0
7322,20878,34376,0
7323,30188,31327,0
7324,56813,23909,0
7325,61383,40148,0
7326,19721,20047,0
7327,16682,16947,0
7328,21575,37734,0
7329,12676,42083,0
7330,64631,48760,0
7331,59431,15723,0
7332,30872,38711,0
7333,54648,66587,0
7334,63151,20918,0
7335,12226,67474,0
7336,28281,50681,0
7337,6813,66785,0
7338,36549,67496,0
7339,32142,51157,0
7340,31699,3568,0
7341,41750,37428,0
7342,5566,53764,0
7343,55982,41392,0
7344,41560,65076,0
7345,63693,15206,0
7346,52149,37706,0
7347,30974,345,0
7348,64221,55176,0
7349,42723,47374,0
7350,11444,30924,0
7351,67712,61054,0
7352,61929,62756,0
7353,784,27886,0
7354,40251,5925,0
7355,23922,5357,0
7356,27169,63163,0
7357,43586,26822,0
7358,15771,60880,0
7359,38216,43453,0
7360,25606,52813,0
7361,28375,55305,0
7362,3217,2429,0
7363,52110,13056,0
7364,9060,29738,0
7365,47044,52462,0
7366,27418,15875,0
7367,37234,60681,0
7368,38432,57640,0
7369,66021,42619,0
7370,31207,7144,0
7371,29326,49196,0
7372,62210,60658,0
7373,54104,48120,0
7374,54652,11838,0
7375,13575,53502,0
7376,37511,42635,0
7377,58376,5061,0
7378,47061,64533,0
7379,550,47132,0
7380,64629,15416,0
7381,21283,62812,0
7382,2819,1523,0
7383,5185,34441,0
7384,43916,46074,0
7385,49263,6139,0
7386,18226,4449,0
7387,44866,42845,0
7388,5294,10658,0
7389,39447,18403,0
7390,227,29886,0
7391,3499,42632,0
7392,32798,18392,0
7393,3221,23934,0
7394,64635,43286,0
7395,6982,34858,0
7396,33763,36250,0
7397,42371,65669,0
7398,63885,41,0
7399,50547,24802,0
7400,43984,19684,0
7401,33622,8901,0
7402,4815,15981,0
7403,67879,12940,0
7404,60912,60928,0
7405,2910,59629,0
7406,64349,31918,0
7407,18905,34540,0
7408,62895,37818,0
7409,47799,7533,0
7410,148,17,0
7411,56926,628,0
7412,51332,1054,0
7413,57994,18621,0
7414,35902,39649,0
7415,56512,28727,0
7416,64024,6622,0
7417,8758,12256,0
7418,38509,16084,0
7419,48870,33187,0
7420,43452,27503,0
7421,28237,52089,0
7422,30589,16167,0
7423,66048,21641,0
7424,39773,11923,0
7425,20726,42825,0
7426,5238,51580,0
7427,3640,35371,0
7428,47134,49078,0
7429,43434,25643,0
7430,53727,13377,0
7431,50577,12149,0
7432,8809,45146,0
7433,6267,29394,0
7434,27741,16661,0
7435,63151,300,0
7436,5800,10983,0
7437,53065,64833,0
7438,17501,19443,0
7439,59955,12773,0
7440,38117,43780,0
7441,13543,38576,0
7442,67095,32486,0
7443,30303,10846,0
7444,35717,49152,0
7445,51308,25510,0
7446,37759,34165,0
7447,22884,7034,0
7448,45693,3459,0
7449,8802,46213,0
7450,61641,9339,0
7451,5269,4724,0
7452,61664,25443,0
7453,4516,68415,0
7454,5756,48430,0
7455,21021,63967,0
7456,49008,22515,0
7457,41380,13775,0
7458,4956,20541,0
7459,34544,23040,0
7460,46547,54107,0
7461,5769,43732,0
7462,7802,15915,0
7463,49487,66088,0
7464,34056,63488,0
7465,986,15880,0
7466,9343,30735,0
7467,60404,26380,0
7468,5199,50551,0
7469,42604,20343,0
7470,49623,66336,0
7471,31310,8857,0
7472,23848,15368,0
7473,26381,41039,0
7474,33948,11386,0
7475,40574,43073,0
7476,33224,51548,0
7477,46593,46093,0
7478,14274,40956,0
7479,22949,46393,0
7480,20882,29434,0
7481,50630,147,0
7482,4966,45358,0
7483,36246,22996,0
7484,62093,52534,0
7485,12730,38771,0
7486,49883,58092,0
7487,13456,56758,0
7488,52305,31899,0
7489,57653,15988,0
7490,28965,52042,0
7491,16187,52127,0
7492,20108,44639,0
7493,30475,56748,0
7494,19604,31837,0
7495,23377,63281,0
7496,39226,30296,0
7497,49475,60219,0
7498,20256,34187,0
7499,28028,328,0
7500,31626,40421,0
7501,23529,15532,0
7502,7457,33854,0
7503,44866,51197,0
7504,61041,43707,0
7505,8705,53025,0
7506,63465,56516,0
7507,20987,59335,0
7508,4352,6937,0
7509,11306,11163,0
7510,56396,53934,0
7511,47849,39613,0
7512,20375,25458,0
7513,29669,23701,0
7514,43008,33909,0
7515,2291,17837,0
7516,16021,36909,0
7517,21155,32808,0
7518,43008,4240,0
7519,42392,26784,0
7520,7546,34221,0
7521,39682,17821,0
7522,25824,6448,0
7523,53054,54007,0
7524,24399,34924,0
7525,64383,51137,0
7526,9633,14264,0
7527,36583,27229,0
7528,27012,21515,0
7529,35343,67022,0
7530,22223,25742,0
7531,54582,41530,0
7532,42022,25620,0
7533,27766,46861,0
7534,51884,36285,0
7535,55019,2612,0
7536,41704,60556,0
7537,35847,40562,0
7538,9488,46875,0
7539,43302,13684,0
7540,27346,11831,0
7541,15940,22202,0
7542,15538,16173,0
7543,14948,5539,0
7544,11306,43131,0
7545,11510,67068,0
7546,48609,53761,0
7547,37590,43887,0
7548,57980,739,0
7549,59495,54914,0
7550,24275,30068,0
7551,67513,14515,0
7552,6678,35481,0
7553,67701,31004,0
7554,12157,52148,0
7555,57845,62181,0
7556,23729,55409,0
7557,65293,33263,0
7558,54920,56073,0
7559,68112,43143,0
7560,30747,40013,0
7561,54125,62125,0
7562,53803,60475,0
7563,47660,4334,0
7564,33460,42916,0
7565,2092,41832,0
7566,19783,15765,0
7567,38545,30782,0
7568,12048,2931,0
7569,32178,13872,0
7570,15680,15541,0
7571,35165,55702,0
7572,61235,63893,0
7573,34218,45171,0
7574,45154,21518,0
7575,68211,15589,0
7576,32271,6787,0
7577,12316,38131,0
7578,38948,3484,0
7579,161,941,0
7580,5996,68003,0
7581,2135,50234,0
7582,47796,41778,0
7583,43891,50345,0
7584,13574,23207,0
7585,45600,1631,0
7586,20107,43860,0
7587,10589,53510,0
7588,7221,52924,0
7589,27789,30715,0
7590,1287,40565,0
7591,29031,24048,0
7592,998,34942,0
7593,31463,9382,0
7594,31901,40976,0
7595,37216,9199,0
7596,22064,16894,0
7597,58126,6058,0
7598,33852,28212,0
7599,831,24161,0
7600,45752,40458,0
7601,57983,24563,0
7602,2107,23227,0
7603,44562,66804,0
7604,26196,21184,0
7605,40275,19090,0
7606,41792,12894,0
7607,67695,31082,0
7608,33324,31752,0
7609,31292,11394,0
7610,14329,16060,0
7611,22585,48420,0
7612,53899,42312,0
7613,28884,67533,0
7614,24343,58181,0
7615,48271,22225,0
7616,49726,52672,0
7617,28152,56304,0
7618,54182,19297,0
7619,57139,28133,0
7620,38161,62969,0
7621,1574,22443,0
7622,35439,8186,0
7623,11920,33387,0
7624,16597,56359,0
7625,45042,17771,0
7626,67408,62947,0
7627,6284,57831,0
7628,6816,26606,0
7629,1216,30504,0
7630,45982,35701,0
7631,51353,49343,0
7632,58784,11746,0
7633,39480,60680,0
7634,9717,59310,0
7635,26160,27991,0
7636,41533,35777,0
7637,52188,9288,0
7638,68207,36680,0
7639,63662,7661,0
7640,61579,42324,0
7641,50226,13748,0
7642,23234,47914,0
7643,43941,67881,0
7644,35270,53584,0
7645,4710,67258,0
7646,5840,66722,0
7647,47680,49568,0
7648,21825,8751,0
7649,65059,4554,0
7650,34091,55237,0
7651,3917,2729,0
7652,37763,44820,0
7653,16772,40340,0
7654,51980,45959,0
7655,20270,21918,0
7656,53477,8370,0
7657,50342,37273,0
7658,21632,65924,0
7659,7245,64463,0
7660,42472,5591,0
7661,2396,16303,0
7662,42915,59210,0
7663,67321,57258,0
7664,34485,41101,0
7665,16611,59226,0
7666,1601,17876,0
7667,27204,50339,0
7668,7650,10004,0
7669,44170,16999,0
7670,32021,24337,0
7671,19520,38818,0
7672,32097,58149,0
7673,66683,42382,0
7674,58035,60268,0
7675,26409,35433,0
7676,2959,23919,0
7677,35784,67794,0
7678,59510,20668,0
7679,9752,27068,0
7680,895,63559,0
7681,33224,4990,0
7682,67863,11234,0
7683,3596,37872,0
7684,39326,46146,0
7685,16923,31402,0
7686,26083,67084,0
7687,45844,15369,0
7688,662,7615,0
7689,4734,55617,0
7690,63779,60223,0
7691,64462,53635,0
7692,55075,11688,0
7693,13961,43005,0
7694,35353,35001,0
7695,61207,44722,0
7696,20672,32350,0
7697,17634,34070,0
7698,39997,63375,0
7699,33583,67353,0
7700,52123,25573,0
7701,29945,46233,0
7702,50545,38789,0
7703,8377,48471,0
7704,29795,51343,0
7705,19607,10282,0
7706,57403,61827,0
7707,13995,48241,0
7708,1648,2648,0
7709,62821,63219,0
7710,67318,15122,0
7711,35305,64013,0
7712,36867,29292,0
7713,43374,58018,0
7714,53993,8170,0
7715,40461,29161,0
7716,13325,24522,0
7717,65988,21152,0
7718,6099,19665,0
7719,45462,13283,0
7720,27169,33214,0
7721,49351,66448,0
7722,52366,32736,0
7723,61030,17219,0
7724,23718,55984,0
7725,53469,38434,0
7726,21335,35981,0
7727,61494,39704,0
7728,65223,19388,0
7729,19295,55818,0
7730,45009,61134,0
7731,34149,10445,0
7732,1943,21046,0
7733,10488,63005,0
7734,67283,41923,0
7735,16780,52201,0
7736,68120,42824,0
7737,51106,63374,0
7738,27411,20019,0
7739,40809,61071,0
7740,57370,32399,0
7741,58799,4256,0
7742,66260,61330,0
7743,36284,68358,0
7744,14540,52740,0
7745,7542,39515,0
7746,52222,26781,0
7747,65445,1912,0
7748,9391,18395,0
7749,4428,54185,0
7750,14797,18812,0
7751,35908,17271,0
7752,36621,52354,0
7753,5685,11250,0
7754,41763,12804,0
7755,36607,53876,0
7756,32367,27462,0
7757,27736,5308,0
7758,27700,37456,0
7759,16452,33921,0
7760,12515,47292,0
7761,57569,50418,0
7762,52144,54809,0
7763,68172,15331,0
7764,62634,39853,0
7765,66964,18435,0
7766,17427,29146,0
7767,32916,41286,0
7768,24851,43857,0
7769,56928,48267,0
7770,2221,781,0
7771,60039,39018,0
7772,51594,37985,0
7773,40584,17813,0
7774,28373,39156,0
7775,136,48620,0
7776,61523,65502,0
7777,41880,30971,0
7778,14227,61749,0
7779,10973,29314,0
7780,10814,43930,0
7781,45135,60272,0
7782,28599,18212,0
7783,25176,50711,0
7784,46301,17118,0
7785,36131,44168,0
7786,52862,60371,0
7787,32142,62120,0
7788,21356,14938,0
7789,32604,54134,0
7790,43073,46352,0
7791,54532,26095,0
7792,66164,30264,0
7793,35162,63424,0
7794,39997,46562,0
7795,54837,11154,0
7796,30986,63558,0
7797,40472,67597,0
7798,66276,68283,0
7799,432,42442,0
7800,45287,25289,0
7801,20118,59135,0
7802,10132,10784,0
7803,50810,37976,0
7804,31859,18189,0
7805,20486,32107,0
7806,17418,30711,0
7807,23687,56678,0
7808,58522,34638,0
7809,6012,34743,0
7810,24754,39254,0
7811,4160,17557,0
7812,65219,5556,0
7813,35095,27704,0
7814,61969,27997,0
7815,30937,61411,0
7816,14288,17462,0
7817,58607,27568,0
7818,46017,64846,0
7819,17113,13355,0
7820,10389,40367,0
7821,1722,54716,0
7822,36454,14290,0
7823,32876,68202,0
7824,55671,55319,0
7825,67211,62528,0
7826,45919,24259,0
7827,30190,48613,0
7828,59669,2371,0
7829,37104,53387,0
7830,17185,48105,0
7831,16679,22721,0
7832,59725,57014,0
7833,43941,15371,0
7834,42976,31687,0
7835,40673,37052,0
7836,18042,29401,0
7837,43886,54807,0
7838,68036,19436,0
7839,38960,39929,0
7840,7788,42089,0
7841,64392,45360,0
7842,20543,49222,0
7843,11977,66371,0
7844,4643,5563,0
7845,43185,39759,0
7846,27230,29706,0
7847,52988,820,0
7848,65443,10689,0
7849,21996,62271,0
7850,2512,15935,0
7851,54531,29161,0
7852,12272,11639,0
7853,54530,51201,0
7854,835,1105,0
7855,53214,2516,0
7856,22878,39237,0
7857,51224,29253,0
7858,13484,27006,0
7859,14653,63852,0
7860,67738,9854,0
7861,24508,22008,0
7862,4943,30185,0
7863,55863,66579,0
7864,42760,33183,0
7865,27062,59790,0
7866,62537,4122,0
7867,60270,37061,0
7868,62512,11388,0
7869,67695,14246,0
7870,13683,2676,0
7871,37615,55063,0
7872,50418,12522,0
7873,63321,50589,0
7874,56135,60295,0
7875,55037,64408,0
7876,1184,20731,0
7877,7238,50431,0
7878,54124,5736,0
7879,52172,52505,0
7880,8074,29648,0
7881,51313,38859,0
7882,7593,55481,0
7883,54967,29108,0
7884,28536,58620,0
7885,28067,34374,0
7886,55447,15344,0
7887,61148,55955,0
7888,24088,36728,0
7889,45540,39160,0
7890,5442,26872,0
7891,7117,14849,0
7892,67876,18982,0
7893,36257,14593,0
7894,9743,56727,0
7895,47908,49010,0
7896,38604,8182,0
7897,13925,41838,0
7898,24916,280,0
7899,8512,41815,0
7900,43594,38184,0
7901,50078,64261,0
7902,41821,54444,0
7903,33877,1397,0
7904,59871,5521,0
7905,8206,38905,0
7906,45525,67234,0
7907,3239,52048,0
7908,56372,51047,0
7909,10721,58733,0
7910,8822,14945,0
7911,61524,27609,0
7912,54221,58004,0
7913,11833,48159,0
7914,15808,39572,0
7915,40143,26818,0
7916,63403,64829,0
7917,27129,56604,0
7918,48376,14615,0
7919,34591,40055,0
7920,59527,54349,0
7921,33804,13369,0
7922,38847,45739,0
7923,37775,21920,0
7924,52909,55422,0
7925,14244,32109,0
7926,29398,39247,0
7927,52816,37859,0
7928,47405,40830,0
7929,23915,64122,0
7930,12567,4553,0
7931,34756,6120,0
7932,41796,66302,0
7933,11285,3903,0
7934,32997,43606,0
7935,50514,51041,0
7936,44906,65643,0
7937,20434,42551,0
7938,16005,61259,0
7939,67701,16216,0
7940,30803,46300,0
7941,7392,15954,0
7942,52982,43404,0
7943,7944,6015,0
7944,14993,32355,0
7945,68015,24429,0
7946,4719,59486,0
7947,40101,14860,0
7948,61056,43646,0
7949,42014,36749,0
7950,26188,42090,0
7951,28453,12323,0
7952,42185,19481,0
7953,14125,31355,0
7954,16336,51004,0
7955,64325,31336,0
7956,33730,37914,0
7957,54497,30199,0
7958,51238,10625,0
7959,63072,34235,0
7960,28002,39977,0
7961,32551,63276,0
7962,33475,35493,0
7963,31785,13286,0
7964,21810,57472,0
7965,14060,17437,0
7966,14463,60659,0
7967,29687,8714,0
7968,17872,65065,0
7969,59392,970,0
7970,54154,28582,0
7971,9489,67868,0
7972,8983,31791,0
7973,27532,46224,0
7974,29928,60411,0
7975,14428,7204,0
7976,4056,25169,0
7977,44728,51951,0
7978,15723,48770,0
7979,58217,11678,0
7980,30074,8999,0
7981,38942,24528,0
7982,2226,46551,0
7983,61240,972,0
7984,36795,10473,0
7985,68181,45464,0
7986,19539,20057,0
7987,15711,51679,0
7988,25712,30808,0
7989,49051,12906,0
7990,62221,41332,0
7991,64385,2906,0
7992,53718,52701,0
7993,13758,35666,0
7994,67624,32575,0
7995,66030,26491,0
7996,8724,53099,0
7997,66149,22645,0
7998,54770,44154,0
7999,66051,3965,0
8000,8314,49901,0
8001,64712,26914,0
8002,12742,45925,0
8003,37085,44837,0
8004,57538,1474,0
8005,64297,6638,0
8006,37495,18666,0
8007,21504,60741,0
8008,24512,47522,0
8009,9573,59004,0
8010,30067,12149,0
8011,66743,52404,0
8012,9498,42452,0
8013,12063,29258,0
8014,61383,50495,0
8015,57256,60468,0
8016,52217,31747,0
8017,9787,27986,0
8018,3814,410,0
8019,62391,4302,0
8020,64100,38544,0
8021,27081,42744,0
8022,36784,59151,0
8023,2266,14289,0
8024,30846,28423,0
8025,30034,43057,0
8026,50344,14365,0
8027,19031,36972,0
8028,60259,7149,0
8029,31216,11105,0
8030,52943,39230,0
8031,16820,43226,0
8032,58251,60403,0
8033,45829,47315,0
8034,68109,8687,0
8035,23796,41006,0
8036,30310,22164,0
8037,30440,23625,0
8038,2430,28335,0
8039,64494,63668,0
8040,47834,30278,0
8041,8523,37924,0
8042,29756,30371,0
8043,16000,50045,0
8044,1328,64119,0
8045,34505,15832,0
8046,50062,12827,0
8047,31452,39788,0
8048,51515,6535,0
8049,20812,24972,0
8050,42092,14664,0
8051,53122,62263,0
8052,15920,46133,0
8053,22197,51484,0
8054,30126,20471,0
8055,22018,54318,0
8056,50709,66232,0
8057,62423,33508,0
8058,35702,49625,0
8059,28621,59009,0
8060,11820,37018,0
8061,59776,36310,0
8062,28157,27307,0
8063,55633,65946,0
8064,33873,52437,0
8065,67844,39937,0
8066,40042,36635,0
8067,16042,12775,0
8068,5064,4658,0
8069,50836,13280,0
8070,66609,63494,0
8071,23090,26621,0
8072,26856,15442,0
8073,40390,63659,0
8074,65022,66511,0
8075,66025,23354,0
8076,1074,41754,0
8077,32864,4259,0
8078,21184,30728,0
8079,57406,3230,0
8080,23606,28738,0
8081,3528,47288,0
8082,7099,67510,0
8083,42860,45343,0
8084,3555,9534,0
8085,15505,48940,0
8086,33051,49295,0
8087,39287,13592,0
8088,57966,14982,0
8089,58726,12462,0
8090,23086,6515,0
8091,18371,50477,0
8092,68056,12923,0
8093,4839,46118,0
8094,21204,28686,0
8095,38882,54799,0
8096,49175,54236,0
8097,19888,26719,0
8098,4674,50737,0
8099,9869,42294,0
8100,59379,55624,0
8101,63085,67308,0
8102,54873,41677,0
8103,26924,20729,0
8104,65481,3208,0
8105,7645,48377,0
8106,8925,19419,0
8107,52767,13389,0
8108,17766,1676,0
8109,40011,45216,0
8110,20631,18915,0
8111,2818,38603,0
8112,42696,7180,0
8113,45179,26973,0
8114,4279,26727,0
8115,1906,56925,0
8116,4817,10989,0
8117,62716,2808,0
8118,65645,46270,0
8119,11286,10648,0
8120,58856,12598,0
8121,57203,41589,0
8122,51202,4223,0
8123,15682,9804,0
8124,12905,17067,0
8125,20524,21571,0
8126,34923,59248,0
8127,39631,4086,0
8128,10401,57632,0
8129,53379,42363,0
8130,51532,2848,0
8131,53941,26936,0
8132,58847,5556,0
8133,35305,24686,0
8134,20172,60620,0
8135,44548,54302,0
8136,45214,16291,0
8137,60315,51973,0
8138,40974,35861,0
8139,6077,45773,0
8140,9217,49391,0
8141,52288,25747,0
8142,690,8278,0
8143,64473,47794,0
8144,3024,61602,0
8145,24769,34092,0
8146,45590,1430,0
8147,45585,37292,0
8148,33361,10682,0
8149,26791,1076,0
8150,11317,29067,0
8151,63009,2906,0
8152,18569,2021,0
8153,12837,6933,0
8154,1526,41557,0
8155,57423,63421,0
8156,18536,11699,0
8157,54430,28542,0
8158,46170,53881,0
8159,2166,41768,0
8160,55524,26436,0
8161,5864,51405,0
8162,21994,41677,0
8163,46359,20554,0
8164,46719,23467,0
8165,65775,26253,0
8166,46158,68239,0
8167,4866,60936,0
8168,12829,42809,0
8169,30867,40797,0
8170,65540,58594,0
8171,41076,28619,0
8172,25645,23557,0
8173,60802,42081,0
8174,7983,6866,0
8175,47433,24938,0
8176,5082,48039,0
8177,51215,27044,0
8178,56728,41099,0
8179,57273,44700,0
8180,7595,14352,0
8181,7664,36136,0
8182,4966,28438,0
8183,40142,51448,0
8184,41868,54702,0
8185,18169,20175,0
8186,47108,42955,0
8187,32232,5159,0
8188,46963,40368,0
8189,59150,6093,0
8190,13069,49495,0
8191,61453,35176,0
8192,17140,3516,0
8193,51033,16561,0
8194,3022,61785,0
8195,63438,27121,0
8196,30101,41325,0
8197,1040,17135,0
8198,51669,53368,0
8199,59236,957,0
8200,68119,23822,0
8201,2818,67521,0
8202,63685,26691,0
8203,14946,39995,0
8204,10398,3796,0
8205,40071,57089,0
8206,11905,15117,0
8207,27042,37289,0
8208,17739,7277,0
8209,63086,16246,0
8210,67213,5107,0
8211,60121,46066,0
8212,41682,52353,0
8213,38951,27890,0
8214,22672,8072,0
8215,15542,50230,0
8216,17339,35680,0
8217,25058,10129,0
8218,16226,21414,0
8219,52247,42167,0
8220,40773,40267,0
8221,20102,62076,0
8222,45065,63660,0
8223,47199,18267,0
8224,37604,43933,0
8225,37743,43387,0
8226,631,50826,0
8227,51787,57186,0
8228,66108,9898,0
8229,39426,62045,0
8230,66246,33434,0
8231,35475,33027,0
8232,59251,33149,0
8233,61337,3670,0
8234,10723,30331,0
8235,29669,42501,0
8236,14287,19991,0
8237,7832,23012,0
8238,5637,64167,0
8239,64986,65242,0
8240,28964,34068,0
8241,60090,53440,0
8242,35505,27641,0
8243,9498,16933,0
8244,59138,23738,0
8245,47128,64845,0
8246,28571,32545,0
8247,8439,4241,0
8248,12651,11107,0
8249,48061,58321,0
8250,38415,22616,0
8251,21780,18823,0
8252,61805,9255,0
8253,54814,6004,0
8254,24746,42932,0
8255,13304,23942,0
8256,61221,49712,0
8257,14323,25174,0
8258,21422,67628,0
8259,13215,38722,0
8260,7222,45453,0
8261,65136,58865,0
8262,58217,4410,0
8263,16345,66086,0
8264,2265,4401,0
8265,34381,54551,0
8266,43479,11658,0
8267,35352,13261,0
8268,23691,63900,0
8269,17696,31635,0
8270,22326,2547,0
8271,28963,59256,0
8272,55336,43060,0
8273,48651,18823,0
8274,16939,5758,0
8275,30535,51598,0
8276,38239,38763,0
8277,52209,58840,0
8278,39532,17098,0
8279,2237,18125,0
8280,11739,7804,0
8281,17392,68135,0
8282,9454,52665,0
8283,48602,64609,0
8284,64889,52338,0
8285,29065,7376,0
8286,22234,33312,0
8287,68046,47346,0
8288,34174,54288,0
8289,60410,41671,0
8290,15878,35641,0
8291,45042,51834,0
8292,47149,30642,0
8293,47729,63190,0
8294,42710,58918,0
8295,37899,61649,0
8296,20284,35134,0
8297,22780,34004,0
8298,37546,12620,0
8299,15679,48834,0
8300,61447,39161,0
8301,18264,50501,0
8302,14072,41255,0
8303,57615,37796,0
8304,12635,13373,0
8305,53793,44150,0
8306,1493,52105,0
8307,23020,66180,0
8308,30069,12840,0
8309,557,42145,0
8310,27758,62700,0
8311,13829,26347,0
8312,705,22084,0
8313,56992,1291,0
8314,37509,27934,0
8315,493,26165,0
8316,2427,12323,0
8317,42910,32968,0
8318,62582,19167,0
8319,29365,50635,0
8320,63093,43579,0
8321,11730,24472,0
8322,20469,16474,0
8323,39522,66730,0
8324,25691,51661,0
8325,5142,41794,0
8326,56507,24505,0
8327,43370,11130,0
8328,54656,38218,0
8329,33356,7265,0
8330,8625,55007,0
8331,11571,28270,0
8332,9740,34830,0
8333,48597,19741,0
8334,64416,9682,0
8335,66542,12000,0
8336,32008,14058,0
8337,56887,14501,0
8338,16197,29343,0
8339,36160,5659,0
8340,3937,55380,0
8341,43618,32042,0
8342,29638,36241,0
8343,4798,21537,0
8344,23887,26203,0
8345,33935,19723,0
8346,23640,51796,0
8347,18874,7184,0
8348,57515,3300,0
8349,56591,64612,0
8350,63500,27326,0
8351,19048,4915,0
8352,48183,28927,0
8353,3991,61620,0
8354,1052,3128,0
8355,49187,54655,0
8356,50736,6101,0
8357,21685,53626,0
8358,2891,44284,0
8359,14096,61137,0
8360,33769,47580,0
8361,3779,14096,0
8362,39196,14317,0
8363,2972,51430,0
8364,54048,62501,0
8365,21693,53416,0
8366,13798,5188,0
8367,16532,56448,0
8368,46176,1214,0
8369,12846,24621,0
8370,39768,64552,0
8371,11302,1350,0
8372,34114,13547,0
8373,37410,25469,0
8374,56500,15500,0
8375,62519,27647,0
8376,46297,33527,0
8377,47435,4793,0
8378,45606,46174,0
8379,767,64305,0
8380,8331,59810,0
8381,58984,53233,0
8382,61863,14734,0
8383,20139,20189,0
8384,14789,5083,0
8385,44626,53078,0
8386,60439,52515,0
8387,7910,39697,0
8388,25999,60569,0
8389,48353,65587,0
8390,16978,67855,0
8391,48878,45722,0
8392,66592,35615,0
8393,45160,11319,0
8394,15381,12704,0
8395,5756,21405,0
8396,14286,40534,0
8397,17001,10771,0
8398,1760,27458,0
8399,38466,55738,0
8400,17350,34826,0
8401,35097,25420,0
8402,7477,58896,0
8403,20697,24928,0
8404,17492,40154,0
8405,5005,17156,0
8406,24106,10516,0
8407,38415,38837,0
8408,59699,32460,0
8409,36847,16119,0
8410,68118,25244,0
8411,63077,1203,0
8412,47601,60087,0
8413,59859,15750,0
8414,15847,15991,0
8415,67074,46463,0
8416,37732,49570,0
8417,40971,46547,0
8418,58436,59054,0
8419,56173,62456,0
8420,31930,34417,0
8421,47398,45503,0
8422,65677,64445,0
8423,36965,44329,0
8424,29503,58677,0
8425,29071,22319,0
8426,67265,45662,0
8427,44237,59375,0
8428,13235,62611,0
8429,51695,57623,0
8430,24486,32753,0
8431,65948,51192,0
8432,18625,55676,0
8433,68273,653,0
8434,17141,8148,0
8435,7103,57360,0
8436,21877,62023,0
8437,8424,55522,0
8438,52316,17318,0
8439,38252,7108,0
8440,8666,64271,0
8441,44455,64012,0
8442,49342,27472,0
8443,39491,52027,0
8444,43972,59534,0
8445,16038,19052,0
8446,55237,54897,0
8447,10854,40977,0
8448,40218,30234,0
8449,2779,18623,0
8450,40425,66182,0
8451,22117,48308,0
8452,7409,16957,0
8453,21558,59088,0
8454,17299,44711,0
8455,23903,62803,0
8456,54109,44437,0
8457,36960,41174,0
8458,14480,38571,0
8459,31717,40719,0
8460,58638,34907,0
8461,65684,51336,0
8462,11170,29092,0
8463,51370,38578,0
8464,20343,56064,0
8465,18316,38178,0
8466,52415,11373,0
8467,23108,40546,0
8468,47303,49584,0
8469,57058,12942,0
8470,19736,4173,0
8471,29106,43768,0
8472,35,25150,0
8473,25141,6855,0
8474,59432,13369,0
8475,51991,51069,0
8476,6487,11790,0
8477,61786,30902,0
8478,1199,11946,0
8479,62978,5281,0
8480,2181,30695,0
8481,22274,32860,0
8482,39213,38756,0
8483,30014,8544,0
8484,8957,55854,0
8485,9655,22445,0
8486,31623,61633,0
8487,66283,9057,0
8488,10875,22546,0
8489,15907,64739,0
8490,1697,27195,0
8491,59682,10960,0
8492,30976,9434,0
8493,4974,44856,0
8494,39120,27732,0
8495,26594,1990,0
8496,56545,57295,0
8497,20475,33292,0
8498,66063,58803,0
8499,26096,64263,0
8500,7337,32879,0
8501,30420,6628,0
8502,52771,62697,0
8503,58246,40029,0
8504,31747,39363,0
8505,28905,18595,0
8506,40475,52165,0
8507,32044,10017,0
8508,68231,67930,0
8509,31591,11897,0
8510,4930,6063,0
8511,59922,16770,0
8512,13774,40857,0
8513,27763,54224,0
8514,34749,3292,0
8515,8585,3987,0
8516,36003,21067,0
8517,40835,23116,0
8518,64818,54437,0
8519,29106,58939,0
8520,26726,32157,0
8521,19756,42332,0
8522,2583,18587,0
8523,1937,22325,0
8524,46263,36179,0
8525,10248,11538,0
8526,14638,12402,0
8527,53162,68230,0
8528,38414,32058,0
8529,12658,14731,0
8530,13523,31500,0
8531,25770,15244,0
8532,11127,44031,0
8533,37634,2913,0
8534,65349,51670,0
8535,66239,38345,0
8536,5646,36730,0
8537,1863,33799,0
8538,57388,24896,0
8539,7448,4647,0
8540,32031,48643,0
8541,67675,9268,0
8542,52396,30683,0
8543,55908,16086,0
8544,40504,53184,0
8545,57755,48691,0
8546,30712,40057,0
8547,38183,31923,0
8548,31943,43492,0
8549,17363,44155,0
8550,32224,1268,0
8551,65376,22040,0
8552,43984,51119,0
8553,49879,23385,0
8554,2864,54743,0
8555,67940,37074,0
8556,47594,29439,0
8557,15201,56788,0
8558,32292,55333,0
8559,63089,67315,0
8560,44276,22253,0
8561,9898,16220,0
8562,15627,51539,0
8563,12405,691,0
8564,51424,38298,0
8565,48443,40093,0
8566,49364,50278,0
8567,55225,12092,0
8568,2562,48039,0
8569,39030,63962,0
8570,58921,55450,0
8571,24720,41209,0
8572,46287,40987,0
8573,2081,66530,0
8574,30072,51653,0
8575,3137,41495,0
8576,44401,29115,0
8577,53370,40449,0
8578,10932,33494,0
8579,51485,32139,0
8580,48040,51535,0
8581,20469,46683,0
8582,54045,32078,0
8583,56739,10956,0
8584,47035,2021,0
8585,37256,58743,0
8586,42023,2090,0
8587,36464,52639,0
8588,17447,67389,0
8589,62967,43189,0
8590,60980,52817,0
8591,61421,26680,0
8592,59448,4328,0
8593,19456,67935,0
8594,9289,56998,0
8595,58249,15313,0
8596,43179,28451,0
8597,27608,41405,0
8598,22485,48178,0
8599,19401,8908,0
8600,34002,38292,0
8601,34264,53234,0
8602,15547,35522,0
8603,5881,27211,0
8604,19606,64657,0
8605,49895,18014,0
8606,37113,33086,0
8607,27801,15586,0
8608,13819,45931,0
8609,15733,46416,0
8610,49374,48905,0
8611,58271,47947,0
8612,42853,66141,0
8613,49919,8370,0
8614,3307,23866,0
8615,41640,19689,0
8616,65345,48908,0
8617,31532,61336,0
8618,48712,14852,0
8619,32225,42726,0
8620,54352,32614,0
8621,30483,458,0
8622,30984,67881,0
8623,22406,38692,0
8624,463,694,0
8625,61622,36444,0
8626,56938,13131,0
8627,66815,34232,0
8628,21539,14231,0
8629,34268,62023,0
8630,11806,56035,0
8631,16902,10140,0
8632,29944,46172,0
8633,7061,11989,0
8634,51287,52687,0
8635,20148,8058,0
8636,28756,22126,0
8637,32298,30931,0
8638,51907,27304,0
8639,30534,52033,0
8640,32236,7564,0
8641,16172,19353,0
8642,25704,45554,0
8643,3790,43747,0
8644,41569,10857,0
8645,43827,16251,0
8646,9130,7053,0
8647,32046,41200,0
8648,22413,39735,0
8649,433,49282,0
8650,4012,38461,0
8651,6897,40397,0
8652,43619,43167,0
8653,67055,42510,0
8654,7126,28107,0
8655,3994,27944,0
8656,12078,59337,0
8657,43816,35090,0
8658,30699,64578,0
8659,61872,33913,0
8660,2899,37079,0
8661,66738,47614,0
8662,280,13967,0
8663,47861,26795,0
8664,37933,2268,0
8665,67479,35726,0
8666,26,12901,0
8667,40379,31592,0
8668,33967,27885,0
8669,53438,49246,0
8670,58962,49525,0
8671,58280,24626,0
8672,50349,24849,0
8673,5861,56340,0
8674,54731,33516,0
8675,6857,5421,0
8676,20033,66956,0
8677,15823,26685,0
8678,66254,48128,0
8679,47281,28118,0
8680,51855,23363,0
8681,5562,43974,0
8682,40421,19187,0
8683,34383,51101,0
8684,55510,44189,0
8685,14604,6649,0
8686,25262,24525,0
8687,18970,32358,0
8688,12397,3272,0
8689,207,62979,0
8690,10376,59163,0
8691,64768,26499,0
8692,52710,34451,0
8693,33226,49869,0
8694,56679,63655,0
8695,17927,60472,0
8696,22867,50324,0
8697,44660,8655,0
8698,36270,51641,0
8699,8922,60749,0
8700,8982,61380,0
8701,52645,17052,0
8702,53374,13621,0
8703,32010,53203,0
8704,5106,40591,0
8705,26814,17419,0
8706,20891,13043,0
8707,37841,32022,0
8708,7422,17856,0
8709,20395,29800,0
8710,24375,3750,0
8711,29240,15618,0
8712,64468,64899,0
8713,67530,58552,0
8714,30148,23716,0
8715,52484,13126,0
8716,13220,60644,0
8717,10482,65683,0
8718,67254,49406,0
8719,40619,61311,0
8720,45598,27498,0
8721,5572,54756,0
8722,14782,64281,0
8723,1934,7963,0
8724,32026,15515,0
8725,17694,53765,0
8726,136,34896,0
8727,55878,40219,0
8728,36143,26841,0
8729,55208,39247,0
8730,27060,63827,0
8731,59819,37522,0
8732,24085,24448,0
8733,39447,10172,0
8734,7894,43237,0
8735,31609,56686,0
8736,31681,22472,0
8737,67835,57232,0
8738,67622,21797,0
8739,37753,26780,0
8740,20734,28405,0
8741,1993,22408,0
8742,52767,86,0
8743,33880,47874,0
8744,31500,29500,0
8745,42939,43248,0
8746,35871,930,0
8747,22972,15554,0
8748,56917,3487,0
8749,25402,44769,0
8750,56438,35471,0
8751,43092,50631,0
8752,22951,5395,0
8753,48309,7615,0
8754,45100,46911,0
8755,20542,35839,0
8756,42679,32587,0
8757,18339,31866,0
8758,38499,9538,0
8759,38176,26449,0
8760,16038,39838,0
8761,61199,32480,0
8762,44868,29039,0
8763,36564,28687,0
8764,23379,33671,0
8765,32121,37044,0
8766,27488,24972,0
8767,54927,47656,0
8768,6830,21737,0
8769,7205,56768,0
8770,17704,41144,0
8771,61643,45361,0
8772,35510,34407,0
8773,64323,35754,0
8774,31060,21023,0
8775,36197,37544,0
8776,726,30223,0
8777,52516,23131,0
8778,65288,52271,0
8779,47224,19165,0
8780,22337,39239,0
8781,13546,40470,0
8782,30009,23240,0
8783,27438,50344,0
8784,28202,17202,0
8785,65922,54740,0
8786,67511,65169,0
8787,12549,61296,0
8788,57866,47609,0
8789,43603,61291,0
8790,42535,22831,0
8791,56801,49461,0
8792,7314,5339,0
8793,58056,59541,0
8794,27131,28345,0
8795,55572,27556,0
8796,36603,56181,0
8797,10489,33148,0
8798,23231,62417,0
8799,19656,64270,0
8800,45466,66666,0
8801,39506,4373,0
8802,40808,25990,0
8803,26319,63784,0
8804,215,54801,0
8805,58842,15810,0
8806,8375,26298,0
8807,34126,66991,0
8808,65393,14651,0
8809,31036,19177,0
8810,59779,49904,0
8811,12807,40590,0
8812,22745,65050,0
8813,9969,55652,0
8814,61579,13672,0
8815,25057,52420,0
8816,17513,28552,0
8817,57423,21778,0
8818,65075,4445,0
8819,48459,53048,0
8820,37002,51860,0
8821,14958,58471,0
8822,37279,14192,0
8823,36233,2845,0
8824,30823,1145,0
8825,5212,12769,0
8826,8243,46850,0
8827,51588,43087,0
8828,1962,29790,0
8829,29652,58100,0
8830,21777,67304,0
8831,45066,57018,0
8832,55293,52406,0
8833,60479,36637,0
8834,64012,57853,0
8835,19701,32819,0
8836,4774,29289,0
8837,43652,22018,0
8838,63647,52053,0
8839,23522,15148,0
8840,62780,40815,0
8841,14570,42085,0
8842,61822,30070,0
8843,11090,3504,0
8844,14474,37751,0
8845,20469,58029,0
8846,33690,36809,0
8847,62798,59143,0
8848,26782,43447,0
8849,21683,25454,0
8850,45455,63205,0
8851,5156,46829,0
8852,67003,13921,0
8853,59688,67372,0
8854,10192,58440,0
8855,43892,63655,0
8856,58200,60272,0
8857,9416,24009,0
8858,21928,31202,0
8859,46950,19785,0
8860,44731,54895,0
8861,30436,22051,0
8862,16188,38513,0
8863,35838,10869,0
8864,38456,44953,0
8865,50919,5908,0
8866,6704,58033,0
8867,26601,50941,0
8868,33840,55401,0
8869,49663,14377,0
8870,6163,66005,0
8871,5896,40427,0
8872,48177,4671,0
8873,61428,1126,0
8874,32299,12067,0
8875,6431,57207,0
8876,25132,54887,0
8877,50959,41150,0
8878,24085,193,0
8879,40200,22681,0
8880,37271,1561,0
8881,44498,9653,0
8882,62333,11098,0
8883,3983,33011,0
8884,29086,66123,0
8885,21570,35679,0
8886,66197,66178,0
8887,38794,34688,0
8888,51020,61044,0
8889,1759,40075,0
8890,45639,19014,0
8891,28723,26098,0
8892,24664,41534,0
8893,40348,26026,0
8894,19396,39503,0
8895,49291,10409,0
8896,38678,16360,0
8897,60949,9496,0
8898,26151,8731,0
8899,20045,60350,0
8900,43334,42100,0
8901,12613,2897,0
8902,44361,62289,0
8903,64000,11278,0
8904,65527,24697,0
8905,9648,17757,0
8906,63972,12497,0
8907,50116,62294,0
8908,27446,38969,0
8909,56547,65200,0
8910,28655,38285,0
8911,58900,63172,0
8912,59225,38666,0
8913,16766,54554,0
8914,13018,46793,0
8915,32557,36785,0
8916,24469,31416,0
8917,53806,2463,0
8918,25444,61219,0
8919,45631,23710,0
8920,14557,12250,0
8921,62213,48949,0
8922,17211,47059,0
8923,43850,38761,0
8924,25215,21591,0
8925,17713,17837,0
8926,34579,57528,0
8927,67042,3694,0
8928,61145,6085,0
8929,51413,26150,0
8930,47954,14333,0
8931,31865,14324,0
8932,67823,60003,0
8933,59202,18806,0
8934,56175,40879,0
8935,26096,30155,0
8936,47723,4416,0
8937,59438,56541,0
8938,60128,25570,0
8939,5506,30881,0
8940,65453,5935,0
8941,62097,10579,0
8942,24065,7873,0
8943,65199,30083,0
8944,39520,54376,0
8945,46447,33500,0
8946,30065,16247,0
8947,1273,30064,0
8948,16823,39004,0
8949,60387,56271,0
8950,34400,16881,0
8951,48561,31271,0
8952,19277,19475,0
8953,15173,8880,0
8954,27110,7651,0
8955,3620,25854,0
8956,55855,24127,0
8957,5688,55050,0
8958,19898,52367,0
8959,7448,24097,0
8960,46765,62695,0
8961,67747,5650,0
8962,45949,42750,0
8963,20571,29866,0
8964,58134,35363,0
8965,5500,13600,0
8966,18331,62776,0
8967,19962,50176,0
8968,9720,7057,0
8969,64045,64238,0
8970,2107,30876,0
8971,9147,52899,0
8972,30737,44191,0
8973,47251,10954,0
8974,5362,68150,0
8975,36286,45617,0
8976,23528,41285,0
8977,26118,67415,0
8978,47926,1645,0
8979,40856,4688,0
8980,34902,17700,0
8981,34388,27817,0
8982,34425,20748,0
8983,60825,57223,0
8984,47299,58969,0
8985,66879,18276,0
8986,66563,4182,0
8987,40921,62769,0
8988,50611,58705,0
8989,31421,30098,0
8990,23879,16488,0
8991,33840,45719,0
8992,10296,33038,0
8993,14385,46838,0
8994,23201,20366,0
8995,60456,53794,0
8996,62290,13253,0
8997,40190,54620,0
8998,49281,59643,0
8999,1238,38826,0
9000,55056,27505,0
9001,4471,44899,0
9002,48934,28214,0
9003,26210,39806,0
9004,49964,45518,0
9005,56428,18248,0
9006,64903,31284,0
9007,13812,7332,0
9008,46368,45778,0
9009,36598,18005,0
9010,21449,9043,0
9011,60276,27943,0
9012,59274,44269,0
9013,6626,40129,0
9014,6159,30324,0
9015,16315,46668,0
9016,35710,52486,0
9017,55572,47943,0
9018,19872,56961,0
9019,59794,35860,0
9020,26031,47694,0
9021,41792,55740,0
9022,55243,26055,0
9023,36008,35410,0
9024,4936,50109,0
9025,51379,38260,0
9026,43261,62321,0
9027,19945,11750,0
9028,16235,35966,0
9029,1578,16696,0
9030,25623,29544,0
9031,25004,38290,0
9032,30424,29021,0
9033,29625,54871,0
9034,17477,59910,0
9035,37789,60219,0
9036,62194,41301,0
9037,29607,6680,0
9038,27107,31394,0
9039,13783,6043,0
9040,52189,12286,0
9041,42065,29988,0
9042,45029,54750,0
9043,4006,16651,0
9044,44696,51077,0
9045,20642,64051,0
9046,57827,58848,0
9047,24123,20857,0
9048,26978,3003,0
9049,33618,30817,0
9050,14597,33106,0
9051,59614,15560,0
9052,38797,21036,0
9053,55413,57513,0
9054,41392,49731,0
9055,12831,7845,0
9056,25571,14003,0
9057,47841,3621,0
9058,12148,22957,0
9059,43752,53744,0
9060,45068,47115,0
9061,49478,63460,0
9062,38794,37238,0
9063,50952,51864,0
9064,11008,10826,0
9065,33026,35905,0
9066,17338,38826,0
9067,68374,49304,0
9068,9333,30214,0
9069,38627,35471,0
9070,17760,66829,0
9071,43466,10024,0
9072,34013,929,0
9073,39794,30905,0
9074,66485,36779,0
9075,10103,58258,0
9076,34011,28427,0
9077,65464,12138,0
9078,47237,57309,0
9079,1073,3968,0
9080,11608,19399,0
9081,16402,62576,0
9082,34186,3406,0
9083,6355,58494,0
9084,59966,62324,0
9085,62960,34401,0
9086,43562,42090,0
9087,54818,39965,0
9088,54379,7609,0
9089,50687,43924,0
9090,22248,18320,0
9091,52472,21607,0
9092,52683,36215,0
9093,64683,38841,0
9094,37633,42055,0
9095,58224,38982,0
9096,20637,63512,0
9097,40079,12758,0
9098,22925,11882,0
9099,52058,5015,0
9100,9161,53726,0
9101,21793,47802,0
9102,17566,51978,0
9103,66959,36693,0
9104,10937,9371,0
9105,65820,56853,0
9106,35726,6046,0
9107,11622,42691,0
9108,52972,37111,0
9109,30084,32932,0
9110,39264,4888,0
9111,5593,50039,0
9112,67296,41510,0
9113,30650,21065,0
9114,5073,47067,0
9115,1725,8636,0
9116,60302,15456,0
9117,41057,48461,0
9118,13755,59824,0
9119,20843,1687,0
9120,42568,1114,0
9121,14712,37842,0
9122,33324,35224,0
9123,44870,60569,0
9124,14984,4377,0
9125,56495,9878,0
9126,53098,24182,0
9127,9839,1763,0
9128,39849,66133,0
9129,1502,13594,0
9130,20634,9706,0
9131,59259,24182,0
9132,50724,33677,0
9133,33079,23441,0
9134,29999,6950,0
9135,513,9994,0
9136,37427,27914,0
9137,34897,17525,0
9138,63004,16479,0
9139,30368,3227,0
9140,36890,17734,0
9141,43627,23258,0
9142,19179,16791,0
9143,41173,52133,0
9144,38966,67859,0
9145,9695,62112,0
9146,65544,6813,0
9147,9473,61893,0
9148,1747,34515,0
9149,21572,22682,0
9150,32563,46867,0
9151,64027,43304,0
9152,56453,26270,0
9153,25111,25756,0
9154,54319,28657,0
9155,27926,35500,0
9156,42870,33551,0
9157,46166,47458,0
9158,57161,37494,0
9159,46366,9894,0
9160,26309,64051,0
9161,12975,4598,0
9162,15612,32085,0
9163,16990,9162,0
9164,31680,13863,0
9165,43369,30160,0
9166,64295,56936,0
9167,67003,57080,0
9168,57585,63099,0
9169,22170,24833,0
9170,66321,61096,0
9171,10490,36385,0
9172,27742,3169,0
9173,57163,54445,0
9174,19150,23303,0
9175,22193,5010,0
9176,55443,47052,0
9177,42743,17410,0
9178,1484,64509,0
9179,24025,623,0
9180,65181,65806,0
9181,14948,43819,0
9182,20721,52501,0
9183,34775,18249,0
9184,63857,20116,0
9185,16958,41652,0
9186,48245,9675,0
9187,65056,3810,0
9188,53770,56147,0
9189,7005,53672,0
9190,49741,15308,0
9191,40334,25845,0
9192,4058,48238,0
9193,21013,54326,0
9194,26314,24347,0
9195,35911,59119,0
9196,19301,39265,0
9197,52254,25537,0
9198,39445,6392,0
9199,14380,9930,0
9200,627,51050,0
9201,52521,22021,0
9202,30918,49194,0
9203,59369,53839,0
9204,8181,31160,0
9205,22277,55919,0
9206,40862,57479,0
9207,38331,46781,0
9208,50371,68076,0
9209,28766,13847,0
9210,22869,39249,0
9211,13118,67404,0
9212,13372,47943,0
9213,51287,11239,0
9214,16443,3832,0
9215,52211,12313,0
9216,65689,53442,0
9217,2018,54550,0
9218,50999,53922,0
9219,60773,30411,0
9220,35092,33430,0
9221,14481,18149,0
9222,28804,40532,0
9223,58105,47991,0
9224,42970,13692,0
9225,36581,30999,0
9226,66308,18808,0
9227,11045,40489,0
9228,15643,52606,0
9229,56972,6084,0
9230,31354,39640,0
9231,35329,36401,0
9232,7941,50425,0
9233,12608,21081,0
9234,41774,37629,0
9235,29655,20001,0
9236,29643,8612,0
9237,61381,41464,0
9238,3517,23831,0
9239,19571,10703,0
9240,12743,23190,0
9241,27833,51869,0
9242,21464,25448,0
9243,18612,3182,0
9244,35394,49755,0
9245,3315,11450,0
9246,34206,34874,0
9247,7911,36840,0
9248,17244,40362,0
9249,47930,64586,0
9250,41853,61763,0
9251,58312,51762,0
9252,26831,27380,0
9253,48777,12788,0
9254,54195,51325,0
9255,20867,63980,0
9256,227,12953,0
9257,43343,64999,0
9258,27225,33048,0
9259,51985,59929,0
9260,23063,40761,0
9261,22166,7967,0
9262,50214,15339,0
9263,52841,7556,0
9264,34517,25669,0
9265,41504,66416,0
9266,47247,17710,0
9267,38770,2279,0
9268,11755,28415,0
9269,17862,52844,0
9270,62967,23486,0
9271,11673,46341,0
9272,35716,35185,0
9273,5047,16117,0
9274,39443,61726,0
9275,14637,28950,0
9276,41045,44137,0
9277,14612,41479,0
9278,17169,66952,0
9279,57829,67478,0
9280,6117,40611,0
9281,68144,12290,0
9282,63159,65910,0
9283,24781,45437,0
9284,65123,46278,0
9285,41103,60233,0
9286,51695,43999,0
9287,37882,15034,0
9288,35967,37330,0
9289,13101,61476,0
9290,3515,5758,0
9291,2650,3886,0
9292,36615,53923,0
9293,20403,17213,0
9294,3741,66638,0
9295,12666,55638,0
9296,34299,2889,0
9297,36769,23586,0
9298,22601,23530,0
9299,33729,14728,0
9300,68010,52127,0
9301,25227,36340,0
9302,31984,58502,0
9303,45298,22914,0
9304,65353,11537,0
9305,41407,10499,0
9306,22895,20720,0
9307,22727,20803,0
9308,26224,16,0
9309,20674,52731,0
9310,33486,6003,0
9311,8377,21718,0
9312,1081,58958,0
9313,49693,29509,0
9314,58400,38429,0
9315,10147,61187,0
9316,45557,1765,0
9317,438,67080,0
9318,65454,58763,0
9319,60259,41451,0
9320,35429,16501,0
9321,44137,35615,0
9322,62422,67667,0
9323,60212,21868,0
9324,55283,49778,0
9325,6575,31992,0
9326,22446,47770,0
9327,4362,11963,0
9328,34958,6967,0
9329,57006,46277,0
9330,62570,66979,0
9331,38483,355,0
9332,6171,51100,0
9333,60285,66307,0
9334,39514,56068,0
9335,53166,45165,0
9336,55251,26436,0
9337,21128,57620,0
9338,61664,752,0
9339,35301,40866,0
9340,66532,48387,0
9341,26039,66195,0
9342,60404,58077,0
9343,5003,24182,0
9344,40175,58434,0
9345,22708,7270,0
9346,53855,45779,0
9347,29690,62538,0
9348,39486,55716,0
9349,15195,14913,0
9350,47757,39824,0
9351,19877,4059,0
9352,4178,39065,0
9353,57864,57491,0
9354,23105,48326,0
9355,34254,11914,0
9356,4552,42867,0
9357,49651,57143,0
9358,48730,22245,0
9359,32097,30250,0
9360,44472,25943,0
9361,29231,34059,0
9362,48379,62016,0
9363,17729,5483,0
9364,41211,6597,0
9365,26565,1831,0
9366,40165,24818,0
9367,36673,63894,0
9368,12293,5797,0
9369,53489,16995,0
9370,38425,27472,0
9371,58089,5614,0
9372,28906,35442,0
9373,32825,59313,0
9374,17404,54256,0
9375,39826,755,0
9376,14795,120,0
9377,50199,43335,0
9378,8689,23180,0
9379,9147,48523,0
9380,49951,61525,0
9381,26626,26991,0
9382,37834,47378,0
9383,12258,66585,0
9384,26514,7511,0
9385,12181,30247,0
9386,29797,52570,0
9387,890,30608,0
9388,3894,51300,0
9389,55769,37333,0
9390,17927,26727,0
9391,34692,6432,0
9392,11981,12080,0
9393,3643,10714,0
9394,28547,43550,0
9395,57365,38611,0
9396,19085,4681,0
9397,41512,31397,0
9398,60114,67863,0
9399,17474,8907,0
9400,66198,64110,0
9401,42105,66098,0
9402,68275,25489,0
9403,57782,24968,0
9404,29535,64465,0
9405,15283,45866,0
9406,55641,8943,0
9407,58864,35231,0
9408,50492,44864,0
9409,49794,22080,0
9410,51224,41319,0
9411,47523,13087,0
9412,63546,42908,0
9413,48099,7050,0
9414,40199,52666,0
9415,2639,23350,0
9416,35286,54720,0
9417,25741,32886,0
9418,9211,1870,0
9419,207,42958,0
9420,50840,42125,0
9421,18367,63593,0
9422,67365,40470,0
9423,24261,37822,0
9424,38970,21448,0
9425,63216,14008,0
9426,34336,9261,0
9427,16334,6978,0
9428,36948,3281,0
9429,49841,66566,0
9430,33280,27310,0
9431,38054,44469,0
9432,27062,8790,0
9433,51959,67455,0
9434,54918,24899,0
9435,43746,10178,0
9436,19282,43605,0
9437,26355,52169,0
9438,40759,49608,0
9439,4947,49094,0
9440,58559,24105,0
9441,34865,27364,0
9442,35400,45836,0
9443,27480,36548,0
9444,64650,26816,0
9445,12669,49638,0
9446,7214,27163,0
9447,50515,66135,0
9448,53130,29743,0
9449,45668,17162,0
9450,33105,64740,0
9451,53289,48887,0
9452,3839,60595,0
9453,12622,17369,0
9454,60109,66103,0
9455,36798,42271,0
9456,28078,47934,0
9457,33188,56409,0
9458,44082,45380,0
9459,25901,13987,0
9460,43339,59612,0
9461,66097,55928,0
9462,44398,45508,0
9463,40777,53013,0
9464,13431,8998,0
9465,41102,26145,0
9466,6376,15636,0
9467,37183,16294,0
9468,39382,672,0
9469,38537,45779,0
9470,31722,64427,0
9471,7151,18447,0
9472,47297,22141,0
9473,57577,66728,0
9474,34783,14945,0
9475,51108,24741,0
9476,37185,27128,0
9477,57549,34920,0
9478,20052,30508,0
9479,20994,35480,0
9480,10489,21890,0
9481,48560,57284,0
9482,62075,3870,0
9483,31931,15361,0
9484,35571,65324,0
9485,17615,64611,0
9486,6380,3503,0
9487,10736,34348,0
9488,45752,50645,0
9489,25336,18595,0
9490,8910,63815,0
9491,36384,14245,0
9492,6588,36017,0
9493,20160,35377,0
9494,505,4923,0
9495,42872,9154,0
9496,11489,64332,0
9497,53235,38571,0
9498,55399,29318,0
9499,4737,51390,0
9500,36768,14321,0
9501,17897,67573,0
9502,12521,17394,0
9503,62885,15777,0
9504,14466,47211,0
9505,13456,52079,0
9506,13397,4446,0
9507,49813,25599,0
9508,13107,31208,0
9509,6698,17732,0
9510,68214,52999,0
9511,36424,38294,0
9512,3797,49014,0
9513,66077,701,0
9514,42995,51726,0
9515,55019,38664,0
9516,40251,531,0
9517,63503,10120,0
9518,61478,27866,0
9519,51452,14184,0
9520,20475,806,0
9521,31143,48421,0
9522,62337,11200,0
9523,50876,39801,0
9524,60107,13600,0
9525,49364,56484,0
9526,12855,36431,0
9527,39091,64066,0
9528,20985,12976,0
9529,7644,30621,0
9530,32604,20448,0
9531,7397,19208,0
9532,50330,20828,0
9533,39547,58320,0
9534,45253,21366,0
9535,54864,23074,0
9536,40449,20945,0
9537,27892,15321,0
9538,44522,41266,0
9539,59351,51733,0
9540,18351,25981,0
9541,6124,32430,0
9542,20154,12296,0
9543,28862,47874,0
9544,29276,57280,0
9545,1376,16613,0
9546,67650,46242,0
9547,47963,20969,0
9548,26767,44337,0
9549,20656,14456,0
9550,15894,43020,0
9551,4077,5905,0
9552,21928,1900,0
9553,41512,59994,0
9554,23522,54454,0
9555,5652,14979,0
9556,41932,42220,0
9557,9141,38936,0
9558,14639,25196,0
9559,56024,67505,0
9560,10829,43955,0
9561,29372,27214,0
9562,28683,62676,0
9563,56888,32452,0
9564,35173,44443,0
9565,8148,56684,0
9566,20250,14738,0
9567,55045,51865,0
9568,19304,58200,0
9569,36308,52313,0
9570,16941,59416,0
9571,22684,56937,0
9572,35628,43606,0
9573,33170,37571,0
9574,4089,54468,0
9575,5072,58982,0
9576,45892,19561,0
9577,43984,57618,0
9578,31750,36589,0
9579,13646,40535,0
9580,32236,42690,0
9581,19985,10694,0
9582,54602,25367,0
9583,14446,11420,0
9584,24140,30604,0
9585,56262,30592,0
9586,33842,51196,0
9587,44842,20745,0
9588,9286,66760,0
9589,52381,5060,0
9590,38528,41524,0
9591,16900,28194,0
9592,40078,41777,0
9593,51747,55025,0
9594,44252,42731,0
9595,33252,22773,0
9596,31047,26373,0
9597,26904,49535,0
9598,55770,8689,0
9599,12865,14328,0
9600,37389,58523,0
9601,26560,28010,0
9602,10889,10660,0
9603,61575,62184,0
9604,22163,12423,0
9605,51211,64179,0
9606,55703,22853,0
9607,19151,12867,0
9608,35429,40975,0
9609,14887,42282,0
9610,1769,37239,0
9611,61789,51929,0
9612,11905,28423,0
9613,54770,66191,0
9614,15291,12715,0
9615,30629,7993,0
9616,6252,21150,0
9617,13721,59344,0
9618,40662,68227,0
9619,67709,5997,0
9620,33451,22315,0
9621,12917,66894,0
9622,28138,13852,0
9623,11932,8006,0
9624,25824,7748,0
9625,36190,11190,0
9626,65708,1446,0
9627,63766,21411,0
9628,62335,51879,0
9629,61363,68149,0
9630,57426,40423,0
9631,16339,32068,0
9632,65416,6528,0
9633,10248,55353,0
9634,29835,7647,0
9635,1782,41888,0
9636,22045,15365,0
9637,51739,539,0
9638,32717,40362,0
9639,34532,62463,0
9640,56183,54775,0
9641,35548,7978,0
9642,66483,58824,0
9643,49338,52225,0
9644,47454,66019,0
9645,5092,31020,0
9646,41985,16745,0
9647,52839,10554,0
9648,5661,30104,0
9649,60136,30306,0
9650,64563,12470,0
9651,22410,56863,0
9652,59935,54945,0
9653,41081,46494,0
9654,28142,24138,0
9655,17513,65038,0
9656,43815,64745,0
9657,13107,53266,0
9658,11036,10365,0
9659,54624,50131,0
9660,29875,25961,0
9661,37743,43572,0
9662,14166,41121,0
9663,22725,48694,0
9664,13240,40387,0
9665,57145,8097,0
9666,30203,54601,0
9667,9913,58201,0
9668,61296,35737,0
9669,40054,4516,0
9670,5079,54238,0
9671,48327,5448,0
9672,68321,51730,0
9673,38412,18056,0
9674,29294,154,0
9675,9787,47046,0
9676,9704,55442,0
9677,16151,37504,0
9678,49592,14505,0
9679,53253,10633,0
9680,51261,16628,0
9681,39617,59866,0
9682,56156,60293,0
9683,47344,21902,0
9684,30658,28045,0
9685,34951,2976,0
9686,41074,59814,0
9687,35714,20144,0
9688,62681,58470,0
9689,7340,42688,0
9690,46287,63549,0
9691,59134,33334,0
9692,30773,64875,0
9693,42686,40652,0
9694,3988,11936,0
9695,37601,11879,0
9696,17819,64814,0
9697,62768,3064,0
9698,50060,9800,0
9699,67335,57024,0
9700,67624,55407,0
9701,34645,39622,0
9702,41477,58186,0
9703,50004,6824,0
9704,40992,37793,0
9705,55176,51636,0
9706,26978,29508,0
9707,52157,44026,0
9708,21644,20238,0
9709,31802,26830,0
9710,57989,13424,0
9711,9958,65610,0
9712,36071,57425,0
9713,55203,53757,0
9714,44,52051,0
9715,63324,61586,0
9716,13192,1955,0
9717,5946,67872,0
9718,32091,67979,0
9719,48086,11775,0
9720,67128,14085,0
9721,20616,65688,0
9722,48544,56449,0
9723,15918,15045,0
9724,31335,23788,0
9725,26672,55764,0
9726,49664,11160,0
9727,28883,51548,0
9728,67069,41223,0
9729,41999,55885,0
9730,55349,67285,0
9731,64498,45492,0
9732,48587,10466,0
9733,10371,12612,0
9734,32346,59521,0
9735,24575,25739,0
9736,19958,19784,0
9737,54164,29696,0
9738,55478,24323,0
9739,2149,28404,0
9740,35496,11814,0
9741,59646,28428,0
9742,35162,62326,0
9743,64460,8948,0
9744,65819,33508,0
9745,38381,7827,0
9746,44281,57088,0
9747,34218,63145,0
9748,51480,9926,0
9749,47499,13438,0
9750,10455,33844,0
9751,37748,8141,0
9752,60314,39669,0
9753,34826,7381,0
9754,56094,4673,0
9755,58315,23526,0
9756,8731,53171,0
9757,35669,38112,0
9758,6357,47460,0
9759,64949,5640,0
9760,40892,54755,0
9761,10165,47896,0
9762,46982,18300,0
9763,67193,66785,0
9764,2102,41184,0
9765,33654,36459,0
9766,64262,382,0
9767,8167,25668,0
9768,49963,64716,0
9769,52560,11512,0
9770,22994,7508,0
9771,63957,14728,0
9772,27888,11262,0
9773,23765,19590,0
9774,57651,60697,0
9775,1315,20439,0
9776,66647,21768,0
9777,30861,52412,0
9778,1489,41082,0
9779,2811,43332,0
9780,49253,24931,0
9781,30752,64958,0
9782,43941,20914,0
9783,11222,37625,0
9784,8206,21930,0
9785,12596,34712,0
9786,30171,66147,0
9787,66189,1217,0
9788,50120,51284,0
9789,15505,61346,0
9790,41887,44079,0
9791,67305,23604,0
9792,53359,19961,0
9793,29904,11229,0
9794,48888,6849,0
9795,52447,19299,0
9796,37649,22549,0
9797,42826,31050,0
9798,11203,55246,0
9799,4211,18504,0
9800,14820,60434,0
9801,20297,27125,0
9802,11993,60901,0
9803,61978,13769,0
9804,48959,2496,0
9805,50640,27011,0
9806,13693,3502,0
9807,8029,17532,0
9808,10008,19234,0
9809,9292,340,0
9810,8660,20709,0
9811,19161,62183,0
9812,169,27458,0
9813,7503,32125,0
9814,55241,2142,0
9815,56387,59318,0
9816,52094,26665,0
9817,57545,17994,0
9818,28999,38228,0
9819,22586,16773,0
9820,11238,46439,0
9821,56492,35477,0
9822,31966,51935,0
9823,15483,16541,0
9824,65229,27947,0
9825,28767,2573,0
9826,21470,25965,0
9827,38285,58200,0
9828,59756,780,0
9829,55752,27518,0
9830,66293,34436,0
9831,55393,22149,0
9832,59393,11532,0
9833,16954,35697,0
9834,35074,66731,0
9835,57423,35327,0
9836,44213,62625,0
9837,38381,2754,0
9838,39588,55204,0
9839,35422,51748,0
9840,2245,60636,0
9841,42848,29949,0
9842,12336,46247,0
9843,5290,52491,0
9844,2564,52824,0
9845,21820,65302,0
9846,36151,11946,0
9847,30129,22021,0
9848,8590,26026,0
9849,52935,29328,0
9850,48343,32970,0
9851,14946,4675,0
9852,38931,14246,0
9853,8969,15990,0
9854,5972,40400,0
9855,49165,48480,0
9856,8133,51865,0
9857,56428,31013,0
9858,50837,43991,0
9859,57540,38506,0
9860,12319,26518,0
9861,41645,68381,0
9862,39421,8813,0
9863,54986,12472,0
9864,62728,66428,0
9865,62922,63517,0
9866,31939,38925,0
9867,64650,7940,0
9868,9474,10717,0
9869,14920,59459,0
9870,55396,22704,0
9871,23587,67515,0
9872,64944,17009,0
9873,58929,3795,0
9874,53489,66218,0
9875,39963,58959,0
9876,36712,7013,0
9877,36392,61974,0
9878,65768,33652,0
9879,22339,40995,0
9880,61883,29194,0
9881,54397,64592,0
9882,39910,58395,0
9883,59829,25136,0
9884,64959,38832,0
9885,8424,58648,0
9886,18896,64998,0
9887,20408,49271,0
9888,66904,59685,0
9889,58239,20548,0
9890,54265,6066,0
9891,11489,47914,0
9892,43320,53105,0
9893,59485,9927,0
9894,64944,64353,0
9895,15496,32062,0
9896,42345,62803,0
9897,27519,13791,0
9898,34722,46678,0
9899,53470,14238,0
9900,55425,13942,0
9901,39941,37195,0
9902,10222,29570,0
9903,60825,6739,0
9904,64514,44785,0
9905,22931,28314,0
9906,38812,43011,0
9907,65510,7627,0
9908,16331,29824,0
9909,34223,64704,0
9910,57885,58854,0
9911,40725,54802,0
9912,45643,63804,0
9913,4605,35516,0
9914,61892,32102,0
9915,37113,4284,0
9916,51440,57706,0
9917,16343,24042,0
9918,11473,43591,0
9919,58152,66005,0
9920,50021,41776,0
9921,10956,45227,0
9922,54921,17682,0
9923,44740,5593,0
9924,11077,19754,0
9925,58236,24495,0
9926,53816,56174,0
9927,49162,59962,0
9928,62416,33292,0
9929,52650,55008,0
9930,4972,20037,0
9931,56511,31834,0
9932,61828,30362,0
9933,56028,29579,0
9934,42549,9339,0
9935,37291,44846,0
9936,7507,27655,0
9937,50703,67824,0
9938,50460,66265,0
9939,51801,2571,0
9940,43743,67308,0
9941,34065,65638,0
9942,62126,11451,0
9943,27280,5603,0
9944,45686,6445,0
9945,55977,26427,0
9946,39317,3497,0
9947,23509,7922,0
9948,65799,58635,0
9949,63670,25878,0
9950,17427,17828,0
9951,28483,38144,0
9952,42224,7417,0
9953,62370,53255,0
9954,58904,27665,0
9955,11335,42189,0
9956,40345,15890,0
9957,63935,37714,0
9958,55213,37549,0
9959,15749,67980,0
9960,35097,51545,0
9961,26688,19370,0
9962,24488,65810,0
9963,28658,29139,0
9964,51371,19861,0
9965,21639,31320,0
9966,42099,44135,0
9967,28053,57327,0
9968,13923,4748,0
9969,62866,17967,0
9970,21163,30564,0
9971,51168,20188,0
9972,3679,18518,0
9973,50563,37469,0
9974,50654,22011,0
9975,18367,15754,0
9976,17079,35559,0
9977,52402,45587,0
9978,10691,13994,0
9979,21379,29243,0
9980,3698,20757,0
9981,64794,23684,0
9982,41977,50969,0
9983,62639,2462,0
9984,3249,29806,0
9985,52723,21003,0
9986,63980,39471,0
9987,18689,22333,0
9988,9044,2047,0
9989,40888,27333,0
9990,47166,8820,0
9991,36621,22083,0
9992,46015,49948,0
9993,36116,41070,0
9994,61078,33619,0
9995,1239,55165,0
9996,49269,40872,0
9997,236,34644,0
9998,58038,20768,0
9999,13335,27869,0
10000,16050,16096,0
10001,67129,17847,0
10002,62838,67061,0
10003,49825,28146,0
10004,60884,12839,0
10005,9442,34252,0
10006,32066,53290,0
10007,26874,6869,0
10008,63846,15788,0
10009,33475,62791,0
10010,39291,18115,0
10011,37926,58306,0
10012,21790,32656,0
10013,44089,65108,0
10014,46924,7451,0
10015,12873,23986,0
10016,63138,38643,0
10017,48663,24634,0
10018,64876,19709,0
10019,39196,21802,0
10020,20799,20913,0
10021,61744,15187,0
10022,13919,39959,0
10023,63060,67773,0
10024,31664,34136,0
10025,24316,34018,0
10026,33221,15580,0
10027,9069,55862,0
10028,45067,51864,0
10029,8572,14883,0
10030,13704,40276,0
10031,45308,29731,0
10032,34997,23724,0
10033,23996,20507,0
10034,6617,38081,0
10035,20557,28033,0
10036,28760,34567,0
10037,42845,27111,0
10038,20952,36301,0
10039,28067,64548,0
10040,27891,47288,0
10041,53574,1237,0
10042,6435,36424,0
10043,43702,30857,0
10044,20657,51533,0
10045,36612,32347,0
10046,47676,65753,0
10047,29388,6362,0
10048,57062,40571,0
10049,46653,50861,0
10050,53591,65978,0
10051,37260,25632,0
10052,13461,63415,0
10053,37585,929,0
10054,51659,61582,0
10055,28271,34546,0
10056,12139,63852,0
10057,23275,37852,0
10058,58622,29300,0
10059,20987,30389,0
10060,33838,12845,0
10061,39858,5255,0
10062,17555,13310,0
10063,29971,30457,0
10064,47471,39104,0
10065,65293,34331,0
10066,29418,47821,0
10067,4394,12493,0
10068,64926,47019,0
10069,8172,25913,0
10070,66584,54299,0
10071,37196,54674,0
10072,63055,63519,0
10073,40518,40297,0
10074,14266,51803,0
10075,59451,45242,0
10076,8022,50738,0
10077,19114,29152,0
10078,9301,61552,0
10079,65914,60914,0
10080,49795,10234,0
10081,12547,39182,0
10082,4122,57753,0
10083,57174,2516,0
10084,64876,24553,0
10085,8650,32378,0
10086,21310,48557,0
10087,26028,32181,0
10088,7187,42270,0
10089,46282,32931,0
10090,47105,13365,0
10091,28978,47489,0
10092,62952,52781,0
10093,42942,13876,0
10094,20899,9064,0
10095,43698,43555,0
10096,4294,40178,0
10097,63511,32587,0
10098,36797,57518,0
10099,40101,3742,0
10100,24348,39071,0
10101,53601,29311,0
10102,23246,11467,0
10103,29444,43433,0
10104,17368,61853,0
10105,8129,25174,0
10106,65624,15096,0
10107,883,51664,0
10108,40167,37194,0
10109,38597,50735,0
10110,45758,31081,0
10111,7112,54959,0
10112,44375,37700,0
10113,36034,41272,0
10114,41560,32770,0
10115,21668,35494,0
10116,29762,43066,0
10117,12379,62442,0
10118,56893,44985,0
10119,49317,65114,0
10120,1478,2700,0
10121,45125,2804,0
10122,38966,8150,0
10123,12139,17092,0
10124,66308,49742,0
10125,43190,40776,0
10126,33264,12066,0
10127,50879,67457,0
10128,45668,8454,0
10129,38681,27856,0
10130,49254,30290,0
10131,27145,32331,0
10132,14819,57332,0
10133,64460,15274,0
10134,48222,57746,0
10135,67193,33327,0
10136,64463,63189,0
10137,59439,59775,0
10138,38160,22330,0
10139,43754,15206,0
10140,5615,28169,0
10141,44567,68372,0
10142,45600,3205,0
10143,67676,4432,0
10144,48195,54914,0
10145,3174,59273,0
10146,36270,15961,0
10147,44766,10834,0
10148,11766,32718,0
10149,40620,65899,0
10150,34585,46190,0
10151,55787,26579,0
10152,20138,6225,0
10153,3415,38596,0
10154,20253,59581,0
10155,4186,46900,0
10156,23351,17151,0
10157,50986,3173,0
10158,67658,24202,0
10159,56268,62657,0
10160,23522,16180,0
10161,40964,56694,0
10162,45982,35398,0
10163,60317,53710,0
10164,30149,66428,0
10165,62533,52368,0
10166,31488,30383,0
10167,17447,49098,0
10168,44662,26765,0
10169,11894,954,0
10170,55646,21019,0
10171,33723,64271,0
10172,3824,62272,0
10173,30213,64433,0
10174,60100,44354,0
10175,60985,46480,0
10176,49670,35744,0
10177,53853,44769,0
10178,68399,50281,0
10179,13268,23751,0
10180,30942,8070,0
10181,53355,43383,0
10182,35364,33851,0
10183,57250,35448,0
10184,20498,11211,0
10185,57978,1978,0
10186,34254,66017,0
10187,21945,34371,0
10188,48631,59864,0
10189,28983,67220,0
10190,60344,51443,0
10191,59715,3350,0
10192,49364,42082,0
10193,63774,23175,0
10194,18290,50838,0
10195,4308,40747,0
10196,44997,50295,0
10197,62135,41298,0
10198,831,66158,0
10199,15613,41443,0
10200,50927,35640,0
10201,29180,58481,0
10202,28613,49876,0
10203,23674,29731,0
10204,32751,37272,0
10205,7084,40114,0
10206,6809,6800,0
10207,53707,39615,0
10208,32556,57130,0
10209,7064,52990,0
10210,62445,34093,0
10211,4102,5291,0
10212,47133,65769,0
10213,30088,912,0
10214,43581,52409,0
10215,32199,1711,0
10216,13696,64758,0
10217,59956,5404,0
10218,56792,25079,0
10219,9715,61549,0
10220,52195,38769,0
10221,59627,31319,0
10222,52877,61986,0
10223,58153,37620,0
10224,10035,50275,0
10225,31795,28400,0
10226,51020,23435,0
10227,54456,51280,0
10228,57355,26795,0
10229,61480,47101,0
10230,20034,14525,0
10231,46798,48052,0
10232,57130,873,0
10233,11138,8328,0
10234,48099,32720,0
10235,66987,66120,0
10236,15876,55469,0
10237,35400,13302,0
10238,54207,28889,0
10239,33045,39803,0
10240,4930,21718,0
10241,6965,52196,0
10242,8757,45476,0
10243,1209,35568,0
10244,18916,11300,0
10245,54509,10137,0
10246,46942,1971,0
10247,25934,26159,0
10248,39529,28866,0
10249,31702,11516,0
10250,65219,62626,0
10251,62750,40480,0
10252,64629,17643,0
10253,31543,46688,0
10254,15294,14427,0
10255,19736,20087,0
10256,19769,56403,0
10257,50882,22423,0
10258,15226,7879,0
10259,7394,43019,0
10260,50126,63952,0
10261,51318,13944,0
10262,36961,49557,0
10263,15657,4533,0
10264,7339,56786,0
10265,16174,8207,0
10266,53817,8372,0
10267,11617,31333,0
10268,32655,42868,0
10269,55946,47159,0
10270,31231,56974,0
10271,13612,59373,0
10272,62866,45661,0
10273,29952,63733,0
10274,6816,44531,0
10275,27619,58198,0
10276,2225,67953,0
10277,816,7893,0
10278,37113,53922,0
10279,48951,56726,0
10280,8004,24372,0
10281,44869,2956,0
10282,52840,4006,0
10283,10727,18480,0
10284,16730,57257,0
10285,40941,10841,0
10286,18388,60759,0
10287,8104,67402,0
10288,34551,32880,0
10289,10993,54334,0
10290,39427,28308,0
10291,37373,44033,0
10292,19474,16381,0
10293,57236,50013,0
10294,67062,52320,0
10295,45732,30920,0
10296,15482,10187,0
10297,3243,48464,0
10298,59955,59177,0
10299,25708,45278,0
