,nodeid1,nodeid2,label
0,21223,23015,0
1,10297,60546,0
2,13634,8542,0
3,8297,3973,0
4,34613,67568,0
5,41650,33843,0
6,57628,29502,0
7,1694,9754,0
8,53738,46623,0
9,63275,6725,0
10,7988,8858,0
11,64841,54808,0
12,13192,23838,0
13,5216,62995,0
14,18496,34996,0
15,7396,5,0
16,15014,7747,0
17,46544,20499,0
18,23646,1053,0
19,50690,1499,0
20,34753,16791,0
21,36904,64674,0
22,30941,58706,0
23,60151,50159,0
24,52922,3658,0
25,11811,29206,0
26,14273,3183,0
27,6408,14021,0
28,18959,9363,0
29,4232,38292,0
30,66769,3131,0
31,23076,56912,0
32,461,63519,0
33,19640,6325,0
34,60557,14533,0
35,20765,27132,0
36,26437,64899,0
37,4763,62941,0
38,49848,13737,0
39,53471,53898,0
40,22103,64415,0
41,26119,15922,0
42,36406,8097,0
43,65628,41783,0
44,8607,14674,0
45,68017,66257,0
46,28987,23673,0
47,46030,12545,0
48,14105,39425,0
49,45647,37997,0
50,38668,25417,0
51,45738,24249,0
52,43756,17935,0
53,38273,30793,0
54,23318,30504,0
55,66175,14313,0
56,65505,13406,0
57,12109,51790,0
58,51143,59720,0
59,22895,12286,0
60,21655,54817,0
61,2020,66765,0
62,2795,48846,0
63,44355,33201,0
64,37903,3564,0
65,24619,55620,0
66,31766,17487,0
67,36294,55504,0
68,37139,17366,0
69,18353,39618,0
70,43055,50439,0
71,2634,41195,0
72,1202,29844,0
73,38099,24383,0
74,38677,35683,0
75,68180,64085,0
76,4737,21311,0
77,55600,53456,0
78,10301,63870,0
79,21276,8959,0
80,21154,67928,0
81,36379,17751,0
82,24457,2457,0
83,26363,43290,0
84,23776,23882,0
85,23985,9171,0
86,57161,61673,0
87,8232,63564,0
88,33618,7172,0
89,967,60594,0
90,45524,34305,0
91,30743,50518,0
92,55785,18118,0
93,64030,52334,0
94,5537,35480,0
95,14412,12934,0
96,5510,45301,0
97,28527,5657,0
98,56215,43910,0
99,37906,16419,0
100,41732,59738,0
101,32790,6458,0
102,20739,49125,0
103,38678,64278,0
104,50455,25938,0
105,41156,57369,0
106,55358,34321,0
107,26497,34154,0
108,38788,24689,0
109,38674,41879,0
110,23119,17566,0
111,3238,11267,0
112,5240,46382,0
113,64938,61311,0
114,3759,27534,0
115,60262,14695,0
116,17257,39872,0
117,4594,52955,0
118,60690,45820,0
119,4635,47013,0
120,39954,28319,0
121,35599,57923,0
122,47347,31072,0
123,17387,59826,0
124,10086,46507,0
125,41830,29443,0
126,9467,54639,0
127,4380,8762,0
128,173,45742,0
129,59049,33125,0
130,55331,64898,0
131,45588,25646,0
132,24492,59582,0
133,13470,38933,0
134,14596,39634,0
135,9426,19833,0
136,4783,9555,0
137,27692,1219,0
138,60729,14529,0
139,4108,17714,0
140,58633,42137,0
141,33076,40454,0
142,66272,54070,0
143,28783,54776,0
144,67843,1121,0
145,49654,36956,0
146,37588,14666,0
147,4010,55222,0
148,8724,29720,0
149,24892,67868,0
150,27658,9338,0
151,65207,35737,0
152,14435,10304,0
153,7799,59582,0
154,47627,25831,0
155,47307,28225,0
156,31242,38014,0
157,48265,245,0
158,26895,46629,0
159,20792,38367,0
160,46170,19819,0
161,30650,61896,0
162,16274,51593,0
163,54583,14674,0
164,61371,65520,0
165,43170,8429,0
166,41185,55420,0
167,65378,58864,0
168,43218,22606,0
169,48732,28891,0
170,20060,27967,0
171,58609,26620,0
172,6103,44596,0
173,30979,22638,0
174,52478,27998,0
175,40525,8205,0
176,33384,33353,0
177,11861,25216,0
178,42328,26003,0
179,20149,9942,0
180,42066,63232,0
181,56799,4399,0
182,2513,15653,0
183,56639,30411,0
184,45466,53852,0
185,35427,22525,0
186,49807,67753,0
187,39866,40635,0
188,25692,45663,0
189,49533,4429,0
190,40240,61460,0
191,15166,7893,0
192,6434,48887,0
193,17303,5924,0
194,42996,14129,0
195,18140,49918,0
196,44228,53293,0
197,6857,21907,0
198,35538,3705,0
199,44646,26691,0
200,893,4793,0
201,60753,68176,0
202,41447,64066,0
203,62753,47065,0
204,52110,25184,0
205,2972,18552,0
206,51440,41795,0
207,38540,55652,0
208,57576,14001,0
209,22713,41182,0
210,17283,52508,0
211,63533,12520,0
212,39130,33456,0
213,30162,39438,0
214,8652,4150,0
215,67987,732,0
216,45658,31228,0
217,58122,67993,0
218,39546,43280,0
219,35140,31656,0
220,8404,11953,0
221,41049,52148,0
222,33361,46380,0
223,39964,7293,0
224,31033,46438,0
225,59715,29735,0
226,62963,42130,0
227,66547,45378,0
228,45179,68027,0
229,45029,4220,0
230,58911,43663,0
231,12220,64720,0
232,2891,1652,0
233,62455,46245,0
234,33915,13441,0
235,28999,21533,0
236,60230,63555,0
237,24465,957,0
238,28672,63413,0
239,22132,4585,0
240,36014,18239,0
241,41346,37487,0
242,9497,55683,0
243,32927,36848,0
244,958,66856,0
245,50118,58180,0
246,38794,52463,0
247,10334,42692,0
248,29762,17051,0
249,44880,61896,0
250,65130,6160,0
251,27807,34906,0
252,16300,3594,0
253,59292,27756,0
254,27851,57868,0
255,56128,61961,0
256,60846,10697,0
257,8974,34001,0
258,35996,17633,0
259,2314,28044,0
260,23488,17080,0
261,58852,56568,0
262,52773,49380,0
263,41253,1894,0
264,26226,45369,0
265,31827,61695,0
266,50134,59043,0
267,6141,9503,0
268,14886,11892,0
269,18272,39291,0
270,12505,23943,0
271,60775,28269,0
272,64526,24860,0
273,46062,50447,0
274,58558,8412,0
275,16054,24357,0
276,64240,39133,0
277,45572,46638,0
278,35695,7230,0
279,29311,48442,0
280,20536,59737,0
281,26637,18974,0
282,53873,35939,0
283,14761,10177,0
284,1605,22793,0
285,30412,21183,0
286,23716,32966,0
287,47772,6983,0
288,61842,22614,0
289,7073,1663,0
290,7012,27303,0
291,17666,3038,0
292,57170,9730,0
293,57943,49218,0
294,23338,41357,0
295,65515,61176,0
296,58231,68022,0
297,13125,35363,0
298,49319,46205,0
299,29649,37976,0
300,65625,55706,0
301,31298,57889,0
302,35627,60219,0
303,59377,7808,0
304,2122,35794,0
305,31575,28199,0
306,50953,40274,0
307,3291,15114,0
308,1836,51346,0
309,44932,1553,0
310,67458,57164,0
311,42942,15644,0
312,29171,30523,0
313,21189,56825,0
314,57823,62693,0
315,41907,50848,0
316,40924,22620,0
317,50392,53365,0
318,18000,763,0
319,11188,64784,0
320,496,46637,0
321,18892,64499,0
322,61510,15235,0
323,65226,8755,0
324,56295,57358,0
325,53451,22770,0
326,36516,8710,0
327,25648,15526,0
328,55626,10338,0
329,4077,54674,0
330,66357,18464,0
331,52645,10487,0
332,56134,50588,0
333,8629,15082,0
334,54967,30565,0
335,30262,26267,0
336,16733,67038,0
337,20437,33539,0
338,16179,38271,0
339,9797,60682,0
340,49566,35683,0
341,37985,23978,0
342,36018,43650,0
343,2904,58547,0
344,5821,8816,0
345,295,7908,0
346,52889,43260,0
347,307,54716,0
348,62391,3890,0
349,63304,14255,0
350,57575,42905,0
351,1943,58910,0
352,35196,28984,0
353,49889,42911,0
354,56197,33500,0
355,11488,53443,0
356,34434,44604,0
357,48175,33548,0
358,60401,33507,0
359,18559,22923,0
360,34296,43516,0
361,61712,26928,0
362,6965,59373,0
363,6673,11358,0
364,35821,16857,0
365,114,25955,0
366,8564,7488,0
367,62074,2534,0
368,63533,67556,0
369,10852,40366,0
370,47424,1499,0
371,25141,13527,0
372,54967,65417,0
373,7352,40741,0
374,54812,29237,0
375,51497,38123,0
376,11571,154,0
377,42561,22602,0
378,58253,28370,0
379,5010,32357,0
380,25872,56035,0
381,25654,31132,0
382,6532,43427,0
383,45898,28388,0
384,19152,14119,0
385,39944,23142,0
386,8989,62762,0
387,58843,17803,0
388,1642,10256,0
389,8785,14815,0
390,51033,42789,0
391,2835,59001,0
392,46185,10423,0
393,63431,28925,0
394,11488,47265,0
395,10804,58310,0
396,45801,59246,0
397,47537,65493,0
398,29621,22577,0
399,45591,65934,0
400,41037,65270,0
401,2744,64548,0
402,59848,47970,0
403,61638,6051,0
404,392,65918,0
405,68160,43249,0
406,66495,52514,0
407,49974,35528,0
408,4102,60365,0
409,55378,4822,0
410,437,52002,0
411,50601,67246,0
412,34783,31810,0
413,37029,57591,0
414,36379,27520,0
415,14034,14414,0
416,37409,12425,0
417,1715,50337,0
418,58082,13854,0
419,27749,6656,0
420,58838,18239,0
421,16054,64264,0
422,41324,5770,0
423,39297,29845,0
424,28970,68057,0
425,20734,17230,0
426,34044,62928,0
427,30009,55813,0
428,20036,55345,0
429,2068,27220,0
430,29766,57586,0
431,21053,48847,0
432,16643,56054,0
433,24965,51648,0
434,34217,57066,0
435,62880,41910,0
436,23609,44102,0
437,48649,4480,0
438,61393,52810,0
439,14975,58540,0
440,37450,39223,0
441,33152,68168,0
442,30971,50738,0
443,47111,45956,0
444,62771,39843,0
445,20631,23588,0
446,6383,7051,0
447,63738,55958,0
448,20395,26824,0
449,6989,3626,0
450,67686,28224,0
451,22717,29821,0
452,6242,10328,0
453,49784,8413,0
454,52559,31464,0
455,49721,49004,0
456,11077,55134,0
457,64062,3220,0
458,61035,65561,0
459,51335,11814,0
460,67650,61963,0
461,49515,27629,0
462,47341,29973,0
463,6012,12574,0
464,47951,4181,0
465,25968,47589,0
466,14244,47877,0
467,48915,30239,0
468,53835,9373,0
469,1129,49613,0
470,11503,21037,0
471,17628,21491,0
472,18070,273,0
473,25931,67782,0
474,56589,45226,0
475,24829,30764,0
476,28218,26942,0
477,37834,45820,0
478,26474,41684,0
479,2427,15385,0
480,56395,62539,0
481,20657,66721,0
482,10657,25650,0
483,54503,66659,0
484,56772,29671,0
485,48959,16160,0
486,66079,42020,0
487,12618,35869,0
488,27003,18863,0
489,64662,55837,0
490,8096,11391,0
491,32744,32718,0
492,50349,28056,0
493,66334,5068,0
494,67025,16266,0
495,38607,33917,0
496,34510,51110,0
497,2831,362,0
498,17185,63160,0
499,5881,8759,0
500,31218,629,0
501,3036,67101,0
502,40707,65363,0
503,13199,10679,0
504,34611,1561,0
505,1349,2301,0
506,64683,14091,0
507,2454,43684,0
508,57126,24734,0
509,24262,60994,0
510,5558,24227,0
511,25303,38692,0
512,61550,53622,0
513,2112,58301,0
514,20046,28024,0
515,45306,67904,0
516,5481,21890,0
517,49542,53834,0
518,29699,48620,0
519,34077,33330,0
520,48719,50697,0
521,30472,56633,0
522,53314,35389,0
523,36309,4030,0
524,5941,55664,0
525,38635,36814,0
526,1908,8742,0
527,57516,29684,0
528,22397,25440,0
529,42643,44273,0
530,6316,41828,0
531,13562,39571,0
532,47542,36341,0
533,15151,17344,0
534,29579,41935,0
535,58425,21384,0
536,60950,57742,0
537,63719,29200,0
538,59084,59026,0
539,68337,63012,0
540,61653,56241,0
541,13983,24439,0
542,59630,24962,0
543,64866,15463,0
544,21862,36194,0
545,7795,14587,0
546,26962,8327,0
547,45450,2393,0
548,19960,33127,0
549,16594,33388,0
550,40539,45413,0
551,57019,47340,0
552,60128,23444,0
553,59049,34411,0
554,58943,6356,0
555,57363,9157,0
556,60640,59367,0
557,34089,64348,0
558,31039,18510,0
559,43621,51164,0
560,7058,20037,0
561,57682,64515,0
562,64374,61375,0
563,41147,57109,0
564,4655,7995,0
565,4324,22442,0
566,23226,62779,0
567,29227,5925,0
568,12037,62439,0
569,14871,22560,0
570,39198,47511,0
571,46466,9605,0
572,9410,26135,0
573,19100,54256,0
574,53809,4242,0
575,38263,63893,0
576,59602,3606,0
577,36022,53998,0
578,22171,51709,0
579,63442,67733,0
580,56631,41607,0
581,20545,45245,0
582,49814,10255,0
583,11030,55701,0
584,45951,46145,0
585,12177,50695,0
586,19297,54688,0
587,16400,6275,0
588,26353,7137,0
589,30153,37424,0
590,87,62424,0
591,55463,26733,0
592,49299,8538,0
593,63332,31062,0
594,36311,21981,0
595,4674,20227,0
596,51617,55565,0
597,5063,44919,0
598,48476,15071,0
599,47066,26313,0
600,5546,6517,0
601,18351,58570,0
602,40695,57700,0
603,19653,30306,0
604,34134,13142,0
605,9041,34344,0
606,37209,3257,0
607,52378,2335,0
608,21059,30299,0
609,54203,35303,0
610,12950,66720,0
611,10758,5497,0
612,38802,9876,0
613,24450,51068,0
614,34346,52707,0
615,24504,31730,0
616,20792,17177,0
617,17242,20526,0
618,51497,4378,0
619,21416,24161,0
620,37011,23382,0
621,27346,29387,0
622,713,49528,0
623,46908,32900,0
624,3888,28980,0
625,9141,36785,0
626,4440,50984,0
627,9436,36655,0
628,49436,44403,0
629,37731,708,0
630,40236,66589,0
631,10182,68261,0
632,25377,39729,0
633,59538,8450,0
634,2013,34331,0
635,68258,24401,0
636,48249,33692,0
637,45410,58325,0
638,1753,24833,0
639,53936,26602,0
640,41313,31958,0
641,27033,32986,0
642,58316,40538,0
643,17288,50008,0
644,48324,43210,0
645,28981,20729,0
646,64145,46210,0
647,62,2692,0
648,68092,12151,0
649,55549,3897,0
650,8752,56903,0
651,64453,14342,0
652,20953,24184,0
653,48527,701,0
654,10323,52882,0
655,32788,66708,0
656,66380,23439,0
657,21157,8558,0
658,53859,53598,0
659,16595,33440,0
660,63365,27548,0
661,45246,13118,0
662,58271,63361,0
663,5943,20537,0
664,29226,20995,0
665,26682,22534,0
666,35970,54498,0
667,44252,22241,0
668,59589,18160,0
669,14681,27066,0
670,20396,65940,0
671,52194,32367,0
672,40749,9434,0
673,67413,33303,0
674,65734,36386,0
675,31736,27980,0
676,34283,29640,0
677,50305,39827,0
678,14613,48628,0
679,14639,45010,0
680,7909,23975,0
681,50596,4668,0
682,6511,941,0
683,10472,12790,0
684,52365,57659,0
685,10528,59722,0
686,9488,7258,0
687,60979,47605,0
688,63840,29999,0
689,45547,34663,0
690,27429,24940,0
691,63851,36032,0
692,33426,65463,0
693,10248,52244,0
694,54164,55962,0
695,49913,46863,0
696,28996,21430,0
697,13494,36095,0
698,10419,47639,0
699,28923,41231,0
700,37209,60873,0
701,40931,32517,0
702,7990,35539,0
703,8173,25552,0
704,38136,15170,0
705,31113,19923,0
706,30956,9624,0
707,51082,46383,0
708,11652,61992,0
709,10761,16486,0
710,50679,44835,0
711,1977,59797,0
712,23749,62846,0
713,58384,68404,0
714,23770,34787,0
715,16412,60062,0
716,38302,41172,0
717,21492,55297,0
718,18590,13598,0
719,67052,49650,0
720,49375,42443,0
721,52520,33,0
722,8051,67719,0
723,27512,61818,0
724,13606,34167,0
725,34316,53547,0
726,51290,60162,0
727,9497,22705,0
728,43087,26036,0
729,45091,52796,0
730,60644,34545,0
731,62218,48641,0
732,29273,35063,0
733,44140,61947,0
734,65452,39395,0
735,63788,30728,0
736,55341,36467,0
737,2859,13178,0
738,4164,41989,0
739,50802,4712,0
740,35450,23860,0
741,12148,8866,0
742,3028,5391,0
743,66644,43751,0
744,21335,26792,0
745,15962,31344,0
746,27424,45319,0
747,46499,28699,0
748,1209,29550,0
749,6102,34431,0
750,21462,66565,0
751,14727,29252,0
752,9308,52006,0
753,44677,61726,0
754,30334,14133,0
755,64673,66543,0
756,24250,22849,0
757,9678,19567,0
758,30316,13765,0
759,36351,63598,0
760,9784,36981,0
761,53907,40340,0
762,48316,99,0
763,42087,42852,0
764,62226,22984,0
765,7288,66629,0
766,41620,42082,0
767,14348,17395,0
768,7603,9548,0
769,36036,61323,0
770,13925,45171,0
771,29494,59445,0
772,11501,59560,0
773,13107,38898,0
774,43801,49543,0
775,44024,67442,0
776,33905,36899,0
777,5416,10750,0
778,2238,60532,0
779,32526,27517,0
780,33852,60420,0
781,2903,38026,0
782,5124,43388,0
783,49994,29509,0
784,57576,53985,0
785,31500,44937,0
786,26202,49746,0
787,65004,17714,0
788,42428,33692,0
789,45791,40439,0
790,17036,57942,0
791,2091,24588,0
792,18350,5459,0
793,10103,33886,0
794,11818,36575,0
795,34550,43380,0
796,63696,51383,0
797,18243,18610,0
798,67135,8643,0
799,13055,45697,0
800,44939,50271,0
801,36095,46659,0
802,26186,12768,0
803,38302,37628,0
804,31848,19367,0
805,37707,17733,0
806,46829,34145,0
807,19913,31687,0
808,11620,10905,0
809,28534,7127,0
810,725,44907,0
811,9211,50075,0
812,46216,9328,0
813,39828,14097,0
814,42679,47654,0
815,68289,49088,0
816,49696,19244,0
817,16178,30592,0
818,54179,9603,0
819,11436,33114,0
820,52573,39895,0
821,51628,30534,0
822,52896,25923,0
823,17670,28454,0
824,48251,30859,0
825,58904,20796,0
826,15948,28909,0
827,36791,62491,0
828,12852,45786,0
829,2517,56904,0
830,28708,22363,0
831,53133,8574,0
832,5936,43591,0
833,3313,3286,0
834,7497,38254,0
835,17694,22405,0
836,62607,62134,0
837,2162,20299,0
838,65838,64,0
839,35573,44649,0
840,28760,52043,0
841,53360,15337,0
842,37556,15454,0
843,22822,35788,0
844,1363,23138,0
845,42456,2990,0
846,67508,6223,0
847,57019,60446,0
848,42833,4452,0
849,35427,9655,0
850,12997,10907,0
851,36689,2002,0
852,50839,42347,0
853,17566,33250,0
854,6266,12016,0
855,26224,41109,0
856,47185,19354,0
857,35421,63652,0
858,42960,6209,0
859,1399,61211,0
860,39874,48699,0
861,32481,18696,0
862,51700,11050,0
863,34668,52467,0
864,15643,5257,0
865,42156,27506,0
866,2057,45425,0
867,20324,53367,0
868,23402,56467,0
869,52696,8157,0
870,48954,33600,0
871,49788,33693,0
872,10746,62120,0
873,17174,32891,0
874,25425,5671,0
875,22403,17327,0
876,19850,12462,0
877,50055,42250,0
878,21084,37502,0
879,2093,17807,0
880,24698,27841,0
881,27132,19472,0
882,35834,67735,0
883,31471,47816,0
884,42796,48749,0
885,10506,58801,0
886,8243,2896,0
887,56084,39945,0
888,31769,16010,0
889,16492,54945,0
890,8805,5717,0
891,59278,32567,0
892,5749,40228,0
893,38426,3758,0
894,64628,41272,0
895,32962,16160,0
896,17154,62020,0
897,67259,1284,0
898,43008,17988,0
899,58612,11052,0
900,59765,28160,0
901,54678,57913,0
902,64366,17842,0
903,11359,34556,0
904,36465,26999,0
905,62283,10075,0
906,43765,10752,0
907,41560,64815,0
908,22132,24454,0
909,33866,54451,0
910,8888,423,0
911,39242,14545,0
912,44725,50153,0
913,56365,66525,0
914,52582,54489,0
915,22277,36507,0
916,60253,61092,0
917,22724,24472,0
918,36780,67341,0
919,22145,28343,0
920,40165,67300,0
921,38527,40925,0
922,12694,42067,0
923,45029,52273,0
924,64617,62459,0
925,22501,26643,0
926,44591,38964,0
927,9898,55678,0
928,50712,37881,0
929,24625,9111,0
930,50199,67471,0
931,8874,2603,0
932,49629,36285,0
933,54999,50987,0
934,39386,60344,0
935,20906,33222,0
936,29283,35428,0
937,37185,19121,0
938,44140,30857,0
939,22129,20401,0
940,26726,445,0
941,43954,14451,0
942,47826,45418,0
943,5565,57095,0
944,32292,19377,0
945,53564,65858,0
946,21359,24587,0
947,18040,56239,0
948,8670,17067,0
949,25090,3077,0
950,15918,240,0
951,12459,56564,0
952,38533,50557,0
953,2361,57258,0
954,10711,65581,0
955,38024,7129,0
956,64559,27396,0
957,50816,64309,0
958,35993,43500,0
959,62540,5690,0
960,60306,66192,0
961,59365,18767,0
962,25149,23182,0
963,65624,40967,0
964,10004,54194,0
965,14938,47978,0
966,63614,17262,0
967,34870,26878,0
968,22692,28085,0
969,49299,6681,0
970,9694,26283,0
971,42870,2868,0
972,67812,30147,0
973,22555,26920,0
974,43480,57741,0
975,36369,52682,0
976,8096,49790,0
977,31968,63444,0
978,8899,44851,0
979,39114,26812,0
980,31594,11314,0
981,49326,28085,0
982,43396,56630,0
983,47514,11028,0
984,34783,2551,0
985,51354,9712,0
986,47750,16624,0
987,66574,15326,0
988,44496,11087,0
989,28426,17965,0
990,40625,37399,0
991,10727,67794,0
992,34942,27205,0
993,17480,14171,0
994,39141,18420,0
995,20987,13809,0
996,44387,68034,0
997,14078,36877,0
998,53315,13743,0
999,4109,62979,0
1000,18565,3150,0
1001,11502,66666,0
1002,64220,16022,0
1003,64715,45709,0
1004,34448,41524,0
1005,15632,26879,0
1006,31349,54976,0
1007,37214,51678,0
1008,35144,26110,0
1009,4318,30976,0
1010,2811,57170,0
1011,2461,45873,0
1012,15228,44852,0
1013,56893,10198,0
1014,38127,46842,0
1015,8899,14537,0
1016,44019,33993,0
1017,6267,18293,0
1018,44796,64353,0
1019,53966,2796,0
1020,66053,30338,0
1021,17242,7726,0
1022,10354,43015,0
1023,24668,20658,0
1024,33173,52571,0
1025,23401,25011,0
1026,55727,56544,0
1027,5325,43286,0
1028,60195,65201,0
1029,63193,49087,0
1030,11666,37456,0
1031,20468,59070,0
1032,55640,29670,0
1033,59668,38508,0
1034,22234,2246,0
1035,33497,59873,0
1036,60632,36811,0
1037,67370,66956,0
1038,43507,13515,0
1039,50881,64480,0
1040,16676,57591,0
1041,31629,63114,0
1042,9997,21913,0
1043,19921,38004,0
1044,30887,60460,0
1045,35144,15454,0
1046,34839,23317,0
1047,67451,57962,0
1048,24335,43347,0
1049,33681,34575,0
1050,52800,39952,0
1051,22326,48430,0
1052,34981,40151,0
1053,27692,9799,0
1054,49896,37927,0
1055,48258,44961,0
1056,1133,7612,0
1057,59860,49349,0
1058,19215,26818,0
1059,25395,26789,0
1060,6466,10189,0
1061,55666,58723,0
1062,36520,3796,0
1063,63957,6728,0
1064,31965,54220,0
1065,18875,27343,0
1066,58951,63849,0
1067,61562,67896,0
1068,40572,51644,0
1069,62967,21564,0
1070,19438,33312,0
1071,33241,5842,0
1072,34517,44496,0
1073,19145,36865,0
1074,6682,57347,0
1075,63241,52222,0
1076,19528,538,0
1077,29005,51527,0
1078,43891,43588,0
1079,17485,68350,0
1080,49734,18999,0
1081,61534,12849,0
1082,2321,38772,0
1083,43338,13605,0
1084,30858,29121,0
1085,21886,57546,0
1086,8254,31866,0
1087,28790,14077,0
1088,16228,60304,0
1089,5993,11945,0
1090,54710,11073,0
1091,22884,42008,0
1092,9921,59076,0
1093,23613,53266,0
1094,67124,27537,0
1095,60289,12533,0
1096,36004,49163,0
1097,56062,8237,0
1098,47740,4888,0
1099,45967,37752,0
1100,12542,34456,0
1101,58736,41148,0
1102,45221,51669,0
1103,41448,42542,0
1104,42184,64851,0
1105,13220,34986,0
1106,7065,10406,0
1107,21430,11870,0
1108,41159,2203,0
1109,7267,67891,0
1110,62794,20622,0
1111,47158,30689,0
1112,13992,66186,0
1113,41880,4048,0
1114,28812,20712,0
1115,33686,7552,0
1116,38627,19176,0
1117,34491,10789,0
1118,3989,45993,0
1119,19488,42884,0
1120,56434,58663,0
1121,13900,984,0
1122,40684,41178,0
1123,60407,23692,0
1124,7262,29182,0
1125,53035,40007,0
1126,64315,1552,0
1127,45308,14193,0
1128,26899,36153,0
1129,34241,56232,0
1130,10783,64535,0
1131,20708,32939,0
1132,13663,4128,0
1133,44534,12707,0
1134,51031,43559,0
1135,65287,61109,0
1136,8736,26709,0
1137,2291,20541,0
1138,67351,3360,0
1139,10698,24541,0
1140,15832,59710,0
1141,42562,53637,0
1142,51854,62831,0
1143,68104,13153,0
1144,40764,64057,0
1145,42670,38232,0
1146,59903,25351,0
1147,25655,52069,0
1148,53204,16311,0
1149,35269,40013,0
1150,60475,12213,0
1151,6673,50352,0
1152,30449,9030,0
1153,12385,50027,0
1154,12089,47742,0
1155,58122,54782,0
1156,32404,1779,0
1157,26381,27764,0
1158,63816,54218,0
1159,55906,10819,0
1160,49013,66812,0
1161,22104,50122,0
1162,58243,4291,0
1163,16841,59105,0
1164,9015,18728,0
1165,31916,950,0
1166,2098,49391,0
1167,55374,60778,0
1168,56637,47746,0
1169,55969,27585,0
1170,5166,7641,0
1171,36802,19739,0
1172,44759,25719,0
1173,43984,25696,0
1174,35503,27985,0
1175,1114,47397,0
1176,44081,27453,0
1177,35174,3934,0
1178,809,32052,0
1179,62630,44917,0
1180,54158,15578,0
1181,32210,53842,0
1182,20702,52656,0
1183,62648,2612,0
1184,9280,18150,0
1185,57823,25148,0
1186,53628,52394,0
1187,54192,67994,0
1188,37829,10068,0
1189,31139,51803,0
1190,3135,39851,0
1191,1359,57676,0
1192,32742,20575,0
1193,53414,9128,0
1194,12635,62920,0
1195,41434,22992,0
1196,61393,11001,0
1197,10897,11836,0
1198,58108,6627,0
1199,42384,61106,0
1200,59380,14414,0
1201,65789,19321,0
1202,28453,58928,0
1203,58445,11475,0
1204,46941,59368,0
1205,7061,68230,0
1206,36798,52167,0
1207,45732,9953,0
1208,51617,37157,0
1209,7696,13398,0
1210,11220,1194,0
1211,7199,35846,0
1212,47660,18982,0
1213,18538,11169,0
1214,67386,18170,0
1215,60132,16793,0
1216,40759,40036,0
1217,67637,3252,0
1218,20672,4312,0
1219,19944,65411,0
1220,18079,20686,0
1221,44060,43609,0
1222,49881,15319,0
1223,43289,47703,0
1224,38238,41612,0
1225,60282,50324,0
1226,10415,6064,0
1227,65883,27446,0
1228,5914,45997,0
1229,50728,17353,0
1230,67154,65489,0
1231,10133,62259,0
1232,50005,42315,0
1233,61156,16051,0
1234,66998,34792,0
1235,28521,35563,0
1236,42033,6321,0
1237,18264,45597,0
1238,56942,63225,0
1239,40930,39917,0
1240,49877,28058,0
1241,50219,32548,0
1242,23106,65420,0
1243,22598,47154,0
1244,21743,31559,0
1245,19599,4935,0
1246,68025,34310,0
1247,25308,57686,0
1248,51942,46863,0
1249,49056,58886,0
1250,30575,49256,0
1251,6967,19873,0
1252,68007,65185,0
1253,25410,15723,0
1254,15571,51429,0
1255,60843,14511,0
1256,24485,37417,0
1257,57989,34906,0
1258,18612,14098,0
1259,39966,58141,0
1260,23630,12489,0
1261,59220,55117,0
1262,33193,65923,0
1263,9297,57015,0
1264,60850,6455,0
1265,35347,1414,0
1266,48618,8742,0
1267,13288,29307,0
1268,22841,45901,0
1269,59918,20178,0
1270,46962,42139,0
1271,60653,10888,0
1272,5771,23814,0
1273,11047,47573,0
1274,25483,59941,0
1275,40784,12418,0
1276,54723,4838,0
1277,21927,65598,0
1278,18082,57081,0
1279,24155,36693,0
1280,62160,17886,0
1281,14616,36871,0
1282,65258,52415,0
1283,17513,44557,0
1284,40334,6661,0
1285,16821,12117,0
1286,20337,34895,0
1287,5600,20418,0
1288,4610,39454,0
1289,60591,26883,0
1290,36132,42089,0
1291,51968,62982,0
1292,37910,12329,0
1293,2602,66844,0
1294,64402,21925,0
1295,55646,7319,0
1296,59351,7515,0
1297,7771,5500,0
1298,43343,18548,0
1299,28201,63590,0
1300,8028,55900,0
1301,2460,47705,0
1302,34695,25906,0
1303,57958,12845,0
1304,10919,18314,0
1305,43756,10417,0
1306,44602,68388,0
1307,44939,67636,0
1308,64393,33985,0
1309,55744,26061,0
1310,21915,61867,0
1311,26831,36237,0
1312,2942,58719,0
1313,14800,28929,0
1314,17365,40672,0
1315,12875,45603,0
1316,30225,29446,0
1317,24406,25502,0
1318,36251,16699,0
1319,59470,41065,0
1320,32154,14304,0
1321,15382,58171,0
1322,16530,12454,0
1323,11888,30226,0
1324,48095,35268,0
1325,16608,37283,0
1326,41395,50585,0
1327,16982,37303,0
1328,62841,60351,0
1329,17628,6374,0
1330,11051,51400,0
1331,37767,41463,0
1332,37196,29550,0
1333,47751,2504,0
1334,43199,22936,0
1335,59102,31501,0
1336,8189,25739,0
1337,66138,22068,0
1338,39294,53784,0
1339,42371,40947,0
1340,39865,60877,0
1341,28560,1227,0
1342,12589,67525,0
1343,16364,55564,0
1344,44227,23844,0
1345,56886,57309,0
1346,61270,21942,0
1347,52930,54114,0
1348,15919,43468,0
1349,8343,32692,0
1350,11690,1811,0
1351,56532,27464,0
1352,10354,12562,0
1353,17553,34484,0
1354,7455,67579,0
1355,4866,1206,0
1356,38241,32210,0
1357,25594,59733,0
1358,30578,40900,0
1359,35326,54948,0
1360,44611,27924,0
1361,52215,4294,0
1362,30638,20318,0
1363,58015,58414,0
1364,8644,68373,0
1365,8335,14533,0
1366,53301,59967,0
1367,9555,45159,0
1368,10605,15041,0
1369,54077,43298,0
1370,217,10305,0
1371,58799,54554,0
1372,53470,42131,0
1373,38384,27582,0
1374,61417,22031,0
1375,5296,39537,0
1376,41664,59226,0
1377,11975,58554,0
1378,11695,28113,0
1379,10063,15318,0
1380,65392,56778,0
1381,21987,33807,0
1382,40541,63840,0
1383,18382,11836,0
1384,17010,23041,0
1385,16191,55129,0
1386,52352,7152,0
1387,63824,49361,0
1388,12831,30671,0
1389,8036,48185,0
1390,37985,49143,0
1391,15288,54777,0
1392,57905,46496,0
1393,31504,62405,0
1394,63507,7174,0
1395,58744,15233,0
1396,18263,63,0
1397,46089,66104,0
1398,15998,7141,0
1399,51105,58178,0
1400,7337,4565,0
1401,38768,29330,0
1402,52079,17215,0
1403,63259,62817,0
1404,39052,55344,0
1405,18560,40627,0
1406,64220,64181,0
1407,42341,34794,0
1408,27355,55176,0
1409,11465,30963,0
1410,13952,26403,0
1411,713,21814,0
1412,25317,66412,0
1413,44824,33529,0
1414,458,63746,0
1415,23168,62935,0
1416,45992,20338,0
1417,43954,47712,0
1418,28906,4746,0
1419,19309,19164,0
1420,22313,42338,0
1421,35117,48180,0
1422,14319,28943,0
1423,63576,16699,0
1424,33164,52716,0
1425,37217,67210,0
1426,1007,58982,0
1427,51102,32423,0
1428,51320,53625,0
1429,22459,3524,0
1430,18579,29259,0
1431,60925,61577,0
1432,9418,32311,0
1433,7626,52703,0
1434,45521,22254,0
1435,18711,3473,0
1436,11312,63815,0
1437,20915,60423,0
1438,6691,65230,0
1439,42105,30746,0
1440,59494,5215,0
1441,17724,41918,0
1442,12848,30339,0
1443,5513,25851,0
1444,15951,38435,0
1445,41992,38795,0
1446,57568,18789,0
1447,30052,63577,0
1448,8242,1841,0
1449,10319,25509,0
1450,25208,65686,0
1451,1736,9788,0
1452,65186,48668,0
1453,13055,12644,0
1454,41277,60563,0
1455,36644,51118,0
1456,26323,63968,0
1457,1252,46322,0
1458,36018,65029,0
1459,2334,65139,0
1460,64520,34992,0
1461,20830,39523,0
1462,16038,59195,0
1463,60482,16797,0
1464,40434,15312,0
1465,63749,23530,0
1466,28530,1582,0
1467,18121,48939,0
1468,803,22387,0
1469,30224,8717,0
1470,31932,20298,0
1471,21994,3752,0
1472,27657,9432,0
1473,55863,15719,0
1474,45037,29260,0
1475,59867,31791,0
1476,1379,7393,0
1477,4132,3055,0
1478,27982,45247,0
1479,34905,34401,0
1480,66436,56871,0
1481,13077,3735,0
1482,16336,39007,0
1483,20749,24745,0
1484,14386,65976,0
1485,18807,60303,0
1486,46775,45197,0
1487,27929,55664,0
1488,48452,2320,0
1489,30161,68336,0
1490,59636,39413,0
1491,33441,3366,0
1492,26460,23997,0
1493,40401,57004,0
1494,50191,54658,0
1495,59227,1272,0
1496,24391,1356,0
1497,52192,13273,0
1498,8231,3241,0
1499,27007,35102,0
1500,13195,19396,0
1501,21908,24960,0
1502,1342,8805,0
1503,40585,54807,0
1504,59292,14569,0
1505,25598,35101,0
1506,4988,33175,0
1507,66978,42880,0
1508,6894,66469,0
1509,5950,19585,0
1510,2756,9585,0
1511,14948,50917,0
1512,38051,68091,0
1513,6906,53269,0
1514,16644,14494,0
1515,42848,20834,0
1516,64926,17574,0
1517,45951,32854,0
1518,28186,41660,0
1519,20170,57769,0
1520,59359,28347,0
1521,31229,22681,0
1522,37811,32640,0
1523,59953,27057,0
1524,19048,58651,0
1525,45359,17737,0
1526,19536,59656,0
1527,9816,28295,0
1528,59212,15866,0
1529,33545,27990,0
1530,28426,19568,0
1531,45570,7375,0
1532,57297,41883,0
1533,40005,52648,0
1534,67296,47323,0
1535,33448,62480,0
1536,54528,53269,0
1537,10367,43279,0
1538,21948,36539,0
1539,59234,19047,0
1540,61239,65433,0
1541,28305,8388,0
1542,66621,6096,0
1543,37100,26518,0
1544,7289,55552,0
1545,15780,6862,0
1546,43421,58337,0
1547,27658,48067,0
1548,53501,35754,0
1549,44799,16385,0
1550,4270,61372,0
1551,193,59050,0
1552,41656,27822,0
1553,23267,28542,0
1554,18412,2356,0
1555,32704,25224,0
1556,31540,55702,0
1557,620,35369,0
1558,26236,21740,0
1559,43259,38840,0
1560,45316,50486,0
1561,62033,43541,0
1562,2287,34558,0
1563,65129,31759,0
1564,66198,8304,0
1565,44014,21064,0
1566,18613,43973,0
1567,62207,33231,0
1568,35563,47684,0
1569,47510,61293,0
1570,52220,41405,0
1571,22528,54361,0
1572,53882,50946,0
1573,62455,14457,0
1574,43951,6156,0
1575,59886,51726,0
1576,45246,65273,0
1577,5396,32061,0
1578,44488,47127,0
1579,512,9089,0
1580,8665,62555,0
1581,57479,30348,0
1582,15410,51096,0
1583,32170,10581,0
1584,10854,15709,0
1585,22784,34294,0
1586,29652,26621,0
1587,34497,49783,0
1588,29669,478,0
1589,19092,55550,0
1590,2019,49143,0
1591,39608,14375,0
1592,54602,16431,0
1593,49342,17189,0
1594,11433,43635,0
1595,58209,57798,0
1596,34073,45910,0
1597,28747,2415,0
1598,21728,43391,0
1599,26836,52213,0
1600,61494,14997,0
1601,16063,54445,0
1602,32385,40643,0
1603,5789,58409,0
1604,5510,26711,0
1605,47347,36095,0
1606,36991,29568,0
1607,25892,1631,0
1608,40196,58814,0
1609,58953,19795,0
1610,39180,21172,0
1611,52423,28475,0
1612,8515,3251,0
1613,513,5877,0
1614,66002,57445,0
1615,8015,33953,0
1616,7233,2555,0
1617,51052,60473,0
1618,2068,6429,0
1619,17401,28422,0
1620,42504,27272,0
1621,60540,42508,0
1622,52518,68417,0
1623,24963,20738,0
1624,11878,20572,0
1625,15783,57873,0
1626,28839,24134,0
1627,31521,14071,0
1628,1934,41007,0
1629,23340,19018,0
1630,11083,17127,0
1631,29625,62387,0
1632,28631,25478,0
1633,12357,18305,0
1634,706,6799,0
1635,16200,19247,0
1636,7317,56345,0
1637,55765,39419,0
1638,39883,51517,0
1639,37862,11011,0
1640,63199,22138,0
1641,34723,3533,0
1642,34671,48515,0
1643,33572,57063,0
1644,30507,25364,0
1645,8254,44762,0
1646,18967,61099,0
1647,54162,48760,0
1648,53536,44647,0
1649,52447,63167,0
1650,44684,63002,0
1651,43064,37471,0
1652,55815,28510,0
1653,55282,21879,0
1654,1859,13527,0
1655,38299,50155,0
1656,38677,50535,0
1657,15123,43410,0
1658,10570,33070,0
1659,56739,505,0
1660,52448,26802,0
1661,30575,32656,0
1662,25003,60899,0
1663,31131,42258,0
1664,54842,37664,0
1665,51939,38125,0
1666,39700,28626,0
1667,28061,41536,0
1668,3155,13149,0
1669,61458,39175,0
1670,65999,3930,0
1671,45072,20765,0
1672,35503,35981,0
1673,43249,48769,0
1674,38794,46631,0
1675,34020,4976,0
1676,41555,23185,0
1677,27657,50327,0
1678,8483,61342,0
1679,62437,63046,0
1680,22023,58583,0
1681,40080,6611,0
1682,21656,21961,0
1683,58402,39843,0
1684,7118,10627,0
1685,6691,59432,0
1686,8211,30501,0
1687,25322,41179,0
1688,10994,12609,0
1689,44005,57273,0
1690,13086,54313,0
1691,16952,2014,0
1692,33561,359,0
1693,25377,21001,0
1694,7024,35283,0
1695,50902,38436,0
1696,7189,55530,0
1697,15421,56914,0
1698,6162,5988,0
1699,5537,34910,0
1700,19176,4206,0
1701,17816,26898,0
1702,51501,25599,0
1703,29157,6215,0
1704,41150,45483,0
1705,4113,54526,0
1706,21208,4750,0
1707,40421,6953,0
1708,7133,52028,0
1709,38500,64349,0
1710,51699,19897,0
1711,38882,23178,0
1712,2291,7045,0
1713,63091,63732,0
1714,53554,40831,0
1715,35574,21662,0
1716,58014,54947,0
1717,22674,7607,0
1718,9141,43066,0
1719,9484,33527,0
1720,29526,6710,0
1721,14687,54739,0
1722,43764,67825,0
1723,67051,50947,0
1724,41905,57528,0
1725,64011,62378,0
1726,4636,46477,0
1727,20195,39368,0
1728,31393,3508,0
1729,62328,25023,0
1730,36816,29684,0
1731,38407,47831,0
1732,37763,28405,0
1733,34139,50076,0
1734,18850,19367,0
1735,4731,65767,0
1736,67254,12305,0
1737,27674,65649,0
1738,62330,42512,0
1739,41078,57769,0
1740,36464,18906,0
1741,30149,28531,0
1742,41705,18140,0
1743,67552,56848,0
1744,68369,23943,0
1745,27223,46379,0
1746,28705,2045,0
1747,43661,11054,0
1748,51647,34807,0
1749,36501,35035,0
1750,37834,27864,0
1751,16618,54334,0
1752,40873,3131,0
1753,52556,59814,0
1754,47551,26934,0
1755,34770,29064,0
1756,56015,20222,0
1757,22719,18787,0
1758,29473,53755,0
1759,6354,51823,0
1760,34172,49476,0
1761,33852,20202,0
1762,27909,61866,0
1763,45328,33787,0
1764,60415,67374,0
1765,10002,38789,0
1766,19264,41551,0
1767,52812,9173,0
1768,24838,46529,0
1769,8029,9858,0
1770,8805,57038,0
1771,6576,20448,0
1772,46802,41348,0
1773,2614,12696,0
1774,41014,16184,0
1775,61563,44993,0
1776,60925,7643,0
1777,40628,15306,0
1778,20617,66820,0
1779,65577,15570,0
1780,64004,28386,0
1781,32907,57619,0
1782,32801,42659,0
1783,31095,26625,0
1784,61221,34673,0
1785,2042,66722,0
1786,40313,54505,0
1787,13258,11328,0
1788,57369,57066,0
1789,8934,3753,0
1790,58694,31499,0
1791,20899,61932,0
1792,63656,34441,0
1793,24977,5883,0
1794,48097,7029,0
1795,9118,12252,0
1796,31131,57422,0
1797,27833,51485,0
1798,9281,36011,0
1799,59815,42662,0
1800,44900,9784,0
1801,13082,68410,0
1802,40666,34058,0
1803,20759,7274,0
1804,28651,36688,0
1805,38099,4864,0
1806,63054,30119,0
1807,17447,24907,0
1808,40758,53998,0
1809,15617,38624,0
1810,21492,10277,0
1811,50430,41615,0
1812,51939,64594,0
1813,42264,7738,0
1814,30304,20182,0
1815,47362,20857,0
1816,11249,58720,0
1817,38632,32834,0
1818,38783,46389,0
1819,31549,21362,0
1820,38947,6525,0
1821,55403,23913,0
1822,17679,32777,0
1823,53571,38917,0
1824,12883,4601,0
1825,46804,3482,0
1826,39498,893,0
1827,61643,30397,0
1828,943,21598,0
1829,9161,19786,0
1830,42120,29990,0
1831,26873,37471,0
1832,63939,17725,0
1833,63092,28047,0
1834,63344,3202,0
1835,32239,42118,0
1836,3586,13685,0
1837,49433,58781,0
1838,54953,41388,0
1839,19451,37232,0
1840,62024,45941,0
1841,13432,32646,0
1842,58622,16959,0
1843,67605,27706,0
1844,29604,46129,0
1845,9020,34736,0
1846,25658,42931,0
1847,62089,10109,0
1848,11661,62444,0
1849,9372,10335,0
1850,27755,44897,0
1851,63457,20926,0
1852,24867,26821,0
1853,9787,6673,0
1854,16924,2009,0
1855,4372,43707,0
1856,4602,18238,0
1857,2680,5612,0
1858,52968,30278,0
1859,57815,10969,0
1860,34566,13317,0
1861,43168,32803,0
1862,48099,12464,0
1863,9648,36194,0
1864,34049,4170,0
1865,3233,29634,0
1866,61651,65297,0
1867,66293,25720,0
1868,45827,65892,0
1869,50866,557,0
1870,12901,46523,0
1871,22437,9255,0
1872,65903,61644,0
1873,12765,9977,0
1874,52940,29998,0
1875,14082,49543,0
1876,30367,26132,0
1877,18764,63476,0
1878,52904,18962,0
1879,4979,63075,0
1880,40470,37719,0
1881,24394,40396,0
1882,34654,54778,0
1883,39421,35842,0
1884,15809,34483,0
1885,27325,43300,0
1886,33411,16512,0
1887,43257,32593,0
1888,45894,53591,0
1889,61509,63045,0
1890,60022,34603,0
1891,47450,49163,0
1892,65992,67390,0
1893,2018,41064,0
1894,20875,60790,0
1895,50800,23050,0
1896,45726,4288,0
1897,38970,41883,0
1898,29976,25464,0
1899,3890,49356,0
1900,56742,9626,0
1901,40045,2958,0
1902,36635,2704,0
1903,34434,26098,0
1904,2677,12958,0
1905,15339,1723,0
1906,9104,53388,0
1907,50350,27319,0
1908,44088,42320,0
1909,12795,29999,0
1910,25580,30623,0
1911,21448,1189,0
1912,50361,66530,0
1913,22931,11409,0
1914,40292,55907,0
1915,28930,67437,0
1916,33735,60326,0
1917,1141,7777,0
1918,14439,64476,0
1919,16927,20018,0
1920,4050,2404,0
1921,36036,38875,0
1922,60623,12349,0
1923,39807,63479,0
1924,20592,3670,0
1925,26814,58372,0
1926,29467,39967,0
1927,22062,17997,0
1928,33967,54343,0
1929,44403,6134,0
1930,13970,11732,0
1931,52931,26447,0
1932,3379,39294,0
1933,49475,31480,0
1934,39150,6056,0
1935,65286,11715,0
1936,34143,31777,0
1937,2978,40088,0
1938,65573,57831,0
1939,49579,63889,0
1940,37683,10780,0
1941,3434,21375,0
1942,17401,2384,0
1943,61503,4251,0
1944,55682,49843,0
1945,42739,13856,0
1946,39386,48800,0
1947,55126,59358,0
1948,60755,42482,0
1949,164,43861,0
1950,45945,17988,0
1951,62725,34824,0
1952,55356,50525,0
1953,1372,32860,0
1954,23935,10996,0
1955,65534,37038,0
1956,27773,63860,0
1957,57829,48165,0
1958,60881,2901,0
1959,20319,23481,0
1960,67711,20422,0
1961,4619,64217,0
1962,58134,10047,0
1963,16497,63254,0
1964,58912,37940,0
1965,21122,64034,0
1966,8046,62163,0
1967,96,17326,0
1968,59220,8418,0
1969,49646,27955,0
1970,28886,41339,0
1971,540,47136,0
1972,51652,44956,0
1973,49693,60923,0
1974,20676,55111,0
1975,41934,8007,0
1976,20148,48093,0
1977,63625,60571,0
1978,11980,66214,0
1979,11868,5048,0
1980,51046,38242,0
1981,45136,10576,0
1982,49502,54986,0
1983,67354,5295,0
1984,28877,20161,0
1985,60606,11250,0
1986,18524,59701,0
1987,11775,27868,0
1988,36240,55707,0
1989,10620,38682,0
1990,15611,53877,0
1991,5495,31608,0
1992,49946,47580,0
1993,33255,26051,0
1994,848,13464,0
1995,6633,44520,0
1996,36788,35290,0
1997,56170,16334,0
1998,37593,22477,0
1999,52834,35247,0
2000,35877,4401,0
2001,66357,10914,0
2002,3025,41337,0
2003,61761,68171,0
2004,18056,8109,0
2005,34981,49271,0
2006,6965,29469,0
2007,61132,62259,0
2008,13829,14797,0
2009,11996,34401,0
2010,51040,60426,0
2011,33598,24837,0
2012,13934,18765,0
2013,37225,7624,0
2014,6297,18618,0
2015,66367,8667,0
2016,4570,19811,0
2017,60591,34406,0
2018,58977,45863,0
2019,28039,9157,0
2020,38117,13836,0
2021,7418,12859,0
2022,48721,1027,0
2023,67307,12468,0
2024,64565,53395,0
2025,1909,41760,0
2026,5060,22560,0
2027,35987,38521,0
2028,40377,25793,0
2029,15588,19602,0
2030,17675,35496,0
2031,24478,15527,0
2032,68017,15117,0
2033,48984,20770,0
2034,11108,47816,0
2035,67207,60293,0
2036,7854,49613,0
2037,15303,43550,0
2038,58216,19799,0
2039,12234,5588,0
2040,40600,20904,0
2041,56649,9659,0
2042,31623,13642,0
2043,32301,4874,0
2044,61826,11718,0
2045,28683,7725,0
2046,37197,10851,0
2047,67326,51368,0
2048,35172,57108,0
2049,23949,40706,0
2050,11857,12673,0
2051,12234,16637,0
2052,6334,60692,0
2053,34494,27919,0
2054,28409,18962,0
2055,40321,41240,0
2056,30846,40968,0
2057,3804,34297,0
2058,45517,64561,0
2059,37696,31761,0
2060,48730,41536,0
2061,60990,45223,0
2062,9343,63598,0
2063,62544,4195,0
2064,5484,64031,0
2065,6010,52495,0
2066,48314,7150,0
2067,24079,37116,0
2068,10389,4739,0
2069,62445,14344,0
2070,58725,23710,0
2071,22810,10499,0
2072,34647,31052,0
2073,64947,5487,0
2074,26479,65399,0
2075,19867,22113,0
2076,33354,63149,0
2077,50352,5194,0
2078,3675,58573,0
2079,50465,161,0
2080,23417,22726,0
2081,39187,8225,0
2082,35733,52733,0
2083,22134,34833,0
2084,33442,21403,0
2085,59247,64718,0
2086,26048,38048,0
2087,9088,39703,0
2088,25517,1086,0
2089,12139,15966,0
2090,51169,7561,0
2091,9024,12200,0
2092,55126,45428,0
2093,68025,30382,0
2094,56972,20918,0
2095,26657,65953,0
2096,61949,2561,0
2097,30150,64447,0
2098,12949,7928,0
2099,64767,35797,0
2100,14473,601,0
2101,5267,65546,0
2102,12319,57795,0
2103,37475,66660,0
2104,21667,28792,0
2105,27312,28259,0
2106,35008,23382,0
2107,4738,49526,0
2108,50298,12021,0
2109,54826,3995,0
2110,52128,48134,0
2111,5185,48921,0
2112,42820,18968,0
2113,1382,65855,0
2114,1061,51730,0
2115,36996,24942,0
2116,20657,12394,0
2117,22026,14874,0
2118,48081,2335,0
2119,36104,34971,0
2120,66122,56673,0
2121,13866,58399,0
2122,3919,19795,0
2123,31131,2462,0
2124,3917,55706,0
2125,61348,21767,0
2126,15594,46550,0
2127,48519,61950,0
2128,46127,19158,0
2129,30484,59517,0
2130,61933,41252,0
2131,50144,41128,0
2132,26007,18708,0
2133,36233,65741,0
2134,56739,41374,0
2135,54638,56719,0
2136,34341,61908,0
2137,60289,14253,0
2138,65832,1659,0
2139,47984,55081,0
2140,37212,53629,0
2141,17471,66848,0
2142,29775,56518,0
2143,1697,5461,0
2144,7071,24248,0
2145,10016,12939,0
2146,62360,47996,0
2147,59259,66286,0
2148,1509,58478,0
2149,14326,51008,0
2150,15627,50461,0
2151,64053,41108,0
2152,10482,36238,0
2153,67993,41396,0
2154,61410,41311,0
2155,20881,67354,0
2156,59863,30465,0
2157,32679,54391,0
2158,12586,4935,0
2159,45942,63956,0
2160,38404,38053,0
2161,9633,49256,0
2162,35973,30349,0
2163,27090,18577,0
2164,23381,10756,0
2165,57682,20483,0
2166,12777,60334,0
2167,2843,58532,0
2168,61788,67120,0
2169,49465,31869,0
2170,44119,62057,0
2171,59016,27963,0
2172,57057,672,0
2173,8665,34776,0
2174,12992,53728,0
2175,14528,50305,0
2176,46396,16385,0
2177,44063,2669,0
2178,61389,18588,0
2179,29296,36431,0
2180,61890,30840,0
2181,55403,62498,0
2182,14509,13313,0
2183,37613,56496,0
2184,50030,64449,0
2185,58774,51301,0
2186,60356,61477,0
2187,62030,28245,0
2188,51208,66161,0
2189,29286,18434,0
2190,33858,52973,0
2191,68112,16661,0
2192,25513,39947,0
2193,23962,24505,0
2194,15703,37935,0
2195,48902,59962,0
2196,48539,63291,0
2197,6553,38546,0
2198,45366,51525,0
2199,20104,44139,0
2200,60955,4335,0
2201,12111,49332,0
2202,62500,27326,0
2203,18896,12363,0
2204,17069,10259,0
2205,67551,61173,0
2206,65212,9881,0
2207,2236,35686,0
2208,65358,66076,0
2209,57474,63819,0
2210,2819,24993,0
2211,11090,3484,0
2212,61671,6804,0
2213,52760,19895,0
2214,50614,46561,0
2215,14022,49955,0
2216,32547,67134,0
2217,67587,40672,0
2218,62304,37917,0
2219,64973,58117,0
2220,66447,64921,0
2221,55265,6384,0
2222,8190,24060,0
2223,62352,12743,0
2224,22609,4422,0
2225,58590,46218,0
2226,22372,25458,0
2227,44792,38398,0
2228,59769,12207,0
2229,3894,61587,0
2230,46343,16876,0
2231,31812,33147,0
2232,11899,11926,0
2233,36235,51808,0
2234,42683,9348,0
2235,4267,52824,0
2236,22807,23304,0
2237,6463,36418,0
2238,32640,62806,0
2239,38975,21800,0
2240,34125,20700,0
2241,15497,52849,0
2242,34744,64902,0
2243,62999,61908,0
2244,46904,13141,0
2245,2640,12032,0
2246,2955,7028,0
2247,46120,15032,0
2248,14689,5022,0
2249,5067,33703,0
2250,59197,67367,0
2251,12007,1282,0
2252,25021,18969,0
2253,49376,26446,0
2254,1094,59803,0
2255,47597,50932,0
2256,20336,2830,0
2257,40030,32283,0
2258,48351,4315,0
2259,51318,64969,0
2260,68084,28810,0
2261,21449,2124,0
2262,7177,47560,0
2263,12398,19659,0
2264,65147,4711,0
2265,13179,9827,0
2266,59824,42813,0
2267,26721,20203,0
2268,67558,4703,0
2269,16565,1167,0
2270,8052,16238,0
2271,62612,66165,0
2272,37415,6716,0
2273,2711,28615,0
2274,53975,31994,0
2275,14490,40694,0
2276,13395,64801,0
2277,62118,53322,0
2278,1340,22607,0
2279,57220,61378,0
2280,22320,34890,0
2281,26474,12346,0
2282,20195,47088,0
2283,36551,51346,0
2284,59393,23613,0
2285,38536,615,0
2286,67355,5257,0
2287,45321,38749,0
2288,53286,58845,0
2289,29965,46839,0
2290,68180,21408,0
2291,6559,54806,0
2292,57601,20409,0
2293,44717,2269,0
2294,16473,29201,0
2295,31857,20787,0
2296,7203,19461,0
2297,7004,57056,0
2298,52112,12365,0
2299,48972,38300,0
2300,38467,27723,0
2301,63911,979,0
2302,15934,13795,0
2303,51546,12718,0
2304,36854,6985,0
2305,28535,56675,0
2306,31214,6999,0
2307,33606,15536,0
2308,378,30869,0
2309,9898,13968,0
2310,55840,31977,0
2311,62036,29249,0
2312,15089,47546,0
2313,33742,49480,0
2314,13071,35283,0
2315,39638,7672,0
2316,46198,45314,0
2317,57595,52061,0
2318,54376,6570,0
2319,64004,14232,0
2320,47120,12012,0
2321,55379,38451,0
2322,749,10609,0
2323,17285,11084,0
2324,59880,61976,0
2325,33299,9276,0
2326,31605,60582,0
2327,9673,11325,0
2328,53591,13761,0
2329,23570,28866,0
2330,64516,24568,0
2331,30313,48229,0
2332,66129,62010,0
2333,19931,232,0
2334,21377,16249,0
2335,8375,44784,0
2336,28381,21844,0
2337,26025,28768,0
2338,9169,55899,0
2339,52801,29778,0
2340,19415,27400,0
2341,10220,45319,0
2342,9717,24645,0
2343,26734,7530,0
2344,4178,65885,0
2345,58294,20518,0
2346,50167,15825,0
2347,47365,28799,0
2348,30009,15269,0
2349,39713,29220,0
2350,1036,50287,0
2351,1934,12307,0
2352,26651,42777,0
2353,46616,46043,0
2354,37709,39683,0
2355,14819,38982,0
2356,21677,26636,0
2357,43919,24905,0
2358,34198,34055,0
2359,46449,67088,0
2360,29094,32781,0
2361,7424,37466,0
2362,40372,48815,0
2363,51632,59339,0
2364,10710,63727,0
2365,11202,45690,0
2366,10306,39619,0
2367,3153,66541,0
2368,62547,65447,0
2369,13086,47028,0
2370,59952,32906,0
2371,18509,17227,0
2372,27618,49560,0
2373,9839,7810,0
2374,44608,49731,0
2375,66363,588,0
2376,60922,61821,0
2377,60755,23844,0
2378,35498,49453,0
2379,56243,39540,0
2380,57402,63866,0
2381,19789,11529,0
2382,43276,19819,0
2383,10446,33684,0
2384,42932,55081,0
2385,59954,56947,0
2386,46030,38400,0
2387,33400,34276,0
2388,26169,14396,0
2389,23546,6363,0
2390,7264,52258,0
2391,62561,8538,0
2392,27129,6046,0
2393,8589,29083,0
2394,56742,49120,0
2395,655,5319,0
2396,19349,44419,0
2397,65061,51418,0
2398,48688,16703,0
2399,55741,61886,0
2400,55947,59606,0
2401,31354,38075,0
2402,65371,24,0
2403,56314,4879,0
2404,35508,20963,0
2405,57540,60570,0
2406,7240,31725,0
2407,38474,41624,0
2408,58520,44368,0
2409,33706,49352,0
2410,58307,4057,0
2411,59600,19596,0
2412,10111,62102,0
2413,41025,50710,0
2414,23196,33330,0
2415,13572,58379,0
2416,37731,26744,0
2417,16188,23335,0
2418,64543,61033,0
2419,1532,49595,0
2420,9671,67217,0
2421,65135,49066,0
2422,56372,6808,0
2423,33029,4015,0
2424,46264,65017,0
2425,21398,48769,0
2426,2097,33421,0
2427,19223,23622,0
2428,30352,37755,0
2429,24288,7723,0
2430,56599,5342,0
2431,60579,48424,0
2432,66024,1603,0
2433,55425,7411,0
2434,23219,15614,0
2435,22313,32606,0
2436,40024,11516,0
2437,15997,32627,0
2438,45256,24683,0
2439,26558,49591,0
2440,9674,5876,0
2441,64283,20788,0
2442,58768,54639,0
2443,13786,68352,0
2444,32825,41177,0
2445,10519,49468,0
2446,24435,6395,0
2447,62785,50077,0
2448,24923,32539,0
2449,65652,27045,0
2450,26236,41260,0
2451,3313,55417,0
2452,54962,12675,0
2453,30588,41486,0
2454,55364,45965,0
2455,48823,17420,0
2456,5767,33968,0
2457,11669,45479,0
2458,16226,22993,0
2459,30867,41772,0
2460,14384,47909,0
2461,36978,35089,0
2462,40937,15716,0
2463,56419,16857,0
2464,52177,27703,0
2465,10354,3343,0
2466,68300,67300,0
2467,21046,66147,0
2468,1977,38434,0
2469,29356,47798,0
2470,54145,61383,0
2471,67017,38227,0
2472,39248,30758,0
2473,42886,39409,0
2474,28272,29806,0
2475,22526,54221,0
2476,55935,18960,0
2477,47858,50849,0
2478,42062,54512,0
2479,13773,29768,0
2480,47025,66058,0
2481,58154,31460,0
2482,45029,19655,0
2483,65111,6640,0
2484,28375,3206,0
2485,49262,33897,0
2486,8015,42646,0
2487,17030,33124,0
2488,59849,34101,0
2489,12536,18632,0
2490,31512,10313,0
2491,42169,62772,0
2492,57538,43481,0
2493,47099,22221,0
2494,29618,49324,0
2495,59976,757,0
2496,13483,8940,0
2497,58205,42501,0
2498,23765,45119,0
2499,2165,14339,0
2500,29106,45277,0
2501,68226,67319,0
2502,28149,48447,0
2503,37588,50826,0
2504,1564,32291,0
2505,5325,61454,0
2506,14914,7867,0
2507,14896,25448,0
2508,28513,58429,0
2509,36508,47800,0
2510,7012,39022,0
2511,63712,59109,0
2512,8861,715,0
2513,1316,19436,0
2514,61681,16428,0
2515,36085,57496,0
2516,51771,15908,0
2517,19272,35922,0
2518,53746,34011,0
2519,1944,21633,0
2520,24691,45199,0
2521,56897,59678,0
2522,68003,11015,0
2523,22134,13222,0
2524,29643,17011,0
2525,57171,55483,0
2526,56814,22710,0
2527,18242,44982,0
2528,54589,34411,0
2529,42988,36298,0
2530,18937,18736,0
2531,29811,49586,0
2532,10893,2261,0
2533,7665,47124,0
2534,65436,42586,0
2535,41725,43569,0
2536,5133,3529,0
2537,59711,63934,0
2538,49482,7737,0
2539,22352,66134,0
2540,49835,41551,0
2541,12689,65915,0
2542,1161,5988,0
2543,49133,29268,0
2544,38853,14816,0
2545,39295,20626,0
2546,13330,30872,0
2547,28673,60677,0
2548,57650,8261,0
2549,27529,50415,0
2550,59638,3568,0
2551,23059,23131,0
2552,8918,6463,0
2553,27157,34002,0
2554,39990,755,0
2555,28749,67852,0
2556,24379,60367,0
2557,1238,23724,0
2558,33048,36710,0
2559,269,27526,0
2560,46611,48128,0
2561,28818,2821,0
2562,6661,65923,0
2563,65402,23862,0
2564,52963,52289,0
2565,51998,30454,0
2566,10163,62192,0
2567,49446,9280,0
2568,28402,34374,0
2569,10903,32132,0
2570,1997,67818,0
2571,64331,41686,0
2572,3035,49111,0
2573,6499,57148,0
2574,67634,2609,0
2575,9055,59466,0
2576,8183,41111,0
2577,64648,32063,0
2578,52653,15708,0
2579,25978,53993,0
2580,42161,9708,0
2581,6115,14139,0
2582,50761,11796,0
2583,12864,6193,0
2584,45471,47092,0
2585,2180,27149,0
2586,17826,24242,0
2587,49664,30625,0
2588,34611,38883,0
2589,63840,29183,0
2590,5724,43708,0
2591,52741,47012,0
2592,67678,25168,0
2593,10036,9482,0
2594,19505,29430,0
2595,53988,53266,0
2596,55334,66708,0
2597,50942,8983,0
2598,31879,59492,0
2599,5604,47571,0
2600,23337,36424,0
2601,53939,39889,0
2602,2407,30121,0
2603,65789,66968,0
2604,38484,14876,0
2605,26010,20618,0
2606,17295,25499,0
2607,9327,68335,0
2608,65187,18943,0
2609,58104,1705,0
2610,64970,58238,0
2611,64146,63347,0
2612,13334,64527,0
2613,42107,6568,0
2614,34395,61239,0
2615,26505,33458,0
2616,65534,34131,0
2617,29699,32356,0
2618,28386,65489,0
2619,28429,42036,0
2620,54152,66095,0
2621,6821,44095,0
2622,35213,45814,0
2623,47432,31235,0
2624,37012,30103,0
2625,22703,9598,0
2626,14075,27691,0
2627,63205,13658,0
2628,692,42839,0
2629,8396,1437,0
2630,27631,39119,0
2631,53759,10262,0
2632,58544,60762,0
2633,49758,51625,0
2634,68268,37401,0
2635,8838,38712,0
2636,26419,61083,0
2637,39216,60569,0
2638,21888,58407,0
2639,24397,10475,0
2640,23902,61460,0
2641,4313,33172,0
2642,25433,7936,0
2643,61912,51763,0
2644,25358,26043,0
2645,14574,67638,0
2646,44105,34526,0
2647,51615,31126,0
2648,39607,30082,0
2649,34396,63299,0
2650,45639,11699,0
2651,35486,64051,0
2652,63384,16759,0
2653,51857,33442,0
2654,51537,7995,0
2655,35716,54065,0
2656,50531,36889,0
2657,49471,15081,0
2658,30743,55188,0
2659,48936,43512,0
2660,50563,54704,0
2661,12831,8988,0
2662,60685,37277,0
2663,10140,14619,0
2664,16433,7355,0
2665,26372,39322,0
2666,36832,47579,0
2667,40840,42868,0
2668,35736,8182,0
2669,43284,8408,0
2670,51714,25875,0
2671,58230,59987,0
2672,53698,50517,0
2673,28045,52329,0
2674,59769,42459,0
2675,19002,57246,0
2676,48434,39744,0
2677,64876,64722,0
2678,55425,37857,0
2679,39486,45821,0
2680,13521,48510,0
2681,59897,49257,0
2682,66079,61946,0
2683,37603,56936,0
2684,65841,27695,0
2685,8104,49978,0
2686,43869,50023,0
2687,42981,10836,0
2688,64947,5679,0
2689,5948,14572,0
2690,23483,61099,0
2691,20756,33275,0
2692,24137,46092,0
2693,26731,15602,0
2694,16755,42672,0
2695,34595,38634,0
2696,33818,57861,0
2697,67368,19423,0
2698,2164,57707,0
2699,19178,24615,0
2700,52829,33663,0
2701,56189,67096,0
2702,39714,9503,0
2703,42119,5039,0
2704,5680,39335,0
2705,25411,6033,0
2706,10761,10765,0
2707,65831,27471,0
2708,61017,16219,0
2709,57529,20761,0
2710,11645,4172,0
2711,43219,66395,0
2712,44760,20321,0
2713,44537,50697,0
2714,32830,32458,0
2715,41958,31232,0
2716,3929,53453,0
2717,4942,7959,0
2718,49056,46187,0
2719,45452,52163,0
2720,53173,19756,0
2721,62272,13446,0
2722,65474,54154,0
2723,63846,58954,0
2724,24488,24983,0
2725,14240,60691,0
2726,34415,65419,0
2727,25403,54611,0
2728,14600,41841,0
2729,53210,351,0
2730,1301,47293,0
2731,52396,846,0
2732,3025,4975,0
2733,61383,13669,0
2734,2920,22997,0
2735,32308,66211,0
2736,67324,49947,0
2737,545,27898,0
2738,23053,46375,0
2739,63928,25906,0
2740,22045,6615,0
2741,27231,11304,0
2742,14546,18565,0
2743,59835,29878,0
2744,39480,30682,0
2745,4964,1437,0
2746,31764,57902,0
2747,20855,51731,0
2748,59467,11588,0
2749,30315,66871,0
2750,43972,41503,0
2751,16460,45288,0
2752,8512,35449,0
2753,16679,35190,0
2754,9129,48332,0
2755,57842,9238,0
2756,48730,37086,0
2757,14114,35154,0
2758,37600,3769,0
2759,15357,61895,0
2760,2803,12044,0
2761,22634,33305,0
2762,11123,51622,0
2763,25279,23030,0
2764,21964,28639,0
2765,17471,24572,0
2766,10337,39927,0
2767,6642,20134,0
2768,31510,39015,0
2769,53088,20526,0
2770,17694,15385,0
2771,8276,38422,0
2772,35042,2692,0
2773,42193,62145,0
2774,39961,22198,0
2775,57174,30445,0
2776,29765,53353,0
2777,22074,31838,0
2778,42294,39519,0
2779,6510,54857,0
2780,29225,45904,0
2781,55197,46935,0
2782,16276,50463,0
2783,41246,2126,0
2784,42743,38577,0
2785,18175,6428,0
2786,39517,53250,0
2787,11888,38939,0
2788,33056,66145,0
2789,45930,40636,0
2790,34703,17210,0
2791,27395,58858,0
2792,13968,9168,0
2793,38484,19298,0
2794,52424,49387,0
2795,67139,21141,0
2796,33905,45383,0
2797,59250,50745,0
2798,34353,52415,0
2799,10091,38883,0
2800,36672,35701,0
2801,32346,23897,0
2802,25416,66995,0
2803,55339,66397,0
2804,44365,3675,0
2805,62078,26879,0
2806,3874,19131,0
2807,3369,12516,0
2808,42333,11456,0
2809,1725,45927,0
2810,2831,52286,0
2811,51914,30539,0
2812,58059,26447,0
2813,5742,705,0
2814,65044,3755,0
2815,43594,62697,0
2816,38827,12719,0
2817,12626,32182,0
2818,36088,53402,0
2819,63719,36602,0
2820,60156,15352,0
2821,14424,10694,0
2822,9891,2345,0
2823,29388,60058,0
2824,50810,46267,0
2825,28902,8683,0
2826,37100,2664,0
2827,37332,24160,0
2828,3442,63695,0
2829,58423,37563,0
2830,19896,22730,0
2831,25558,49558,0
2832,53249,50619,0
2833,42058,56448,0
2834,51618,11705,0
2835,16850,22440,0
2836,12240,56841,0
2837,2165,2010,0
2838,991,56681,0
2839,65582,34574,0
2840,64228,27809,0
2841,13079,17345,0
2842,107,53597,0
2843,12331,35516,0
2844,9404,32737,0
2845,66759,18256,0
2846,18590,42386,0
2847,50752,11108,0
2848,777,20825,0
2849,9241,10003,0
2850,48290,44542,0
2851,31069,47363,0
2852,46519,62386,0
2853,65919,58408,0
2854,17806,45145,0
2855,30943,49682,0
2856,1104,31063,0
2857,18236,12891,0
2858,45867,42689,0
2859,60623,53632,0
2860,13218,47407,0
2861,8969,34742,0
2862,49809,25130,0
2863,17054,40543,0
2864,60107,4470,0
2865,856,50561,0
2866,24759,48680,0
2867,30940,27966,0
2868,19354,50242,0
2869,2955,2371,0
2870,1305,43342,0
2871,56339,52872,0
2872,45826,42089,0
2873,62948,30003,0
2874,37270,54597,0
2875,51354,52540,0
2876,61988,56472,0
2877,37248,6417,0
2878,58744,65324,0
2879,39514,47348,0
2880,45595,56925,0
2881,65766,24861,0
2882,50189,39634,0
2883,62778,42917,0
2884,1190,27942,0
2885,6334,27122,0
2886,62987,67203,0
2887,19533,12060,0
2888,27127,46210,0
2889,52995,6035,0
2890,9553,62474,0
2891,42575,37857,0
2892,65370,61777,0
2893,14692,17200,0
2894,20988,54471,0
2895,38203,442,0
2896,54573,38048,0
2897,63670,38479,0
2898,46106,60754,0
2899,47321,65225,0
2900,9147,19652,0
2901,44162,62924,0
2902,10240,29860,0
2903,45914,12281,0
2904,62571,41872,0
2905,7241,50503,0
2906,15158,18921,0
2907,22794,26066,0
2908,34988,34919,0
2909,56321,65379,0
2910,17373,24449,0
2911,48450,55609,0
2912,61859,54230,0
2913,54213,43468,0
2914,32792,44693,0
2915,57216,18108,0
2916,54621,66891,0
2917,63290,1357,0
2918,54953,64202,0
2919,19222,41612,0
2920,42111,35029,0
2921,61255,62485,0
2922,10267,45897,0
2923,35786,33653,0
2924,9687,37165,0
2925,4567,48169,0
2926,3942,53137,0
2927,18571,33552,0
2928,41351,56426,0
2929,42923,63520,0
2930,20407,6052,0
2931,30260,38110,0
2932,56893,4749,0
2933,57114,15592,0
2934,33613,21037,0
2935,16373,29752,0
2936,65865,1387,0
2937,46783,58379,0
2938,12754,10417,0
2939,23102,28764,0
2940,45045,2578,0
2941,41719,10012,0
2942,41371,60571,0
2943,30313,46740,0
2944,67729,7474,0
2945,21436,20591,0
2946,14386,23617,0
2947,6540,18867,0
2948,10254,11381,0
2949,65600,47093,0
2950,41067,57691,0
2951,12991,26459,0
2952,61855,64783,0
2953,40335,16688,0
2954,4615,64783,0
2955,48081,49341,0
2956,56251,15343,0
2957,66734,4644,0
2958,40758,2729,0
2959,67191,19349,0
2960,59889,9972,0
2961,32186,4835,0
2962,37782,63221,0
2963,56132,47512,0
2964,15065,56478,0
2965,43517,14904,0
2966,2774,15348,0
2967,29001,49131,0
2968,23542,30703,0
2969,44407,7059,0
2970,36219,25866,0
2971,22539,37503,0
2972,59178,58879,0
2973,45918,54720,0
2974,63131,43177,0
2975,25931,50459,0
2976,32047,57041,0
2977,15026,34729,0
2978,51946,21605,0
2979,14506,24044,0
2980,21105,52883,0
2981,30149,60113,0
2982,2503,35340,0
2983,23119,40171,0
2984,62798,11245,0
2985,36718,62737,0
2986,18211,16931,0
2987,63829,41445,0
2988,29477,4430,0
2989,30986,30482,0
2990,3024,31993,0
2991,37887,26783,0
2992,52854,32759,0
2993,38900,929,0
2994,15151,5691,0
2995,3048,28573,0
2996,53355,41708,0
2997,43130,33582,0
2998,39453,27684,0
2999,32693,36982,0
3000,43840,5430,0
3001,24308,12939,0
3002,46105,59636,0
3003,6995,35690,0
3004,52095,60196,0
3005,48040,53588,0
3006,40682,37563,0
3007,16161,22269,0
3008,21576,3098,0
3009,59860,28964,0
3010,20046,34856,0
3011,48875,61346,0
3012,29667,64873,0
3013,49933,34881,0
3014,9391,60655,0
3015,22209,59316,0
3016,65062,57501,0
3017,21640,42413,0
3018,35223,63049,0
3019,50783,34655,0
3020,4316,50674,0
3021,26662,51015,0
3022,37856,22234,0
3023,21563,30501,0
3024,25584,53670,0
3025,65743,24183,0
3026,17455,4356,0
3027,64908,44742,0
3028,16406,42050,0
3029,29942,18762,0
3030,20800,34476,0
3031,13187,41887,0
3032,14770,56542,0
3033,57957,40689,0
3034,26309,55229,0
3035,14599,27800,0
3036,36867,8649,0
3037,15668,19321,0
3038,61395,64904,0
3039,21021,12877,0
3040,10174,3144,0
3041,46962,40640,0
3042,47908,5238,0
3043,13865,4937,0
3044,28690,28650,0
3045,37568,36281,0
3046,55226,66827,0
3047,59389,47507,0
3048,19254,48782,0
3049,25001,847,0
3050,56286,3622,0
3051,1512,19266,0
3052,47090,54446,0
3053,19222,18593,0
3054,16726,18253,0
3055,56401,55344,0
3056,28198,41167,0
3057,15912,54219,0
3058,62952,19725,0
3059,64185,63125,0
3060,23734,7475,0
3061,12306,28106,0
3062,25147,32005,0
3063,20475,14217,0
3064,2655,27292,0
3065,6654,49668,0
3066,27960,66050,0
3067,63511,51522,0
3068,14539,40036,0
3069,61213,35264,0
3070,52107,61596,0
3071,1017,57914,0
3072,9556,5357,0
3073,64321,29453,0
3074,26359,34995,0
3075,9169,11259,0
3076,10772,12465,0
3077,12913,15335,0
3078,63324,57035,0
3079,19128,14112,0
3080,34087,20129,0
3081,16702,67580,0
3082,12994,23813,0
3083,20724,13697,0
3084,20273,46043,0
3085,23338,8732,0
3086,26406,62403,0
3087,24408,43500,0
3088,9241,46009,0
3089,54887,64074,0
3090,53402,66801,0
3091,59183,67923,0
3092,31162,21225,0
3093,51106,33230,0
3094,27672,44705,0
3095,46282,40817,0
3096,23070,54719,0
3097,67379,5863,0
3098,40662,7158,0
3099,54830,34771,0
3100,28679,15317,0
3101,3528,9936,0
3102,9670,40378,0
3103,59166,3105,0
3104,62097,60526,0
3105,43904,67591,0
3106,64223,36439,0
3107,10534,68271,0
3108,59808,40868,0
3109,35582,14937,0
3110,48099,29202,0
3111,18312,12338,0
3112,35336,38236,0
3113,62929,51619,0
3114,58603,21055,0
3115,45132,40408,0
3116,37127,34259,0
3117,45391,12243,0
3118,24786,31579,0
3119,19998,16547,0
3120,16456,3851,0
3121,51884,10373,0
3122,2712,30411,0
3123,17375,30485,0
3124,54259,36964,0
3125,49455,37715,0
3126,12154,29163,0
3127,3854,37516,0
3128,13568,22663,0
3129,8298,20579,0
3130,40522,62757,0
3131,26188,22703,0
3132,52978,14830,0
3133,33302,27954,0
3134,53008,29050,0
3135,45235,47871,0
3136,41280,29114,0
3137,40069,67218,0
3138,22320,25415,0
3139,10618,60139,0
3140,53822,65101,0
3141,4577,43983,0
3142,53235,37276,0
3143,33640,19747,0
3144,21247,67050,0
3145,26179,846,0
3146,63213,15142,0
3147,45118,16614,0
3148,9096,28972,0
3149,9235,20519,0
3150,48679,54458,0
3151,57954,39763,0
3152,23639,17067,0
3153,22344,33986,0
3154,31759,7939,0
3155,30766,8000,0
3156,23300,40357,0
3157,29415,64110,0
3158,30535,8327,0
3159,29446,31208,0
3160,54407,64797,0
3161,28229,45956,0
3162,25834,1469,0
3163,20256,43607,0
3164,9958,37660,0
3165,43155,26620,0
3166,33377,45511,0
3167,12047,50214,0
3168,38528,62848,0
3169,53754,15897,0
3170,66063,51829,0
3171,41570,58542,0
3172,53315,45960,0
3173,17600,60319,0
3174,15381,17118,0
3175,61341,58093,0
3176,10705,29491,0
3177,43539,14492,0
3178,8651,33273,0
3179,10389,14285,0
3180,47266,25927,0
3181,49622,8291,0
3182,34257,29736,0
3183,58977,52312,0
3184,63568,21713,0
3185,56808,5582,0
3186,2432,48603,0
3187,10173,58420,0
3188,7675,39109,0
3189,1040,24593,0
3190,20550,38435,0
3191,55685,9602,0
3192,63048,41866,0
3193,14028,20485,0
3194,12847,32442,0
3195,15107,39995,0
3196,50252,28708,0
3197,25530,26866,0
3198,13242,43009,0
3199,4018,39628,0
3200,4491,47970,0
3201,58322,39489,0
3202,42653,30439,0
3203,59015,30526,0
3204,9646,54962,0
3205,62113,63186,0
3206,35752,27518,0
3207,6212,36444,0
3208,60902,61693,0
3209,12453,41334,0
3210,668,2636,0
3211,62417,66564,0
3212,29669,33250,0
3213,25770,51664,0
3214,9143,62006,0
3215,16132,24378,0
3216,14490,29885,0
3217,14300,8154,0
3218,64815,32477,0
3219,60085,13637,0
3220,28662,29001,0
3221,20810,315,0
3222,55685,49941,0
3223,6572,15616,0
3224,37259,22179,0
3225,7645,27650,0
3226,64232,65570,0
3227,47990,37632,0
3228,49795,11292,0
3229,44107,2002,0
3230,32026,36746,0
3231,63292,45637,0
3232,58086,32033,0
3233,6778,16100,0
3234,61193,149,0
3235,58797,8898,0
3236,34153,56025,0
3237,13528,46843,0
3238,43232,40776,0
3239,63947,34366,0
3240,6876,39519,0
3241,20260,37961,0
3242,52559,62485,0
3243,5761,60713,0
3244,17721,42901,0
3245,55594,913,0
3246,61414,17277,0
3247,18008,14907,0
3248,16369,39630,0
3249,22419,45534,0
3250,20889,67244,0
3251,43594,50738,0
3252,68287,30531,0
3253,35344,32722,0
3254,49670,15455,0
3255,29857,67854,0
3256,39687,65716,0
3257,30965,36247,0
3258,30967,34255,0
3259,7958,60177,0
3260,40417,62511,0
3261,66780,53132,0
3262,10673,64545,0
3263,49748,20803,0
3264,37709,15377,0
3265,31229,16854,0
3266,25755,47172,0
3267,43548,27708,0
3268,13755,34542,0
3269,63442,1653,0
3270,276,1261,0
3271,12785,34356,0
3272,16755,41668,0
3273,3938,32450,0
3274,42708,4664,0
3275,61289,1427,0
3276,5785,45481,0
3277,1422,33619,0
3278,53539,55430,0
3279,41656,45937,0
3280,52756,20409,0
3281,20516,9955,0
3282,48116,18781,0
3283,19128,20097,0
3284,2912,50802,0
3285,67425,33833,0
3286,35490,17580,0
3287,36564,48028,0
3288,53239,8438,0
3289,47564,54793,0
3290,883,50408,0
3291,9875,33636,0
3292,28718,51442,0
3293,4205,26921,0
3294,37062,57861,0
3295,12590,7841,0
3296,33614,68001,0
3297,60156,31228,0
3298,51549,41519,0
3299,44393,13638,0
3300,48344,26915,0
3301,57139,54215,0
3302,25038,47853,0
3303,35199,49822,0
3304,52342,38013,0
3305,59084,65800,0
3306,5064,56127,0
3307,11099,54958,0
3308,57184,17273,0
3309,43135,37967,0
3310,26896,18004,0
3311,2752,60266,0
3312,35351,57482,0
3313,34936,25979,0
3314,396,1807,0
3315,47206,25233,0
3316,12605,44859,0
3317,6877,8123,0
3318,26148,2341,0
3319,9169,52161,0
3320,61682,43689,0
3321,19188,34188,0
3322,51318,57682,0
3323,43007,36184,0
3324,32910,15417,0
3325,43944,43769,0
3326,48999,54452,0
3327,68321,63571,0
3328,56515,8605,0
3329,6828,35915,0
3330,54689,12627,0
3331,15906,19831,0
3332,43866,67636,0
3333,31932,51738,0
3334,20475,66771,0
3335,49758,53880,0
3336,22562,38222,0
3337,67135,64535,0
3338,67634,11010,0
3339,31760,65928,0
3340,18830,56892,0
3341,31800,23453,0
3342,67863,43371,0
3343,8242,14437,0
3344,48517,29595,0
3345,32041,10805,0
3346,26058,38236,0
3347,8050,50083,0
3348,43367,18960,0
3349,723,4072,0
3350,32055,45360,0
3351,54492,10610,0
3352,5321,5746,0
3353,9129,13508,0
3354,3759,322,0
3355,33224,19983,0
3356,9803,41354,0
3357,10371,23715,0
3358,47987,56498,0
3359,5435,43301,0
3360,26182,14272,0
3361,68148,42727,0
3362,23432,52875,0
3363,6704,56273,0
3364,24089,68049,0
3365,31866,14744,0
3366,796,8593,0
3367,57084,41600,0
3368,17920,40031,0
3369,53595,4825,0
3370,54734,27055,0
3371,21608,24806,0
3372,18748,11197,0
3373,63323,27287,0
3374,4094,59426,0
3375,38190,8679,0
3376,7880,26515,0
3377,47592,31198,0
3378,15499,26205,0
3379,46127,23343,0
3380,36520,19510,0
3381,11344,14669,0
3382,37100,56686,0
3383,38038,4052,0
3384,23351,55703,0
3385,38054,64756,0
3386,36361,67458,0
3387,7025,51439,0
3388,18079,49328,0
3389,30379,7206,0
3390,14765,56370,0
3391,7786,39701,0
3392,36627,37960,0
3393,52650,10357,0
3394,40585,54605,0
3395,6612,29239,0
3396,31842,65500,0
3397,29425,7584,0
3398,56864,1693,0
3399,45043,25667,0
3400,29814,3055,0
3401,13144,58800,0
3402,49985,63162,0
3403,1366,37438,0
3404,40647,41088,0
3405,27552,22354,0
3406,29503,48104,0
3407,36079,11367,0
3408,10994,33951,0
3409,30243,38881,0
3410,18424,57736,0
3411,49761,14013,0
3412,45605,66638,0
3413,66025,65230,0
3414,56798,45682,0
3415,1849,38306,0
3416,15972,57931,0
3417,11083,23014,0
3418,22795,48996,0
3419,53037,34355,0
3420,18062,29567,0
3421,12503,60357,0
3422,2077,39396,0
3423,40525,53990,0
3424,48219,21932,0
3425,27390,1430,0
3426,49597,30035,0
3427,29141,37998,0
3428,18541,27460,0
3429,63416,62883,0
3430,9935,47575,0
3431,55985,63102,0
3432,33211,39973,0
3433,45037,64489,0
3434,51700,7519,0
3435,55171,30612,0
3436,3332,33455,0
3437,41009,44207,0
3438,64269,6028,0
3439,55399,8577,0
3440,37260,41047,0
3441,57639,29736,0
3442,42504,61741,0
3443,19943,6713,0
3444,58650,5671,0
3445,38926,38968,0
3446,29654,4645,0
3447,13902,6304,0
3448,40560,25547,0
3449,38813,8567,0
3450,33167,14833,0
3451,5090,7257,0
3452,26870,57689,0
3453,16482,12335,0
3454,4016,22490,0
3455,35242,47759,0
3456,35314,48111,0
3457,61000,22093,0
3458,45942,50164,0
3459,2135,9824,0
3460,1447,12376,0
3461,13889,24482,0
3462,17132,19084,0
3463,58901,41585,0
3464,36035,10433,0
3465,16606,64016,0
3466,31495,21631,0
3467,44755,54605,0
3468,59479,29295,0
3469,4963,29485,0
3470,24986,38764,0
3471,11687,20894,0
3472,42872,60088,0
3473,18209,41346,0
3474,35450,14385,0
3475,6747,14133,0
3476,13350,33277,0
3477,39709,46752,0
3478,55712,28319,0
3479,39898,56304,0
3480,37819,13153,0
3481,11366,8637,0
3482,28067,12537,0
3483,4132,11915,0
3484,2238,19878,0
3485,57764,29680,0
3486,8813,21068,0
3487,48117,31383,0
3488,31973,41068,0
3489,33509,4933,0
3490,3447,12044,0
3491,38717,5563,0
3492,10676,28118,0
3493,21943,9261,0
3494,25047,57819,0
3495,60735,49215,0
3496,4769,21701,0
3497,46173,64306,0
3498,51761,5933,0
3499,11312,7489,0
3500,40446,13779,0
3501,23263,59477,0
3502,63036,32702,0
3503,33688,38224,0
3504,62239,48540,0
3505,25112,58782,0
3506,55510,38906,0
3507,43028,47199,0
3508,64591,22294,0
3509,19517,53169,0
3510,21787,44431,0
3511,47140,24909,0
3512,1619,11223,0
3513,56679,51924,0
3514,16339,14123,0
3515,1501,8209,0
3516,27616,16957,0
3517,58215,41980,0
3518,24470,17609,0
3519,64589,25448,0
3520,23362,45944,0
3521,48806,35874,0
3522,10203,11545,0
3523,16418,56566,0
3524,59357,13241,0
3525,60580,58674,0
3526,47327,25381,0
3527,13439,8285,0
3528,15065,38462,0
3529,55513,21619,0
3530,54683,35224,0
3531,51862,58081,0
3532,32712,26270,0
3533,4715,17163,0
3534,44890,7656,0
3535,3585,802,0
3536,56191,22450,0
3537,15185,59644,0
3538,12754,25907,0
3539,14815,53250,0
3540,42365,32974,0
3541,51361,34696,0
3542,55572,56444,0
3543,35967,68345,0
3544,61643,38992,0
3545,3194,49875,0
3546,58972,52656,0
3547,12082,54620,0
3548,31533,52970,0
3549,14274,42741,0
3550,65069,25907,0
3551,65063,7667,0
3552,59854,62941,0
3553,5860,66805,0
3554,21313,55113,0
3555,56074,29348,0
3556,51667,57050,0
3557,42276,43241,0
3558,6184,44076,0
3559,32189,40700,0
3560,52382,34966,0
3561,24635,61139,0
3562,6437,12583,0
3563,32956,61021,0
3564,13276,1813,0
3565,19960,28617,0
3566,23925,48949,0
3567,65890,32702,0
3568,36708,24100,0
3569,14437,54856,0
3570,34089,61452,0
3571,35934,55970,0
3572,55953,35775,0
3573,38604,54979,0
3574,63233,19352,0
3575,20726,3147,0
3576,10049,11134,0
3577,32982,2933,0
3578,48183,57491,0
3579,10090,44744,0
3580,37903,38692,0
3581,66444,63885,0
3582,37990,33036,0
3583,50835,34885,0
3584,32065,37935,0
3585,36260,57275,0
3586,4624,5603,0
3587,24914,15724,0
3588,7364,14001,0
3589,46673,56662,0
3590,44411,17678,0
3591,45725,43030,0
3592,22799,26973,0
3593,28111,26521,0
3594,21313,6964,0
3595,68015,34490,0
3596,4406,42558,0
3597,55643,63119,0
3598,54586,1729,0
3599,21422,19983,0
3600,4343,41571,0
3601,17618,24471,0
3602,25707,52563,0
3603,63332,55352,0
3604,55468,21726,0
3605,26987,45202,0
3606,28813,30804,0
3607,12164,50436,0
3608,27319,16365,0
3609,15748,67990,0
3610,59801,4284,0
3611,14723,9467,0
3612,22042,2300,0
3613,67849,45730,0
3614,2266,2227,0
3615,25579,354,0
3616,28942,12114,0
3617,67917,23254,0
3618,46374,53169,0
3619,60394,7716,0
3620,921,46477,0
3621,60772,729,0
3622,4656,14462,0
3623,10630,27023,0
3624,18639,61198,0
3625,41825,12484,0
3626,9758,39391,0
3627,15118,53885,0
3628,18891,40911,0
3629,23659,4110,0
3630,7558,15976,0
3631,13933,19306,0
3632,3682,26818,0
3633,14332,7146,0
3634,16001,4487,0
3635,67473,34997,0
3636,47191,13841,0
3637,581,9623,0
3638,39091,13783,0
3639,34171,62443,0
3640,32206,27780,0
3641,58904,5900,0
3642,34645,12625,0
3643,13820,39775,0
3644,31060,30597,0
3645,1808,32227,0
3646,46366,4234,0
3647,52935,31691,0
3648,20469,64791,0
3649,53941,64254,0
3650,24937,55404,0
3651,25736,5003,0
3652,775,42702,0
3653,61988,56950,0
3654,25280,19849,0
3655,61390,37821,0
3656,36071,59248,0
3657,20760,57754,0
3658,12586,53659,0
3659,44363,31077,0
3660,42680,43450,0
3661,29048,45866,0
3662,16370,12948,0
3663,62723,54611,0
3664,52387,57886,0
3665,58884,58939,0
3666,17357,66555,0
3667,53061,58516,0
3668,215,62339,0
3669,60958,32264,0
3670,67898,42611,0
3671,52080,61373,0
3672,64962,62291,0
3673,5440,49255,0
3674,21086,44469,0
3675,33987,7751,0
3676,30305,65152,0
3677,24494,23855,0
3678,60649,15562,0
3679,25249,8005,0
3680,4957,29879,0
3681,53533,48601,0
3682,25631,47580,0
3683,68038,21484,0
3684,35822,21896,0
3685,10362,66029,0
3686,68050,18923,0
3687,15065,18682,0
3688,32551,2800,0
3689,58479,15278,0
3690,45579,28623,0
3691,52696,31642,0
3692,57437,1383,0
3693,17492,53814,0
3694,31166,62985,0
3695,34249,64316,0
3696,66516,19969,0
3697,50701,10818,0
3698,60413,53326,0
3699,3695,10124,0
3700,12182,264,0
3701,23534,40454,0
3702,12119,29722,0
3703,34328,47221,0
3704,68131,18340,0
3705,18902,64667,0
3706,60024,14402,0
3707,43397,67329,0
3708,7654,8340,0
3709,35538,68351,0
3710,14300,56372,0
3711,54248,52279,0
3712,18855,12028,0
3713,11433,10916,0
3714,66725,64682,0
3715,8822,50367,0
3716,52356,39962,0
3717,16780,1345,0
3718,65884,27809,0
3719,15419,55016,0
3720,42730,54225,0
3721,37948,13374,0
3722,65157,8898,0
3723,48930,21400,0
3724,26940,4220,0
3725,27243,22422,0
3726,17547,49558,0
3727,28419,14218,0
3728,52436,28272,0
3729,9487,50170,0
3730,43895,2148,0
3731,52801,48069,0
3732,15993,21152,0
3733,56873,53715,0
3734,48427,39755,0
3735,59333,1360,0
3736,11193,64524,0
3737,13935,27130,0
3738,293,263,0
3739,50833,60224,0
3740,64209,66471,0
3741,38022,58087,0
3742,55056,25601,0
3743,43653,56451,0
3744,36887,44924,0
3745,61983,63313,0
3746,13684,3877,0
3747,33772,32388,0
3748,41333,31486,0
3749,57121,14562,0
3750,37406,34162,0
3751,64703,62298,0
3752,56611,60303,0
3753,55855,44907,0
3754,59485,5437,0
3755,57300,28112,0
3756,9180,46084,0
3757,59733,5273,0
3758,66782,60913,0
3759,52123,36719,0
3760,17660,40772,0
3761,52767,58664,0
3762,32597,43113,0
3763,59604,25194,0
3764,57396,35677,0
3765,7445,21635,0
3766,29190,59181,0
3767,9226,27975,0
3768,62830,32954,0
3769,9655,9356,0
3770,54847,49415,0
3771,58797,20363,0
3772,41179,66371,0
3773,46094,45741,0
3774,52160,36835,0
3775,42104,22599,0
3776,36832,29053,0
3777,9031,51803,0
3778,49088,33186,0
3779,12898,25001,0
3780,44949,9317,0
3781,57568,11059,0
3782,46874,41498,0
3783,56860,46854,0
3784,38036,54391,0
3785,13614,66824,0
3786,44628,27823,0
3787,14948,57554,0
3788,47975,9255,0
3789,48167,56553,0
3790,5242,56005,0
3791,57356,27401,0
3792,45633,13692,0
3793,49018,58244,0
3794,32757,10985,0
3795,40465,22508,0
3796,59068,30403,0
3797,35105,35269,0
3798,47438,50742,0
3799,4593,54588,0
3800,36627,5979,0
3801,43986,5332,0
3802,55298,54650,0
3803,25551,9154,0
3804,32751,56598,0
3805,62699,2882,0
3806,40668,54540,0
3807,743,15810,0
3808,58466,5626,0
3809,55616,6914,0
3810,5891,38566,0
3811,42394,64623,0
3812,56745,53257,0
3813,43994,51644,0
3814,29017,34430,0
3815,20939,33823,0
3816,16733,6209,0
3817,57982,39224,0
3818,35656,51657,0
3819,67159,13944,0
3820,28028,38037,0
3821,29066,26365,0
3822,28741,588,0
3823,53251,44925,0
3824,7968,16037,0
3825,18369,16175,0
3826,64565,15814,0
3827,34263,17316,0
3828,66802,24337,0
3829,8985,25391,0
3830,63554,8176,0
3831,33518,35280,0
3832,45854,57429,0
3833,6344,2922,0
3834,45681,53534,0
3835,66357,42938,0
3836,45686,58541,0
3837,6817,41443,0
3838,43025,10982,0
3839,55209,28744,0
3840,46063,41952,0
3841,56282,53982,0
3842,46250,40186,0
3843,25160,43993,0
3844,33598,52434,0
3845,22564,39125,0
3846,35691,13279,0
3847,36246,53887,0
3848,33928,22914,0
3849,39721,219,0
3850,1565,1246,0
3851,38456,21432,0
3852,64778,44703,0
3853,30459,33900,0
3854,42212,65247,0
3855,51953,24821,0
3856,51533,41237,0
3857,58045,60678,0
3858,55653,43969,0
3859,34491,60772,0
3860,4004,33298,0
3861,15176,49715,0
3862,27614,37606,0
3863,44586,29338,0
3864,23875,41294,0
3865,16168,20252,0
3866,17069,35256,0
3867,19536,12755,0
3868,20985,7391,0
3869,6171,13994,0
3870,35955,32401,0
3871,28301,20125,0
3872,39731,38713,0
3873,26722,61468,0
3874,17545,30212,0
3875,38108,26535,0
3876,6336,41181,0
3877,26906,52539,0
3878,12482,15274,0
3879,27837,52505,0
3880,59008,43037,0
3881,22098,47436,0
3882,34650,61412,0
3883,15828,49059,0
3884,66734,2298,0
3885,42581,34362,0
3886,20486,15580,0
3887,62044,18202,0
3888,49711,43216,0
3889,55496,39932,0
3890,64680,43900,0
3891,12367,38428,0
3892,37886,38098,0
3893,38347,18176,0
3894,20595,36194,0
3895,22217,18723,0
3896,39796,36117,0
3897,51675,41511,0
3898,18995,22400,0
3899,47197,20640,0
3900,26353,18784,0
3901,54488,41063,0
3902,46437,35163,0
3903,57328,63013,0
3904,36895,19744,0
3905,13316,35110,0
3906,55456,29764,0
3907,41586,55876,0
3908,42110,37793,0
3909,2057,20686,0
3910,21705,51522,0
3911,31605,53257,0
3912,12453,47569,0
3913,29824,46505,0
3914,25834,21002,0
3915,4959,62559,0
3916,10571,62404,0
3917,52240,6036,0
3918,47475,56343,0
3919,36400,48541,0
3920,58384,55669,0
3921,1567,56153,0
3922,30830,60402,0
3923,54026,64291,0
3924,1200,44202,0
3925,20395,59303,0
3926,713,60122,0
3927,38539,61997,0
3928,18884,28602,0
3929,19928,42083,0
3930,36300,57284,0
3931,34400,5351,0
3932,5156,64487,0
3933,20214,33084,0
3934,40360,6758,0
3935,52742,39471,0
3936,38019,43767,0
3937,39856,4019,0
3938,41587,18562,0
3939,67013,40344,0
3940,60857,6997,0
3941,46191,34472,0
3942,16825,56114,0
3943,63243,32831,0
3944,51596,25448,0
3945,33356,19436,0
3946,5791,33535,0
3947,21455,37679,0
3948,56494,18394,0
3949,29831,63752,0
3950,66647,45048,0
3951,62352,60620,0
3952,41236,43478,0
3953,20170,59057,0
3954,20575,24444,0
3955,9713,17189,0
3956,17664,57274,0
3957,41303,1508,0
3958,55408,23894,0
3959,11785,28954,0
3960,41769,34350,0
3961,26403,62554,0
3962,58492,4614,0
3963,49515,47069,0
3964,58458,18185,0
3965,40106,17172,0
3966,44263,60186,0
3967,32484,8109,0
3968,43203,50289,0
3969,20319,38550,0
3970,31562,5638,0
3971,4529,8332,0
3972,30750,51381,0
3973,17650,46327,0
3974,47215,10510,0
3975,43701,46604,0
3976,21593,58500,0
3977,40406,60043,0
3978,10389,18669,0
3979,5355,34175,0
3980,42425,35622,0
3981,48462,24518,0
3982,44912,13159,0
3983,5512,42792,0
3984,6721,53071,0
3985,40450,56673,0
3986,4615,31588,0
3987,32173,2679,0
3988,60753,62688,0
3989,63022,19532,0
3990,41150,12451,0
3991,62607,50297,0
3992,65135,29644,0
3993,56780,56789,0
3994,19572,39590,0
3995,62587,32000,0
3996,57984,63574,0
3997,19924,7813,0
3998,29295,23205,0
3999,4151,11485,0
4000,24850,55043,0
4001,35124,32840,0
4002,10696,44821,0
4003,61019,53640,0
4004,21202,426,0
4005,2960,68301,0
4006,8131,44041,0
4007,46216,17643,0
4008,13107,65340,0
4009,27915,34925,0
4010,51024,22588,0
4011,18519,24641,0
4012,67454,2390,0
4013,66901,64313,0
4014,20595,57385,0
4015,30272,45764,0
4016,33587,66598,0
4017,48217,26686,0
4018,13429,50101,0
4019,38639,14979,0
4020,38606,46122,0
4021,44400,64527,0
4022,61239,7511,0
4023,56699,53162,0
4024,52443,36602,0
4025,57557,3492,0
4026,17176,42348,0
4027,52317,36541,0
4028,14108,30875,0
4029,51892,49901,0
4030,32653,49719,0
4031,47975,45388,0
4032,42136,67207,0
4033,65023,10946,0
4034,38032,35452,0
4035,8637,28620,0
4036,55893,38343,0
4037,28981,63942,0
4038,47946,13779,0
4039,57563,51504,0
4040,60397,51117,0
4041,6461,42554,0
4042,19395,46836,0
4043,56387,56475,0
4044,42265,5704,0
4045,23029,52638,0
4046,15604,63770,0
4047,45696,50633,0
4048,40935,67302,0
4049,55702,16055,0
4050,58295,26669,0
4051,7187,5993,0
4052,64107,10915,0
4053,23388,17410,0
4054,3975,39465,0
4055,64896,66326,0
4056,18442,20518,0
4057,37135,41016,0
4058,67565,27821,0
4059,47657,5836,0
4060,48927,38992,0
4061,34616,63578,0
4062,25505,26440,0
4063,2046,65498,0
4064,48343,20765,0
4065,40899,59027,0
4066,56626,51373,0
4067,22540,57929,0
4068,13658,31086,0
4069,65499,41757,0
4070,27711,56168,0
4071,57458,28012,0
4072,30656,13874,0
4073,30867,57620,0
4074,6219,19513,0
4075,46543,27986,0
4076,22727,22198,0
4077,46822,58004,0
4078,43653,55562,0
4079,32683,21347,0
4080,28142,11198,0
4081,33884,39512,0
4082,56581,11423,0
4083,923,20138,0
4084,64102,62247,0
4085,37737,46874,0
4086,56001,60747,0
4087,5571,17210,0
4088,62629,66059,0
4089,17636,59908,0
4090,25504,64871,0
4091,7074,25791,0
4092,50782,41666,0
4093,52786,19822,0
4094,31175,21532,0
4095,833,33721,0
4096,17110,15636,0
4097,10347,23897,0
4098,10696,47955,0
4099,2266,37118,0
4100,35834,18068,0
4101,39324,28034,0
4102,61349,50865,0
4103,25345,56951,0
4104,23392,58398,0
4105,49995,17042,0
4106,8982,36130,0
4107,27270,54344,0
4108,16188,21526,0
4109,50292,48426,0
4110,1402,2748,0
4111,40560,55054,0
4112,56495,18393,0
4113,3450,66906,0
4114,7689,22287,0
4115,45791,23298,0
4116,22501,13209,0
4117,56427,55767,0
4118,7272,51522,0
4119,7679,48709,0
4120,11072,11678,0
4121,24419,4631,0
4122,45163,38725,0
4123,10733,34963,0
4124,15056,38600,0
4125,12829,5152,0
4126,6386,51360,0
4127,39983,17677,0
4128,13093,66089,0
4129,64104,50587,0
4130,35980,53600,0
4131,36973,49662,0
4132,13221,9191,0
4133,6200,38676,0
4134,41634,52736,0
4135,11350,47766,0
4136,56265,57320,0
4137,24145,25798,0
4138,54169,29684,0
4139,7583,64187,0
4140,49771,55706,0
4141,53927,37165,0
4142,59682,35822,0
4143,55179,62241,0
4144,36613,34796,0
4145,35682,28328,0
4146,56215,46196,0
4147,8735,27473,0
4148,41371,48024,0
4149,55125,52526,0
4150,9447,13481,0
4151,29315,68101,0
4152,28818,31946,0
4153,13826,61012,0
4154,14132,9420,0
4155,66538,3890,0
4156,7486,5390,0
4157,56835,6620,0
4158,61705,63322,0
4159,14845,26407,0
4160,44990,51384,0
4161,33835,34297,0
4162,31290,39170,0
4163,40606,13024,0
4164,16523,5328,0
4165,46366,20905,0
4166,66246,14264,0
4167,28000,39377,0
4168,18226,65836,0
4169,33838,26460,0
4170,5855,28493,0
4171,67226,48223,0
4172,7626,21782,0
4173,6602,46214,0
4174,47210,61027,0
4175,19614,8837,0
4176,38142,18151,0
4177,21342,27580,0
4178,15948,18243,0
4179,15433,49078,0
4180,32082,50473,0
4181,61556,19007,0
4182,19474,39589,0
4183,65245,59244,0
4184,29241,67490,0
4185,17165,28887,0
4186,59855,45502,0
4187,58578,10403,0
4188,10844,16204,0
4189,37410,43626,0
4190,59249,1555,0
4191,8336,34081,0
4192,24117,64023,0
4193,17696,3626,0
4194,6814,65977,0
4195,20140,63150,0
4196,12331,44442,0
4197,3358,40464,0
4198,9047,67536,0
4199,11645,37138,0
4200,6113,64445,0
4201,22586,22870,0
4202,3204,48509,0
4203,54564,31093,0
4204,5824,63183,0
4205,2435,18468,0
4206,2265,7436,0
4207,18984,57717,0
4208,20821,23595,0
4209,43302,16972,0
4210,62393,42596,0
4211,60592,60783,0
4212,52860,51072,0
4213,53988,34587,0
4214,47945,46380,0
4215,25313,29427,0
4216,62036,20130,0
4217,10248,55862,0
4218,30181,11696,0
4219,27860,14978,0
4220,59352,22528,0
4221,49872,9590,0
4222,14166,56073,0
4223,45506,58481,0
4224,2962,46663,0
4225,22516,27178,0
4226,55638,40356,0
4227,59697,30378,0
4228,6718,57808,0
4229,58261,26526,0
4230,26534,57021,0
4231,51994,51294,0
4232,27529,68066,0
4233,64860,52431,0
4234,55503,53325,0
4235,33799,59781,0
4236,1425,12794,0
4237,65370,36573,0
4238,63768,5305,0
4239,30938,55951,0
4240,63304,62272,0
4241,63730,27069,0
4242,48926,49790,0
4243,16769,47284,0
4244,11280,67486,0
4245,52130,15256,0
4246,44591,61781,0
4247,33857,50039,0
4248,18306,45483,0
4249,52980,19010,0
4250,48746,535,0
4251,46195,21008,0
4252,7604,26253,0
4253,12132,33605,0
4254,38773,33104,0
4255,31760,24899,0
4256,44309,59958,0
4257,24112,61884,0
4258,12147,43246,0
4259,20488,747,0
4260,14864,15821,0
4261,21888,39467,0
4262,4674,40268,0
4263,44309,46283,0
4264,31258,19040,0
4265,55727,65279,0
4266,65878,26816,0
4267,57838,42132,0
4268,54965,25698,0
4269,37371,37561,0
4270,11661,7393,0
4271,10085,42632,0
4272,5155,30818,0
4273,20797,59329,0
4274,23497,36126,0
4275,6334,52156,0
4276,59360,24008,0
4277,64131,2963,0
4278,14366,1582,0
4279,28994,26615,0
4280,48700,25868,0
4281,39766,30843,0
4282,51241,61948,0
4283,30644,31985,0
4284,41438,43242,0
4285,63308,50519,0
4286,42285,52875,0
4287,45967,47616,0
4288,341,18589,0
4289,13121,26697,0
4290,24405,16020,0
4291,17515,22528,0
4292,26126,36720,0
4293,28897,58459,0
4294,56996,14120,0
4295,8855,24259,0
4296,48579,17894,0
4297,18495,47717,0
4298,4178,38034,0
4299,34360,8655,0
4300,45095,7593,0
4301,36486,42855,0
4302,60229,10801,0
4303,29159,17751,0
4304,51359,49650,0
4305,56480,12970,0
4306,38675,67050,0
4307,41977,38680,0
4308,67589,26964,0
4309,46251,46474,0
4310,46374,38922,0
4311,32732,53805,0
4312,57782,88,0
4313,38497,35171,0
4314,34181,36860,0
4315,33991,53407,0
4316,10222,67965,0
4317,57999,57647,0
4318,26740,30292,0
4319,57167,52092,0
4320,45115,58579,0
4321,63432,15800,0
4322,61440,57318,0
4323,24366,49325,0
4324,12494,19548,0
4325,25239,12085,0
4326,39991,2786,0
4327,64084,1330,0
4328,52225,28449,0
4329,51165,12545,0
4330,63126,33096,0
4331,46978,54285,0
4332,55019,62331,0
4333,59162,30271,0
4334,31101,60469,0
4335,54672,62294,0
4336,64798,61725,0
4337,64307,46132,0
4338,48645,11974,0
4339,61952,65968,0
4340,27455,62764,0
4341,68370,22398,0
4342,24534,60319,0
4343,1313,51096,0
4344,29320,40861,0
4345,58847,31653,0
4346,27081,8674,0
4347,31929,16211,0
4348,23659,52733,0
4349,60414,58467,0
4350,60376,40688,0
4351,5454,63104,0
4352,140,50763,0
4353,8562,19649,0
4354,2752,45679,0
4355,8849,30736,0
4356,13569,55329,0
4357,63657,18904,0
4358,39700,9839,0
4359,54884,53318,0
4360,68418,35043,0
4361,47070,12944,0
4362,54556,44517,0
4363,28483,16668,0
4364,58393,51060,0
4365,41887,40760,0
4366,25857,9503,0
4367,19896,29696,0
4368,47813,13939,0
4369,54323,26762,0
4370,49081,4350,0
4371,28442,38074,0
4372,40079,60053,0
4373,53220,50666,0
4374,11445,11009,0
4375,51202,460,0
4376,16708,7016,0
4377,2712,50114,0
4378,28023,51296,0
4379,37862,18980,0
4380,65034,22008,0
4381,67213,37287,0
4382,26978,61635,0
4383,26216,35059,0
4384,2795,22602,0
4385,42687,19728,0
4386,3324,39810,0
4387,56353,22781,0
4388,59067,17969,0
4389,38938,56441,0
4390,43028,13239,0
4391,42537,44776,0
4392,6431,52092,0
4393,55496,44911,0
4394,21714,44965,0
4395,5242,34094,0
4396,5883,45838,0
4397,27921,40252,0
4398,61011,12982,0
4399,29172,53321,0
4400,12681,55049,0
4401,43081,38487,0
4402,59714,59397,0
4403,25259,37805,0
4404,15872,7593,0
4405,11903,29872,0
4406,27133,63827,0
4407,67965,10899,0
4408,43621,33909,0
4409,48375,22912,0
4410,43959,33101,0
4411,40495,3214,0
4412,11861,49324,0
4413,9797,60186,0
4414,17620,46509,0
4415,38595,50451,0
4416,13521,42991,0
4417,30,41755,0
4418,61313,61052,0
4419,12098,24541,0
4420,29332,18539,0
4421,30866,36843,0
4422,27226,29259,0
4423,26736,43933,0
4424,64219,3017,0
4425,14905,47501,0
4426,15617,27356,0
4427,52519,48449,0
4428,15574,57347,0
4429,46710,40051,0
4430,54035,53621,0
4431,52583,39359,0
4432,26972,16903,0
4433,7397,15915,0
4434,58884,32786,0
4435,16589,6866,0
4436,11481,30911,0
4437,36300,48090,0
4438,13150,11949,0
4439,61064,30910,0
4440,52405,47340,0
4441,22722,54343,0
4442,50902,19612,0
4443,27103,56624,0
4444,41012,66932,0
4445,52889,39902,0
4446,34683,10287,0
4447,60295,68320,0
4448,12648,22556,0
4449,33406,18768,0
4450,51409,47084,0
4451,15123,32681,0
4452,50021,60247,0
4453,9910,2603,0
4454,4152,30294,0
4455,52250,50119,0
4456,41587,23998,0
4457,33916,11451,0
4458,43401,924,0
4459,52915,28206,0
4460,62332,16293,0
4461,67388,37482,0
4462,43891,29973,0
4463,39930,42977,0
4464,61461,8377,0
4465,56771,51493,0
4466,1490,16746,0
4467,26894,60655,0
4468,56651,38257,0
4469,7416,45098,0
4470,22455,62744,0
4471,6897,37038,0
4472,48369,33591,0
4473,11825,39020,0
4474,20173,15160,0
4475,41067,3254,0
4476,41166,695,0
4477,59772,34508,0
4478,1568,7150,0
4479,37566,14865,0
4480,14212,21221,0
4481,42493,50447,0
4482,65515,27856,0
4483,16163,32473,0
4484,46822,3178,0
4485,42384,22677,0
4486,52178,27536,0
4487,27607,68178,0
4488,597,57729,0
4489,3787,47093,0
4490,45215,53513,0
4491,45249,45346,0
4492,3256,59335,0
4493,30686,41370,0
4494,6817,20162,0
4495,20123,9132,0
4496,40003,18908,0
4497,52373,7766,0
4498,28621,27242,0
4499,48059,56812,0
4500,2251,14744,0
4501,10677,54159,0
4502,6121,60237,0
4503,8581,6266,0
4504,21943,63567,0
4505,8724,3466,0
4506,44005,31109,0
4507,63431,36158,0
4508,5652,34787,0
4509,57823,58329,0
4510,32050,61932,0
4511,43886,11528,0
4512,55379,45392,0
4513,52127,3158,0
4514,49698,26081,0
4515,30554,47887,0
4516,2171,49560,0
4517,55552,8959,0
4518,19393,3292,0
4519,20267,54795,0
4520,24815,58333,0
4521,4928,62309,0
4522,13904,2945,0
4523,63628,63604,0
4524,33704,39941,0
4525,52599,12833,0
4526,59488,28030,0
4527,58455,26753,0
4528,46809,68095,0
4529,60356,20344,0
4530,65624,10584,0
4531,6053,32413,0
4532,32775,21253,0
4533,50277,34917,0
4534,13220,13231,0
4535,57272,34272,0
4536,15673,35954,0
4537,61551,8875,0
4538,1225,39337,0
4539,35685,46179,0
4540,50532,48471,0
4541,41710,45124,0
4542,49187,21911,0
4543,44495,14666,0
4544,50126,55088,0
4545,45132,5125,0
4546,50814,1214,0
4547,3069,30251,0
4548,1185,4387,0
4549,37886,65367,0
4550,56078,38240,0
4551,3290,45048,0
4552,24604,66887,0
4553,12343,45570,0
4554,67997,25678,0
4555,54382,40508,0
4556,14759,20306,0
4557,42509,31585,0
4558,37034,30628,0
4559,67917,52542,0
4560,25390,52519,0
4561,16949,35845,0
4562,52209,17040,0
4563,28789,39057,0
4564,22960,33184,0
4565,25707,50318,0
4566,24672,39043,0
4567,39311,8223,0
4568,55311,11231,0
4569,57428,63608,0
4570,31079,1095,0
4571,28032,42418,0
4572,33173,17279,0
4573,35713,44748,0
4574,61171,43948,0
4575,54590,55812,0
4576,19841,58516,0
4577,64319,11065,0
4578,51834,5696,0
4579,2571,24636,0
4580,21528,40327,0
4581,52742,5636,0
4582,31098,53542,0
4583,6816,52065,0
4584,52951,67707,0
4585,48274,13238,0
4586,11301,25042,0
4587,42278,36758,0
4588,19269,27051,0
4589,36202,27285,0
4590,26534,64105,0
4591,59208,67415,0
4592,46105,23257,0
4593,40955,43990,0
4594,43172,43655,0
4595,39294,20089,0
4596,60495,60724,0
4597,47352,57799,0
4598,52472,44066,0
4599,19258,2246,0
4600,9349,1671,0
4601,68153,53285,0
4602,35848,34899,0
4603,17775,16869,0
4604,30557,19106,0
4605,30624,19918,0
4606,13534,10931,0
4607,61087,14289,0
4608,43274,18022,0
4609,37073,16901,0
4610,8294,19855,0
4611,58545,6860,0
4612,57007,45320,0
4613,62036,41443,0
4614,45287,1407,0
4615,40768,14295,0
4616,12025,60764,0
4617,15305,8446,0
4618,39180,6344,0
4619,67342,50622,0
4620,67683,7426,0
4621,51057,37919,0
4622,58208,11494,0
4623,35017,20141,0
4624,33854,37235,0
4625,63841,50994,0
4626,60813,66615,0
4627,54176,13624,0
4628,34142,47425,0
4629,8317,26111,0
4630,1177,36737,0
4631,51878,1278,0
4632,49465,14363,0
4633,48995,24915,0
4634,43416,56625,0
4635,28937,20051,0
4636,33245,39429,0
4637,5150,33717,0
4638,44661,34372,0
4639,25729,26671,0
4640,52047,20219,0
4641,31721,20464,0
4642,53332,1018,0
4643,41683,224,0
4644,62754,7709,0
4645,24458,27848,0
4646,4972,58417,0
4647,18742,1847,0
4648,36895,66195,0
4649,11462,31202,0
4650,25788,35860,0
4651,60690,35730,0
4652,8973,60142,0
4653,50130,3170,0
4654,28780,44585,0
4655,57595,65169,0
4656,38726,66999,0
4657,17492,64207,0
4658,4815,4961,0
4659,47723,19516,0
4660,5075,34294,0
4661,56560,48841,0
4662,12374,59243,0
4663,18339,49367,0
4664,7103,25703,0
4665,27353,24228,0
4666,10825,31281,0
4667,6252,42781,0
4668,23070,11311,0
4669,38263,61643,0
4670,51818,41471,0
4671,66992,40767,0
4672,21557,3468,0
4673,54027,10748,0
4674,52699,52181,0
4675,65711,33043,0
4676,22310,1969,0
4677,29465,33925,0
4678,38557,17830,0
4679,44275,8725,0
4680,47990,19037,0
4681,63609,64738,0
4682,57511,27941,0
4683,3036,29466,0
4684,25762,3582,0
4685,27224,14543,0
4686,65075,57644,0
4687,26959,16734,0
4688,60363,49594,0
4689,36076,44976,0
4690,30784,2425,0
4691,47418,28045,0
4692,21677,35871,0
4693,43252,49354,0
4694,23061,34518,0
4695,67990,57429,0
4696,60916,7819,0
4697,20756,58899,0
4698,35496,6861,0
4699,36018,63016,0
4700,38765,27493,0
4701,10500,37881,0
4702,27030,9577,0
4703,43568,46022,0
4704,13865,20141,0
4705,14835,5002,0
4706,47711,48997,0
4707,43827,64828,0
4708,29398,19071,0
4709,41773,30226,0
4710,16463,67353,0
4711,42687,48921,0
4712,16688,12305,0
4713,61233,35690,0
4714,46594,1324,0
4715,8507,16390,0
4716,1359,47670,0
4717,49456,22299,0
4718,13488,30725,0
4719,13296,64814,0
4720,36961,18282,0
4721,43601,6836,0
4722,17519,25723,0
4723,64885,19764,0
4724,34014,58080,0
4725,26731,35385,0
4726,23528,38713,0
4727,1223,34767,0
4728,10034,39139,0
4729,10224,34881,0
4730,3793,35943,0
4731,46765,289,0
4732,64604,37023,0
4733,54066,49545,0
4734,31334,32932,0
4735,11580,66552,0
4736,2510,16752,0
4737,33842,37145,0
4738,44926,32592,0
4739,65901,33774,0
4740,35207,61764,0
4741,67503,34983,0
4742,63378,16824,0
4743,45416,65149,0
4744,8917,27021,0
4745,21568,1731,0
4746,61991,8207,0
4747,53035,36386,0
4748,38629,48944,0
4749,5050,61385,0
4750,7352,2384,0
4751,57994,34223,0
4752,33905,35871,0
4753,31731,29168,0
4754,2264,51459,0
4755,23836,4644,0
4756,30568,17744,0
4757,20798,25725,0
4758,9458,26469,0
4759,9454,38169,0
4760,65576,45835,0
4761,52134,1307,0
4762,15012,67501,0
4763,38353,41660,0
4764,46689,3860,0
4765,41049,44994,0
4766,62547,41593,0
4767,1315,27029,0
4768,63793,67504,0
4769,5089,31077,0
4770,33698,27506,0
4771,28850,48251,0
4772,23011,28549,0
4773,22354,34041,0
4774,24396,65984,0
4775,68397,23771,0
4776,16951,15688,0
4777,21276,20343,0
4778,67951,57367,0
4779,12881,61598,0
4780,47693,3170,0
4781,59016,39076,0
4782,40884,23283,0
4783,17618,17671,0
4784,44043,54525,0
4785,67449,43967,0
4786,23605,59154,0
4787,15921,32132,0
4788,26871,39011,0
4789,40478,29051,0
4790,28997,64508,0
4791,2129,6443,0
4792,41234,15843,0
4793,9042,26268,0
4794,27932,12486,0
4795,33226,29471,0
4796,10080,42451,0
4797,35706,39527,0
4798,56540,40935,0
4799,56408,60874,0
4800,59301,6705,0
4801,15466,10793,0
4802,22531,19325,0
4803,28079,9521,0
4804,30079,58331,0
4805,7463,66804,0
4806,17265,18991,0
4807,38454,65190,0
4808,7654,46720,0
4809,64794,2532,0
4810,40874,27346,0
4811,49651,64757,0
4812,25386,51063,0
4813,62838,7039,0
4814,13486,36387,0
4815,37698,23224,0
4816,33859,43784,0
4817,7424,48913,0
4818,43995,41414,0
4819,63128,31977,0
4820,51588,41727,0
4821,40916,45480,0
4822,51479,62278,0
4823,8166,31588,0
4824,39094,59570,0
4825,34928,35303,0
4826,33097,59083,0
4827,55303,28105,0
4828,9542,15451,0
4829,5694,30807,0
4830,55249,66688,0
4831,20488,15621,0
4832,64495,31449,0
4833,3748,52790,0
4834,55137,36987,0
4835,28747,49935,0
4836,57055,10688,0
4837,21504,61042,0
4838,24753,26283,0
4839,57144,1868,0
4840,44916,17167,0
4841,67609,65957,0
4842,16530,31325,0
4843,35099,29230,0
4844,6892,41676,0
4845,34368,44372,0
4846,45726,12926,0
4847,20506,41357,0
4848,65202,7855,0
4849,44645,45172,0
4850,56780,45670,0
4851,53778,33972,0
4852,33255,7430,0
4853,22847,60502,0
4854,40718,53182,0
4855,53004,33495,0
4856,36661,61494,0
4857,52518,67224,0
4858,11653,62676,0
4859,393,8672,0
4860,45528,37116,0
4861,3789,6910,0
4862,42121,54351,0
4863,8061,10553,0
4864,58297,24586,0
4865,33461,59489,0
4866,54562,4430,0
4867,47772,57667,0
4868,52692,63397,0
4869,51328,36578,0
4870,44599,16268,0
4871,43618,35917,0
4872,47139,52363,0
4873,34716,15033,0
4874,36383,38152,0
4875,59277,65257,0
4876,11291,60546,0
4877,5087,54808,0
4878,27736,14684,0
4879,45695,19304,0
4880,37251,22880,0
4881,38704,41144,0
4882,52584,65278,0
4883,67265,39591,0
4884,49510,19662,0
4885,61331,61248,0
4886,67484,6567,0
4887,31806,7037,0
4888,39326,18977,0
4889,21184,19141,0
4890,60775,62017,0
4891,37404,43806,0
4892,12744,37666,0
4893,53355,52545,0
4894,67873,6402,0
4895,31075,1172,0
4896,24355,17294,0
4897,44231,63557,0
4898,20563,23154,0
4899,62203,1111,0
4900,40678,39466,0
4901,45238,61999,0
4902,45366,28006,0
4903,17818,29594,0
4904,30178,56625,0
4905,22354,9263,0
4906,27455,8495,0
4907,18982,24393,0
4908,47049,60531,0
4909,42976,54690,0
4910,52189,39236,0
4911,64340,24219,0
4912,28111,55572,0
4913,63790,62838,0
4914,37996,13238,0
4915,12518,2557,0
4916,26995,29412,0
4917,13144,48005,0
4918,48951,64263,0
4919,22925,27712,0
4920,16726,9503,0
4921,7242,14136,0
4922,19477,32458,0
4923,3079,15736,0
4924,59166,54420,0
4925,32038,14982,0
4926,54383,48981,0
4927,57230,16694,0
4928,4972,20372,0
4929,61194,46146,0
4930,55589,51269,0
4931,15600,23623,0
4932,26068,35892,0
4933,8650,44113,0
4934,48036,39409,0
4935,30122,68408,0
4936,24500,15368,0
4937,39026,6108,0
4938,65609,37951,0
4939,52612,17882,0
4940,41056,456,0
4941,45972,27192,0
4942,48692,57681,0
4943,10455,1356,0
4944,8645,35130,0
4945,23745,17385,0
4946,7266,34294,0
4947,56618,23084,0
4948,1422,57706,0
4949,14469,26831,0
4950,29845,10882,0
4951,3731,56949,0
4952,51410,41126,0
4953,36753,42149,0
4954,2562,64252,0
4955,2498,44203,0
4956,11049,45350,0
4957,37880,66740,0
4958,32909,64119,0
4959,56454,57188,0
4960,29527,11733,0
4961,67497,2420,0
4962,46327,9168,0
4963,25039,68087,0
4964,43252,14072,0
4965,6830,28426,0
4966,38748,13027,0
4967,36190,55113,0
4968,32597,34846,0
4969,8973,17258,0
4970,65628,43258,0
4971,20423,17264,0
4972,16024,57586,0
4973,36295,27764,0
4974,8209,27290,0
4975,23779,15338,0
4976,44077,26316,0
4977,25897,31339,0
4978,17474,41262,0
4979,24777,18567,0
4980,559,36868,0
4981,32405,14605,0
4982,42955,33591,0
4983,22767,61757,0
4984,61973,41478,0
4985,60069,61680,0
4986,47979,52553,0
4987,14368,30715,0
4988,48927,18704,0
4989,47524,37199,0
4990,64257,67320,0
4991,66538,39663,0
4992,60631,51424,0
4993,21696,33798,0
4994,34139,66968,0
4995,62702,291,0
4996,42932,7231,0
4997,42354,46857,0
4998,31500,55015,0
4999,31379,53949,0
5000,38795,8820,0
5001,9413,27517,0
5002,53987,61383,0
5003,60116,30859,0
5004,64899,61976,0
5005,12381,3884,0
5006,33053,62964,0
5007,62815,53259,0
5008,17160,22705,0
5009,39586,13931,0
5010,56026,29969,0
5011,52096,47686,0
5012,65210,23183,0
5013,38127,19633,0
5014,11443,42369,0
5015,48703,21602,0
5016,26332,27570,0
5017,2256,574,0
5018,13523,46519,0
5019,50376,8832,0
5020,56487,60602,0
5021,8424,66438,0
5022,49267,26559,0
5023,20745,18445,0
5024,46824,4086,0
5025,27933,50289,0
5026,36165,15843,0
5027,61197,29158,0
5028,34065,20094,0
5029,17675,22942,0
5030,496,14493,0
5031,63067,46486,0
5032,4026,21738,0
5033,4211,28583,0
5034,25035,66397,0
5035,36609,52740,0
5036,8455,61942,0
5037,56872,23612,0
5038,8708,3999,0
5039,12608,43912,0
5040,60373,51298,0
5041,63725,4525,0
5042,521,3656,0
5043,29295,33409,0
5044,55297,61593,0
5045,1138,39834,0
5046,33627,60764,0
5047,41134,34258,0
5048,44085,6683,0
5049,46002,62317,0
5050,54053,44421,0
5051,30459,32007,0
5052,19950,60684,0
5053,29269,31449,0
5054,45939,43763,0
5055,63262,13826,0
5056,51349,65363,0
5057,20214,59781,0
5058,11507,8671,0
5059,12299,41843,0
5060,14430,60269,0
5061,40246,1770,0
5062,39723,46151,0
5063,15021,19586,0
5064,12194,56311,0
5065,45837,687,0
5066,46420,47579,0
5067,49540,23457,0
5068,35769,58906,0
5069,19985,50605,0
5070,44062,27906,0
5071,47838,19430,0
5072,52250,48106,0
5073,34113,67728,0
5074,48515,56235,0
5075,37103,52866,0
5076,43870,31566,0
5077,31596,31663,0
5078,29181,27098,0
5079,32231,37992,0
5080,4121,24934,0
5081,48967,55873,0
5082,49319,30788,0
5083,60516,32450,0
5084,46669,23873,0
5085,12147,53386,0
5086,50971,20553,0
5087,9587,40897,0
5088,23081,19208,0
5089,39606,54248,0
5090,14814,21686,0
5091,56292,2928,0
5092,24485,8727,0
5093,41799,11385,0
5094,44853,55485,0
5095,33475,1678,0
5096,33763,33774,0
5097,38442,12811,0
5098,6709,44597,0
5099,59829,26792,0
5100,33659,15674,0
5101,9158,60919,0
5102,11826,6159,0
5103,45395,32284,0
5104,27850,26561,0
5105,16969,65654,0
5106,62606,35553,0
5107,22516,38227,0
5108,14177,32893,0
5109,32872,10524,0
5110,28990,63274,0
5111,58217,48911,0
5112,41681,15220,0
5113,42056,7810,0
5114,61204,188,0
5115,37279,68274,0
5116,217,9080,0
5117,9555,6557,0
5118,57387,58010,0
5119,26015,49838,0
5120,42202,26410,0
5121,67306,31902,0
5122,33793,1472,0
5123,19993,3529,0
5124,906,58810,0
5125,40401,29793,0
5126,10746,33270,0
5127,47765,33619,0
5128,58639,33703,0
5129,33359,25,0
5130,34298,42714,0
5131,7989,57450,0
5132,23090,64524,0
5133,41640,41134,0
5134,48346,21595,0
5135,47366,2123,0
5136,66718,15098,0
5137,4318,64652,0
5138,46703,48685,0
5139,66741,37630,0
5140,28379,47125,0
5141,38801,17718,0
5142,60770,67547,0
5143,50687,9023,0
5144,20233,4155,0
5145,36300,48871,0
5146,11870,51196,0
5147,66444,46931,0
5148,52578,46774,0
5149,50515,63489,0
5150,64947,68049,0
5151,49840,478,0
5152,64516,7155,0
5153,17535,25746,0
5154,2955,51888,0
5155,48006,13369,0
5156,41185,66989,0
5157,23554,5170,0
5158,60253,2850,0
5159,9322,48326,0
5160,17036,55471,0
5161,33924,53941,0
5162,38147,8228,0
5163,37159,44343,0
5164,59182,51367,0
5165,47238,40649,0
5166,34195,39545,0
5167,29719,5510,0
5168,10934,61887,0
5169,1359,20901,0
5170,10467,52625,0
5171,54547,22299,0
5172,66063,61898,0
5173,28030,20394,0
5174,52335,28776,0
5175,41821,65821,0
5176,451,10865,0
5177,5481,3582,0
5178,3114,63153,0
5179,41178,13997,0
5180,61340,26553,0
5181,24897,62508,0
5182,52254,17870,0
5183,18288,4377,0
5184,43317,29333,0
5185,21310,47240,0
5186,55423,28106,0
5187,50101,11229,0
5188,62310,44778,0
5189,59667,14631,0
5190,28337,53309,0
5191,6227,66203,0
5192,40023,26055,0
5193,43419,21786,0
5194,2063,65680,0
5195,45312,1458,0
5196,25038,20964,0
5197,36470,7161,0
5198,2920,880,0
5199,46166,4359,0
5200,55031,31990,0
5201,35829,15847,0
5202,44176,6568,0
5203,48702,6074,0
5204,4224,36718,0
5205,53651,42828,0
5206,34469,67694,0
5207,44173,27403,0
5208,33560,8143,0
5209,14827,9164,0
5210,65361,13722,0
5211,36079,28349,0
5212,55436,40168,0
5213,58279,11062,0
5214,59939,15935,0
5215,28403,13917,0
5216,20486,66440,0
5217,58316,8169,0
5218,946,7999,0
5219,32640,50674,0
5220,6032,62995,0
5221,54101,33256,0
5222,253,7416,0
5223,53902,20105,0
5224,56766,65523,0
5225,41230,62517,0
5226,4395,30051,0
5227,55601,10750,0
5228,12318,66087,0
5229,1081,5229,0
5230,64295,49714,0
5231,19280,23923,0
5232,67595,46578,0
5233,39367,20206,0
5234,30724,64372,0
5235,58262,36769,0
5236,24594,43404,0
5237,64676,21492,0
5238,12025,28440,0
5239,14054,40338,0
5240,15153,68003,0
5241,37465,59537,0
5242,47911,36541,0
5243,53682,57017,0
5244,31591,29713,0
5245,1133,52794,0
5246,37763,50351,0
5247,19932,28348,0
5248,17364,57247,0
5249,14316,33923,0
5250,64189,20742,0
5251,41130,51929,0
5252,67386,26890,0
5253,53686,35533,0
5254,43996,57262,0
5255,52837,27357,0
5256,62632,8981,0
5257,29596,63784,0
5258,58374,9080,0
5259,19606,15983,0
5260,46012,46137,0
5261,46775,51580,0
5262,67513,51989,0
5263,20165,67027,0
5264,16015,48853,0
5265,40020,15635,0
5266,8562,1277,0
5267,23974,18393,0
5268,18732,64792,0
5269,21599,59397,0
5270,63905,39921,0
5271,17390,2661,0
5272,2810,55177,0
5273,27077,16577,0
5274,33040,56067,0
5275,50786,33437,0
5276,49123,7405,0
5277,68397,1185,0
5278,27740,13393,0
5279,10768,67966,0
5280,1526,50809,0
5281,9607,19791,0
5282,30644,29951,0
5283,19033,63620,0
5284,22750,40460,0
5285,22521,15785,0
5286,60282,62711,0
5287,31922,52755,0
5288,10615,39335,0
5289,64232,33953,0
5290,25754,56409,0
5291,10136,21500,0
5292,45978,6493,0
5293,43395,20258,0
5294,41352,50697,0
5295,54272,19581,0
5296,24851,34614,0
5297,46070,22947,0
5298,45672,60339,0
5299,11601,41139,0
5300,44581,64961,0
5301,68160,20009,0
5302,42292,42898,0
5303,3797,4944,0
5304,48607,10479,0
5305,3050,2863,0
5306,31136,26569,0
5307,18292,35530,0
5308,51939,32280,0
5309,13204,25572,0
5310,2815,20202,0
5311,54710,21900,0
5312,66368,50334,0
5313,438,1959,0
5314,29527,49918,0
5315,45970,3606,0
5316,36003,5658,0
5317,32726,58216,0
5318,25784,57329,0
5319,6178,48111,0
5320,49494,60955,0
5321,61487,35618,0
5322,63048,31251,0
5323,21556,78,0
5324,47261,19299,0
5325,8692,19681,0
5326,65212,66358,0
5327,51059,6020,0
5328,1462,49988,0
5329,7603,36468,0
5330,25228,27988,0
5331,2050,26110,0
5332,33108,41195,0
5333,9418,36147,0
5334,30320,633,0
5335,18344,52668,0
5336,35362,8171,0
5337,2412,31363,0
5338,8456,20296,0
5339,44853,16263,0
5340,34344,43233,0
5341,3363,68306,0
5342,66582,67498,0
5343,24406,41713,0
5344,58328,65420,0
5345,36038,67429,0
5346,46769,67124,0
5347,56986,15536,0
5348,22413,61921,0
5349,65079,65642,0
5350,55199,61892,0
5351,18369,43324,0
5352,30977,25981,0
5353,39317,43844,0
5354,48609,8972,0
5355,59349,38431,0
5356,23670,24870,0
5357,20920,27524,0
5358,21954,31846,0
5359,36837,21954,0
5360,19258,45508,0
5361,13565,50063,0
5362,22935,6747,0
5363,18485,37235,0
5364,42648,9878,0
5365,46930,4305,0
5366,25226,12804,0
5367,15921,60299,0
5368,31096,63258,0
5369,15425,4002,0
5370,5072,28159,0
5371,47185,12392,0
5372,45907,66392,0
5373,17194,186,0
5374,1478,20558,0
5375,2412,53695,0
5376,22277,61395,0
5377,9068,6043,0
5378,10478,19317,0
5379,65929,2520,0
5380,6942,25060,0
5381,38872,62176,0
5382,18225,67590,0
5383,7392,25720,0
5384,48665,35258,0
5385,17146,9927,0
5386,60046,59967,0
5387,20268,16526,0
5388,39174,9203,0
5389,50082,20022,0
5390,41059,9504,0
5391,46670,36187,0
5392,17194,18762,0
5393,42452,57419,0
5394,20715,30963,0
5395,35503,30359,0
5396,31755,61408,0
5397,23820,5425,0
5398,26028,39831,0
5399,50735,5025,0
5400,11998,8234,0
5401,42687,10883,0
5402,3110,48968,0
5403,11192,8401,0
5404,60081,45040,0
5405,63326,40596,0
5406,12240,15411,0
5407,24959,18628,0
5408,43102,65371,0
5409,53614,21414,0
5410,58236,475,0
5411,1125,66802,0
5412,18645,36499,0
5413,47333,28076,0
5414,29431,55219,0
5415,57565,11244,0
5416,51416,33039,0
5417,54321,33665,0
5418,34316,51750,0
5419,27223,10850,0
5420,10305,3327,0
5421,40339,39274,0
5422,27561,38751,0
5423,25377,63862,0
5424,67769,66203,0
5425,60658,17205,0
5426,41409,4216,0
5427,40718,57343,0
5428,63445,55636,0
5429,24087,67132,0
5430,65392,65686,0
5431,61029,63315,0
5432,3865,44030,0
5433,27692,28455,0
5434,6576,28315,0
5435,45341,60389,0
5436,62343,50285,0
5437,63121,49979,0
5438,26954,20465,0
5439,42555,27327,0
5440,10006,3872,0
5441,51898,13969,0
5442,9221,3181,0
5443,28970,38233,0
5444,11450,55530,0
5445,48140,32106,0
5446,3000,65965,0
5447,1467,55991,0
5448,25724,22273,0
5449,59081,37309,0
5450,48808,35742,0
5451,41393,12308,0
5452,27292,2041,0
5453,51215,7913,0
5454,22015,57445,0
5455,43302,62986,0
5456,15876,6310,0
5457,32151,1256,0
5458,13653,24588,0
5459,38279,48510,0
5460,14466,43768,0
5461,54117,15094,0
5462,43726,5286,0
5463,21170,57213,0
5464,67569,32548,0
5465,47927,2732,0
5466,52521,40428,0
5467,48320,9924,0
5468,42640,1357,0
5469,3034,59727,0
5470,37427,66957,0
5471,28430,46380,0
5472,3648,13848,0
5473,5322,32946,0
5474,31142,22879,0
5475,36400,19811,0
5476,13340,60674,0
5477,43772,40618,0
5478,27935,61494,0
5479,22734,47815,0
5480,1535,20826,0
5481,3349,42626,0
5482,51176,56680,0
5483,15320,26780,0
5484,23572,17003,0
5485,26904,45790,0
5486,2171,54746,0
5487,18901,35178,0
5488,12088,45278,0
5489,31504,9740,0
5490,45349,64409,0
5491,9906,12884,0
5492,17382,53378,0
5493,31012,61131,0
5494,39141,62850,0
5495,16191,25957,0
5496,52757,27562,0
5497,2135,16890,0
5498,59268,10958,0
5499,54818,22270,0
5500,58237,59267,0
5501,598,52966,0
5502,13483,22357,0
5503,23137,42472,0
5504,15947,12253,0
5505,39227,46669,0
5506,18712,50524,0
5507,49835,48307,0
5508,60937,43924,0
5509,34594,45275,0
5510,18970,59203,0
5511,7045,2448,0
5512,9891,26638,0
5513,45193,33577,0
5514,29146,16486,0
5515,59602,37173,0
5516,5497,23206,0
5517,33935,26196,0
5518,36406,40847,0
5519,35865,67526,0
5520,58025,9534,0
5521,23533,37721,0
5522,48913,62769,0
5523,8851,68144,0
5524,13317,36546,0
5525,44074,12427,0
5526,52246,53156,0
5527,48342,1352,0
5528,45816,63783,0
5529,7937,1811,0
5530,16786,24582,0
5531,4951,68091,0
5532,10555,15882,0
5533,34756,751,0
5534,51122,22953,0
5535,25398,46456,0
5536,592,19732,0
5537,25368,33138,0
5538,53369,42106,0
5539,5539,34770,0
5540,24624,49494,0
5541,34269,54658,0
5542,16235,24699,0
5543,38209,52258,0
5544,63082,18575,0
5545,15039,47798,0
5546,50346,5916,0
5547,38545,54931,0
5548,52366,63209,0
5549,33262,13430,0
5550,34936,14381,0
5551,44567,55492,0
5552,58676,51912,0
5553,21675,51984,0
5554,24379,49051,0
5555,3764,42765,0
5556,58032,19203,0
5557,16376,53976,0
5558,38966,41220,0
5559,14306,4245,0
5560,22358,12241,0
5561,10265,32901,0
5562,62829,26024,0
5563,3824,21581,0
5564,31623,6690,0
5565,66797,65668,0
5566,47944,25851,0
5567,2367,7574,0
5568,16165,23425,0
5569,53424,61537,0
5570,5713,50886,0
5571,30130,5390,0
5572,26873,17020,0
5573,1044,32408,0
5574,17332,37272,0
5575,34720,18274,0
5576,24624,66266,0
5577,61654,3846,0
5578,60176,32922,0
5579,20220,35836,0
5580,16340,36324,0
5581,31247,28241,0
5582,12065,8930,0
5583,26655,64317,0
5584,66049,67045,0
5585,5546,35212,0
5586,30216,2153,0
5587,37576,49076,0
5588,33480,59896,0
5589,35055,43965,0
5590,17774,1003,0
5591,65082,7574,0
5592,64247,53273,0
5593,35693,65032,0
5594,57531,46313,0
5595,14407,66078,0
5596,55552,47260,0
5597,20680,49401,0
5598,29835,49733,0
5599,38819,13842,0
5600,14047,35143,0
5601,16802,27848,0
5602,1315,4525,0
5603,67765,40090,0
5604,67609,23305,0
5605,29795,29662,0
5606,14538,8042,0
5607,38006,52723,0
5608,17309,34655,0
5609,50849,2378,0
5610,61744,5931,0
5611,29959,8406,0
5612,39610,825,0
5613,18450,48615,0
5614,40475,31820,0
5615,65392,60968,0
5616,31857,4250,0
5617,34196,65327,0
5618,41352,17340,0
5619,49454,53403,0
5620,23483,42366,0
5621,37538,65084,0
5622,28942,41303,0
5623,61674,18577,0
5624,4964,28610,0
5625,29139,40181,0
5626,3824,58762,0
5627,62748,34053,0
5628,13663,42477,0
5629,63976,53467,0
5630,30406,66163,0
5631,5578,2756,0
5632,12011,35744,0
5633,50844,47906,0
5634,55260,36390,0
5635,41750,54264,0
5636,36960,6637,0
5637,21651,67082,0
5638,64920,7098,0
5639,59278,957,0
5640,31764,48926,0
5641,56620,9973,0
5642,6267,7704,0
5643,45394,62900,0
5644,32496,52001,0
5645,31648,67421,0
5646,47067,46105,0
5647,33143,39386,0
5648,14602,50049,0
5649,33528,13270,0
5650,54270,36066,0
5651,4613,65722,0
5652,42101,19324,0
5653,33122,3922,0
5654,28218,41935,0
5655,25403,42189,0
5656,52478,22777,0
5657,8570,68285,0
5658,53533,61678,0
5659,52968,30129,0
5660,21668,26705,0
5661,41253,11007,0
5662,68211,36378,0
5663,9500,7649,0
5664,13597,31499,0
5665,24079,26818,0
5666,17419,21592,0
5667,46806,45907,0
5668,25784,42381,0
5669,64012,62834,0
5670,53653,49901,0
5671,40658,27346,0
5672,13301,47425,0
5673,42988,50499,0
5674,11270,31147,0
5675,45744,9655,0
5676,42543,47624,0
5677,46080,64753,0
5678,47523,2506,0
5679,55322,57027,0
5680,67449,41812,0
5681,11832,4239,0
5682,62861,35263,0
5683,59497,49082,0
5684,18400,62022,0
5685,61828,9658,0
5686,58775,34652,0
5687,61441,46,0
5688,32496,27045,0
5689,2430,52674,0
5690,16120,26960,0
5691,61319,41319,0
5692,40322,37638,0
5693,60023,12282,0
5694,16072,8400,0
5695,32272,36111,0
5696,26354,66314,0
5697,21962,60575,0
5698,58357,66939,0
5699,31805,34317,0
5700,36124,786,0
5701,43283,28918,0
5702,18452,33454,0
5703,35114,12675,0
5704,67275,22664,0
5705,32640,7892,0
5706,61821,64394,0
5707,65452,21631,0
5708,17586,28688,0
5709,26415,22040,0
5710,68370,45853,0
5711,7459,68002,0
5712,11023,20189,0
5713,52229,31199,0
5714,37168,35666,0
5715,8528,20227,0
5716,16244,4272,0
5717,7976,33812,0
5718,823,16539,0
5719,52828,5151,0
5720,68310,1724,0
5721,32182,57102,0
5722,56525,45659,0
5723,49798,2769,0
5724,49579,9310,0
5725,55055,26056,0
5726,5417,27570,0
5727,15127,37254,0
5728,39762,30828,0
5729,22116,19263,0
5730,38340,24545,0
5731,58367,43004,0
5732,63810,7123,0
5733,25762,9384,0
5734,4287,45429,0
5735,10199,37099,0
5736,33345,60264,0
5737,9060,1223,0
5738,7446,44244,0
5739,14114,8979,0
5740,2371,61138,0
5741,27307,34778,0
5742,42191,52553,0
5743,10139,1700,0
5744,60142,62198,0
5745,27575,41797,0
5746,11374,20072,0
5747,20830,23590,0
5748,3834,29394,0
5749,67283,46258,0
5750,54435,48787,0
5751,49464,56985,0
5752,26123,1985,0
5753,56470,26460,0
5754,64178,45158,0
5755,55287,65918,0
5756,66049,36820,0
5757,23398,59128,0
5758,66388,4169,0
5759,60580,38825,0
5760,32807,49409,0
5761,65271,53608,0
5762,12914,43588,0
5763,36775,42008,0
5764,61301,15124,0
5765,34460,36749,0
5766,11608,16776,0
5767,18453,27538,0
5768,10302,32459,0
5769,35193,52434,0
5770,11499,56893,0
5771,24252,19927,0
5772,33990,28277,0
5773,31693,27583,0
5774,5896,12155,0
5775,49162,47100,0
5776,57013,62657,0
5777,28357,16916,0
5778,57876,52606,0
5779,46413,8227,0
5780,37410,65585,0
5781,37068,16726,0
5782,28032,49062,0
5783,23806,28017,0
5784,34834,30491,0
5785,62754,50550,0
5786,28207,38935,0
5787,13478,19369,0
5788,38856,55054,0
5789,44260,43712,0
5790,23274,54545,0
5791,55089,13960,0
5792,51349,36248,0
5793,53500,27741,0
5794,55182,65501,0
5795,11586,32728,0
5796,49364,42895,0
5797,586,3344,0
5798,2961,47735,0
5799,45951,13398,0
5800,49689,17859,0
5801,49593,41184,0
5802,5363,46682,0
5803,8272,21410,0
5804,45868,40483,0
5805,67052,40757,0
5806,3134,26680,0
5807,45854,39455,0
5808,23941,35549,0
5809,37457,3177,0
5810,48833,57675,0
5811,52984,25737,0
5812,25034,865,0
5813,59880,25965,0
5814,1747,24588,0
5815,7715,45753,0
5816,19100,63655,0
5817,824,12984,0
5818,7468,12484,0
5819,32872,63565,0
5820,41263,23622,0
5821,17417,5003,0
5822,33595,39310,0
5823,52139,40244,0
5824,7256,19176,0
5825,48118,68182,0
5826,26423,27955,0
5827,2361,43313,0
5828,24053,56073,0
5829,37682,5409,0
5830,61739,63945,0
5831,40970,2222,0
5832,11141,37871,0
5833,67307,16081,0
5834,53802,33894,0
5835,25279,5870,0
5836,64232,10209,0
5837,138,56034,0
5838,40948,9021,0
5839,18712,44340,0
5840,56766,51766,0
5841,47658,46551,0
5842,34980,62860,0
5843,61239,13720,0
5844,5380,6488,0
5845,24823,32011,0
5846,23974,29552,0
5847,9048,40000,0
5848,63718,7464,0
5849,7387,63313,0
5850,31682,51803,0
5851,40098,30248,0
5852,43139,26244,0
5853,51277,42004,0
5854,26736,63572,0
5855,11630,21228,0
5856,12011,27350,0
5857,35633,63835,0
5858,13985,12464,0
5859,39465,15739,0
5860,64084,15847,0
5861,24399,20535,0
5862,2412,60030,0
5863,16250,47161,0
5864,32947,22648,0
5865,50165,25955,0
5866,26424,62207,0
5867,65305,58737,0
5868,57047,47440,0
5869,32093,55479,0
5870,59655,33481,0
5871,13899,32528,0
5872,49784,67764,0
5873,13579,52532,0
5874,10224,46384,0
5875,58322,3160,0
5876,28039,11994,0
5877,21128,37519,0
5878,25500,8355,0
5879,16749,34679,0
5880,42110,24662,0
5881,10957,22685,0
5882,60161,4206,0
5883,48315,6348,0
5884,15268,66659,0
5885,23802,4692,0
5886,9177,3708,0
5887,45996,41202,0
5888,38676,43551,0
5889,26462,18350,0
5890,21460,41481,0
5891,57272,22159,0
5892,39386,17893,0
5893,57652,12106,0
5894,17474,30195,0
5895,54035,24832,0
5896,31389,39162,0
5897,24074,8808,0
5898,22686,8492,0
5899,16908,34224,0
5900,56434,932,0
5901,10242,48633,0
5902,43680,22374,0
5903,44409,44277,0
5904,58578,63859,0
5905,29327,37236,0
5906,52508,49942,0
5907,22087,25603,0
5908,41313,2227,0
5909,59099,37232,0
5910,55578,31003,0
5911,33594,53325,0
5912,6475,6187,0
5913,49061,549,0
5914,51282,17345,0
5915,31943,45847,0
5916,31240,43565,0
5917,55722,31180,0
5918,22972,51380,0
5919,11340,59406,0
5920,10727,31141,0
5921,1131,13792,0
5922,40003,20477,0
5923,44641,745,0
5924,17169,44852,0
5925,52273,41085,0
5926,50802,50611,0
5927,49995,16848,0
5928,39556,6601,0
5929,62676,20787,0
5930,59487,64776,0
5931,21584,19284,0
5932,47320,65052,0
5933,39547,42386,0
5934,2016,41822,0
5935,59889,61096,0
5936,57530,57039,0
5937,55537,28925,0
5938,19383,10149,0
5939,30976,68154,0
5940,4006,32713,0
5941,24764,18300,0
5942,34441,3466,0
5943,48639,36258,0
5944,10087,66533,0
5945,45513,14284,0
5946,65726,53297,0
5947,11993,15233,0
5948,41076,65786,0
5949,47926,19084,0
5950,26480,4007,0
5951,54148,66728,0
5952,18897,53331,0
5953,4305,44290,0
5954,9697,44364,0
5955,22668,66192,0
5956,27377,34851,0
5957,18889,65227,0
5958,38211,68055,0
5959,21879,2850,0
5960,21776,66610,0
5961,56802,36000,0
5962,13317,9759,0
5963,34876,65328,0
5964,21103,48939,0
5965,17601,50223,0
5966,55540,21908,0
5967,28136,27112,0
5968,30379,41738,0
5969,28662,12682,0
5970,47953,45475,0
5971,18501,21861,0
5972,17898,24976,0
5973,67094,49233,0
5974,17363,22243,0
5975,36985,53593,0
5976,24295,13060,0
5977,60271,63501,0
5978,28656,2992,0
5979,61389,26206,0
5980,27372,41782,0
5981,60632,13532,0
5982,23699,52479,0
5983,54605,15770,0
5984,9129,8966,0
5985,18469,12418,0
5986,59477,38664,0
5987,48093,64932,0
5988,64099,45572,0
5989,6482,41843,0
5990,10919,43956,0
5991,61397,14754,0
5992,44213,65783,0
5993,54547,30309,0
5994,14788,64802,0
5995,52399,56269,0
5996,40718,26198,0
5997,48280,26578,0
5998,62074,65836,0
5999,17282,16474,0
6000,49953,13561,0
6001,64177,22008,0
6002,53148,52471,0
6003,39951,68366,0
6004,35001,13355,0
6005,11589,18002,0
6006,34749,46050,0
6007,36,32332,0
6008,30390,35507,0
6009,66209,8634,0
6010,29156,6761,0
6011,24625,26456,0
6012,8441,28133,0
6013,26525,9355,0
6014,56715,45719,0
6015,3239,2950,0
6016,7916,16082,0
6017,9091,15990,0
6018,57827,43586,0
6019,67125,37424,0
6020,64379,9008,0
6021,10147,345,0
6022,47485,55039,0
6023,45871,53605,0
6024,23007,50441,0
6025,27100,46315,0
6026,25480,19232,0
6027,49882,46405,0
6028,35817,20831,0
6029,41476,30252,0
6030,18377,25949,0
6031,54903,32319,0
6032,32512,19326,0
6033,33815,68279,0
6034,31408,60457,0
6035,46944,44186,0
6036,35076,25171,0
6037,5145,58647,0
6038,44055,40942,0
6039,42356,15367,0
6040,7894,13522,0
6041,17002,60319,0
6042,36849,27253,0
6043,51761,1876,0
6044,25392,50649,0
6045,24307,39471,0
6046,1188,25507,0
6047,10086,10908,0
6048,27911,68348,0
6049,50267,34059,0
6050,738,8561,0
6051,47630,30439,0
6052,21553,22629,0
6053,61558,62472,0
6054,50316,54056,0
6055,9277,43512,0
6056,42373,61500,0
6057,28999,64180,0
6058,34789,13318,0
6059,6841,40852,0
6060,31119,55015,0
6061,22100,40448,0
6062,62422,59635,0
6063,23162,58739,0
6064,13173,6168,0
6065,18973,32791,0
6066,20292,58932,0
6067,39271,47301,0
6068,16116,34821,0
6069,62190,19778,0
6070,14721,2121,0
6071,47457,36930,0
6072,59220,5105,0
6073,7352,2093,0
6074,22737,740,0
6075,67275,37434,0
6076,989,49784,0
6077,4719,46636,0
6078,63928,43340,0
6079,43118,3328,0
6080,62865,5981,0
6081,8598,45413,0
6082,57057,4927,0
6083,67766,61899,0
6084,68238,18526,0
6085,64900,41788,0
6086,1869,22212,0
6087,63091,30379,0
6088,9118,65770,0
6089,38216,54426,0
6090,53975,49504,0
6091,14698,49708,0
6092,38641,22817,0
6093,33173,3617,0
6094,3519,43610,0
6095,454,29440,0
6096,41092,17093,0
6097,35529,62230,0
6098,34993,1980,0
6099,56670,26035,0
6100,65004,12104,0
6101,26076,12500,0
6102,61538,28420,0
6103,18477,36297,0
6104,66062,46644,0
6105,37078,38823,0
6106,13752,11346,0
6107,43717,49858,0
6108,38533,62154,0
6109,13316,21595,0
6110,31726,53091,0
6111,31654,66697,0
6112,52678,62482,0
6113,41948,3591,0
6114,18079,11947,0
6115,45233,60174,0
6116,67474,30903,0
6117,51800,28096,0
6118,3646,46772,0
6119,51541,67732,0
6120,16908,67669,0
6121,7512,21292,0
6122,67458,57293,0
6123,6967,10267,0
6124,50611,54457,0
6125,1149,49011,0
6126,13922,16859,0
6127,35007,11918,0
6128,9670,50797,0
6129,28900,52218,0
6130,21471,4242,0
6131,22545,38262,0
6132,43917,3788,0
6133,59404,14370,0
6134,15036,17942,0
6135,56471,41323,0
6136,27909,31878,0
6137,22519,628,0
6138,23902,58181,0
6139,6440,4299,0
6140,18054,58575,0
6141,32928,58572,0
6142,28384,39685,0
6143,49667,48113,0
6144,3691,51356,0
6145,63286,19527,0
6146,7122,61684,0
6147,43916,37783,0
6148,48004,63963,0
6149,60458,57679,0
6150,15438,23062,0
6151,23618,56905,0
6152,50181,32344,0
6153,29741,36548,0
6154,24102,44434,0
6155,49740,15667,0
6156,45581,55939,0
6157,1407,62076,0
6158,10620,7405,0
6159,43954,3400,0
6160,9313,33099,0
6161,52788,47805,0
6162,9803,8540,0
6163,48592,25267,0
6164,63520,55014,0
6165,16739,67061,0
6166,50902,39009,0
6167,15604,51063,0
6168,39001,63222,0
6169,59791,35461,0
6170,46544,44636,0
6171,55283,53290,0
6172,52712,20729,0
6173,8604,41600,0
6174,65913,26986,0
6175,40391,34642,0
6176,43420,63756,0
6177,42945,43357,0
6178,20412,46539,0
6179,25388,4724,0
6180,45908,22591,0
6181,40042,36981,0
6182,27545,53258,0
6183,40296,35121,0
6184,40375,45292,0
6185,55247,65998,0
6186,47807,32426,0
6187,60572,48950,0
6188,22623,48617,0
6189,48602,16806,0
6190,39452,35699,0
6191,58411,11194,0
6192,12541,42775,0
6193,17789,48038,0
6194,47331,54864,0
6195,11636,29663,0
6196,38518,66131,0
6197,67145,36127,0
6198,39587,38534,0
6199,60993,7559,0
6200,52324,24921,0
6201,56248,5012,0
6202,23223,4660,0
6203,730,61110,0
6204,65574,19297,0
6205,22193,24286,0
6206,58953,66426,0
6207,34258,45005,0
6208,32667,33505,0
6209,41594,39136,0
6210,15298,30686,0
6211,40680,25633,0
6212,24948,7476,0
6213,10555,22659,0
6214,20926,23852,0
6215,33594,47351,0
6216,63359,42984,0
6217,8167,46351,0
6218,54078,29798,0
6219,53224,65817,0
6220,26863,62988,0
6221,65369,65248,0
6222,13069,38424,0
6223,28484,35850,0
6224,40430,12090,0
6225,57925,49202,0
6226,17143,14335,0
6227,30002,46659,0
6228,9012,43050,0
6229,61706,17033,0
6230,6129,928,0
6231,5781,53982,0
6232,14195,2534,0
6233,28661,12388,0
6234,46185,51482,0
6235,44576,15071,0
6236,37242,40050,0
6237,29796,35913,0
6238,42701,21517,0
6239,36016,5882,0
6240,42071,44197,0
6241,26492,33926,0
6242,61187,48691,0
6243,45104,30287,0
6244,44516,18763,0
6245,45939,60406,0
6246,12422,3461,0
6247,12550,33176,0
6248,13259,3601,0
6249,42292,2561,0
6250,48135,57712,0
6251,18082,43303,0
6252,27480,38058,0
6253,68418,20398,0
6254,46658,1841,0
6255,19002,26098,0
6256,48285,29381,0
6257,22764,41804,0
6258,19301,18399,0
6259,2310,66139,0
6260,21471,30487,0
6261,6915,63672,0
6262,38119,6204,0
6263,29165,25120,0
6264,22633,24084,0
6265,59091,45106,0
6266,16632,37258,0
6267,15947,18429,0
6268,9957,1253,0
6269,9019,34767,0
6270,13498,62284,0
6271,29920,47726,0
6272,42936,15499,0
6273,45252,61320,0
6274,64944,63987,0
6275,23959,42317,0
6276,9707,67960,0
6277,33293,64389,0
6278,19500,22,0
6279,35738,63966,0
6280,53313,17717,0
6281,48242,14091,0
6282,57115,57647,0
6283,6948,5832,0
6284,42549,12313,0
6285,31491,26646,0
6286,61349,5308,0
6287,35506,2026,0
6288,10218,62321,0
6289,62789,5763,0
6290,37290,56405,0
6291,6563,38715,0
6292,25403,21054,0
6293,10043,26135,0
6294,29801,39872,0
6295,34905,35843,0
6296,14724,68097,0
6297,18900,6535,0
6298,16154,10960,0
6299,34224,17557,0
6300,61987,31339,0
6301,60949,31238,0
6302,64302,2666,0
6303,23455,43260,0
6304,60789,16620,0
6305,2059,48685,0
6306,53486,26616,0
6307,60803,25468,0
6308,27750,51073,0
6309,59602,36238,0
6310,9684,44094,0
6311,63331,66600,0
6312,26672,41986,0
6313,54414,18773,0
6314,8430,63278,0
6315,21416,4433,0
6316,6945,45563,0
6317,58005,32437,0
6318,21128,31688,0
6319,11159,19127,0
6320,27867,37304,0
6321,22827,7652,0
6322,55600,37397,0
6323,48295,23585,0
6324,13279,57167,0
6325,10182,58092,0
6326,51800,66570,0
6327,62977,68019,0
6328,36904,64745,0
6329,2287,23512,0
6330,4844,23564,0
6331,31083,51919,0
6332,17112,1898,0
6333,8209,46542,0
6334,26021,2531,0
6335,16198,59266,0
6336,60007,13067,0
6337,43002,48020,0
6338,34548,32748,0
6339,21612,13008,0
6340,67122,27864,0
6341,5160,32954,0
6342,3104,46604,0
6343,29222,55059,0
6344,26836,9050,0
6345,14266,25804,0
6346,52548,40987,0
6347,42934,616,0
6348,66044,13601,0
6349,38679,19511,0
6350,2871,20788,0
6351,57090,26157,0
6352,35895,5198,0
6353,53554,66146,0
6354,18855,35712,0
6355,3919,34968,0
6356,32031,9330,0
6357,42309,38181,0
6358,24102,35154,0
6359,45067,793,0
6360,32683,43399,0
6361,54069,18725,0
6362,12864,25907,0
6363,57065,30604,0
6364,57641,27342,0
6365,55145,1309,0
6366,45214,47712,0
6367,64030,66475,0
6368,50404,39408,0
6369,12730,39262,0
6370,5625,8683,0
6371,38628,18213,0
6372,1818,33259,0
6373,3649,25304,0
6374,14473,40568,0
6375,61423,16510,0
6376,18306,57938,0
6377,56896,42448,0
6378,22610,62377,0
6379,22480,61167,0
6380,34740,4760,0
6381,16858,50799,0
6382,29546,29961,0
6383,20583,4796,0
6384,55763,55867,0
6385,60130,11945,0
6386,63467,17735,0
6387,21639,7032,0
6388,52019,32407,0
6389,50426,66185,0
6390,63015,46026,0
6391,47989,62031,0
6392,57473,59047,0
6393,4735,27293,0
6394,19274,6742,0
6395,34096,24182,0
6396,36151,32415,0
6397,12705,65993,0
6398,56802,67289,0
6399,3636,25989,0
6400,35294,66752,0
6401,3619,29882,0
6402,33469,61849,0
6403,4582,51308,0
6404,48915,67536,0
6405,50202,61899,0
6406,19437,5830,0
6407,16333,39937,0
6408,39417,55966,0
6409,42375,36655,0
6410,68304,57993,0
6411,68219,47646,0
6412,62483,7026,0
6413,9480,64349,0
6414,4635,40565,0
6415,12534,34743,0
6416,55198,43391,0
6417,11899,49005,0
6418,57393,48847,0
6419,16969,59173,0
6420,30266,40978,0
6421,2655,63804,0
6422,2608,1524,0
6423,11431,24812,0
6424,22104,51053,0
6425,46961,63326,0
6426,56487,66603,0
6427,58832,51096,0
6428,8802,20047,0
6429,68061,8446,0
6430,23067,54613,0
6431,34979,29154,0
6432,46158,41866,0
6433,18188,22644,0
6434,21810,25284,0
6435,30031,16897,0
6436,57665,58631,0
6437,21477,981,0
6438,19701,48616,0
6439,23063,50604,0
6440,24239,40108,0
6441,59497,6930,0
6442,53325,50029,0
6443,65929,22709,0
6444,46287,54762,0
6445,51310,44039,0
6446,34522,23250,0
6447,32425,61749,0
6448,24562,51748,0
6449,42866,24032,0
6450,1425,53123,0
6451,18463,25536,0
6452,51104,26383,0
6453,11695,48370,0
6454,32241,1674,0
6455,40625,49063,0
6456,55089,10047,0
6457,17031,821,0
6458,44210,15093,0
6459,15649,16591,0
6460,57804,49989,0
6461,6750,15977,0
6462,58445,32370,0
6463,47318,29030,0
6464,14386,25797,0
6465,58205,17911,0
6466,7925,51863,0
6467,10111,27051,0
6468,52100,31190,0
6469,30547,50556,0
6470,906,18030,0
6471,15993,65968,0
6472,64485,42746,0
6473,59108,61815,0
6474,2743,22728,0
6475,31338,4618,0
6476,44539,46681,0
6477,12846,29800,0
6478,58590,32081,0
6479,858,6902,0
6480,18105,26956,0
6481,22488,52120,0
6482,53831,5950,0
6483,44807,32960,0
6484,18284,34318,0
6485,25954,32930,0
6486,52919,54301,0
6487,9815,4686,0
6488,64889,3770,0
6489,31881,21510,0
6490,13432,13109,0
6491,37170,13093,0
6492,33258,10948,0
6493,26594,4480,0
6494,45721,58010,0
6495,63362,4344,0
6496,53958,6057,0
6497,34915,2041,0
6498,61407,40400,0
6499,16198,43062,0
6500,67335,40555,0
6501,43919,12313,0
6502,58986,42984,0
6503,50577,29126,0
6504,20728,55455,0
6505,19631,653,0
6506,14660,45736,0
6507,65757,11460,0
6508,2747,62286,0
6509,63418,25157,0
6510,62899,6622,0
6511,59746,48722,0
6512,25780,59317,0
6513,56956,24849,0
6514,49214,20130,0
6515,60100,38869,0
6516,62385,36364,0
6517,33850,15488,0
6518,56344,10426,0
6519,3885,65185,0
6520,6022,50230,0
6521,17304,882,0
6522,11175,8829,0
6523,7572,50485,0
6524,50406,27827,0
6525,41661,50071,0
6526,28077,21185,0
6527,68208,11461,0
6528,65548,64859,0
6529,37363,42168,0
6530,12278,25289,0
6531,48269,34896,0
6532,13947,51293,0
6533,43384,39084,0
6534,14506,59399,0
6535,47365,4819,0
6536,60374,28934,0
6537,46768,42600,0
6538,41499,6887,0
6539,7256,45207,0
6540,38673,12338,0
6541,17126,28516,0
6542,47088,3165,0
6543,40142,50778,0
6544,43897,14742,0
6545,27618,10141,0
6546,3679,39969,0
6547,61027,26805,0
6548,32710,40913,0
6549,66396,49590,0
6550,57710,43596,0
6551,34512,24993,0
6552,17303,16065,0
6553,795,27159,0
6554,61417,7754,0
6555,58715,59778,0
6556,65609,5363,0
6557,36064,6298,0
6558,16333,1829,0
6559,25508,42570,0
6560,43003,20548,0
6561,53773,21830,0
6562,32154,23465,0
6563,67026,11448,0
6564,4347,36488,0
6565,37113,44028,0
6566,1960,23948,0
6567,23587,9132,0
6568,63583,55279,0
6569,55745,39301,0
6570,22485,58930,0
6571,16666,53589,0
6572,40237,7890,0
6573,35074,53666,0
6574,12948,26280,0
6575,49454,51784,0
6576,51843,4296,0
6577,44259,35572,0
6578,38236,5595,0
6579,60383,30519,0
6580,7340,53405,0
6581,16015,16505,0
6582,29304,13153,0
6583,52909,62380,0
6584,59038,23738,0
6585,49284,6825,0
6586,27752,51656,0
6587,59745,17451,0
6588,21100,50955,0
6589,54191,66327,0
6590,58088,65660,0
6591,36402,43961,0
6592,37837,898,0
6593,68307,43670,0
6594,60951,35035,0
6595,57770,22537,0
6596,34878,66777,0
6597,9715,38760,0
6598,27325,8565,0
6599,57639,43594,0
6600,34653,43972,0
6601,2844,34762,0
6602,1567,26285,0
6603,56676,19167,0
6604,40630,21354,0
6605,7986,25994,0
6606,17491,6458,0
6607,28770,52468,0
6608,60516,65400,0
6609,67609,413,0
6610,3001,32377,0
6611,26297,66945,0
6612,66453,24859,0
6613,68244,39325,0
6614,57695,22021,0
6615,30886,24327,0
6616,17725,27925,0
6617,37347,4184,0
6618,62283,22430,0
6619,25236,34401,0
6620,13200,4635,0
6621,16992,6832,0
6622,5396,22276,0
6623,11408,12870,0
6624,17902,37651,0
6625,794,3666,0
6626,15482,48714,0
6627,67381,38625,0
6628,8559,50700,0
6629,12341,13223,0
6630,1623,5500,0
6631,25320,10030,0
6632,60859,37522,0
6633,32292,5357,0
6634,5315,8663,0
6635,34551,42672,0
6636,37364,51189,0
6637,8720,34901,0
6638,67688,9995,0
6639,22103,60714,0
6640,49677,25235,0
6641,31028,49703,0
6642,26124,57867,0
6643,10736,67292,0
6644,56742,46973,0
6645,19297,29019,0
6646,66958,2194,0
6647,46532,60720,0
6648,6502,61258,0
6649,62727,8521,0
6650,2374,46794,0
6651,39990,24794,0
6652,47196,21903,0
6653,39253,52196,0
6654,62544,4487,0
6655,31255,6753,0
6656,54235,41602,0
6657,7198,18268,0
6658,62526,65522,0
6659,19295,68350,0
6660,28260,39694,0
6661,18505,43340,0
6662,65514,32848,0
6663,10636,48750,0
6664,27310,27057,0
6665,17404,26411,0
6666,62505,42773,0
6667,8222,11795,0
6668,32245,9697,0
6669,14006,65555,0
6670,48913,11028,0
6671,27541,11369,0
6672,68079,33789,0
6673,36713,29860,0
6674,49530,41545,0
6675,29969,51686,0
6676,67052,9916,0
6677,14681,27258,0
6678,2862,29337,0
6679,10612,53516,0
6680,11502,19121,0
6681,25612,40340,0
6682,19428,47013,0
6683,26954,30963,0
6684,22456,14894,0
6685,48604,3026,0
6686,14244,52861,0
6687,67917,15171,0
6688,21737,50176,0
6689,23124,34084,0
6690,64461,21981,0
6691,58107,64706,0
6692,21477,25351,0
6693,49748,6618,0
6694,29899,29048,0
6695,40023,33773,0
6696,44482,62757,0
6697,14113,2882,0
6698,65519,5856,0
6699,48623,40774,0
6700,31081,63695,0
6701,66452,48831,0
6702,21177,39756,0
6703,25535,47113,0
6704,23687,20204,0
6705,48040,17640,0
6706,63725,59613,0
6707,14443,50150,0
6708,20536,29634,0
6709,47341,15548,0
6710,68284,22441,0
6711,64026,62211,0
6712,3869,15904,0
6713,22686,23089,0
6714,8443,54841,0
6715,52758,59521,0
6716,42455,60133,0
6717,42575,24018,0
6718,13971,14731,0
6719,14299,51601,0
6720,31212,38777,0
6721,38040,21107,0
6722,21789,29574,0
6723,41930,47907,0
6724,30952,48415,0
6725,67555,65324,0
6726,57827,68096,0
6727,22574,13213,0
6728,25263,28208,0
6729,16383,16123,0
6730,59880,18271,0
6731,57713,61903,0
6732,41352,66070,0
6733,38742,24221,0
6734,57497,8412,0
6735,39964,31819,0
6736,61856,31073,0
6737,57293,22053,0
6738,38869,54604,0
6739,38148,4742,0
6740,22878,42556,0
6741,45818,60955,0
6742,18776,52261,0
6743,49468,67707,0
6744,23803,16039,0
6745,10371,22292,0
6746,17999,20978,0
6747,50768,38480,0
6748,32551,6105,0
6749,16871,28272,0
6750,64012,1,0
6751,15617,17278,0
6752,47049,29193,0
6753,49788,5274,0
6754,45033,51888,0
6755,1021,66338,0
6756,60726,5428,0
6757,56379,28137,0
6758,49680,20394,0
6759,37769,29558,0
6760,14940,35547,0
6761,5199,65674,0
6762,41205,10311,0
6763,26742,7868,0
6764,13400,2420,0
6765,13829,29246,0
6766,60090,9028,0
6767,54708,40902,0
6768,46385,25082,0
6769,17602,12324,0
6770,17280,60053,0
6771,25535,31030,0
6772,28831,10141,0
6773,68067,43534,0
6774,56811,39728,0
6775,2846,40539,0
6776,60934,49908,0
6777,15524,41464,0
6778,54280,6311,0
6779,11489,61942,0
6780,34003,66090,0
6781,32298,46092,0
6782,6180,52747,0
6783,57417,9356,0
6784,41679,5368,0
6785,62107,24055,0
6786,17036,11271,0
6787,27157,59457,0
6788,43783,23303,0
6789,46709,65114,0
6790,57073,41036,0
6791,37368,43862,0
6792,57531,317,0
6793,11382,40770,0
6794,36676,53355,0
6795,40589,58083,0
6796,639,41566,0
6797,18440,40977,0
6798,44600,49959,0
6799,55542,15922,0
6800,23061,49390,0
6801,50733,17807,0
6802,1146,22109,0
6803,25361,61418,0
6804,36075,36245,0
6805,17143,58822,0
6806,49221,61759,0
6807,34352,2926,0
6808,14786,16058,0
6809,43947,33431,0
6810,28822,30775,0
6811,54434,12,0
6812,33767,33037,0
6813,5181,14155,0
6814,23488,66542,0
6815,45521,32936,0
6816,62759,21747,0
6817,54272,19941,0
6818,49787,36108,0
6819,10147,45342,0
6820,6594,10770,0
6821,21994,55444,0
6822,36716,11771,0
6823,18435,43831,0
6824,16998,1038,0
6825,28876,2915,0
6826,58907,46899,0
6827,50851,42291,0
6828,16364,27647,0
6829,8812,66698,0
6830,14280,13056,0
6831,61554,61946,0
6832,47488,48701,0
6833,5922,7957,0
6834,66025,15545,0
6835,55537,26675,0
6836,47218,48689,0
6837,63151,46032,0
6838,38142,67049,0
6839,2757,48282,0
6840,57112,54127,0
6841,65832,48241,0
6842,61971,60145,0
6843,40946,14684,0
6844,24013,6612,0
6845,37651,53264,0
6846,57197,30283,0
6847,2939,8400,0
6848,39367,52199,0
6849,38602,29679,0
6850,62370,22963,0
6851,58911,37579,0
6852,58967,19988,0
6853,11408,24895,0
6854,27661,58168,0
6855,5936,63528,0
6856,57941,54815,0
6857,35898,10425,0
6858,43283,6104,0
6859,7337,40987,0
6860,27170,34820,0
6861,55336,23978,0
6862,44508,58030,0
6863,20812,36575,0
6864,2057,59065,0
6865,59521,43139,0
6866,6103,4910,0
6867,38514,33073,0
6868,243,68107,0
6869,55309,7367,0
6870,67929,39101,0
6871,59602,46303,0
6872,17231,41624,0
6873,41595,11100,0
6874,64863,32821,0
6875,46520,49354,0
6876,20961,6806,0
6877,28108,13588,0
6878,22562,35638,0
6879,17364,22760,0
6880,17404,41468,0
6881,42599,30439,0
6882,47558,50231,0
6883,51141,61038,0
6884,42621,27885,0
6885,8432,24446,0
6886,1173,2981,0
6887,22610,32195,0
6888,59385,66422,0
6889,39,20548,0
6890,51922,67562,0
6891,14523,14560,0
6892,13684,39756,0
6893,2293,45971,0
6894,67557,14952,0
6895,43638,55086,0
6896,53230,66613,0
6897,46364,26446,0
6898,25187,15522,0
6899,57531,37382,0
6900,61534,50889,0
6901,23071,7758,0
6902,59387,32608,0
6903,10398,53244,0
6904,14442,3924,0
6905,52828,52115,0
6906,26436,12689,0
6907,9556,57873,0
6908,7336,20477,0
6909,38297,29045,0
6910,12690,6427,0
6911,42380,10731,0
6912,65564,30623,0
6913,64344,48083,0
6914,66669,45155,0
6915,12017,32731,0
6916,62874,6924,0
6917,11495,55297,0
6918,52508,44979,0
6919,31560,2120,0
6920,12147,42798,0
6921,27758,19220,0
6922,26359,103,0
6923,61474,12395,0
6924,63613,40236,0
6925,57010,17031,0
6926,4960,6236,0
6927,27310,65756,0
6928,37406,27178,0
6929,3040,37547,0
6930,63312,1571,0
6931,19058,28815,0
6932,32689,26127,0
6933,51771,53472,0
6934,57293,64953,0
6935,23241,38477,0
6936,63617,25136,0
6937,48876,30144,0
6938,61156,21771,0
6939,61900,21245,0
6940,51313,23566,0
6941,5069,55781,0
6942,49660,67231,0
6943,39020,27435,0
6944,21978,13590,0
6945,10560,66960,0
6946,29758,1268,0
6947,2350,19728,0
6948,64637,11898,0
6949,29208,57442,0
6950,26419,9368,0
6951,24422,26040,0
6952,2394,68372,0
6953,57176,3950,0
6954,64947,9018,0
6955,33212,31623,0
6956,18294,2586,0
6957,14530,41517,0
6958,60314,60143,0
6959,50269,5032,0
6960,16289,64070,0
6961,23927,11341,0
6962,9135,68157,0
6963,64997,56640,0
6964,49521,36021,0
6965,14699,53767,0
6966,33136,39928,0
6967,45744,56164,0
6968,27813,44902,0
6969,26734,53207,0
6970,48934,17267,0
6971,35877,11022,0
6972,7538,39977,0
6973,55329,24667,0
6974,8711,27817,0
6975,23736,21491,0
6976,50134,25287,0
6977,34875,22009,0
6978,45557,19242,0
6979,24172,40860,0
6980,51968,44239,0
6981,49614,49443,0
6982,37645,31054,0
6983,47474,54901,0
6984,52610,57741,0
6985,45943,28294,0
6986,31298,43315,0
6987,46917,18087,0
6988,6830,20392,0
6989,50691,22559,0
6990,52869,46476,0
6991,43459,35557,0
6992,13495,56405,0
6993,39974,54553,0
6994,28985,49989,0
6995,5578,47689,0
6996,50816,35311,0
6997,47359,44402,0
6998,30334,16563,0
6999,44759,9851,0
7000,33706,1098,0
7001,28589,12073,0
7002,54197,21369,0
7003,2495,36411,0
7004,48256,42388,0
7005,55831,1394,0
7006,6168,7839,0
7007,38709,28070,0
7008,32153,63435,0
7009,28920,65324,0
7010,40560,63198,0
7011,37697,45950,0
7012,67516,44614,0
7013,44146,4905,0
7014,4975,51327,0
7015,63092,36121,0
7016,40996,27263,0
7017,11426,41980,0
7018,31860,51027,0
7019,13763,56536,0
7020,53311,49554,0
7021,22708,32635,0
7022,67889,22447,0
7023,5872,2260,0
7024,21562,27748,0
7025,46081,20608,0
7026,36994,18673,0
7027,28055,61052,0
7028,19845,17378,0
7029,48170,49969,0
7030,39382,20795,0
7031,53118,37095,0
7032,23259,40370,0
7033,20170,39462,0
7034,11364,21081,0
7035,61301,58372,0
7036,51371,61821,0
7037,20217,65085,0
7038,21057,50351,0
7039,50896,53461,0
7040,64654,19532,0
7041,27974,26455,0
7042,50226,63777,0
7043,18893,8088,0
7044,37567,10024,0
7045,35561,16621,0
7046,44044,4758,0
7047,25114,13530,0
7048,65077,5722,0
7049,52854,29664,0
7050,14625,14006,0
7051,60023,1377,0
7052,26176,34094,0
7053,56705,59666,0
7054,5149,65140,0
7055,27747,59143,0
7056,50139,11897,0
7057,53564,27437,0
7058,33873,21125,0
7059,14065,23549,0
7060,7958,65606,0
7061,16747,64858,0
7062,51520,19229,0
7063,47685,2694,0
7064,366,39096,0
7065,27578,41353,0
7066,36435,5343,0
7067,40743,37165,0
7068,49747,6823,0
7069,5652,60578,0
7070,20807,58876,0
7071,4025,2850,0
7072,21696,43079,0
7073,8361,33581,0
7074,1600,20512,0
7075,39141,55841,0
7076,753,5216,0
7077,39221,12452,0
7078,18569,5508,0
7079,65600,8391,0
7080,53478,48265,0
7081,12633,35226,0
7082,45067,8378,0
7083,47105,16553,0
7084,63191,43496,0
7085,4052,54512,0
7086,64529,54211,0
7087,4621,19063,0
7088,33461,41859,0
7089,32899,9825,0
7090,5747,45185,0
7091,50800,60694,0
7092,54150,6632,0
7093,41531,45682,0
7094,11980,61434,0
7095,34715,51775,0
7096,6706,58642,0
7097,52158,32094,0
7098,50183,30727,0
7099,19453,63147,0
7100,52327,36608,0
7101,22961,52960,0
7102,27675,39202,0
7103,65766,51453,0
7104,53980,47502,0
7105,1970,27905,0
7106,25309,61632,0
7107,3247,10829,0
7108,6820,26142,0
7109,35691,50289,0
7110,13855,17938,0
7111,60760,47559,0
7112,718,52747,0
7113,45458,41891,0
7114,34021,4476,0
7115,44964,35668,0
7116,51972,59447,0
7117,41981,1999,0
7118,8127,31235,0
7119,29757,60468,0
7120,32989,31284,0
7121,50618,25536,0
7122,63240,39102,0
7123,37696,14016,0
7124,2221,17966,0
7125,22792,14465,0
7126,2049,55697,0
7127,30458,42965,0
7128,46953,16884,0
7129,34970,48034,0
7130,33594,26878,0
7131,65662,64286,0
7132,34722,18486,0
7133,51615,13667,0
7134,13616,33190,0
7135,39812,15131,0
7136,28536,46074,0
7137,57331,60722,0
7138,47572,4183,0
7139,28647,58313,0
7140,57657,9962,0
7141,16719,44154,0
7142,7721,53040,0
7143,54828,61598,0
7144,38188,62633,0
7145,50954,9530,0
7146,67032,65342,0
7147,53218,16798,0
7148,4794,43336,0
7149,25484,22940,0
7150,4178,45640,0
7151,9823,18797,0
7152,22877,61326,0
7153,36107,13870,0
7154,12208,6208,0
7155,7024,33650,0
7156,38009,34235,0
7157,50476,7615,0
7158,6715,50545,0
7159,13005,4315,0
7160,8151,976,0
7161,21164,25813,0
7162,52893,28288,0
7163,33546,67387,0
7164,53967,2877,0
7165,22035,32930,0
7166,34533,14861,0
7167,9467,68209,0
7168,30781,33109,0
7169,32492,21358,0
7170,50676,47692,0
7171,60356,6240,0
7172,45391,37847,0
7173,8324,16787,0
7174,31379,26393,0
7175,21827,37067,0
7176,9589,68387,0
7177,40487,15296,0
7178,19604,34210,0
7179,29242,9736,0
7180,56140,67041,0
7181,56713,20008,0
7182,31632,29761,0
7183,53631,24867,0
7184,15608,51718,0
7185,20784,64686,0
7186,45337,5878,0
7187,43652,9378,0
7188,26046,67612,0
7189,60351,57823,0
7190,20620,22714,0
7191,3007,46046,0
7192,53368,27375,0
7193,64293,25977,0
7194,46442,32685,0
7195,21872,24596,0
7196,4557,11594,0
7197,16640,49215,0
7198,46499,31344,0
7199,25324,984,0
7200,14274,29960,0
7201,43753,10276,0
7202,50000,54348,0
7203,64326,14650,0
7204,26772,15586,0
7205,33299,31822,0
7206,36479,39488,0
7207,37915,35459,0
7208,64026,15410,0
7209,30546,50675,0
7210,55869,29730,0
7211,30484,64868,0
7212,54517,65705,0
7213,231,8575,0
7214,45149,51397,0
7215,13952,26735,0
7216,29701,52448,0
7217,55838,2463,0
7218,43274,48834,0
7219,17746,67220,0
7220,34448,7868,0
7221,51023,59903,0
7222,52801,2696,0
7223,67093,38096,0
7224,44860,30113,0
7225,57956,62017,0
7226,32903,57911,0
7227,63853,27659,0
7228,3649,44059,0
7229,20811,26607,0
7230,57930,60883,0
7231,15945,66615,0
7232,63788,33664,0
7233,42394,19309,0
7234,31175,22972,0
7235,60951,17163,0
7236,32601,45039,0
7237,20615,22816,0
7238,63418,35272,0
7239,9729,20871,0
7240,21685,48002,0
7241,8326,17287,0
7242,55712,41626,0
7243,51935,2058,0
7244,10114,31741,0
7245,20093,42435,0
7246,36657,13860,0
7247,30866,59169,0
7248,14068,49612,0
7249,56770,16076,0
7250,5609,14910,0
7251,67264,23502,0
7252,57561,20361,0
7253,51537,33945,0
7254,51336,27603,0
7255,68050,57181,0
7256,49165,6489,0
7257,5001,6443,0
7258,20249,36127,0
7259,17719,45470,0
7260,27193,16668,0
7261,53286,23204,0
7262,62800,43119,0
7263,25942,16247,0
7264,24714,20007,0
7265,39762,49935,0
7266,14653,48904,0
7267,67211,38179,0
7268,25767,22393,0
7269,26296,28728,0
7270,23377,64008,0
7271,63146,57321,0
7272,35714,65109,0
7273,8947,7605,0
7274,64620,49409,0
7275,63454,22389,0
7276,54873,40793,0
7277,52338,36648,0
7278,66674,42012,0
7279,42248,22804,0
7280,22921,39922,0
7281,49752,2058,0
7282,49491,21008,0
7283,60136,10338,0
7284,14006,27357,0
7285,62994,62650,0
7286,38051,32052,0
7287,66577,28160,0
7288,10587,23757,0
7289,49953,38922,0
7290,52980,63858,0
7291,53790,20019,0
7292,10611,29743,0
7293,36827,54757,0
7294,30157,26616,0
7295,28589,9785,0
7296,22258,59720,0
7297,4743,15652,0
7298,41975,56005,0
7299,29920,49554,0
7300,18436,43598,0
7301,38744,23128,0
7302,7509,6294,0
7303,5789,58944,0
7304,39222,64376,0
7305,23454,42632,0
7306,35994,64073,0
7307,37183,27376,0
7308,65143,10932,0
7309,45740,10284,0
7310,55091,60722,0
7311,4229,41473,0
7312,22226,36225,0
7313,34246,3185,0
7314,29905,64760,0
7315,16615,15897,0
7316,32366,10869,0
7317,29537,46839,0
7318,16208,18692,0
7319,54179,7103,0
7320,43428,9874,0
7321,31878,50976,0
7322,58601,2488,0
7323,23771,28924,0
7324,17948,32857,0
7325,49330,28754,0
7326,18042,30434,0
7327,32549,60756,0
7328,62541,30294,0
7329,66557,63260,0
7330,998,17911,0
7331,66401,40103,0
7332,49320,66459,0
7333,13970,2473,0
7334,27692,29671,0
7335,30966,67265,0
7336,39367,60818,0
7337,20642,52127,0
7338,68113,3713,0
7339,29205,35020,0
7340,25542,41850,0
7341,39990,5422,0
7342,21516,41744,0
7343,45141,24615,0
7344,41159,32838,0
7345,52840,11008,0
7346,15166,16071,0
7347,14926,52193,0
7348,42835,35736,0
7349,28656,34161,0
7350,50630,45260,0
7351,9304,46556,0
7352,42569,43545,0
7353,37211,43153,0
7354,28015,65822,0
7355,35592,29142,0
7356,36435,17886,0
7357,23777,56598,0
7358,23846,17582,0
7359,50057,58890,0
7360,39638,19255,0
7361,60285,61864,0
7362,15283,42266,0
7363,19521,55096,0
7364,18196,3285,0
7365,42200,29551,0
7366,67211,42069,0
7367,50479,34885,0
7368,29516,11180,0
7369,46985,29921,0
7370,25278,60211,0
7371,51927,29945,0
7372,8287,10834,0
7373,52324,12348,0
7374,29824,42327,0
7375,19193,12380,0
7376,63864,19402,0
7377,62024,51688,0
7378,65006,66300,0
7379,19515,22827,0
7380,19971,21839,0
7381,66843,4000,0
7382,31160,12748,0
7383,55840,5556,0
7384,8961,41378,0
7385,22855,21174,0
7386,59439,12839,0
7387,27172,28350,0
7388,52677,28577,0
7389,58966,66331,0
7390,66227,9394,0
7391,32948,51197,0
7392,42980,9907,0
7393,27007,28769,0
7394,44848,52358,0
7395,50750,20578,0
7396,59412,52684,0
7397,19120,34609,0
7398,18042,13904,0
7399,6630,22187,0
7400,19697,43093,0
7401,43817,48022,0
7402,2114,3004,0
7403,37188,2707,0
7404,58473,66700,0
7405,444,20544,0
7406,24473,49476,0
7407,24883,16348,0
7408,66592,62528,0
7409,68104,60894,0
7410,1254,42907,0
7411,41450,17088,0
7412,27268,61445,0
7413,45060,36058,0
7414,17546,27128,0
7415,65743,790,0
7416,28207,17643,0
7417,34413,6677,0
7418,28364,48107,0
7419,13233,54912,0
7420,20211,503,0
7421,26474,35094,0
7422,67308,34912,0
7423,49548,1964,0
7424,30653,52535,0
7425,44281,52333,0
7426,14759,51003,0
7427,5695,60647,0
7428,11175,48374,0
7429,5949,65469,0
7430,18383,44942,0
7431,43008,5222,0
7432,30616,36986,0
7433,634,42289,0
7434,54084,34486,0
7435,66317,31915,0
7436,4469,30202,0
7437,4077,43914,0
7438,2377,56871,0
7439,68270,14880,0
7440,18742,25509,0
7441,11437,1614,0
7442,22943,5724,0
7443,23766,26765,0
7444,22238,55113,0
7445,48530,47476,0
7446,24679,350,0
7447,10199,57202,0
7448,7932,54867,0
7449,67587,45032,0
7450,30031,16434,0
7451,51510,4491,0
7452,20854,18806,0
7453,23162,49282,0
7454,51909,8521,0
7455,13483,25852,0
7456,11408,31190,0
7457,53698,27259,0
7458,11108,56847,0
7459,30135,37056,0
7460,53643,50228,0
7461,27616,13530,0
7462,43699,18824,0
7463,24064,60992,0
7464,11102,44616,0
7465,45912,3717,0
7466,19254,19589,0
7467,1092,34288,0
7468,38960,57940,0
7469,62139,37092,0
7470,18624,9603,0
7471,62932,990,0
7472,46255,65160,0
7473,24969,65978,0
7474,18746,36548,0
7475,47044,48253,0
7476,40147,33682,0
7477,59935,18963,0
7478,50825,24316,0
7479,66474,33655,0
7480,21138,36466,0
7481,13097,11992,0
7482,33565,56066,0
7483,24207,22790,0
7484,62006,6716,0
7485,25505,54226,0
7486,52951,21300,0
7487,67276,53491,0
7488,65629,61993,0
7489,2089,49684,0
7490,25940,34726,0
7491,6141,8526,0
7492,158,5961,0
7493,13509,11145,0
7494,33024,30237,0
7495,10442,5234,0
7496,24421,1898,0
7497,5656,46295,0
7498,21147,9173,0
7499,50944,64520,0
7500,3772,42126,0
7501,56585,569,0
7502,28406,12078,0
7503,17330,287,0
7504,3238,24498,0
7505,45307,33705,0
7506,33896,58222,0
7507,18900,60692,0
7508,48693,25305,0
7509,33841,25723,0
7510,39460,11421,0
7511,2130,63229,0
7512,45041,49394,0
7513,39060,5216,0
7514,22442,26132,0
7515,39273,38899,0
7516,6732,1345,0
7517,42609,12130,0
7518,28244,43671,0
7519,62157,20162,0
7520,22029,53519,0
7521,42766,453,0
7522,43556,48218,0
7523,8125,32188,0
7524,58227,40039,0
7525,40321,57277,0
7526,57251,52377,0
7527,50224,33649,0
7528,4067,27094,0
7529,3027,37777,0
7530,47158,29372,0
7531,16853,49147,0
7532,68359,31336,0
7533,65056,2411,0
7534,54678,14669,0
7535,20039,44772,0
7536,50832,11208,0
7537,17081,22440,0
7538,2450,10417,0
7539,26734,56605,0
7540,36345,3367,0
7541,32446,33003,0
7542,41333,45517,0
7543,33200,28004,0
7544,47981,57105,0
7545,21224,65809,0
7546,52557,57535,0
7547,25719,17899,0
7548,7468,49059,0
7549,38975,25878,0
7550,38341,40233,0
7551,30613,67374,0
7552,31324,65536,0
7553,34173,26573,0
7554,24364,52070,0
7555,28665,3508,0
7556,8047,54051,0
7557,20141,6386,0
7558,2191,4421,0
7559,2162,391,0
7560,7177,51786,0
7561,55591,31153,0
7562,14495,35134,0
7563,49910,53998,0
7564,59523,24859,0
7565,23179,34490,0
7566,57616,56299,0
7567,61113,32005,0
7568,26871,34068,0
7569,11042,36538,0
7570,51477,27989,0
7571,31058,1299,0
7572,66577,14476,0
7573,56407,43358,0
7574,3775,63930,0
7575,17579,10033,0
7576,3926,4368,0
7577,24534,3773,0
7578,56611,11959,0
7579,56900,35378,0
7580,34196,59889,0
7581,21665,31975,0
7582,53933,54955,0
7583,7790,48822,0
7584,10736,63900,0
7585,57833,32827,0
7586,33185,28133,0
7587,63019,3558,0
7588,42068,13821,0
7589,14802,31486,0
7590,41198,2623,0
7591,60634,40953,0
7592,19264,61504,0
7593,65732,61128,0
7594,268,3280,0
7595,16250,56423,0
7596,21643,61401,0
7597,3123,41748,0
7598,52624,7475,0
7599,7221,28951,0
7600,13517,58677,0
7601,204,39746,0
7602,14683,64888,0
7603,557,31275,0
7604,7952,16731,0
7605,44638,56402,0
7606,43628,16555,0
7607,28612,16659,0
7608,9220,62826,0
7609,25805,41492,0
7610,52100,21533,0
7611,11176,10633,0
7612,59667,57501,0
7613,28519,50956,0
7614,44941,17544,0
7615,17,38660,0
7616,24786,56299,0
7617,7989,46011,0
7618,11143,18177,0
7619,12397,13393,0
7620,11789,67802,0
7621,19728,37760,0
7622,61603,58116,0
7623,59538,63017,0
7624,40484,51084,0
7625,10380,6726,0
7626,2591,18091,0
7627,20460,57848,0
7628,52717,48384,0
7629,65151,17104,0
7630,52247,23799,0
7631,38608,25555,0
7632,37705,10186,0
7633,12864,35003,0
7634,27950,39817,0
7635,33069,9264,0
7636,48061,39571,0
7637,32597,48556,0
7638,39654,4042,0
7639,36160,6343,0
7640,29794,8630,0
7641,54248,44180,0
7642,16936,29956,0
7643,4498,32837,0
7644,63825,41522,0
7645,7314,25764,0
7646,44869,34881,0
7647,58973,11088,0
7648,20434,39552,0
7649,28244,63907,0
7650,19657,55040,0
7651,18112,44950,0
7652,67657,46218,0
7653,45898,42751,0
7654,40127,20082,0
7655,57019,60380,0
7656,64092,13493,0
7657,26594,45995,0
7658,8944,43062,0
7659,15513,56020,0
7660,23539,54919,0
7661,4062,63328,0
7662,34812,15731,0
7663,24680,33259,0
7664,26314,5883,0
7665,66057,18087,0
7666,12032,39246,0
7667,26736,42114,0
7668,57782,26067,0
7669,44033,37464,0
7670,1527,8092,0
7671,43817,65224,0
7672,52402,35263,0
7673,39990,53959,0
7674,37446,23355,0
7675,39325,35239,0
7676,910,22586,0
7677,60726,51818,0
7678,25433,54378,0
7679,63547,25476,0
7680,49372,29469,0
7681,37230,36291,0
7682,13844,5102,0
7683,45242,41026,0
7684,39169,30102,0
7685,27989,6840,0
7686,17496,34122,0
7687,27353,4081,0
7688,37113,4982,0
7689,1236,48524,0
7690,27925,50335,0
7691,18588,44279,0
7692,37093,14631,0
7693,38159,68129,0
7694,7645,3222,0
7695,27340,28716,0
7696,34905,15188,0
7697,45849,66204,0
7698,26,62254,0
7699,9584,12441,0
7700,58176,34762,0
7701,38893,11896,0
7702,50146,16466,0
7703,56243,54420,0
7704,18573,50732,0
7705,13211,50111,0
7706,42711,57479,0
7707,45379,58824,0
7708,66175,48145,0
7709,61301,9112,0
7710,54856,26533,0
7711,43396,621,0
7712,5788,39981,0
7713,13502,7575,0
7714,16961,60553,0
7715,63976,38786,0
7716,45132,56343,0
7717,65709,64156,0
7718,13463,65608,0
7719,4782,19121,0
7720,2325,4250,0
7721,19806,64029,0
7722,9901,220,0
7723,4007,68072,0
7724,40762,65752,0
7725,54251,12824,0
7726,12220,44556,0
7727,53309,47419,0
7728,65900,61436,0
7729,25313,6151,0
7730,64078,46851,0
7731,35934,3219,0
7732,11303,17892,0
7733,11706,58542,0
7734,2296,44981,0
7735,4058,23343,0
7736,2859,9952,0
7737,49774,24156,0
7738,17309,12815,0
7739,46307,59739,0
7740,30989,48758,0
7741,30886,42440,0
7742,21705,66386,0
7743,16811,49138,0
7744,17276,36584,0
7745,32807,55077,0
7746,45657,44633,0
7747,42768,57138,0
7748,18541,35793,0
7749,34266,10308,0
7750,19758,23214,0
7751,51800,47301,0
7752,23124,23898,0
7753,40792,51702,0
7754,43673,14601,0
7755,51265,7815,0
7756,37306,20323,0
7757,13305,35338,0
7758,65378,23623,0
7759,34756,60494,0
7760,20363,29328,0
7761,22365,21586,0
7762,38103,17757,0
7763,15733,31216,0
7764,36075,19171,0
7765,46448,39884,0
7766,55378,19101,0
7767,20781,11466,0
7768,52554,36953,0
7769,45546,16381,0
7770,29287,11139,0
7771,41166,66463,0
7772,38977,6223,0
7773,55154,67363,0
7774,51566,4459,0
7775,21891,20989,0
7776,27935,39252,0
7777,2322,8090,0
7778,56774,22604,0
7779,45105,23532,0
7780,20132,11513,0
7781,22451,11355,0
7782,64970,13632,0
7783,56596,43678,0
7784,31060,34463,0
7785,48166,57562,0
7786,43130,8421,0
7787,47862,56907,0
7788,5172,31906,0
7789,27231,62424,0
7790,16819,39706,0
7791,21521,1731,0
7792,62142,20062,0
7793,53256,17460,0
7794,13110,64590,0
7795,19190,6774,0
7796,2063,31590,0
7797,7896,33637,0
7798,36,33725,0
7799,41160,39871,0
7800,27633,54036,0
7801,20991,17635,0
7802,36239,4056,0
7803,9271,19834,0
7804,65914,49857,0
7805,20606,32786,0
7806,32622,20051,0
7807,47386,39366,0
7808,62074,39837,0
7809,19921,57659,0
7810,26138,56474,0
7811,8426,51566,0
7812,47208,18656,0
7813,33856,6445,0
7814,60090,42099,0
7815,61046,7674,0
7816,23279,37067,0
7817,12089,44156,0
7818,10481,61817,0
7819,55213,6178,0
7820,61376,28029,0
7821,31488,53131,0
7822,48754,63741,0
7823,38856,49704,0
7824,22129,67228,0
7825,56620,49131,0
7826,58340,57780,0
7827,24619,16673,0
7828,18387,9307,0
7829,42981,40594,0
7830,13312,66700,0
7831,42019,45533,0
7832,52231,42070,0
7833,31623,46846,0
7834,58703,16393,0
7835,7145,41866,0
7836,27512,39720,0
7837,41699,42706,0
7838,34837,59978,0
7839,29464,33577,0
7840,54638,16593,0
7841,56960,54923,0
7842,11193,64085,0
7843,37169,64097,0
7844,51654,61604,0
7845,39553,60380,0
7846,30993,38332,0
7847,35890,62230,0
7848,27292,26079,0
7849,22557,31359,0
7850,38951,8594,0
7851,11412,46272,0
7852,60252,16094,0
7853,53539,17186,0
7854,54339,55172,0
7855,28357,24470,0
7856,20536,19531,0
7857,20233,116,0
7858,9215,30259,0
7859,43865,39422,0
7860,37221,8655,0
7861,50028,36821,0
7862,34505,63272,0
7863,28484,3345,0
7864,2077,56357,0
7865,23730,63017,0
7866,36274,56682,0
7867,42430,32489,0
7868,1101,67567,0
7869,3475,51642,0
7870,58638,5757,0
7871,31203,50075,0
7872,50603,33098,0
7873,36721,31894,0
7874,64863,59661,0
7875,18794,42195,0
7876,57128,27732,0
7877,60550,65020,0
7878,43218,6979,0
7879,16188,22908,0
7880,40334,5837,0
7881,56094,9585,0
7882,25896,2704,0
7883,64219,4041,0
7884,44539,3078,0
7885,18398,27021,0
7886,9202,48475,0
7887,13709,50425,0
7888,42717,44985,0
7889,24209,59979,0
7890,59450,16514,0
7891,14110,56930,0
7892,54867,48494,0
7893,4471,67071,0
7894,64090,27550,0
7895,33959,54642,0
7896,39687,20430,0
7897,15106,67728,0
7898,35381,43884,0
7899,19764,38046,0
7900,54921,10316,0
7901,52732,22817,0
7902,52107,9445,0
7903,11202,29548,0
7904,56007,16872,0
7905,12362,46465,0
7906,2583,43671,0
7907,35686,6980,0
7908,47210,48629,0
7909,48937,59817,0
7910,60588,509,0
7911,8897,52076,0
7912,22045,63727,0
7913,7448,35257,0
7914,32530,9703,0
7915,33346,30626,0
7916,14699,41850,0
7917,724,34989,0
7918,64114,37852,0
7919,25531,31109,0
7920,38414,68254,0
7921,6149,66594,0
7922,62465,13986,0
7923,42172,61620,0
7924,49807,31192,0
7925,29606,58090,0
7926,18491,27276,0
7927,66920,43435,0
7928,40237,34906,0
7929,51366,56837,0
7930,53026,34340,0
7931,36712,41811,0
7932,2180,49384,0
7933,36113,60108,0
7934,57569,65968,0
7935,64363,58348,0
7936,59791,18979,0
7937,11845,47597,0
7938,2560,21614,0
7939,21032,9821,0
7940,7911,60556,0
7941,61945,35753,0
7942,9369,7413,0
7943,4710,24580,0
7944,4992,65873,0
7945,54113,37994,0
7946,8035,9848,0
7947,26710,33649,0
7948,28327,58766,0
7949,27798,19124,0
7950,15330,4194,0
7951,65008,68247,0
7952,59674,33449,0
7953,51903,32848,0
7954,37663,12540,0
7955,31414,20927,0
7956,49752,36861,0
7957,55659,32378,0
7958,50526,41637,0
7959,63292,44743,0
7960,44211,424,0
7961,45817,2674,0
7962,53518,17435,0
7963,41523,47265,0
7964,6089,15,0
7965,1824,43124,0
7966,22885,5372,0
7967,18326,57794,0
7968,9241,17172,0
7969,42835,47227,0
7970,26334,41099,0
7971,39875,16056,0
7972,33854,61851,0
7973,24108,68182,0
7974,62382,48103,0
7975,20226,17904,0
7976,15537,50131,0
7977,11633,30283,0
7978,2560,42514,0
7979,64655,33174,0
7980,47080,1592,0
7981,67205,55498,0
7982,37450,29746,0
7983,30757,40826,0
7984,60867,61117,0
7985,3120,18244,0
7986,6921,66756,0
7987,64033,66822,0
7988,28312,45214,0
7989,5513,39671,0
7990,9295,22741,0
7991,48999,30548,0
7992,21523,53602,0
7993,44410,35070,0
7994,60644,37417,0
7995,66469,56056,0
7996,5411,21358,0
7997,33849,27942,0
7998,24740,49820,0
7999,40402,12779,0
8000,2294,28314,0
8001,41387,18821,0
8002,6284,16047,0
8003,768,21619,0
8004,49285,60853,0
8005,52174,31703,0
8006,19912,66523,0
8007,56790,26300,0
8008,21245,48743,0
8009,42572,14925,0
8010,28954,4905,0
8011,38807,52456,0
8012,63999,57264,0
8013,30562,6343,0
8014,18923,60281,0
8015,30957,2340,0
8016,50637,64499,0
8017,13941,7111,0
8018,55275,4009,0
8019,64416,62641,0
8020,18941,60730,0
8021,40919,30816,0
8022,48344,22037,0
8023,56316,9571,0
8024,58519,64153,0
8025,53166,1434,0
8026,56111,27867,0
8027,30559,52684,0
8028,67409,46933,0
8029,1792,11904,0
8030,63123,27884,0
8031,26375,56969,0
8032,12228,35281,0
8033,39796,60981,0
8034,17387,969,0
8035,15757,37796,0
8036,54595,8592,0
8037,29835,35790,0
8038,26274,38753,0
8039,57079,45159,0
8040,680,1702,0
8041,29567,5301,0
8042,20279,64897,0
8043,61329,60221,0
8044,63616,36313,0
8045,11522,40082,0
8046,3511,48814,0
8047,58169,53867,0
8048,14503,62192,0
8049,19981,43667,0
8050,23455,57931,0
8051,17149,50437,0
8052,51909,25730,0
8053,32868,2881,0
8054,31723,58229,0
8055,23223,46330,0
8056,58914,3211,0
8057,56567,181,0
8058,32884,66152,0
8059,67402,28341,0
8060,26251,64546,0
8061,30967,12727,0
8062,54573,13053,0
8063,44381,59084,0
8064,7364,6006,0
8065,57674,61779,0
8066,39,44481,0
8067,46968,15592,0
8068,1023,7643,0
8069,29425,49009,0
8070,17674,6962,0
8071,30069,21898,0
8072,66768,44945,0
8073,57078,63406,0
8074,44711,28931,0
8075,49177,24030,0
8076,45212,30092,0
8077,54187,27680,0
8078,66110,34640,0
8079,2749,4314,0
8080,5011,52136,0
8081,62350,27676,0
8082,67731,51651,0
8083,41147,22187,0
8084,13325,10447,0
8085,54492,47886,0
8086,56055,46465,0
8087,30452,65875,0
8088,62512,64110,0
8089,66990,16665,0
8090,21977,31120,0
8091,39861,42585,0
8092,19825,23789,0
8093,38709,56913,0
8094,18473,22382,0
8095,7916,34595,0
8096,20605,6436,0
8097,38642,26069,0
8098,29143,21765,0
8099,64986,196,0
8100,13554,13046,0
8101,32236,10164,0
8102,1088,18681,0
8103,34522,16546,0
8104,25480,15554,0
8105,25396,28045,0
8106,8279,48449,0
8107,5476,22704,0
8108,7924,27522,0
8109,19104,52617,0
8110,60934,53600,0
8111,60128,25033,0
8112,48478,67090,0
8113,22312,61243,0
8114,62093,43511,0
8115,31167,62433,0
8116,27432,10390,0
8117,2891,38844,0
8118,34157,1076,0
8119,65349,67111,0
8120,30079,17835,0
8121,15078,10215,0
8122,64356,51840,0
8123,40756,40750,0
8124,4748,30927,0
8125,17079,10591,0
8126,40394,18708,0
8127,2202,23619,0
8128,48001,56462,0
8129,21033,17121,0
8130,50929,2952,0
8131,412,57753,0
8132,21620,57822,0
8133,44162,20991,0
8134,64078,33095,0
8135,8181,42052,0
8136,48609,45478,0
8137,6944,41567,0
8138,13077,56404,0
8139,33367,30878,0
8140,57134,16371,0
8141,36235,40571,0
8142,54347,46852,0
8143,11188,29458,0
8144,434,11154,0
8145,41198,16117,0
8146,52097,18483,0
8147,59281,48536,0
8148,3322,49097,0
8149,5922,21524,0
8150,4857,19635,0
8151,43182,27428,0
8152,44067,34777,0
8153,51816,67748,0
8154,10548,10983,0
8155,51713,22239,0
8156,26919,30491,0
8157,20434,42138,0
8158,34591,4899,0
8159,48143,27201,0
8160,56296,16041,0
8161,22397,47598,0
8162,9049,24244,0
8163,1344,56825,0
8164,47248,54355,0
8165,48251,17925,0
8166,47721,46712,0
8167,52275,40341,0
8168,42661,64868,0
8169,36941,52406,0
8170,55782,54811,0
8171,59934,24303,0
8172,39231,57408,0
8173,18253,40606,0
8174,15014,20431,0
8175,55356,60099,0
8176,25894,11962,0
8177,13233,52730,0
8178,24225,16344,0
8179,39608,47594,0
8180,62230,33508,0
8181,60955,28273,0
8182,1836,62296,0
8183,39242,62153,0
8184,9915,28688,0
8185,56248,1423,0
8186,58231,61756,0
8187,35620,66529,0
8188,4569,44133,0
8189,22827,57202,0
8190,57655,13519,0
8191,50129,55101,0
8192,23202,31520,0
8193,31404,46472,0
8194,56132,4281,0
8195,64936,66457,0
8196,21572,2296,0
8197,191,54146,0
8198,33763,62695,0
8199,56175,38320,0
8200,11935,12625,0
8201,10463,60392,0
8202,43396,21737,0
8203,47765,24277,0
8204,46726,20957,0
8205,27871,32441,0
8206,38749,30997,0
8207,29467,39823,0
8208,46738,22392,0
8209,42255,56150,0
8210,42710,42533,0
8211,15369,12851,0
8212,15609,55185,0
8213,4089,16156,0
8214,43804,21635,0
8215,61002,29077,0
8216,44644,43718,0
8217,19566,21405,0
8218,48124,18767,0
8219,16616,14303,0
8220,28903,58151,0
8221,6159,31363,0
8222,12211,40730,0
8223,30229,66543,0
8224,33557,22873,0
8225,59178,62958,0
8226,58322,22867,0
8227,23846,30489,0
8228,26622,42352,0
8229,50021,57933,0
8230,51376,52669,0
8231,10490,56393,0
8232,52172,52089,0
8233,29420,29277,0
8234,68339,59361,0
8235,35142,32527,0
8236,40584,65964,0
8237,39297,15086,0
8238,50551,32608,0
8239,56569,46595,0
8240,51322,16406,0
8241,30585,39896,0
8242,48067,38109,0
8243,47556,30577,0
8244,36267,38774,0
8245,6960,58330,0
8246,20469,26478,0
8247,32655,10694,0
8248,1091,45234,0
8249,7584,49392,0
8250,65593,27504,0
8251,46335,68012,0
8252,3834,50955,0
8253,17342,41200,0
8254,4208,59742,0
8255,12622,61923,0
8256,27248,33539,0
8257,40199,37688,0
8258,62106,57976,0
8259,14653,45729,0
8260,22215,21457,0
8261,49686,67030,0
8262,23102,1638,0
8263,43354,65773,0
8264,6817,58683,0
8265,37779,53273,0
8266,905,14150,0
8267,53636,3157,0
8268,13503,24544,0
8269,32144,42252,0
8270,4948,26623,0
8271,17701,50951,0
8272,65312,6251,0
8273,34812,59092,0
8274,67495,64029,0
8275,1911,25471,0
8276,67265,26805,0
8277,23006,17398,0
8278,49905,12755,0
8279,26258,4730,0
8280,50419,34284,0
8281,645,57246,0
8282,21217,34632,0
8283,40753,48929,0
8284,24632,59836,0
8285,30743,8477,0
8286,1222,16359,0
8287,20014,66013,0
8288,33143,33702,0
8289,67715,61649,0
8290,17644,5192,0
8291,63825,45953,0
8292,42191,16287,0
8293,5921,28548,0
8294,57722,47754,0
8295,47066,58046,0
8296,6253,51926,0
8297,40319,48069,0
8298,60363,135,0
8299,48777,51729,0
8300,22396,1013,0
8301,8676,67024,0
8302,2236,31817,0
8303,4502,53167,0
8304,46800,53535,0
8305,33104,6551,0
8306,50812,24524,0
8307,27381,6458,0
8308,56307,31185,0
8309,63384,19435,0
8310,39741,26130,0
8311,26059,2913,0
8312,19002,36080,0
8313,7005,9588,0
8314,65602,24707,0
8315,66321,28393,0
8316,7997,65698,0
8317,58818,456,0
8318,33885,55080,0
8319,3556,41660,0
8320,28213,43876,0
8321,62840,41775,0
8322,56352,58931,0
8323,23267,19784,0
8324,2859,9419,0
8325,4787,9567,0
8326,51858,37500,0
8327,58294,41706,0
8328,24725,7821,0
8329,48821,63857,0
8330,37810,63753,0
8331,18431,17635,0
8332,30872,5273,0
8333,59854,52171,0
8334,16701,51670,0
8335,17701,48690,0
8336,53093,14678,0
8337,40266,54221,0
8338,66110,44509,0
8339,22453,35290,0
8340,21121,18102,0
8341,26123,36560,0
8342,64988,450,0
8343,30328,60173,0
8344,32795,65608,0
8345,37555,26586,0
8346,64651,22820,0
8347,26924,38529,0
8348,62776,41849,0
8349,48703,40485,0
8350,7620,24442,0
8351,49494,30505,0
8352,58019,40307,0
8353,57448,47322,0
8354,37465,7169,0
8355,12104,44659,0
8356,560,2535,0
8357,59691,3580,0
8358,53010,37402,0
8359,51523,66287,0
8360,63725,67458,0
8361,39152,64201,0
8362,25828,28988,0
8363,18101,38899,0
8364,66587,32146,0
8365,31550,60126,0
8366,9943,43996,0
8367,30379,49984,0
8368,64859,53176,0
8369,59450,28742,0
8370,62109,45031,0
8371,2795,52070,0
8372,49774,67522,0
8373,50263,24616,0
8374,19114,16997,0
8375,37432,5732,0
8376,13189,11854,0
8377,28850,14078,0
8378,53004,17937,0
8379,19460,1102,0
8380,5037,43491,0
8381,5399,61521,0
8382,1602,21109,0
8383,56596,15327,0
8384,14505,53613,0
8385,25228,41154,0
8386,60802,66438,0
8387,29543,41860,0
8388,28815,51815,0
8389,13577,63404,0
8390,8522,2009,0
8391,56923,36586,0
8392,10878,42405,0
8393,10217,18976,0
8394,68170,45034,0
8395,43218,47175,0
8396,64628,65783,0
8397,28649,32274,0
8398,6429,6677,0
8399,47711,40493,0
8400,42073,46321,0
8401,10386,18921,0
8402,39960,9767,0
8403,1308,49528,0
8404,60639,20445,0
8405,31198,8762,0
8406,7117,42012,0
8407,15948,33705,0
8408,10314,43957,0
8409,66503,56216,0
8410,15787,57300,0
8411,33192,34832,0
8412,4218,20749,0
8413,53928,28075,0
8414,26129,26558,0
8415,40996,48772,0
8416,56772,44013,0
8417,5091,54937,0
8418,35619,27975,0
8419,58230,58171,0
8420,56912,36097,0
8421,51392,45346,0
8422,68321,30760,0
8423,6383,24081,0
8424,27745,48028,0
8425,30456,12686,0
8426,21974,55235,0
8427,9694,33794,0
8428,31304,47920,0
8429,17483,13155,0
8430,16715,8224,0
8431,47307,41529,0
8432,39326,65285,0
8433,31083,30233,0
8434,35124,14519,0
8435,5579,16355,0
8436,34152,60368,0
8437,35548,49590,0
8438,49386,64905,0
8439,38209,21353,0
8440,28546,37174,0
8441,33733,61018,0
8442,66532,52635,0
8443,10913,6783,0
8444,56697,35477,0
8445,31654,62878,0
8446,36274,35474,0
8447,2752,40645,0
8448,37725,29202,0
8449,23904,51346,0
8450,55972,32854,0
8451,7484,41283,0
8452,58794,43479,0
8453,23509,8673,0
8454,40203,62241,0
8455,25857,27648,0
8456,49547,34327,0
8457,61935,43010,0
8458,54629,22135,0
8459,49667,28705,0
8460,59172,17922,0
8461,2582,47079,0
8462,19495,54004,0
8463,43162,58325,0
8464,52079,47292,0
8465,15036,41526,0
8466,8934,33187,0
8467,47128,24318,0
8468,1236,1517,0
8469,5865,7706,0
8470,68264,49073,0
8471,60001,41929,0
8472,28342,66821,0
8473,40233,5354,0
8474,38011,12521,0
8475,14298,2853,0
8476,60023,10109,0
8477,19487,34949,0
8478,42150,38922,0
8479,6022,35727,0
8480,43586,39975,0
8481,15962,65052,0
8482,38872,32122,0
8483,57197,14259,0
8484,24208,54826,0
8485,59699,40562,0
8486,54320,31037,0
8487,68144,51308,0
8488,3972,44156,0
8489,44829,5981,0
8490,14133,65855,0
8491,32432,42113,0
8492,19301,37721,0
8493,48660,34228,0
8494,10813,35371,0
8495,6625,29060,0
8496,46466,41432,0
8497,58657,5829,0
8498,60962,30113,0
8499,25255,22894,0
8500,51414,56893,0
8501,62865,44844,0
8502,34376,1663,0
8503,4609,11541,0
8504,45949,49531,0
8505,9919,43542,0
8506,27041,15355,0
8507,48799,55912,0
8508,55195,12537,0
8509,64884,33337,0
8510,14898,62375,0
8511,35470,67251,0
8512,1911,20055,0
8513,55709,27054,0
8514,44088,19239,0
8515,38770,44031,0
8516,24664,41370,0
8517,5367,20685,0
8518,49937,14857,0
8519,17054,3571,0
8520,51507,54923,0
8521,44938,54403,0
8522,36079,30345,0
8523,41797,68057,0
8524,37106,65702,0
8525,5269,7703,0
8526,11395,6407,0
8527,59743,65981,0
8528,1501,31133,0
8529,24675,8388,0
8530,54169,15286,0
8531,910,49202,0
8532,26183,42113,0
8533,30616,22346,0
8534,2494,29132,0
8535,28969,53044,0
8536,45984,5834,0
8537,56849,31701,0
8538,6010,26187,0
8539,46862,37938,0
8540,59578,9189,0
8541,806,23971,0
8542,63582,37890,0
8543,3412,26707,0
8544,1484,29842,0
8545,38494,64843,0
8546,7498,65630,0
8547,30158,27021,0
8548,40682,60828,0
8549,44080,47524,0
8550,15489,22766,0
8551,4975,22119,0
8552,16597,35462,0
8553,2090,67235,0
8554,581,8136,0
8555,23152,32100,0
8556,3675,40210,0
8557,21255,29080,0
8558,325,28841,0
8559,56247,17151,0
8560,55208,13388,0
8561,27323,58133,0
8562,45319,22698,0
8563,42983,61593,0
8564,61937,10008,0
8565,41483,47291,0
8566,16237,51972,0
8567,27922,42895,0
8568,25252,3285,0
8569,25075,1453,0
8570,39894,33645,0
8571,45853,49656,0
8572,11589,10766,0
8573,66099,59641,0
8574,27559,64835,0
8575,65615,67531,0
8576,16679,33674,0
8577,43386,26776,0
8578,47333,29060,0
8579,60218,36434,0
8580,4529,78,0
8581,47482,65099,0
8582,27232,10507,0
8583,20175,42659,0
8584,57203,57268,0
8585,16796,6551,0
8586,2686,8108,0
8587,11630,21817,0
8588,61474,35965,0
8589,36259,46590,0
8590,399,63968,0
8591,19275,24643,0
8592,20369,4759,0
8593,25141,40617,0
8594,49775,9205,0
8595,28078,19110,0
8596,18473,61795,0
8597,34613,40597,0
8598,45021,28394,0
8599,49438,35905,0
8600,12685,23693,0
8601,65452,9774,0
8602,29708,38729,0
8603,41512,15882,0
8604,59986,3675,0
8605,37556,1356,0
8606,46150,23363,0
8607,62006,21330,0
8608,41595,42472,0
8609,62966,27498,0
8610,23930,61955,0
8611,49580,30476,0
8612,51454,1394,0
8613,2678,17182,0
8614,41635,66773,0
8615,23399,62982,0
8616,47222,11910,0
8617,62788,26429,0
8618,17777,46522,0
8619,2032,46135,0
8620,23403,53542,0
8621,29538,61783,0
8622,34754,40833,0
8623,36939,30600,0
8624,17748,34846,0
8625,26120,27769,0
8626,27741,43874,0
8627,60616,36908,0
8628,40233,10492,0
8629,7420,29342,0
8630,29265,35030,0
8631,3684,12138,0
8632,60322,57264,0
8633,18124,32859,0
8634,10083,11689,0
8635,47384,61858,0
8636,35495,56177,0
8637,63058,37541,0
8638,27850,44377,0
8639,59468,14476,0
8640,63703,54011,0
8641,43201,16070,0
8642,18051,50820,0
8643,46296,50053,0
8644,34674,19633,0
8645,42996,4595,0
8646,50847,55405,0
8647,62446,17073,0
8648,60742,13289,0
8649,6898,43303,0
8650,58774,60048,0
8651,39288,6515,0
8652,4018,55630,0
8653,24698,11311,0
8654,10425,1110,0
8655,37601,59171,0
8656,50341,39890,0
8657,21352,3568,0
8658,56599,42061,0
8659,48514,57143,0
8660,18878,10303,0
8661,60279,12468,0
8662,10315,66675,0
8663,33858,34551,0
8664,5756,26635,0
8665,23426,48740,0
8666,52192,12646,0
8667,20408,59606,0
8668,3118,35299,0
8669,12064,52857,0
8670,52551,4390,0
8671,15782,45736,0
8672,61216,12612,0
8673,46262,6052,0
8674,31575,36681,0
8675,48073,32737,0
8676,66958,59582,0
8677,65079,34457,0
8678,22122,31522,0
8679,5696,57715,0
8680,48754,5985,0
8681,49721,56064,0
8682,52374,6854,0
8683,64255,53823,0
8684,58088,38153,0
8685,12258,41083,0
8686,32506,55952,0
8687,25363,26793,0
8688,15747,21723,0
8689,37437,46587,0
8690,6380,64161,0
8691,9127,47053,0
8692,59682,23204,0
8693,42654,37592,0
8694,32224,57324,0
8695,28287,66230,0
8696,18375,63329,0
8697,37230,45199,0
8698,58217,1834,0
8699,25571,34008,0
8700,3442,32826,0
8701,66323,6069,0
8702,55847,11679,0
8703,16883,62174,0
8704,4335,66682,0
8705,9282,54890,0
8706,9779,25311,0
8707,30699,35674,0
8708,2843,63931,0
8709,21364,18483,0
8710,25774,29220,0
8711,40838,25967,0
8712,39933,58895,0
8713,23848,14816,0
8714,17440,5910,0
8715,16190,13273,0
8716,279,15840,0
8717,4267,11921,0
8718,35513,23854,0
8719,43963,41353,0
8720,54128,63102,0
8721,65336,8150,0
8722,45598,35718,0
8723,34676,53881,0
8724,37390,46,0
8725,2072,35198,0
8726,5608,61349,0
8727,44223,40546,0
8728,67999,45153,0
8729,17031,26946,0
8730,45553,66007,0
8731,48745,39039,0
8732,43802,62749,0
8733,58154,8990,0
8734,33269,39134,0
8735,62383,41556,0
8736,5223,29185,0
8737,3475,4892,0
8738,36978,66275,0
8739,43218,20318,0
8740,38032,6074,0
8741,37954,40799,0
8742,32787,7903,0
8743,50812,61134,0
8744,63901,15480,0
8745,12616,60720,0
8746,58807,42262,0
8747,64796,54711,0
8748,59733,27303,0
8749,37527,39928,0
8750,36230,53733,0
8751,18971,45418,0
8752,22456,33519,0
8753,54926,60550,0
8754,3991,20521,0
8755,10733,63552,0
8756,39204,38316,0
8757,45349,43511,0
8758,62567,32771,0
8759,25231,41534,0
8760,21477,14270,0
8761,55147,29274,0
8762,58829,62514,0
8763,59123,3213,0
8764,62572,42444,0
8765,60278,51804,0
8766,63441,20522,0
8767,51497,45662,0
8768,50415,28091,0
8769,18810,37176,0
8770,13496,15300,0
8771,60266,66437,0
8772,38225,24115,0
8773,17630,33923,0
8774,61616,510,0
8775,28565,26717,0
8776,21204,27860,0
8777,18278,54536,0
8778,64736,52507,0
8779,6070,3866,0
8780,57853,42361,0
8781,55226,58507,0
8782,12291,11236,0
8783,41744,7143,0
8784,66695,45077,0
8785,13992,67049,0
8786,20807,52581,0
8787,61704,43688,0
8788,4077,44693,0
8789,45336,27639,0
8790,59952,165,0
8791,58766,1967,0
8792,15123,19766,0
8793,67857,6773,0
8794,45878,1690,0
8795,13373,37424,0
8796,9145,7175,0
8797,50115,65736,0
8798,59604,22586,0
8799,6826,12030,0
8800,63807,61602,0
8801,1657,65634,0
8802,29131,48987,0
8803,57876,41929,0
8804,13344,67979,0
8805,42344,4509,0
8806,15739,45609,0
8807,55686,51011,0
8808,55490,49205,0
8809,34915,64146,0
8810,34271,60067,0
8811,5926,52519,0
8812,65843,61489,0
8813,33557,6236,0
8814,13368,7877,0
8815,67511,8328,0
8816,13576,6364,0
8817,60658,38294,0
8818,30617,10635,0
8819,9459,13598,0
8820,33627,26375,0
8821,38036,56468,0
8822,51968,61560,0
8823,32010,5270,0
8824,5399,51776,0
8825,59531,22175,0
8826,14747,45229,0
8827,50657,44971,0
8828,63184,48760,0
8829,38442,39557,0
8830,8721,38165,0
8831,8074,2622,0
8832,21711,10811,0
8833,251,48306,0
8834,39762,62478,0
8835,10487,23299,0
8836,15083,20559,0
8837,53554,42566,0
8838,32050,59239,0
8839,12019,16636,0
8840,1177,11904,0
8841,15674,51577,0
8842,39029,27732,0
8843,40890,57441,0
8844,4313,54986,0
8845,18889,25947,0
8846,60529,25229,0
8847,54237,9301,0
8848,34200,40107,0
8849,54803,26013,0
8850,8356,28003,0
8851,44619,30328,0
8852,38003,30759,0
8853,24033,23143,0
8854,44086,12338,0
8855,50412,39104,0
8856,60230,24369,0
8857,2814,29969,0
8858,41943,35917,0
8859,59956,50807,0
8860,56698,11424,0
8861,53751,32078,0
8862,33274,22204,0
8863,11899,15503,0
8864,18227,34355,0
8865,35384,54792,0
8866,12011,35025,0
8867,13614,57302,0
8868,30962,8655,0
8869,62432,37582,0
8870,22662,32941,0
8871,60230,42064,0
8872,2167,44063,0
8873,64671,5137,0
8874,56809,30819,0
8875,23388,20062,0
8876,58045,57130,0
8877,26276,3587,0
8878,31219,8252,0
8879,56015,7806,0
8880,30638,41414,0
8881,33617,57882,0
8882,51858,23097,0
8883,63776,55062,0
8884,32673,21800,0
8885,31561,47649,0
8886,280,41996,0
8887,64943,60305,0
8888,43218,24579,0
8889,13104,21713,0
8890,2280,63069,0
8891,13482,44106,0
8892,55265,46991,0
8893,8804,15979,0
8894,12343,49160,0
8895,36577,53257,0
8896,49963,30890,0
8897,52828,58471,0
8898,15889,15793,0
8899,62849,59721,0
8900,30084,4109,0
8901,31551,22689,0
8902,1467,37806,0
8903,68075,31564,0
8904,50445,40155,0
8905,37137,30595,0
8906,35626,61154,0
8907,11863,4742,0
8908,41232,52013,0
8909,40722,65506,0
8910,41623,25798,0
8911,60824,19727,0
8912,36131,58004,0
8913,37559,14710,0
8914,59757,5334,0
8915,44029,4614,0
8916,49775,13718,0
8917,22654,49276,0
8918,36592,8384,0
8919,31984,20441,0
8920,48287,57999,0
8921,30222,48361,0
8922,40816,56769,0
8923,42334,20559,0
8924,987,58223,0
8925,28173,55999,0
8926,50258,29697,0
8927,62305,45047,0
8928,10866,19221,0
8929,34806,15059,0
8930,28665,29427,0
8931,38344,8902,0
8932,49265,28397,0
8933,35579,53372,0
8934,34405,14090,0
8935,27981,11728,0
8936,61579,44872,0
8937,61794,38157,0
8938,33771,262,0
8939,51676,30344,0
8940,16723,38969,0
8941,37975,61349,0
8942,60331,35959,0
8943,29165,28681,0
8944,53875,51435,0
8945,58479,16258,0
8946,49721,32576,0
8947,16978,42502,0
8948,29211,53238,0
8949,43321,50548,0
8950,43597,19977,0
8951,50770,55033,0
8952,47433,12036,0
8953,49293,28648,0
8954,50648,60841,0
8955,9410,1901,0
8956,58208,25312,0
8957,32933,65451,0
8958,2330,6258,0
8959,24701,32125,0
8960,5903,37199,0
8961,8897,6794,0
8962,15760,24793,0
8963,61767,42271,0
8964,20889,48440,0
8965,29205,6690,0
8966,8079,41989,0
8967,16990,23349,0
8968,32565,38549,0
8969,12338,30687,0
8970,3021,17679,0
8971,42831,9933,0
8972,43572,34638,0
8973,65579,11057,0
8974,9890,29619,0
8975,60810,34941,0
8976,60007,42720,0
8977,13368,54614,0
8978,55153,17840,0
8979,13995,65526,0
8980,8913,50869,0
8981,62114,19726,0
8982,25653,24386,0
8983,53088,38716,0
8984,55680,39408,0
8985,66407,39359,0
8986,53165,22293,0
8987,34946,4269,0
8988,61710,49235,0
8989,22100,51196,0
8990,64577,60981,0
8991,33707,45523,0
8992,1924,29346,0
8993,50851,20733,0
8994,63556,55301,0
8995,65764,29290,0
8996,14294,64498,0
8997,47930,22442,0
8998,29166,19605,0
8999,6935,67360,0
9000,66542,5797,0
9001,40318,6910,0
9002,27295,61821,0
9003,57651,35256,0
9004,67571,30442,0
9005,49901,60677,0
9006,59381,52729,0
9007,11186,59818,0
9008,46607,9065,0
9009,22746,60452,0
9010,2664,24293,0
9011,18973,16981,0
9012,45834,67915,0
9013,12053,4548,0
9014,12709,61327,0
9015,67791,34824,0
9016,11895,55789,0
9017,12210,32048,0
9018,27992,68085,0
9019,62074,40114,0
9020,13447,37285,0
9021,12549,15976,0
9022,2777,59657,0
9023,17582,67797,0
9024,30384,52183,0
9025,59770,52082,0
9026,54500,16507,0
9027,901,44993,0
9028,44634,28056,0
9029,31803,22602,0
9030,44419,35971,0
9031,6644,61299,0
9032,48838,63231,0
9033,55510,59795,0
9034,10883,56332,0
9035,27416,35750,0
9036,47604,34708,0
9037,57069,36934,0
9038,67097,49845,0
9039,27040,21326,0
9040,7576,49574,0
9041,44152,27914,0
9042,47223,9925,0
9043,22783,8873,0
9044,25999,5621,0
9045,14653,18548,0
9046,3021,14855,0
9047,41287,6680,0
9048,29157,4714,0
9049,60028,67929,0
9050,38011,16637,0
9051,3112,7204,0
9052,26879,47581,0
9053,7394,41531,0
9054,34636,6030,0
9055,47239,20061,0
9056,37753,42688,0
9057,58549,32078,0
9058,19435,58955,0
9059,20330,57690,0
9060,10866,58428,0
9061,12083,36805,0
9062,45723,15601,0
9063,30198,53232,0
9064,23120,1778,0
9065,44082,56542,0
9066,33634,64359,0
9067,61541,47872,0
9068,7444,66939,0
9069,55326,7952,0
9070,14556,56354,0
9071,23970,37956,0
9072,22977,52615,0
9073,4980,5118,0
9074,25360,2078,0
9075,55248,26357,0
9076,11427,40579,0
9077,8974,48585,0
9078,4016,47686,0
9079,40632,68080,0
9080,50676,44218,0
9081,20163,50570,0
9082,66427,21809,0
9083,53451,62697,0
9084,66955,37514,0
9085,34443,58175,0
9086,30352,52101,0
9087,7157,46722,0
9088,17237,1261,0
9089,30965,28539,0
9090,46432,60059,0
9091,45701,63834,0
9092,61011,56266,0
9093,508,11565,0
9094,5546,65248,0
9095,21256,51181,0
9096,12007,48192,0
9097,61904,65334,0
9098,61911,28561,0
9099,63131,61847,0
9100,18139,7613,0
9101,16576,27827,0
9102,63696,7698,0
9103,13904,35233,0
9104,49710,62469,0
9105,47430,24598,0
9106,30472,40790,0
9107,7418,12811,0
9108,48670,64422,0
9109,25175,32451,0
9110,642,20703,0
9111,23640,26819,0
9112,8894,32291,0
9113,13546,10076,0
9114,18432,548,0
9115,140,43708,0
9116,13606,29452,0
9117,45187,52183,0
9118,46769,22894,0
9119,11396,52613,0
9120,58316,52668,0
9121,3640,20447,0
9122,205,1133,0
9123,33183,53516,0
9124,2291,2676,0
9125,1012,38508,0
9126,36813,57603,0
9127,35693,2435,0
9128,52769,32809,0
9129,1551,3593,0
9130,18538,42865,0
9131,56880,15794,0
9132,49020,60647,0
9133,65132,65274,0
9134,34555,65585,0
9135,33442,2894,0
9136,44365,13177,0
9137,26861,65823,0
9138,40387,11778,0
9139,19913,23662,0
9140,44029,15357,0
9141,51225,32580,0
9142,48401,43685,0
9143,3590,64518,0
9144,31198,20837,0
9145,56324,8634,0
9146,36165,12539,0
9147,19128,21200,0
9148,35606,51914,0
9149,64531,36861,0
9150,5499,67789,0
9151,62581,43555,0
9152,31346,54608,0
9153,22986,49695,0
9154,46105,34886,0
9155,13207,49473,0
9156,66030,58868,0
9157,9464,21167,0
9158,20665,37292,0
9159,28111,32020,0
9160,66768,704,0
9161,33858,29961,0
9162,48167,31510,0
9163,45774,14256,0
9164,3789,60052,0
9165,56989,17710,0
9166,47719,1816,0
9167,2195,7572,0
9168,43007,30036,0
9169,38161,34686,0
9170,61350,42634,0
9171,27484,58799,0
9172,14528,30707,0
9173,66802,15981,0
9174,21320,18303,0
9175,8172,15732,0
9176,43362,7106,0
9177,61752,41828,0
9178,57804,62417,0
9179,10539,4349,0
9180,68235,33552,0
9181,27123,60573,0
9182,60405,65393,0
9183,3665,50250,0
9184,50915,15832,0
9185,12523,43967,0
9186,17851,16776,0
9187,19892,27746,0
9188,38082,32213,0
9189,20424,59979,0
9190,33264,37087,0
9191,49887,64950,0
9192,59976,18041,0
9193,1233,65457,0
9194,56313,50397,0
9195,51782,23390,0
9196,62366,39657,0
9197,55908,9079,0
9198,18758,14976,0
9199,28669,20383,0
9200,50041,32562,0
9201,22064,44844,0
9202,63171,4036,0
9203,24742,54642,0
9204,13911,45404,0
9205,10082,39468,0
9206,16878,38634,0
9207,62861,60211,0
9208,39376,41633,0
9209,40376,20417,0
9210,18209,43867,0
9211,68,44723,0
9212,53734,42527,0
9213,63613,32181,0
9214,48718,7505,0
9215,19249,24736,0
9216,3834,57264,0
9217,36555,40747,0
9218,40222,49670,0
9219,10438,58692,0
9220,54617,68083,0
9221,16677,19068,0
9222,3542,36888,0
9223,39631,20162,0
9224,57069,32058,0
9225,17777,9168,0
9226,65523,24741,0
9227,64241,53869,0
9228,65648,13381,0
9229,67762,57493,0
9230,54149,47330,0
9231,43917,16639,0
9232,33777,24855,0
9233,27838,16526,0
9234,48606,33956,0
9235,7664,32804,0
9236,35454,62683,0
9237,14946,57089,0
9238,42661,24476,0
9239,9617,53276,0
9240,28506,19008,0
9241,25181,10756,0
9242,490,41304,0
9243,2035,62873,0
9244,16961,57843,0
9245,60486,26844,0
9246,54418,24792,0
9247,44534,38360,0
9248,9290,49315,0
9249,33188,46051,0
9250,48383,41284,0
9251,54563,23559,0
9252,54439,27172,0
9253,15071,24741,0
9254,40446,29028,0
9255,6346,24042,0
9256,25344,1283,0
9257,8485,33581,0
9258,64559,32637,0
9259,54543,3651,0
9260,28376,57097,0
9261,54155,55900,0
9262,43024,68357,0
9263,60308,44905,0
9264,13616,26699,0
9265,60742,26358,0
9266,30236,60201,0
9267,45590,64021,0
9268,12491,6390,0
9269,29419,27175,0
9270,53460,27864,0
9271,39444,4949,0
9272,60653,16063,0
9273,57614,37285,0
9274,30653,37498,0
9275,48445,2758,0
9276,24672,34124,0
9277,58829,53211,0
9278,55428,24179,0
9279,53653,2821,0
9280,56341,8866,0
9281,62852,37431,0
9282,65186,58641,0
9283,31806,2474,0
9284,53012,5765,0
9285,42521,51915,0
9286,68111,42106,0
9287,53389,7963,0
9288,59186,38492,0
9289,3828,48278,0
9290,50079,43727,0
9291,49481,50889,0
9292,3374,34968,0
9293,29578,506,0
9294,136,32173,0
9295,5440,24223,0
9296,66607,61205,0
9297,39608,12013,0
9298,45228,44913,0
9299,41942,4134,0
9300,28678,52941,0
9301,9344,31857,0
9302,5855,30117,0
9303,3129,9427,0
9304,57387,44556,0
9305,57797,38614,0
9306,44014,61812,0
9307,7268,2168,0
9308,22399,6500,0
9309,33361,66300,0
9310,21877,485,0
9311,12310,47148,0
9312,65481,18559,0
9313,29389,17087,0
9314,6912,68187,0
9315,63818,19523,0
9316,51860,25744,0
9317,30643,53252,0
9318,34735,31958,0
9319,48379,66587,0
9320,48181,52764,0
9321,26628,65806,0
9322,40262,49780,0
9323,51143,26575,0
9324,31428,59291,0
9325,28207,31796,0
9326,23325,49507,0
9327,24159,37126,0
9328,26654,4874,0
9329,18130,52606,0
9330,48256,9507,0
9331,33382,35637,0
9332,55752,50743,0
9333,14853,1063,0
9334,64565,25928,0
9335,27312,24622,0
9336,46203,19744,0
9337,13682,16430,0
9338,36300,67458,0
9339,66661,43971,0
9340,39317,42020,0
9341,61472,10285,0
9342,11646,20663,0
9343,44311,67583,0
9344,13787,24818,0
9345,48945,44442,0
9346,40439,51397,0
9347,7005,35814,0
9348,58611,58941,0
9349,42499,54910,0
9350,23169,38098,0
9351,26190,2885,0
9352,6137,22830,0
9353,46528,17399,0
9354,43828,34641,0
9355,37926,21951,0
9356,4703,30407,0
9357,54045,21751,0
9358,22767,24656,0
9359,49106,2076,0
9360,67485,22131,0
9361,37453,40841,0
9362,37737,59314,0
9363,3966,23891,0
9364,34527,35984,0
9365,65067,46850,0
9366,51354,27471,0
9367,45045,53600,0
9368,20142,33789,0
9369,54365,31014,0
9370,49629,20313,0
9371,12458,63747,0
9372,15070,29589,0
9373,32247,21067,0
9374,10424,44979,0
9375,20601,31930,0
9376,58607,61762,0
9377,55886,67895,0
9378,38918,1821,0
9379,37148,35652,0
9380,20128,26501,0
9381,63775,57379,0
9382,24529,13436,0
9383,19894,66082,0
9384,6394,49935,0
9385,38782,43516,0
9386,16666,5906,0
9387,50292,66566,0
9388,45498,30553,0
9389,5153,39619,0
9390,68380,53297,0
9391,64003,25417,0
9392,33042,26849,0
9393,28662,30443,0
9394,32140,46095,0
9395,4832,28634,0
9396,55176,38878,0
9397,65852,52207,0
9398,64424,19737,0
9399,59350,59394,0
9400,65098,27783,0
9401,1605,66054,0
9402,4704,50977,0
9403,64219,37952,0
9404,21683,25515,0
9405,52931,21268,0
9406,55270,41259,0
9407,47652,6693,0
9408,65229,16829,0
9409,11101,31025,0
9410,38425,46194,0
9411,52621,7278,0
9412,43234,19436,0
9413,10000,45290,0
9414,50944,17566,0
9415,31353,61344,0
9416,55950,37174,0
9417,42453,5184,0
9418,66203,64381,0
9419,61036,68216,0
9420,47111,13749,0
9421,44530,3531,0
9422,10853,26784,0
9423,53966,18241,0
9424,53451,67688,0
9425,55240,55856,0
9426,5578,29217,0
9427,36053,67925,0
9428,4755,51786,0
9429,60966,12918,0
9430,6897,46596,0
9431,13649,39133,0
9432,50247,18076,0
9433,1627,27775,0
9434,6157,1898,0
9435,61041,35396,0
9436,55281,49659,0
9437,64152,17334,0
9438,38236,34803,0
9439,60060,49662,0
9440,54830,18976,0
9441,1533,34247,0
9442,44679,38497,0
9443,4522,28144,0
9444,65405,51704,0
9445,13010,51821,0
9446,3547,50129,0
9447,54282,1818,0
9448,53218,17731,0
9449,6989,23783,0
9450,29336,43197,0
9451,56434,37282,0
9452,4119,44405,0
9453,20346,1513,0
9454,12367,6951,0
9455,33693,29995,0
9456,51176,10644,0
9457,66435,56175,0
9458,67438,27009,0
9459,53916,20937,0
9460,29347,27506,0
9461,54521,42366,0
9462,61256,7592,0
9463,36092,61604,0
9464,19676,66461,0
9465,8033,42389,0
9466,2923,66521,0
9467,40824,24446,0
9468,67075,30818,0
9469,44706,37676,0
9470,1759,44310,0
9471,10945,33789,0
9472,51181,3993,0
9473,16739,5959,0
9474,56416,10536,0
9475,49910,66500,0
9476,44034,64177,0
9477,68123,61172,0
9478,35189,21661,0
9479,49454,64529,0
9480,28166,24271,0
9481,63706,58984,0
9482,61208,36107,0
9483,59809,43439,0
9484,50075,24174,0
9485,61715,61101,0
9486,28718,55915,0
9487,66246,50797,0
9488,47908,50788,0
9489,55300,67362,0
9490,26800,52843,0
9491,28326,20021,0
9492,61591,49811,0
9493,50229,8536,0
9494,3790,13848,0
9495,37698,62684,0
9496,3181,60984,0
9497,13813,46465,0
9498,60180,16251,0
9499,36470,51504,0
9500,15002,24204,0
9501,41355,12175,0
9502,59058,50415,0
9503,63525,37506,0
9504,16333,19117,0
9505,60094,4405,0
9506,4931,64893,0
9507,45799,26261,0
9508,62770,28159,0
9509,21164,40086,0
9510,13161,46631,0
9511,14920,44009,0
9512,3120,43729,0
9513,60154,25299,0
9514,63963,17182,0
9515,576,49568,0
9516,49284,65688,0
9517,3632,42081,0
9518,54836,34973,0
9519,28906,40719,0
9520,50779,47288,0
9521,47518,58720,0
9522,28600,5171,0
9523,11500,30810,0
9524,66917,20802,0
9525,11857,43202,0
9526,34936,46565,0
9527,3919,15427,0
9528,9147,9823,0
9529,1943,37126,0
9530,32353,32024,0
9531,51655,12446,0
9532,33351,25273,0
9533,4783,44117,0
9534,27132,42046,0
9535,16850,18346,0
9536,30870,60169,0
9537,21570,44358,0
9538,22381,10073,0
9539,66418,59432,0
9540,60317,62446,0
9541,17110,14667,0
9542,8637,6905,0
9543,64469,38671,0
9544,17391,43889,0
9545,52998,44165,0
9546,20312,38964,0
9547,22511,56924,0
9548,2412,57045,0
9549,47134,34466,0
9550,987,3770,0
9551,16814,45707,0
9552,61256,16593,0
9553,3278,61014,0
9554,35966,46113,0
9555,56002,17118,0
9556,19830,57712,0
9557,47842,8509,0
9558,12807,48951,0
9559,25571,61979,0
9560,20765,55872,0
9561,21464,65520,0
9562,62709,15507,0
9563,46593,41882,0
9564,9561,24805,0
9565,37882,35110,0
9566,17496,42312,0
9567,53725,66374,0
9568,24655,27447,0
9569,23835,53273,0
9570,51028,67750,0
9571,3181,64753,0
9572,34718,48217,0
9573,43431,48043,0
9574,6242,23140,0
9575,61879,39695,0
9576,25905,65942,0
9577,33502,34919,0
9578,36676,61587,0
9579,37584,3145,0
9580,57516,31820,0
9581,65689,11898,0
9582,21624,27051,0
9583,34902,23762,0
9584,50648,62747,0
9585,23756,18084,0
9586,5438,32969,0
9587,15386,18035,0
9588,66689,57679,0
9589,62798,18511,0
9590,3890,51122,0
9591,67376,38422,0
9592,45737,8120,0
9593,46282,27211,0
9594,37049,30746,0
9595,25361,18530,0
9596,55311,59658,0
9597,26292,41096,0
9598,52651,8229,0
9599,41664,19004,0
9600,67995,10531,0
9601,4046,62083,0
9602,16222,40482,0
9603,34563,5548,0
9604,30390,4589,0
9605,9990,45904,0
9606,1553,17970,0
9607,44817,27346,0
9608,52525,6468,0
9609,6594,37326,0
9610,62279,6433,0
9611,44840,30928,0
9612,23379,34187,0
9613,67780,27315,0
9614,54488,35651,0
9615,45170,35957,0
9616,22758,31870,0
9617,62127,49370,0
9618,2153,32104,0
9619,12752,34737,0
9620,32121,68229,0
9621,61279,14725,0
9622,37186,35480,0
9623,49963,11388,0
9624,14429,66356,0
9625,57980,62145,0
9626,19865,58960,0
9627,18240,6634,0
9628,7158,19484,0
9629,19653,60894,0
9630,19439,8846,0
9631,28770,3088,0
9632,22066,65322,0
9633,57779,19750,0
9634,11348,57453,0
9635,61015,20087,0
9636,49085,16571,0
9637,49356,60555,0
9638,30837,54061,0
9639,49212,47821,0
9640,67780,14757,0
9641,3486,41370,0
9642,9893,49706,0
9643,47945,54546,0
9644,1845,18562,0
9645,20056,3448,0
9646,26317,44489,0
9647,26657,28477,0
9648,60986,65477,0
9649,18568,32072,0
9650,20565,28370,0
9651,64333,17606,0
9652,55560,54600,0
9653,32363,23059,0
9654,22750,57350,0
9655,63538,1130,0
9656,47941,44338,0
9657,39297,18692,0
9658,46414,45377,0
9659,66601,37491,0
9660,24574,6223,0
9661,49939,66855,0
9662,65939,18109,0
9663,43081,55340,0
9664,38444,15871,0
9665,56830,20085,0
9666,24013,5462,0
9667,63809,26290,0
9668,30916,34601,0
9669,25560,53985,0
9670,66349,41265,0
9671,53149,63419,0
9672,54336,41101,0
9673,39948,38939,0
9674,64963,33091,0
9675,403,35709,0
9676,35095,37828,0
9677,40668,47272,0
9678,18512,19311,0
9679,58280,19726,0
9680,41159,66095,0
9681,31178,1539,0
9682,3721,67047,0
9683,10525,33270,0
9684,35624,1302,0
9685,60864,65225,0
9686,4904,21194,0
9687,5484,67041,0
9688,49567,14656,0
9689,19692,64775,0
9690,66645,948,0
9691,3284,59847,0
9692,35898,10623,0
9693,14994,44324,0
9694,61331,22308,0
9695,51204,61852,0
9696,49459,49161,0
9697,34897,30441,0
9698,11833,64459,0
9699,66810,39538,0
9700,60568,10439,0
9701,31586,66778,0
9702,20329,36340,0
9703,63468,66327,0
9704,62398,4923,0
9705,23304,2984,0
9706,57091,43868,0
9707,62552,51174,0
9708,34218,35857,0
9709,7289,68063,0
9710,46062,37463,0
9711,25047,41956,0
9712,43934,27881,0
9713,61691,47223,0
9714,63304,12879,0
9715,10438,67190,0
9716,66121,50281,0
9717,55003,57582,0
9718,30615,32184,0
9719,65948,6615,0
9720,34724,46987,0
9721,7916,51197,0
9722,7533,58020,0
9723,26107,3892,0
9724,43087,5043,0
9725,67603,33579,0
9726,38744,53318,0
9727,66964,66065,0
9728,28723,33752,0
9729,28770,26952,0
9730,17674,46379,0
9731,10740,18542,0
9732,41014,1219,0
9733,57732,53347,0
9734,37533,7701,0
9735,51051,11879,0
9736,32501,45339,0
9737,11260,38826,0
9738,17047,57590,0
9739,6932,56092,0
9740,30078,65454,0
9741,58283,42825,0
9742,45854,36119,0
9743,3210,42461,0
9744,56849,4307,0
9745,20348,19710,0
9746,42233,2935,0
9747,58914,29390,0
9748,27387,52107,0
9749,28019,18301,0
9750,62436,7576,0
9751,11302,65602,0
9752,34223,53784,0
9753,12941,18154,0
9754,56213,20754,0
9755,3056,18911,0
9756,63725,15335,0
9757,48938,7172,0
9758,12422,46693,0
9759,46225,49836,0
9760,56813,48929,0
9761,56012,67921,0
9762,23052,31346,0
9763,46415,14381,0
9764,56604,63268,0
9765,60922,8544,0
9766,23274,57534,0
9767,16422,25457,0
9768,62743,48,0
9769,64223,51704,0
9770,63556,32402,0
9771,64973,13279,0
9772,10496,48582,0
9773,65939,39428,0
9774,16424,23742,0
9775,46459,34112,0
9776,9953,57476,0
9777,47344,33579,0
9778,34923,16078,0
9779,6996,67028,0
9780,55268,2740,0
9781,42185,50073,0
9782,41178,59463,0
9783,11295,46060,0
9784,47038,14678,0
9785,67559,47211,0
9786,36732,10861,0
9787,36092,40177,0
9788,39120,20774,0
9789,56094,51750,0
9790,24317,328,0
9791,67547,38728,0
9792,19410,62098,0
9793,28042,43961,0
9794,13482,10527,0
9795,60962,60691,0
9796,43743,53502,0
9797,33368,68209,0
9798,57807,54355,0
9799,53623,43167,0
9800,22365,40832,0
9801,22081,36946,0
9802,37104,11216,0
9803,64468,51405,0
9804,24732,31617,0
9805,27611,13031,0
9806,39421,68156,0
9807,67611,16407,0
9808,11045,16362,0
9809,43013,60170,0
9810,31266,53513,0
9811,68111,67280,0
9812,42073,61354,0
9813,11125,28372,0
9814,32657,62034,0
9815,17545,21509,0
9816,64798,45628,0
9817,26360,55420,0
9818,29732,49277,0
9819,35965,33744,0
9820,57258,16737,0
9821,18850,55009,0
9822,32553,529,0
9823,37520,33520,0
9824,51274,7231,0
9825,56583,33751,0
9826,56766,1703,0
9827,41833,13948,0
9828,43111,60709,0
9829,11395,37457,0
9830,53126,67719,0
9831,48730,28802,0
9832,62283,54301,0
9833,6550,53272,0
9834,9257,50930,0
9835,24408,56871,0
9836,327,22612,0
9837,18571,19349,0
9838,40594,38400,0
9839,19932,51742,0
9840,42700,50767,0
9841,29884,54832,0
9842,41488,5025,0
9843,48341,13780,0
9844,21818,11283,0
9845,23340,46693,0
9846,56972,65683,0
9847,67736,46583,0
9848,31428,61615,0
9849,38115,6123,0
9850,4745,32359,0
9851,32291,22466,0
9852,35769,52981,0
9853,50421,63435,0
9854,66534,41358,0
9855,37172,34829,0
9856,20458,32561,0
9857,35116,6844,0
9858,13352,51053,0
9859,38949,60042,0
9860,60922,60266,0
9861,49372,3063,0
9862,53653,65936,0
9863,44249,39957,0
9864,26896,13185,0
9865,11203,2934,0
9866,47251,38413,0
9867,33587,18666,0
9868,33314,22241,0
9869,59043,19677,0
9870,55486,48127,0
9871,42184,12729,0
9872,41397,36206,0
9873,54101,13022,0
9874,66396,67510,0
9875,17449,64665,0
9876,45438,7670,0
9877,42609,66672,0
9878,41322,63189,0
9879,43272,60582,0
9880,63782,17245,0
9881,51721,50364,0
9882,43395,13900,0
9883,56466,33194,0
9884,33818,9027,0
9885,48376,27656,0
9886,49899,7952,0
9887,25648,39997,0
9888,2239,33563,0
9889,63076,4455,0
9890,44928,65289,0
9891,67766,23863,0
9892,23291,32608,0
9893,66026,28224,0
9894,8500,56185,0
9895,48351,6279,0
9896,42926,63758,0
9897,12438,54436,0
9898,25398,42048,0
9899,5358,17307,0
9900,27019,67546,0
9901,4017,29804,0
9902,59326,60041,0
9903,49289,22583,0
9904,53967,2300,0
9905,25141,16437,0
9906,21013,5905,0
9907,54492,41923,0
9908,66138,16384,0
9909,52558,64324,0
9910,66673,48336,0
9911,5411,9170,0
9912,54571,54267,0
9913,14616,59490,0
9914,39978,64691,0
9915,63694,11879,0
9916,3565,59982,0
9917,57254,34553,0
9918,54379,58685,0
9919,54686,11657,0
9920,28218,52938,0
9921,12785,28729,0
9922,12122,52060,0
9923,27107,59390,0
9924,8478,51073,0
9925,17156,17688,0
9926,7245,50360,0
9927,43803,19018,0
9928,1518,7452,0
9929,34552,23616,0
9930,19800,21666,0
9931,6588,27101,0
9932,49224,23474,0
9933,29063,22323,0
9934,32522,15143,0
9935,8957,4518,0
9936,12204,6825,0
9937,55816,65597,0
9938,27552,21457,0
9939,61495,29165,0
9940,9587,65310,0
9941,23886,25664,0
9942,19763,44297,0
9943,2085,63745,0
9944,30784,14021,0
9945,42225,66744,0
9946,21634,39722,0
9947,6307,40057,0
9948,24510,5100,0
9949,14559,46266,0
9950,41605,63836,0
9951,39869,16082,0
9952,47313,10634,0
9953,41207,39228,0
9954,9171,55082,0
9955,25999,35463,0
9956,60875,64013,0
9957,7327,30765,0
9958,65162,41702,0
9959,15425,47077,0
9960,47307,4583,0
9961,41895,5323,0
9962,36642,27383,0
9963,16983,22793,0
9964,40816,29542,0
9965,51596,17341,0
9966,45870,65270,0
9967,31683,5236,0
9968,21789,12234,0
9969,61856,59901,0
9970,68005,56842,0
9971,22619,21237,0
9972,47420,12224,0
9973,17872,39000,0
9974,47624,47795,0
9975,4922,55678,0
9976,42522,28622,0
9977,16540,53548,0
9978,65276,45394,0
9979,87,42790,0
9980,5609,59250,0
9981,12442,46886,0
9982,57003,38578,0
9983,26833,30663,0
9984,1795,37487,0
9985,61541,869,0
9986,44203,16543,0
9987,44728,16918,0
9988,60282,57407,0
9989,9687,41317,0
9990,59407,26934,0
9991,54178,65970,0
9992,18678,11254,0
9993,44185,46339,0
9994,36570,36614,0
9995,61674,35491,0
9996,11018,404,0
9997,4935,30487,0
9998,12916,45063,0
9999,25785,66511,0
10000,46939,44079,0
10001,45123,52907,0
10002,35862,32662,0
10003,28326,37515,0
10004,26808,28346,0
10005,7457,57742,0
10006,60315,60301,0
10007,14758,35090,0
10008,3343,53922,0
10009,26880,41238,0
10010,43677,36606,0
10011,51890,7538,0
10012,67774,4341,0
10013,5005,15053,0
10014,9180,8158,0
10015,55013,27246,0
10016,59757,12159,0
10017,19190,54984,0
10018,63333,31396,0
10019,18984,7580,0
10020,56639,58584,0
10021,23219,31725,0
10022,25931,60597,0
10023,67617,1131,0
10024,65527,13839,0
10025,29009,50026,0
10026,67655,53830,0
10027,2677,31467,0
10028,7756,54943,0
10029,53239,2571,0
10030,34722,37623,0
10031,3334,52264,0
10032,13848,53208,0
10033,10605,30276,0
10034,10751,58282,0
10035,64116,43301,0
10036,554,9237,0
10037,45522,37833,0
10038,62607,61178,0
10039,60925,6818,0
10040,17660,60677,0
10041,66863,60237,0
10042,13021,2599,0
10043,5158,14804,0
10044,54908,30869,0
10045,27925,8565,0
10046,4731,67391,0
10047,62363,27011,0
10048,41791,8094,0
10049,24880,16495,0
10050,40147,5035,0
10051,38533,19975,0
10052,3307,32662,0
10053,67744,21961,0
10054,54786,18795,0
10055,27417,17604,0
10056,4292,847,0
10057,30929,59732,0
10058,2325,30212,0
10059,4978,12904,0
10060,44612,53497,0
10061,20320,14175,0
10062,11490,39110,0
10063,49663,13793,0
10064,50101,66014,0
10065,33026,48583,0
10066,6246,6927,0
10067,8187,22826,0
10068,37002,45925,0
10069,34048,65153,0
10070,60045,67416,0
10071,39045,56384,0
10072,16250,6411,0
10073,52066,51329,0
10074,6569,17460,0
10075,39709,63637,0
10076,44374,19137,0
10077,3067,28581,0
10078,15469,46603,0
10079,1889,33517,0
10080,29336,33559,0
10081,24269,3717,0
10082,50719,65425,0
10083,59264,38398,0
10084,44960,17507,0
10085,37191,6322,0
10086,18372,25595,0
10087,52904,47670,0
10088,20097,50029,0
10089,8461,60009,0
10090,1640,47104,0
10091,10657,47183,0
10092,47750,46846,0
10093,51689,38246,0
10094,26923,13111,0
10095,20369,58778,0
10096,26048,2271,0
10097,62066,22919,0
10098,57388,4741,0
10099,50828,5168,0
10100,3605,29608,0
10101,23120,8242,0
10102,1593,42965,0
10103,29341,9430,0
10104,33907,25789,0
10105,12521,43355,0
10106,53991,59212,0
10107,33314,5755,0
10108,52627,33259,0
10109,60889,4192,0
10110,40718,38806,0
10111,11948,53226,0
10112,54235,4268,0
10113,45799,5768,0
10114,1910,13221,0
10115,25307,57532,0
10116,23267,36551,0
10117,55163,41888,0
10118,7425,41240,0
10119,54797,68147,0
10120,55270,19290,0
10121,55230,53881,0
10122,32416,31855,0
10123,37958,65106,0
10124,16235,12867,0
10125,59112,23400,0
10126,66467,27966,0
10127,14322,52899,0
10128,61799,32520,0
10129,7356,57991,0
10130,3570,18775,0
10131,19281,24071,0
10132,49051,51093,0
10133,15499,43194,0
10134,2503,36537,0
10135,24556,41997,0
10136,7767,25981,0
10137,25520,43294,0
10138,67240,48960,0
10139,2738,66517,0
10140,8101,24003,0
10141,5005,16405,0
10142,11548,18513,0
10143,39062,22730,0
10144,49542,43094,0
10145,45015,61899,0
10146,8656,54809,0
10147,14688,1804,0
10148,60269,15148,0
10149,42230,39708,0
10150,26791,64762,0
10151,51320,25448,0
10152,44786,50632,0
10153,18565,49695,0
10154,45588,32184,0
10155,3915,48980,0
10156,65296,33453,0
10157,22737,14261,0
10158,58207,5268,0
10159,36750,53327,0
10160,44480,32175,0
10161,18126,19095,0
10162,18535,54695,0
10163,60697,63135,0
10164,65079,48035,0
10165,2265,56455,0
10166,67973,24598,0
10167,25623,3626,0
10168,14561,47178,0
10169,19469,60009,0
10170,67247,46423,0
10171,36068,37108,0
10172,32239,50754,0
10173,37261,47889,0
10174,63785,42888,0
10175,7849,34417,0
10176,20769,29225,0
10177,52635,10999,0
10178,3010,35977,0
10179,33964,41107,0
10180,5530,22113,0
10181,2943,43063,0
10182,3937,60550,0
10183,8013,22418,0
10184,2096,10483,0
10185,56328,43852,0
10186,56148,14253,0
10187,60610,35110,0
10188,3675,50349,0
10189,5917,33522,0
10190,40931,43746,0
10191,45319,41319,0
10192,35772,63452,0
10193,58041,16293,0
10194,19883,37733,0
10195,40845,15079,0
10196,62843,17175,0
10197,11494,66491,0
10198,39896,23358,0
10199,33324,26530,0
10200,39978,19109,0
10201,35225,31461,0
10202,6817,19799,0
10203,37938,18606,0
10204,39619,242,0
10205,33238,45775,0
10206,14368,50890,0
10207,51843,56141,0
10208,68335,61053,0
10209,29917,15179,0
10210,5021,24772,0
10211,24143,55600,0
10212,3067,56467,0
10213,20249,12801,0
10214,30755,50985,0
10215,30840,35217,0
10216,63133,52885,0
10217,42169,67824,0
10218,19307,40980,0
10219,17362,51509,0
10220,31575,54781,0
10221,17986,19663,0
10222,42029,19311,0
10223,35625,62012,0
10224,44877,20056,0
10225,32900,43345,0
10226,37346,24707,0
10227,65607,19115,0
10228,58295,10531,0
10229,49643,45539,0
10230,55270,41809,0
10231,8520,26054,0
10232,55365,20441,0
10233,54829,20398,0
10234,5302,55948,0
10235,55837,27677,0
10236,30684,59941,0
10237,13634,26336,0
10238,43188,50017,0
10239,17514,14013,0
10240,52923,66774,0
10241,17285,16012,0
10242,64253,792,0
10243,17165,40540,0
10244,14642,48026,0
10245,9735,4600,0
10246,22899,57450,0
10247,30519,58879,0
10248,9353,4075,0
10249,31772,57088,0
10250,38627,54188,0
10251,60916,38293,0
10252,20475,43546,0
10253,4758,5291,0
10254,20536,26374,0
10255,11401,47876,0
10256,29711,14265,0
10257,44516,24357,0
10258,6157,12954,0
10259,61284,26343,0
10260,18484,66880,0
10261,2063,68381,0
10262,19608,35602,0
10263,57999,63381,0
10264,8298,17652,0
10265,4073,22054,0
10266,19783,9065,0
10267,45837,23352,0
10268,65877,31436,0
10269,30824,51325,0
10270,50942,791,0
10271,38615,995,0
10272,5412,29253,0
10273,31269,7175,0
10274,18941,18859,0
10275,32579,55883,0
10276,25890,47763,0
10277,21968,58263,0
10278,10736,8497,0
10279,40508,8789,0
10280,6410,16306,0
10281,51029,20061,0
10282,33054,64080,0
10283,40436,65333,0
10284,9002,36397,0
10285,10878,16683,0
10286,44275,4183,0
10287,35871,64713,0
10288,15438,59784,0
10289,38727,30479,0
10290,50915,44004,0
10291,9289,36618,0
10292,44062,16763,0
10293,25527,44466,0
10294,42246,13281,0
10295,39273,33874,0
10296,29530,20754,0
10297,19945,62187,0
10298,28981,35784,0
10299,45329,41777,0
