,nodeid1,nodeid2,label
0,135590,41474,0
1,150234,132068,0
2,116871,62254,0
3,113092,148823,0
4,109436,56667,0
5,116871,32315,0
6,61576,124985,0
7,50363,126700,0
8,108748,146399,0
9,79868,59360,0
10,70852,95877,0
11,34723,71628,0
12,148700,1561,0
13,77549,122461,0
14,120395,62254,0
15,53355,59360,0
16,50223,20362,0
17,34723,142996,0
18,138415,132068,0
19,108748,67480,0
20,44998,62254,0
21,27369,125589,0
22,80687,46777,0
23,59339,45985,0
24,127266,44332,0
25,33695,53157,0
26,55869,148823,0
27,120395,133740,0
28,28874,13857,0
29,145973,71628,0
30,115905,62254,0
31,33695,50024,0
32,70852,19642,0
33,55869,19642,0
34,124049,50223,0
35,25479,4424,0
36,61983,3825,0
37,59339,150077,0
38,135590,102168,0
39,3825,50079,0
40,15653,128200,0
41,122231,25269,0
42,77549,126700,0
43,154462,103865,0
44,141442,132068,0
45,133106,13857,0
46,61038,139635,0
47,50363,63315,0
48,127926,113092,0
49,130639,116871,0
50,62254,1561,0
51,61038,13857,0
52,44998,63315,0
53,115905,138415,0
54,53355,126700,0
55,146399,56667,0
56,40948,95877,0
57,136517,146399,0
58,68238,20362,0
59,145973,40756,0
60,61038,102168,0
61,45822,41474,0
62,72601,124985,0
63,116871,3825,0
64,55869,50223,0
65,61983,124030,0
66,145441,125589,0
67,115905,120646,0
68,61576,154519,0
69,59946,152069,0
70,130148,38942,0
71,136544,139635,0
72,80687,146399,0
73,28874,44998,0
74,130639,138415,0
75,136544,20362,0
76,130639,154471,0
77,110523,148823,0
78,59339,20362,0
79,78272,62254,0
80,92438,63315,0
81,146399,45822,0
82,108748,146399,0
83,50363,25269,0
84,59946,44998,0
85,130148,148775,0
86,62254,133740,0
87,109436,125589,0
88,109436,139635,0
89,15653,25269,0
90,77124,63315,0
91,116871,132068,0
92,109436,19306,0
93,50363,136159,0
94,115905,124985,0
95,152545,19642,0
96,59946,61576,0
97,32961,112090,0
98,33967,90975,0
99,23826,150077,0
100,29380,63315,0
101,152545,46777,0
102,32961,30560,0
103,140624,124985,0
104,78272,92615,0
105,106972,30560,0
106,77549,132068,0
107,130148,19306,0
108,33695,50223,0
109,29380,95877,0
110,59360,50223,0
111,109436,125589,0
112,55869,125589,0
113,88000,148775,0
114,50223,148823,0
115,135590,33695,0
116,77549,24383,0
117,40701,133740,0
118,29380,19306,0
119,50024,124378,0
120,122231,44332,0
121,3825,142996,0
122,3825,20362,0
123,100964,44332,0
124,68238,67480,0
125,44998,40756,0
126,55869,93558,0
127,150234,39028,0
128,92438,61576,0
129,109436,32315,0
130,25479,133740,0
131,77549,1561,0
132,23826,74254,0
133,127266,133740,0
134,59339,64336,0
135,40701,3825,0
136,148257,20362,0
137,33695,3825,0
138,70852,116871,0
139,136544,120646,0
140,59360,148823,0
141,23826,152069,0
142,3825,148823,0
143,33695,74254,0
144,40701,125589,0
145,33967,53157,0
146,72601,21366,0
147,50363,133192,0
148,59339,139635,0
149,59339,76569,0
150,133106,132068,0
151,154462,50079,0
152,127926,148775,0
153,127926,40756,0
154,140624,20362,0
155,79868,126696,0
156,23826,50223,0
157,59360,74254,0
158,70852,45822,0
159,68238,62870,0
160,34723,61576,0
161,33967,41474,0
162,148257,92615,0
163,120395,152069,0
164,127926,136159,0
165,34723,92615,0
166,120395,59360,0
167,33967,112090,0
168,59360,50024,0
169,40948,56667,0
170,122231,39028,0
171,77124,44332,0
172,150234,39028,0
173,67764,25269,0
174,121361,139635,0
175,92438,24383,0
176,44998,148775,0
177,61983,38942,0
178,71628,76569,0
179,148920,71628,0
180,141442,95877,0
181,70852,125589,0
182,50223,2773,0
183,138415,30560,0
184,108748,40756,0
185,34723,61576,0
186,59360,126696,0
187,143120,148775,0
188,71628,24383,0
189,3825,124985,0
190,67764,126696,0
191,61576,133192,0
192,33967,59360,0
193,44998,74254,0
194,132240,33695,0
195,28874,95877,0
196,136517,132068,0
197,59946,120646,0
198,141442,64336,0
199,61576,50079,0
200,145441,50223,0
201,33695,19306,0
202,55869,124030,0
203,32961,45985,0
204,15653,3825,0
205,136544,1561,0
206,100964,128200,0
207,33967,148823,0
208,23826,4424,0
209,50363,90975,0
210,61576,32315,0
211,55869,74254,0
212,88000,122461,0
213,59360,40756,0
214,40948,142996,0
215,109436,148775,0
216,32961,132068,0
217,62254,32315,0
218,45822,122461,0
219,92438,146399,0
220,130639,56667,0
221,77124,92615,0
222,65475,152069,0
223,92438,44332,0
224,59339,93558,0
225,79868,50223,0
226,150234,50223,0
227,40948,50223,0
228,122231,40756,0
229,100964,148775,0
230,61983,126700,0
231,45822,62870,0
232,108748,103865,0
233,72601,4424,0
234,50024,44998,0
235,23826,133740,0
236,136544,46777,0
237,78272,32315,0
238,55869,62254,0
239,65475,136159,0
240,122231,92615,0
241,115905,39028,0
242,78272,124985,0
243,40701,90975,0
244,61038,32315,0
245,130148,136159,0
246,61038,56667,0
247,148700,90975,0
248,154462,19642,0
249,109436,19642,0
250,65520,21366,0
251,109436,103865,0
252,152545,44998,0
253,120395,152069,0
254,59946,148823,0
255,120395,126696,0
256,50024,154519,0
257,72601,44998,0
258,116871,3825,0
259,124049,62870,0
260,72601,19306,0
261,50223,112090,0
262,136517,45985,0
263,65520,39028,0
264,40701,19642,0
265,141442,124378,0
266,65520,53157,0
267,110523,128200,0
268,100964,33695,0
269,23826,154471,0
270,136544,138415,0
271,140624,24383,0
272,59339,132068,0
273,130148,64336,0
274,152545,103865,0
275,124049,150077,0
276,140624,148823,0
277,23826,30560,0
278,53355,133740,0
279,61576,154471,0
280,15653,139635,0
281,62254,20362,0
282,65520,4424,0
283,122231,50223,0
284,79868,24383,0
285,77124,71628,0
286,133106,19642,0
287,50223,46777,0
288,61038,56667,0
289,140624,3825,0
290,116871,40756,0
291,77124,92615,0
292,120395,124378,0
293,3825,113092,0
294,40701,4424,0
295,25479,61576,0
296,127266,40756,0
297,150234,74254,0
298,113092,136159,0
299,65520,120646,0
300,62254,142996,0
301,100964,120646,0
302,130148,103865,0
303,127266,21366,0
304,45822,40756,0
305,154462,124985,0
306,130639,76569,0
307,136517,59360,0
308,61576,21366,0
309,70852,148775,0
310,88000,76569,0
311,120395,122461,0
312,152545,128200,0
313,127926,136159,0
314,138415,152069,0
315,50223,152069,0
316,133106,62254,0
317,127926,95877,0
318,109027,60347,0
319,142690,88196,0
320,73039,109940,0
321,54927,90136,0
322,26571,87165,0
323,22801,28713,0
324,82577,24,0
325,118933,16641,0
326,55219,3601,0
327,15650,101540,0
328,24713,127356,0
329,960,88196,0
330,28952,43305,0
331,131296,123221,0
332,24613,22813,0
333,10317,12679,0
334,138900,24,0
335,53587,144917,0
336,38187,120966,0
337,43588,13751,0
338,96877,108883,0
339,47141,77436,0
340,9316,69373,0
341,84403,46025,0
342,63126,67487,0
343,69373,79839,0
344,152610,37807,0
345,115228,109940,0
346,126056,144917,0
347,124049,44491,0
348,138900,67487,0
349,91802,100964,0
350,133007,50374,0
351,62993,86852,0
352,26571,54480,0
353,123400,46025,0
354,123037,70754,0
355,113125,115394,0
356,85667,71371,0
357,49507,56133,0
358,83981,31800,0
359,20783,69373,0
360,24383,8153,0
361,38177,3601,0
362,38477,123805,0
363,124384,94008,0
364,5445,15827,0
365,148536,113118,0
366,81317,32488,0
367,5681,25221,0
368,124049,32488,0
369,144297,28713,0
370,110251,685,0
371,129025,106302,0
372,76685,79229,0
373,52664,72841,0
374,44651,91325,0
375,90830,37685,0
376,103615,102420,0
377,63126,37093,0
378,153700,29316,0
379,10328,150171,0
380,16857,122461,0
381,16857,16507,0
382,38187,6693,0
383,37993,94008,0
384,44651,45125,0
385,43588,58873,0
386,110251,12679,0
387,70213,37685,0
388,44007,15393,0
389,136123,37093,0
390,92438,133109,0
391,44651,77183,0
392,135897,72841,0
393,50117,15709,0
394,132746,72841,0
395,60559,25221,0
396,78379,109867,0
397,44491,13751,0
398,73039,49618,0
399,54874,77436,0
400,15650,115394,0
401,91428,22526,0
402,5445,151324,0
403,24434,108280,0
404,135477,126700,0
405,44007,24,0
406,70213,51145,0
407,24713,20399,0
408,105866,62440,0
409,73993,33855,0
410,52664,86852,0
411,19394,73034,0
412,38477,24673,0
413,52664,107575,0
414,114681,6693,0
415,85041,8153,0
416,24713,46025,0
417,57994,45125,0
418,56571,109867,0
419,22801,77183,0
420,3505,76640,0
421,26945,86407,0
422,123037,12679,0
423,20083,45125,0
424,24713,135517,0
425,40613,107829,0
426,5592,71371,0
427,38177,107575,0
428,78691,77549,0
429,136905,85175,0
430,95126,120966,0
431,44651,29297,0
432,108197,68274,0
433,89377,84351,0
434,114158,102130,0
435,69857,50535,0
436,20877,16507,0
437,44311,44094,0
438,125165,136072,0
439,67353,77183,0
440,26945,130591,0
441,54874,120966,0
442,120219,62440,0
443,105819,21080,0
444,84403,67487,0
445,123183,136027,0
446,132746,21080,0
447,123797,2549,0
448,26571,20399,0
449,138095,96119,0
450,5592,106182,0
451,76640,20399,0
452,96613,87165,0
453,61223,44094,0
454,50117,37685,0
455,117007,28713,0
456,24613,66741,0
457,62993,44491,0
458,78570,91325,0
459,84403,130122,0
460,63960,33757,0
461,21916,87165,0
462,3983,72841,0
463,69713,89807,0
464,113118,130959,0
465,124384,109940,0
466,152610,123805,0
467,129025,84351,0
468,85041,33855,0
469,117007,23195,0
470,28952,3145,0
471,133007,16507,0
472,113092,685,0
473,28271,86852,0
474,78379,121601,0
475,36274,110389,0
476,107889,29316,0
477,14862,91325,0
478,33709,32488,0
479,24728,28713,0
480,120219,25221,0
481,21916,77436,0
482,10317,79839,0
483,19394,45125,0
484,52664,47827,0
485,18127,94004,0
486,137392,73034,0
487,111359,66741,0
488,60559,20399,0
489,81707,123221,0
490,37993,31800,0
491,47141,69880,0
492,124384,47827,0
493,66978,96119,0
494,37993,140279,0
495,117174,60347,0
496,123183,32488,0
497,59535,106302,0
498,155199,140279,0
499,108197,33757,0
500,16927,56133,0
501,20877,108883,0
502,15650,3145,0
503,44491,100964,0
504,36274,6693,0
505,78430,132440,0
506,111359,79839,0
507,48847,22801,0
508,123183,144136,0
509,105819,22813,0
510,135813,135517,0
511,136905,85175,0
512,27033,103897,0
513,154494,43305,0
514,25015,137093,0
515,101089,22801,0
516,36239,94008,0
517,110256,132812,0
518,81473,37685,0
519,107575,119961,0
520,113092,72841,0
521,56571,133109,0
522,127417,15709,0
523,77734,101540,0
524,44651,63037,0
525,41556,32488,0
526,57368,123805,0
527,38177,685,0
528,82577,96119,0
529,3881,91325,0
530,1074,41605,0
531,83981,50374,0
532,41557,137093,0
533,123400,123969,0
534,147751,15709,0
535,85998,151324,0
536,107575,6693,0
537,135813,116722,0
538,38777,62440,0
539,76685,58873,0
540,92438,134763,0
541,30268,15709,0
542,84165,108280,0
543,73039,130122,0
544,15650,89807,0
545,117174,116689,0
546,125165,49618,0
547,69713,71366,0
548,143361,134763,0
549,123797,46025,0
550,85641,140533,0
551,72301,126334,0
552,15187,136027,0
553,67353,71371,0
554,20083,116722,0
555,46726,116689,0
556,63960,107829,0
557,26682,13751,0
558,69857,37807,0
559,62174,43305,0
560,702,58873,0
561,24728,6969,0
562,109027,150546,0
563,77761,102130,0
564,84165,134763,0
565,144197,71371,0
566,54874,100964,0
567,53587,140279,0
568,62993,122461,0
569,152610,66741,0
570,133007,130959,0
571,59016,100700,0
572,5681,20399,0
573,2111,77436,0
574,27534,33855,0
575,31976,83197,0
576,147751,130959,0
577,702,69373,0
578,113092,135517,0
579,84060,25221,0
580,91428,24,0
581,62174,16220,0
582,84165,94008,0
583,77734,71366,0
584,54927,67487,0
585,91933,113855,0
586,24613,70213,0
587,41557,108280,0
588,135813,77436,0
589,138095,32997,0
590,36274,54480,0
591,48847,24,0
592,4056,136464,0
593,113213,135517,0
594,16150,123221,0
595,84165,150455,0
596,59016,3145,0
597,87498,49618,0
598,40948,37807,0
599,1074,45125,0
600,87404,122901,0
601,61874,76304,0
602,57368,110389,0
603,15650,123221,0
604,143361,114805,0
605,125115,33855,0
606,115228,685,0
607,41557,135517,0
608,66978,109078,0
609,78379,15393,0
610,78691,113855,0
611,135477,144917,0
612,28952,85175,0
613,26571,69373,0
614,44651,2437,0
615,44933,130959,0
616,153800,116722,0
617,2550,102420,0
618,75291,102130,0
619,152610,116689,0
620,50117,136027,0
621,93279,144917,0
622,85641,107575,0
623,5378,75648,0
624,146132,37807,0
625,25479,130122,0
626,84060,88196,0
627,133007,71366,0
628,91802,16507,0
629,81707,24,0
630,15650,6693,0
631,143145,113855,0
632,3881,22801,0
633,71974,110389,0
634,101266,77549,0
635,87164,109940,0
636,138900,130959,0
637,70213,134763,0
638,960,109940,0
639,138095,151324,0
640,62174,90136,0
641,95126,103897,0
642,24728,8153,0
643,98809,51145,0
644,59016,113118,0
645,10317,75648,0
646,29118,24,0
647,85667,140279,0
648,16150,29316,0
649,146001,94004,0
650,152610,137093,0
651,84060,16220,0
652,76640,50535,0
653,75291,76304,0
654,69373,2437,0
655,5378,134763,0
656,77734,70213,0
657,83946,29478,0
658,25015,110389,0
659,28271,27720,0
660,10072,25850,0
661,96877,25221,0
662,123797,47827,0
663,3983,130122,0
664,5681,139982,0
665,148536,87165,0
666,57368,90136,0
667,20877,130959,0
668,26264,22813,0
669,24434,72981,0
670,44651,113855,0
671,38477,132440,0
672,77734,126334,0
673,124891,87165,0
674,145652,67487,0
675,77555,140279,0
676,59535,140279,0
677,39378,29297,0
678,153311,49618,0
679,1074,72981,0
680,10328,100964,0
681,49377,16507,0
682,26945,69373,0
683,50117,127008,0
684,69373,110389,0
685,113092,106182,0
686,80276,136464,0
687,49678,45125,0
688,34445,87165,0
689,89529,88196,0
690,85022,71371,0
691,52664,140279,0
692,63126,37865,0
693,76890,137541,0
694,44311,116689,0
695,85641,74753,0
696,89529,49618,0
697,128770,68274,0
698,91802,49618,0
699,60559,123805,0
700,133007,79839,0
701,21916,136464,0
702,16147,62440,0
703,67083,115394,0
704,1074,27720,0
705,5681,94008,0
706,16150,130591,0
707,59535,120966,0
708,16927,50374,0
709,3505,15709,0
710,123183,126700,0
711,117174,24,0
712,5592,127008,0
713,49377,92619,0
714,120244,109867,0
715,114158,96119,0
716,49399,120966,0
717,47141,76640,0
718,125165,24,0
719,85641,51145,0
720,75291,79839,0
721,120244,91325,0
722,44491,110389,0
723,40948,44094,0
724,91802,127356,0
725,5681,22801,0
726,87404,100700,0
727,146001,37685,0
728,16147,127356,0
729,77734,103897,0
730,128770,150171,0
731,69857,50374,0
732,128574,63037,0
733,69857,77436,0
734,124384,72981,0
735,145652,103897,0
736,75291,72981,0
737,85998,67487,0
738,60559,44491,0
739,78691,22813,0
740,124384,76304,0
741,103615,133106,0
742,54874,50535,0
743,142690,96119,0
744,131296,32997,0
745,56571,69880,0
746,24713,121601,0
747,91933,101540,0
748,108152,79229,0
749,142036,29297,0
750,75291,151324,0
751,95126,16220,0
752,84165,22813,0
753,39378,126334,0
754,5592,50535,0
755,80276,108883,0
756,124384,140279,0
757,135813,136072,0
758,124891,39674,0
759,153800,76640,0
760,43588,100700,0
761,9638,51145,0
762,30156,113118,0
763,123037,66741,0
764,127417,37685,0
765,41556,106302,0
766,129025,144136,0
767,130333,103897,0
768,81317,123221,0
769,60559,6969,0
770,135813,54480,0
771,55219,16641,0
772,140702,13751,0
773,84060,23195,0
774,117007,83197,0
775,113118,83197,0
776,28271,24673,0
777,113125,33855,0
778,105819,16507,0
779,114158,2437,0
780,17648,25850,0
781,73993,70213,0
782,54084,102420,0
783,95704,85175,0
784,94004,136464,0
785,85998,120966,0
786,153311,100700,0
787,69857,63314,0
788,38037,102130,0
789,85998,130591,0
790,140702,130959,0
791,125115,25221,0
792,39378,685,0
793,147751,114805,0
794,69857,144917,0
795,41556,133106,0
796,90830,12108,0
797,3881,66741,0
798,108152,91325,0
799,26682,63037,0
800,62924,37093,0
801,78430,126700,0
802,44933,32488,0
803,55219,109078,0
804,49399,685,0
805,91802,58873,0
806,23919,130122,0
807,40948,144917,0
808,26945,122461,0
809,120219,132812,0
810,91428,135517,0
811,78570,8153,0
812,85022,107575,0
813,128770,91325,0
814,77555,69373,0
815,136123,94004,0
816,123797,92619,0
817,69713,4424,0
818,61223,91325,0
819,109027,136027,0
820,83232,100700,0
821,113213,74753,0
822,141601,110389,0
823,44651,69880,0
824,35900,87165,0
825,62993,16507,0
826,16150,100700,0
827,702,71371,0
828,16147,22526,0
829,123183,22813,0
830,118933,25850,0
831,10317,88304,0
832,52757,150455,0
833,54084,86985,0
834,141601,56133,0
835,27033,105771,0
836,8960,16641,0
837,18127,16641,0
838,81707,67487,0
839,44933,83197,0
840,61874,49618,0
841,38777,96119,0
842,76685,77436,0
843,49678,113855,0
844,57368,103897,0
845,10072,94008,0
846,58698,122461,0
847,84403,69880,0
848,153800,109867,0
849,84165,136027,0
850,123183,100964,0
851,35900,102420,0
852,113213,106182,0
853,24383,15393,0
854,110256,133109,0
855,62924,100700,0
856,61223,50535,0
857,24434,71371,0
858,144197,86852,0
859,78691,130959,0
860,63960,76304,0
861,2550,12108,0
862,94453,109940,0
863,142036,144917,0
864,117007,6693,0
865,66978,105771,0
866,114681,71371,0
867,81707,144917,0
868,3881,73034,0
869,105866,76640,0
870,129025,685,0
871,21916,74753,0
872,120717,50535,0
873,101089,70754,0
874,114158,108883,0
875,81707,37865,0
876,87164,62440,0
877,124814,50535,0
878,2550,127008,0
879,59535,115394,0
880,84403,129000,0
881,85998,50535,0
882,26571,140279,0
883,74782,56133,0
884,147751,70754,0
885,30156,29478,0
886,128770,121601,0
887,120717,43305,0
888,35900,15709,0
889,95126,71371,0
890,101089,13751,0
891,38177,109867,0
892,59535,110389,0
893,138321,83197,0
894,114681,66741,0
895,54084,3145,0
896,960,124662,0
897,26682,102420,0
898,41034,134763,0
899,113125,16220,0
900,135477,94008,0
901,50117,3601,0
902,142036,140279,0
903,78691,94004,0
904,47141,94008,0
905,72301,28713,0
906,29118,46025,0
907,118933,60717,0
908,73993,89807,0
909,70213,4424,0
910,113125,37807,0
911,38177,23195,0
912,101089,33757,0
913,68238,24673,0
914,98809,29297,0
915,123037,136072,0
916,143361,139982,0
917,74782,132812,0
918,129025,113855,0
919,10072,132440,0
920,68238,107575,0
921,35900,45125,0
922,24613,16641,0
923,61028,120966,0
924,53587,50374,0
925,30268,150546,0
926,85641,50535,0
927,3505,37807,0
928,40948,90136,0
929,41557,123805,0
930,134974,133106,0
931,41556,15827,0
932,66978,43305,0
933,124891,15709,0
934,92438,68274,0
935,21916,132812,0
936,115228,63037,0
937,81707,3145,0
938,133229,22813,0
939,17519,79839,0
940,98809,86852,0
941,135477,77436,0
942,57994,101540,0
943,31976,130122,0
944,15650,114805,0
945,153311,71366,0
946,62174,109078,0
947,52757,70754,0
948,119399,109940,0
949,26945,150546,0
950,26264,136464,0
951,96877,84351,0
952,17519,29297,0
953,38477,84351,0
954,44311,110389,0
955,61874,133109,0
956,38177,4056,0
957,61028,58873,0
958,3983,108280,0
959,138321,32997,0
960,35900,39674,0
961,41557,108883,0
962,44311,73034,0
963,130333,2549,0
964,87164,70213,0
965,3983,122901,0
966,41034,32488,0
967,85998,39674,0
968,16927,16507,0
969,62174,12679,0
970,108197,140533,0
971,15187,107575,0
972,136905,76640,0
973,129025,133109,0
974,54084,32997,0
975,26945,119961,0
976,78430,85175,0
977,70213,54480,0
978,4056,132812,0
979,154167,12679,0
980,111359,90136,0
981,114681,84351,0
982,4056,12679,0
983,40613,63037,0
984,129025,88304,0
985,77734,6693,0
986,144197,66741,0
987,78570,139982,0
988,108197,135517,0
989,28271,79229,0
990,61028,74753,0
991,96877,86852,0
992,91802,15709,0
993,146001,70754,0
994,146132,113855,0
995,17519,20399,0
996,8960,126334,0
997,93279,32488,0
998,135813,22801,0
999,44491,48217,0
1000,2550,21080,0
1001,87164,127008,0
1002,117007,94008,0
1003,16147,67487,0
1004,132746,108883,0
1005,73993,2549,0
1006,154167,101540,0
1007,77734,49618,0
1008,54874,69880,0
1009,90830,130591,0
1010,125115,140533,0
1011,36274,45125,0
1012,62993,136464,0
1013,95126,109078,0
1014,90830,76640,0
1015,120717,24,0
1016,153700,75648,0
1017,30156,103897,0
1018,62158,32488,0
1019,16927,108883,0
1020,67353,50374,0
1021,98809,77549,0
1022,62637,96119,0
1023,31976,132440,0
1024,24713,68274,0
1025,27033,15827,0
1026,68238,16507,0
1027,101089,16641,0
1028,91428,121601,0
1029,25479,6969,0
1030,128770,126334,0
1031,153700,134763,0
1032,40613,49618,0
1033,81707,129000,0
1034,105866,133109,0
1035,78430,20399,0
1036,25015,149408,0
1037,32074,37685,0
1038,60559,127356,0
1039,38187,60347,0
1040,85041,51145,0
1041,69857,68274,0
1042,26571,685,0
1043,60559,29297,0
1044,115228,77183,0
1045,32074,73034,0
1046,30268,33855,0
1047,87164,122901,0
1048,960,33757,0
1049,38177,48217,0
1050,76640,77549,0
1051,46726,114805,0
1052,76758,76304,0
1053,44311,122901,0
1054,38777,29316,0
1055,148922,37807,0
1056,87164,84351,0
1057,23919,12108,0
1058,81473,44491,0
1059,152496,39674,0
1060,61028,4424,0
1061,62993,50535,0
1062,16150,121601,0
1063,54084,130959,0
1064,16927,88304,0
1065,96877,87165,0
1066,50327,126700,0
1067,44651,6969,0
1068,32074,79839,0
1069,25479,140279,0
1070,15187,119961,0
1071,87498,87165,0
1072,136905,23195,0
1073,101266,12679,0
1074,77761,8153,0
1075,44933,68274,0
1076,47141,119961,0
1077,84403,71371,0
1078,133007,12679,0
1079,130333,91325,0
1080,92438,75648,0
1081,146132,16641,0
1082,108152,25850,0
1083,132746,15827,0
1084,59535,54480,0
1085,153800,135517,0
1086,46726,114805,0
1087,49399,39674,0
1088,50117,149408,0
1089,110256,6693,0
1090,43588,44491,0
1091,10317,103897,0
1092,61874,89807,0
1093,135729,139982,0
1094,87404,100964,0
1095,113213,139982,0
1096,17519,74753,0
1097,42998,70754,0
1098,24728,33855,0
1099,960,685,0
1100,5681,122901,0
1101,85667,150171,0
1102,135729,75648,0
1103,131296,33855,0
1104,127417,132812,0
1105,22801,37685,0
1106,113213,136072,0
1107,44491,43305,0
1108,153800,130591,0
1109,24728,46025,0
1110,110256,2549,0
1111,59016,84351,0
1112,38855,75648,0
1113,10328,37093,0
1114,29118,3601,0
1115,62158,33757,0
1116,114681,140533,0
1117,130333,119961,0
1118,126056,103897,0
1119,76890,130959,0
1120,138900,109867,0
1121,22801,8153,0
1122,93279,144917,0
1123,54874,94004,0
1124,26264,108280,0
1125,16147,88196,0
1126,147751,123805,0
1127,124891,92619,0
1128,146001,15827,0
1129,73993,44094,0
1130,28271,83197,0
1131,48847,22526,0
1132,71974,29297,0
1133,62924,86407,0
1134,24728,114805,0
1135,95126,43305,0
1136,109027,101540,0
1137,125589,4056,0
1138,123400,115394,0
1139,24434,144917,0
1140,112716,50374,0
1141,135897,132812,0
1142,15650,8153,0
1143,143582,12108,0
1144,15650,28713,0
1145,9638,15393,0
1146,40613,685,0
1147,96877,50374,0
1148,69373,67487,0
1149,3881,22526,0
1150,29118,685,0
1151,125589,32997,0
1152,125165,54480,0
1153,26682,133106,0
1154,32074,60717,0
1155,42998,50535,0
1156,148922,103897,0
1157,52664,45125,0
1158,111359,20399,0
1159,135813,44491,0
1160,123400,33757,0
1161,144297,103897,0
1162,41556,127008,0
1163,24728,25221,0
1164,132746,12679,0
1165,111359,47827,0
1166,40948,127008,0
1167,77761,109867,0
1168,19394,77183,0
1169,5592,44491,0
1170,48847,63037,0
1171,129025,123221,0
1172,44651,120966,0
1173,47141,123805,0
1174,29118,139982,0
1175,85041,43305,0
1176,2111,113855,0
1177,129025,27720,0
1178,107575,77436,0
1179,94004,15827,0
1180,144297,100700,0
1181,59535,151324,0
1182,135897,50374,0
1183,40808,149408,0
1184,69857,37093,0
1185,41557,75648,0
1186,143361,37685,0
1187,153700,130591,0
1188,70213,123805,0
1189,154494,22526,0
1190,59535,116722,0
1191,70213,107575,0
1192,55219,29316,0
1193,132746,44491,0
1194,4056,66741,0
1195,32074,88304,0
1196,107575,685,0
1197,153800,86407,0
1198,113125,109078,0
1199,103615,29297,0
1200,35900,16220,0
1201,46726,121601,0
1202,114681,73034,0
1203,133229,32997,0
1204,84060,29478,0
1205,54927,108280,0
1206,40613,150546,0
1207,123400,89807,0
1208,95126,124662,0
1209,124814,88304,0
1210,117174,12679,0
1211,77761,66741,0
1212,138321,47827,0
1213,142036,49618,0
1214,95704,105771,0
1215,66978,114805,0
1216,138900,86407,0
1217,28952,86985,0
1218,133109,130959,0
1219,125589,23195,0
1220,72301,25850,0
1221,81707,103897,0
1222,117007,63314,0
1223,105866,50374,0
1224,125589,90136,0
1225,61223,150546,0
1226,62637,77183,0
1227,24383,140533,0
1228,23919,119961,0
1229,133007,12679,0
1230,1074,108883,0
1231,146001,102130,0
1232,36239,58873,0
1233,105866,22526,0
1234,69373,29316,0
1235,29118,136464,0
1236,115228,92619,0
1237,10317,29297,0
1238,107889,24,0
1239,87164,50535,0
1240,2550,32997,0
1241,120717,123805,0
1242,129025,12679,0
1243,16150,20399,0
1244,78430,27720,0
1245,115228,84351,0
1246,2111,122901,0
1247,127417,69880,0
1248,10317,106302,0
1249,108152,2437,0
1250,20877,76640,0
1251,135813,29316,0
1252,49678,133109,0
1253,77555,76640,0
1254,3881,33757,0
1255,143361,2437,0
1256,81317,70213,0
1257,107889,44491,0
1258,57994,685,0
1259,8960,136464,0
1260,143145,15709,0
1261,10317,69373,0
1262,131296,123805,0
1263,123037,88196,0
1264,148536,6693,0
1265,40948,23195,0
1266,74782,109940,0
1267,27033,126700,0
1268,34445,41605,0
1269,76640,4424,0
1270,143145,100700,0
1271,69373,74753,0
1272,14862,4056,0
1273,134974,68274,0
1274,44311,132812,0
1275,50327,15709,0
1276,89529,76640,0
1277,71974,150171,0
1278,83946,134763,0
1279,112716,86985,0
1280,113213,13751,0
1281,113125,85175,0
1282,81317,70754,0
1283,94004,139982,0
1284,47141,123969,0
1285,124891,121601,0
1286,142036,33757,0
1287,95704,75648,0
1288,129025,91325,0
1289,74782,108280,0
1290,3505,151324,0
1291,702,140533,0
1292,148922,126334,0
1293,83232,119961,0
1294,124049,126334,0
1295,101266,119961,0
1296,16147,116689,0
1297,155199,140533,0
1298,98809,113118,0
1299,89529,68274,0
1300,114158,115394,0
1301,143361,132440,0
1302,112716,150455,0
1303,63126,63037,0
1304,38777,109940,0
1305,44491,109867,0
1306,123037,88196,0
1307,40613,27720,0
1308,54927,132440,0
1309,27033,76640,0
1310,77555,50535,0
1311,38855,139982,0
1312,133007,33855,0
1313,33490,75648,0
1314,117174,85175,0
1315,44491,79839,0
1316,3505,136464,0
1317,143582,15709,0
1318,140702,149408,0
1319,135477,12108,0
1320,5592,75648,0
1321,63126,43305,0
1322,53587,132812,0
1323,135477,136072,0
1324,152610,108883,0
1325,43588,32488,0
1326,83981,76304,0
1327,30702,144917,0
1328,133007,58873,0
1329,108152,44491,0
1330,10328,122901,0
1331,124814,123221,0
1332,112716,101540,0
1333,5445,109078,0
1334,48847,103897,0
1335,44311,69880,0
1336,107575,109078,0
1337,20783,88304,0
1338,113092,140533,0
1339,10328,12108,0
1340,46726,115394,0
1341,29118,123221,0
1342,41557,130122,0
1343,146132,49618,0
1344,93279,16507,0
1345,74782,135517,0
1346,120717,33855,0
1347,113118,113855,0
1348,83232,121601,0
1349,61028,149408,0
1350,84165,54480,0
1351,26945,101540,0
1352,109027,126334,0
1353,28271,8153,0
1354,49399,22801,0
1355,40948,29316,0
1356,113125,37865,0
1357,26945,88196,0
1358,118933,130591,0
1359,50327,137541,0
1360,84060,12679,0
1361,143582,107575,0
1362,52664,41605,0
1363,93279,22801,0
1364,123183,130959,0
1365,144197,135517,0
1366,143361,120966,0
1367,28271,109078,0
1368,140702,60347,0
1369,26571,122461,0
1370,49399,6969,0
1371,109027,31800,0
1372,78570,149408,0
1373,129025,91325,0
1374,71974,106182,0
1375,9638,15709,0
1376,8960,75648,0
1377,118933,13751,0
1378,20877,136464,0
1379,95704,28713,0
1380,57368,72981,0
1381,101266,123969,0
1382,111359,6693,0
1383,28952,63314,0
1384,47141,29316,0
1385,87164,88196,0
1386,42998,124662,0
1387,31976,94008,0
1388,131296,25850,0
1389,46726,50374,0
1390,83232,29297,0
1391,154494,56133,0
1392,24713,109940,0
1393,38477,73034,0
1394,50327,133106,0
1395,1074,73034,0
1396,77761,51145,0
1397,20877,133109,0
1398,42998,50374,0
1399,4056,62440,0
1400,148536,137093,0
1401,38187,3145,0
1402,117174,74753,0
1403,117007,115394,0
1404,84165,68274,0
1405,25479,139982,0
1406,142690,37093,0
1407,155199,137541,0
1408,83981,144917,0
1409,128574,86852,0
1410,76890,43305,0
1411,81317,47827,0
1412,17519,23195,0
1413,3881,46025,0
1414,119399,127356,0
1415,47141,63037,0
1416,91428,150171,0
1417,56571,106302,0
1418,702,16507,0
1419,137392,33757,0
1420,18183,6969,0
1421,5592,109940,0
1422,40808,114805,0
1423,55219,126700,0
1424,120219,132812,0
1425,96877,132812,0
1426,154167,37865,0
1427,83232,29316,0
1428,101266,71366,0
1429,110251,86407,0
1430,24728,2549,0
1431,78570,150546,0
1432,77555,48217,0
1433,9638,29316,0
1434,38777,76304,0
1435,34445,48217,0
1436,20083,102130,0
1437,125165,29478,0
1438,3983,74753,0
1439,31976,6969,0
1440,83946,4424,0
1441,5378,109078,0
1442,127417,60347,0
1443,24613,60717,0
1444,49507,25221,0
1445,142690,116689,0
1446,10317,100964,0
1447,123400,69880,0
1448,44651,130959,0
1449,27534,151324,0
1450,89529,70754,0
1451,47141,20399,0
1452,50117,83197,0
1453,5445,44491,0
1454,77555,102420,0
1455,110251,76640,0
1456,16147,144136,0
1457,124384,23195,0
1458,112716,24673,0
1459,69373,74753,0
1460,53587,84351,0
1461,113213,4056,0
1462,76890,22801,0
1463,107889,151324,0
1464,144197,105771,0
1465,44933,102130,0
1466,960,20399,0
1467,108152,91325,0
1468,87404,114805,0
1469,136123,151324,0
1470,18127,91325,0
1471,147751,37807,0
1472,10328,74753,0
1473,87498,37093,0
1474,57994,116689,0
1475,94004,73034,0
1476,57368,126334,0
1477,89529,685,0
1478,16150,87165,0
1479,84165,4424,0
1480,44933,103897,0
1481,153700,22526,0
1482,123183,107575,0
1483,148536,102130,0
1484,16150,67487,0
1485,76640,126334,0
1486,10328,107829,0
1487,91802,46328,0
1488,40808,116689,0
1489,123400,4424,0
1490,34445,136072,0
1491,14862,86407,0
1492,63960,20399,0
1493,77555,12679,0
1494,105819,149408,0
1495,63126,3601,0
1496,67353,85175,0
1497,62637,126334,0
1498,155199,137541,0
1499,140702,41605,0
1500,41034,119961,0
1501,117007,140533,0
1502,132746,87165,0
1503,44491,28713,0
1504,117174,130122,0
1505,138321,94004,0
1506,24383,77436,0
1507,34445,28713,0
1508,61874,124662,0
1509,1074,137093,0
1510,77761,72841,0
1511,9638,685,0
1512,76890,41605,0
1513,17648,86407,0
1514,142036,71371,0
1515,123037,54480,0
1516,60559,135517,0
1517,124049,3601,0
1518,27534,60347,0
1519,24383,110389,0
1520,27033,60347,0
1521,5378,96119,0
1522,140702,74753,0
1523,91933,22813,0
1524,18183,130959,0
1525,76890,150455,0
1526,57994,45125,0
1527,19394,46328,0
1528,113213,20399,0
1529,143145,100964,0
1530,67353,12108,0
1531,49377,71366,0
1532,21916,60717,0
1533,2550,116689,0
1534,76685,15709,0
1535,76890,133106,0
1536,5681,150546,0
1537,153311,127008,0
1538,76685,25221,0
1539,83232,88304,0
1540,85041,77183,0
1541,58698,79839,0
1542,72301,77183,0
1543,25015,66741,0
1544,81473,136072,0
1545,10072,47827,0
1546,27534,2437,0
1547,92438,16507,0
1548,143361,150171,0
1549,40948,116689,0
1550,24434,79839,0
1551,40613,109940,0
1552,16147,107575,0
1553,30156,27720,0
1554,144197,44491,0
1555,49399,75648,0
1556,66978,70754,0
1557,54927,71366,0
1558,73039,22526,0
1559,85022,33757,0
1560,68238,76304,0
1561,76890,144917,0
1562,71974,56133,0
1563,30646,102420,0
1564,73039,51145,0
1565,73039,101540,0
1566,85998,48217,0
1567,30268,12679,0
1568,124814,134763,0
1569,143582,76640,0
1570,67083,86985,0
1571,90830,130122,0
1572,153700,84351,0
1573,108152,25850,0
1574,28952,101540,0
1575,120219,137093,0
1576,135477,15827,0
1577,10317,113118,0
1578,84165,134763,0
1579,107575,15827,0
1580,146132,33855,0
1581,20783,122901,0
1582,16147,77549,0
1583,154167,132812,0
1584,83232,83197,0
1585,19394,94004,0
1586,38037,135517,0
1587,18183,136072,0
1588,135897,70754,0
1589,147751,150455,0
1590,96613,144917,0
1591,46726,685,0
1592,61028,685,0
1593,34445,77183,0
1594,154494,6969,0
1595,5592,137541,0
1596,44651,49618,0
1597,41556,79229,0
1598,28271,50374,0
1599,59016,144917,0
1600,94004,110389,0
1601,69713,44094,0
1602,28952,47827,0
1603,23919,92619,0
1604,152496,96119,0
1605,49399,136072,0
1606,33709,4424,0
1607,81707,134763,0
1608,9316,71371,0
1609,14862,73034,0
1610,66978,84351,0
1611,69373,89807,0
1612,38037,122901,0
1613,62993,130122,0
1614,120219,136464,0
1615,85022,115394,0
1616,96613,12108,0
1617,16147,60347,0
1618,85041,109078,0
1619,57994,77436,0
1620,67353,25850,0
1621,40948,62440,0
1622,95704,83197,0
1623,83232,90136,0
1624,30156,6969,0
1625,113092,140533,0
1626,153311,121601,0
1627,18127,44491,0
1628,41557,33855,0
1629,143361,100700,0
1630,117007,134763,0
1631,125115,115394,0
1632,68238,39674,0
1633,70213,25850,0
1634,67083,102130,0
1635,111359,37093,0
1636,54874,56133,0
1637,101266,37807,0
1638,120244,114805,0
1639,2550,123805,0
1640,75291,70754,0
1641,91802,16220,0
1642,62993,140279,0
1643,85667,60717,0
1644,41556,63037,0
1645,138900,27720,0
1646,153800,126334,0
1647,143361,109078,0
1648,67353,133106,0
1649,135729,108280,0
1650,81473,37865,0
1651,125165,144917,0
1652,113092,90136,0
1653,103615,105771,0
1654,107575,115394,0
1655,18183,16220,0
1656,128770,67487,0
1657,78570,12108,0
1658,124384,133109,0
1659,38777,144136,0
1660,29118,133106,0
1661,101266,127356,0
1662,55219,8153,0
1663,95704,29316,0
1664,61028,29297,0
1665,123797,49618,0
1666,108197,72841,0
1667,61223,137541,0
1668,38477,129000,0
1669,23919,21080,0
1670,38177,60717,0
1671,10328,74753,0
1672,114681,25850,0
1673,27033,83197,0
1674,24434,122461,0
1675,125115,60717,0
1676,83232,115394,0
1677,63126,100964,0
1678,136905,150455,0
1679,17519,84351,0
1680,28952,103897,0
1681,55219,132812,0
1682,76758,22813,0
1683,123400,69880,0
1684,54927,130591,0
1685,110251,144136,0
1686,41556,37685,0
1687,54927,126334,0
1688,80276,124662,0
1689,24383,32997,0
1690,33709,116722,0
1691,72301,94008,0
1692,125115,74753,0
1693,30156,89807,0
1694,154167,75648,0
1695,85641,37865,0
1696,63126,85175,0
1697,3983,139982,0
1698,62924,56133,0
1699,103615,41605,0
1700,78570,72981,0
1701,30156,15827,0
1702,15650,58873,0
1703,135897,134763,0
1704,42998,50374,0
1705,141601,92619,0
1706,129025,62440,0
1707,27033,130122,0
1708,16147,3145,0
1709,107575,50374,0
1710,103615,29478,0
1711,101266,134763,0
1712,75291,76640,0
1713,5445,102130,0
1714,56571,132812,0
1715,103615,29316,0
1716,52664,150455,0
1717,113092,110389,0
1718,28952,77549,0
1719,69857,77436,0
1720,153800,84351,0
1721,115228,130122,0
1722,5378,89807,0
1723,5681,8153,0
1724,153800,91325,0
1725,30702,79229,0
1726,38037,79839,0
1727,38187,8153,0
1728,136123,6969,0
1729,62637,75648,0
1730,124891,115394,0
1731,120244,127008,0
1732,108197,120966,0
1733,49399,63037,0
1734,16927,151324,0
1735,16927,49618,0
1736,124049,100964,0
1737,3983,37865,0
1738,154494,79229,0
1739,5445,27720,0
1740,54874,150455,0
1741,91428,33757,0
1742,4056,115394,0
1743,83232,122901,0
1744,36274,139982,0
1745,110256,120966,0
1746,63960,76640,0
1747,35900,22801,0
1748,31976,94008,0
1749,103615,23195,0
1750,113213,150455,0
1751,38477,121601,0
1752,123400,79839,0
1753,26945,109867,0
1754,95126,109867,0
1755,127417,122461,0
1756,8960,41605,0
1757,113213,32997,0
1758,67353,108280,0
1759,36829,108883,0
1760,49377,150455,0
1761,78570,6969,0
1762,77761,79229,0
1763,17648,123969,0
1764,73993,15709,0
1765,120717,6693,0
1766,120219,126334,0
1767,29118,69373,0
1768,44491,76640,0
1769,140702,16220,0
1770,137392,2549,0
1771,49678,24673,0
1772,154167,46328,0
1773,100906,46025,0
1774,134974,33855,0
1775,62174,88304,0
1776,59535,126700,0
1777,137392,74753,0
1778,25479,60347,0
1779,70213,144917,0
1780,148536,113118,0
1781,143361,41605,0
1782,130333,107829,0
1783,39378,58873,0
1784,137392,58873,0
1785,153700,115394,0
1786,60559,3145,0
1787,24383,123221,0
1788,26264,22801,0
1789,16150,130122,0
1790,130333,88304,0
1791,57994,69373,0
1792,44651,25850,0
1793,100906,37807,0
1794,63126,47827,0
1795,84060,124662,0
1796,38777,137093,0
1797,44651,101540,0
1798,133109,72841,0
1799,125165,71366,0
1800,66978,102130,0
1801,23919,88304,0
1802,61028,150171,0
1803,67083,37685,0
1804,38777,12679,0
1805,74782,130122,0
1806,52664,109940,0
1807,95126,86852,0
1808,137392,75648,0
1809,136123,109940,0
1810,133229,3601,0
1811,41557,21080,0
1812,67083,79839,0
1813,81317,22813,0
1814,134974,133106,0
1815,15650,31800,0
1816,89529,144136,0
1817,33490,126334,0
1818,117174,110389,0
1819,148536,109078,0
1820,3983,92619,0
1821,123037,71371,0
1822,44311,75648,0
1823,114681,12108,0
1824,34445,113855,0
1825,82577,106302,0
1826,87498,100700,0
1827,33546,55406,0
1828,53796,70153,0
1829,33263,101445,0
1830,81153,62308,0
1831,68778,144160,0
1832,11874,47418,0
1833,67969,64181,0
1834,136549,24383,0
1835,74532,28251,0
1836,21751,36478,0
1837,65409,137,0
1838,81473,50009,0
1839,32698,109058,0
1840,107802,58717,0
1841,60347,3937,0
1842,140117,85798,0
1843,123286,92828,0
1844,47864,67516,0
1845,144304,37384,0
1846,87973,89793,0
1847,54927,34686,0
1848,71204,22801,0
1849,21916,62993,0
1850,27767,11374,0
1851,34621,84403,0
1852,40439,140465,0
1853,112195,46548,0
1854,135114,62670,0
1855,136123,149712,0
1856,71204,42858,0
1857,146132,97899,0
1858,90697,37224,0
1859,46548,153825,0
1860,146159,48464,0
1861,136549,104427,0
1862,112195,100223,0
1863,9037,28251,0
1864,69979,139193,0
1865,47418,33855,0
1866,115641,15334,0
1867,72301,14067,0
1868,27720,19394,0
1869,57368,62670,0
1870,142690,19543,0
1871,76758,40427,0
1872,32856,24263,0
1873,131746,8243,0
1874,47144,136982,0
1875,115031,121601,0
1876,6189,64181,0
1877,72023,35049,0
1878,84403,125589,0
1879,100906,121179,0
1880,10908,68985,0
1881,133962,77761,0
1882,64181,69979,0
1883,61827,70273,0
1884,147251,19543,0
1885,48515,155047,0
1886,141601,153289,0
1887,92959,137,0
1888,74667,68040,0
1889,348,101558,0
1890,133629,154184,0
1891,39378,94841,0
1892,124934,152882,0
1893,33490,26050,0
1894,35628,121179,0
1895,40613,62742,0
1896,147751,21302,0
1897,14177,133103,0
1898,125165,103034,0
1899,105369,24263,0
1900,79934,46677,0
1901,25335,32259,0
1902,135005,101558,0
1903,90231,14067,0
1904,29309,119961,0
1905,112534,127649,0
1906,94359,78209,0
1907,123183,77761,0
1908,45103,109058,0
1909,24613,120064,0
1910,28597,62993,0
1911,62440,81317,0
1912,79934,48214,0
1913,82435,93885,0
1914,100906,62742,0
1915,94359,9825,0
1916,78720,77682,0
1917,149340,62742,0
1918,72023,91650,0
1919,15261,152949,0
1920,86985,91989,0
1921,100330,144160,0
1922,77761,78392,0
1923,96613,16006,0
1924,68778,91650,0
1925,90231,57625,0
1926,119442,26050,0
1927,67950,14067,0
1928,29376,52883,0
1929,90697,91650,0
1930,152433,20205,0
1931,123144,126334,0
1932,11703,57995,0
1933,145694,84403,0
1934,27369,57140,0
1935,77761,37224,0
1936,53796,3902,0
1937,14177,152949,0
1938,140433,121179,0
1939,85637,127008,0
1940,110256,62670,0
1941,76758,58007,0
1942,2294,153355,0
1943,62670,67336,0
1944,47568,145694,0
1945,27720,134925,0
1946,47144,60452,0
1947,32856,123704,0
1948,57625,153355,0
1949,61827,122185,0
1950,4681,120548,0
1951,148119,36478,0
1952,33843,62174,0
1953,112534,101445,0
1954,105289,83981,0
1955,115089,49300,0
1956,112534,117451,0
1957,58146,116934,0
1958,106031,137355,0
1959,62308,28251,0
1960,29763,79647,0
1961,68741,38904,0
1962,59378,47864,0
1963,64831,85798,0
1964,63794,3902,0
1965,46983,39258,0
1966,57625,348,0
1967,98807,92828,0
1968,121331,133721,0
1969,106626,70153,0
1970,24973,11703,0
1971,79186,142679,0
1972,20083,125744,0
1973,45103,83981,0
1974,57625,33337,0
1975,135114,125589,0
1976,136549,11703,0
1977,29199,140465,0
1978,1778,47864,0
1979,15187,108719,0
1980,41557,116934,0
1981,99574,70153,0
1982,48008,120021,0
1983,33546,9619,0
1984,135192,87985,0
1985,29763,145309,0
1986,128169,137101,0
1987,107802,123704,0
1988,140318,61272,0
1989,149340,100453,0
1990,63583,39451,0
1991,97986,121085,0
1992,77761,48214,0
1993,106626,62174,0
1994,3983,34375,0
1995,68741,133721,0
1996,39378,51475,0
1997,9037,77682,0
1998,112534,23195,0
1999,144304,89793,0
2000,137101,3232,0
2001,71204,68040,0
2002,127611,138641,0
2003,69359,9619,0
2004,127611,63093,0
2005,136123,20858,0
2006,123144,125589,0
2007,131746,139193,0
2008,84403,94398,0
2009,6189,83981,0
2010,21916,89793,0
2011,22801,20858,0
2012,27720,77761,0
2013,57625,83209,0
2014,119399,77761,0
2015,77734,52883,0
2016,54394,51475,0
2017,121331,28251,0
2018,27577,348,0
2019,68778,20399,0
2020,25015,91650,0
2021,40035,139193,0
2022,2974,139193,0
2023,59306,20399,0
2024,2294,39451,0
2025,41034,53157,0
2026,81313,102534,0
2027,85798,50009,0
2028,15521,121601,0
2029,114983,40777,0
2030,126302,97866,0
2031,74532,83209,0
2032,119399,150791,0
2033,78720,148922,0
2034,140318,145694,0
2035,115031,44094,0
2036,71628,100007,0
2037,134780,37163,0
2038,107802,4277,0
2039,68148,139849,0
2040,91934,149712,0
2041,123286,53157,0
2042,133629,140465,0
2043,125589,93885,0
2044,73039,37384,0
2045,147751,116232,0
2046,116530,48214,0
2047,147751,39588,0
2048,36325,9251,0
2049,27534,85798,0
2050,702,49300,0
2051,22447,25810,0
2052,144304,70153,0
2053,112534,127193,0
2054,29878,16006,0
2055,86890,59538,0
2056,11874,139982,0
2057,5765,137355,0
2058,131746,137,0
2059,10908,53157,0
2060,96613,101089,0
2061,86789,28358,0
2062,29199,100453,0
2063,97986,3232,0
2064,93001,17143,0
2065,55050,38904,0
2066,71437,100223,0
2067,20522,37163,0
2068,25468,20858,0
2069,95586,101089,0
2070,55050,73671,0
2071,33843,53894,0
2072,62440,95586,0
2073,17583,24973,0
2074,3983,133103,0
2075,146159,37224,0
2076,25468,89793,0
2077,32856,93902,0
2078,29171,85798,0
2079,19543,150791,0
2080,74859,147903,0
2081,17583,53157,0
2082,130240,43928,0
2083,11861,122185,0
2084,78587,28251,0
2085,33546,3902,0
2086,130853,62742,0
2087,20858,21302,0
2088,148257,100453,0
2089,48008,13751,0
2090,145309,33337,0
2091,136549,62742,0
2092,57625,79647,0
2093,348,127649,0
2094,137509,61272,0
2095,40035,93451,0
2096,107197,48464,0
2097,67000,15827,0
2098,61715,127008,0
2099,123144,120021,0
2100,119399,70273,0
2101,39378,59538,0
2102,62993,27443,0
2103,41578,100223,0
2104,133542,125589,0
2105,148257,124052,0
2106,78587,123704,0
2107,27577,28818,0
2108,86890,121513,0
2109,74532,39451,0
2110,22447,135547,0
2111,72023,93451,0
2112,152460,91929,0
2113,115641,28251,0
2114,29763,34686,0
2115,79934,152882,0
2116,47144,108719,0
2117,15187,67516,0
2118,147751,137355,0
2119,145694,97899,0
2120,131820,101558,0
2121,99574,19543,0
2122,79934,58377,0
2123,130853,9825,0
2124,79092,43225,0
2125,39743,19394,0
2126,85637,142690,0
2127,32259,68040,0
2128,25799,142690,0
2129,154167,127008,0
2130,35980,127649,0
2131,98807,150791,0
2132,40439,120548,0
2133,79186,122185,0
2134,11186,42093,0
2135,64848,25810,0
2136,91934,136117,0
2137,48008,40427,0
2138,76799,152949,0
2139,49300,121179,0
2140,112195,69979,0
2141,32856,40777,0
2142,58163,139193,0
2143,130074,84403,0
2144,62670,150791,0
2145,103550,77682,0
2146,53796,116934,0
2147,63794,9825,0
2148,68148,133103,0
2149,123286,81317,0
2150,84403,125589,0
2151,123144,53157,0
2152,141601,78209,0
2153,11905,5765,0
2154,15467,93902,0
2155,130074,96827,0
2156,134780,145694,0
2157,109759,23195,0
2158,98807,34686,0
2159,83981,60452,0
2160,105289,86890,0
2161,143145,60452,0
2162,54196,120064,0
2163,41557,79767,0
2164,44094,152949,0
2165,126302,121601,0
2166,123286,147859,0
2167,63570,23195,0
2168,25335,36478,0
2169,77761,59538,0
2170,143145,112544,0
2171,6189,78209,0
2172,34748,50009,0
2173,140117,92877,0
2174,105289,123704,0
2175,138559,137355,0
2176,25479,119961,0
2177,48515,37163,0
2178,36021,101089,0
2179,36325,5765,0
2180,11905,8243,0
2181,69359,137,0
2182,41557,44094,0
2183,67000,43196,0
2184,40704,142690,0
2185,14177,153289,0
2186,92877,136576,0
2187,25479,93582,0
2188,109759,11374,0
2189,18699,33337,0
2190,32856,48464,0
2191,148119,93451,0
2192,130240,81317,0
2193,146039,97914,0
2194,100906,139849,0
2195,4681,97866,0
2196,135192,121536,0
2197,79934,108719,0
2198,348,137,0
2199,41557,116934,0
2200,27985,150791,0
2201,29265,78209,0
2202,25479,84096,0
2203,40613,83209,0
2204,76799,50009,0
2205,25799,35716,0
2206,85637,126302,0
2207,126744,137101,0
2208,29171,62670,0
2209,140318,120064,0
2210,32397,121179,0
2211,134925,12395,0
2212,140433,147859,0
2213,105866,155095,0
2214,107197,155095,0
2215,145982,79647,0
2216,11905,147903,0
2217,19543,43928,0
2218,81313,78392,0
2219,55050,136576,0
2220,27577,155047,0
2221,36325,57995,0
2222,4310,153289,0
2223,40035,9251,0
2224,44094,62440,0
2225,58163,139193,0
2226,94359,69979,0
2227,146132,8243,0
2228,101415,48214,0
2229,110256,34375,0
2230,4277,61715,0
2231,21751,116232,0
2232,35980,57140,0
2233,4830,101558,0
2234,77549,153355,0
2235,154167,3937,0
2236,2449,81317,0
2237,130240,47137,0
2238,27577,145309,0
2239,148257,52883,0
2240,64831,79647,0
2241,128169,139982,0
2242,12184,153825,0
2243,104157,3902,0
2244,147251,147078,0
2245,76758,77682,0
2246,39552,19394,0
2247,32397,22801,0
2248,5964,54322,0
2249,92436,38477,0
2250,15261,140465,0
2251,69979,42093,0
2252,58146,102534,0
2253,105866,43196,0
2254,1040,47864,0
2255,11620,108719,0
2256,71628,41829,0
2257,38541,137,0
2258,40439,136027,0
2259,123286,92828,0
2260,106626,152949,0
2261,29878,57995,0
2262,123183,120548,0
2263,133629,19394,0
2264,85637,8243,0
2265,62308,18505,0
2266,19543,18125,0
2267,127611,151028,0
2268,24613,43268,0
2269,11861,61715,0
2270,124934,136027,0
2271,65409,46677,0
2272,40035,110915,0
2273,2294,79647,0
2274,135005,11703,0
2275,63126,122831,0
2276,49094,31206,0
2277,40035,136027,0
2278,62440,43928,0
2279,90697,102534,0
2280,27767,93885,0
2281,67969,67516,0
2282,74532,48707,0
2283,93279,63093,0
2284,145782,114983,0
2285,63794,83209,0
2286,140117,40777,0
2287,145982,42093,0
2288,33490,136117,0
2289,11374,134867,0
2290,65409,100007,0
2291,59306,86914,0
2292,50926,4857,0
2293,61715,100223,0
2294,50401,48214,0
2295,112746,89793,0
2296,4830,39451,0
2297,88426,37163,0
2298,55174,16431,0
2299,47144,15709,0
2300,107197,139193,0
2301,80454,37224,0
2302,66905,119961,0
2303,4277,100007,0
2304,100906,147903,0
2305,54196,4277,0
2306,62670,33855,0
2307,33546,44307,0
2308,33263,68985,0
2309,148257,64181,0
2310,90697,20399,0
2311,55051,145309,0
2312,133103,67952,0
2313,71143,137,0
2314,138785,62580,0
2315,61827,28251,0
2316,146039,11374,0
2317,145982,48214,0
2318,107802,77682,0
2319,11182,28251,0
2320,62670,12666,0
2321,27369,24973,0
2322,29376,38904,0
2323,47568,90697,0
2324,135192,47418,0
2325,137509,133103,0
2326,140117,78857,0
2327,123144,138641,0
2328,47418,3232,0
2329,19159,126302,0
2330,27577,59538,0
2331,136549,91929,0
2332,86803,44307,0
2333,67000,35716,0
2334,50327,48214,0
2335,125165,68985,0
2336,100330,135547,0
2337,4310,61272,0
2338,85751,52883,0
2339,141601,43268,0
2340,127611,93902,0
2341,19543,53157,0
2342,82779,48464,0
2343,57368,20399,0
2344,27369,155047,0
2345,51836,95586,0
2346,86803,125744,0
2347,27720,47864,0
2348,142093,38904,0
2349,46548,116232,0
2350,76799,108148,0
2351,63126,4277,0
2352,40035,147903,0
2353,140433,84096,0
2354,103550,61715,0
2355,127611,155095,0
2356,79186,46548,0
2357,22801,138641,0
2358,11620,15038,0
2359,40704,94841,0
2360,72023,84096,0
2361,32856,147859,0
2362,135192,68985,0
2363,32259,60452,0
2364,80276,15827,0
2365,99574,133721,0
2366,79934,149712,0
2367,35628,20399,0
2368,32856,149313,0
2369,32856,20205,0
2370,145694,151034,0
2371,11374,25810,0
2372,11374,39258,0
2373,63583,78857,0
2374,3983,122831,0
2375,78587,39588,0
2376,62308,119961,0
2377,100007,41829,0
2378,84403,50009,0
2379,131820,4277,0
2380,61715,137,0
2381,40035,84096,0
2382,47568,32379,0
2383,2449,13751,0
2384,140433,151028,0
2385,10908,101089,0
2386,139982,37384,0
2387,40704,26050,0
2388,49059,28251,0
2389,121331,4857,0
2390,60347,62742,0
2391,24973,77682,0
2392,50401,101445,0
2393,88426,62308,0
2394,145782,85798,0
2395,78587,348,0
2396,5765,51475,0
2397,44094,116232,0
2398,150992,17143,0
2399,131296,61272,0
2400,133447,47137,0
2401,29309,38477,0
2402,107802,18505,0
2403,64837,62440,0
2404,76799,91650,0
2405,24973,75479,0
2406,136123,79767,0
2407,78720,108148,0
2408,123183,49300,0
2409,59974,93582,0
2410,92959,93582,0
2411,114983,960,0
2412,130853,52883,0
2413,27369,93451,0
2414,55050,117451,0
2415,11186,42093,0
2416,76799,78392,0
2417,61827,7392,0
2418,144304,144160,0
2419,115089,33337,0
2420,131746,96827,0
2421,71204,123704,0
2422,61290,139193,0
2423,29171,79767,0
2424,73039,9251,0
2425,77549,134867,0
2426,87868,20399,0
2427,99574,48707,0
2428,148920,137101,0
2429,133754,42093,0
2430,88969,94398,0
2431,109759,97914,0
2432,82435,136982,0
2433,93001,147078,0
2434,140433,122831,0
2435,86890,134925,0
2436,24613,120064,0
2437,62993,89793,0
2438,74532,62174,0
2439,101089,154184,0
2440,69979,53894,0
2441,119442,149712,0
2442,2974,84403,0
2443,71143,48464,0
2444,32059,150791,0
2445,100007,96827,0
2446,25799,138641,0
2447,148119,91929,0
2448,105369,11374,0
2449,62440,36478,0
2450,41557,55406,0
2451,114983,86914,0
2452,24062,20858,0
2453,97986,24263,0
2454,33546,94841,0
2455,112746,13751,0
2456,17583,153825,0
2457,55174,120021,0
2458,15709,130074,0
2459,146039,126700,0
2460,4681,121085,0
2461,77761,7279,0
2462,11182,67952,0
2463,74667,49300,0
2464,121536,43196,0
2465,40613,58377,0
2466,63583,61272,0
2467,22801,24973,0
2468,86890,70273,0
2469,130074,151034,0
2470,115031,48707,0
2471,3983,134925,0
2472,62308,153355,0
2473,81153,44307,0
2474,85798,138641,0
2475,59306,140465,0
2476,54196,15709,0
2477,91650,121536,0
2478,29265,151028,0
2479,145694,136576,0
2480,85637,19543,0
2481,71628,144160,0
2482,107802,12666,0
2483,97986,138641,0
2484,74859,145309,0
2485,122831,152882,0
2486,119442,71204,0
2487,2294,9251,0
2488,150342,138306,0
2489,103550,108719,0
2490,24613,134867,0
2491,49300,7392,0
2492,71628,62670,0
2493,29171,26913,0
2494,41034,93451,0
2495,108580,38477,0
2496,25335,34375,0
2497,59306,43928,0
2498,94375,53157,0
2499,110256,44094,0
2500,38855,138306,0
2501,145982,142679,0
2502,77549,18125,0
2503,49059,24263,0
2504,49094,25810,0
2505,96384,20858,0
2506,112195,104427,0
2507,147751,28251,0
2508,40613,39258,0
2509,15999,67952,0
2510,33843,19543,0
2511,49980,100906,0
2512,28597,37224,0
2513,64831,22801,0
2514,11186,136027,0
2515,71628,33337,0
2516,106031,37163,0
2517,76799,101558,0
2518,11703,79767,0
2519,40439,101558,0
2520,6189,85798,0
2521,33546,16006,0
2522,59378,122831,0
2523,123183,104505,0
2524,62670,138641,0
2525,27767,152949,0
2526,105866,94398,0
2527,137509,137,0
2528,68741,145309,0
2529,1040,36478,0
2530,48008,13751,0
2531,131820,89793,0
2532,4277,47864,0
2533,88969,79647,0
2534,69359,100223,0
2535,123144,153355,0
2536,25479,48214,0
2537,83232,62993,0
2538,139982,121601,0
2539,25335,37163,0
2540,18699,142679,0
2541,64181,77761,0
2542,46548,5575,0
2543,122231,86890,0
2544,49094,33855,0
2545,50926,108748,0
2546,146159,24973,0
2547,68741,61272,0
2548,54394,144160,0
2549,115089,49300,0
2550,11861,117451,0
2551,72301,62580,0
2552,55051,48464,0
2553,126744,83209,0
2554,52850,12395,0
2555,64181,100007,0
2556,27577,39451,0
2557,88426,77682,0
2558,19543,138641,0
2559,19543,47864,0
2560,150992,5575,0
2561,30653,19543,0
2562,46983,37163,0
2563,145982,90697,0
2564,110256,43268,0
2565,133447,148922,0
2566,135005,57995,0
2567,127602,145694,0
2568,62440,94841,0
2569,143582,35716,0
2570,64181,43196,0
2571,91934,35716,0
2572,133103,101445,0
2573,72301,110915,0
2574,21751,20858,0
2575,62440,77682,0
2576,76799,48464,0
2577,123144,120064,0
2578,12184,7392,0
2579,135192,108148,0
2580,143289,153825,0
2581,93279,122185,0
2582,137101,91650,0
2583,15245,121601,0
2584,46983,62308,0
2585,65409,19543,0
2586,90697,53157,0
2587,141601,33855,0
2588,50926,100453,0
2589,150992,142679,0
2590,15187,16006,0
2591,25468,83981,0
2592,133447,138306,0
2593,107802,58717,0
2594,15261,94841,0
2595,110256,155047,0
2596,46983,9251,0
2597,76797,147859,0
2598,133754,103034,0
2599,53796,34686,0
2600,123144,132626,0
2601,101415,62580,0
2602,64831,147859,0
2603,51836,120064,0
2604,83209,127649,0
2605,49059,43928,0
2606,29878,92877,0
2607,123370,4277,0
2608,41034,8243,0
2609,79186,93902,0
2610,11874,101558,0
2611,50926,133721,0
2612,47864,38904,0
2613,120717,46677,0
2614,88426,83209,0
2615,55174,62993,0
2616,11620,155047,0
2617,15261,67336,0
2618,27720,121513,0
2619,38541,41829,0
2620,83232,70153,0
2621,27534,135547,0
2622,29171,34686,0
2623,152460,121536,0
2624,4310,126334,0
2625,74532,17143,0
2626,101089,14067,0
2627,29265,95586,0
2628,52850,121085,0
2629,25335,136982,0
2630,123286,119961,0
2631,61827,101558,0
2632,15521,103034,0
2633,68741,100223,0
2634,22801,49016,0
2635,125589,121601,0
2636,145309,25810,0
2637,32059,20205,0
2638,59159,67336,0
2639,20083,121085,0
2640,49980,57995,0
2641,62308,151028,0
2642,86985,138306,0
2643,93451,147078,0
2644,76799,137,0
2645,106031,35049,0
2646,71143,127193,0
2647,86985,125589,0
2648,145982,97866,0
2649,49980,62174,0
2650,22801,62440,0
2651,702,138641,0
2652,54411,9619,0
2653,32698,43196,0
2654,87703,33855,0
2655,109759,61715,0
2656,36325,12666,0
2657,139982,147903,0
2658,27534,34686,0
2659,8389,57995,0
2660,71075,51475,0
2661,93451,101558,0
2662,52850,70058,0
2663,71143,40777,0
2664,149340,138641,0
2665,8389,53157,0
2666,11374,123704,0
2667,68741,126700,0
2668,25468,12666,0
2669,71143,19394,0
2670,133754,121179,0
2671,62308,61715,0
2672,46548,136576,0
2673,82779,114983,0
2674,139849,18125,0
2675,24062,57995,0
2676,87868,148922,0
2677,136549,135547,0
2678,4277,55406,0
2679,73027,94398,0
2680,50401,43225,0
2681,40439,24383,0
2682,148257,83981,0
2683,51836,121536,0
2684,34621,57625,0
2685,10908,101445,0
2686,4277,53157,0
2687,11861,137,0
2688,25015,16431,0
2689,90231,35716,0
2690,115641,90697,0
2691,15261,27041,0
2692,71437,126302,0
2693,38541,3232,0
2694,144304,79767,0
2695,49980,96827,0
2696,66523,152882,0
2697,82435,57140,0
2698,2294,23195,0
2699,4830,71624,0
2700,96613,126302,0
2701,5765,68985,0
2702,131746,110915,0
2703,99574,78209,0
2704,58146,18505,0
2705,702,3902,0
2706,83209,78209,0
2707,15261,148922,0
2708,103550,96827,0
2709,148119,63093,0
2710,95586,78209,0
2711,15521,58007,0
2712,97866,84403,0
2713,27433,63093,0
2714,27985,16006,0
2715,18699,125744,0
2716,93279,32379,0
2717,134780,46677,0
2718,11861,12666,0
2719,50926,130074,0
2720,15467,4857,0
2721,15709,59538,0
2722,45103,58007,0
2723,39552,11703,0
2724,76797,138306,0
2725,137509,97914,0
2726,15245,133103,0
2727,136549,48464,0
2728,62993,123704,0
2729,24062,121513,0
2730,34621,15709,0
2731,24062,60452,0
2732,47993,97914,0
2733,134925,15038,0
2734,50926,24973,0
2735,49300,137,0
2736,83981,36478,0
2737,108580,27041,0
2738,61290,153355,0
2739,106031,94398,0
2740,119399,123704,0
2741,71075,121179,0
2742,66523,35716,0
2743,59974,37224,0
2744,63570,62308,0
2745,133447,130074,0
2746,125165,121085,0
2747,2974,104505,0
2748,121536,78392,0
2749,29265,960,0
2750,61827,28818,0
2751,108580,11374,0
2752,39552,48214,0
2753,87868,21302,0
2754,86890,142690,0
2755,84403,121085,0
2756,121536,22801,0
2757,82435,109058,0
2758,145309,151028,0
2759,78587,100906,0
2760,135192,137101,0
2761,58146,95586,0
2762,47144,155047,0
2763,14177,39258,0
2764,62440,32259,0
2765,80276,130074,0
2766,19159,47137,0
2767,69359,55406,0
2768,112534,69979,0
2769,76758,127193,0
2770,150342,4857,0
2771,15999,38904,0
2772,146159,39588,0
2773,32059,39451,0
2774,86803,96827,0
2775,20522,92828,0
2776,10328,119961,0
2777,109058,9825,0
2778,118116,70273,0
2779,146132,121085,0
2780,124934,69979,0
2781,24062,121536,0
2782,20522,121085,0
2783,46548,121179,0
2784,96613,26913,0
2785,65942,8243,0
2786,87703,108748,0
2787,2974,24383,0
2788,11861,92877,0
2789,81539,109058,0
2790,135192,73671,0
2791,154167,121513,0
2792,39378,70058,0
2793,77549,108719,0
2794,115089,121513,0
2795,133542,7392,0
2796,11703,19543,0
2797,110256,114983,0
2798,92436,91929,0
2799,130074,86914,0
2800,65409,86914,0
2801,32698,139193,0
2802,46548,11703,0
2803,50327,92877,0
2804,29763,142679,0
2805,4681,147859,0
2806,138785,64181,0
2807,61827,40777,0
2808,19159,37384,0
2809,115228,15709,0
2810,11621,11374,0
2811,58163,20399,0
2812,77549,44094,0
2813,146132,59538,0
2814,58163,91989,0
2815,2449,24263,0
2816,148257,136982,0
2817,77549,92828,0
2818,1040,34375,0
2819,28597,37384,0
2820,30653,137101,0
2821,35628,43268,0
2822,86789,48214,0
2823,35980,43928,0
2824,62670,28818,0
2825,81650,100007,0
2826,118116,58377,0
2827,72023,104427,0
2828,29171,24263,0
2829,73027,134925,0
2830,83981,22801,0
2831,94375,13810,0
2832,27033,149712,0
2833,67000,24973,0
2834,27033,46677,0
2835,59306,40427,0
2836,59159,33337,0
2837,145309,84096,0
2838,19543,92828,0
2839,32059,28818,0
2840,94375,147078,0
2841,29763,53894,0
2842,131296,48214,0
2843,83908,58377,0
2844,47864,101089,0
2845,135005,91989,0
2846,146759,130074,0
2847,20522,16431,0
2848,146159,61272,0
2849,81539,114983,0
2850,33490,42093,0
2851,15467,93902,0
2852,115228,12666,0
2853,152460,147859,0
2854,25799,67516,0
2855,147751,5765,0
2856,11620,23482,0
2857,59159,62670,0
2858,67969,32379,0
2859,12184,136576,0
2860,114983,94841,0
2861,83981,57625,0
2862,79934,32259,0
2863,25335,60452,0
2864,81650,28818,0
2865,11874,71624,0
2866,29376,39451,0
2867,15999,64181,0
2868,54927,139193,0
2869,33490,83209,0
2870,120717,47137,0
2871,140433,149313,0
2872,15521,97899,0
2873,63794,131288,0
2874,63794,78857,0
2875,46983,13810,0
2876,33843,26913,0
2877,123370,47418,0
2878,92959,124052,0
2879,49059,81317,0
2880,67950,100007,0
2881,59378,136117,0
2882,11182,37224,0
2883,105866,127193,0
2884,105289,89793,0
2885,61715,41829,0
2886,91650,125744,0
2887,121536,58717,0
2888,148257,37224,0
2889,20858,136027,0
2890,100330,108719,0
2891,110256,62440,0
2892,6189,24263,0
2893,39378,86914,0
2894,4277,84096,0
2895,55174,62742,0
2896,107802,43928,0
2897,20522,104505,0
2898,149382,97914,0
2899,107802,19394,0
2900,15467,83981,0
2901,47829,125744,0
2902,38855,125589,0
2903,148920,63093,0
2904,33263,41829,0
2905,28597,70153,0
2906,130074,142679,0
2907,131296,58007,0
2908,137509,64181,0
2909,11861,34375,0
2910,2294,70153,0
2911,127611,42858,0
2912,22801,94841,0
2913,29376,15038,0
2914,21751,78857,0
2915,131820,78209,0
2916,18699,62580,0
2917,46548,27041,0
2918,92959,19394,0
2919,47144,77761,0
2920,20083,122831,0
2921,85798,16431,0
2922,115228,20858,0
2923,6189,150791,0
2924,47864,60452,0
2925,68778,137101,0
2926,19543,142679,0
2927,44124,135547,0
2928,100330,68040,0
2929,143582,37224,0
2930,27033,13751,0
2931,98807,27443,0
2932,108580,60452,0
2933,140433,92877,0
2934,82435,137101,0
2935,85751,148922,0
2936,137101,62308,0
2937,51836,62440,0
2938,33490,145309,0
2939,109759,36478,0
2940,77761,112544,0
2941,38855,78857,0
2942,57625,91650,0
2943,105866,126334,0
2944,152460,7392,0
2945,107802,126302,0
2946,91934,43196,0
2947,143145,62742,0
2948,145982,125744,0
2949,132626,43928,0
2950,87868,62308,0
2951,74859,58377,0
2952,15521,35716,0
2953,123370,44307,0
2954,123370,121085,0
2955,71143,4857,0
2956,150992,39451,0
2957,79934,348,0
2958,36325,53894,0
2959,14177,70273,0
2960,68148,138306,0
2961,11703,57140,0
2962,92877,92828,0
2963,34621,58717,0
2964,96384,49300,0
2965,125165,126700,0
2966,24062,43225,0
2967,62993,127649,0
2968,35980,18505,0
2969,49300,84403,0
2970,54927,8243,0
2971,33490,94398,0
2972,39378,48464,0
2973,100330,134925,0
2974,71075,70153,0
2975,63570,121085,0
2976,59974,20205,0
2977,66523,132626,0
2978,71437,73671,0
2979,134780,28818,0
2980,61715,28358,0
2981,148257,140465,0
2982,100330,20399,0
2983,82779,84096,0
2984,27767,133721,0
2985,83908,12666,0
2986,83908,28818,0
2987,145982,136117,0
2988,36021,22801,0
2989,109759,136982,0
2990,86985,108748,0
2991,47864,27443,0
2992,11182,55406,0
2993,39743,46677,0
2994,96827,24263,0
2995,115228,110915,0
2996,80454,140465,0
2997,54927,96827,0
2998,133962,60452,0
2999,100906,87985,0
3000,69979,34375,0
3001,99574,20399,0
3002,131296,54322,0
3003,136123,37163,0
3004,76799,90697,0
3005,62993,136576,0
3006,107197,121085,0
3007,59159,134867,0
3008,133754,18505,0
3009,28597,62440,0
3010,105866,136117,0
3011,131820,67336,0
3012,4830,139849,0
3013,115641,137,0
3014,112534,95586,0
3015,130240,117451,0
3016,24062,62670,0
3017,4681,124052,0
3018,72023,145694,0
3019,85637,93902,0
3020,58163,124052,0
3021,123144,75479,0
3022,74667,28358,0
3023,64181,35716,0
3024,29171,5765,0
3025,94375,26913,0
3026,29171,9825,0
3027,3983,122831,0
3028,101415,153825,0
3029,79092,16431,0
3030,47568,4277,0
3031,100906,84096,0
3032,35980,44307,0
3033,140433,60452,0
3034,124934,43928,0
3035,135114,139193,0
3036,119399,32259,0
3037,93451,8243,0
3038,72023,97866,0
3039,38855,35049,0
3040,76799,75479,0
3041,121331,27041,0
3042,85798,153289,0
3043,27767,71204,0
3044,78720,7279,0
3045,47418,108719,0
3046,87973,155095,0
3047,49059,92877,0
3048,5765,87985,0
3049,86985,153355,0
3050,104157,104427,0
3051,73027,51475,0
3052,24204,101558,0
3053,38855,81317,0
3054,76797,33337,0
3055,19543,3232,0
3056,95586,79647,0
3057,54411,120021,0
3058,119442,121085,0
3059,80454,68985,0
3060,87973,62580,0
3061,62308,5575,0
3062,144304,58717,0
3063,19159,48707,0
3064,63583,39451,0
3065,143289,101089,0
3066,41034,348,0
3067,130853,57140,0
3068,24062,79767,0
3069,49980,54322,0
3070,40439,24263,0
3071,145309,5765,0
3072,135114,147859,0
3073,20858,91929,0
3074,137101,109058,0
3075,83209,42858,0
3076,2449,100453,0
3077,66905,132626,0
3078,100007,93582,0
3079,55050,97866,0
3080,83981,125744,0
3081,107802,131288,0
3082,137509,58007,0
3083,105866,151028,0
3084,118116,43196,0
3085,4310,139982,0
3086,702,5575,0
3087,143145,116232,0
3088,60347,136117,0
3089,8389,17143,0
3090,27033,42093,0
3091,92436,87985,0
3092,122231,61715,0
3093,49300,16006,0
3094,25479,44307,0
3095,62670,93451,0
3096,150992,60452,0
3097,142690,44094,0
3098,59306,93885,0
3099,64848,51475,0
3100,49059,93582,0
3101,139982,25810,0
3102,83232,64181,0
3103,82435,52883,0
3104,76799,153355,0
3105,66905,114983,0
3106,91650,47137,0
3107,106626,133103,0
3108,135192,91929,0
3109,108580,37163,0
3110,64848,37224,0
3111,49094,125589,0
3112,36325,123704,0
3113,40035,87985,0
3114,61290,41829,0
3115,15709,86914,0
3116,112746,20858,0
3117,76758,28358,0
3118,125165,89807,0
3119,114983,136576,0
3120,142690,54322,0
3121,76799,9619,0
3122,82779,121513,0
3123,120717,13751,0
3124,61290,60452,0
3125,55174,122185,0
3126,46983,121085,0
3127,4310,91929,0
3128,115089,131288,0
3129,65409,40777,0
3130,54927,123704,0
3131,147751,77761,0
3132,112746,100453,0
3133,51836,116232,0
3134,67000,62580,0
3135,143145,147859,0
3136,19543,100906,0
3137,15187,153289,0
3138,78720,101445,0
3139,36021,85798,0
3140,93451,133721,0
3141,92959,90697,0
3142,100330,135547,0
3143,76799,32379,0
3144,27033,121601,0
3145,19543,4857,0
3146,133542,100007,0
3147,48008,53157,0
3148,63583,109058,0
3149,146159,112544,0
3150,33546,124052,0
3151,15999,83981,0
3152,64181,144160,0
3153,6189,68639,0
3154,94602,58377,0
3155,78587,136117,0
3156,135114,5575,0
3157,15999,60452,0
3158,65409,57995,0
3159,148257,136982,0
3160,107197,5765,0
3161,47829,79767,0
3162,140318,27041,0
3163,3983,36478,0
3164,32698,5575,0
3165,8389,48464,0
3166,136123,153289,0
3167,46983,47137,0
3168,136549,48464,0
3169,52850,93885,0
3170,19159,140465,0
3171,62440,12395,0
3172,149382,126302,0
3173,46548,39588,0
3174,133962,137355,0
3175,41034,101089,0
3176,27433,126700,0
3177,21751,121536,0
3178,34748,19394,0
3179,54411,14067,0
3180,10908,91650,0
3181,83908,92877,0
3182,28597,7392,0
3183,15245,68040,0
3184,11374,58717,0
3185,126744,136576,0
3186,61715,24383,0
3187,112195,77761,0
3188,123370,152949,0
3189,85751,20858,0
3190,62993,50009,0
3191,85637,67516,0
3192,96827,7279,0
3193,31541,9251,0
3194,92877,38904,0
3195,10908,19394,0
3196,25479,42093,0
3197,83209,97866,0
3198,115228,120548,0
3199,148257,13810,0
3200,123286,43268,0
3201,119399,37384,0
3202,142093,60452,0
3203,29763,7392,0
3204,24613,121085,0
3205,86985,61715,0
3206,148257,26913,0
3207,152433,37384,0
3208,15709,102534,0
3209,152460,25810,0
3210,25157,108148,0
3211,134925,70273,0
3212,21751,38904,0
3213,15245,13810,0
3214,32259,62670,0
3215,148920,47864,0
3216,135114,57995,0
3217,27534,28358,0
3218,46548,121601,0
3219,29309,121513,0
3220,99574,73671,0
3221,15261,8243,0
3222,39743,43928,0
3223,92959,67336,0
3224,34621,91929,0
3225,79186,86914,0
3226,20858,83209,0
3227,123144,7279,0
3228,27369,78209,0
3229,101415,89807,0
3230,79092,75479,0
3231,138785,39258,0
3232,88426,70153,0
3233,39743,68639,0
3234,25015,68985,0
3235,133962,67516,0
3236,136123,78209,0
3237,40439,51475,0
3238,133542,127008,0
3239,79934,47864,0
3240,20083,11703,0
3241,150992,25810,0
3242,81539,44307,0
3243,94602,62174,0
3244,136549,126700,0
3245,97986,126334,0
3246,140318,33855,0
3247,95586,42858,0
3248,36021,43196,0
3249,38855,61272,0
3250,36021,136576,0
3251,15521,67516,0
3252,54394,27443,0
3253,33546,116934,0
3254,90697,35716,0
3255,90697,15709,0
3256,79934,20399,0
3257,133962,148922,0
3258,101415,37384,0
3259,101415,48464,0
3260,94375,117451,0
3261,60347,42858,0
3262,77734,122831,0
3263,11703,64181,0
3264,40704,15334,0
3265,135005,110915,0
3266,19159,116934,0
3267,81153,46548,0
3268,114983,121085,0
3269,105866,91650,0
3270,27369,43225,0
3271,122231,147903,0
3272,51836,50009,0
3273,68741,126334,0
3274,62308,42858,0
3275,115641,54322,0
3276,64848,89807,0
3277,109058,133721,0
3278,154147,5765,0
3279,79934,155047,0
3280,112195,152949,0
3281,10908,67336,0
3282,140318,59538,0
3283,24062,24973,0
3284,94375,960,0
3285,51836,33337,0
3286,4310,34686,0
3287,85637,134867,0
3288,32856,130074,0
3289,134780,136982,0
3290,109759,137355,0
3291,74532,40777,0
3292,99574,104505,0
3293,92877,83209,0
3294,78587,3937,0
3295,146759,87985,0
3296,3246,960,0
3297,29171,37384,0
3298,78720,122831,0
3299,35980,62742,0
3300,79092,121536,0
3301,27369,70058,0
3302,6189,142690,0
3303,69979,93451,0
3304,72023,60452,0
3305,27985,43928,0
3306,65942,101089,0
3307,133542,79647,0
3308,29376,64181,0
3309,105289,85798,0
3310,49094,37384,0
3311,82779,57625,0
3312,74859,138306,0
3313,2294,54322,0
3314,2294,44307,0
3315,101089,87985,0
3316,91650,112544,0
3317,142690,20399,0
3318,115641,93902,0
3319,64181,47137,0
3320,25015,104505,0
3321,29265,47137,0
3322,46983,32259,0
3323,71628,155095,0
3324,64181,61715,0
3325,33843,145309,0
3326,27767,139193,0
3327,15245,109058,0
3328,59378,75479,0
3329,64181,126302,0
3330,48008,43225,0
3331,4310,108719,0
3332,94375,135547,0
3333,1778,58377,0
3334,27369,155095,0
3335,82435,9619,0
3336,79934,144160,0
3337,55050,38904,0
3338,81650,127193,0
3339,145982,93582,0
3340,127611,95586,0
3341,114983,108719,0
3342,134780,121536,0
3343,77761,94398,0
3344,35980,20858,0
3345,77734,149313,0
3346,27369,93885,0
3347,115031,61272,0
3348,41578,7279,0
3349,40439,9619,0
3350,112534,37163,0
3351,15261,38904,0
3352,125589,147859,0
3353,79092,108748,0
3354,127611,39588,0
3355,74532,151028,0
3356,54196,91929,0
3357,85751,18125,0
3358,24973,70153,0
3359,15245,92828,0
3360,138559,109058,0
3361,73039,131288,0
3362,133754,3232,0
3363,142690,137101,0
3364,61827,71624,0
3365,96384,149313,0
3366,72023,15709,0
3367,115031,133103,0
3368,29309,48707,0
3369,141601,142690,0
3370,55174,15827,0
3371,10328,133103,0
3372,130853,62308,0
3373,36021,89807,0
3374,4830,41829,0
3375,146159,44307,0
3376,152433,62174,0
3377,62993,38477,0
3378,59378,95586,0
3379,32259,8243,0
3380,59974,136576,0
3381,136123,62308,0
3382,40035,42858,0
3383,15521,151028,0
3384,21751,121536,0
3385,29265,122831,0
3386,133754,4277,0
3387,33490,68985,0
3388,139849,120021,0
3389,114983,28251,0
3390,119442,127008,0
3391,143145,112544,0
3392,146759,68040,0
3393,78587,142690,0
3394,86985,124052,0
3395,33843,3902,0
3396,130853,77682,0
3397,49980,133103,0
3398,66523,101558,0
3399,81650,103034,0
3400,150992,17143,0
3401,2294,24383,0
3402,91650,127649,0
3403,27720,25810,0
3404,135114,122831,0
3405,98807,70153,0
3406,123370,14067,0
3407,67969,4277,0
3408,25157,15827,0
3409,9037,91989,0
3410,100906,39588,0
3411,144304,123704,0
3412,63583,43196,0
3413,81153,92877,0
3414,21751,151028,0
3415,91934,19394,0
3416,79092,84403,0
3417,136549,35716,0
3418,126302,114983,0
3419,39378,97899,0
3420,69979,79767,0
3421,91934,3902,0
3422,100330,153355,0
3423,34621,26050,0
3424,119399,960,0
3425,94359,97899,0
3426,115031,68040,0
3427,25157,24263,0
3428,12184,84096,0
3429,10908,17143,0
3430,119442,151028,0
3431,4277,28251,0
3432,112746,97899,0
3433,41578,47418,0
3434,30653,5575,0
3435,152460,145309,0
3436,78720,68040,0
3437,3246,28818,0
3438,131820,24973,0
3439,130240,55406,0
3440,87973,97914,0
3441,83908,93451,0
3442,82435,127193,0
3443,15467,15038,0
3444,11621,93582,0
3445,135114,70273,0
3446,4681,57625,0
3447,119442,35716,0
3448,103550,103034,0
3449,130074,3902,0
3450,66523,77761,0
3451,87703,35049,0
3452,139982,96827,0
3453,29265,134867,0
3454,122831,9825,0
3455,133962,35049,0
3456,32856,101089,0
3457,24973,34375,0
3458,79186,126700,0
3459,93001,136027,0
3460,24613,36478,0
3461,29878,77682,0
3462,82435,130074,0
3463,88969,18505,0
3464,154147,95586,0
3465,71075,57995,0
3466,33546,94841,0
3467,27534,91650,0
3468,10908,78857,0
3469,10328,81317,0
3470,39552,8243,0
3471,14177,43196,0
3472,101415,101089,0
3473,21916,12395,0
3474,106031,24263,0
3475,68778,27443,0
3476,67000,134925,0
3477,115641,139982,0
3478,92959,116232,0
3479,49300,24973,0
3480,40035,126334,0
3481,87868,91650,0
3482,115641,47418,0
3483,109759,84403,0
3484,83908,54322,0
3485,94359,9619,0
3486,109759,38904,0
3487,66523,145309,0
3488,39552,67336,0
3489,74532,62580,0
3490,65942,3937,0
3491,49059,23195,0
3492,40704,122831,0
3493,68741,83981,0
3494,124934,52883,0
3495,20083,62580,0
3496,148119,112544,0
3497,79186,53157,0
3498,29763,94841,0
3499,39378,61715,0
3500,107197,70273,0
3501,22801,89793,0
3502,78587,33337,0
3503,58146,62742,0
3504,133103,35049,0
3505,80454,91989,0
3506,65409,126334,0
3507,125165,26050,0
3508,148920,47418,0
3509,11374,32379,0
3510,119442,37384,0
3511,140433,149313,0
3512,101415,78392,0
3513,152460,69979,0
3514,29171,117451,0
3515,27767,155095,0
3516,101089,126700,0
3517,147751,31206,0
3518,90231,97899,0
3519,59159,135547,0
3520,59159,97866,0
3521,4681,133721,0
3522,40439,149313,0
3523,79934,62308,0
3524,71143,145309,0
3525,68148,64181,0
3526,51836,89807,0
3527,59159,53157,0
3528,71628,71204,0
3529,21916,121513,0
3530,40035,22801,0
3531,143289,7392,0
3532,4830,108148,0
3533,69359,31206,0
3534,50327,93902,0
3535,44094,138641,0
3536,136123,32259,0
3537,133103,109058,0
3538,67950,67336,0
3539,15245,68639,0
3540,24973,68985,0
3541,108580,86914,0
3542,40704,43225,0
3543,125165,93902,0
3544,112534,7392,0
3545,87703,21302,0
3546,20083,20399,0
3547,59974,75479,0
3548,67000,125589,0
3549,78720,150791,0
3550,145694,62742,0
3551,93451,136117,0
3552,11182,77682,0
3553,79934,93885,0
3554,115031,152882,0
3555,11621,5765,0
3556,62440,153289,0
3557,34621,148922,0
3558,131820,14067,0
3559,146132,91929,0
3560,25015,40777,0
3561,61290,9619,0
3562,123286,61272,0
3563,27767,19394,0
3564,106031,116232,0
3565,702,155095,0
3566,41578,48214,0
3567,77734,92877,0
3568,24973,127193,0
3569,57368,121179,0
3570,92436,17143,0
3571,133629,100906,0
3572,4310,15334,0
3573,103550,137,0
3574,79092,13810,0
3575,29171,138641,0
3576,6189,36478,0
3577,96613,144160,0
3578,81313,104427,0
3579,15521,127193,0
3580,87868,67516,0
3581,100330,140465,0
3582,65409,62174,0
3583,116530,83209,0
3584,107802,17143,0
3585,96827,28251,0
3586,72301,103034,0
3587,48008,68040,0
3588,152460,57625,0
3589,136123,104427,0
3590,61827,11703,0
3591,59974,67516,0
3592,87868,15827,0
3593,27767,89807,0
3594,44124,122185,0
3595,94375,57140,0
3596,32059,24263,0
3597,4681,71624,0
3598,55174,58377,0
3599,15467,20399,0
3600,131746,122831,0
3601,72301,15038,0
3602,92877,67952,0
3603,82779,26050,0
3604,143145,126700,0
3605,68778,32259,0
3606,54196,77682,0
3607,127611,68040,0
3608,66905,133103,0
3609,91934,136982,0
3610,107802,101089,0
3611,71143,16006,0
3612,125165,132626,0
3613,24062,136117,0
3614,119399,3232,0
3615,29376,57140,0
3616,27534,100906,0
3617,72301,58717,0
3618,138559,151028,0
3619,83981,84096,0
3620,138559,67336,0
3621,152433,11374,0
3622,11621,11374,0
3623,81473,37384,0
3624,36021,62308,0
3625,348,93582,0
3626,93451,31206,0
3627,119442,62993,0
3628,154167,134867,0
3629,2294,79647,0
3630,86789,58007,0
3631,105369,53157,0
3632,21916,139849,0
3633,52850,27443,0
3634,33263,139849,0
3635,24062,117451,0
3636,137101,127193,0
3637,85637,7279,0
3638,38541,96827,0
3639,29878,101445,0
3640,125589,121536,0
3641,29199,39588,0
3642,146759,32259,0
3643,63570,137,0
3644,133962,33855,0
3645,128169,120548,0
3646,126302,39258,0
3647,19543,5575,0
3648,44124,24973,0
3649,66523,63093,0
3650,30653,48214,0
3651,133447,348,0
3652,24062,68639,0
3653,24973,34686,0
3654,36021,11703,0
3655,82605,104427,0
3656,133629,17143,0
3657,96827,145309,0
3658,86789,15709,0
3659,2974,101558,0
3660,36021,20399,0
3661,86803,61272,0
3662,85798,117451,0
3663,25157,78857,0
3664,20522,16006,0
3665,78587,68040,0
3666,34621,155047,0
3667,63794,151034,0
3668,39378,32259,0
3669,47864,43928,0
3670,31541,68985,0
3671,135192,149712,0
3672,4830,26913,0
3673,36021,62993,0
3674,67950,87985,0
3675,66523,91650,0
3676,68778,155095,0
3677,134780,83981,0
3678,36325,48707,0
3679,39552,23195,0
3680,119442,62174,0
3681,11874,26050,0
3682,134780,139193,0
3683,55174,136576,0
3684,123183,60452,0
3685,81539,27443,0
3686,36325,101089,0
3687,115228,51475,0
3688,143145,50009,0
3689,25799,69979,0
3690,90231,38904,0
3691,74532,151034,0
3692,44094,145694,0
3693,32698,62742,0
3694,114983,39588,0
3695,63126,121179,0
3696,92877,70273,0
3697,33843,149313,0
3698,4681,123704,0
3699,116530,34686,0
3700,104157,147078,0
3701,96827,121085,0
3702,54411,27041,0
3703,11905,144160,0
3704,58163,37224,0
3705,11861,43196,0
3706,65942,89807,0
3707,15245,138306,0
3708,138785,9251,0
3709,11861,5575,0
3710,122831,70058,0
3711,67000,57140,0
3712,45103,145309,0
3713,29376,102534,0
3714,29265,108748,0
3715,4277,101445,0
3716,145782,20205,0
3717,71437,84096,0
3718,123370,4857,0
3719,25479,137355,0
3720,46983,12666,0
3721,27720,119961,0
3722,29763,104505,0
3723,27369,4857,0
3724,92436,43196,0
3725,115031,8243,0
3726,27577,133103,0
3727,50327,48707,0
3728,39378,71204,0
3729,147251,4277,0
3730,97866,42858,0
3731,149340,150791,0
3732,59159,149313,0
3733,69359,20205,0
3734,115089,46677,0
3735,14177,43225,0
3736,79092,41829,0
3737,81650,108748,0
3738,86803,35716,0
3739,123286,120064,0
3740,142690,44094,0
3741,32259,135547,0
3742,27433,127008,0
3743,3246,97866,0
3744,24613,78392,0
3745,29265,67952,0
3746,135005,4857,0
3747,106626,35716,0
3748,29878,11374,0
3749,85798,32379,0
3750,103550,137101,0
3751,40035,43225,0
3752,29265,97899,0
3753,152433,100007,0
3754,146759,133103,0
3755,57625,37224,0
3756,128169,122831,0
3757,50926,68639,0
3758,135114,100223,0
3759,55174,137355,0
3760,27369,38904,0
3761,71075,122831,0
3762,4681,39451,0
3763,44094,77761,0
3764,11182,116934,0
3765,20083,131288,0
3766,154147,23482,0
3767,66905,77682,0
3768,61715,85798,0
3769,144304,145694,0
3770,63570,149712,0
3771,148257,100453,0
3772,54196,4277,0
3773,31541,151034,0
3774,135192,4857,0
3775,47418,125589,0
3776,135114,153355,0
3777,34621,348,0
3778,86985,92828,0
3779,47829,48707,0
3780,11182,21302,0
3781,81313,3937,0
3782,31541,108719,0
3783,120717,104505,0
3784,15467,58007,0
3785,122831,126334,0
3786,93451,139982,0
3787,53796,67516,0
3788,81650,144160,0
3789,104157,68040,0
3790,11905,25810,0
3791,6189,62308,0
3792,702,121536,0
3793,24613,26913,0
3794,136123,11703,0
3795,34621,12395,0
3796,52883,8243,0
3797,115089,94398,0
3798,61827,47864,0
3799,48008,19394,0
3800,112195,149712,0
3801,79092,83209,0
3802,73039,79767,0
3803,136564,155047,0
3804,59974,108148,0
3805,17583,70153,0
3806,143582,32379,0
3807,106626,100007,0
3808,35980,58007,0
3809,78587,121179,0
3810,31541,7279,0
3811,25157,24973,0
3812,58146,58717,0
3813,4830,96827,0
3814,39743,100453,0
3815,52883,62670,0
3816,27534,51475,0
3817,79186,49300,0
3818,103550,15709,0
3819,29265,110915,0
3820,40035,26913,0
3821,27985,59538,0
3822,47993,104427,0
3823,79186,110915,0
3824,84403,27443,0
3825,136564,24263,0
3826,109759,5575,0
3827,125589,121179,0
3828,62993,109058,0
3829,47144,87985,0
3830,6189,22801,0
3831,87703,70273,0
3832,125589,62670,0
3833,9037,137,0
3834,154167,348,0
3835,80276,5765,0
3836,85798,43225,0
3837,3983,101445,0
3838,123370,133721,0
3839,128169,71204,0
3840,86985,153825,0
3841,59974,116232,0
3842,14177,92828,0
3843,138559,4857,0
3844,81153,153825,0
3845,122831,24973,0
3846,11874,138306,0
3847,47144,91650,0
3848,93451,101445,0
3849,146759,23482,0
3850,124934,44094,0
3851,93451,153355,0
3852,92959,114983,0
3853,146039,69979,0
3854,108580,62580,0
3855,77761,12395,0
3856,103550,102534,0
3857,29878,78392,0
3858,76799,142679,0
3859,69979,89793,0
3860,123286,145694,0
3861,25157,57140,0
3862,93001,97914,0
3863,100906,70058,0
3864,98807,348,0
3865,146039,69979,0
3866,138785,77682,0
3867,33843,108148,0
3868,107197,94841,0
3869,10328,151028,0
3870,29265,109058,0
3871,154167,153289,0
3872,77761,127193,0
3873,68148,71624,0
3874,130074,37224,0
3875,87868,90697,0
3876,49094,70273,0
3877,58146,31206,0
3878,71437,134867,0
3879,27033,57140,0
3880,4277,93451,0
3881,83908,79767,0
3882,55174,49300,0
3883,54394,94841,0
3884,39743,155095,0
3885,91934,34375,0
3886,115641,32259,0
3887,59378,44307,0
3888,35980,15709,0
3889,49059,67336,0
3890,99574,11703,0
3891,81153,58717,0
3892,123370,151034,0
3893,25468,136982,0
3894,27369,28818,0
3895,87973,94398,0
3896,47993,155095,0
3897,45103,132626,0
3898,74667,15038,0
3899,138559,93451,0
3900,28597,112544,0
3901,57625,133103,0
3902,87973,153289,0
3903,68741,48464,0
3904,136123,15334,0
3905,138785,104505,0
3906,149340,53894,0
3907,100906,100453,0
3908,152460,150791,0
3909,76797,121085,0
3910,133754,52883,0
3911,97986,44307,0
3912,27767,3232,0
3913,29376,28358,0
3914,86985,33337,0
3915,152460,61715,0
3916,104157,19394,0
3917,101415,124052,0
3918,22801,84096,0
3919,45103,67336,0
3920,77761,4857,0
3921,100330,137101,0
3922,96613,149712,0
3923,136549,28251,0
3924,154147,38477,0
3925,41034,137101,0
3926,61290,125744,0
3927,55174,90697,0
3928,53796,138641,0
3929,2974,12666,0
3930,81153,38477,0
3931,115228,70273,0
3932,86890,53157,0
3933,65942,116934,0
3934,64837,108719,0
3935,79186,48214,0
3936,141601,68040,0
3937,41578,38477,0
3938,140117,142679,0
3939,103550,49016,0
3940,76799,20858,0
3941,83209,3937,0
3942,25157,122831,0
3943,115089,52883,0
3944,93279,8243,0
3945,137101,3902,0
3946,138559,16006,0
3947,51836,69979,0
3948,34621,133103,0
3949,24062,69979,0
3950,36325,47137,0
3951,62670,103034,0
3952,62993,134867,0
3953,84403,97914,0
3954,148119,53894,0
3955,94375,49016,0
3956,77761,36478,0
3957,97866,78392,0
3958,150992,110915,0
3959,71075,125589,0
3960,31541,16431,0
3961,80454,5575,0
3962,60347,140465,0
3963,27534,11703,0
3964,27369,109058,0
3965,24062,43928,0
3966,55051,79647,0
3967,68741,59538,0
3968,25479,89807,0
3969,142093,124052,0
3970,137509,26050,0
3971,10328,124052,0
3972,60347,120548,0
3973,38541,9619,0
3974,24613,85798,0
3975,62993,144160,0
3976,29763,131288,0
3977,48515,14067,0
3978,133447,100453,0
3979,12184,126334,0
3980,33490,3232,0
3981,18699,91929,0
3982,104157,35049,0
3983,62440,28818,0
3984,3983,33855,0
3985,92436,94398,0
3986,38541,9251,0
3987,32856,136576,0
3988,76799,52883,0
3989,124934,47418,0
3990,146159,79647,0
3991,2294,84096,0
3992,145309,137,0
3993,49980,121179,0
3994,27985,24973,0
3995,33263,126334,0
3996,85798,133103,0
3997,80276,69979,0
3998,78720,55406,0
3999,33546,67952,0
4000,95586,86914,0
4001,105866,15709,0
4002,35628,43268,0
4003,54411,50009,0
4004,142093,3232,0
4005,143289,109058,0
4006,143145,64181,0
4007,115089,119961,0
4008,62308,151034,0
4009,55051,13810,0
4010,64848,145309,0
4011,105866,59538,0
4012,90231,15827,0
4013,108580,57625,0
4014,49059,15827,0
4015,123286,11374,0
4016,29265,81317,0
4017,20522,120548,0
4018,33843,22801,0
4019,64848,46677,0
4020,4830,91929,0
4021,9037,102534,0
4022,133962,31206,0
4023,148920,24383,0
4024,97866,136027,0
4025,146759,46548,0
4026,63570,91989,0
4027,110256,55406,0
4028,81650,58717,0
4029,18699,57625,0
4030,9037,62742,0
4031,135005,26050,0
4032,17583,120021,0
4033,123183,43928,0
4034,130853,57625,0
4035,82435,92828,0
4036,79186,37224,0
4037,72301,7392,0
4038,21751,27443,0
4039,71204,93582,0
4040,77734,37163,0
4041,58146,136982,0
4042,24613,15334,0
4043,122831,155047,0
4044,41557,91650,0
4045,10908,87985,0
4046,2974,59538,0
4047,47568,15827,0
4048,87973,100007,0
4049,51836,20858,0
4050,87973,15038,0
4051,72023,116934,0
4052,93279,92877,0
4053,145982,47137,0
4054,134925,32259,0
4055,46548,3232,0
4056,135114,33337,0
4057,24973,136576,0
4058,125589,22801,0
4059,63570,59538,0
4060,145694,32379,0
4061,348,62174,0
4062,62993,37163,0
4063,40439,83981,0
4064,60347,120021,0
4065,86985,85798,0
4066,81153,84403,0
4067,133542,15709,0
4068,24973,49300,0
4069,79186,7279,0
4070,5964,67516,0
4071,2294,151034,0
4072,148920,348,0
4073,122231,5765,0
4074,108580,155047,0
4075,24062,24263,0
4076,148119,110915,0
4077,38541,15334,0
4078,71143,16006,0
4079,77761,71204,0
4080,35980,23195,0
4081,54411,155095,0
4082,79934,3937,0
4083,41557,62440,0
4084,145309,122185,0
4085,148920,8243,0
4086,99574,155095,0
4087,83908,19543,0
4088,29199,55406,0
4089,126744,91650,0
4090,112534,20858,0
4091,135005,140465,0
4092,79092,41829,0
4093,44124,136982,0
4094,14177,9825,0
4095,112746,42093,0
4096,138559,58717,0
4097,52883,104505,0
4098,62440,151034,0
4099,57368,8243,0
4100,146132,28818,0
4101,136564,24973,0
4102,4681,26050,0
4103,11621,100223,0
4104,1778,96827,0
4105,27534,89807,0
4106,133542,94841,0
4107,143145,133721,0
4108,9037,97866,0
4109,29171,97866,0
4110,1040,125744,0
4111,33263,153355,0
4112,22801,130074,0
4113,25799,75479,0
4114,27534,84096,0
4115,82605,53157,0
4116,29763,110915,0
4117,94602,27041,0
4118,94602,35716,0
4119,92438,145694,0
4120,100906,12666,0
4121,32059,37224,0
4122,62993,44307,0
4123,74667,47864,0
4124,82779,77761,0
4125,93279,75479,0
4126,139982,64181,0
4127,54411,78392,0
4128,65409,35049,0
4129,11861,90697,0
4130,140318,150791,0
4131,92438,19543,0
4132,149382,20205,0
4133,92877,102534,0
4134,49300,19543,0
4135,8389,140465,0
4136,97866,57140,0
4137,131746,126700,0
4138,145782,15334,0
4139,46983,348,0
4140,21751,144160,0
4141,64848,110915,0
4142,134925,39588,0
4143,65942,126700,0
4144,146159,57995,0
4145,120717,17143,0
4146,41034,35716,0
4147,112534,67952,0
4148,145982,110915,0
4149,94359,96827,0
4150,69359,153289,0
4151,59378,130074,0
4152,86803,126334,0
4153,28597,134925,0
4154,14177,47864,0
4155,109058,91929,0
4156,82435,9251,0
4157,63126,3937,0
4158,154167,120548,0
4159,96613,95586,0
4160,68148,120064,0
4161,38541,144160,0
4162,115089,97914,0
4163,122231,42093,0
4164,63126,149313,0
4165,150992,108748,0
4166,78720,28358,0
4167,27720,37224,0
4168,27577,87985,0
4169,47144,137101,0
4170,3983,116934,0
4171,49980,5765,0
4172,57625,120021,0
4173,46983,151034,0
4174,84403,147903,0
4175,71143,39588,0
4176,47144,139193,0
4177,59378,101558,0
4178,77734,122185,0
4179,92877,84096,0
4180,78587,100223,0
4181,96384,43225,0
4182,145982,43196,0
4183,47993,16006,0
4184,116530,134925,0
4185,25015,42858,0
4186,10328,4857,0
4187,133754,151028,0
4188,123183,127008,0
4189,146759,102534,0
4190,123370,89807,0
4191,136123,86890,0
4192,123183,91650,0
4193,132626,27041,0
4194,148119,94398,0
4195,104157,46548,0
4196,57368,18505,0
4197,58146,20399,0
4198,112746,18505,0
4199,41034,15334,0
4200,25468,28818,0
4201,150342,134867,0
4202,147751,108719,0
4203,15245,155095,0
4204,76797,47137,0
4205,149340,11703,0
4206,33546,3902,0
4207,133629,27041,0
4208,73027,62742,0
4209,135114,127193,0
4210,63570,139193,0
4211,29171,75479,0
4212,143289,71204,0
4213,78720,92877,0
4214,145982,64181,0
4215,145982,70273,0
4216,125165,38477,0
4217,55174,55406,0
4218,131296,960,0
4219,6189,81317,0
4220,27767,3902,0
4221,76799,139849,0
4222,96384,102534,0
4223,123286,134925,0
4224,119442,7392,0
4225,15521,47864,0
4226,83981,133721,0
4227,11182,35716,0
4228,77734,14067,0
4229,67950,110915,0
4230,17583,32379,0
4231,134780,53894,0
4232,64181,3902,0
4233,15709,137101,0
4234,79092,121179,0
4235,112746,33855,0
4236,92959,48214,0
4237,64181,23482,0
4238,19159,145309,0
4239,27369,67952,0
4240,27433,150791,0
4241,150342,91650,0
4242,133962,153289,0
4243,128169,15038,0
4244,71437,152949,0
4245,87703,147859,0
4246,135192,27443,0
4247,85751,140465,0
4248,127602,93902,0
4249,72301,147903,0
4250,85637,155095,0
4251,78720,79767,0
4252,78587,13810,0
4253,107197,41829,0
4254,55174,9619,0
4255,40439,21302,0
4256,93451,38904,0
4257,145782,101558,0
4258,27720,62440,0
4259,27767,120021,0
4260,94602,96827,0
4261,110256,127193,0
4262,127611,139982,0
4263,115641,12666,0
4264,78587,49300,0
4265,1040,70273,0
4266,65942,86914,0
4267,47144,104427,0
4268,123286,94841,0
4269,96613,147903,0
4270,32698,139849,0
4271,90231,15709,0
4272,64837,36478,0
4273,35628,147078,0
4274,57625,62308,0
4275,21916,89793,0
4276,100330,89807,0
4277,93451,127008,0
4278,19543,12395,0
4279,136564,8243,0
4280,131746,104427,0
4281,131820,20858,0
4282,47418,22801,0
4283,147251,152949,0
4284,59306,15334,0
4285,146039,127008,0
4286,125165,28818,0
4287,85798,20399,0
4288,55051,122185,0
4289,27720,18505,0
4290,125589,42858,0
4291,62670,91929,0
4292,68741,120064,0
4293,57625,35716,0
4294,29199,73671,0
4295,24613,68040,0
4296,9037,110915,0
4297,144304,114983,0
4298,152433,138306,0
4299,67000,78209,0
4300,32259,27041,0
4301,54927,26050,0
4302,93279,28818,0
4303,29763,91929,0
4304,123144,48707,0
4305,47864,28818,0
4306,10908,62440,0
4307,109058,67952,0
4308,10328,55406,0
4309,2294,26913,0
4310,40439,142690,0
4311,15245,39451,0
4312,73027,119961,0
4313,131746,120548,0
4314,122831,61715,0
4315,84403,23482,0
4316,79934,97914,0
4317,59974,20205,0
4318,64848,3902,0
4319,96384,20205,0
4320,138785,116232,0
4321,40035,102534,0
4322,72023,27041,0
4323,135114,16431,0
4324,77761,132626,0
4325,82605,35716,0
4326,137509,100453,0
4327,348,91929,0
4328,38541,125589,0
4329,45103,125744,0
4330,48515,40777,0
4331,122831,138641,0
4332,19543,58007,0
4333,145982,136982,0
4334,90697,70058,0
4335,96384,52883,0
4336,140318,89807,0
4337,12184,26050,0
4338,80454,42093,0
4339,142093,142679,0
4340,74859,112544,0
4341,80454,148922,0
4342,2974,136982,0
4343,47568,44094,0
4344,22447,79767,0
4345,97866,44094,0
4346,152433,62174,0
4347,49300,153355,0
4348,104157,145694,0
4349,123286,24263,0
4350,96384,67336,0
4351,10328,148922,0
4352,24613,58377,0
4353,143145,75479,0
4354,47568,78392,0
4355,115228,86890,0
4356,41034,67336,0
4357,119399,55406,0
4358,71437,130074,0
4359,27985,26913,0
4360,123183,147859,0
4361,96384,151034,0
4362,139982,91929,0
4363,110256,94398,0
4364,69979,67336,0
4365,74532,91650,0
4366,100330,23195,0
4367,47144,42858,0
4368,91934,101089,0
4369,124934,147078,0
4370,17583,348,0
4371,24062,53157,0
4372,17583,348,0
4373,35980,16431,0
4374,59306,68985,0
4375,24204,9825,0
4376,72023,100007,0
4377,92436,132626,0
4378,106031,62670,0
4379,133103,126302,0
4380,71204,15334,0
4381,48008,104427,0
4382,68778,37163,0
4383,86890,48464,0
4384,5964,139849,0
4385,58163,83209,0
4386,146039,127193,0
4387,109058,18125,0
4388,40035,151034,0
4389,59974,79767,0
4390,133103,137101,0
4391,11186,3937,0
4392,4681,149712,0
4393,36021,100453,0
4394,33263,47418,0
4395,82779,83209,0
4396,148920,34686,0
4397,11874,77682,0
4398,11620,960,0
4399,49300,125744,0
4400,59378,20205,0
4401,47144,3902,0
4402,76799,14067,0
4403,123286,37224,0
4404,87868,147078,0
4405,33263,34375,0
4406,140117,155047,0
4407,40704,21302,0
4408,83232,145309,0
4409,55050,41829,0
4410,96384,149712,0
4411,1778,138306,0
4412,47993,40427,0
4413,62993,32379,0
4414,80454,68639,0
4415,133542,120021,0
4416,94375,48464,0
4417,34748,93902,0
4418,49300,12395,0
4419,94375,68040,0
4420,62308,126700,0
4421,11861,136117,0
4422,81153,13810,0
4423,38541,36478,0
4424,130240,101445,0
4425,128169,26050,0
4426,127602,24263,0
4427,29763,117451,0
4428,123286,62174,0
4429,87973,50009,0
4430,9037,94398,0
4431,32397,18505,0
4432,97866,120064,0
4433,81153,133103,0
4434,52883,14067,0
4435,85751,149313,0
4436,130853,14067,0
4437,81473,147903,0
4438,128169,21302,0
4439,105866,14067,0
4440,83908,51475,0
4441,64181,145694,0
4442,17583,35716,0
4443,47418,62670,0
4444,115228,100007,0
4445,69359,96827,0
4446,147751,68040,0
4447,86985,139193,0
4448,63794,97866,0
4449,11621,31206,0
4450,32698,15038,0
4451,133542,116232,0
4452,36325,9619,0
4453,47418,110915,0
4454,71437,119961,0
4455,81473,960,0
4456,85751,121085,0
4457,101415,14067,0
4458,11182,13751,0
4459,55174,42858,0
4460,123370,136027,0
4461,41557,70153,0
4462,30653,122831,0
4463,17583,68639,0
4464,41034,15709,0
4465,33546,49300,0
4466,88969,147903,0
4467,41557,122185,0
4468,702,138306,0
4469,21751,97866,0
4470,69979,100453,0
4471,90697,28251,0
4472,34621,18125,0
4473,87703,28251,0
4474,81473,4857,0
4475,64837,58717,0
4476,49980,153825,0
4477,6189,92828,0
4478,38541,136027,0
4479,47418,22801,0
4480,11186,28251,0
4481,91650,28818,0
4482,47993,136576,0
4483,29265,62580,0
4484,64848,137101,0
4485,79934,136576,0
4486,67950,94398,0
4487,36021,62993,0
4488,32397,127193,0
4489,50401,61715,0
4490,147751,86914,0
4491,29199,145694,0
4492,4277,83981,0
4493,103550,83981,0
4494,82435,92877,0
4495,125589,155047,0
4496,94359,51475,0
4497,32397,23482,0
4498,2974,102534,0
4499,74667,27443,0
4500,87703,960,0
4501,118116,121179,0
4502,47829,139982,0
4503,82605,91989,0
4504,29199,24973,0
4505,36021,67336,0
4506,143289,26913,0
4507,54196,102534,0
4508,40613,142690,0
4509,6189,110915,0
4510,27433,96827,0
4511,55051,37224,0
4512,58146,67336,0
4513,71075,28818,0
4514,61715,75479,0
4515,76799,25810,0
4516,62670,114983,0
4517,67950,89793,0
4518,71628,24973,0
4519,29171,23482,0
4520,73027,68639,0
4521,72301,125589,0
4522,127602,49016,0
4523,74532,20399,0
4524,11861,89807,0
4525,105289,33337,0
4526,50401,101445,0
4527,33263,84403,0
4528,33546,92877,0
4529,49980,43928,0
4530,28597,21302,0
4531,146159,126302,0
4532,33546,32379,0
4533,25157,18505,0
4534,49059,126302,0
4535,58146,127008,0
4536,134925,145309,0
4537,15467,83209,0
4538,95586,31206,0
4539,71204,122185,0
4540,127602,100906,0
4541,48515,117451,0
4542,32259,67336,0
4543,105289,139849,0
4544,30653,78857,0
4545,121331,96827,0
4546,59378,28251,0
4547,25479,43268,0
4548,49300,134867,0
4549,127611,21302,0
4550,73039,28358,0
4551,1040,40427,0
4552,27369,33337,0
4553,65942,16006,0
4554,114983,78392,0
4555,93279,148922,0
4556,152433,47418,0
4557,96827,147859,0
4558,82435,61715,0
4559,79092,16431,0
4560,92436,32379,0
4561,71143,101089,0
4562,8389,18505,0
4563,119399,142679,0
4564,22447,96827,0
4565,62993,37163,0
4566,57625,43196,0
4567,92959,31206,0
4568,152460,101089,0
4569,52883,139849,0
4570,55051,100007,0
4571,85751,70273,0
4572,48008,17143,0
4573,63583,108748,0
4574,112534,87985,0
4575,131296,15709,0
4576,87703,57625,0
4577,143582,51475,0
4578,85637,138306,0
4579,88426,93451,0
4580,20083,47864,0
4581,61715,84403,0
4582,71437,23482,0
4583,29309,101558,0
4584,27033,133103,0
4585,35628,58717,0
4586,146132,49016,0
4587,82605,73671,0
4588,74532,49300,0
4589,47864,46677,0
4590,146039,24383,0
4591,30653,28251,0
4592,30653,12666,0
4593,58163,83981,0
4594,29265,101089,0
4595,46548,11703,0
4596,33263,19543,0
4597,48008,136576,0
4598,71143,92828,0
4599,71437,91989,0
4600,15521,27443,0
4601,146132,35716,0
4602,54196,47864,0
4603,88969,121601,0
4604,88969,62670,0
4605,54196,110915,0
4606,62670,155047,0
4607,120717,15827,0
4608,5765,46677,0
4609,107802,47418,0
4610,81473,17143,0
4611,3246,53157,0
4612,55051,92877,0
4613,47568,137,0
4614,1040,97914,0
4615,145982,62580,0
4616,109058,70273,0
4617,29878,34686,0
4618,143582,26913,0
4619,25468,23482,0
4620,33843,44094,0
4621,96613,68985,0
4622,71143,133721,0
4623,109759,101445,0
4624,78587,121085,0
4625,15521,124052,0
4626,55174,20858,0
4627,39743,130074,0
4628,133447,127008,0
4629,139982,79647,0
4630,97986,108748,0
4631,142093,48707,0
4632,100007,87985,0
4633,136549,7392,0
4634,32059,96827,0
4635,80454,61272,0
4636,137509,48707,0
4637,29878,7279,0
4638,133542,20858,0
4639,27577,136027,0
4640,1778,126302,0
4641,32856,144160,0
4642,139982,122185,0
4643,135005,68985,0
4644,123286,62308,0
4645,29878,53157,0
4646,14177,11374,0
4647,32856,26050,0
4648,112534,102534,0
4649,86789,70153,0
4650,149382,121179,0
4651,133754,44307,0
4652,25335,7392,0
4653,83981,139982,0
4654,12184,112544,0
4655,148920,27041,0
4656,88426,119961,0
4657,50401,3232,0
4658,4830,26913,0
4659,2449,78209,0
4660,100330,83209,0
4661,38541,23195,0
4662,25015,93902,0
4663,133542,108148,0
4664,119399,89807,0
4665,25335,152949,0
4666,81539,112544,0
4667,83908,68639,0
4668,123183,136982,0
4669,77549,91929,0
4670,106626,147859,0
4671,154147,62308,0
4672,41557,32259,0
4673,77549,127008,0
4674,154167,70058,0
4675,130853,48464,0
4676,28597,104505,0
4677,65409,40427,0
4678,28597,39451,0
4679,348,138641,0
4680,34621,120064,0
4681,71437,85798,0
4682,131746,139193,0
4683,27534,121179,0
4684,64181,32379,0
4685,18699,36478,0
4686,144304,101558,0
4687,67969,79767,0
4688,54394,96827,0
4689,60347,71204,0
4690,76799,121601,0
4691,135192,104505,0
4692,122831,51475,0
4693,64848,41829,0
4694,79934,85798,0
4695,85637,91989,0
4696,40613,95586,0
4697,38541,153355,0
4698,138785,149313,0
4699,57368,60452,0
4700,10328,21302,0
4701,81153,9251,0
4702,135005,112544,0
4703,125589,40427,0
4704,50926,68985,0
4705,79934,101445,0
4706,10908,71624,0
4707,133962,49300,0
4708,100906,33855,0
4709,101089,121179,0
4710,25157,59538,0
4711,39378,57140,0
4712,141601,78857,0
4713,133629,122831,0
4714,61290,24263,0
4715,32259,101445,0
4716,45103,53157,0
4717,94602,147859,0
4718,81539,137,0
4719,139982,62742,0
4720,24204,147859,0
4721,126744,91929,0
4722,11861,139193,0
4723,105369,114983,0
4724,4310,92877,0
4725,27577,93885,0
4726,119399,9825,0
4727,107197,142690,0
4728,123183,62580,0
4729,3246,108719,0
4730,81313,147903,0
4731,11620,9825,0
4732,14177,58377,0
4733,122231,121179,0
4734,63126,43196,0
4735,76797,121085,0
4736,57625,40427,0
4737,146132,77682,0
4738,83908,94841,0
4739,115031,69979,0
4740,15709,47418,0
4741,12184,85798,0
4742,140117,150791,0
4743,138559,68985,0
4744,40613,93451,0
4745,98807,70273,0
4746,68778,9619,0
4747,19543,135547,0
4748,63794,37384,0
4749,150992,144160,0
4750,29763,121085,0
4751,128169,26913,0
4752,86890,35716,0
4753,47993,152882,0
4754,11905,108719,0
4755,15187,116934,0
4756,116530,37384,0
4757,29763,97866,0
4758,49300,58717,0
4759,133754,127649,0
4760,33263,78857,0
4761,15187,46677,0
4762,63794,102534,0
4763,49059,93582,0
4764,126302,7392,0
4765,81153,139193,0
4766,6189,103034,0
4767,73039,18125,0
4768,5765,150791,0
4769,69979,89807,0
4770,58163,77682,0
4771,27033,67952,0
4772,86789,78209,0
4773,27033,52883,0
4774,27720,39588,0
4775,130853,87985,0
4776,119442,44094,0
4777,140433,22801,0
4778,123286,27041,0
4779,128169,28251,0
4780,27720,58377,0
4781,96613,124052,0
4782,28597,16431,0
4783,64837,23482,0
4784,39743,121179,0
4785,146039,348,0
4786,2449,108748,0
4787,125589,85798,0
4788,11620,144160,0
4789,101415,59538,0
4790,152460,92828,0
4791,130074,44094,0
4792,92959,47418,0
4793,36021,145309,0
4794,64848,44307,0
4795,142690,46548,0
4796,99574,42093,0
4797,63794,152949,0
4798,150342,121179,0
4799,63583,47418,0
4800,47864,48214,0
4801,39743,67952,0
4802,71143,83981,0
4803,105866,27443,0
4804,63126,147903,0
4805,91650,49300,0
4806,27033,138641,0
4807,134780,62670,0
4808,145694,59538,0
4809,34621,114983,0
4810,119399,43196,0
4811,124934,3902,0
4812,71437,58377,0
4813,82435,20399,0
4814,91650,144160,0
4815,145782,93451,0
4816,34621,120548,0
4817,47993,15334,0
4818,41034,145694,0
4819,52883,48464,0
4820,146132,144160,0
4821,64181,960,0
4822,27534,70273,0
4823,47864,4857,0
4824,81539,7392,0
4825,25479,142690,0
4826,51836,15038,0
4827,51836,62440,0
4828,27720,152949,0
4829,19159,35716,0
4830,52850,43268,0
4831,61827,64181,0
4832,112195,51475,0
4833,114983,15334,0
4834,34621,89807,0
4835,68741,42093,0
4836,54394,78392,0
4837,105369,40427,0
4838,4830,149712,0
4839,106031,61272,0
4840,145309,130074,0
4841,44124,5575,0
4842,125165,133103,0
4843,134925,120021,0
4844,79934,86890,0
4845,58163,152882,0
4846,63583,91929,0
4847,149382,60452,0
4848,90231,101089,0
4849,4277,49300,0
4850,85798,145309,0
4851,135005,42093,0
4852,146159,104427,0
4853,29763,4277,0
4854,32259,139982,0
4855,38541,19394,0
4856,61290,112544,0
4857,4310,102534,0
4858,73039,54322,0
4859,83908,83981,0
4860,146039,67952,0
4861,4277,137355,0
4862,63126,145694,0
4863,148257,77761,0
4864,32059,348,0
4865,82779,121085,0
4866,54394,40777,0
4867,135005,19543,0
4868,35980,104427,0
4869,131296,3937,0
4870,107197,122831,0
4871,149340,137355,0
4872,28597,61272,0
4873,150992,26050,0
4874,46983,39258,0
4875,59306,92828,0
4876,148257,122831,0
4877,53796,108148,0
4878,76799,123704,0
4879,148119,24263,0
4880,50926,44094,0
4881,54927,100453,0
4882,140433,75479,0
4883,4310,108148,0
4884,28597,151034,0
4885,27534,125744,0
4886,30653,4277,0
4887,61715,100453,0
4888,94602,122831,0
4889,40613,53157,0
4890,76797,125744,0
4891,149382,153355,0
4892,148920,102534,0
4893,132626,58717,0
4894,4830,83209,0
4895,11874,121536,0
4896,143145,101558,0
4897,54411,151034,0
4898,108580,32379,0
4899,77549,43928,0
4900,24062,18125,0
4901,35980,133721,0
4902,118116,87985,0
4903,68778,140465,0
4904,76797,42858,0
4905,91934,59538,0
4906,68741,4277,0
4907,146132,62580,0
4908,86803,3902,0
4909,88426,67336,0
4910,130074,133103,0
4911,10328,116232,0
4912,124934,116232,0
4913,67969,139193,0
4914,25015,148922,0
4915,41578,137101,0
4916,12184,15827,0
4917,71437,112544,0
4918,36021,70273,0
4919,87973,26913,0
4920,25335,108748,0
4921,40704,91989,0
4922,110256,136576,0
4923,54927,52883,0
4924,148119,42093,0
4925,86789,125744,0
4926,22801,134925,0
4927,4830,94841,0
4928,125165,26050,0
4929,78587,93902,0
4930,83232,3902,0
4931,146039,117451,0
4932,101415,7279,0
4933,24204,51475,0
4934,44124,67336,0
4935,91650,97914,0
4936,3246,40777,0
4937,64837,139982,0
4938,119399,93582,0
4939,104157,15709,0
4940,77734,137,0
4941,82605,127193,0
4942,66523,62580,0
4943,85751,26913,0
4944,94359,58377,0
4945,85637,84403,0
4946,73039,68985,0
4947,63583,68639,0
4948,152460,67516,0
4949,86803,145694,0
4950,116530,70273,0
4951,57625,69979,0
4952,68778,70058,0
4953,93001,97914,0
4954,137509,124052,0
4955,39378,150791,0
4956,58146,148922,0
4957,115641,152949,0
4958,120717,68040,0
4959,131746,147859,0
4960,62440,122831,0
4961,115641,150791,0
4962,35628,91650,0
4963,116530,133721,0
4964,105866,140465,0
4965,77549,34375,0
4966,67000,92877,0
4967,128169,108719,0
4968,85751,121601,0
4969,18699,79647,0
4970,84403,135547,0
4971,82779,67952,0
4972,21916,121513,0
4973,133629,120021,0
4974,108580,126334,0
4975,72301,121513,0
4976,48008,139849,0
4977,80276,61272,0
4978,128169,26050,0
4979,101415,84403,0
4980,94359,122185,0
4981,74532,78209,0
4982,50327,57995,0
4983,130074,91650,0
4984,48008,13810,0
4985,27720,122185,0
4986,66523,48707,0
4987,112534,104505,0
4988,86789,153355,0
4989,47829,4277,0
4990,86803,58377,0
4991,71075,84403,0
4992,83908,62993,0
4993,79934,94398,0
4994,76797,123704,0
4995,120717,108719,0
4996,145694,15334,0
4997,55050,138641,0
4998,78720,132626,0
4999,131296,43225,0
5000,92877,121179,0
5001,86789,137101,0
5002,3983,70273,0
5003,83981,58717,0
5004,77734,54322,0
5005,74532,120021,0
5006,121331,42858,0
5007,118116,52883,0
5008,62308,43268,0
5009,133629,97914,0
5010,50401,152949,0
5011,40704,153289,0
5012,40704,15709,0
5013,59159,960,0
5014,27033,151028,0
5015,22447,145694,0
5016,81153,20858,0
5017,55174,116232,0
5018,11374,960,0
5019,3246,19543,0
5020,17583,38904,0
5021,71437,127649,0
5022,133962,7392,0
5023,52850,101445,0
5024,140117,34686,0
5025,40439,75479,0
5026,69979,104505,0
5027,150342,145309,0
5028,83209,97899,0
5029,55050,37384,0
5030,34621,39451,0
5031,71628,97899,0
5032,123370,138641,0
5033,94359,9619,0
5034,145782,7392,0
5035,87868,68985,0
5036,17583,126302,0
5037,123183,20858,0
5038,3983,33337,0
5039,29763,62174,0
5040,136549,62308,0
5041,64181,960,0
5042,50926,34686,0
5043,86803,91650,0
5044,3983,83209,0
5045,34621,23195,0
5046,134780,40777,0
5047,82435,43268,0
5048,82779,125589,0
5049,32856,13810,0
5050,32856,114983,0
5051,86789,3937,0
5052,137509,7279,0
5053,97866,49300,0
5054,86803,16431,0
5055,92436,89793,0
5056,54927,93582,0
5057,50401,38904,0
5058,3246,116232,0
5059,130240,23482,0
5060,41557,25810,0
5061,123183,26050,0
5062,24062,125744,0
5063,11620,139193,0
5064,29376,37224,0
5065,91934,87985,0
5066,2974,97899,0
5067,54411,13810,0
5068,96827,14067,0
5069,121536,43196,0
5070,108580,78857,0
5071,25799,153825,0
5072,97866,119961,0
5073,38855,97914,0
5074,47144,101558,0
5075,83908,147859,0
5076,94602,122831,0
5077,98807,101089,0
5078,19159,149712,0
5079,101089,57140,0
5080,105369,60452,0
5081,154147,49016,0
5082,82435,132626,0
5083,5964,28818,0
5084,135192,4857,0
5085,38541,27443,0
5086,27433,27041,0
5087,133962,149712,0
5088,131296,58007,0
5089,55050,153355,0
5090,44124,58377,0
5091,32856,152882,0
5092,143582,125589,0
5093,141601,43196,0
5094,12184,151028,0
5095,33546,64181,0
5096,11374,101445,0
5097,33263,43225,0
5098,140318,104427,0
5099,22447,149313,0
5100,85751,5765,0
5101,35628,136982,0
5102,27985,94398,0
5103,64837,137355,0
5104,3246,124052,0
5105,1040,48707,0
5106,2974,23482,0
5107,145694,142679,0
5108,78720,44094,0
5109,135192,147903,0
5110,123286,21302,0
5111,140433,139982,0
5112,27369,121601,0
5113,94359,57995,0
5114,3983,34375,0
5115,90697,96827,0
5116,87703,101089,0
5117,81539,152949,0
5118,35980,104427,0
5119,47568,43928,0
5120,11861,40777,0
5121,138785,70273,0
5122,96384,78857,0
5123,702,137355,0
5124,146759,97914,0
5125,25015,152882,0
5126,25157,126700,0
5127,135005,39258,0
5128,44094,148922,0
5129,138559,117451,0
5130,54394,61715,0
5131,76797,120548,0
5132,12184,89807,0
5133,91650,23195,0
5134,25799,121513,0
5135,73027,51475,0
5136,24613,8243,0
5137,85637,116232,0
5138,82779,12395,0
5139,25335,93582,0
5140,63583,112544,0
5141,85798,117451,0
5142,49094,139849,0
5143,140117,103034,0
5144,68741,85798,0
5145,146132,104427,0
5146,39552,91929,0
5147,4310,75479,0
5148,49980,8243,0
5149,3246,34375,0
5150,44094,68040,0
5151,27720,58717,0
5152,27577,153355,0
5153,145982,24383,0
5154,126744,127649,0
5155,126744,137101,0
5156,128169,5575,0
5157,87703,97866,0
5158,127602,138306,0
5159,39378,63093,0
5160,33490,120548,0
5161,112746,101089,0
5162,46548,22801,0
5163,11874,43196,0
5164,32856,97899,0
5165,79092,145694,0
5166,109759,3937,0
5167,135192,960,0
5168,137101,62174,0
5169,15999,95586,0
5170,63570,13751,0
5171,154147,28358,0
5172,91650,4857,0
5173,92438,127193,0
5174,30653,136982,0
5175,82435,126334,0
5176,138785,19394,0
5177,15245,348,0
5178,63794,68985,0
5179,68741,73671,0
5180,74532,69979,0
5181,2294,62440,0
5182,152460,38477,0
5183,25157,26050,0
5184,29878,127008,0
5185,116530,15827,0
5186,143145,87985,0
5187,120717,12666,0
5188,32059,4277,0
5189,61715,133721,0
5190,66905,9825,0
5191,145782,83209,0
5192,52883,100223,0
5193,134780,71624,0
5194,115089,134925,0
5195,81153,4277,0
5196,5964,108148,0
5197,133447,137,0
5198,126302,13810,0
5199,62308,62174,0
5200,46548,3902,0
5201,82779,19394,0
5202,79934,62580,0
5203,64837,5575,0
5204,93279,27443,0
5205,24973,101558,0
5206,27767,15827,0
5207,59974,57625,0
5208,21751,136576,0
5209,15467,121085,0
5210,62670,87985,0
5211,58146,60452,0
5212,45103,13810,0
5213,27433,121179,0
5214,15521,48707,0
5215,146159,150791,0
5216,72023,3937,0
5217,52883,151028,0
5218,22801,13810,0
5219,88969,121513,0
5220,143145,97899,0
5221,87868,117451,0
5222,14177,94398,0
5223,146759,62670,0
5224,133103,137,0
5225,136564,97866,0
5226,136549,27041,0
5227,46548,121513,0
5228,61290,89807,0
5229,49094,131288,0
5230,145982,59538,0
5231,51836,33855,0
5232,140117,62174,0
5233,150342,38904,0
5234,11182,97866,0
5235,9037,148922,0
5236,93451,57140,0
5237,147751,135547,0
5238,140433,83209,0
5239,109759,91650,0
5240,92436,124052,0
5241,65942,68639,0
5242,46983,77761,0
5243,96827,89793,0
5244,15261,102534,0
5245,108580,91929,0
5246,54196,28251,0
5247,39552,21302,0
5248,50327,121536,0
5249,58163,126302,0
5250,149382,112544,0
5251,87703,100453,0
5252,22447,47137,0
5253,29763,54322,0
5254,4310,32379,0
5255,5765,101445,0
5256,131296,79767,0
5257,146132,46548,0
5258,50327,120021,0
5259,147251,138641,0
5260,85637,147078,0
5261,36021,89793,0
5262,148920,24973,0
5263,96384,78857,0
5264,100330,138306,0
5265,107802,81317,0
5266,148257,17143,0
5267,126744,37163,0
5268,73039,27443,0
5269,126302,100453,0
5270,11703,108719,0
5271,121536,139982,0
5272,11703,81317,0
5273,36325,102534,0
5274,94359,59538,0
5275,100330,104427,0
5276,137101,58377,0
5277,63126,152949,0
5278,146159,97866,0
5279,109759,70273,0
5280,40035,18505,0
5281,10908,126302,0
5282,67969,150791,0
5283,24973,83981,0
5284,33263,139193,0
5285,9037,120548,0
5286,54196,33855,0
5287,152460,139982,0
5288,81650,110915,0
5289,33546,149313,0
5290,44124,104505,0
5291,76799,62670,0
5292,144304,91650,0
5293,29309,34375,0
5294,25335,5765,0
5295,123286,9825,0
5296,34748,114983,0
5297,11874,9825,0
5298,92959,35049,0
5299,148119,154184,0
5300,27534,136982,0
5301,15467,93582,0
5302,54394,43928,0
5303,77761,37224,0
5304,29309,60452,0
5305,112746,144160,0
5306,112195,36478,0
5307,121536,960,0
5308,133629,79767,0
5309,2449,60452,0
5310,28597,22801,0
5311,17583,23195,0
5312,11874,71624,0
5313,38855,39588,0
5314,76797,8243,0
5315,149340,13751,0
5316,79186,57995,0
5317,53796,92877,0
5318,55051,86890,0
5319,22801,91989,0
5320,88969,3902,0
5321,68778,110915,0
5322,41034,137101,0
5323,48515,47418,0
5324,66905,93582,0
5325,48515,53157,0
5326,21751,19543,0
5327,123370,27041,0
5328,152460,40777,0
5329,15261,120548,0
5330,149340,123704,0
5331,29763,20399,0
5332,69979,5575,0
5333,51836,43196,0
5334,77761,49016,0
5335,98807,68985,0
5336,76799,122831,0
5337,112534,20858,0
5338,83232,40777,0
5339,36021,62742,0
5340,135114,23195,0
5341,39552,53157,0
5342,69359,48214,0
5343,133447,42093,0
5344,11621,9251,0
5345,79186,25810,0
5346,63126,27041,0
5347,49980,155047,0
5348,47993,153355,0
5349,68148,131288,0
5350,100906,101558,0
5351,29763,3937,0
5352,123286,14067,0
5353,85751,47864,0
5354,41578,122831,0
5355,29199,54322,0
5356,92959,26913,0
5357,84403,77682,0
5358,19543,93451,0
5359,105289,48214,0
5360,133629,100223,0
5361,96384,97866,0
5362,136549,70153,0
5363,46548,68985,0
5364,138785,27041,0
5365,20522,134867,0
5366,150342,133103,0
5367,50327,116232,0
5368,18699,130074,0
5369,87973,7392,0
5370,45103,36478,0
5371,96384,130074,0
5372,63583,19543,0
5373,29199,116232,0
5374,48515,40777,0
5375,120717,126700,0
5376,24062,116934,0
5377,149340,125589,0
5378,39743,24973,0
5379,62670,33855,0
5380,25479,114983,0
5381,64837,51475,0
5382,44124,46677,0
5383,63794,137,0
5384,62670,47137,0
5385,25015,15709,0
5386,101089,62670,0
5387,97866,18505,0
5388,11186,23195,0
5389,2294,96827,0
5390,38541,147859,0
5391,11861,121179,0
5392,128169,43268,0
5393,27369,38477,0
5394,15187,35716,0
5395,83209,70058,0
5396,124934,140465,0
5397,136123,46677,0
5398,128169,75479,0
5399,60347,77761,0
5400,15521,47864,0
5401,82435,3937,0
5402,29309,3232,0
5403,11703,90697,0
5404,130853,49300,0
5405,106626,61715,0
5406,58163,79767,0
5407,20083,79767,0
5408,68741,116232,0
5409,36021,62440,0
5410,143582,19543,0
5411,48515,83981,0
5412,27534,86890,0
5413,49094,122831,0
5414,121331,145694,0
5415,30653,79647,0
5416,63794,100223,0
5417,68741,94398,0
5418,76758,62993,0
5419,41034,135547,0
5420,3246,57625,0
5421,143582,19394,0
5422,32397,83981,0
5423,149340,36478,0
5424,29199,123704,0
5425,152433,108719,0
5426,110256,62308,0
5427,52850,120064,0
5428,32397,79647,0
5429,127602,24383,0
5430,115089,153355,0
5431,39552,109058,0
5432,53796,49016,0
5433,85751,62440,0
5434,85637,112544,0
5435,59974,134925,0
5436,141601,40427,0
5437,29265,50009,0
5438,49980,9251,0
5439,69359,67336,0
5440,85798,116232,0
5441,19543,112544,0
5442,137101,153289,0
5443,19159,94398,0
5444,22801,34686,0
5445,83232,121536,0
5446,105866,70058,0
5447,74859,138306,0
5448,112195,27443,0
5449,49059,139982,0
5450,4830,100906,0
5451,47144,73671,0
5452,2974,14067,0
5453,130074,8243,0
5454,49059,55406,0
5455,24062,117451,0
5456,88969,62308,0
5457,107802,109058,0
5458,64837,149313,0
5459,63583,148922,0
5460,80454,57140,0
5461,148257,348,0
5462,1040,57625,0
5463,152433,32379,0
5464,118116,140465,0
5465,4310,40427,0
5466,9037,122831,0
5467,39378,21302,0
5468,3983,61272,0
5469,27369,28251,0
5470,114983,68985,0
5471,73027,122831,0
5472,131746,83209,0
5473,142093,155047,0
5474,62670,101558,0
5475,86890,123704,0
5476,145982,123704,0
5477,31541,145309,0
5478,137509,39258,0
5479,20522,149712,0
5480,139982,91650,0
5481,62670,138641,0
5482,86789,127649,0
5483,126302,90697,0
5484,126744,102534,0
5485,12184,86914,0
5486,148119,153289,0
5487,61827,147903,0
5488,49300,24383,0
5489,127602,122831,0
5490,95586,19394,0
5491,86803,73671,0
5492,133103,70153,0
5493,130240,126302,0
5494,92959,5765,0
5495,123183,62742,0
5496,80454,52883,0
5497,83232,70153,0
5498,96384,24263,0
5499,66905,132626,0
5500,144304,112544,0
5501,24062,12666,0
5502,121536,125744,0
5503,67950,58007,0
5504,61827,39588,0
5505,103550,3937,0
5506,8389,152882,0
5507,11186,37163,0
5508,27985,78209,0
5509,33843,137355,0
5510,78720,109058,0
5511,126302,110915,0
5512,77734,153355,0
5513,62993,86890,0
5514,72023,31206,0
5515,79092,123704,0
5516,53796,151028,0
5517,107197,153825,0
5518,61290,47137,0
5519,30653,124052,0
5520,67969,44094,0
5521,55174,97899,0
5522,86789,64181,0
5523,146039,137,0
5524,100330,47864,0
5525,10908,34375,0
5526,41557,68639,0
5527,67000,38904,0
5528,123370,103034,0
5529,11621,97914,0
5530,57368,27443,0
5531,133447,35716,0
5532,55174,149313,0
5533,115089,37163,0
5534,57625,36478,0
5535,145782,90697,0
5536,49980,15334,0
5537,112195,87985,0
5538,96384,46548,0
5539,47993,28251,0
5540,61715,9825,0
5541,91934,32379,0
5542,146132,123704,0
5543,146039,69979,0
5544,135005,126334,0
5545,25468,19394,0
5546,97866,46548,0
5547,32856,121536,0
5548,41557,91929,0
5549,61827,133103,0
5550,50327,108148,0
5551,24973,16431,0
5552,148920,121513,0
5553,11620,58377,0
5554,136549,85798,0
5555,128169,64181,0
5556,45103,70273,0
5557,49980,153289,0
5558,66905,36478,0
5559,143289,16431,0
5560,140117,49300,0
5561,92436,69979,0
5562,40704,154184,0
5563,11374,139193,0
5564,29265,93902,0
5565,100906,53157,0
5566,135005,28358,0
5567,71628,140465,0
5568,139849,151028,0
5569,133542,130074,0
5570,82605,28251,0
5571,55050,149313,0
5572,11905,48214,0
5573,142093,93902,0
5574,62993,136027,0
5575,81539,38904,0
5576,96613,25810,0
5577,81313,130074,0
5578,82435,7279,0
5579,133103,121085,0
5580,15999,60452,0
5581,154147,68985,0
5582,78720,75479,0
5583,46983,155047,0
5584,83981,15334,0
5585,348,67336,0
5586,25479,48214,0
5587,49059,4857,0
5588,143289,35716,0
5589,52850,120064,0
5590,81313,127008,0
5591,96613,100007,0
5592,91650,147903,0
5593,61290,127193,0
5594,105369,59538,0
5595,80454,47137,0
5596,91934,13751,0
5597,49094,67952,0
5598,139849,126302,0
5599,149340,85798,0
5600,72301,94398,0
5601,39552,39258,0
5602,15521,38904,0
5603,28597,17143,0
5604,49300,47418,0
5605,133447,37224,0
5606,47993,147903,0
5607,137101,28251,0
5608,123183,8243,0
5609,93001,62670,0
5610,146759,62440,0
5611,119399,120548,0
5612,81539,49016,0
5613,29376,24263,0
5614,5964,101089,0
5615,77549,20205,0
5616,29171,137101,0
5617,152460,13751,0
5618,101089,50009,0
5619,74532,67952,0
5620,122231,47418,0
5621,134780,137101,0
5622,27577,127193,0
5623,48515,92828,0
5624,119442,38477,0
5625,152460,28358,0
5626,20858,43268,0
5627,68741,120548,0
5628,138785,42093,0
5629,47144,150791,0
5630,24613,7392,0
5631,96384,36478,0
5632,83908,87985,0
5633,150992,152949,0
5634,39378,67952,0
5635,8389,71204,0
5636,112195,46677,0
5637,130240,120548,0
5638,65409,120021,0
5639,71628,27041,0
5640,139982,49016,0
5641,44124,23482,0
5642,145309,68040,0
5643,62440,142679,0
5644,144304,152949,0
5645,52850,18505,0
5646,47418,60452,0
5647,38541,47137,0
5648,22801,125589,0
5649,105289,125744,0
5650,27534,71624,0
5651,143289,116934,0
5652,3246,53894,0
5653,11905,110915,0
5654,36021,136982,0
5655,66905,5575,0
5656,134925,70273,0
5657,27033,136576,0
5658,44124,144160,0
5659,52850,32259,0
5660,55051,43928,0
5661,19543,91929,0
5662,124934,136027,0
5663,48515,131288,0
5664,33263,49300,0
5665,146039,57140,0
5666,120717,134925,0
5667,105369,120021,0
5668,54411,57625,0
5669,94602,19543,0
5670,28597,119961,0
5671,134780,40427,0
5672,10328,20399,0
5673,83209,89793,0
5674,92436,89807,0
5675,115641,18125,0
5676,72301,3902,0
5677,1040,120021,0
5678,109058,69979,0
5679,144304,109058,0
5680,14177,145694,0
5681,69979,130074,0
5682,81650,24973,0
5683,47829,87985,0
5684,11374,44094,0
5685,29376,104505,0
5686,128169,89807,0
5687,136123,101445,0
5688,96613,150791,0
5689,71628,101445,0
5690,73027,62174,0
5691,121331,83209,0
5692,5964,54322,0
5693,77734,136576,0
5694,36021,134925,0
5695,94359,62993,0
5696,127611,34375,0
5697,52850,100007,0
5698,46548,20858,0
5699,15245,153355,0
5700,61290,155095,0
5701,83981,348,0
5702,80276,35049,0
5703,47568,139193,0
5704,148119,104505,0
5705,59378,19394,0
5706,47864,24263,0
5707,154147,36478,0
5708,50926,79647,0
5709,127611,101445,0
5710,109058,151028,0
5711,11620,133721,0
5712,103550,151034,0
5713,101089,108719,0
5714,133542,12395,0
5715,80276,16006,0
5716,15521,139982,0
5717,109759,108148,0
5718,67950,3902,0
5719,92877,28251,0
5720,48515,78209,0
5721,114983,133103,0
5722,61827,25810,0
5723,73039,41829,0
5724,141601,24973,0
5725,64831,58717,0
5726,50926,78392,0
5727,148920,51475,0
5728,140318,93902,0
5729,29199,126302,0
5730,29171,153355,0
5731,15709,102534,0
5732,11186,153355,0
5733,22801,133103,0
5734,53796,139849,0
5735,46548,39451,0
5736,123144,26050,0
5737,145982,13751,0
5738,35980,26050,0
5739,63794,39258,0
5740,24973,142679,0
5741,82779,104427,0
5742,67000,62742,0
5743,87973,43928,0
5744,144304,92877,0
5745,76799,3902,0
5746,123286,27041,0
5747,54196,153289,0
5748,58146,68639,0
5749,53796,48464,0
5750,139849,4857,0
5751,61827,78857,0
5752,103550,54322,0
5753,148920,153825,0
5754,63583,77761,0
5755,107802,153825,0
5756,61827,78392,0
5757,702,68040,0
5758,54927,33337,0
5759,94359,35716,0
5760,101415,145694,0
5761,90231,110915,0
5762,131296,19543,0
5763,69979,5765,0
5764,11874,28818,0
5765,84403,7392,0
5766,63126,15334,0
5767,39378,37163,0
5768,11861,21302,0
5769,106031,122185,0
5770,92436,93582,0
5771,64837,94398,0
5772,5964,39588,0
5773,125589,93885,0
5774,123370,28358,0
5775,25799,68985,0
5776,29171,119961,0
5777,87868,69979,0
5778,59974,68639,0
5779,29199,101445,0
5780,76797,151028,0
5781,50401,150791,0
5782,25479,49016,0
5783,50401,32379,0
5784,94602,58377,0
5785,91650,137101,0
5786,133542,38904,0
5787,41034,16006,0
5788,12184,83209,0
5789,15467,32259,0
5790,68148,13810,0
5791,154147,116934,0
5792,145782,13751,0
5793,33490,93885,0
5794,85751,58007,0
5795,54411,122831,0
5796,131296,78392,0
5797,136549,138306,0
5798,39552,348,0
5799,97866,58717,0
5800,104157,139982,0
5801,61827,15334,0
5802,36021,46548,0
5803,95586,43928,0
5804,32397,50009,0
5805,28597,49300,0
5806,29878,37163,0
5807,79092,134867,0
5808,62308,55406,0
5809,702,55406,0
5810,68741,348,0
5811,33546,84403,0
5812,19159,58717,0
5813,146132,93451,0
5814,15261,69979,0
5815,152460,48707,0
5816,80276,101445,0
5817,121331,147859,0
5818,57625,137101,0
5819,25335,50009,0
5820,78720,121536,0
5821,31541,38904,0
5822,81153,38477,0
5823,154167,95586,0
5824,136549,70058,0
5825,22447,78392,0
5826,146159,38904,0
5827,49980,35716,0
5828,115228,116934,0
5829,96827,39588,0
5830,67000,35049,0
5831,116530,23195,0
5832,97986,121085,0
5833,29265,25810,0
5834,136123,137,0
5835,33490,147903,0
5836,152460,125589,0
5837,138785,153289,0
5838,115228,39588,0
5839,136123,15709,0
5840,110256,100007,0
5841,35980,137355,0
5842,5765,9825,0
5843,82435,147859,0
5844,71437,95586,0
5845,47829,121601,0
5846,115641,5575,0
5847,112195,112544,0
5848,154147,12395,0
5849,11374,126334,0
5850,27985,120021,0
5851,4681,17143,0
5852,25799,32379,0
5853,29171,70058,0
5854,87973,136027,0
5855,136549,42858,0
5856,50327,58377,0
5857,33263,51475,0
5858,86789,110915,0
5859,112746,59538,0
5860,47993,24973,0
5861,22801,70153,0
5862,50401,155095,0
5863,27577,47137,0
5864,138559,17143,0
5865,20858,81317,0
5866,88426,40777,0
5867,34621,24973,0
5868,135005,18505,0
5869,81473,48214,0
5870,131820,46548,0
5871,57625,7279,0
5872,61715,43928,0
5873,11861,47418,0
5874,3246,101445,0
5875,11861,142690,0
5876,123370,37224,0
5877,91934,142690,0
5878,83209,57995,0
5879,64181,120064,0
5880,90697,57140,0
5881,47993,15827,0
5882,114983,103034,0
5883,112534,108148,0
5884,15709,55406,0
5885,150992,133721,0
5886,92436,70058,0
5887,87973,136982,0
5888,133629,47418,0
5889,115228,90697,0
5890,49300,153825,0
5891,8389,155047,0
5892,24204,138306,0
5893,71437,57995,0
5894,15467,3902,0
5895,27534,57625,0
5896,27767,138306,0
5897,86985,18505,0
5898,34748,62993,0
5899,40613,96827,0
5900,133754,147078,0
5901,149382,71624,0
5902,112534,121085,0
5903,39378,81317,0
5904,79092,133721,0
5905,82435,137101,0
5906,15261,3902,0
5907,86890,114983,0
5908,21751,37384,0
5909,152460,75479,0
5910,59306,19543,0
5911,49300,11703,0
5912,4310,58717,0
5913,93001,114983,0
5914,4681,70058,0
5915,44124,28818,0
5916,141601,26050,0
5917,47144,138306,0
5918,24613,54322,0
5919,29878,134925,0
5920,20083,43225,0
5921,24062,52883,0
5922,87703,7392,0
5923,109058,86914,0
5924,50926,8243,0
5925,93001,15827,0
5926,124934,44094,0
5927,63570,71624,0
5928,96613,127193,0
5929,135192,34686,0
5930,107802,153355,0
5931,139982,26050,0
5932,105866,31206,0
5933,137509,121179,0
5934,133542,33855,0
5935,15245,348,0
5936,61290,83209,0
5937,2974,134925,0
5938,130240,102534,0
5939,72023,97914,0
5940,142093,57995,0
5941,105369,100453,0
5942,62993,39258,0
5943,702,8243,0
5944,88426,117451,0
5945,48008,15709,0
5946,115089,22801,0
5947,59378,85798,0
5948,25335,147903,0
5949,50401,24383,0
5950,29199,32259,0
5951,61290,133103,0
5952,15187,62580,0
5953,69979,8243,0
5954,49300,79767,0
5955,59306,136982,0
5956,39743,34375,0
5957,147251,64181,0
5958,140318,51475,0
5959,101415,24383,0
5960,105289,91650,0
5961,48515,97866,0
5962,139982,139193,0
5963,115228,81317,0
5964,71143,145309,0
5965,15709,54322,0
5966,27534,83981,0
5967,52850,92828,0
5968,11874,78857,0
5969,106626,122185,0
5970,135192,153289,0
5971,146159,155095,0
5972,4277,31206,0
5973,27767,59538,0
5974,32856,70058,0
5975,87973,119961,0
5976,65942,47418,0
5977,138785,71624,0
5978,21751,48214,0
5979,94602,97914,0
5980,11621,100223,0
5981,131820,102534,0
5982,84403,150791,0
5983,116530,91650,0
5984,122231,92877,0
5985,29376,97914,0
5986,97986,89807,0
5987,27433,61272,0
5988,80276,12395,0
5989,33263,43928,0
5990,55051,131288,0
5991,35980,44094,0
5992,131746,13810,0
5993,15709,63093,0
5994,63583,17143,0
5995,25479,126302,0
5996,35980,5575,0
5997,148920,32379,0
5998,71204,34375,0
5999,71075,147078,0
6000,49059,21302,0
6001,93001,58007,0
6002,133103,57625,0
6003,38541,137101,0
6004,65409,108719,0
6005,77549,17143,0
6006,2294,101558,0
6007,105369,47418,0
6008,19159,62440,0
6009,54196,5765,0
6010,15261,49016,0
6011,55051,121601,0
6012,29763,83209,0
6013,49300,34686,0
6014,15187,137,0
6015,109759,133721,0
6016,112195,112544,0
6017,54196,152882,0
6018,80454,151034,0
6019,105866,40427,0
6020,11861,136982,0
6021,52850,33855,0
6022,79186,28818,0
6023,29763,20399,0
6024,134925,12395,0
6025,5765,12666,0
6026,49980,147078,0
6027,1778,100906,0
6028,80454,150791,0
6029,78587,78392,0
6030,66905,149712,0
6031,12184,127193,0
6032,132626,127649,0
6033,39743,112544,0
6034,20522,121085,0
6035,21751,59538,0
6036,35628,147078,0
6037,126302,7279,0
6038,130853,135547,0
6039,140433,126700,0
6040,144304,78209,0
6041,41578,44094,0
6042,148257,78392,0
6043,115228,89807,0
6044,135005,9619,0
6045,135005,100223,0
6046,77734,38904,0
6047,24204,19543,0
6048,21916,71624,0
6049,40439,137101,0
6050,87868,39588,0
6051,27369,348,0
6052,29878,77682,0
6053,82779,127193,0
6054,78587,46677,0
6055,77549,109058,0
6056,86789,43196,0
6057,148257,68040,0
6058,3983,117451,0
6059,28597,39258,0
6060,115641,136576,0
6061,76758,37163,0
6062,76799,91929,0
6063,136564,124052,0
6064,134780,103034,0
6065,79186,127193,0
6066,27985,114983,0
6067,67969,134867,0
6068,27767,7279,0
6069,65409,134867,0
6070,115228,48214,0
6071,78720,92828,0
6072,90697,139193,0
6073,10908,37163,0
6074,47418,81317,0
6075,24613,57140,0
6076,81313,8243,0
6077,122831,42093,0
6078,81473,11703,0
6079,19543,95586,0
6080,86789,86914,0
6081,84403,9825,0
6082,130240,62174,0
6083,40704,23195,0
6084,29171,39588,0
6085,53796,62993,0
6086,123183,100453,0
6087,120717,31206,0
6088,135005,58007,0
6089,150342,34686,0
6090,57368,119961,0
6091,11861,147903,0
6092,2974,32379,0
6093,29265,78857,0
6094,140433,59538,0
6095,1040,11703,0
6096,39743,149712,0
6097,71075,34375,0
6098,61827,104505,0
6099,29265,144160,0
6100,18699,138641,0
6101,142690,85798,0
6102,76797,147859,0
6103,143145,35049,0
6104,33843,60452,0
6105,60347,47864,0
6106,40704,114983,0
6107,44124,108748,0
6108,94375,39258,0
6109,116530,79767,0
6110,45103,67952,0
6111,15999,59538,0
6112,80454,125589,0
6113,38855,34686,0
6114,127611,36478,0
6115,152460,155047,0
6116,59974,32379,0
6117,25468,38904,0
6118,27720,87985,0
6119,63126,104505,0
6120,152460,21302,0
6121,125589,147903,0
6122,146159,117451,0
6123,29878,28251,0
6124,131296,348,0
6125,74532,5765,0
6126,141601,35716,0
6127,109058,114983,0
6128,66905,33337,0
6129,11621,136576,0
6130,54927,147903,0
6131,65942,47137,0
6132,39743,42093,0
6133,68148,62440,0
6134,29265,124052,0
6135,19159,38477,0
6136,100906,68985,0
6137,115228,17143,0
6138,348,152949,0
6139,32698,100007,0
6140,27534,62742,0
6141,54927,4857,0
6142,76797,86890,0
6143,68778,16431,0
6144,51836,11703,0
6145,64181,125744,0
6146,146759,145309,0
6147,135192,60452,0
6148,115031,100007,0
6149,49059,39258,0
6150,15261,16431,0
6151,146132,5575,0
6152,71143,101089,0
6153,30653,12666,0
6154,131746,12666,0
6155,62670,62580,0
6156,81650,17143,0
6157,133103,26913,0
6158,39743,131288,0
6159,21916,114983,0
6160,86890,18125,0
6161,38855,77682,0
6162,34748,83981,0
6163,71143,148922,0
6164,78720,151034,0
6165,52850,42858,0
6166,115089,69979,0
6167,35628,152949,0
6168,20083,15827,0
6169,50327,9825,0
6170,114983,150791,0
6171,50926,51475,0
6172,31541,24383,0
6173,19543,149712,0
6174,122231,78392,0
6175,27985,43928,0
6176,154147,137,0
6177,154167,13751,0
6178,115031,25810,0
6179,18699,151034,0
6180,131296,144160,0
6181,116530,145694,0
6182,131820,133103,0
6183,29171,43225,0
6184,123370,960,0
6185,147251,136117,0
6186,19159,67336,0
6187,140433,100223,0
6188,127602,151034,0
6189,81153,151034,0
6190,55051,9251,0
6191,47993,70153,0
6192,52883,139849,0
6193,21751,97914,0
6194,15245,48707,0
6195,148920,48214,0
6196,135192,60452,0
6197,83232,50009,0
6198,65409,78392,0
6199,139849,110915,0
6200,38541,137,0
6201,143289,14067,0
6202,47144,43196,0
6203,87973,154184,0
6204,126744,22801,0
6205,83908,91989,0
6206,82605,44094,0
6207,140117,24263,0
6208,98807,135547,0
6209,49300,57995,0
6210,86803,135547,0
6211,21916,67336,0
6212,50327,147903,0
6213,85751,59538,0
6214,152433,53894,0
6215,115228,42093,0
6216,83209,152949,0
6217,94359,71624,0
6218,147751,57625,0
6219,62993,8243,0
6220,101415,48707,0
6221,88426,93885,0
6222,33490,135547,0
6223,139849,62670,0
6224,71437,3937,0
6225,76797,97899,0
6226,39378,9825,0
6227,94602,97914,0
6228,116530,147078,0
6229,50926,89793,0
6230,136549,97914,0
6231,131296,149313,0
6232,127611,18125,0
6233,54394,104505,0
6234,134925,52883,0
6235,11621,77761,0
6236,29763,144160,0
6237,64837,89807,0
6238,94602,61272,0
6239,15261,11374,0
6240,120717,120021,0
6241,11374,127649,0
6242,29878,150791,0
6243,71628,43268,0
6244,112534,15709,0
6245,35628,31206,0
6246,130240,43928,0
6247,86985,151034,0
6248,38541,134867,0
6249,46548,134925,0
6250,154167,93451,0
6251,100330,70153,0
6252,152433,28251,0
6253,25799,78209,0
6254,35980,37163,0
6255,79092,24263,0
6256,59378,62993,0
6257,130853,147859,0
6258,29199,108748,0
6259,81313,25810,0
6260,76799,62670,0
6261,27369,58377,0
6262,86890,12666,0
6263,69979,61272,0
6264,24613,13810,0
6265,1040,3902,0
6266,12184,37384,0
6267,74859,100223,0
6268,114983,33855,0
6269,52883,62742,0
6270,3246,58377,0
6271,98807,84403,0
6272,93001,121085,0
6273,25335,48214,0
6274,50926,17143,0
6275,83209,15038,0
6276,6189,47864,0
6277,61290,3902,0
6278,6189,104427,0
6279,134925,44094,0
6280,140318,44307,0
6281,131746,16431,0
6282,135005,49300,0
6283,67950,97899,0
6284,40704,126302,0
6285,140117,147859,0
6286,120717,125744,0
6287,105866,28818,0
6288,133103,108148,0
6289,133962,26913,0
6290,148257,35049,0
6291,115031,83981,0
6292,51836,40427,0
6293,146159,100007,0
6294,41578,7279,0
6295,119442,51475,0
6296,145982,134925,0
6297,71143,20399,0
6298,82779,46677,0
6299,97866,50009,0
6300,19159,38477,0
6301,57625,37384,0
6302,27577,60452,0
6303,91934,62580,0
6304,136549,23482,0
6305,112746,139849,0
6306,24973,147078,0
6307,71143,26913,0
6308,86789,69979,0
6309,27433,101445,0
6310,115089,58007,0
6311,83908,101089,0
6312,32397,100223,0
6313,90231,19394,0
6314,48008,154184,0
6315,133542,109058,0
6316,123286,37224,0
6317,135114,39588,0
6318,135005,60452,0
6319,11861,62174,0
6320,85637,3232,0
6321,51836,38904,0
6322,8389,49016,0
6323,147251,155047,0
6324,19159,67516,0
6325,93279,19543,0
6326,49300,34375,0
6327,96827,151034,0
6328,138559,100906,0
6329,55050,147903,0
6330,40439,103034,0
6331,54411,135547,0
6332,105369,21302,0
6333,109058,37224,0
6334,1778,104427,0
6335,74859,142679,0
6336,71437,92877,0
6337,92877,96827,0
6338,48008,116934,0
6339,80454,140465,0
6340,29763,15827,0
6341,46983,26050,0
6342,40704,108148,0
6343,81650,139193,0
6344,4681,37163,0
6345,124934,42093,0
6346,108580,7279,0
6347,146039,62670,0
6348,138559,71624,0
6349,32698,19394,0
6350,69979,32379,0
6351,2449,64181,0
6352,63794,62670,0
6353,141601,133103,0
6354,30653,15038,0
6355,140117,136982,0
6356,27985,101089,0
6357,5765,50009,0
6358,64848,62308,0
6359,91650,41829,0
6360,29199,37163,0
6361,135192,48707,0
6362,94359,126302,0
6363,6189,78392,0
6364,67950,90697,0
6365,71437,127008,0
6366,73039,37384,0
6367,87703,24263,0
6368,4830,123704,0
6369,146039,70153,0
6370,134780,79767,0
6371,83908,43928,0
6372,152433,127008,0
6373,120717,108748,0
6374,122831,83981,0
6375,71204,7392,0
6376,65409,24383,0
6377,130074,8243,0
6378,131820,69979,0
6379,149340,5765,0
6380,64181,137,0
6381,125165,26913,0
6382,68148,155047,0
6383,25015,37224,0
6384,1040,7392,0
6385,25335,104505,0
6386,100330,43928,0
6387,133962,120021,0
6388,25468,67336,0
6389,133542,58377,0
6390,48515,100906,0
6391,115228,153355,0
6392,20522,62670,0
6393,138785,130074,0
6394,147251,40777,0
6395,47568,48464,0
6396,27033,17143,0
6397,86789,149313,0
6398,46548,84403,0
6399,22801,43196,0
6400,105289,15334,0
6401,125589,126700,0
6402,100330,12666,0
6403,18699,69979,0
6404,146132,60452,0
6405,57368,93582,0
6406,133447,78392,0
6407,22447,133721,0
6408,78587,79647,0
6409,54394,121601,0
6410,63583,147078,0
6411,39552,52883,0
6412,29309,136982,0
6413,40704,77761,0
6414,47864,44307,0
6415,64837,93902,0
6416,93451,102534,0
6417,146039,154184,0
6418,15467,48214,0
6419,41578,93902,0
6420,29199,126302,0
6421,19543,96827,0
6422,65409,94398,0
6423,69359,108748,0
6424,19159,136576,0
6425,11861,11374,0
6426,11874,4277,0
6427,11861,960,0
6428,44124,78857,0
6429,53796,86914,0
6430,119399,104427,0
6431,139849,35049,0
6432,54411,133721,0
6433,69359,130074,0
6434,142093,89793,0
6435,133962,43196,0
6436,131746,46677,0
6437,9037,121536,0
6438,86985,139982,0
6439,28597,93885,0
6440,146759,132626,0
6441,40704,4857,0
6442,14177,62174,0
6443,88969,116934,0
6444,29265,38477,0
6445,140433,152949,0
6446,90697,121536,0
6447,81313,20858,0
6448,140117,19394,0
6449,27369,58377,0
6450,101415,139982,0
6451,27767,101558,0
6452,86789,84096,0
6453,29763,139849,0
6454,98807,15709,0
6455,134780,59538,0
6456,128169,77682,0
6457,24062,46548,0
6458,29171,57625,0
6459,40035,153825,0
6460,2974,138306,0
6461,35628,67516,0
6462,143145,57140,0
6463,15187,58007,0
6464,105369,38477,0
6465,29309,61272,0
6466,47993,48214,0
6467,32698,112544,0
6468,39552,127193,0
6469,33546,51475,0
6470,105866,117451,0
6471,66905,18125,0
6472,54394,139982,0
6473,2974,131288,0
6474,83981,47137,0
6475,121331,68985,0
6476,2294,135547,0
6477,109058,27041,0
6478,76799,20858,0
6479,92436,43928,0
6480,83232,96827,0
6481,152433,139849,0
6482,46548,47418,0
6483,122831,120064,0
6484,135005,69979,0
6485,46983,145694,0
6486,49059,32379,0
6487,46548,108748,0
6488,145782,79647,0
6489,40035,116934,0
6490,86985,112544,0
6491,2449,68040,0
6492,94375,89807,0
6493,29878,75479,0
6494,137509,22801,0
6495,74667,86914,0
6496,87868,108148,0
6497,82435,60452,0
6498,83232,42858,0
6499,53796,84096,0
6500,119442,96827,0
6501,14177,108148,0
6502,133754,38904,0
6503,34621,104427,0
6504,71437,23195,0
6505,130240,84096,0
6506,39552,139193,0
6507,24062,63093,0
6508,49300,149712,0
6509,154147,7279,0
6510,32698,90697,0
6511,93451,61272,0
6512,68778,12395,0
6513,83209,136117,0
6514,1778,120548,0
6515,61827,26050,0
6516,152433,79647,0
6517,20858,148922,0
6518,145309,79647,0
6519,17583,62993,0
6520,84403,83981,0
6521,66905,28251,0
6522,123144,127008,0
6523,38541,58377,0
6524,39378,152882,0
6525,92436,43196,0
6526,8389,37163,0
6527,131746,57625,0
6528,65409,62174,0
6529,143289,70273,0
6530,15261,43928,0
6531,115641,133103,0
6532,54394,42093,0
6533,59306,47864,0
6534,2294,127649,0
6535,108580,49300,0
6536,10328,97899,0
6537,137101,148922,0
6538,67969,15709,0
6539,127602,145694,0
6540,15521,91989,0
6541,91934,26913,0
6542,148119,38477,0
6543,38855,122831,0
6544,85798,90697,0
6545,50926,84096,0
6546,134780,108148,0
6547,149340,120064,0
6548,96384,12395,0
6549,47993,15334,0
6550,39743,42093,0
6551,114983,126302,0
6552,20083,154184,0
6553,35980,47864,0
6554,4681,58717,0
6555,49094,49016,0
6556,15709,23195,0
6557,33263,133103,0
6558,4681,63093,0
6559,130074,136576,0
6560,24062,120548,0
6561,19159,52883,0
6562,154147,37384,0
6563,116530,77761,0
6564,15245,86914,0
6565,61290,8243,0
6566,21751,62174,0
6567,95586,147859,0
6568,15187,104505,0
6569,73027,25810,0
6570,22447,137101,0
6571,25479,134925,0
6572,134925,67516,0
6573,61715,139982,0
6574,10328,153825,0
6575,125165,4857,0
6576,150342,57140,0
6577,83232,97914,0
6578,112534,93885,0
6579,88426,134867,0
6580,98807,89793,0
6581,152460,86890,0
6582,123286,42858,0
6583,84403,139849,0
6584,24613,100906,0
6585,86890,137,0
6586,143289,78857,0
6587,141601,37384,0
6588,136123,73671,0
6589,81650,152882,0
6590,54394,149313,0
6591,71143,100007,0
6592,31541,108148,0
6593,4310,24263,0
6594,123286,38477,0
6595,71437,26050,0
6596,15261,24383,0
6597,27985,127008,0
6598,107197,149313,0
6599,130853,104427,0
6600,150992,147078,0
6601,50327,70058,0
6602,57625,35716,0
6603,66523,94841,0
6604,135114,97914,0
6605,47568,13810,0
6606,73027,104505,0
6607,1778,150791,0
6608,33546,79647,0
6609,33843,38477,0
6610,348,28818,0
6611,58146,62308,0
6612,78720,42858,0
6613,40613,57140,0
6614,133447,77761,0
6615,348,68040,0
6616,81539,35716,0
6617,123370,28818,0
6618,33263,27443,0
6619,71204,110915,0
6620,96827,121601,0
6621,81650,145309,0
6622,55050,33855,0
6623,348,125589,0
6624,91934,69979,0
6625,3246,57625,0
6626,3983,15038,0
6627,11874,38477,0
6628,83209,78392,0
6629,4310,120548,0
6630,64848,137355,0
6631,140318,120021,0
6632,135192,70058,0
6633,15187,28358,0
6634,78720,33855,0
6635,78720,109058,0
6636,2449,62993,0
6637,38541,26050,0
6638,136564,140465,0
6639,92436,116232,0
6640,138559,126334,0
6641,71075,86890,0
6642,53796,9251,0
6643,36021,44307,0
6644,61290,16431,0
6645,15187,131288,0
6646,81650,121513,0
6647,79934,70058,0
6648,79186,15709,0
6649,96613,4277,0
6650,59974,86914,0
6651,148920,126334,0
6652,141601,34686,0
6653,49300,20858,0
6654,86789,108719,0
6655,48515,58717,0
6656,48008,127649,0
6657,25468,153355,0
6658,87868,31206,0
6659,44124,77761,0
6660,2294,104505,0
6661,107197,139193,0
6662,81313,62742,0
6663,39552,93451,0
6664,100906,43928,0
6665,68741,123704,0
6666,62440,44307,0
6667,61827,136982,0
6668,68778,137,0
6669,148119,38904,0
6670,73027,127008,0
6671,71204,137101,0
6672,17583,81317,0
6673,106031,142679,0
6674,57625,9619,0
6675,101089,100223,0
6676,81650,155095,0
6677,85637,104427,0
6678,130240,44307,0
6679,11186,123704,0
6680,94359,18505,0
6681,39552,119961,0
6682,96827,78857,0
6683,47993,58717,0
6684,48515,28358,0
6685,142690,21302,0
6686,2449,5765,0
6687,34621,20205,0
6688,115228,135547,0
6689,154147,62440,0
6690,29199,144160,0
6691,33843,47137,0
6692,41034,54322,0
6693,348,62174,0
6694,22801,137101,0
6695,141601,15334,0
6696,107197,102534,0
6697,143289,77761,0
6698,96613,116232,0
6699,11861,59538,0
6700,69979,134867,0
6701,50926,120548,0
6702,8389,85798,0
6703,21916,101558,0
6704,93001,44307,0
6705,24062,93451,0
6706,67000,40777,0
6707,49300,73671,0
6708,15261,93451,0
6709,149340,132626,0
6710,47144,12395,0
6711,25799,136576,0
6712,11182,116232,0
6713,25799,71624,0
6714,85637,25810,0
6715,27369,142690,0
6716,49300,17143,0
6717,144304,155095,0
6718,90231,19394,0
6719,101415,12395,0
6720,11905,154184,0
6721,77761,62308,0
6722,77549,119961,0
6723,86890,91650,0
6724,25479,62993,0
6725,91934,37384,0
6726,32397,24383,0
6727,55051,62580,0
6728,4310,46548,0
6729,10908,19394,0
6730,9037,46548,0
6731,135192,137355,0
6732,131746,37163,0
6733,94375,34375,0
6734,33490,9251,0
6735,67000,104505,0
6736,39743,138306,0
6737,33263,104505,0
6738,85751,63093,0
6739,142690,71204,0
6740,115228,12395,0
6741,71204,61715,0
6742,107802,75479,0
6743,98807,142690,0
6744,25015,101089,0
6745,71204,23195,0
6746,137509,9825,0
6747,46983,136982,0
6748,154167,44307,0
6749,32856,9619,0
6750,41034,27443,0
6751,90697,120064,0
6752,67969,101445,0
6753,27577,62670,0
6754,32397,36478,0
6755,31541,119961,0
6756,57368,58377,0
6757,105289,153825,0
6758,49300,43268,0
6759,27033,47137,0
6760,64848,25810,0
6761,118116,12666,0
6762,67000,152882,0
6763,99574,53894,0
6764,94602,138306,0
6765,68741,24973,0
6766,130240,147903,0
6767,22801,37384,0
6768,88426,85798,0
6769,27433,53157,0
6770,115641,122831,0
6771,126744,75479,0
6772,62440,20399,0
6773,50926,86890,0
6774,123370,40777,0
6775,87703,77682,0
6776,71204,137355,0
6777,136549,37163,0
6778,47829,93902,0
6779,124934,149313,0
6780,64848,43268,0
6781,24204,70058,0
6782,126302,26913,0
6783,11621,62742,0
6784,101089,59538,0
6785,85751,91989,0
6786,65942,28818,0
6787,83981,19543,0
6788,87868,91989,0
6789,142093,142679,0
6790,112746,9619,0
6791,147751,60452,0
6792,147751,39451,0
6793,135005,119961,0
6794,134925,77682,0
6795,71204,91929,0
6796,143145,112544,0
6797,147751,43225,0
6798,32698,108719,0
6799,57368,28818,0
6800,15999,84403,0
6801,11182,7392,0
6802,67969,110915,0
6803,60347,39258,0
6804,97866,151034,0
6805,134925,119961,0
6806,68778,28358,0
6807,4830,28818,0
6808,133447,15334,0
6809,130074,137101,0
6810,66905,71624,0
6811,105289,54322,0
6812,154147,48214,0
6813,119442,78857,0
6814,49059,19543,0
6815,78587,134867,0
6816,47568,153825,0
6817,74667,4277,0
6818,68148,140465,0
6819,147251,112544,0
6820,81650,15709,0
6821,114983,36478,0
6822,147251,41829,0
6823,131296,32259,0
6824,122231,103034,0
6825,123370,61715,0
6826,105866,63093,0
6827,59159,38904,0
6828,53796,75479,0
6829,4830,38904,0
6830,9037,86890,0
6831,154147,16431,0
6832,2974,144160,0
6833,15187,26913,0
6834,44094,67516,0
6835,52850,57625,0
6836,97986,133103,0
6837,79092,67336,0
6838,21751,9825,0
6839,45103,62742,0
6840,19159,153825,0
6841,82779,84096,0
6842,46548,101445,0
6843,121331,155047,0
6844,92436,960,0
6845,135192,84096,0
6846,145694,126334,0
6847,50327,20858,0
6848,27033,51475,0
6849,46548,34686,0
6850,46983,9251,0
6851,32059,116934,0
6852,45103,147078,0
6853,125589,131288,0
6854,143145,145309,0
6855,34748,9251,0
6856,126744,150791,0
6857,55051,33337,0
6858,94359,55406,0
6859,83981,57625,0
6860,135192,145694,0
6861,71437,26913,0
6862,143145,28358,0
6863,93451,23195,0
6864,130074,139193,0
6865,11703,122185,0
6866,32856,136117,0
6867,87973,26050,0
6868,47829,71204,0
6869,87973,92828,0
6870,136123,12666,0
6871,123370,40777,0
6872,32698,42858,0
6873,15709,121085,0
6874,67950,15334,0
6875,98807,136982,0
6876,4681,142690,0
6877,115641,38477,0
6878,59974,54322,0
6879,123370,122831,0
6880,19159,35716,0
6881,143145,110915,0
6882,92436,50009,0
6883,5765,68040,0
6884,33546,49300,0
6885,78720,19543,0
6886,24062,37163,0
6887,146132,155095,0
6888,58163,154184,0
6889,59306,137355,0
6890,25015,116934,0
6891,140117,7279,0
6892,146159,75479,0
6893,59159,62670,0
6894,139982,83209,0
6895,29199,61715,0
6896,4830,137,0
6897,702,27041,0
6898,126302,27041,0
6899,35628,153825,0
6900,63570,28251,0
6901,59159,15334,0
6902,12184,149313,0
6903,93451,140465,0
6904,33263,26050,0
6905,46548,108148,0
6906,122231,32259,0
6907,133754,44094,0
6908,10908,64181,0
6909,145694,62993,0
6910,119399,64181,0
6911,11620,48707,0
6912,79186,150791,0
6913,29376,112544,0
6914,81313,97914,0
6915,27369,139193,0
6916,128169,24263,0
6917,24613,20399,0
6918,15521,122185,0
6919,121331,19394,0
6920,63583,134925,0
6921,63570,75479,0
6922,32397,123704,0
6923,140318,68985,0
6924,90697,57995,0
6925,29376,126334,0
6926,86890,96827,0
6927,30653,71624,0
6928,9037,136027,0
6929,12184,151034,0
6930,137101,94841,0
6931,32856,28818,0
6932,83209,37163,0
6933,72301,69979,0
6934,20522,348,0
6935,10908,116934,0
6936,15999,4857,0
6937,15521,126334,0
6938,27369,13751,0
6939,91934,108719,0
6940,44094,63093,0
6941,133447,15709,0
6942,11182,149313,0
6943,136123,70273,0
6944,146039,96827,0
6945,67950,20205,0
6946,121536,38904,0
6947,49300,133103,0
6948,54411,93582,0
6949,71437,102534,0
6950,147751,153825,0
6951,10328,75479,0
6952,34748,12666,0
6953,134925,62742,0
6954,134780,62580,0
6955,83981,83209,0
6956,90697,75479,0
6957,145982,134867,0
6958,47993,142690,0
6959,76799,3232,0
6960,10908,35049,0
6961,72023,149313,0
6962,39743,19543,0
6963,32856,78209,0
6964,71628,4857,0
6965,90697,124052,0
6966,62993,117451,0
6967,24204,94398,0
6968,47864,93885,0
6969,61827,126334,0
6970,141601,152882,0
6971,90697,121513,0
6972,46983,15827,0
6973,150992,18125,0
6974,68148,79647,0
6975,105866,132626,0
6976,59306,42093,0
6977,55051,142679,0
6978,136564,152949,0
6979,135114,108719,0
6980,38541,54322,0
6981,86985,70058,0
6982,10908,21302,0
6983,71437,67516,0
6984,59306,97866,0
6985,76799,62742,0
6986,11621,101558,0
6987,52850,48214,0
6988,29309,93582,0
6989,140433,126334,0
6990,59974,94398,0
6991,123286,46548,0
6992,126744,150791,0
6993,71143,124052,0
6994,54196,100223,0
6995,65942,101445,0
6996,38855,130074,0
6997,54196,28358,0
6998,92436,68040,0
6999,24062,39258,0
7000,35628,133721,0
7001,21916,78392,0
7002,48515,133103,0
7003,29763,135547,0
7004,80276,48707,0
7005,11374,97899,0
7006,147751,348,0
7007,50926,142679,0
7008,2294,101558,0
7009,62308,12395,0
7010,79092,103034,0
7011,36021,73671,0
7012,38541,26913,0
7013,140117,155095,0
7014,4277,39588,0
7015,14177,47418,0
7016,22801,32379,0
7017,54927,133103,0
7018,72301,58377,0
7019,83981,150791,0
7020,146039,62993,0
7021,29199,121513,0
7022,115228,85798,0
7023,94602,12666,0
7024,126744,35716,0
7025,54411,149712,0
7026,33263,134867,0
7027,27720,5765,0
7028,28597,47137,0
7029,54927,67336,0
7030,34748,19394,0
7031,15187,119961,0
7032,11186,16006,0
7033,73027,109058,0
7034,105369,114983,0
7035,147251,57140,0
7036,137101,26050,0
7037,71437,60452,0
7038,58146,96827,0
7039,64831,71624,0
7040,49980,70153,0
7041,11621,20399,0
7042,32856,68040,0
7043,29763,62993,0
7044,15187,43225,0
7045,4310,7279,0
7046,29199,102534,0
7047,32856,127008,0
7048,92959,67516,0
7049,74667,5765,0
7050,110256,130074,0
7051,36325,147859,0
7052,21751,78857,0
7053,78720,61715,0
7054,119442,42858,0
7055,101089,122831,0
7056,145309,47864,0
7057,142690,126334,0
7058,62993,137101,0
7059,95586,57995,0
7060,10328,121601,0
7061,29309,33337,0
7062,52850,39258,0
7063,135192,92828,0
7064,101415,37384,0
7065,147251,153289,0
7066,92877,3232,0
7067,63583,92877,0
7068,143145,81317,0
7069,4681,142679,0
7070,24062,4277,0
7071,40035,100453,0
7072,12184,25810,0
7073,15521,47137,0
7074,126744,9825,0
7075,15467,4277,0
7076,53796,23482,0
7077,71437,11703,0
7078,50926,123704,0
7079,24613,27443,0
7080,119442,91650,0
7081,126302,5575,0
7082,24062,81317,0
7083,77761,94841,0
7084,74667,38904,0
7085,74859,55406,0
7086,32856,70273,0
7087,72301,48707,0
7088,61715,71624,0
7089,80454,77682,0
7090,64848,97899,0
7091,47144,93902,0
7092,2974,13810,0
7093,11182,38904,0
7094,25157,68040,0
7095,65409,151034,0
7096,46983,127193,0
7097,11620,125589,0
7098,148119,93902,0
7099,145694,93885,0
7100,25157,15038,0
7101,47144,97866,0
7102,90231,43196,0
7103,142690,62308,0
7104,150992,13810,0
7105,49300,19543,0
7106,81650,13810,0
7107,4681,62993,0
7108,15709,70273,0
7109,10908,39588,0
7110,67950,68639,0
7111,105369,125589,0
7112,142690,97866,0
7113,59159,137,0
7114,27033,144160,0
7115,29171,8243,0
7116,78587,92877,0
7117,142690,133721,0
7118,52850,97914,0
7119,33546,11703,0
7120,47829,90697,0
7121,59306,93885,0
7122,123183,86914,0
7123,133542,54322,0
7124,62440,81317,0
7125,62670,116934,0
7126,126744,32259,0
7127,15261,61715,0
7128,90231,78857,0
7129,145982,108719,0
7130,29199,38904,0
7131,152460,25810,0
7132,58163,48464,0
7133,40439,144160,0
7134,63583,5765,0
7135,40035,60452,0
7136,702,47137,0
7137,29763,5765,0
7138,68741,120548,0
7139,27720,84403,0
7140,15261,24973,0
7141,140433,120548,0
7142,82435,19543,0
7143,52883,117451,0
7144,79934,12395,0
7145,112534,62993,0
7146,54411,135547,0
7147,96384,152949,0
7148,130240,64181,0
7149,20522,93582,0
7150,47864,51475,0
7151,136549,135547,0
7152,76797,73671,0
7153,71437,17143,0
7154,17583,71624,0
7155,61827,83981,0
7156,15187,120021,0
7157,66905,16431,0
7158,123286,64181,0
7159,32059,57140,0
7160,67969,62440,0
7161,3983,59538,0
7162,145694,35049,0
7163,24062,81317,0
7164,47568,139193,0
7165,2294,96827,0
7166,15709,150791,0
7167,101089,68985,0
7168,116530,37384,0
7169,14177,108148,0
7170,2449,62174,0
7171,11874,23482,0
7172,29763,100453,0
7173,15187,132626,0
7174,82435,42093,0
7175,136549,38904,0
7176,73039,17143,0
7177,25479,78392,0
7178,68148,41829,0
7179,62670,54322,0
7180,82779,122831,0
7181,19159,78857,0
7182,5964,53894,0
7183,29265,39258,0
7184,62440,43225,0
7185,80454,27041,0
7186,69359,44307,0
7187,140318,39588,0
7188,86789,152882,0
7189,84403,95586,0
7190,21916,58717,0
7191,82779,51475,0
7192,82605,104505,0
7193,57625,100007,0
7194,109759,3902,0
7195,19543,138306,0
7196,96827,148922,0
7197,36325,155047,0
7198,25335,38904,0
7199,34748,25810,0
7200,68148,83981,0
7201,11621,126334,0
7202,15521,11703,0
7203,27767,122185,0
7204,67000,58007,0
7205,3246,120064,0
7206,123144,101089,0
7207,88969,139849,0
7208,36325,15709,0
7209,21751,120064,0
7210,57368,53157,0
7211,49980,19543,0
7212,149382,960,0
7213,49094,153289,0
7214,90231,120064,0
7215,69359,13751,0
7216,96827,48707,0
7217,11620,136027,0
7218,8389,121536,0
7219,66905,155047,0
7220,142093,67336,0
7221,86890,96827,0
7222,148257,78209,0
7223,40035,126700,0
7224,127602,41829,0
7225,140318,70058,0
7226,62993,12666,0
7227,27534,12666,0
7228,32698,62440,0
7229,71075,39258,0
7230,32397,114983,0
7231,47993,20399,0
7232,146159,78209,0
7233,78720,52883,0
7234,139982,73671,0
7235,65409,46548,0
7236,27033,136117,0
7237,76799,126700,0
7238,4277,127008,0
7239,124934,89807,0
7240,50327,122831,0
7241,133447,91989,0
7242,81650,70273,0
7243,69359,77682,0
7244,145309,348,0
7245,136549,39451,0
7246,71143,142690,0
7247,85751,81317,0
7248,27534,114983,0
7249,112534,155047,0
7250,137509,19394,0
7251,85798,49016,0
7252,140433,90697,0
7253,9037,61715,0
7254,36325,28818,0
7255,68148,42093,0
7256,134925,55406,0
7257,11374,92828,0
7258,32698,48707,0
7259,74532,16006,0
7260,60347,120021,0
7261,95586,40777,0
7262,91650,101445,0
7263,47864,134925,0
7264,109058,960,0
7265,25799,134867,0
7266,122231,121085,0
7267,132626,68040,0
7268,51836,35716,0
7269,90231,4277,0
7270,138559,39451,0
7271,90231,39258,0
7272,11621,59538,0
7273,62670,92877,0
7274,11703,22801,0
7275,139849,58717,0
7276,72301,140465,0
7277,112534,136027,0
7278,11621,37384,0
7279,39743,64181,0
7280,55050,100223,0
7281,124934,55406,0
7282,18699,90697,0
7283,17583,84096,0
7284,5765,121601,0
7285,32059,133103,0
7286,100007,960,0
7287,25015,92828,0
7288,35980,120021,0
7289,94602,130074,0
7290,40704,27041,0
7291,94602,62580,0
7292,27767,43928,0
7293,94359,144160,0
7294,54196,93885,0
7295,41578,28818,0
7296,83232,108748,0
7297,25479,92877,0
7298,29265,34375,0
7299,50926,155095,0
7300,50327,348,0
7301,32059,34375,0
7302,55174,121085,0
7303,82605,62580,0
7304,27433,101558,0
7305,85637,7279,0
7306,21916,133103,0
7307,91650,58717,0
7308,108580,9619,0
7309,11620,151034,0
7310,58146,46548,0
7311,146759,104505,0
7312,64848,153289,0
7313,4681,101558,0
7314,25479,81317,0
7315,68148,139982,0
7316,69979,119961,0
7317,4310,138306,0
7318,15999,33855,0
7319,2294,3937,0
7320,130074,15827,0
7321,44094,7279,0
7322,14177,78392,0
7323,25157,11374,0
7324,24062,124052,0
7325,82435,153825,0
7326,19543,122831,0
7327,142690,38477,0
7328,28597,73671,0
7329,11905,37224,0
7330,114983,145309,0
7331,126302,137101,0
7332,63794,86914,0
7333,702,24973,0
7334,118116,43196,0
7335,154167,120548,0
7336,48515,71204,0
7337,127611,121536,0
7338,86890,23482,0
7339,121536,93582,0
7340,67969,62440,0
7341,81153,120064,0
7342,152433,20399,0
7343,69979,39258,0
7344,15245,125744,0
7345,71204,93582,0
7346,38855,62742,0
7347,46548,62580,0
7348,147751,110915,0
7349,19543,101089,0
7350,348,46677,0
7351,91934,19543,0
7352,47144,54322,0
7353,67950,151034,0
7354,135005,33855,0
7355,107802,77761,0
7356,48008,61715,0
7357,97866,78392,0
7358,99574,62742,0
7359,2449,70153,0
7360,74532,7392,0
7361,59974,32259,0
7362,154147,41829,0
7363,95586,84403,0
7364,63126,67336,0
7365,61290,43225,0
7366,61827,122831,0
7367,33843,117451,0
7368,49980,126302,0
7369,15709,110915,0
7370,24204,43225,0
7371,109759,92828,0
7372,67969,120548,0
7373,54394,47418,0
7374,121536,3232,0
7375,60347,92828,0
7376,35980,117451,0
7377,130853,132626,0
7378,112746,7279,0
7379,143582,97899,0
7380,29265,28358,0
7381,126302,83209,0
7382,98807,149313,0
7383,119399,108719,0
7384,90231,91929,0
7385,147751,112544,0
7386,72023,86890,0
7387,29199,137101,0
7388,143145,58717,0
7389,58146,121513,0
7390,131820,55406,0
7391,149340,138306,0
7392,130853,34375,0
7393,33263,126302,0
7394,120717,960,0
7395,121331,120064,0
7396,27433,100906,0
7397,150992,4277,0
7398,41557,58007,0
7399,2449,348,0
7400,109759,125744,0
7401,67950,13751,0
7402,50401,145694,0
7403,21751,15827,0
7404,130074,138306,0
7405,79186,121513,0
7406,107197,94841,0
7407,81153,71624,0
7408,145782,123704,0
7409,38541,68985,0
7410,96613,97899,0
7411,74859,49016,0
7412,147751,123704,0
7413,146159,93902,0
7414,74667,31206,0
7415,91934,44307,0
7416,11861,102534,0
7417,19543,92877,0
7418,109058,153355,0
7419,76797,121536,0
7420,57625,85798,0
7421,140433,26050,0
7422,92877,31206,0
7423,25479,112544,0
7424,95586,110915,0
7425,2294,57625,0
7426,21916,15038,0
7427,94359,52883,0
7428,147251,47418,0
7429,100007,31206,0
7430,79186,138641,0
7431,150992,91989,0
7432,154167,142679,0
7433,54394,132626,0
7434,107197,116232,0
7435,77761,149313,0
7436,107197,40777,0
7437,154167,120021,0
7438,67969,39588,0
7439,69979,19543,0
7440,143582,104505,0
7441,27985,62993,0
7442,94602,79767,0
7443,85751,68639,0
7444,86985,23482,0
7445,154147,47418,0
7446,114983,68040,0
7447,93279,32379,0
7448,19543,133103,0
7449,27767,81317,0
7450,33490,81317,0
7451,27720,121601,0
7452,49059,960,0
7453,143289,46677,0
7454,68741,43928,0
7455,150342,8243,0
7456,46983,61715,0
7457,78720,126302,0
7458,139849,348,0
7459,39743,11374,0
7460,112746,87985,0
7461,27577,3902,0
7462,32059,100223,0
7463,116530,139193,0
7464,19543,43928,0
7465,61290,51475,0
7466,54394,84096,0
7467,28597,78209,0
7468,81313,39588,0
7469,54196,46677,0
7470,63126,77682,0
7471,27720,100007,0
7472,144304,149313,0
7473,50327,67336,0
7474,2294,5575,0
7475,57368,90697,0
7476,72023,147859,0
7477,6189,100007,0
7478,83232,125589,0
7479,47418,33855,0
7480,5765,90697,0
7481,41034,64181,0
7482,107197,126334,0
7483,15261,8243,0
7484,36021,70153,0
7485,66523,91989,0
7486,48008,60452,0
7487,25479,121179,0
7488,25015,62440,0
7489,64181,91989,0
7490,128169,94841,0
7491,46983,87985,0
7492,63570,60452,0
7493,65942,49016,0
7494,67000,142690,0
7495,71075,53894,0
7496,146039,31206,0
7497,49059,112544,0
7498,11186,48464,0
7499,52850,15038,0
7500,4830,93582,0
7501,40035,116934,0
7502,29309,62440,0
7503,55174,44094,0
7504,96827,121601,0
7505,40439,101089,0
7506,19543,4277,0
7507,140433,52883,0
7508,20083,108748,0
7509,39552,17143,0
7510,66905,91929,0
7511,90697,44307,0
7512,27767,62993,0
7513,27577,75479,0
7514,92959,48214,0
7515,122231,70153,0
7516,145782,70153,0
7517,96613,67516,0
7518,27033,137,0
7519,27433,155095,0
7520,148119,100223,0
7521,33490,84096,0
7522,114983,73671,0
7523,11861,67336,0
7524,4681,11374,0
7525,98807,100453,0
7526,29199,137,0
7527,126744,16431,0
7528,19159,71204,0
7529,127602,15038,0
7530,137509,17143,0
7531,59159,142679,0
7532,115089,16431,0
7533,145694,137,0
7534,126744,23482,0
7535,348,37224,0
7536,54411,67516,0
7537,59306,153355,0
7538,63583,47418,0
7539,48008,24973,0
7540,38541,18125,0
7541,127602,101558,0
7542,91934,87985,0
7543,32059,39258,0
7544,49300,8243,0
7545,4830,15334,0
7546,55174,68985,0
7547,86985,53894,0
7548,25015,110915,0
7549,138785,11703,0
7550,139982,117451,0
7551,109759,22801,0
7552,1040,53894,0
7553,71437,70058,0
7554,64181,121536,0
7555,137509,27443,0
7556,40704,17143,0
7557,4277,39451,0
7558,25799,48464,0
7559,77549,15827,0
7560,3246,15038,0
7561,33843,84096,0
7562,85751,59538,0
7563,63794,37163,0
7564,76799,12395,0
7565,4277,71204,0
7566,81650,145694,0
7567,96384,58007,0
7568,77549,145309,0
7569,71143,136117,0
7570,93451,62440,0
7571,107197,7392,0
7572,77549,140465,0
7573,74532,95586,0
7574,46983,47418,0
7575,71204,70153,0
7576,81153,5575,0
7577,27577,49016,0
7578,83209,123704,0
7579,149382,11703,0
7580,107802,20399,0
7581,59974,34375,0
7582,133103,62580,0
7583,63570,14067,0
7584,74667,90697,0
7585,96827,139982,0
7586,33263,15709,0
7587,10908,64181,0
7588,64837,70153,0
7589,27033,43225,0
7590,93279,70153,0
7591,146132,152949,0
7592,133962,43225,0
7593,54927,97914,0
7594,135005,138641,0
7595,146159,48464,0
7596,150342,77682,0
7597,63583,149712,0
7598,114983,71624,0
7599,131820,49016,0
7600,2449,62580,0
7601,50401,59538,0
7602,63126,68040,0
7603,34748,90697,0
7604,10328,15038,0
7605,15261,124052,0
7606,123144,7279,0
7607,50327,42093,0
7608,49300,136117,0
7609,71204,43268,0
7610,63794,16006,0
7611,132626,5765,0
7612,62440,142679,0
7613,22801,35049,0
7614,72301,67336,0
7615,34748,15827,0
7616,101089,37384,0
7617,145782,138306,0
7618,35628,70273,0
7619,4681,62993,0
7620,112534,36478,0
7621,119442,38477,0
7622,27534,102534,0
7623,118116,121536,0
7624,29376,97899,0
7625,35628,86890,0
7626,87703,37163,0
7627,22801,138641,0
7628,20522,68040,0
7629,36021,151034,0
7630,137509,151034,0
7631,105289,48707,0
7632,24613,94841,0
7633,63583,148922,0
7634,83981,93885,0
7635,84403,123704,0
7636,110256,108748,0
7637,83209,32259,0
7638,85637,142679,0
7639,82435,5575,0
7640,81539,121085,0
7641,71075,3937,0
7642,98807,122831,0
7643,67000,142679,0
7644,136123,40427,0
7645,19159,70153,0
7646,64848,7279,0
7647,81153,93582,0
7648,50926,79647,0
7649,11703,133721,0
7650,33263,153289,0
7651,11621,4277,0
7652,136564,12666,0
7653,49300,3232,0
7654,24613,138306,0
7655,39552,50009,0
7656,702,62440,0
7657,29199,37224,0
7658,27033,100007,0
7659,152433,91929,0
7660,126744,13751,0
7661,29878,13751,0
7662,24062,38477,0
7663,136549,37224,0
7664,118116,61272,0
7665,59306,136117,0
7666,86985,89807,0
7667,148257,40777,0
7668,61715,122831,0
7669,24613,53894,0
7670,48515,61715,0
7671,87868,145309,0
7672,82779,125744,0
7673,92438,136576,0
7674,140117,78857,0
7675,88969,145309,0
7676,136123,47137,0
7677,76797,102534,0
7678,18699,139849,0
7679,47829,138641,0
7680,61290,135547,0
7681,92959,41829,0
7682,54196,101445,0
7683,81153,152882,0
7684,20083,131288,0
7685,107802,102534,0
7686,68778,100223,0
7687,27720,136027,0
7688,152460,20858,0
7689,62993,119961,0
7690,20083,34686,0
7691,18699,3902,0
7692,131296,24973,0
7693,142093,18505,0
7694,40035,149712,0
7695,74859,123704,0
7696,133629,116232,0
7697,4830,47137,0
7698,147299,121990,0
7699,71271,46953,0
7700,6162,150772,0
7701,72023,34621,0
7702,108593,86629,0
7703,1299,61177,0
7704,139330,142934,0
7705,47513,121953,0
7706,114987,134345,0
7707,109426,28185,0
7708,93195,94208,0
7709,112716,46460,0
7710,139330,145876,0
7711,101462,97885,0
7712,74674,59538,0
7713,22801,27279,0
7714,107427,56908,0
7715,120766,72530,0
7716,62366,97394,0
7717,83179,58824,0
7718,76448,27720,0
7719,25952,136027,0
7720,149960,136027,0
7721,77251,17583,0
7722,142063,125817,0
7723,4903,27530,0
7724,71020,45374,0
7725,92314,77579,0
7726,19233,32565,0
7727,91802,120063,0
7728,123185,75773,0
7729,46399,57908,0
7730,62337,104371,0
7731,50374,120063,0
7732,148759,132121,0
7733,76334,127667,0
7734,142063,145747,0
7735,25698,71603,0
7736,129651,136027,0
7737,140250,11737,0
7738,137087,94208,0
7739,40013,95029,0
7740,116146,92615,0
7741,78420,120848,0
7742,145394,24383,0
7743,39760,10060,0
7744,49291,2625,0
7745,107411,90318,0
7746,45890,72665,0
7747,150992,17583,0
7748,2415,1900,0
7749,38855,131360,0
7750,97736,121953,0
7751,150992,64415,0
7752,112716,91823,0
7753,20272,27720,0
7754,134780,108565,0
7755,90490,138641,0
7756,76758,60829,0
7757,96086,43288,0
7758,72665,104113,0
7759,69248,11703,0
7760,136106,56908,0
7761,120381,74924,0
7762,108722,102334,0
7763,102031,34621,0
7764,124443,42575,0
7765,13405,46953,0
7766,19543,95029,0
7767,123286,122047,0
7768,108653,90392,0
7769,24183,136027,0
7770,96086,90392,0
7771,142063,22801,0
7772,47864,64415,0
7773,2625,103897,0
7774,76448,46460,0
7775,32360,19044,0
7776,60793,35716,0
7777,80276,39775,0
7778,72277,25229,0
7779,62440,140469,0
7780,81473,21431,0
7781,85041,70342,0
7782,136274,26723,0
7783,93195,112152,0
7784,94375,10060,0
7785,124443,27279,0
7786,32397,127099,0
7787,43931,32048,0
7788,38409,3246,0
7789,13405,101761,0
7790,3984,3246,0
7791,12656,120063,0
7792,26247,32048,0
7793,9316,115264,0
7794,126952,134930,0
7795,154958,139854,0
7796,112309,57752,0
7797,29878,95029,0
7798,15187,41200,0
7799,145394,57908,0
7800,130240,134588,0
7801,4903,92967,0
7802,144424,130112,0
7803,145394,120848,0
7804,3984,93477,0
7805,70333,17859,0
7806,43508,95029,0
7807,86535,37384,0
7808,115089,34621,0
7809,74674,70909,0
7810,72023,27279,0
7811,143960,65450,0
7812,1155,74254,0
7813,68778,16631,0
7814,120381,60829,0
7815,131820,97394,0
7816,76448,104371,0
7817,97736,145747,0
7818,12444,114631,0
7819,34621,121953,0
7820,3246,51568,0
7821,52375,5559,0
7822,27918,125817,0
7823,149366,14112,0
7824,52444,96726,0
7825,100413,25952,0
7826,134071,90178,0
7827,83209,14112,0
7828,8303,150772,0
7829,24062,115264,0
7830,36120,24383,0
7831,144424,82719,0
7832,125611,61177,0
7833,111594,27989,0
7834,7936,90318,0
7835,95136,44967,0
7836,74674,35561,0
7837,95331,28185,0
7838,135775,104113,0
7839,51650,81900,0
7840,151457,142934,0
7841,60993,42858,0
7842,42093,74254,0
7843,110445,102334,0
7844,3246,71715,0
7845,34621,137087,0
7846,80276,101761,0
7847,1065,44967,0
7848,91991,5559,0
7849,71271,108013,0
7850,120766,77549,0
7851,96334,61177,0
7852,64795,57908,0
7853,109426,91582,0
7854,89866,51093,0
7855,149366,22304,0
7856,37192,136063,0
7857,86803,103897,0
7858,149366,27989,0
7859,107505,12231,0
7860,131005,136027,0
7861,113673,125817,0
7862,46457,136063,0
7863,45633,139295,0
7864,24941,138641,0
7865,96334,44094,0
7866,134071,133852,0
7867,138035,114540,0
7868,21206,46953,0
7869,123183,61256,0
7870,139295,90178,0
7871,85637,70909,0
7872,16147,96006,0
7873,27918,20205,0
7874,116187,115313,0
7875,92314,149806,0
7876,108607,39928,0
7877,144967,58824,0
7878,150992,72345,0
7879,40321,44066,0
7880,134071,108013,0
7881,123185,24062,0
7882,86535,16631,0
7883,140119,27443,0
7884,137247,93031,0
7885,16147,138641,0
7886,135775,75773,0
7887,91991,56870,0
7888,127497,14112,0
7889,102031,108748,0
7890,133962,46953,0
7891,76075,42305,0
7892,43931,127193,0
7893,136194,72530,0
7894,152693,71679,0
7895,68990,36988,0
7896,7243,106223,0
7897,114987,20205,0
7898,11737,115264,0
7899,43118,93031,0
7900,34629,94375,0
7901,143579,65450,0
7902,92033,94036,0
7903,72277,101761,0
7904,4865,120848,0
7905,62366,38309,0
7906,134071,94036,0
7907,123286,42248,0
7908,45633,3246,0
7909,70774,60829,0
7910,107505,51093,0
7911,71588,58824,0
7912,112309,27720,0
7913,131820,58824,0
7914,41778,77579,0
7915,114353,149806,0
7916,60793,57752,0
7917,33263,29309,0
7918,36579,39928,0
7919,97736,144304,0
7920,70333,134588,0
7921,18954,121953,0
7922,133788,66139,0
7923,127611,27279,0
7924,43118,90490,0
7925,111526,112152,0
7926,140119,85998,0
7927,144304,22304,0
7928,40013,117125,0
7929,38808,92114,0
7930,116146,136229,0
7931,62440,41200,0
7932,144304,85998,0
7933,96522,61256,0
7934,149366,102334,0
7935,77785,70126,0
7936,91991,108748,0
7937,117034,71020,0
7938,93195,108379,0
7939,34629,105523,0
7940,49850,123704,0
7941,120766,95029,0
7942,135489,67516,0
7943,99574,106542,0
7944,72277,56908,0
7945,13871,44066,0
7946,32777,90490,0
7947,16147,32259,0
7948,44623,57752,0
7949,101092,66139,0
7950,38808,90392,0
7951,102031,44824,0
7952,108593,62440,0
7953,124443,108013,0
7954,41019,28185,0
7955,69248,94375,0
7956,9316,91466,0
7957,101462,152076,0
7958,68990,152076,0
7959,95331,141403,0
7960,92314,115264,0
7961,39408,71271,0
7962,50945,44967,0
7963,84437,125498,0
7964,39616,133852,0
7965,78420,70909,0
7966,117678,129023,0
7967,134301,93477,0
7968,91802,39408,0
7969,15261,3246,0
7970,63583,92615,0
7971,35538,2415,0
7972,49963,106223,0
7973,24202,21431,0
7974,44991,139606,0
7975,109058,25229,0
7976,115474,24265,0
7977,64795,30452,0
7978,21206,10060,0
7979,110555,136888,0
7980,146276,9179,0
7981,86816,134071,0
7982,45633,94036,0
7983,62440,17859,0
7984,3246,116617,0
7985,72023,74254,0
7986,60793,59538,0
7987,145394,83209,0
7988,50945,32259,0
7989,11905,51093,0
7990,63835,92828,0
7991,136274,115313,0
7992,7936,136229,0
7993,145394,129560,0
7994,58881,28185,0
7995,44991,145876,0
7996,61711,154734,0
7997,51343,125817,0
7998,140702,138641,0
7999,154958,85998,0
8000,143960,71679,0
8001,135912,115313,0
8002,151448,134345,0
8003,130240,30452,0
8004,26247,770,0
8005,123528,74254,0
8006,70333,106223,0
8007,7243,58146,0
8008,101798,22304,0
8009,91319,24383,0
8010,131005,44967,0
8011,89866,91582,0
8012,151808,63011,0
8013,21180,132121,0
8014,50401,73413,0
8015,133788,82719,0
8016,150741,127099,0
8017,110555,58146,0
8018,100675,70126,0
8019,23896,71679,0
8020,83179,8909,0
8021,12656,103897,0
8022,36579,44967,0
8023,120085,96006,0
8024,16164,20205,0
8025,4865,1293,0
8026,142063,65450,0
8027,96086,136888,0
8028,114353,129023,0
8029,32777,106035,0
8030,59964,39928,0
8031,45890,51568,0
8032,152344,38309,0
8033,154958,51093,0
8034,2625,24383,0
8035,120766,37384,0
8036,11737,51119,0
8037,54874,5559,0
8038,11703,57175,0
8039,154882,114540,0
8040,92033,44094,0
8041,75617,51568,0
8042,115089,35561,0
8043,39616,96006,0
8044,115856,134885,0
8045,47033,91860,0
8046,27310,70342,0
8047,152693,39775,0
8048,119442,32259,0
8049,106266,142934,0
8050,111526,55958,0
8051,95029,149008,0
8052,32397,125642,0
8053,45578,11703,0
8054,146392,18507,0
8055,143289,19952,0
8056,49291,94036,0
8057,29878,66139,0
8058,111594,85998,0
8059,146344,138641,0
8060,6570,125498,0
8061,141912,154734,0
8062,90318,137087,0
8063,29171,6162,0
8064,20272,39408,0
8065,105308,39775,0
8066,96522,36988,0
8067,118133,61476,0
8068,94375,117409,0
8069,140250,71679,0
8070,12656,58824,0
8071,68990,117125,0
8072,114967,94036,0
8073,149330,1900,0
8074,32397,11737,0
8075,101956,61177,0
8076,24635,133486,0
8077,146276,93031,0
8078,133788,85748,0
8079,24635,94108,0
8080,141912,106223,0
8081,27877,137087,0
8082,81473,93477,0
8083,960,27872,0
8084,94728,139295,0
8085,30997,134588,0
8086,55050,139606,0
8087,76448,90318,0
8088,19842,27989,0
8089,61711,85607,0
8090,40013,90392,0
8091,89375,102334,0
8092,38855,133852,0
8093,27918,27989,0
8094,128936,142934,0
8095,137087,56908,0
8096,112309,93001,0
8097,4903,104371,0
8098,25799,51119,0
8099,66088,61476,0
8100,95136,142934,0
8101,133962,43179,0
8102,24204,65926,0
8103,2728,127667,0
8104,145943,42248,0
8105,1040,104371,0
8106,9947,29309,0
8107,151457,12231,0
8108,90319,24383,0
8109,24742,10060,0
8110,40321,132995,0
8111,120766,49300,0
8112,10603,108565,0
8113,145394,94208,0
8114,43118,74254,0
8115,355,125498,0
8116,91319,35716,0
8117,115856,72665,0
8118,115856,132121,0
8119,39408,81900,0
8120,120766,12231,0
8121,75617,71271,0
8122,110445,45374,0
8123,72301,123185,0
8124,115089,90392,0
8125,144424,150772,0
8126,76075,142237,0
8127,2415,112152,0
8128,117404,22801,0
8129,43870,42575,0
8130,49850,22304,0
8131,100608,129560,0
8132,94728,87323,0
8133,3984,63011,0
8134,43508,58146,0
8135,27310,136888,0
8136,18507,71679,0
8137,12111,106223,0
8138,140250,19044,0
8139,45578,27530,0
8140,4865,152076,0
8141,60588,149008,0
8142,9316,32259,0
8143,144696,150772,0
8144,124226,29309,0
8145,100413,144696,0
8146,137788,115264,0
8147,127497,27530,0
8148,89375,91823,0
8149,36141,24062,0
8150,73088,94208,0
8151,58881,140469,0
8152,17091,39928,0
8153,127550,44094,0
8154,4830,14112,0
8155,133962,37384,0
8156,94764,149806,0
8157,108593,77549,0
8158,32360,36988,0
8159,52375,55958,0
8160,102031,81900,0
8161,16147,116617,0
8162,118116,96726,0
8163,27310,45374,0
8164,100675,135077,0
8165,4903,64181,0
8166,6967,136888,0
8167,25698,2625,0
8168,136888,82719,0
8169,91991,121990,0
8170,107411,91823,0
8171,71588,134930,0
8172,19543,94375,0
8173,39616,81900,0
8174,18954,8909,0
8175,154882,19952,0
8176,49963,129023,0
8177,140575,32048,0
8178,101462,43288,0
8179,128510,87618,0
8180,8303,24265,0
8181,7550,117125,0
8182,11861,67516,0
8183,47829,151240,0
8184,9316,70909,0
8185,76334,102334,0
8186,113673,90178,0
8187,6570,50967,0
8188,49850,134588,0
8189,140250,39775,0
8190,154958,5559,0
8191,960,25952,0
8192,32048,57995,0
8193,27985,44066,0
8194,46457,21431,0
8195,49059,83209,0
8196,7330,144696,0
8197,139295,72665,0
8198,40013,144696,0
8199,42093,77579,0
8200,122240,25229,0
8201,108722,57908,0
8202,134780,154734,0
8203,72023,101761,0
8204,39775,28185,0
8205,102532,145876,0
8206,817,129560,0
8207,94375,104371,0
8208,154882,46300,0
8209,63835,150772,0
8210,129703,58146,0
8211,1065,106223,0
8212,50374,44824,0
8213,54927,46300,0
8214,154882,94036,0
8215,3359,56870,0
8216,143579,42575,0
8217,8303,39775,0
8218,23896,123185,0
8219,126952,16631,0
8220,122240,61256,0
8221,41019,121953,0
8222,46399,90318,0
8223,24183,125817,0
8224,49059,104113,0
8225,62896,65450,0
8226,105308,77579,0
8227,144696,63011,0
8228,74674,135077,0
8229,18562,114631,0
8230,107411,127667,0
8231,75617,46460,0
8232,44824,44967,0
8233,124226,24383,0
8234,18562,73088,0
8235,74674,93001,0
8236,34629,120848,0
8237,84437,101761,0
8238,154958,130112,0
8239,108722,44094,0
8240,31748,38309,0
8241,71588,44824,0
8242,6967,70126,0
8243,112309,17859,0
8244,45633,136888,0
8245,134063,154734,0
8246,128510,62440,0
8247,87293,115313,0
8248,107427,123704,0
8249,69248,139854,0
8250,59306,134071,0
8251,117034,77498,0
8252,32360,61177,0
8253,39408,106542,0
8254,1155,106542,0
8255,15261,22304,0
8256,128936,43179,0
8257,52144,139606,0
8258,136888,64181,0
8259,4310,14130,0
8260,49850,73413,0
8261,95029,49300,0
8262,103483,27530,0
8263,20597,55958,0
8264,122240,138641,0
8265,119072,125642,0
8266,59016,93001,0
8267,24202,138641,0
8268,135775,96006,0
8269,148257,57752,0
8270,24941,46953,0
8271,2366,130112,0
8272,136194,11737,0
8273,44516,123185,0
8274,93195,134071,0
8275,16147,58824,0
8276,9947,136027,0
8277,19842,106035,0
8278,58881,108565,0
8279,136888,75773,0
8280,45578,51093,0
8281,54927,97885,0
8282,8303,20205,0
8283,102031,149313,0
8284,21206,97885,0
8285,817,108379,0
8286,6162,86629,0
8287,123528,90318,0
8288,3359,94208,0
8289,58146,125498,0
8290,97247,92967,0
8291,55278,42305,0
8292,13405,46300,0
8293,38808,20205,0
8294,7936,29309,0
8295,102032,134588,0
8296,24941,149806,0
8297,92419,100453,0
8298,100608,21431,0
8299,3359,145876,0
8300,27985,62440,0
8301,36579,71603,0
8302,18562,22304,0
8303,57625,57995,0
8304,82653,140469,0
8305,71588,134930,0
8306,68778,12231,0
8307,91802,11737,0
8308,17091,71020,0
8309,24202,32048,0
8310,48350,25952,0
8311,108580,74924,0
8312,34629,57908,0
8313,152344,141403,0
8314,59016,101761,0
8315,77135,74924,0
8316,36325,10060,0
8317,149960,44094,0
8318,3984,130112,0
8319,141912,121990,0
8320,149960,32259,0
8321,65450,73088,0
8322,24635,72530,0
8323,140250,45374,0
8324,24183,139606,0
8325,118955,45374,0
8326,9316,67487,0
8327,110555,26913,0
8328,143579,25952,0
8329,36379,56536,0
8330,99574,134071,0
8331,18507,16631,0
8332,115305,60829,0
8333,146276,71679,0
8334,113400,27279,0
8335,146276,18507,0
8336,24202,2415,0
8337,43508,114631,0
8338,90490,8909,0
8339,1040,22304,0
8340,146392,74924,0
8341,150741,59538,0
8342,108593,97394,0
8343,54927,93031,0
8344,69248,44094,0
8345,150610,25229,0
8346,144696,114540,0
8347,46541,91466,0
8348,152693,26913,0
8349,60993,107100,0
8350,108607,131360,0
8351,108593,37384,0
8352,118133,121990,0
8353,39408,78897,0
8354,108653,138775,0
8355,27918,65926,0
8356,108722,138775,0
8357,99574,71603,0
8358,39760,26723,0
8359,7243,14130,0
8360,117069,44824,0
8361,93195,138775,0
8362,6162,25952,0
8363,14036,5559,0
8364,102032,152076,0
8365,19842,149313,0
8366,114987,85998,0
8367,94602,114631,0
8368,56908,72665,0
8369,28061,32565,0
8370,70333,39928,0
8371,16147,91860,0
8372,55278,81900,0
8373,59964,6162,0
8374,15709,125817,0
8375,105308,51119,0
8376,152344,90490,0
8377,72023,133852,0
8378,112716,92828,0
8379,25799,120063,0
8380,61028,106223,0
8381,88949,137087,0
8382,135077,94375,0
8383,76075,65450,0
8384,133788,83209,0
8385,128936,6162,0
8386,143289,114631,0
8387,24183,108013,0
8388,47513,57175,0
8389,135489,90318,0
8390,42544,56870,0
8391,7243,26913,0
8392,38610,90392,0
8393,69248,32259,0
8394,21206,154958,0
8395,48350,154958,0
8396,25698,100453,0
8397,83179,107100,0
8398,77579,41200,0
8399,33263,141403,0
8400,90318,120848,0
8401,120085,46300,0
8402,96522,149806,0
8403,94764,45374,0
8404,15709,70342,0
8405,76075,78897,0
8406,38610,129560,0
8407,70333,97885,0
8408,136194,152076,0
8409,147758,85998,0
8410,38855,132995,0
8411,44516,121990,0
8412,68990,770,0
8413,114987,51568,0
8414,134780,117125,0
8415,64795,16631,0
8416,71679,27989,0
8417,133962,72345,0
8418,135912,24265,0
8419,151448,8909,0
8420,21180,92828,0
8421,27918,17859,0
8422,2415,77549,0
8423,1155,69098,0
8424,109058,96726,0
8425,151448,134071,0
8426,39408,61177,0
8427,131005,65926,0
8428,77668,39928,0
8429,20272,58146,0
8430,119072,70342,0
8431,144696,115264,0
8432,137788,65450,0
8433,102031,145876,0
8434,68778,46953,0
8435,79186,78897,0
8436,151457,24062,0
8437,2728,14130,0
8438,95190,27872,0
8439,54874,27443,0
8440,94602,140469,0
8441,107802,6162,0
8442,2449,127193,0
8443,64795,83209,0
8444,90490,97394,0
8445,95358,43288,0
8446,29171,62440,0
8447,147638,1900,0
8448,137087,44094,0
8449,147299,108748,0
8450,118955,24062,0
8451,36141,92114,0
8452,2366,145747,0
8453,72023,71679,0
8454,112309,100453,0
8455,84437,9179,0
8456,25952,70909,0
8457,15187,74254,0
8458,20272,66139,0
8459,54927,66139,0
8460,36120,144304,0
8461,77668,95029,0
8462,63835,112152,0
8463,32094,140469,0
8464,2449,103897,0
8465,88949,125498,0
8466,140119,81229,0
8467,46300,135077,0
8468,107411,132121,0
8469,139295,104371,0
8470,95358,96726,0
8471,40321,96726,0
8472,79186,82719,0
8473,83179,5559,0
8474,102031,101761,0
8475,61711,77549,0
8476,11737,136063,0
8477,24941,117125,0
8478,67144,38309,0
8479,116187,142237,0
8480,102532,125498,0
8481,32048,78897,0
8482,72665,141403,0
8483,107411,57752,0
8484,12111,64181,0
8485,6967,117409,0
8486,59306,58146,0
8487,123528,135077,0
8488,143960,140469,0
8489,41778,134345,0
8490,77668,26913,0
8491,47829,57908,0
8492,67144,127099,0
8493,83209,126083,0
8494,134780,51568,0
8495,540,136027,0
8496,51343,145747,0
8497,101956,66139,0
8498,77579,45374,0
8499,8532,100453,0
8500,76758,70126,0
8501,140250,125498,0
8502,24183,114631,0
8503,95358,114583,0
8504,111594,127099,0
8505,128936,127667,0
8506,72301,24383,0
8507,540,39775,0
8508,112716,32259,0
8509,113673,93001,0
8510,107427,35561,0
8511,140117,46300,0
8512,22828,121953,0
8513,24742,22801,0
8514,92419,44824,0
8515,95190,123185,0
8516,76448,125642,0
8517,31748,63011,0
8518,69248,17583,0
8519,117678,20205,0
8520,85637,70126,0
8521,20597,95029,0
8522,35538,117125,0
8523,2415,770,0
8524,117034,136027,0
8525,79186,70909,0
8526,18954,121953,0
8527,62366,134071,0
8528,109426,91823,0
8529,120766,26913,0
8530,36579,149806,0
8531,66905,22304,0
8532,100413,18507,0
8533,109426,129560,0
8534,119072,145876,0
8535,41778,114540,0
8536,6570,42858,0
8537,145394,134588,0
8538,41778,85998,0
8539,22801,134930,0
8540,19233,70342,0
8541,118955,72530,0
8542,133962,10060,0
8543,51650,51568,0
8544,147758,19044,0
8545,15187,145747,0
8546,108607,134071,0
8547,32048,93031,0
8548,44824,51119,0
8549,48350,136063,0
8550,129651,90318,0
8551,28190,56536,0
8552,45890,150772,0
8553,71867,58146,0
8554,70333,39775,0
8555,118276,38309,0
8556,151457,87323,0
8557,16147,92828,0
8558,134301,121953,0
8559,148759,92114,0
8560,45633,94375,0
8561,32353,154958,0
8562,61028,93031,0
8563,149366,92967,0
8564,19842,46460,0
8565,20272,90318,0
8566,150741,90392,0
8567,38855,93031,0
8568,68778,35716,0
8569,115474,96726,0
8570,27310,44066,0
8571,100960,74924,0
8572,107427,25952,0
8573,119442,16631,0
8574,59974,134588,0
8575,36579,129023,0
8576,41019,37384,0
8577,50401,55958,0
8578,110555,149008,0
8579,27918,142934,0
8580,140117,116617,0
8581,15187,41200,0
8582,817,16631,0
8583,131820,56908,0
8584,88949,56536,0
8585,49291,85998,0
8586,14036,60829,0
8587,133788,61476,0
8588,145943,63011,0
8589,146392,127099,0
8590,113400,90178,0
8591,14036,44066,0
8592,111275,65926,0
8593,91991,16631,0
8594,122240,8909,0
8595,6162,75773,0
8596,77579,93573,0
8597,93031,83364,0
8598,101798,132995,0
8599,114987,138641,0
8600,85041,27279,0
8601,123286,24265,0
8602,152079,74254,0
8603,97536,144304,0
8604,80276,47864,0
8605,1299,35561,0
8606,142807,108565,0
8607,142063,26723,0
8608,145394,77498,0
8609,107505,77498,0
8610,32360,138641,0
8611,76448,14130,0
8612,63583,78897,0
8613,146344,125817,0
8614,46399,16631,0
8615,97736,39775,0
8616,36579,90318,0
8617,91319,22801,0
8618,11703,56870,0
8619,85041,108565,0
8620,140250,130112,0
8621,137247,34621,0
8622,63583,11737,0
8623,114967,14112,0
8624,83179,92114,0
8625,50401,35561,0
8626,15709,22801,0
8627,105695,121990,0
8628,18954,51119,0
8629,11737,138775,0
8630,111594,132121,0
8631,3246,39775,0
8632,21206,72530,0
8633,143579,96726,0
8634,137788,94036,0
8635,54874,57175,0
8636,92033,46460,0
8637,113400,8909,0
8638,3359,104371,0
8639,22828,115313,0
8640,141912,72345,0
8641,1299,74924,0
8642,17037,96006,0
8643,105695,127667,0
8644,31559,2625,0
8645,80531,127193,0
8646,154882,83209,0
8647,136544,42248,0
8648,151808,18507,0
8649,127550,38309,0
8650,124226,5559,0
8651,17037,1900,0
8652,129651,77498,0
8653,95044,55958,0
8654,110445,72345,0
8655,62337,61256,0
8656,36120,139854,0
8657,74532,154734,0
8658,21180,22304,0
8659,107802,81900,0
8660,77251,18507,0
8661,29878,24062,0
8662,51343,32259,0
8663,123286,44066,0
8664,90319,140469,0
8665,3984,34621,0
8666,36579,9179,0
8667,43508,141403,0
8668,77251,56536,0
8669,127550,22801,0
8670,111526,150772,0
8671,19059,134071,0
8672,102532,74254,0
8673,89457,94375,0
8674,34621,108379,0
8675,107411,139606,0
8676,24742,108565,0
8677,136106,67516,0
8678,123528,125498,0
8679,32397,9179,0
8680,355,47784,0
8681,129703,92114,0
8682,131005,117409,0
8683,47864,150610,0
8684,105695,1293,0
8685,72301,71020,0
8686,96334,102334,0
8687,24635,87618,0
8688,136274,141403,0
8689,45505,32048,0
8690,133962,81229,0
8691,96086,107100,0
8692,3984,134930,0
8693,92849,127667,0
8694,89375,42248,0
8695,136888,101761,0
8696,95044,97885,0
8697,2449,1293,0
8698,15187,93477,0
8699,54874,142237,0
8700,134063,74254,0
8701,113673,74254,0
8702,93031,90392,0
8703,130240,90392,0
8704,45505,37336,0
8705,79186,42305,0
8706,151808,126083,0
8707,19059,61476,0
8708,127497,46460,0
8709,59306,123704,0
8710,74674,86445,0
8711,6967,42248,0
8712,28190,117409,0
8713,107802,56908,0
8714,68990,19952,0
8715,28190,57752,0
8716,18954,73088,0
8717,14036,6162,0
8718,85637,72345,0
8719,7936,90178,0
8720,148759,44967,0
8721,42093,35561,0
8722,114353,116617,0
8723,46541,27279,0
8724,90490,46300,0
8725,149960,92114,0
8726,39408,10060,0
8727,44991,96006,0
8728,98614,66139,0
8729,62337,90318,0
8730,97247,22304,0
8731,33455,103897,0
8732,151808,92967,0
8733,66905,125642,0
8734,140575,73413,0
8735,124443,104113,0
8736,137087,36988,0
8737,32048,32259,0
8738,1155,85748,0
8739,51650,38309,0
8740,82512,91823,0
8741,141453,72530,0
8742,117034,136229,0
8743,76448,105523,0
8744,19059,2415,0
8745,8532,46460,0
8746,84437,134345,0
8747,42093,101761,0
8748,62337,37384,0
8749,22801,103897,0
8750,88949,58146,0
8751,90490,136888,0
8752,149960,21431,0
8753,46541,134345,0
8754,134301,47864,0
8755,61711,25952,0
8756,17091,101761,0
8757,8532,94375,0
8758,59964,97885,0
8759,17037,108565,0
8760,85637,27530,0
8761,24635,132121,0
8762,54874,14112,0
8763,90319,144304,0
8764,102031,72530,0
8765,33455,108565,0
8766,49059,9179,0
8767,144967,140469,0
8768,142807,138641,0
8769,95190,58146,0
8770,60993,136063,0
8771,140250,17583,0
8772,24183,61177,0
8773,68990,12231,0
8774,75617,93477,0
8775,91802,71715,0
8776,147299,123185,0
8777,58881,75773,0
8778,45505,27279,0
8779,55278,43288,0
8780,24742,93573,0
8781,20272,72345,0
8782,43870,72530,0
8783,3984,72530,0
8784,42093,95029,0
8785,10603,74924,0
8786,27310,134345,0
8787,122240,142237,0
8788,70774,35561,0
8789,143062,138775,0
8790,62337,120063,0
8791,154958,16631,0
8792,141453,18507,0
8793,49963,87618,0
8794,90318,51568,0
8795,107802,122047,0
8796,57625,47864,0
8797,31559,90178,0
8798,118955,83364,0
8799,145943,74924,0
8800,48910,90318,0
8801,27877,81229,0
8802,2366,35716,0
8803,91877,1293,0
8804,1299,142237,0
8805,36325,51568,0
8806,11861,81900,0
8807,4865,90318,0
8808,149960,122047,0
8809,136194,144696,0
8810,65450,72530,0
8811,99574,82719,0
8812,128936,106542,0
8813,105695,70342,0
8814,89457,112152,0
8815,12111,61256,0
8816,85041,24062,0
8817,92314,151240,0
8818,107802,129560,0
8819,89423,44824,0
8820,131820,46300,0
8821,7936,14112,0
8822,118133,62440,0
8823,100413,121990,0
8824,91319,72345,0
8825,71020,86445,0
8826,102032,27989,0
8827,80531,61476,0
8828,25698,92967,0
8829,84437,14112,0
8830,960,154958,0
8831,80276,66139,0
8832,76075,125642,0
8833,137787,150610,0
8834,32360,39928,0
8835,68990,65450,0
8836,59974,106035,0
8837,150610,152076,0
8838,101742,108565,0
8839,355,149313,0
8840,110445,142934,0
8841,122240,77579,0
8842,151457,141403,0
8843,137788,72530,0
8844,102532,133852,0
8845,40013,106223,0
8846,86535,57995,0
8847,36579,26913,0
8848,97736,65450,0
8849,150610,94208,0
8850,22801,93031,0
8851,85041,47784,0
8852,92419,123704,0
8853,102532,56870,0
8854,18954,69098,0
8855,76758,27720,0
8856,91991,29309,0
8857,90318,93573,0
8858,10603,93001,0
8859,3984,85607,0
8860,75617,93573,0
8861,112309,138775,0
8862,150992,83364,0
8863,56314,136027,0
8864,7550,32565,0
8865,49850,115313,0
8866,38409,114583,0
8867,86535,27989,0
8868,24941,106223,0
8869,89457,27279,0
8870,71867,25952,0
8871,154147,85998,0
8872,66088,96006,0
8873,108580,8909,0
8874,48350,73088,0
8875,42093,152076,0
8876,77251,92828,0
8877,47024,70126,0
8878,95136,27279,0
8879,65450,41200,0
8880,33263,61256,0
8881,97736,3246,0
8882,12111,96726,0
8883,24202,152076,0
8884,100413,17583,0
8885,136274,770,0
8886,10603,27989,0
8887,60588,77549,0
8888,20597,37384,0
8889,63835,2415,0
8890,100413,63011,0
8891,119442,14130,0
8892,20272,27530,0
8893,31559,8909,0
8894,4830,87323,0
8895,12111,136229,0
8896,66088,108565,0
8897,72301,138775,0
8898,68990,136888,0
8899,115856,122047,0
8900,136888,139606,0
8901,100960,66139,0
8902,817,132995,0
8903,111526,127099,0
8904,116749,144696,0
8905,51650,24062,0
8906,7330,70909,0
8907,144696,134930,0
8908,63583,152076,0
8909,40013,90392,0
8910,137087,71271,0
8911,46541,101761,0
8912,68990,71679,0
8913,149330,83209,0
8914,72277,11703,0
8915,143960,44066,0
8916,90318,107100,0
8917,123528,41200,0
8918,134063,64415,0
8919,139330,21431,0
8920,2728,42858,0
8921,149366,83364,0
8922,80276,97885,0
8923,141453,8909,0
8924,44516,26723,0
8925,109426,87323,0
8926,38855,66139,0
8927,101956,97885,0
8928,123185,108565,0
8929,95044,149008,0
8930,154958,115264,0
8931,45505,126083,0
8932,540,27279,0
8933,136274,107100,0
8934,40013,47784,0
8935,114353,47864,0
8936,95136,3246,0
8937,68099,150610,0
8938,89423,5559,0
8939,72301,81900,0
8940,36141,58146,0
8941,18954,42305,0
8942,134063,34621,0
8943,86816,10060,0
8944,140250,149313,0
8945,140575,32259,0
8946,23896,69098,0
8947,47864,94036,0
8948,96086,108565,0
8949,66905,58824,0
8950,137787,134588,0
8951,148257,101761,0
8952,115089,61256,0
8953,52144,61256,0
8954,7550,85607,0
8955,43870,6162,0
8956,90314,17583,0
8957,70333,41200,0
8958,100675,43288,0
8959,115474,14112,0
8960,19543,35561,0
8961,94375,136229,0
8962,127550,83209,0
8963,143960,14112,0
8964,15187,61177,0
8965,147299,102334,0
8966,11703,108379,0
8967,94359,149313,0
8968,75617,140469,0
8969,27877,72345,0
8970,55278,73413,0
8971,144696,136027,0
8972,42544,44967,0
8973,101798,152076,0
8974,101742,17859,0
8975,1299,133486,0
8976,16147,27443,0
8977,45890,94375,0
8978,44824,107100,0
8979,7936,46300,0
8980,111275,150772,0
8981,119442,92615,0
8982,71679,51568,0
8983,76758,17583,0
8984,71588,5559,0
8985,26247,94108,0
8986,60993,126083,0
8987,113400,142237,0
8988,108722,91860,0
8989,115089,139854,0
8990,64795,2625,0
8991,74532,70909,0
8992,74674,86629,0
8993,49094,37336,0
8994,107427,94375,0
8995,24183,73088,0
8996,15261,67487,0
8997,71588,17583,0
8998,21180,2415,0
8999,19288,47784,0
9000,117069,25229,0
9001,32397,108379,0
9002,24183,114583,0
9003,1065,20205,0
9004,76075,69098,0
9005,19233,96006,0
9006,18562,19952,0
9007,149960,32048,0
9008,112309,127193,0
9009,86816,149008,0
9010,144696,27443,0
9011,100608,77579,0
9012,45505,151240,0
9013,115305,81229,0
9014,38855,60829,0
9015,34629,26723,0
9016,146344,72530,0
9017,143062,152076,0
9018,25698,18507,0
9019,152344,17859,0
9020,97247,24383,0
9021,115089,20205,0
9022,36120,114540,0
9023,59974,51119,0
9024,94359,45374,0
9025,141453,49300,0
9026,2625,96726,0
9027,150741,3246,0
9028,65450,17859,0
9029,123286,51568,0
9030,134071,63011,0
9031,40013,57908,0
9032,105695,39775,0
9033,7330,46460,0
9034,140331,44967,0
9035,127497,50967,0
9036,43870,75773,0
9037,124443,138775,0
9038,110555,24062,0
9039,30997,114583,0
9040,59964,39775,0
9041,54927,94208,0
9042,88949,72530,0
9043,72277,131360,0
9044,4903,93477,0
9045,54874,61256,0
9046,144424,39928,0
9047,80531,71679,0
9048,76075,43179,0
9049,149366,72530,0
9050,12656,2415,0
9051,100413,149806,0
9052,50401,129560,0
9053,11703,106035,0
9054,76758,138641,0
9055,36325,91466,0
9056,25799,24383,0
9057,2449,92615,0
9058,108722,44066,0
9059,143062,5559,0
9060,146344,115313,0
9061,127497,125498,0
9062,36579,21431,0
9063,89375,44967,0
9064,46541,21431,0
9065,45633,123704,0
9066,95331,65926,0
9067,82512,14130,0
9068,111526,43288,0
9069,58841,130112,0
9070,68099,139606,0
9071,56314,39775,0
9072,47864,108565,0
9073,61028,41200,0
9074,116187,71715,0
9075,92419,72665,0
9076,128510,96726,0
9077,119442,72345,0
9078,94728,114540,0
9079,140331,27279,0
9080,133962,136888,0
9081,93031,52753,0
9082,118276,117409,0
9083,72665,66139,0
9084,13871,96006,0
9085,44623,58824,0
9086,31559,90392,0
9087,15709,12231,0
9088,99574,27720,0
9089,29878,27989,0
9090,140119,42248,0
9091,67144,24265,0
9092,101798,145747,0
9093,115856,129023,0
9094,101742,75773,0
9095,144304,140469,0
9096,40013,50967,0
9097,19059,90490,0
9098,148759,50967,0
9099,115089,102334,0
9100,18562,70909,0
9101,146392,86629,0
9102,76334,44967,0
9103,1155,108013,0
9104,47024,93001,0
9105,129703,55958,0
9106,86816,83209,0
9107,148257,154958,0
9108,49300,71603,0
9109,108607,149806,0
9110,45505,66139,0
9111,112716,131360,0
9112,123286,74254,0
9113,91319,133486,0
9114,36379,85607,0
9115,96522,134071,0
9116,122240,106223,0
9117,129651,93573,0
9118,43870,92828,0
9119,36325,24062,0
9120,108607,35716,0
9121,95136,43288,0
9122,117379,46460,0
9123,146392,91860,0
9124,85637,95029,0
9125,142063,3246,0
9126,90314,112152,0
9127,140117,125817,0
9128,93195,42858,0
9129,18562,770,0
9130,45890,90392,0
9131,34621,57995,0
9132,146392,134071,0
9133,1065,70126,0
9134,129703,77549,0
9135,98614,47864,0
9136,49300,81229,0
9137,50374,51568,0
9138,77668,85607,0
9139,103483,102334,0
9140,4903,17583,0
9141,59974,64181,0
9142,140250,51568,0
9143,112716,12231,0
9144,135489,14112,0
9145,150741,130112,0
9146,92849,94375,0
9147,24204,108379,0
9148,55278,61177,0
9149,149366,32048,0
9150,95331,116617,0
9151,92419,61476,0
9152,4903,93477,0
9153,58881,26723,0
9154,108722,90178,0
9155,2625,19044,0
9156,154882,38309,0
9157,71020,92615,0
9158,49291,32048,0
9159,118116,25229,0
9160,39616,27530,0
9161,151448,27872,0
9162,60588,22304,0
9163,108580,139606,0
9164,126952,71020,0
9165,143960,96006,0
9166,60793,770,0
9167,60793,46460,0
9168,68778,11737,0
9169,148257,82719,0
9170,7243,11737,0
9171,60588,144696,0
9172,110445,149008,0
9173,123286,42305,0
9174,131820,95029,0
9175,84437,121990,0
9176,141453,129560,0
9177,6570,104113,0
9178,140119,56536,0
9179,24204,112152,0
9180,86803,93477,0
9181,120085,27989,0
9182,47829,71679,0
9183,74532,27989,0
9184,100413,90490,0
9185,33263,770,0
9186,65450,123185,0
9187,107505,19044,0
9188,113673,42248,0
9189,93195,35716,0
9190,115856,145876,0
9191,72023,24062,0
9192,135452,117125,0
9193,30997,142934,0
9194,105308,154734,0
9195,30997,142934,0
9196,83179,71679,0
9197,2415,26913,0
9198,136888,3246,0
9199,41019,127667,0
9200,94375,141403,0
9201,144967,67516,0
9202,32777,24383,0
9203,136274,125498,0
9204,137788,151240,0
9205,28061,132995,0
9206,36379,35716,0
9207,22304,1900,0
9208,32353,83209,0
9209,142807,17583,0
9210,92314,18507,0
9211,32360,43288,0
9212,2728,129560,0
9213,51343,42248,0
9214,2667,125642,0
9215,62366,94208,0
9216,14036,72530,0
9217,111594,93001,0
9218,36239,108565,0
9219,14036,132121,0
9220,134301,149313,0
9221,91877,72530,0
9222,6570,134071,0
9223,26247,51568,0
9224,28061,74254,0
9225,48008,57908,0
9226,47864,85998,0
9227,39775,27279,0
9228,119442,107100,0
9229,123183,144696,0
9230,115474,134588,0
9231,89866,35716,0
9232,94602,70342,0
9233,52444,81900,0
9234,49094,43179,0
9235,62337,18507,0
9236,18562,65450,0
9237,42544,85998,0
9238,46457,47864,0
9239,91319,19952,0
9240,135912,130112,0
9241,2415,1900,0
9242,58841,51093,0
9243,44824,55958,0
9244,60793,25952,0
9245,960,105523,0
9246,67221,117125,0
9247,62337,136063,0
9248,74674,137087,0
9249,108607,43288,0
9250,29171,123704,0
9251,85637,142237,0
9252,66905,90318,0
9253,131820,10060,0
9254,52375,92828,0
9255,44824,121990,0
9256,80276,96726,0
9257,40013,117409,0
9258,101956,96726,0
9259,4903,117125,0
9260,51343,47784,0
9261,113400,115264,0
9262,128510,18507,0
9263,100413,67516,0
9264,9947,22801,0
9265,45578,125817,0
9266,116749,102334,0
9267,7936,61476,0
9268,56908,97885,0
9269,15261,14130,0
9270,115089,127099,0
9271,50945,101761,0
9272,117379,108748,0
9273,101798,57908,0
9274,66905,75773,0
9275,75617,49300,0
9276,49291,71603,0
9277,147758,32259,0
9278,144424,90490,0
9279,108593,138641,0
9280,77135,2625,0
9281,17091,116617,0
9282,154147,93573,0
9283,8303,50967,0
9284,46399,72665,0
9285,40321,142237,0
9286,46541,142934,0
9287,62337,46300,0
9288,32777,71603,0
9289,12111,149806,0
9290,140117,114583,0
9291,95358,46953,0
9292,24535,26723,0
9293,87293,71271,0
9294,108580,42858,0
9295,43118,108565,0
9296,141912,83209,0
9297,4865,12231,0
9298,136274,24265,0
9299,108580,91860,0
9300,154958,66139,0
9301,117069,129023,0
9302,95358,74924,0
9303,47418,70126,0
9304,27310,34621,0
9305,24635,133486,0
9306,62896,94108,0
9307,102031,115264,0
9308,152693,58824,0
9309,96522,114583,0
9310,107411,136027,0
9311,21206,122047,0
9312,15709,770,0
9313,13871,104113,0
9314,118955,44824,0
9315,44824,77498,0
9316,83179,106035,0
9317,120381,139606,0
9318,81473,67487,0
9319,150610,22801,0
9320,41019,11737,0
9321,145394,123185,0
9322,77785,94036,0
9323,50945,17859,0
9324,94359,90178,0
9325,118276,6162,0
9326,116749,57995,0
9327,43118,144304,0
9328,94359,41200,0
9329,8303,132995,0
9330,148257,52753,0
9331,68990,56536,0
9332,134301,134071,0
9333,85041,27720,0
9334,11861,78897,0
9335,123528,51119,0
9336,154882,25229,0
9337,25799,5559,0
9338,68990,127193,0
9339,136888,82719,0
9340,107505,62440,0
9341,111594,61476,0
9342,1155,24265,0
9343,120085,115313,0
9344,108607,22801,0
9345,71588,150772,0
9346,117034,93031,0
9347,70333,26723,0
9348,65450,3246,0
9349,111275,74924,0
9350,2625,94108,0
9351,33263,28185,0
9352,107411,60829,0
9353,3359,27989,0
9354,27877,51568,0
9355,140702,150610,0
9356,144304,145747,0
9357,6967,78897,0
9358,43870,87323,0
9359,1299,64415,0
9360,72665,66139,0
9361,32360,51093,0
9362,89423,56908,0
9363,124443,91860,0
9364,140331,121990,0
9365,96334,39775,0
9366,127550,22304,0
9367,1074,134071,0
9368,146132,9179,0
9369,52375,11737,0
9370,15187,139854,0
9371,77785,73413,0
9372,135912,46953,0
9373,143579,92114,0
9374,18954,2415,0
9375,149330,140469,0
9376,116749,93031,0
9377,63835,41200,0
9378,95044,107100,0
9379,142063,73088,0
9380,4903,57995,0
9381,83179,90178,0
9382,7936,64181,0
9383,4830,154734,0
9384,123528,26913,0
9385,19842,25229,0
9386,44516,87323,0
9387,120766,144304,0
9388,92314,55958,0
9389,9670,149806,0
9390,3246,70909,0
9391,90314,1900,0
9392,15261,139854,0
9393,154958,77498,0
9394,123185,17583,0
9395,24742,133852,0
9396,150992,2625,0
9397,12444,25229,0
9398,115089,44967,0
9399,107505,12231,0
9400,112309,94108,0
9401,4310,142237,0
9402,16147,132121,0
9403,24747,142237,0
9404,35538,85607,0
9405,83209,127099,0
9406,96334,81229,0
9407,18507,71679,0
9408,4903,21431,0
9409,136194,94375,0
9410,128936,114631,0
9411,151448,136027,0
9412,49291,129560,0
9413,62337,134345,0
9414,26247,71271,0
9415,37192,74254,0
9416,43870,49300,0
9417,27985,44967,0
9418,38808,61177,0
9419,72665,56870,0
9420,146344,132121,0
9421,20272,56536,0
9422,71588,16631,0
9423,70333,58824,0
9424,34621,96726,0
9425,25799,96726,0
9426,116146,149313,0
9427,134301,90178,0
9428,68778,46300,0
9429,137087,24062,0
9430,107505,97394,0
9431,35538,91466,0
9432,32048,55958,0
9433,46399,97394,0
9434,139330,142237,0
9435,49300,19044,0
9436,80276,123704,0
9437,36325,24265,0
9438,88949,34621,0
9439,72023,78897,0
9440,47033,22304,0
9441,44991,127193,0
9442,15261,29309,0
9443,77135,78897,0
9444,80276,64181,0
9445,140250,116617,0
9446,149366,35561,0
9447,44991,65450,0
9448,91802,114583,0
9449,47829,27443,0
9450,117069,77549,0
9451,144424,95029,0
9452,61028,83364,0
9453,21180,142934,0
9454,19059,2625,0
9455,540,63011,0
9456,2415,125817,0
9457,39616,72530,0
9458,101092,61476,0
9459,123183,151240,0
9460,355,93477,0
9461,3984,18507,0
9462,38855,50967,0
9463,6967,35716,0
9464,39408,27720,0
9465,34629,47864,0
9466,117034,150772,0
9467,49291,72530,0
9468,1074,106542,0
9469,143289,117125,0
9470,89375,77549,0
9471,78420,134930,0
9472,134063,35716,0
9473,100413,87323,0
9474,68099,1900,0
9475,95029,19044,0
9476,72023,137087,0
9477,87293,144696,0
9478,143579,95029,0
9479,94375,131360,0
9480,86535,43288,0
9481,119072,154958,0
9482,107427,85607,0
9483,118116,154958,0
9484,135077,154734,0
9485,141912,65926,0
9486,18954,26723,0
9487,47513,19044,0
9488,34621,115313,0
9489,147638,105523,0
9490,43931,19952,0
9491,96522,34621,0
9492,67144,11703,0
9493,92033,91582,0
9494,90490,57175,0
9495,15187,115313,0
9496,3246,35561,0
9497,67144,8909,0
9498,149960,86445,0
9499,42544,37336,0
9500,151457,70126,0
9501,47513,95029,0
9502,137087,86445,0
9503,77579,61476,0
9504,137788,83209,0
9505,7550,5559,0
9506,58841,11703,0
9507,15709,139295,0
9508,11737,141403,0
9509,49094,71020,0
9510,355,142934,0
9511,21206,132995,0
9512,90319,96006,0
9513,113400,74924,0
9514,126952,108565,0
9515,105695,72530,0
9516,74674,1293,0
9517,71867,86629,0
9518,101798,69098,0
9519,91319,129023,0
9520,88949,74924,0
9521,86816,44824,0
9522,25952,17859,0
9523,59964,56536,0
9524,52144,57995,0
9525,17037,77498,0
9526,92849,34621,0
9527,3984,134885,0
9528,18507,70126,0
9529,136106,24265,0
9530,123183,35561,0
9531,127550,73413,0
9532,9947,149806,0
9533,96334,37336,0
9534,44516,91582,0
9535,143409,70909,0
9536,1155,134345,0
9537,101798,138775,0
9538,54927,64181,0
9539,107802,1900,0
9540,66088,43179,0
9541,97736,139854,0
9542,143579,6162,0
9543,103483,65926,0
9544,149366,25952,0
9545,25952,129560,0
9546,18562,64415,0
9547,97536,120063,0
9548,81473,42858,0
9549,14036,44967,0
9550,32360,108379,0
9551,17037,45374,0
9552,89423,123704,0
9553,25743,27872,0
9554,36579,51568,0
9555,85637,39408,0
9556,17091,115313,0
9557,71020,142237,0
9558,11861,39928,0
9559,101956,17859,0
9560,90314,108565,0
9561,40321,61476,0
9562,120766,39928,0
9563,103483,75773,0
9564,150741,144304,0
9565,36141,5559,0
9566,65450,57908,0
9567,32353,125642,0
9568,16147,108379,0
9569,154882,129023,0
9570,25698,35561,0
9571,36325,86629,0
9572,92314,106035,0
9573,46541,150772,0
9574,124443,58824,0
9575,4903,14130,0
9576,17037,55958,0
9577,115305,55958,0
9578,43931,49300,0
9579,9670,14112,0
9580,62366,144304,0
9581,92314,27989,0
9582,62337,49300,0
9583,68990,116617,0
9584,18562,87323,0
9585,154965,10060,0
9586,28061,97885,0
9587,49963,106223,0
9588,81473,37384,0
9589,145394,64181,0
9590,126952,26723,0
9591,109426,16631,0
9592,96522,81229,0
9593,74532,5559,0
9594,18562,47784,0
9595,102032,102334,0
9596,16164,62440,0
9597,62366,42858,0
9598,8303,108379,0
9599,38855,145747,0
9600,105308,16631,0
9601,140575,66139,0
9602,60993,108013,0
9603,91991,75773,0
9604,110445,46300,0
9605,14036,28185,0
9606,15261,82719,0
9607,140250,93001,0
9608,142807,56908,0
9609,150610,103897,0
9610,37192,71603,0
9611,101092,49300,0
9612,117678,32048,0
9613,130240,93031,0
9614,66905,107100,0
9615,40321,10060,0
9616,122240,91466,0
9617,120085,67487,0
9618,150610,19952,0
9619,24941,90392,0
9620,149330,117409,0
9621,86535,106542,0
9622,33263,125817,0
9623,90318,87618,0
9624,39616,142934,0
9625,25698,95029,0
9626,96086,65450,0
9627,58146,125642,0
9628,151808,139854,0
9629,113673,144304,0
9630,138035,19044,0
9631,16147,92114,0
9632,90490,3246,0
9633,32360,117125,0
9634,817,120848,0
9635,45505,92114,0
9636,85637,57175,0
9637,59974,52753,0
9638,108653,72530,0
9639,540,27872,0
9640,108580,38309,0
9641,19233,64181,0
9642,74532,96006,0
9643,82653,77498,0
9644,101956,141403,0
9645,39760,94036,0
9646,112309,26723,0
9647,116187,142237,0
9648,77579,25952,0
9649,72665,11737,0
9650,111594,47864,0
9651,141453,58146,0
9652,75617,30452,0
9653,19543,70342,0
9654,12111,73088,0
9655,126952,95029,0
9656,143579,65926,0
9657,88949,65926,0
9658,143289,126083,0
9659,47864,60829,0
9660,144696,6162,0
9661,125611,57995,0
9662,45578,117409,0
9663,29878,64181,0
9664,146132,57175,0
9665,94728,5559,0
9666,32777,139606,0
9667,82653,50967,0
9668,95136,8909,0
9669,116749,106542,0
9670,39408,91860,0
9671,81473,71603,0
9672,94359,58824,0
9673,3246,2625,0
9674,151457,132995,0
9675,29171,42305,0
9676,151448,67487,0
9677,92314,71715,0
9678,89423,108748,0
9679,137787,149806,0
9680,92033,91582,0
9681,137787,11703,0
9682,4903,43288,0
9683,135898,125642,0
9684,24204,104371,0
9685,123528,25229,0
9686,98614,83209,0
9687,2667,1900,0
9688,59306,134071,0
9689,25743,108013,0
9690,27877,46460,0
9691,43870,126083,0
9692,97536,70909,0
9693,72023,85607,0
9694,4830,74924,0
9695,16147,57752,0
9696,1040,27872,0
9697,140250,115313,0
9698,27877,44094,0
9699,540,106223,0
9700,108722,105523,0
9701,109426,39928,0
9702,28190,22304,0
9703,21206,32048,0
9704,90318,108748,0
9705,11737,78897,0
9706,355,82719,0
9707,114967,32259,0
9708,117404,154958,0
9709,74674,64181,0
9710,46457,117409,0
9711,76448,94208,0
9712,83179,135077,0
9713,119442,144304,0
9714,107411,72345,0
9715,102031,14112,0
9716,131005,141403,0
9717,94375,59538,0
9718,15261,49300,0
9719,36239,139606,0
9720,151448,77579,0
9721,49300,123704,0
9722,75617,61177,0
9723,118276,71715,0
9724,129703,11737,0
9725,48350,81900,0
9726,39408,24383,0
9727,101742,83209,0
9728,8303,136229,0
9729,49850,58824,0
9730,52444,25229,0
9731,87293,86445,0
9732,70774,3246,0
9733,152079,17859,0
9734,63583,105523,0
9735,137787,26723,0
9736,118116,73088,0
9737,25799,136027,0
9738,96086,121953,0
9739,105308,74924,0
9740,94375,27720,0
9741,11905,150610,0
9742,94602,19044,0
9743,77135,70126,0
9744,32094,150772,0
9745,58146,51093,0
9746,139295,32259,0
9747,47829,43179,0
9748,60793,38309,0
9749,114353,49300,0
9750,11703,26723,0
9751,47024,57752,0
9752,115474,27279,0
9753,31559,137087,0
9754,117034,117125,0
9755,123286,87323,0
9756,75617,127099,0
9757,76075,39775,0
9758,79186,112152,0
9759,48350,104113,0
9760,12111,93477,0
9761,35538,108565,0
9762,134063,77549,0
9763,40321,112152,0
9764,2728,120848,0
9765,101798,14130,0
9766,355,96006,0
9767,4310,27279,0
9768,28190,132995,0
9769,149960,8909,0
9770,24747,27989,0
9771,24742,127193,0
9772,118276,26723,0
9773,149366,64415,0
9774,142807,63011,0
9775,96522,122047,0
9776,82653,22801,0
9777,154882,93001,0
9778,60588,154734,0
9779,69248,35716,0
9780,107427,127099,0
9781,817,39775,0
9782,138035,101761,0
9783,89375,24383,0
9784,144304,57995,0
9785,24635,117125,0
9786,95044,144696,0
9787,77668,22801,0
9788,71271,1293,0
9789,47829,90392,0
9790,2625,12231,0
9791,4865,122047,0
9792,18954,58824,0
9793,118116,42858,0
9794,140702,28185,0
9795,134301,20205,0
9796,68990,12231,0
9797,29171,103897,0
9798,85041,96006,0
9799,102032,93573,0
9800,127497,2625,0
9801,96334,104371,0
9802,117069,108379,0
9803,96334,63011,0
9804,109426,17859,0
9805,31559,56908,0
9806,45578,139606,0
9807,18562,60829,0
9808,47829,90392,0
9809,62366,133852,0
9810,95029,152076,0
9811,38409,62440,0
9812,117069,77498,0
9813,136106,90490,0
9814,131820,34621,0
9815,116187,30452,0
9816,38855,93031,0
9817,19059,16631,0
9818,55278,149008,0
9819,43870,91466,0
9820,45890,37336,0
9821,38610,102334,0
9822,120766,69098,0
9823,133788,46300,0
9824,128936,94108,0
9825,72277,66139,0
9826,143579,67487,0
9827,24747,107100,0
9828,36120,149008,0
9829,59016,83209,0
9830,36239,72345,0
9831,32397,131360,0
9832,1040,107100,0
9833,12656,92114,0
9834,84437,125498,0
9835,51650,27279,0
9836,95029,10060,0
9837,2415,35561,0
9838,32777,94036,0
9839,48910,42575,0
9840,145394,92967,0
9841,101956,32048,0
9842,32048,37384,0
9843,139330,150772,0
9844,100675,134885,0
9845,115474,6162,0
9846,71867,51568,0
9847,1299,94375,0
9848,134063,106035,0
9849,144696,106542,0
9850,68778,125642,0
9851,136194,91823,0
9852,82512,129023,0
9853,135489,108748,0
9854,16147,139854,0
9855,15187,77549,0
9856,146344,20205,0
9857,82653,138641,0
9858,25698,90318,0
9859,81473,92828,0
9860,117678,96006,0
9861,8303,43179,0
9862,117069,24062,0
9863,144304,19952,0
9864,143289,56870,0
9865,107427,134885,0
9866,86803,115264,0
9867,3246,38309,0
9868,86535,114540,0
9869,3246,27720,0
9870,15261,90392,0
9871,140575,142934,0
9872,114987,32565,0
9873,123183,77579,0
9874,142063,136888,0
9875,150741,92114,0
9876,124443,112152,0
9877,30997,127193,0
9878,37192,140469,0
9879,91802,85748,0
9880,140575,14130,0
9881,77135,136888,0
9882,124226,132121,0
9883,71679,92615,0
9884,85637,134885,0
9885,115474,71603,0
9886,24535,14130,0
9887,131005,64181,0
9888,11905,154734,0
9889,2728,136888,0
9890,18507,104113,0
9891,146159,8909,0
9892,67144,61256,0
9893,32094,133486,0
9894,86535,58824,0
9895,62366,96006,0
9896,41778,133852,0
9897,4310,83209,0
9898,30997,43288,0
9899,124443,134071,0
9900,87293,129023,0
9901,116146,8909,0
9902,32777,58824,0
9903,109058,92828,0
9904,23896,57175,0
9905,140250,770,0
9906,7936,138775,0
9907,66905,114583,0
9908,140575,42248,0
9909,97247,3246,0
9910,88949,154734,0
9911,90319,35561,0
9912,143289,96726,0
9913,24742,44967,0
9914,146132,9179,0
9915,72665,122047,0
9916,94375,114540,0
9917,105695,139606,0
9918,146392,19044,0
9919,54927,122047,0
9920,144967,27279,0
9921,47033,61177,0
9922,77668,81900,0
9923,150610,14112,0
9924,131005,37336,0
9925,74674,2415,0
9926,83209,71715,0
9927,151448,91823,0
9928,15187,104113,0
9929,49291,81900,0
9930,57625,114631,0
9931,89866,39775,0
9932,108607,149806,0
9933,112716,104371,0
9934,46457,81229,0
9935,10603,81229,0
9936,118276,9179,0
9937,25952,142934,0
9938,117678,39775,0
9939,108722,83364,0
9940,101956,120848,0
9941,1299,90178,0
9942,124226,44094,0
9943,92849,58824,0
9944,140119,86629,0
9945,9670,42305,0
9946,76448,114540,0
9947,92849,19044,0
9948,122240,65450,0
9949,135489,39928,0
9950,63835,17583,0
9951,19233,49300,0
9952,6162,142934,0
9953,19543,46953,0
9954,136274,70126,0
9955,49300,94375,0
9956,38610,85607,0
9957,102031,120063,0
9958,32777,17859,0
9959,66088,45374,0
9960,49059,43179,0
9961,44516,87618,0
9962,58881,100453,0
9963,140117,25229,0
9964,23896,26913,0
9965,146344,121953,0
9966,1299,71679,0
9967,55278,27720,0
9968,14036,20205,0
9969,47513,38309,0
9970,42544,29309,0
9971,77251,90392,0
9972,143960,51093,0
9973,47864,138775,0
9974,11905,92114,0
9975,134301,64415,0
9976,76075,93001,0
9977,39616,134930,0
9978,105695,85748,0
9979,149960,117125,0
9980,4903,136888,0
9981,1299,70909,0
9982,86816,65450,0
9983,9947,92828,0
9984,32397,1293,0
9985,44516,134345,0
9986,9316,9179,0
9987,151808,117125,0
9988,1074,46460,0
9989,7550,123704,0
9990,25698,39408,0
9991,136544,770,0
9992,81473,117125,0
9993,34621,77549,0
9994,141912,86445,0
9995,99574,71603,0
9996,70774,24265,0
9997,99574,8909,0
9998,4903,123704,0
9999,47418,44824,0
10000,97736,150610,0
10001,66088,90490,0
10002,4865,17583,0
10003,21206,132995,0
10004,119072,136888,0
10005,137087,71271,0
10006,43118,10060,0
10007,137788,140469,0
10008,119442,114540,0
10009,76334,41200,0
10010,59016,91466,0
10011,39760,127193,0
10012,136106,22304,0
10013,26247,70126,0
10014,143289,90490,0
10015,91877,46300,0
10016,127550,59538,0
10017,139295,114631,0
10018,140575,44967,0
10019,39775,19044,0
10020,123286,125498,0
10021,135898,106035,0
10022,74532,2625,0
10023,74532,65450,0
10024,66905,108748,0
10025,91802,19044,0
10026,140117,96726,0
10027,100960,154958,0
10028,146276,27989,0
10029,91877,120848,0
10030,94375,58146,0
10031,98614,22304,0
10032,72277,35716,0
10033,59964,94036,0
10034,47418,139854,0
10035,151808,2415,0
10036,145943,151240,0
10037,23896,27279,0
10038,116187,120063,0
10039,141912,138775,0
10040,59306,134345,0
10041,117034,108379,0
10042,38610,77549,0
10043,72023,1900,0
10044,52444,152076,0
10045,24535,136027,0
10046,58841,116617,0
10047,2625,28185,0
10048,95029,26913,0
10049,42544,6162,0
10050,109426,117409,0
10051,49850,152076,0
10052,29878,16631,0
10053,136544,97885,0
10054,41019,51119,0
10055,1065,90392,0
10056,49094,86629,0
10057,24535,14112,0
10058,31559,134071,0
10059,113673,136229,0
10060,45633,93031,0
10061,86816,103897,0
10062,128510,136027,0
10063,147758,85998,0
10064,140702,97885,0
10065,100675,27279,0
10066,105695,57175,0
10067,110555,24265,0
10068,113673,136027,0
10069,114987,67516,0
10070,36579,64181,0
10071,1299,94036,0
10072,146276,92828,0
10073,86803,95029,0
10074,47864,86445,0
10075,87293,64181,0
10076,49094,136888,0
10077,61711,38309,0
10078,45890,125817,0
10079,139295,17859,0
10080,355,139606,0
10081,116187,114583,0
10082,77668,37336,0
10083,2366,126083,0
10084,77579,134345,0
10085,36120,86629,0
10086,94764,2415,0
10087,71679,58824,0
10088,109426,46953,0
10089,133962,70909,0
10090,115856,43179,0
10091,56908,94208,0
10092,115474,93477,0
10093,110555,149313,0
10094,34621,86629,0
10095,24204,9179,0
10096,17037,123704,0
10097,131005,28185,0
10098,85637,56536,0
10099,107411,125498,0
10100,93195,93477,0
10101,86535,104371,0
10102,47418,9179,0
10103,62337,62440,0
10104,95190,64415,0
10105,6570,154734,0
10106,88949,67516,0
10107,54874,71603,0
10108,117379,24062,0
10109,28061,131360,0
10110,15261,120848,0
10111,108653,50967,0
10112,107411,1900,0
10113,24062,149008,0
10114,118133,86445,0
10115,4903,2625,0
10116,135077,16631,0
10117,143012,73413,0
10118,134780,58824,0
10119,107802,27720,0
10120,133962,22801,0
10121,93031,16631,0
10122,45505,96726,0
10123,14036,8909,0
10124,95044,70909,0
10125,151457,62440,0
10126,133788,11737,0
10127,72023,122047,0
10128,90318,3246,0
10129,58841,51568,0
10130,99574,140469,0
10131,135077,42575,0
10132,154965,41200,0
10133,24062,77498,0
10134,19543,150610,0
10135,140250,34621,0
10136,38855,134345,0
10137,44991,46300,0
10138,80276,116617,0
10139,12656,122047,0
10140,107427,133486,0
10141,71020,44824,0
10142,100608,138641,0
10143,48350,123704,0
10144,49059,18507,0
10145,39760,1293,0
10146,47033,105523,0
10147,118955,56870,0
10148,145943,70342,0
10149,36120,51119,0
10150,12111,150772,0
10151,128510,94036,0
10152,32353,56870,0
10153,137087,24383,0
10154,39760,131360,0
10155,108593,94108,0
10156,2415,94036,0
10157,98614,108565,0
10158,10603,18507,0
10159,66905,44066,0
10160,83209,93001,0
10161,107505,92114,0
10162,76758,67516,0
10163,50374,117409,0
10164,94602,3246,0
10165,136106,63011,0
10166,36120,44066,0
10167,136194,69098,0
10168,29171,140469,0
10169,154147,27720,0
10170,120766,65450,0
10171,110555,70909,0
10172,102031,91860,0
10173,137787,116617,0
10174,17037,71679,0
10175,14036,57175,0
10176,1040,125817,0
10177,51343,135077,0
10178,114987,92615,0
10179,18954,130112,0
10180,117034,6162,0
10181,20597,67487,0
10182,32094,22801,0
10183,91319,43288,0
10184,101956,132121,0
10185,15261,11703,0
10186,116187,97885,0
10187,108580,47784,0
10188,4903,43179,0
10189,107802,83364,0
10190,143409,135077,0
10191,59964,91860,0
10192,44516,32048,0
10193,55278,65926,0
10194,146159,139854,0
10195,59016,108565,0
10196,9316,107100,0
10197,24204,136888,0
10198,7936,43179,0
10199,140119,129560,0
10200,140119,134885,0
10201,2415,136063,0
10202,24747,44094,0
10203,62337,106035,0
10204,77251,134071,0
10205,89866,24383,0
10206,135912,57175,0
10207,96334,149313,0
10208,15187,22801,0
10209,13871,5559,0
10210,119072,137087,0
10211,15261,105523,0
10212,126952,142237,0
10213,34629,93031,0
10214,52375,105523,0
10215,110445,2415,0
10216,143579,77498,0
10217,102031,43179,0
10218,118133,78897,0
10219,48910,45374,0
10220,71679,46953,0
10221,77251,87618,0
10222,127611,135077,0
10223,91802,87618,0
10224,19059,138641,0
10225,54874,108748,0
10226,143960,1293,0
10227,12111,134071,0
10228,131820,19952,0
10229,93195,12231,0
10230,141912,139606,0
10231,85041,25952,0
10232,6570,95029,0
10233,123286,108379,0
10234,17091,136888,0
10235,7936,65926,0
10236,62440,97394,0
10237,122240,82719,0
10238,79186,117125,0
10239,90319,60829,0
10240,62366,22304,0
10241,89375,27872,0
10242,36379,71271,0
10243,76758,42858,0
10244,96086,24383,0
10245,117069,65450,0
10246,96334,61256,0
10247,9670,60829,0
10248,144304,58824,0
10249,96522,96006,0
10250,146132,85748,0
10251,4903,56908,0
10252,36325,92615,0
10253,151457,62440,0
10254,92419,16631,0
10255,25799,70342,0
10256,89457,90392,0
10257,79186,74254,0
10258,46300,78897,0
10259,123528,65450,0
10260,27918,108748,0
10261,48910,61256,0
10262,152693,108565,0
10263,137788,22304,0
10264,72023,97394,0
10265,151808,117125,0
10266,115305,74924,0
10267,25952,103897,0
10268,90319,49300,0
10269,11703,129023,0
10270,108653,127667,0
10271,24747,72345,0
10272,16147,50967,0
10273,68778,123185,0
10274,52444,102334,0
10275,1155,92114,0
10276,45890,16631,0
10277,44991,27720,0
10278,115856,58146,0
10279,28061,52753,0
10280,6967,129560,0
10281,152079,46300,0
10282,102532,106542,0
10283,95190,90318,0
10284,64795,135077,0
10285,122240,19044,0
10286,2449,132121,0
10287,12111,57175,0
10288,74532,91582,0
10289,129651,57752,0
10290,140250,39775,0
10291,76448,87323,0
10292,134780,117409,0
10293,15187,133852,0
10294,137087,61256,0
10295,77785,83209,0
10296,77579,82719,0
10297,6570,103897,0
10298,145943,41200,0
10299,39760,44824,0
10300,77579,120848,0
10301,94728,71679,0
10302,21180,44094,0
10303,107427,52753,0
10304,17037,5559,0
10305,154147,136229,0
10306,22828,91823,0
10307,32094,62440,0
10308,99574,78897,0
10309,114987,93573,0
10310,47513,154734,0
10311,54927,27443,0
10312,91877,108013,0
10313,137788,55958,0
10314,50945,32259,0
10315,110555,134345,0
10316,142807,21431,0
10317,10603,20205,0
10318,90314,50967,0
10319,27310,34621,0
10320,11703,50967,0
10321,139330,43288,0
10322,96522,95029,0
10323,54874,3246,0
10324,62896,11737,0
10325,43931,139606,0
10326,92033,16631,0
10327,43931,49300,0
10328,48910,44094,0
10329,89423,92615,0
10330,113673,41200,0
10331,95190,117409,0
10332,4903,92615,0
10333,67221,10060,0
10334,139330,91860,0
10335,143409,19044,0
10336,50401,108379,0
10337,15187,27443,0
10338,55050,92967,0
10339,126952,91466,0
10340,73088,120063,0
10341,4830,26723,0
10342,115474,3246,0
10343,54927,18507,0
10344,42544,27530,0
10345,52144,83209,0
10346,149366,103897,0
10347,47024,139606,0
10348,817,114631,0
10349,77668,41200,0
10350,140250,106542,0
10351,3984,94036,0
10352,71679,73413,0
10353,41778,136888,0
10354,15709,138775,0
10355,136544,83364,0
10356,152079,134930,0
10357,146132,145747,0
10358,146132,106542,0
10359,6570,90318,0
10360,59964,94208,0
10361,89457,107100,0
10362,68099,29309,0
10363,41778,63011,0
10364,131005,69098,0
10365,95029,70909,0
10366,20272,96006,0
10367,108653,87323,0
10368,29878,74254,0
10369,57625,51119,0
10370,150992,65450,0
10371,146392,25229,0
10372,32777,32048,0
10373,135489,91582,0
10374,123183,108565,0
10375,131005,57908,0
10376,146344,74254,0
10377,49850,149313,0
10378,62337,29309,0
10379,81473,97394,0
10380,27877,10060,0
10381,138035,45374,0
10382,98614,139854,0
10383,143409,55958,0
10384,49300,18507,0
10385,108722,117125,0
10386,92033,114631,0
10387,40013,95029,0
10388,12444,42858,0
10389,102532,51093,0
10390,59016,82719,0
10391,82512,121953,0
10392,91877,58824,0
10393,44824,85748,0
10394,68099,73413,0
10395,7330,61177,0
10396,49059,94375,0
10397,99574,92967,0
10398,11737,154958,0
10399,85041,86445,0
10400,109426,91823,0
10401,116749,134588,0
10402,11905,134930,0
10403,11905,22801,0
10404,76448,24265,0
10405,136194,44094,0
10406,18562,123185,0
10407,93195,90392,0
10408,96086,44094,0
10409,19233,94108,0
10410,140119,71679,0
10411,12656,91823,0
10412,7243,39928,0
10413,131820,90178,0
10414,4310,125498,0
10415,76448,114583,0
10416,115305,122047,0
10417,86816,74254,0
10418,143012,17583,0
10419,41019,71603,0
10420,37192,71679,0
10421,133788,44066,0
10422,20272,70909,0
10423,63583,136229,0
10424,47024,107100,0
10425,59964,137087,0
10426,150741,52753,0
10427,143012,11703,0
10428,154882,1293,0
10429,11861,97885,0
10430,83209,2415,0
10431,102031,35716,0
10432,38610,114583,0
10433,60793,9179,0
10434,71271,138641,0
10435,17037,24265,0
10436,137787,67516,0
10437,148257,125817,0
10438,151448,19044,0
10439,52375,101761,0
10440,142063,28185,0
10441,18954,12231,0
10442,133962,91860,0
10443,70333,66139,0
10444,81473,81900,0
10445,43118,14112,0
10446,55278,5559,0
10447,25952,134071,0
10448,139295,20205,0
10449,146159,77549,0
10450,58146,8909,0
10451,32360,61476,0
10452,114967,94375,0
10453,44824,92615,0
10454,40321,92615,0
10455,134301,121990,0
10456,41778,152076,0
10457,59306,93001,0
10458,86803,46300,0
10459,25952,141403,0
10460,20597,55958,0
10461,72023,37336,0
10462,89423,14130,0
10463,124443,132995,0
10464,19288,28185,0
10465,42093,57908,0
10466,47024,103897,0
10467,105695,1293,0
10468,94359,27279,0
10469,140331,14112,0
10470,61711,130112,0
10471,87293,134930,0
10472,135452,91823,0
10473,105695,136027,0
10474,7330,125498,0
10475,59974,125498,0
10476,152079,43179,0
10477,125611,43288,0
10478,47513,100453,0
10479,123185,121953,0
10480,72023,26913,0
10481,45578,10060,0
10482,111275,61476,0
10483,30997,106542,0
10484,16147,102334,0
10485,95190,90178,0
10486,39616,92967,0
10487,114967,131360,0
10488,115089,8909,0
10489,43870,97885,0
10490,94375,116617,0
10491,42544,39775,0
10492,103483,94375,0
10493,24635,114540,0
10494,46457,57175,0
10495,21180,120063,0
10496,48350,16631,0
10497,58881,57175,0
10498,74532,19952,0
10499,22801,123185,0
10500,140702,86629,0
10501,154965,132995,0
10502,89423,139854,0
10503,25698,152076,0
10504,32777,150772,0
10505,92033,91860,0
10506,94764,2625,0
10507,94728,52753,0
10508,19543,134588,0
10509,99574,85607,0
10510,51650,92615,0
10511,58881,125817,0
10512,151808,152076,0
10513,69248,39775,0
10514,133788,9179,0
10515,11703,91466,0
10516,117379,125817,0
10517,67221,57175,0
10518,151808,92967,0
10519,4903,91860,0
10520,47829,69098,0
10521,56314,18507,0
10522,107505,105523,0
10523,25743,50967,0
10524,135077,12231,0
10525,149960,24062,0
10526,111526,14112,0
10527,46457,51093,0
10528,114987,93031,0
10529,95029,97394,0
10530,15187,134588,0
10531,91319,134588,0
10532,52444,138775,0
10533,71679,115313,0
10534,6967,42858,0
10535,47864,94108,0
10536,48350,150772,0
10537,32397,14130,0
10538,118955,116617,0
10539,75617,90318,0
10540,126952,140469,0
10541,146159,30452,0
10542,24204,37336,0
10543,47418,125817,0
10544,63835,32048,0
10545,140117,70909,0
10546,95331,90178,0
10547,28190,90178,0
10548,140117,92828,0
10549,133788,112152,0
10550,140119,62440,0
10551,117404,87323,0
10552,57625,134345,0
10553,101798,67487,0
10554,137787,46953,0
10555,39760,86445,0
10556,63583,87618,0
10557,89457,11703,0
10558,140331,134588,0
10559,101798,86629,0
10560,100608,108748,0
10561,86535,90178,0
10562,77668,114583,0
10563,817,91466,0
10564,95044,5559,0
10565,4903,32259,0
10566,49291,72530,0
10567,17091,120848,0
10568,118116,85607,0
10569,67221,134885,0
10570,36579,73413,0
10571,32360,29309,0
10572,85637,142237,0
10573,116187,97885,0
10574,129651,64415,0
10575,49300,117125,0
10576,82512,56908,0
10577,101742,29309,0
10578,150741,92828,0
10579,540,57995,0
10580,22801,129023,0
10581,46457,93031,0
10582,86803,2625,0
10583,51650,131360,0
10584,24635,134930,0
10585,40321,42858,0
10586,45505,57995,0
10587,140575,22801,0
10588,145943,77498,0
10589,18507,86629,0
10590,124443,144696,0
10591,77785,83364,0
10592,58841,138775,0
10593,120381,78897,0
10594,25952,3246,0
10595,11905,144696,0
10596,47418,132995,0
10597,127497,112152,0
10598,62366,100453,0
10599,115089,117125,0
10600,41778,149313,0
10601,144424,139295,0
10602,1155,24062,0
10603,109426,65450,0
10604,24202,154734,0
10605,109426,44066,0
10606,46457,117409,0
10607,143062,35561,0
10608,117034,125642,0
10609,140250,83209,0
10610,18507,103897,0
10611,108580,136027,0
10612,77135,12231,0
10613,56908,1900,0
10614,102032,42575,0
10615,107411,51568,0
10616,25952,114583,0
10617,75617,138775,0
10618,100608,30452,0
10619,81473,46953,0
10620,28061,58824,0
10621,144304,115313,0
10622,21180,138775,0
10623,54927,56870,0
10624,91319,135077,0
10625,6570,90392,0
10626,129651,139606,0
10627,24183,108748,0
10628,61711,64181,0
10629,83179,151240,0
10630,88949,22304,0
10631,151808,51119,0
10632,148257,101761,0
10633,133788,49300,0
10634,48350,75773,0
10635,101092,14130,0
10636,131005,67516,0
10637,18562,149806,0
10638,86535,30452,0
10639,60793,5559,0
10640,128510,75773,0
10641,38409,150610,0
10642,107505,47784,0
10643,20597,1900,0
10644,96522,87618,0
10645,101092,62440,0
10646,92419,770,0
10647,107427,37384,0
10648,19288,108379,0
10649,12111,46300,0
10650,79186,154958,0
10651,97247,30452,0
10652,83209,30452,0
10653,86816,139295,0
10654,100413,106223,0
10655,76334,65926,0
10656,149366,130112,0
10657,96334,85748,0
10658,152079,29309,0
10659,100413,35561,0
10660,51343,49300,0
10661,77785,52753,0
10662,120766,154734,0
10663,100608,115264,0
10664,56908,149806,0
10665,60588,144304,0
10666,68099,64181,0
10667,77785,114540,0
10668,149366,115264,0
10669,22801,27989,0
10670,144967,126083,0
10671,32360,43179,0
10672,109426,92615,0
10673,46300,71679,0
10674,135775,81900,0
10675,45578,18507,0
10676,45505,61476,0
10677,6162,26723,0
10678,80531,65450,0
10679,29878,64181,0
10680,40013,154734,0
10681,149960,97394,0
10682,41778,83209,0
10683,136544,91860,0
10684,43118,114540,0
10685,73088,134345,0
10686,6162,139606,0
10687,143409,138641,0
10688,16147,144304,0
10689,25743,134885,0
10690,96334,25952,0
10691,137247,35716,0
10692,94764,46953,0
10693,75617,90318,0
10694,124226,83364,0
10695,140331,94375,0
10696,58881,108748,0
10697,41778,17859,0
10698,133962,87323,0
10699,133962,5559,0
10700,106266,136888,0
10701,115474,37384,0
10702,44824,125498,0
10703,90319,64181,0
10704,66088,49300,0
10705,58146,30452,0
10706,102532,83209,0
10707,143062,46953,0
10708,2667,21431,0
10709,55050,14112,0
10710,47864,44824,0
10711,113400,131360,0
10712,95136,65926,0
10713,59974,57908,0
10714,77785,25952,0
10715,88949,149313,0
10716,151448,21431,0
10717,105308,25952,0
10718,71867,25229,0
10719,102532,71020,0
10720,32094,38309,0
10721,117034,87618,0
10722,143579,114583,0
10723,1074,56870,0
10724,40013,30452,0
10725,94602,138641,0
10726,144304,94208,0
10727,19842,46300,0
10728,96086,120848,0
10729,137087,17859,0
10730,143289,35716,0
10731,2728,137087,0
10732,50374,145747,0
10733,69248,65450,0
10734,2366,138641,0
10735,143409,60829,0
10736,28061,59538,0
10737,58881,38309,0
10738,95190,71271,0
10739,24742,36988,0
10740,146132,44967,0
10741,120381,24062,0
10742,93031,115313,0
10743,35538,134885,0
10744,152344,44824,0
10745,52144,10060,0
10746,47864,42858,0
10747,109058,144304,0
10748,137788,139295,0
10749,110555,127667,0
10750,38610,61476,0
10751,67144,81229,0
10752,129703,100453,0
10753,74532,93001,0
10754,119442,134345,0
10755,110445,49300,0
10756,113400,57752,0
10757,63835,72530,0
10758,80276,130112,0
10759,11737,61177,0
10760,115856,136027,0
10761,105695,127099,0
10762,36579,8909,0
10763,355,114631,0
10764,29171,1293,0
10765,87293,24383,0
10766,127611,42575,0
10767,135775,28185,0
10768,112309,35561,0
10769,105308,141403,0
10770,355,42305,0
10771,22304,46460,0
10772,102532,108565,0
10773,32777,141403,0
10774,89375,125642,0
10775,114967,49300,0
10776,116749,8909,0
10777,54874,104371,0
10778,117404,139295,0
10779,115305,134930,0
10780,43870,154958,0
10781,151448,142237,0
10782,136274,139606,0
10783,44824,94208,0
10784,68990,67516,0
10785,95136,52753,0
10786,47418,114583,0
10787,45505,16631,0
10788,38610,14112,0
10789,85637,92828,0
10790,131005,108379,0
10791,89375,139854,0
10792,141453,112152,0
10793,47418,57908,0
10794,1074,6162,0
10795,83209,57752,0
10796,46300,139606,0
10797,101742,57175,0
10798,90490,57752,0
10799,18562,135077,0
10800,72301,51119,0
10801,55278,47784,0
10802,143579,81229,0
10803,100960,75773,0
10804,129703,92615,0
10805,10603,1293,0
10806,91319,56536,0
10807,154958,3246,0
10808,136106,136229,0
10809,18562,71603,0
10810,91319,44824,0
10811,147638,47864,0
10812,59964,37384,0
10813,123286,27530,0
10814,120766,44967,0
10815,79186,134885,0
10816,119442,27989,0
10817,20272,115264,0
10818,70774,120848,0
10819,140702,27720,0
10820,141453,95029,0
10821,67144,30452,0
10822,62366,149313,0
10823,48008,22304,0
10824,7243,120848,0
10825,2449,117125,0
10826,11703,96726,0
10827,22828,95029,0
10828,57625,129560,0
10829,39616,46300,0
10830,145394,46953,0
10831,62366,97885,0
10832,97536,9179,0
10833,51650,121953,0
10834,93031,14130,0
10835,40321,82719,0
10836,144967,139854,0
10837,100675,85607,0
10838,85041,90318,0
10839,13405,123704,0
10840,48008,132121,0
10841,124443,11703,0
10842,24183,144304,0
10843,106266,149008,0
10844,123528,2415,0
10845,8303,121953,0
10846,82512,93031,0
10847,3246,85998,0
10848,38610,90490,0
10849,22304,28185,0
10850,52444,67516,0
10851,68099,35716,0
10852,149960,27530,0
10853,136194,61177,0
10854,124443,83364,0
10855,113400,105523,0
10856,60793,10060,0
10857,127611,85607,0
10858,95136,24265,0
10859,59964,129023,0
10860,101742,77579,0
10861,151808,71020,0
10862,137788,100453,0
10863,125611,57175,0
10864,22828,96726,0
10865,96086,97394,0
10866,143012,90392,0
10867,142807,27279,0
10868,128510,93001,0
10869,96086,65926,0
10870,85041,83209,0
10871,23896,134885,0
10872,49094,44066,0
10873,118955,64181,0
10874,98614,34621,0
10875,63835,55958,0
10876,124443,150772,0
10877,40321,1293,0
10878,97536,24265,0
10879,47829,93001,0
10880,143960,123704,0
10881,25698,27872,0
10882,44991,123185,0
10883,39760,46300,0
10884,45578,17583,0
10885,12111,92615,0
10886,960,58146,0
10887,108653,2625,0
10888,4310,95029,0
10889,151808,2415,0
10890,16164,97885,0
10891,25799,129560,0
10892,129703,27989,0
10893,125611,92114,0
10894,139330,85998,0
10895,26247,81900,0
10896,64795,142934,0
10897,140702,121953,0
10898,113673,129023,0
10899,64795,127099,0
10900,144696,145747,0
10901,144304,85748,0
10902,141912,141403,0
10903,94375,17583,0
10904,50374,58824,0
10905,44991,43288,0
10906,55050,64415,0
10907,4310,93031,0
10908,115089,25229,0
10909,120766,121990,0
10910,61711,135077,0
10911,118955,6162,0
10912,100413,95029,0
10913,4830,129023,0
10914,49059,50967,0
10915,76448,41200,0
10916,82512,104371,0
10917,2625,46953,0
10918,123183,73088,0
10919,59016,134588,0
10920,107802,27279,0
10921,124443,59538,0
10922,124226,108379,0
10923,63583,91582,0
10924,28061,77498,0
10925,134301,125642,0
10926,54927,134885,0
10927,140119,90490,0
10928,47418,27443,0
10929,100675,93031,0
10930,46541,26723,0
10931,154882,77579,0
10932,135489,17859,0
10933,10603,5559,0
10934,75617,51119,0
10935,39408,121953,0
10936,59306,3246,0
10937,95136,47784,0
10938,32397,122047,0
10939,7330,11737,0
10940,38855,125642,0
10941,41019,114631,0
10942,37192,127193,0
10943,96334,133486,0
10944,83209,72345,0
10945,47829,144304,0
10946,150741,24062,0
10947,99574,82719,0
10948,123286,134345,0
10949,18954,44967,0
10950,136194,42575,0
10951,91319,90490,0
10952,63835,131360,0
10953,58881,1293,0
10954,82512,91860,0
10955,19288,93001,0
10956,19842,136888,0
10957,144967,44824,0
10958,16164,19044,0
10959,18954,117409,0
10960,19059,44066,0
10961,146392,44824,0
10962,7936,91466,0
10963,32353,92828,0
10964,134301,125498,0
10965,110555,125642,0
10966,36141,2415,0
10967,126952,91582,0
10968,147758,154958,0
10969,80276,74254,0
10970,54874,93001,0
10971,105695,122047,0
10972,41019,120848,0
10973,135912,27530,0
10974,142063,90318,0
10975,108580,70126,0
10976,36379,100453,0
10977,32094,114583,0
10978,124226,92114,0
10979,1074,122047,0
10980,43508,97885,0
10981,95029,2625,0
10982,85637,770,0
10983,60793,78897,0
10984,9316,44094,0
10985,140250,145747,0
10986,55278,56908,0
10987,7243,69098,0
10988,154958,83209,0
10989,117678,38309,0
10990,3359,116617,0
10991,140117,114631,0
10992,67221,26913,0
10993,43870,62440,0
10994,28061,22801,0
10995,149366,83209,0
10996,58146,138641,0
10997,63583,37336,0
10998,52375,149806,0
10999,118116,125817,0
11000,90318,50967,0
11001,21180,42305,0
11002,60993,93031,0
11003,97536,87323,0
11004,141453,59538,0
11005,43931,91860,0
11006,84437,66139,0
11007,49850,39408,0
11008,119072,106035,0
11009,101092,49300,0
11010,101092,150772,0
11011,99574,11737,0
11012,2449,85998,0
11013,151448,42575,0
11014,150992,74254,0
11015,12111,134588,0
11016,25698,70126,0
11017,91991,5559,0
11018,25743,73088,0
11019,76334,108565,0
11020,45890,67516,0
11021,67144,114583,0
11022,72023,108379,0
11023,137087,114583,0
11024,95331,96006,0
11025,33455,35716,0
11026,18562,11703,0
11027,137787,37384,0
11028,130240,103897,0
11029,7550,72530,0
11030,99574,70126,0
11031,62366,27720,0
11032,125611,61256,0
11033,4830,70342,0
11034,123183,141403,0
11035,6967,139606,0
11036,58881,81229,0
11037,74674,149313,0
11038,24635,136888,0
11039,19288,9179,0
11040,9947,39408,0
11041,63835,61177,0
11042,154147,138641,0
11043,143579,117409,0
11044,51650,37336,0
11045,45633,14130,0
11046,111594,66139,0
11047,13405,95029,0
11048,124443,50967,0
11049,115856,139295,0
11050,29878,12231,0
11051,51343,16631,0
11052,44516,125642,0
11053,71271,57995,0
11054,81473,85998,0
11055,64795,46953,0
11056,22801,11703,0
11057,138035,64181,0
11058,133788,85607,0
11059,24535,45374,0
11060,84437,77498,0
11061,45890,142237,0
11062,34621,115313,0
11063,106266,67487,0
11064,18954,51119,0
11065,123183,16631,0
11066,47864,51119,0
11067,70333,85607,0
11068,145394,92114,0
11069,108653,49300,0
11070,960,42575,0
11071,19059,65450,0
11072,136888,74924,0
11073,77579,85607,0
11074,19233,94036,0
11075,136274,10060,0
11076,119072,90178,0
11077,36325,11737,0
11078,108722,1900,0
11079,43931,122047,0
11080,146132,91582,0
11081,146276,127667,0
11082,46457,133486,0
11083,114353,82719,0
11084,136274,71271,0
11085,107505,44824,0
11086,78420,24265,0
11087,960,42858,0
11088,95190,26723,0
11089,131005,41200,0
11090,92849,83209,0
11091,118276,52753,0
11092,62337,46953,0
11093,85041,44824,0
11094,87293,100453,0
11095,100960,70126,0
11096,108607,32565,0
11097,33455,104113,0
11098,147638,125498,0
11099,77785,47864,0
11100,143289,27720,0
11101,148257,83209,0
11102,57625,3246,0
11103,20272,75773,0
11104,95331,93573,0
11105,75617,46953,0
11106,96086,137087,0
11107,19842,39775,0
11108,143409,103897,0
11109,77785,60829,0
11110,29878,103897,0
11111,144696,96726,0
11112,38610,137087,0
11113,38855,32048,0
11114,98614,32048,0
11115,116749,104113,0
11116,110555,12231,0
11117,43118,92967,0
11118,125611,103897,0
11119,25799,37384,0
11120,101742,51568,0
11121,84437,42248,0
11122,66088,114540,0
11123,140331,149806,0
11124,65450,32565,0
11125,95044,8909,0
11126,76075,34621,0
11127,124226,135077,0
11128,111526,114631,0
11129,41019,42575,0
11130,43508,152076,0
11131,108580,26913,0
11132,24062,132121,0
11133,40013,25952,0
11134,154958,105523,0
11135,7550,71020,0
11136,46399,127099,0
11137,141912,20205,0
11138,154965,25229,0
11139,109426,92967,0
11140,43508,30452,0
11141,47033,115313,0
11142,135775,12231,0
11143,48008,56908,0
11144,82653,44967,0
11145,62896,70342,0
11146,36120,115264,0
11147,8532,44094,0
11148,54874,5559,0
11149,3984,39775,0
11150,122240,117409,0
11151,16164,27872,0
11152,91991,152076,0
11153,11905,125498,0
11154,106266,27530,0
11155,101092,58824,0
11156,101092,71679,0
11157,95331,87323,0
11158,22304,136888,0
11159,62337,57995,0
11160,96522,100453,0
11161,90490,81229,0
11162,12444,32048,0
11163,146344,36988,0
11164,50945,17583,0
11165,63835,85607,0
11166,144304,108748,0
11167,134071,32259,0
11168,27985,116617,0
11169,120085,64415,0
11170,112716,63011,0
11171,52375,57175,0
11172,3984,77498,0
11173,44623,127667,0
11174,93195,136229,0
11175,135452,24383,0
11176,145394,35716,0
11177,24747,50967,0
11178,131820,114540,0
11179,143012,125498,0
11180,73088,3246,0
11181,123286,72345,0
11182,113400,70126,0
11183,120085,85607,0
11184,15709,46953,0
11185,114987,90178,0
11186,148257,108013,0
11187,105695,22801,0
11188,49963,134345,0
11189,49291,74254,0
11190,108653,39928,0
11191,56314,132121,0
11192,22801,121990,0
11193,62440,60829,0
11194,18562,96006,0
11195,141453,67516,0
11196,143960,72530,0
11197,137787,47784,0
11198,36579,93573,0
11199,24062,27279,0
11200,96334,2625,0
11201,114967,90490,0
11202,60588,120848,0
11203,137087,91582,0
11204,47024,97394,0
11205,24204,32259,0
11206,74674,152076,0
11207,41778,90178,0
11208,105308,71271,0
11209,46399,150610,0
11210,1299,96726,0
11211,118116,81229,0
11212,68778,108565,0
11213,110445,149806,0
11214,42544,17583,0
11215,43870,121953,0
11216,46457,73413,0
11217,70774,92828,0
11218,4903,22801,0
11219,76075,139295,0
11220,72277,65926,0
11221,57625,127193,0
11222,27985,87323,0
11223,110555,52753,0
11224,47829,78897,0
11225,960,127099,0
11226,140702,61256,0
11227,22304,133852,0
11228,136544,90392,0
11229,140250,120063,0
11230,145394,59538,0
11231,67221,64181,0
11232,140575,90490,0
11233,113673,22801,0
11234,32397,56536,0
11235,87293,72345,0
11236,143960,141403,0
11237,124443,10060,0
11238,154882,6162,0
11239,133962,41200,0
11240,123183,134588,0
11241,113400,69098,0
11242,45633,127099,0
11243,28061,96006,0
11244,84437,125817,0
11245,140702,25952,0
11246,48008,51568,0
11247,117069,91582,0
11248,28061,142237,0
11249,105695,90178,0
11250,7936,85748,0
11251,145394,139854,0
11252,52444,85607,0
11253,117034,17859,0
11254,6162,145747,0
11255,50401,90490,0
11256,140331,121990,0
11257,78420,74924,0
11258,38855,133486,0
11259,25743,149806,0
11260,8303,32259,0
11261,47033,96006,0
11262,91319,94036,0
11263,32777,121953,0
11264,38610,42248,0
11265,129703,134588,0
11266,91877,56870,0
11267,3359,81229,0
11268,135898,8909,0
11269,149330,126083,0
11270,39775,1900,0
11271,135775,144696,0
11272,75617,70126,0
11273,110555,125498,0
11274,134301,73088,0
11275,60993,91860,0
11276,148759,106223,0
11277,16164,45374,0
11278,71867,42575,0
11279,45505,35561,0
11280,61028,133486,0
11281,149960,3246,0
11282,147299,92615,0
11283,94375,136063,0
11284,140575,137087,0
11285,25799,20205,0
11286,28061,51093,0
11287,108653,138775,0
11288,72277,24265,0
11289,87293,90318,0
11290,15187,87323,0
11291,89423,104371,0
11292,90490,72345,0
11293,100608,91823,0
11294,46300,9179,0
11295,28190,142934,0
11296,24635,120848,0
11297,98614,91860,0
11298,27918,106542,0
11299,154147,71020,0
11300,9670,72345,0
11301,91991,92615,0
11302,61028,75773,0
11303,116146,100453,0
11304,113400,25952,0
11305,41778,19952,0
11306,24204,123185,0
11307,36579,3246,0
11308,43931,71271,0
11309,71271,64415,0
11310,90490,93477,0
11311,26247,140469,0
11312,7330,106223,0
11313,63583,78897,0
11314,15187,74924,0
11315,134301,96726,0
11316,47864,104113,0
11317,119442,116617,0
11318,108607,22304,0
11319,145394,134071,0
11320,59974,27989,0
11321,137787,39775,0
11322,138035,42858,0
11323,16147,39928,0
11324,108722,73088,0
11325,79186,142934,0
11326,107427,27989,0
11327,47513,136229,0
11328,25698,125642,0
11329,97736,70342,0
11330,90319,67516,0
11331,19059,136888,0
11332,4310,108748,0
11333,102532,72665,0
11334,152344,72530,0
11335,94602,139606,0
11336,33263,87323,0
11337,2415,81900,0
11338,137788,12231,0
11339,32048,91860,0
11340,62440,137087,0
11341,118133,95029,0
11342,11703,150610,0
11343,58881,129023,0
11344,94375,85748,0
11345,26247,56870,0
11346,817,35561,0
11347,108580,27720,0
11348,12656,117409,0
11349,100608,35561,0
11350,143960,139606,0
11351,6967,92615,0
11352,84437,2415,0
11353,73088,12231,0
11354,146344,121953,0
11355,91319,22801,0
11356,9670,154734,0
11357,118116,154958,0
11358,21180,134345,0
11359,48008,42575,0
11360,100608,97885,0
11361,38855,67487,0
11362,114967,131360,0
11363,117404,87323,0
11364,13871,64181,0
11365,25952,39408,0
11366,16147,46953,0
11367,47033,70909,0
11368,45505,32565,0
11369,27918,81229,0
11370,97536,144304,0
11371,101956,1293,0
11372,2625,19044,0
11373,59974,150772,0
11374,102532,90490,0
11375,101956,123185,0
11376,54874,32259,0
11377,46300,32259,0
11378,38855,42305,0
11379,49291,94108,0
11380,101742,127099,0
11381,127497,63011,0
11382,41778,10060,0
11383,151808,95029,0
11384,95044,125498,0
11385,44623,72665,0
11386,43508,106542,0
11387,116187,43288,0
11388,72665,14112,0
11389,24635,107100,0
11390,89866,77498,0
11391,10603,77498,0
11392,118955,67516,0
11393,50374,150610,0
11394,33455,770,0
11395,98614,36988,0
11396,82653,132121,0
11397,154147,61177,0
11398,101742,139854,0
11399,139330,115313,0
11400,95331,129560,0
11401,77668,93031,0
11402,50401,17583,0
11403,92419,114583,0
11404,48008,51093,0
11405,92849,121990,0
11406,116187,85748,0
11407,129651,94208,0
11408,71271,34621,0
11409,20272,120848,0
11410,139330,123704,0
11411,19288,127667,0
11412,107427,69098,0
11413,6967,10060,0
11414,12656,83364,0
11415,4903,129560,0
11416,54874,129023,0
11417,17091,47784,0
11418,100413,131360,0
11419,24635,85607,0
11420,89423,115264,0
11421,144304,83209,0
11422,1065,47784,0
11423,137788,92114,0
