,nodeid1,nodeid2,label
0,127470,151340,0
1,115133,79237,0
2,53972,35646,0
3,35918,97054,0
4,111774,98307,0
5,37559,12580,0
6,65274,145986,0
7,64761,92698,0
8,23954,85292,0
9,137460,99648,0
10,93279,58308,0
11,154280,143929,0
12,89494,101526,0
13,75941,138877,0
14,2575,71850,0
15,63611,141265,0
16,70721,41844,0
17,128156,81328,0
18,87034,113463,0
19,83541,150082,0
20,116780,106469,0
21,133267,139061,0
22,64754,118821,0
23,101784,130657,0
24,4004,147031,0
25,150076,35777,0
26,65267,45090,0
27,85480,77821,0
28,142033,130110,0
29,145349,121030,0
30,4882,90753,0
31,92206,16506,0
32,101348,57149,0
33,90790,59961,0
34,23019,147626,0
35,137682,143675,0
36,37794,112,0
37,142363,124228,0
38,89267,84682,0
39,73548,139105,0
40,112064,76481,0
41,45792,93539,0
42,44308,36926,0
43,149975,31544,0
44,144122,45768,0
45,38483,36478,0
46,112299,63664,0
47,28470,131629,0
48,67980,59657,0
49,35136,132580,0
50,106009,65951,0
51,42359,16939,0
52,91528,57103,0
53,37275,61602,0
54,92637,144447,0
55,77949,101389,0
56,125206,85993,0
57,118229,63968,0
58,4222,9928,0
59,63134,59232,0
60,54249,60139,0
61,91171,78259,0
62,22444,12146,0
63,1014,140132,0
64,64770,119690,0
65,92783,130316,0
66,146032,1184,0
67,25327,5575,0
68,89000,88166,0
69,108869,48846,0
70,140898,135880,0
71,27360,54012,0
72,109786,128906,0
73,33016,134528,0
74,63659,15457,0
75,53221,36944,0
76,150094,104896,0
77,3550,40441,0
78,8317,137588,0
79,140625,141408,0
80,87301,97504,0
81,58316,128193,0
82,98257,88476,0
83,115784,43532,0
84,10446,120980,0
85,73348,74911,0
86,27067,64215,0
87,32024,86656,0
88,130590,5,0
89,101589,147159,0
90,147880,44065,0
91,45827,16584,0
92,72221,104435,0
93,55786,18501,0
94,54279,81413,0
95,123947,146275,0
96,148768,98593,0
97,66250,44652,0
98,35416,78405,0
99,143177,59882,0
100,154340,127407,0
101,105777,33391,0
102,40123,112378,0
103,14791,116567,0
104,135178,108123,0
105,70961,15555,0
106,151248,6719,0
107,154024,18436,0
108,89033,35087,0
109,81588,46377,0
110,86484,98146,0
111,89547,17298,0
112,99055,150267,0
113,6686,8907,0
114,135536,82264,0
115,152449,115972,0
116,91919,146831,0
117,110298,57304,0
118,81451,60954,0
119,133980,115313,0
120,127855,130672,0
121,154524,1129,0
122,102654,34808,0
123,59800,15552,0
124,89322,145488,0
125,144242,122235,0
126,43037,153723,0
127,141323,25920,0
128,49541,23522,0
129,45935,69410,0
130,48006,31813,0
131,31857,119493,0
132,54604,21754,0
133,50655,44839,0
134,87135,79561,0
135,6093,27553,0
136,43276,136117,0
137,91811,15310,0
138,32117,122864,0
139,148406,102143,0
140,140025,134969,0
141,20403,101029,0
142,16380,101282,0
143,71752,108828,0
144,38446,127694,0
145,102804,108355,0
146,25006,73506,0
147,101760,111996,0
148,92755,64207,0
149,140319,103715,0
150,90910,15745,0
151,133999,55700,0
152,83002,121007,0
153,143301,95667,0
154,88846,83107,0
155,75180,103470,0
156,71969,37204,0
157,101438,47929,0
158,61256,15207,0
159,43517,95642,0
160,114435,3915,0
161,59245,149616,0
162,111697,60641,0
163,125750,26924,0
164,14401,137289,0
165,118322,83466,0
166,27227,80614,0
167,82557,24684,0
168,890,39729,0
169,133910,68540,0
170,18491,70256,0
171,142080,56557,0
172,1132,146688,0
173,95830,28209,0
174,36675,107276,0
175,87629,125153,0
176,146455,106755,0
177,42135,399,0
178,43178,98187,0
179,11697,130125,0
180,140576,141128,0
181,8130,45877,0
182,148946,45797,0
183,58394,135555,0
184,106029,144393,0
185,136718,84358,0
186,112283,129796,0
187,102083,113464,0
188,128256,29922,0
189,92408,19748,0
190,29952,124797,0
191,52763,147630,0
192,75877,108421,0
193,4222,80616,0
194,87792,77607,0
195,149335,57264,0
196,109139,71443,0
197,21839,45323,0
198,114234,80,0
199,55199,119649,0
200,59494,53490,0
201,118538,39228,0
202,122315,95317,0
203,82705,13319,0
204,129116,108584,0
205,96024,31590,0
206,27364,15520,0
207,149446,138271,0
208,38570,146079,0
209,121348,67418,0
210,81885,107261,0
211,128128,128824,0
212,11250,127165,0
213,111687,19216,0
214,42891,154193,0
215,94043,107178,0
216,31840,61303,0
217,129088,49725,0
218,39629,93403,0
219,1580,56626,0
220,126223,147672,0
221,96336,58629,0
222,12342,88077,0
223,36513,26384,0
224,53115,113663,0
225,2554,93346,0
226,19912,155108,0
227,1641,49399,0
228,96103,25396,0
229,17442,122497,0
230,139805,148982,0
231,48006,36044,0
232,110639,20675,0
233,37668,135257,0
234,86410,7848,0
235,127041,140814,0
236,125485,149933,0
237,32488,26735,0
238,113579,89512,0
239,113753,115175,0
240,105855,66444,0
241,21085,120435,0
242,8159,120759,0
243,72570,30894,0
244,44555,126225,0
245,134891,107684,0
246,7339,1689,0
247,119208,94811,0
248,102667,42513,0
249,145779,118831,0
250,18926,8800,0
251,42465,100367,0
252,58642,70191,0
253,27376,129605,0
254,62656,36957,0
255,96299,107932,0
256,48204,85740,0
257,11580,8064,0
258,35507,20148,0
259,25084,80602,0
260,54394,57307,0
261,27508,68663,0
262,109330,7364,0
263,126346,6282,0
264,139437,106555,0
265,114003,113889,0
266,115903,56254,0
267,24856,128319,0
268,35365,61740,0
269,134034,9884,0
270,48662,88336,0
271,65075,46789,0
272,139655,58766,0
273,79639,127680,0
274,82114,73284,0
275,27388,124757,0
276,119582,106355,0
277,40916,86379,0
278,5560,137125,0
279,81344,34740,0
280,118754,75343,0
281,4576,82143,0
282,23357,58788,0
283,86599,68287,0
284,34077,22642,0
285,73876,28738,0
286,148845,130369,0
287,46519,56692,0
288,39579,5898,0
289,142063,48058,0
290,43579,69711,0
291,70769,108568,0
292,122457,54925,0
293,72692,106796,0
294,102057,98417,0
295,6553,109219,0
296,54361,83530,0
297,87260,127413,0
298,77896,117701,0
299,117670,152461,0
300,139981,123222,0
301,72963,76689,0
302,139467,112823,0
303,89489,134746,0
304,53855,3217,0
305,93001,75914,0
306,109893,153373,0
307,29295,88526,0
308,5112,21151,0
309,11937,148197,0
310,95362,101383,0
311,69081,109675,0
312,32439,23701,0
313,105975,49164,0
314,150720,82801,0
315,17477,135285,0
316,12791,97447,0
317,145899,152900,0
318,1379,123768,0
319,65852,46643,0
320,107077,24579,0
321,121168,130119,0
322,23602,103089,0
323,76504,54244,0
324,15907,106732,0
325,14305,94851,0
326,143492,140449,0
327,21427,129276,0
328,152293,124428,0
329,51421,24415,0
330,47861,151795,0
331,41811,113316,0
332,9002,71199,0
333,61893,53569,0
334,33094,54542,0
335,134548,115816,0
336,126607,59484,0
337,102477,119222,0
338,83934,37554,0
339,90922,21714,0
340,26975,100005,0
341,132825,88286,0
342,40016,132579,0
343,104485,60697,0
344,128842,8555,0
345,18041,22842,0
346,65919,111462,0
347,140504,22652,0
348,85133,73913,0
349,150491,6990,0
350,60323,110378,0
351,95139,122868,0
352,40698,1923,0
353,34122,146437,0
354,3427,100091,0
355,34493,117127,0
356,58210,17881,0
357,86883,101843,0
358,111739,32534,0
359,22354,33011,0
360,144457,106285,0
361,92589,75630,0
362,107370,62803,0
363,36057,498,0
364,106581,93248,0
365,5611,121276,0
366,72510,15372,0
367,41886,21900,0
368,43477,133488,0
369,51984,79921,0
370,5938,90089,0
371,63392,138648,0
372,61258,23559,0
373,33619,4342,0
374,61611,85411,0
375,130071,141537,0
376,136914,91705,0
377,38978,144610,0
378,38908,21102,0
379,83103,149540,0
380,136140,58411,0
381,115116,142733,0
382,106835,54803,0
383,58383,81645,0
384,19290,7249,0
385,88761,122144,0
386,7747,41398,0
387,33432,38064,0
388,149716,118018,0
389,66212,130348,0
390,148237,30444,0
391,71959,50442,0
392,115030,79247,0
393,129926,1899,0
394,60224,5920,0
395,149916,13470,0
396,5959,70292,0
397,111754,41824,0
398,26548,144444,0
399,61257,118024,0
400,67553,149300,0
401,10049,67385,0
402,52564,5034,0
403,102504,78728,0
404,71746,83887,0
405,116510,34709,0
406,35458,145760,0
407,71794,130814,0
408,135515,3059,0
409,16075,53819,0
410,55145,87907,0
411,101764,7425,0
412,153278,77819,0
413,128975,96757,0
414,110150,12955,0
415,134978,121288,0
416,151139,142128,0
417,39699,125181,0
418,53904,146383,0
419,60035,104977,0
420,141378,142927,0
421,108131,117413,0
422,124383,14112,0
423,115131,151959,0
424,99714,138974,0
425,37147,46315,0
426,81317,130492,0
427,84307,115416,0
428,35664,68420,0
429,59136,10621,0
430,67693,80459,0
431,1447,148605,0
432,37752,51258,0
433,46512,110389,0
434,38256,57103,0
435,75997,70179,0
436,13436,11851,0
437,35993,103698,0
438,87459,143011,0
439,97733,82200,0
440,129813,16541,0
441,112719,96333,0
442,84357,139662,0
443,114765,101505,0
444,64967,3260,0
445,144107,98898,0
446,11808,27000,0
447,29153,74158,0
448,116767,73806,0
449,96690,72652,0
450,72270,127496,0
451,15263,116414,0
452,76698,77902,0
453,32942,69166,0
454,3445,140473,0
455,59661,146037,0
456,31261,109045,0
457,19062,133009,0
458,111955,23781,0
459,70995,116953,0
460,119546,64681,0
461,134785,127285,0
462,131500,72202,0
463,91583,26579,0
464,87682,48405,0
465,33179,78567,0
466,94239,110402,0
467,34198,134332,0
468,154119,119810,0
469,130202,127730,0
470,142049,83106,0
471,92577,51162,0
472,80903,23577,0
473,121109,10242,0
474,66253,20892,0
475,13150,154029,0
476,99408,36776,0
477,13843,72624,0
478,42755,142476,0
479,51065,118827,0
480,55351,110790,0
481,85265,71391,0
482,146455,49889,0
483,137571,94895,0
484,26875,26937,0
485,102156,78378,0
486,133144,147072,0
487,9906,12839,0
488,50163,43303,0
489,67203,6417,0
490,47323,4749,0
491,131690,34781,0
492,139048,130207,0
493,70183,122588,0
494,154158,77875,0
495,99528,18442,0
496,131233,126221,0
497,121602,32432,0
498,136970,23905,0
499,34486,120394,0
500,42545,100275,0
501,14900,12976,0
502,57070,99661,0
503,138151,148758,0
504,120470,7649,0
505,16886,131029,0
506,1128,18217,0
507,50985,44157,0
508,52686,67809,0
509,84232,153294,0
510,111754,37627,0
511,26968,90776,0
512,132670,49252,0
513,97602,112664,0
514,121403,41038,0
515,5925,142729,0
516,111794,22901,0
517,72507,67794,0
518,99329,143561,0
519,96275,112089,0
520,123587,78525,0
521,59240,22075,0
522,74381,130105,0
523,144778,75723,0
524,116175,34487,0
525,72839,145961,0
526,137784,149013,0
527,25911,32479,0
528,39894,129,0
529,145884,134262,0
530,1443,20716,0
531,10859,121984,0
532,131420,126755,0
533,118171,134344,0
534,45599,73647,0
535,41677,81711,0
536,152455,11926,0
537,11108,114370,0
538,110980,53570,0
539,55618,60262,0
540,63489,81745,0
541,33934,121958,0
542,58288,47280,0
543,83473,84249,0
544,31362,121985,0
545,66421,118971,0
546,134920,151936,0
547,108023,93313,0
548,79004,14358,0
549,39098,67699,0
550,44401,12464,0
551,39222,98669,0
552,21719,139754,0
553,106673,71702,0
554,18808,22615,0
555,62181,151294,0
556,150684,61563,0
557,109323,26941,0
558,104231,100300,0
559,96151,97882,0
560,146917,65232,0
561,128836,21552,0
562,52523,75649,0
563,123592,130594,0
564,66371,137553,0
565,34566,38600,0
566,141079,108187,0
567,122837,41823,0
568,77807,39847,0
569,10275,63362,0
570,29346,131924,0
571,98554,105839,0
572,112458,3669,0
573,117062,141224,0
574,57228,73858,0
575,122,93151,0
576,80164,18843,0
577,81044,57290,0
578,105471,145085,0
579,73721,110872,0
580,10654,1139,0
581,108993,93284,0
582,42015,148453,0
583,12335,94044,0
584,146785,41402,0
585,151905,8412,0
586,60818,42770,0
587,88851,133129,0
588,146047,50575,0
589,39218,51906,0
590,75950,92004,0
591,30617,84022,0
592,120057,89550,0
593,126342,23983,0
594,50603,18342,0
595,15332,58633,0
596,51413,17254,0
597,100725,20194,0
598,145204,52765,0
599,58285,130405,0
600,18810,65314,0
601,4434,37129,0
602,45200,50864,0
603,36426,137390,0
604,20260,138720,0
605,121564,131329,0
606,127083,120632,0
607,26237,115941,0
608,41996,56719,0
609,74667,122111,0
610,5774,56037,0
611,50492,30140,0
612,148628,16149,0
613,84542,122033,0
614,152244,151165,0
615,128380,22055,0
616,100695,147176,0
617,149891,59459,0
618,70640,41039,0
619,114164,145660,0
620,9652,49979,0
621,59264,4280,0
622,18889,108157,0
623,110842,152427,0
624,42395,132684,0
625,77280,46832,0
626,49004,119151,0
627,13857,34259,0
628,78438,36132,0
629,69594,123411,0
630,12762,100096,0
631,125204,152285,0
632,150964,64410,0
633,142262,2870,0
634,98616,75289,0
635,153733,119103,0
636,29854,22688,0
637,149654,104345,0
638,51692,40301,0
639,8485,53636,0
640,25395,26522,0
641,58775,57863,0
642,46430,87831,0
643,7363,94356,0
644,143155,112304,0
645,112133,119952,0
646,152237,59192,0
647,62265,143845,0
648,43708,118482,0
649,111524,96568,0
650,47030,26639,0
651,84488,114510,0
652,47097,86979,0
653,39361,123770,0
654,71959,7601,0
655,93540,32474,0
656,54078,77370,0
657,49322,15059,0
658,44605,15066,0
659,17487,141430,0
660,106222,100863,0
661,128151,40626,0
662,60773,46939,0
663,89083,153327,0
664,155049,142862,0
665,41144,6638,0
666,115988,59342,0
667,34512,20503,0
668,83008,7965,0
669,143427,5245,0
670,130318,74817,0
671,28467,15465,0
672,86485,10248,0
673,108549,130163,0
674,107819,65453,0
675,18750,47584,0
676,141295,24239,0
677,118448,45745,0
678,75626,85806,0
679,142579,121635,0
680,96569,82115,0
681,64441,52149,0
682,1202,107987,0
683,80493,43938,0
684,71754,20205,0
685,33261,87159,0
686,15948,120432,0
687,81030,126585,0
688,49011,42403,0
689,99199,14860,0
690,43763,44879,0
691,115797,76054,0
692,110910,93454,0
693,21536,66525,0
694,40757,27749,0
695,140,12717,0
696,54768,119624,0
697,56303,108489,0
698,152687,111880,0
699,13129,75397,0
700,124080,53559,0
701,103035,10203,0
702,34600,88940,0
703,48545,126845,0
704,103822,134210,0
705,82528,98737,0
706,62404,47531,0
707,19036,24959,0
708,104386,121606,0
709,8702,154336,0
710,80425,148725,0
711,111682,49559,0
712,68903,3087,0
713,147373,102790,0
714,119471,154414,0
715,59928,148495,0
716,65714,56239,0
717,16583,33369,0
718,82960,67259,0
719,6766,8397,0
720,48906,74905,0
721,68402,58819,0
722,116045,2379,0
723,33914,105387,0
724,44479,142326,0
725,16098,88604,0
726,90696,58179,0
727,64449,134387,0
728,36052,133322,0
729,50758,6628,0
730,48941,108114,0
731,39648,6384,0
732,111407,104513,0
733,103596,147895,0
734,92258,114856,0
735,122362,85878,0
736,119278,141210,0
737,113560,115524,0
738,124686,99532,0
739,131615,131171,0
740,120334,86372,0
741,11995,54495,0
742,144978,71901,0
743,1272,10695,0
744,113017,129450,0
745,143418,140164,0
746,104029,9657,0
747,37212,146207,0
748,52613,75754,0
749,62161,82854,0
750,139474,24235,0
751,153129,92632,0
752,148450,110554,0
753,111769,57720,0
754,36640,83751,0
755,80150,126899,0
756,84108,128628,0
757,129916,139931,0
758,56691,77335,0
759,134806,25569,0
760,71000,127579,0
761,110771,153150,0
762,45617,130177,0
763,131010,25651,0
764,113711,146093,0
765,50984,29299,0
766,50215,36755,0
767,27763,88642,0
768,124776,107713,0
769,148798,105253,0
770,309,120563,0
771,143669,19423,0
772,20070,101748,0
773,146774,76004,0
774,25165,20499,0
775,70549,57987,0
776,144739,118488,0
777,49089,56784,0
778,116493,149652,0
779,150368,19781,0
780,53337,19010,0
781,83699,153934,0
782,128668,40420,0
783,34913,111150,0
784,7870,43843,0
785,97846,12461,0
786,45312,70643,0
787,147645,74952,0
788,37260,120453,0
789,20413,109536,0
790,130694,106817,0
791,660,6658,0
792,53571,80574,0
793,121454,125602,0
794,726,28788,0
795,106411,82159,0
796,148348,40896,0
797,140599,46383,0
798,116273,27627,0
799,98860,133467,0
800,104595,68253,0
801,145027,147006,0
802,8022,24021,0
803,95237,93425,0
804,41430,47663,0
805,14393,106548,0
806,59498,149613,0
807,70647,144799,0
808,20667,71455,0
809,80368,51585,0
810,146240,140061,0
811,118811,102275,0
812,77727,26898,0
813,42207,86467,0
814,126626,143420,0
815,115645,97321,0
816,19277,101940,0
817,145710,75167,0
818,49188,145780,0
819,74698,52630,0
820,128430,76958,0
821,114453,50661,0
822,29957,102548,0
823,55742,87020,0
824,3070,144945,0
825,154514,154440,0
826,106953,145110,0
827,55564,87963,0
828,10880,84652,0
829,110180,84638,0
830,117251,98453,0
831,72249,51536,0
832,136024,125810,0
833,15361,137445,0
834,62324,65910,0
835,60762,70509,0
836,138933,65352,0
837,12712,54697,0
838,42900,152924,0
839,54179,5265,0
840,109388,103304,0
841,13526,121952,0
842,153523,80212,0
843,128261,21371,0
844,52718,129230,0
845,102493,102335,0
846,21805,35109,0
847,134549,26403,0
848,69657,42564,0
849,45423,110192,0
850,81950,110641,0
851,10999,73156,0
852,124815,74529,0
853,31719,106685,0
854,17225,130748,0
855,37153,56499,0
856,95190,16153,0
857,127355,90550,0
858,28603,44993,0
859,137149,96485,0
860,96380,137236,0
861,17822,28543,0
862,61559,138602,0
863,136815,80045,0
864,136931,127529,0
865,27303,107489,0
866,62344,115634,0
867,53256,124165,0
868,121165,93474,0
869,46564,91836,0
870,30760,144165,0
871,14724,41012,0
872,77563,84272,0
873,115784,125052,0
874,67427,112585,0
875,66818,65718,0
876,69950,102007,0
877,9500,102441,0
878,91251,74404,0
879,108691,14173,0
880,89735,16457,0
881,90318,15356,0
882,127046,29303,0
883,30214,17868,0
884,23447,151680,0
885,60316,17531,0
886,148424,14158,0
887,64686,65868,0
888,137627,79299,0
889,35612,60036,0
890,64600,48494,0
891,81507,31901,0
892,17349,15953,0
893,71866,22690,0
894,65063,43446,0
895,143467,51730,0
896,47857,108083,0
897,55618,73990,0
898,40379,137529,0
899,125272,61347,0
900,120552,139181,0
901,42896,144355,0
902,55117,43739,0
903,37822,5183,0
904,136764,59863,0
905,2486,62658,0
906,143697,67039,0
907,16183,66269,0
908,101270,77304,0
909,6766,71145,0
910,106964,117117,0
911,18786,78963,0
912,137140,4477,0
913,98245,52483,0
914,63356,114285,0
915,128172,153014,0
916,85641,35034,0
917,134018,62151,0
918,115623,24886,0
919,119865,32300,0
920,115249,44942,0
921,149837,95490,0
922,7897,116719,0
923,90378,99091,0
924,129346,154284,0
925,14253,74234,0
926,60607,19558,0
927,120478,43565,0
928,92742,84621,0
929,14716,109768,0
930,36553,92542,0
931,146272,145425,0
932,140805,117892,0
933,28722,73967,0
934,141188,140425,0
935,48412,93141,0
936,131257,102496,0
937,113784,133561,0
938,103257,100611,0
939,63379,119991,0
940,103314,149608,0
941,66186,55789,0
942,4632,78200,0
943,38797,121195,0
944,114573,141961,0
945,19870,106086,0
946,140613,153809,0
947,21896,101394,0
948,120901,21584,0
949,141423,96058,0
950,90145,6547,0
951,121576,34963,0
952,5370,142702,0
953,21045,23736,0
954,38570,1420,0
955,124450,56699,0
956,107727,47765,0
957,67432,54297,0
958,13043,67029,0
959,32309,81079,0
960,70416,13685,0
961,14649,130743,0
962,137958,3989,0
963,55499,87528,0
964,118638,77083,0
965,78391,129038,0
966,92933,115858,0
967,102059,139438,0
968,112276,4527,0
969,42029,38004,0
970,44314,7429,0
971,60514,105518,0
972,84581,77215,0
973,129922,124432,0
974,16209,121377,0
975,30847,38406,0
976,96790,42023,0
977,79540,1138,0
978,113881,55425,0
979,140329,80723,0
980,45174,100876,0
981,33636,118004,0
982,146248,22288,0
983,2977,51005,0
984,12515,142354,0
985,32071,118938,0
986,71533,3170,0
987,68880,129014,0
988,118729,54215,0
989,115048,141469,0
990,137324,123048,0
991,39562,145056,0
992,116314,154756,0
993,123584,68528,0
994,151266,112704,0
995,31534,115695,0
996,30154,55428,0
997,89834,575,0
998,24606,110904,0
999,29678,8164,0
1000,33970,15252,0
1001,91104,72682,0
1002,129890,117696,0
1003,39493,89771,0
1004,125036,138192,0
1005,81141,80256,0
1006,22921,47449,0
1007,72157,1932,0
1008,29546,87955,0
1009,132620,133587,0
1010,104366,2318,0
1011,78101,55805,0
1012,86669,44165,0
1013,63467,62335,0
1014,97613,32812,0
1015,857,65429,0
1016,68012,130755,0
1017,54226,148254,0
1018,99443,145276,0
1019,39959,124792,0
1020,27055,50323,0
1021,98694,138376,0
1022,112896,18455,0
1023,139934,28949,0
1024,143036,153057,0
1025,12711,63951,0
1026,94412,1761,0
1027,139492,71398,0
1028,61382,48592,0
1029,139324,98434,0
1030,142568,70167,0
1031,146200,133311,0
1032,92835,41943,0
1033,59670,84374,0
1034,118735,102685,0
1035,61855,132433,0
1036,115272,72243,0
1037,104431,90458,0
1038,56642,45330,0
1039,110698,20607,0
1040,70969,42285,0
1041,120284,93373,0
1042,84496,49451,0
1043,106966,123633,0
1044,81584,51361,0
1045,118904,71519,0
1046,154070,85192,0
1047,72697,38102,0
1048,154025,146598,0
1049,2928,4115,0
1050,29665,75569,0
1051,63056,18931,0
1052,142717,54205,0
1053,135535,29503,0
1054,70493,1584,0
1055,139655,12204,0
1056,150437,16558,0
1057,154466,69822,0
1058,59170,121985,0
1059,33298,5766,0
1060,78804,94861,0
1061,41028,46125,0
1062,54772,105550,0
1063,58659,25725,0
1064,7407,152008,0
1065,248,92254,0
1066,9519,67140,0
1067,25729,83172,0
1068,89367,90620,0
1069,63836,88263,0
1070,125509,24788,0
1071,27602,3682,0
1072,141839,40020,0
1073,31549,10148,0
1074,6783,23453,0
1075,87114,25207,0
1076,68315,4717,0
1077,70010,111417,0
1078,50510,60520,0
1079,18323,34578,0
1080,27188,79001,0
1081,95229,121626,0
1082,144515,134735,0
1083,9607,54409,0
1084,115191,120058,0
1085,145159,36850,0
1086,149419,109109,0
1087,32018,51940,0
1088,2744,104536,0
1089,149301,49644,0
1090,123427,32784,0
1091,91787,71906,0
1092,49604,68978,0
1093,6644,13540,0
1094,132733,31233,0
1095,55840,37247,0
1096,108761,77777,0
1097,115689,58896,0
1098,155029,19008,0
1099,22127,17847,0
1100,15807,86971,0
1101,92093,48541,0
1102,149873,94360,0
1103,107766,18288,0
1104,62289,36868,0
1105,7626,17144,0
1106,70111,125923,0
1107,6721,23969,0
1108,56556,117813,0
1109,17136,147374,0
1110,119188,48930,0
1111,100205,41997,0
1112,147037,27824,0
1113,109315,126587,0
1114,106451,71712,0
1115,30550,7358,0
1116,108079,111383,0
1117,133567,26601,0
1118,39150,89989,0
1119,19689,115578,0
1120,66608,49431,0
1121,58991,42446,0
1122,142873,14287,0
1123,97847,6582,0
1124,90399,149710,0
1125,23177,97735,0
1126,152893,131291,0
1127,31528,13267,0
1128,10422,15027,0
1129,46378,95423,0
1130,149779,38878,0
1131,141068,59146,0
1132,2913,140252,0
1133,32641,155187,0
1134,144650,54571,0
1135,58720,31099,0
1136,86791,65112,0
1137,52837,42475,0
1138,107613,43926,0
1139,22013,121000,0
1140,19456,105138,0
1141,146317,79040,0
1142,155109,26322,0
1143,107682,134975,0
1144,144991,142945,0
1145,100440,127250,0
1146,44259,138910,0
1147,102975,138922,0
1148,141078,90678,0
1149,107722,15797,0
1150,136922,54941,0
1151,62614,23456,0
1152,69735,4242,0
1153,146841,62721,0
1154,11208,70106,0
1155,60278,5368,0
1156,78357,34725,0
1157,35449,87098,0
1158,53112,144651,0
1159,13191,95747,0
1160,8106,79847,0
1161,9285,130830,0
1162,61169,112495,0
1163,104146,38210,0
1164,64155,33624,0
1165,19481,24550,0
1166,21374,35464,0
1167,73315,8826,0
1168,31365,59422,0
1169,30196,18997,0
1170,126531,52031,0
1171,13011,138210,0
1172,29478,11630,0
1173,13520,113128,0
1174,153229,68588,0
1175,25437,119299,0
1176,105436,60402,0
1177,69317,73631,0
1178,49831,131727,0
1179,70364,121234,0
1180,49887,101610,0
1181,148369,128037,0
1182,128965,136454,0
1183,126524,48133,0
1184,47832,151131,0
1185,72075,112519,0
1186,139846,144469,0
1187,61535,93373,0
1188,62663,94541,0
1189,142804,23597,0
1190,9475,138746,0
1191,155149,82736,0
1192,14506,74063,0
1193,20203,97046,0
1194,101157,310,0
1195,96084,72024,0
1196,32045,5272,0
1197,51311,110406,0
1198,102758,5244,0
1199,127440,60105,0
1200,128557,4905,0
1201,126487,117008,0
1202,134788,80395,0
1203,138540,97201,0
1204,154906,72901,0
1205,117945,3546,0
1206,60764,97627,0
1207,48238,13389,0
1208,49636,90238,0
1209,99391,69342,0
1210,28681,47210,0
1211,118038,138458,0
1212,122714,132574,0
1213,5639,111665,0
1214,65577,138970,0
1215,141384,54965,0
1216,139288,62043,0
1217,87145,19844,0
1218,43140,123826,0
1219,35462,12130,0
1220,111587,21298,0
1221,44501,97004,0
1222,6819,106342,0
1223,12508,56025,0
1224,81902,45604,0
1225,130902,41314,0
1226,99736,1578,0
1227,41421,68709,0
1228,154502,114424,0
1229,121970,97284,0
1230,114972,53393,0
1231,62478,9018,0
1232,12723,43697,0
1233,122991,66694,0
1234,126673,138460,0
1235,122983,89023,0
1236,78395,90953,0
1237,135381,129055,0
1238,19156,70425,0
1239,98253,129212,0
1240,48920,44755,0
1241,127613,16091,0
1242,69651,39277,0
1243,90687,19669,0
1244,150683,54645,0
1245,104302,75665,0
1246,51849,60281,0
1247,129768,114294,0
1248,150525,129393,0
1249,33212,72109,0
1250,128932,129048,0
1251,123009,22775,0
1252,115374,93020,0
1253,102102,141298,0
1254,415,131015,0
1255,68862,79959,0
1256,574,148398,0
1257,153995,96389,0
1258,95251,131047,0
1259,98651,32021,0
1260,65544,54032,0
1261,21600,122338,0
1262,141026,27169,0
1263,77924,52053,0
1264,76795,3634,0
1265,119079,139336,0
1266,75194,35036,0
1267,121969,83666,0
1268,6570,48746,0
1269,113711,118859,0
1270,29518,3337,0
1271,69389,147214,0
1272,35511,42440,0
1273,51487,129334,0
1274,47802,138435,0
1275,142432,137290,0
1276,54565,91179,0
1277,60678,96286,0
1278,11969,132023,0
1279,145135,107813,0
1280,134011,125190,0
1281,89465,39094,0
1282,151373,127687,0
1283,49066,106738,0
1284,114351,133254,0
1285,119867,136684,0
1286,80763,121596,0
1287,23988,109070,0
1288,142100,13363,0
1289,104043,52445,0
1290,133982,89655,0
1291,29987,33471,0
1292,110767,20858,0
1293,111650,90782,0
1294,118236,33749,0
1295,89449,46829,0
1296,98909,15604,0
1297,3376,124744,0
1298,4600,119763,0
1299,133695,44513,0
1300,106608,133806,0
1301,59783,29342,0
1302,125027,122532,0
1303,84946,140352,0
1304,37887,113658,0
1305,120207,135720,0
1306,32793,119594,0
1307,58433,42333,0
1308,96569,131382,0
1309,88486,48311,0
1310,16935,39657,0
1311,142989,146328,0
1312,119577,97492,0
1313,118232,82942,0
1314,129143,146301,0
1315,108541,15946,0
1316,10545,52031,0
1317,79984,131944,0
1318,103020,53613,0
1319,79484,71174,0
1320,6789,131176,0
1321,90656,149644,0
1322,138255,42427,0
1323,3303,108219,0
1324,154632,76245,0
1325,60068,141684,0
1326,99103,110399,0
1327,72874,91785,0
1328,81862,109384,0
1329,23634,128599,0
1330,22691,52687,0
1331,15187,22330,0
1332,117281,80965,0
1333,51722,75002,0
1334,14583,133662,0
1335,153689,51019,0
1336,29218,84785,0
1337,123693,10813,0
1338,7129,121463,0
1339,63551,25589,0
1340,131295,83299,0
1341,48844,60918,0
1342,109798,116608,0
1343,64930,106519,0
1344,58338,85745,0
1345,7935,93549,0
1346,145270,78038,0
1347,108530,114665,0
1348,113160,118997,0
1349,50112,61383,0
1350,146112,113596,0
1351,21646,49468,0
1352,52241,21681,0
1353,18313,98535,0
1354,16646,25646,0
1355,96480,15658,0
1356,1223,151296,0
1357,5845,57059,0
1358,97475,123419,0
1359,10482,64314,0
1360,86554,54259,0
1361,103625,108723,0
1362,20127,89822,0
1363,39663,105152,0
1364,150992,60750,0
1365,4424,68572,0
1366,97730,48901,0
1367,70768,94253,0
1368,56567,153904,0
1369,136127,34296,0
1370,74974,25022,0
1371,93945,43134,0
1372,38098,81856,0
1373,77200,83852,0
1374,105818,215,0
1375,121187,35975,0
1376,70266,17892,0
1377,113440,126770,0
1378,87088,67749,0
1379,144305,94964,0
1380,116729,57153,0
1381,66664,133411,0
1382,82006,63153,0
1383,56667,139670,0
1384,148417,134528,0
1385,1105,97087,0
1386,147265,150459,0
1387,147713,73716,0
1388,29849,94942,0
1389,83361,108142,0
1390,65817,114752,0
1391,101941,44802,0
1392,118612,75184,0
1393,9755,111443,0
1394,119198,23693,0
1395,120132,147581,0
1396,44790,74995,0
1397,22156,90811,0
1398,117978,53962,0
1399,99772,47046,0
1400,92354,33686,0
1401,134270,40727,0
1402,58009,60160,0
1403,143709,79009,0
1404,32094,88153,0
1405,45013,9328,0
1406,92754,101920,0
1407,114343,52276,0
1408,10585,3531,0
1409,70417,86371,0
1410,106721,42838,0
1411,29164,33212,0
1412,87700,98393,0
1413,148983,108844,0
1414,45707,42838,0
1415,59887,6396,0
1416,20234,101150,0
1417,41073,60098,0
1418,125558,39860,0
1419,146996,137168,0
1420,6480,76357,0
1421,102892,89614,0
1422,15536,42380,0
1423,65879,122980,0
1424,88924,140439,0
1425,120898,148117,0
1426,139834,32828,0
1427,90655,23809,0
1428,132790,113211,0
1429,22152,151106,0
1430,100441,131515,0
1431,110704,137498,0
1432,55367,10153,0
1433,122762,822,0
1434,78988,49596,0
1435,102171,148770,0
1436,12447,45997,0
1437,22585,6669,0
1438,108291,84598,0
1439,143291,130818,0
1440,15385,36960,0
1441,73707,103784,0
1442,99941,136475,0
1443,151659,120949,0
1444,148679,56554,0
1445,71107,16989,0
1446,47829,124757,0
1447,118282,142533,0
1448,79845,6194,0
1449,31249,58136,0
1450,3515,145590,0
1451,84165,26294,0
1452,42228,62467,0
1453,149152,108200,0
1454,120141,154510,0
1455,154368,4194,0
1456,143734,47633,0
1457,56778,143656,0
1458,4903,151871,0
1459,138673,60557,0
1460,126238,76105,0
1461,98289,21828,0
1462,84449,149539,0
1463,72804,32154,0
1464,101698,124025,0
1465,50832,145088,0
1466,96803,65527,0
1467,47580,93508,0
1468,30219,20803,0
1469,151590,117553,0
1470,125353,107652,0
1471,46585,116762,0
1472,22976,148936,0
1473,135354,3113,0
1474,63877,27035,0
1475,58637,86275,0
1476,60920,36814,0
1477,142740,60936,0
1478,144374,61966,0
1479,132837,154516,0
1480,38300,26984,0
1481,154390,133784,0
1482,127833,116658,0
1483,789,90975,0
1484,87567,81728,0
1485,52126,15925,0
1486,91039,9240,0
1487,109679,15465,0
1488,63283,151012,0
1489,140290,78002,0
1490,55943,60831,0
1491,4007,79278,0
1492,127374,116680,0
1493,152076,31889,0
1494,70725,57683,0
1495,104038,55508,0
1496,115219,73045,0
1497,89177,116054,0
1498,120833,68815,0
1499,2277,112700,0
1500,25988,51359,0
1501,17925,6613,0
1502,145979,42305,0
1503,39531,34817,0
1504,106576,81006,0
1505,21604,16016,0
1506,89825,145163,0
1507,19776,58986,0
1508,130471,54838,0
1509,53353,112144,0
1510,110442,51528,0
1511,13879,149993,0
1512,146530,53292,0
1513,28732,46,0
1514,44484,76685,0
1515,30608,24489,0
1516,115242,37599,0
1517,71959,72884,0
1518,89665,109667,0
1519,50871,49406,0
1520,148677,120769,0
1521,41218,153240,0
1522,130393,26438,0
1523,109478,41043,0
1524,30377,29377,0
1525,2976,81129,0
1526,22706,136401,0
1527,42379,150182,0
1528,75117,126628,0
1529,96509,51362,0
1530,41408,86289,0
1531,131873,18848,0
1532,115199,144131,0
1533,109964,37817,0
1534,54565,106538,0
1535,10733,119895,0
1536,64958,146739,0
1537,61321,22288,0
1538,136232,40513,0
1539,43511,91099,0
1540,12854,79007,0
1541,27217,90941,0
1542,17037,94504,0
1543,64865,113428,0
1544,3741,49187,0
1545,153644,136913,0
1546,114070,16599,0
1547,78977,10816,0
1548,95229,100536,0
1549,33248,127647,0
1550,51671,40675,0
1551,28000,79990,0
1552,30004,48978,0
1553,84033,32719,0
1554,58853,139974,0
1555,109395,33377,0
1556,3197,108230,0
1557,35400,2290,0
1558,60632,90847,0
1559,54477,72640,0
1560,10062,71334,0
1561,20413,62272,0
1562,114811,50283,0
1563,121747,39039,0
1564,86203,74,0
1565,57571,103468,0
1566,49855,12935,0
1567,149157,142309,0
1568,87207,114168,0
1569,49612,74376,0
1570,106027,124590,0
1571,2699,79131,0
1572,61824,35898,0
1573,97469,83665,0
1574,58299,118304,0
1575,39444,71011,0
1576,150566,59132,0
1577,21234,45469,0
1578,47049,17662,0
1579,29216,82028,0
1580,122383,113850,0
1581,34403,51766,0
1582,14464,119321,0
1583,11196,82145,0
1584,83008,58423,0
1585,108028,121474,0
1586,143582,119701,0
1587,22542,114793,0
1588,111713,6880,0
1589,63685,79377,0
1590,101357,19638,0
1591,76521,117070,0
1592,134873,22242,0
1593,121169,136034,0
1594,65714,39156,0
1595,142392,43349,0
1596,48950,63357,0
1597,98751,137353,0
1598,37858,135147,0
1599,118901,135223,0
1600,120612,22942,0
1601,2662,45603,0
1602,38141,88287,0
1603,88145,133731,0
1604,60133,126710,0
1605,131876,25413,0
1606,70970,60864,0
1607,66837,102708,0
1608,49639,126152,0
1609,146738,35800,0
1610,24599,126184,0
1611,128284,93282,0
1612,96145,47586,0
1613,110702,21498,0
1614,17200,69540,0
1615,76532,105739,0
1616,86526,25829,0
1617,110004,18345,0
1618,87682,49182,0
1619,9781,139197,0
1620,151447,128079,0
1621,9735,60137,0
1622,14728,37425,0
1623,7481,97523,0
1624,84033,88895,0
1625,64139,100410,0
1626,10738,62640,0
1627,76676,20008,0
1628,117351,77649,0
1629,103022,26715,0
1630,148662,120244,0
1631,61840,93751,0
1632,145951,143363,0
1633,40273,19354,0
1634,33557,151231,0
1635,130455,39967,0
1636,43468,99625,0
1637,123203,28983,0
1638,7331,70396,0
1639,73486,133780,0
1640,112540,148252,0
1641,113262,33154,0
1642,127356,130525,0
1643,95220,107990,0
1644,65466,58129,0
1645,127171,45876,0
1646,64959,146396,0
1647,40878,97278,0
1648,57637,22744,0
1649,70684,9083,0
1650,37387,130184,0
1651,130074,1018,0
1652,90783,58303,0
1653,88131,387,0
1654,82484,65874,0
1655,131967,62614,0
1656,25770,14199,0
1657,154203,103941,0
1658,14945,128822,0
1659,137698,138421,0
1660,20761,66608,0
1661,89761,17769,0
1662,137136,48310,0
1663,104002,12038,0
1664,43318,126106,0
1665,14397,56348,0
1666,119467,50573,0
1667,27279,95094,0
1668,73222,113704,0
1669,64159,78761,0
1670,126114,63061,0
1671,95164,86521,0
1672,30035,84063,0
1673,60956,91824,0
1674,155075,37955,0
1675,42175,15871,0
1676,68398,151434,0
1677,21487,60630,0
1678,152953,146397,0
1679,82998,131736,0
1680,32492,56061,0
1681,64162,128709,0
1682,64010,38278,0
1683,17332,53897,0
1684,108128,45058,0
1685,124103,139172,0
1686,74153,8242,0
1687,83748,83791,0
1688,43790,15690,0
1689,151519,94298,0
1690,127974,365,0
1691,143279,58623,0
1692,94402,149854,0
1693,105139,132260,0
1694,140075,59729,0
1695,106528,145800,0
1696,13185,63460,0
1697,66693,82053,0
1698,14456,14328,0
1699,13361,114246,0
1700,95089,128584,0
1701,47927,62546,0
1702,51174,123886,0
1703,148781,6009,0
1704,113018,45436,0
1705,131848,89830,0
1706,18320,69019,0
1707,14240,27359,0
1708,67318,66232,0
1709,44198,151650,0
1710,151288,4825,0
1711,56449,127723,0
1712,68185,22709,0
1713,144990,127491,0
1714,94295,99166,0
1715,22685,133396,0
1716,133038,46189,0
1717,106036,71998,0
1718,138397,18835,0
1719,24973,3148,0
1720,97554,25805,0
1721,147945,112647,0
1722,118439,23110,0
1723,85848,9992,0
1724,50642,111838,0
1725,140207,44688,0
1726,44097,110235,0
1727,42204,74911,0
1728,103752,121830,0
1729,36751,56122,0
1730,153657,93972,0
1731,22624,80299,0
1732,131872,65259,0
1733,110240,71732,0
1734,23166,92509,0
1735,9253,108991,0
1736,29915,56520,0
1737,3486,143881,0
1738,4462,49934,0
1739,53709,124731,0
1740,73592,149064,0
1741,53726,147594,0
1742,29936,36351,0
1743,20703,101293,0
1744,16348,25889,0
1745,25157,32349,0
1746,47574,90720,0
1747,94206,96255,0
1748,122915,141896,0
1749,23816,120193,0
1750,116981,83090,0
1751,53090,9344,0
1752,130142,41280,0
1753,87971,99821,0
1754,149188,149700,0
1755,140615,23929,0
1756,122749,97205,0
1757,51697,85744,0
1758,78833,115464,0
1759,95021,133483,0
1760,19886,44114,0
1761,24425,10598,0
1762,113370,112823,0
1763,22856,19733,0
1764,4607,95442,0
1765,8138,101105,0
1766,22514,18819,0
1767,73158,9232,0
1768,54741,93532,0
1769,148605,122301,0
1770,108851,151728,0
1771,56261,80032,0
1772,15999,72362,0
1773,100309,44808,0
1774,150942,27520,0
1775,32485,117744,0
1776,24851,8306,0
1777,78798,34446,0
1778,13736,45971,0
1779,13863,154698,0
1780,126323,116249,0
1781,49825,1295,0
1782,70962,94066,0
1783,36357,113609,0
1784,571,70424,0
1785,118687,91344,0
1786,96759,118895,0
1787,34995,123707,0
1788,130236,68154,0
1789,24385,83568,0
1790,110613,84898,0
1791,114622,7576,0
1792,3818,57627,0
1793,128559,12585,0
1794,138982,39071,0
1795,25917,48236,0
1796,16681,53069,0
1797,89368,72342,0
1798,46640,143424,0
1799,75044,21943,0
1800,117516,138386,0
1801,92474,41805,0
1802,86137,127043,0
1803,109014,429,0
1804,76936,119841,0
1805,59836,101663,0
1806,84936,67250,0
1807,87253,132031,0
1808,133688,81446,0
1809,140606,111936,0
1810,138866,135071,0
1811,144507,63638,0
1812,145366,109361,0
1813,96238,76657,0
1814,97328,86555,0
1815,88372,143223,0
1816,145372,108219,0
1817,92303,121662,0
1818,74267,38984,0
1819,91008,56883,0
1820,44136,30233,0
1821,81417,120976,0
1822,127360,26659,0
1823,98563,24044,0
1824,70696,62680,0
1825,66942,37276,0
1826,140587,91488,0
1827,83694,79383,0
1828,38193,56190,0
1829,131950,3616,0
1830,107039,52785,0
1831,137618,38368,0
1832,109725,117967,0
1833,62049,14215,0
1834,145533,65149,0
1835,112373,41703,0
1836,108395,71817,0
1837,18092,23758,0
1838,8334,132622,0
1839,110698,121162,0
1840,129440,105620,0
1841,154360,46146,0
1842,74267,103690,0
1843,8953,80020,0
1844,442,22674,0
1845,152503,83362,0
1846,40979,42649,0
1847,91870,144300,0
1848,106393,40610,0
1849,67821,138267,0
1850,124623,96772,0
1851,85743,9635,0
1852,82098,45571,0
1853,55427,96332,0
1854,124437,13243,0
1855,100803,42757,0
1856,22095,2524,0
1857,110290,84443,0
1858,103280,28436,0
1859,87148,74792,0
1860,6549,36111,0
1861,117863,41838,0
1862,61105,4291,0
1863,134018,147860,0
1864,6731,80907,0
1865,108647,32060,0
1866,124020,138447,0
1867,50622,731,0
1868,61279,115814,0
1869,135145,139038,0
1870,123201,54758,0
1871,36440,128920,0
1872,71260,44366,0
1873,82201,149129,0
1874,34253,122471,0
1875,77772,94136,0
1876,46082,63759,0
1877,89217,124483,0
1878,75972,116196,0
1879,9890,149651,0
1880,63800,150880,0
1881,82249,45995,0
1882,148628,45299,0
1883,42642,43666,0
1884,25264,2545,0
1885,126757,15224,0
1886,107908,45076,0
1887,50315,26329,0
1888,47510,78531,0
1889,69607,112533,0
1890,126543,14664,0
1891,131358,9092,0
1892,21638,139324,0
1893,97596,33750,0
1894,98467,14095,0
1895,32527,79171,0
1896,98746,109938,0
1897,146427,78350,0
1898,68143,132826,0
1899,115648,82122,0
1900,74266,126324,0
1901,6236,107921,0
1902,28827,72309,0
1903,86920,86682,0
1904,88761,69296,0
1905,134068,123456,0
1906,32923,116888,0
1907,143177,29417,0
1908,146596,54585,0
1909,81987,21818,0
1910,49831,144786,0
1911,2976,49597,0
1912,100949,9281,0
1913,132365,56297,0
1914,142302,141903,0
1915,119046,8655,0
1916,72591,102974,0
1917,22444,45908,0
1918,46683,144192,0
1919,112391,128526,0
1920,61399,110548,0
1921,79637,114267,0
1922,26769,73071,0
1923,10527,145051,0
1924,94745,25986,0
1925,146288,100842,0
1926,72922,32601,0
1927,104320,126168,0
1928,91237,116963,0
1929,94547,125153,0
1930,110137,4677,0
1931,16838,119857,0
1932,66797,143342,0
1933,62486,9256,0
1934,107327,141009,0
1935,35186,43031,0
1936,32863,142399,0
1937,90032,107660,0
1938,40622,44788,0
1939,113361,104046,0
1940,47987,43177,0
1941,112342,8899,0
1942,100879,118994,0
1943,138024,143656,0
1944,131101,52057,0
1945,150149,154656,0
1946,130251,107574,0
1947,123370,130036,0
1948,141742,49711,0
1949,89497,151605,0
1950,113374,13305,0
1951,25073,124224,0
1952,83100,8504,0
1953,106066,35755,0
1954,78187,80703,0
1955,128151,95834,0
1956,61699,47444,0
1957,2204,129053,0
1958,6348,118866,0
1959,105527,5315,0
1960,66437,124620,0
1961,48031,35891,0
1962,9840,67212,0
1963,31789,35601,0
1964,31922,51173,0
1965,100687,25562,0
1966,46912,56156,0
1967,7991,32361,0
1968,22226,51123,0
1969,33779,98990,0
1970,67308,8374,0
1971,145269,52132,0
1972,120928,142577,0
1973,149974,88548,0
1974,1561,130314,0
1975,145010,26356,0
1976,64938,137145,0
1977,64069,70686,0
1978,3232,109348,0
1979,17225,32571,0
1980,1288,68759,0
1981,31970,95034,0
1982,35725,150313,0
1983,71690,113883,0
1984,74821,27548,0
1985,53457,29840,0
1986,127606,136443,0
1987,118225,131943,0
1988,133126,141882,0
1989,1995,38667,0
1990,38721,37434,0
1991,106705,114136,0
1992,8031,102585,0
1993,150571,13029,0
1994,140156,35752,0
1995,10062,71576,0
1996,27070,137909,0
1997,138883,10486,0
1998,137800,21152,0
1999,153571,82311,0
2000,82845,147075,0
2001,71106,152102,0
2002,59212,75459,0
2003,59539,119619,0
2004,116016,148558,0
2005,112034,115828,0
2006,94372,65567,0
2007,77232,83918,0
2008,97403,6802,0
2009,127153,98550,0
2010,100239,122341,0
2011,145960,146837,0
2012,145359,73159,0
2013,126355,27660,0
2014,87654,148529,0
2015,102801,8914,0
2016,88810,103559,0
2017,119368,128595,0
2018,30164,84677,0
2019,102385,106500,0
2020,29027,125368,0
2021,132105,20626,0
2022,101638,130937,0
2023,44271,14192,0
2024,38854,64687,0
2025,51341,12451,0
2026,22533,98250,0
2027,120346,100154,0
2028,24947,152643,0
2029,48067,5077,0
2030,88503,136445,0
2031,17683,109194,0
2032,107222,74633,0
2033,40858,45086,0
2034,127449,115029,0
2035,122798,5524,0
2036,2550,6214,0
2037,26505,139673,0
2038,77557,44607,0
2039,91781,125921,0
2040,136194,44765,0
2041,5435,31962,0
2042,22821,29290,0
2043,13499,35792,0
2044,112815,66117,0
2045,97495,114117,0
2046,57211,88649,0
2047,21285,59946,0
2048,135945,128807,0
2049,90019,124921,0
2050,20490,14484,0
2051,128322,86684,0
2052,2680,88980,0
2053,104570,113970,0
2054,41885,66222,0
2055,133724,37755,0
2056,101518,105296,0
2057,27875,95167,0
2058,108757,43381,0
2059,47684,60368,0
2060,101550,128620,0
2061,20509,105897,0
2062,142978,58129,0
2063,70721,39887,0
2064,87329,98302,0
2065,147259,78315,0
2066,108045,60438,0
2067,127346,71640,0
2068,124996,139302,0
2069,150756,32424,0
2070,112695,7274,0
2071,116706,38737,0
2072,47842,4765,0
2073,30438,6459,0
2074,58494,108978,0
2075,104659,82903,0
2076,84705,37331,0
2077,149567,54886,0
2078,131370,38357,0
2079,44780,35710,0
2080,87633,126384,0
2081,97612,146311,0
2082,54446,55736,0
2083,135936,70652,0
2084,49950,89434,0
2085,82684,18405,0
2086,154253,119366,0
2087,52674,101366,0
2088,84948,142306,0
2089,40184,73429,0
2090,55444,112424,0
2091,61769,18046,0
2092,7712,103481,0
2093,67368,113866,0
2094,87695,96875,0
2095,38069,53981,0
2096,141388,74460,0
2097,50536,109531,0
2098,41333,143419,0
2099,27269,141393,0
2100,21497,15704,0
2101,85065,19089,0
2102,54477,51299,0
2103,154823,51218,0
2104,23113,46243,0
2105,33979,106440,0
2106,143298,59020,0
2107,47698,128797,0
2108,91584,46551,0
2109,96140,90741,0
2110,79140,85287,0
2111,127860,27791,0
2112,20223,74899,0
2113,110075,130547,0
2114,111714,90412,0
2115,92033,21608,0
2116,22752,34585,0
2117,17013,53153,0
2118,55786,41364,0
2119,133134,207,0
2120,17283,87065,0
2121,108475,108806,0
2122,97818,79236,0
2123,20014,80827,0
2124,123449,133517,0
2125,83321,146665,0
2126,58775,121355,0
2127,18092,36244,0
2128,127457,82457,0
2129,121802,41319,0
2130,47909,51122,0
2131,71954,129231,0
2132,16175,47032,0
2133,35044,97543,0
2134,137847,112958,0
2135,60052,83776,0
2136,142268,67198,0
2137,134997,63055,0
2138,103208,126151,0
2139,132915,105205,0
2140,148036,59240,0
2141,37541,568,0
2142,78686,49187,0
2143,106030,100557,0
2144,115103,100768,0
2145,45950,45201,0
2146,84865,7548,0
2147,26301,55592,0
2148,93331,81506,0
2149,48453,89744,0
2150,93500,71662,0
2151,52109,133890,0
2152,132818,27441,0
2153,117619,54057,0
2154,38495,140944,0
2155,142340,98196,0
2156,124535,70301,0
2157,25988,13726,0
2158,49060,96666,0
2159,38116,85054,0
2160,47418,147588,0
2161,106811,98806,0
2162,148834,94442,0
2163,96315,154262,0
2164,3008,56050,0
2165,43857,41378,0
2166,91259,84671,0
2167,63552,137049,0
2168,25930,75355,0
2169,62896,100785,0
2170,28406,80810,0
2171,79343,52032,0
2172,120446,28815,0
2173,94819,7354,0
2174,147685,50636,0
2175,128315,52336,0
2176,60583,129137,0
2177,102448,26870,0
2178,28630,28115,0
2179,43094,42061,0
2180,78338,130720,0
2181,139762,87365,0
2182,27874,133894,0
2183,98720,50598,0
2184,10940,121193,0
2185,40526,150638,0
2186,70160,8051,0
2187,124376,16233,0
2188,13696,7639,0
2189,72974,54655,0
2190,9591,83542,0
2191,9895,57407,0
2192,131784,135225,0
2193,132088,10094,0
2194,9377,87291,0
2195,4095,83958,0
2196,73222,96940,0
2197,7490,136451,0
2198,4356,92026,0
2199,6167,99089,0
2200,91200,431,0
2201,38301,84802,0
2202,100012,36335,0
2203,92596,38099,0
2204,148945,45362,0
2205,13773,101685,0
2206,141079,23146,0
2207,124627,134461,0
2208,59392,102845,0
2209,56686,71891,0
2210,133710,121493,0
2211,47880,28206,0
2212,23095,102894,0
2213,100868,86907,0
2214,57972,92213,0
2215,36108,50206,0
2216,90427,118141,0
2217,16044,96001,0
2218,119246,116385,0
2219,14868,116098,0
2220,42577,145352,0
2221,96463,47065,0
2222,123741,144152,0
2223,55400,23724,0
2224,39233,63285,0
2225,50985,130717,0
2226,37020,92411,0
2227,76150,123035,0
2228,70190,102653,0
2229,58265,11586,0
2230,58525,87769,0
2231,53185,48508,0
2232,80088,83023,0
2233,83206,53690,0
2234,153039,66963,0
2235,7935,148994,0
2236,120977,143459,0
2237,135732,33189,0
2238,68145,6250,0
2239,66666,36558,0
2240,147639,91392,0
2241,85710,45006,0
2242,49211,914,0
2243,93368,100377,0
2244,130236,54103,0
2245,113673,42664,0
2246,113589,32737,0
2247,11952,135741,0
2248,68311,82565,0
2249,116262,42044,0
2250,60434,75550,0
2251,141065,67230,0
2252,29329,27357,0
2253,8799,130763,0
2254,57012,118462,0
2255,24680,152904,0
2256,113301,130951,0
2257,69020,40982,0
2258,110820,82871,0
2259,113197,140834,0
2260,11381,149403,0
2261,144357,115317,0
2262,64421,23194,0
2263,33845,72733,0
2264,127612,111902,0
2265,38981,14500,0
2266,2832,138019,0
2267,17929,154217,0
2268,22152,74663,0
2269,5411,73215,0
2270,83473,115539,0
2271,65837,93339,0
2272,123596,4230,0
2273,104890,52554,0
2274,960,71453,0
2275,21669,17515,0
2276,144556,35867,0
2277,11751,13563,0
2278,20849,24439,0
2279,151266,79755,0
2280,140854,114778,0
2281,120392,31037,0
2282,114787,153883,0
2283,31006,90915,0
2284,94758,52290,0
2285,134177,139978,0
2286,59003,28572,0
2287,101787,74585,0
2288,8661,97912,0
2289,8763,70600,0
2290,60628,52570,0
2291,133837,108868,0
2292,51164,22426,0
2293,13412,87183,0
2294,26938,105926,0
2295,4566,128335,0
2296,74636,144762,0
2297,73542,68396,0
2298,45614,65814,0
2299,138035,133960,0
2300,103202,103113,0
2301,29206,110828,0
2302,143555,122447,0
2303,50078,153243,0
2304,100976,124418,0
2305,109801,126943,0
2306,16966,7934,0
2307,97090,8527,0
2308,117736,115687,0
2309,135679,40386,0
2310,109756,114928,0
2311,65486,5727,0
2312,25168,147680,0
2313,78208,37645,0
2314,76705,47751,0
2315,31607,48322,0
2316,95920,63015,0
2317,52777,36776,0
2318,29275,6061,0
2319,127703,150420,0
2320,37652,92632,0
2321,30948,37579,0
2322,23982,99047,0
2323,80627,141579,0
2324,45869,88232,0
2325,24355,80541,0
2326,69967,71199,0
2327,55540,73202,0
2328,67765,91620,0
2329,5654,70404,0
2330,154703,118963,0
2331,125935,33428,0
2332,99364,142261,0
2333,73165,58903,0
2334,42685,146580,0
2335,3703,13556,0
2336,21363,69377,0
2337,35603,56769,0
2338,123445,10126,0
2339,63364,82654,0
2340,92774,8915,0
2341,153257,35499,0
2342,42855,132335,0
2343,104579,45649,0
2344,65426,16428,0
2345,100509,119518,0
2346,131718,76672,0
2347,8243,52725,0
2348,101225,85471,0
2349,148785,117512,0
2350,18180,59449,0
2351,35695,72177,0
2352,3997,10544,0
2353,84129,11320,0
2354,6999,85048,0
2355,72666,22726,0
2356,33271,39413,0
2357,73013,83057,0
2358,15677,108464,0
2359,49243,120300,0
2360,111560,10912,0
2361,62468,43173,0
2362,35377,52363,0
2363,108653,123942,0
2364,100836,12374,0
2365,125889,84260,0
2366,24985,132477,0
2367,115299,60442,0
2368,113650,8605,0
2369,125349,19769,0
2370,139290,149736,0
2371,83819,29361,0
2372,152193,112077,0
2373,147451,14462,0
2374,87255,60253,0
2375,56734,21857,0
2376,101007,110774,0
2377,38342,82587,0
2378,114098,41584,0
2379,73563,140031,0
2380,129789,29528,0
2381,141064,8600,0
2382,42585,29018,0
2383,81055,7944,0
2384,53985,130452,0
2385,18184,25446,0
2386,140504,25813,0
2387,144586,35962,0
2388,70867,43573,0
2389,149538,67410,0
2390,1216,12991,0
2391,133625,124536,0
2392,29314,109131,0
2393,107995,131509,0
2394,7268,63632,0
2395,149197,62809,0
2396,133228,137893,0
2397,65824,13276,0
2398,53619,124886,0
2399,33068,35691,0
2400,127092,20410,0
2401,132810,57745,0
2402,69197,152566,0
2403,153296,79223,0
2404,103662,17890,0
2405,43469,58096,0
2406,16366,25635,0
2407,62469,42059,0
2408,53170,154790,0
2409,21241,32853,0
2410,15709,98693,0
2411,115789,16558,0
2412,12877,44292,0
2413,133358,136034,0
2414,147738,3516,0
2415,97742,54315,0
2416,114849,62234,0
2417,152498,66582,0
2418,11214,67051,0
2419,22641,104437,0
2420,133069,66862,0
2421,2662,128497,0
2422,38089,147787,0
2423,39579,115666,0
2424,75258,90063,0
2425,142456,30647,0
2426,7016,131110,0
2427,139157,26556,0
2428,102911,133568,0
2429,92239,25170,0
2430,106388,49663,0
2431,131634,140324,0
2432,66454,77234,0
2433,14723,10420,0
2434,144072,70846,0
2435,103775,46483,0
2436,87790,90019,0
2437,66955,48660,0
2438,109640,97609,0
2439,146179,79681,0
2440,100543,85980,0
2441,15463,154644,0
2442,117024,98841,0
2443,70895,110901,0
2444,33291,155157,0
2445,125777,149558,0
2446,88868,107911,0
2447,73838,97569,0
2448,31785,7140,0
2449,97904,135675,0
2450,25152,52248,0
2451,29621,126184,0
2452,145501,10067,0
2453,154065,30060,0
2454,89353,94830,0
2455,16342,123388,0
2456,22221,79683,0
2457,109006,29923,0
2458,42365,117018,0
2459,114645,120319,0
2460,65760,86392,0
2461,82007,37064,0
2462,133724,68935,0
2463,90067,151909,0
2464,11774,84633,0
2465,87438,28913,0
2466,41701,129424,0
2467,103339,111653,0
2468,65559,90688,0
2469,105907,111023,0
2470,78734,121337,0
2471,5796,87430,0
2472,7684,39061,0
2473,24062,22502,0
2474,112262,139082,0
2475,72946,38183,0
2476,125152,87168,0
2477,145158,150549,0
2478,53343,149847,0
2479,29563,21898,0
2480,122841,134140,0
2481,129360,121508,0
2482,147528,68551,0
2483,16385,102236,0
2484,146472,31894,0
2485,95462,30888,0
2486,70463,8828,0
2487,142359,16482,0
2488,44518,38569,0
2489,25935,137518,0
2490,35860,15991,0
2491,83320,48345,0
2492,128227,41567,0
2493,93902,33057,0
2494,118751,5248,0
2495,73417,33752,0
2496,94863,2066,0
2497,12612,17319,0
2498,3181,98539,0
2499,75970,87311,0
2500,12386,114594,0
2501,147868,141035,0
2502,124237,70553,0
2503,33001,105031,0
2504,113595,111981,0
2505,78065,105651,0
2506,103725,25718,0
2507,125552,33005,0
2508,140650,128350,0
2509,106031,98329,0
2510,96440,129720,0
2511,150043,153057,0
2512,131594,139160,0
2513,117335,122470,0
2514,91972,27061,0
2515,143178,8868,0
2516,128910,124394,0
2517,103863,118783,0
2518,56293,26514,0
2519,147786,88942,0
2520,6948,130613,0
2521,129066,72298,0
2522,144404,148316,0
2523,53365,28940,0
2524,103107,110486,0
2525,66271,103189,0
2526,35721,29752,0
2527,52781,66961,0
2528,91119,77410,0
2529,94594,10191,0
2530,148077,115954,0
2531,124335,5758,0
2532,50225,128417,0
2533,154919,44987,0
2534,16627,23914,0
2535,101317,70712,0
2536,43340,60302,0
2537,99400,71909,0
2538,149926,53635,0
2539,12449,8420,0
2540,77362,53351,0
2541,136094,25068,0
2542,138945,46701,0
2543,135446,96896,0
2544,120951,87733,0
2545,126677,135107,0
2546,17850,71212,0
2547,54261,84329,0
2548,56115,121344,0
2549,37009,15410,0
2550,135217,23114,0
2551,21078,120318,0
2552,34545,67697,0
2553,97602,154845,0
2554,121064,123041,0
2555,61632,49462,0
2556,86637,66482,0
2557,69398,49167,0
2558,99467,100631,0
2559,109031,102420,0
2560,85885,8675,0
2561,118980,111728,0
2562,109778,83508,0
2563,57459,64860,0
2564,7712,122497,0
2565,122314,117180,0
2566,77905,148666,0
2567,120402,27792,0
2568,112042,152631,0
2569,84173,115155,0
2570,42220,110149,0
2571,79920,69618,0
2572,27537,88430,0
2573,101998,33228,0
2574,42349,154766,0
2575,75837,34960,0
2576,3647,100638,0
2577,91011,23254,0
2578,72397,10463,0
2579,4607,107041,0
2580,59716,15476,0
2581,108622,106109,0
2582,122391,110033,0
2583,90103,117033,0
2584,113160,146546,0
2585,66513,12494,0
2586,9802,143167,0
2587,142818,96344,0
2588,1337,42948,0
2589,151923,53866,0
2590,127800,66064,0
2591,136313,152648,0
2592,37777,118870,0
2593,4775,52344,0
2594,132733,62869,0
2595,28000,82501,0
2596,91777,94381,0
2597,141735,29526,0
2598,16462,102526,0
2599,81527,49274,0
2600,62906,32063,0
2601,132238,42400,0
2602,63039,125409,0
2603,12674,115791,0
2604,71882,121816,0
2605,144140,145564,0
2606,64805,129512,0
2607,60349,40455,0
2608,82231,151715,0
2609,16325,28070,0
2610,45098,86122,0
2611,69022,108946,0
2612,52852,22534,0
2613,71468,72988,0
2614,44785,107491,0
2615,123887,79119,0
2616,142885,83594,0
2617,114665,23112,0
2618,22610,130654,0
2619,18259,104054,0
2620,46215,44142,0
2621,65032,43155,0
2622,133704,26926,0
2623,117624,73998,0
2624,33732,105705,0
2625,65475,137186,0
2626,2773,141833,0
2627,129492,56748,0
2628,153695,137432,0
2629,29537,107079,0
2630,92445,53055,0
2631,86876,74074,0
2632,102948,151061,0
2633,22631,152702,0
2634,46706,9528,0
2635,40757,89474,0
2636,119588,101881,0
2637,104081,91710,0
2638,138570,36803,0
2639,10571,148889,0
2640,66254,47328,0
2641,57750,60527,0
2642,47102,68566,0
2643,62324,36460,0
2644,36728,70912,0
2645,78559,45828,0
2646,46897,57937,0
2647,1635,788,0
2648,111455,88747,0
2649,50344,68690,0
2650,33302,72744,0
2651,1298,129287,0
2652,49388,93874,0
2653,27332,117260,0
2654,137058,148958,0
2655,9707,55628,0
2656,147105,13845,0
2657,63144,115919,0
2658,78497,101988,0
2659,66189,46747,0
2660,103659,110651,0
2661,52477,133283,0
2662,134467,26167,0
2663,21796,40872,0
2664,19768,62144,0
2665,1474,31957,0
2666,35749,61103,0
2667,137964,115661,0
2668,19768,22843,0
2669,79601,98562,0
2670,98471,153669,0
2671,15860,593,0
2672,61864,141431,0
2673,104659,18314,0
2674,148341,72878,0
2675,48441,4940,0
2676,28892,132856,0
2677,91671,137985,0
2678,162,131491,0
2679,27859,98873,0
2680,108662,49350,0
2681,115969,147138,0
2682,70617,110887,0
2683,22425,96719,0
2684,70325,148478,0
2685,35961,61659,0
2686,111009,91752,0
2687,24120,91323,0
2688,111010,83119,0
2689,45067,120196,0
2690,91875,128598,0
2691,116473,89081,0
2692,86228,151788,0
2693,19097,105760,0
2694,62339,122914,0
2695,59802,142971,0
2696,42432,151722,0
2697,13857,16346,0
2698,118105,3649,0
2699,74750,46334,0
2700,3624,99550,0
2701,116707,137650,0
2702,108059,117970,0
2703,10920,18787,0
2704,48349,66095,0
2705,16367,93309,0
2706,37699,151158,0
2707,96007,64392,0
2708,33589,145266,0
2709,43398,57287,0
2710,104272,27003,0
2711,144775,123016,0
2712,37401,83301,0
2713,148012,17749,0
2714,136281,74417,0
2715,82977,152046,0
2716,112132,53680,0
2717,122965,19485,0
2718,75081,66992,0
2719,1082,128733,0
2720,4525,97035,0
2721,8751,6693,0
2722,35790,52052,0
2723,61002,58208,0
2724,146111,137011,0
2725,110048,99817,0
2726,140498,119178,0
2727,7928,62048,0
2728,108400,142054,0
2729,151823,80481,0
2730,84040,32129,0
2731,109767,21825,0
2732,129817,78992,0
2733,49800,55774,0
2734,152743,109177,0
2735,89075,87032,0
2736,144657,138454,0
2737,66353,82518,0
2738,145490,106755,0
2739,21163,58086,0
2740,43477,85385,0
2741,99951,10418,0
2742,5531,72050,0
2743,36338,12144,0
2744,19839,147754,0
2745,75005,33529,0
2746,44002,140203,0
2747,80143,56411,0
2748,32242,26984,0
2749,91171,18034,0
2750,75878,147609,0
2751,41268,96740,0
2752,116218,140559,0
2753,48202,22817,0
2754,34846,74637,0
2755,34209,115280,0
2756,54365,107147,0
2757,12917,34234,0
2758,130155,74611,0
2759,142706,74460,0
2760,33639,20508,0
2761,30315,98486,0
2762,109058,150822,0
2763,131848,140933,0
2764,112889,122150,0
2765,54954,105622,0
2766,92394,133278,0
2767,143815,153980,0
2768,144072,55936,0
2769,153779,468,0
2770,57276,123230,0
2771,88178,33529,0
2772,91606,64456,0
2773,16900,100883,0
2774,116021,125716,0
2775,79231,92076,0
2776,152606,62955,0
2777,121537,116719,0
2778,96078,132823,0
2779,129817,52148,0
2780,113547,57610,0
2781,1264,109320,0
2782,43331,88781,0
2783,48948,105739,0
2784,135716,82645,0
2785,23858,136818,0
2786,146093,150338,0
2787,18048,127371,0
2788,114101,86294,0
2789,108291,23360,0
2790,120085,103000,0
2791,139504,96364,0
2792,79284,627,0
2793,42034,147350,0
2794,2662,135646,0
2795,91404,26820,0
2796,59012,119277,0
2797,57588,86912,0
2798,116076,124885,0
2799,27046,144494,0
2800,153840,64669,0
2801,37102,21074,0
2802,60539,20131,0
2803,39821,43683,0
2804,46706,69896,0
2805,4771,40147,0
2806,75209,28082,0
2807,28623,41666,0
2808,127253,68071,0
2809,63347,47483,0
2810,113881,114219,0
2811,97586,55747,0
2812,150202,133194,0
2813,39360,21262,0
2814,51224,29869,0
2815,102903,43962,0
2816,83996,55837,0
2817,53244,67426,0
2818,56645,96984,0
2819,45269,151131,0
2820,42200,135925,0
2821,58433,70733,0
2822,40170,71617,0
2823,143913,128200,0
2824,93617,27424,0
2825,65544,67958,0
2826,143770,61781,0
2827,63432,92216,0
2828,141039,132297,0
2829,128456,95855,0
2830,109216,94161,0
2831,78171,30968,0
2832,24259,140829,0
2833,50523,64239,0
2834,49095,106991,0
2835,82566,10030,0
2836,45674,109436,0
2837,142598,74652,0
2838,51725,78268,0
2839,124271,100308,0
2840,24505,100137,0
2841,45326,134364,0
2842,67665,140596,0
2843,27574,17779,0
2844,23302,18161,0
2845,97095,39690,0
2846,90588,102997,0
2847,97482,124887,0
2848,131655,36406,0
2849,82308,102220,0
2850,102457,25600,0
2851,26481,147956,0
2852,13168,63344,0
2853,106957,70913,0
2854,10791,154385,0
2855,140259,39566,0
2856,92476,5087,0
2857,122939,59520,0
2858,58128,57075,0
2859,6139,99641,0
2860,4830,83828,0
2861,112173,126407,0
2862,7440,123624,0
2863,125335,49564,0
2864,27464,121807,0
2865,154337,103995,0
2866,39057,108431,0
2867,11237,56305,0
2868,142300,38607,0
2869,69407,136421,0
2870,145528,150212,0
2871,123800,131699,0
2872,111650,137010,0
2873,34957,120089,0
2874,34598,120226,0
2875,124535,17573,0
2876,8263,139798,0
2877,141218,29460,0
2878,59448,16292,0
2879,77004,9400,0
2880,13180,83537,0
2881,49486,132440,0
2882,70289,98510,0
2883,15159,137113,0
2884,32172,148015,0
2885,11890,105754,0
2886,18390,92222,0
2887,49316,68795,0
2888,92782,119454,0
2889,140503,41519,0
2890,23831,44242,0
2891,50940,110792,0
2892,125787,77057,0
2893,95,94739,0
2894,21978,50517,0
2895,120244,98061,0
2896,127033,78742,0
2897,79761,84665,0
2898,82748,112968,0
2899,122986,78335,0
2900,7416,20782,0
2901,125079,76954,0
2902,107312,16850,0
2903,132054,35788,0
2904,124382,37538,0
2905,111136,151018,0
2906,64950,59655,0
2907,21116,32758,0
2908,101998,23324,0
2909,121351,45840,0
2910,57231,134004,0
2911,41257,81843,0
2912,57483,19735,0
2913,30330,85873,0
2914,1641,123557,0
2915,23485,9708,0
2916,27914,55817,0
2917,152169,125554,0
2918,73567,82881,0
2919,41996,120162,0
2920,115657,142570,0
2921,91447,12748,0
2922,46950,71869,0
2923,88480,96338,0
2924,8535,131228,0
2925,56333,61897,0
2926,118210,117226,0
2927,93745,26601,0
2928,21612,113404,0
2929,131169,108262,0
2930,45326,31920,0
2931,16001,13673,0
2932,41289,109591,0
2933,75138,107922,0
2934,112103,124081,0
2935,6758,93958,0
2936,54446,9214,0
2937,149937,71467,0
2938,700,118265,0
2939,150864,4585,0
2940,44257,93268,0
2941,28168,75192,0
2942,29061,26518,0
2943,24067,5084,0
2944,48786,102147,0
2945,69534,29308,0
2946,71843,148158,0
2947,95324,4265,0
2948,57998,89973,0
2949,66643,90182,0
2950,98130,59879,0
2951,63350,62635,0
2952,17873,79852,0
2953,53901,14337,0
2954,127549,132190,0
2955,15245,37824,0
2956,149574,55886,0
2957,65717,78543,0
2958,97817,67422,0
2959,144538,56849,0
2960,82811,137044,0
2961,82131,33960,0
2962,960,91990,0
2963,71694,150161,0
2964,10551,87198,0
2965,49758,72555,0
2966,125453,14739,0
2967,7087,154472,0
2968,127360,41787,0
2969,114824,81636,0
2970,153372,6776,0
2971,63335,3389,0
2972,49876,98305,0
2973,60029,43813,0
2974,76668,72773,0
2975,37786,88646,0
2976,142776,7690,0
2977,133171,134673,0
2978,53813,26062,0
2979,15598,49664,0
2980,155049,8373,0
2981,54565,75572,0
2982,121308,7830,0
2983,7144,82045,0
2984,33913,86105,0
2985,126561,113585,0
2986,64380,2566,0
2987,53813,81090,0
2988,7293,153660,0
2989,4511,22306,0
2990,138171,102482,0
2991,29754,147108,0
2992,23306,93613,0
2993,105765,142296,0
2994,146010,73650,0
2995,95063,39548,0
2996,8498,143257,0
2997,92762,95787,0
2998,151235,42319,0
2999,45538,124978,0
3000,109475,37007,0
3001,90676,51141,0
3002,49671,126967,0
3003,50227,97435,0
3004,66401,60732,0
3005,114397,128660,0
3006,90616,119877,0
3007,72057,101091,0
3008,24086,151636,0
3009,124468,149766,0
3010,145363,76256,0
3011,95452,121616,0
3012,28042,6445,0
3013,154684,5839,0
3014,78568,31790,0
3015,78509,143383,0
3016,133388,112564,0
3017,70500,121621,0
3018,14317,137419,0
3019,26239,116268,0
3020,3858,5583,0
3021,39541,63699,0
3022,4253,17319,0
3023,44606,45544,0
3024,41165,2839,0
3025,7332,82398,0
3026,122752,28387,0
3027,12855,32183,0
3028,21689,108995,0
3029,99967,106400,0
3030,5351,10431,0
3031,39028,12910,0
3032,73811,17791,0
3033,47269,71538,0
3034,22847,24831,0
3035,99354,1449,0
3036,149356,91809,0
3037,145544,109366,0
3038,55320,20081,0
3039,134878,153846,0
3040,27332,24912,0
3041,143791,133829,0
3042,26029,151613,0
3043,9730,116179,0
3044,98818,95589,0
3045,70279,67389,0
3046,105104,109828,0
3047,68474,112294,0
3048,6356,66220,0
3049,83691,127963,0
3050,114218,114162,0
3051,117270,86552,0
3052,86256,153381,0
3053,107273,124819,0
3054,39780,147601,0
3055,47108,25541,0
3056,32241,30507,0
3057,94050,26613,0
3058,93617,46677,0
3059,52575,80106,0
3060,127951,99615,0
3061,1335,120605,0
3062,69901,78828,0
3063,11538,24812,0
3064,18439,132112,0
3065,10374,106495,0
3066,81381,9583,0
3067,96588,123900,0
3068,148228,134310,0
3069,42740,150044,0
3070,30811,145603,0
3071,113157,29431,0
3072,54659,81687,0
3073,42101,143025,0
3074,15969,73199,0
3075,140491,90206,0
3076,60291,51223,0
3077,30350,140567,0
3078,28648,143160,0
3079,79244,19402,0
3080,80225,130664,0
3081,148957,66804,0
3082,56340,149449,0
3083,40625,57555,0
3084,45727,14898,0
3085,27538,37283,0
3086,117542,120410,0
3087,61200,96456,0
3088,154894,119265,0
3089,72229,55163,0
3090,144682,138192,0
3091,100472,113521,0
3092,101162,151890,0
3093,1971,142827,0
3094,68155,9237,0
3095,111531,24152,0
3096,34354,96016,0
3097,82584,53667,0
3098,97042,67556,0
3099,76557,6177,0
3100,3225,106956,0
3101,153421,25189,0
3102,131480,38675,0
3103,59516,83567,0
3104,35725,90303,0
3105,32380,45868,0
3106,85730,153192,0
3107,115432,55970,0
3108,54782,97756,0
3109,94810,118602,0
3110,34134,10404,0
3111,1072,137128,0
3112,37903,112586,0
3113,98821,135907,0
3114,146325,114235,0
3115,55148,67808,0
3116,125822,86417,0
3117,88598,34876,0
3118,132844,57482,0
3119,26891,76297,0
3120,9648,54414,0
3121,98391,138587,0
3122,122133,69825,0
3123,106957,123396,0
3124,123996,36161,0
3125,138522,139353,0
3126,22819,48756,0
3127,52759,4448,0
3128,149813,131056,0
3129,32464,4093,0
3130,10999,125539,0
3131,90629,77746,0
3132,14027,66409,0
3133,89764,43622,0
3134,105992,42728,0
3135,149059,73680,0
3136,7177,6740,0
3137,128515,124641,0
3138,29455,59538,0
3139,105430,147017,0
3140,125864,123405,0
3141,58923,154183,0
3142,26478,42419,0
3143,22553,110631,0
3144,29552,75328,0
3145,52889,16411,0
3146,131742,132436,0
3147,143540,141687,0
3148,51852,23272,0
3149,111435,129125,0
3150,108190,23246,0
3151,91119,140070,0
3152,16979,100044,0
3153,108529,35674,0
3154,15615,108718,0
3155,12960,122081,0
3156,22621,147489,0
3157,128243,38675,0
3158,53985,50418,0
3159,150889,95097,0
3160,25758,110873,0
3161,43742,9697,0
3162,132355,108683,0
3163,154984,58121,0
3164,69345,67252,0
3165,131566,1878,0
3166,155054,4387,0
3167,125970,112185,0
3168,145010,22222,0
3169,141064,60178,0
3170,135992,117909,0
3171,53045,109742,0
3172,73623,61496,0
3173,131438,105340,0
3174,123811,43954,0
3175,140465,131267,0
3176,4835,119858,0
3177,88839,50531,0
3178,62223,118088,0
3179,148493,143330,0
3180,102892,4154,0
3181,120602,79892,0
3182,113477,37319,0
3183,102593,150175,0
3184,141280,21919,0
3185,49812,84161,0
3186,116164,153758,0
3187,151136,96131,0
3188,70215,126639,0
3189,41795,79162,0
3190,129692,78433,0
3191,147741,106074,0
3192,101443,78481,0
3193,114180,71838,0
3194,86958,33259,0
3195,20787,69758,0
3196,115623,129225,0
3197,56979,106806,0
3198,6131,125804,0
3199,107937,59809,0
3200,12008,83505,0
3201,93104,108688,0
3202,83246,41045,0
3203,47747,110322,0
3204,35689,14944,0
3205,82332,118917,0
3206,9666,126293,0
3207,5595,43005,0
3208,96534,110344,0
3209,27767,59069,0
3210,126166,49353,0
3211,58083,51107,0
3212,47729,80049,0
3213,97147,17185,0
3214,76530,49047,0
3215,52114,109755,0
3216,68117,3476,0
3217,107716,90238,0
3218,112261,27888,0
3219,19461,91659,0
3220,3240,143729,0
3221,103976,88118,0
3222,104029,119855,0
3223,92964,33507,0
3224,22276,119630,0
3225,93667,147262,0
3226,114299,29859,0
3227,52654,75922,0
3228,48834,19920,0
3229,83232,21819,0
3230,125804,4979,0
3231,126472,7735,0
3232,115645,136071,0
3233,22824,43110,0
3234,66156,109630,0
3235,48418,123739,0
3236,39161,11402,0
3237,72873,39238,0
3238,621,138086,0
3239,148137,65010,0
3240,30125,20515,0
3241,121138,36177,0
3242,7159,110780,0
3243,150915,47564,0
3244,7599,119161,0
3245,57996,94881,0
3246,63567,78539,0
3247,66651,45430,0
3248,136334,13253,0
3249,52065,38400,0
3250,95514,77645,0
3251,82314,24496,0
3252,113530,145783,0
3253,152237,115281,0
3254,110973,34397,0
3255,41521,137884,0
3256,140821,58880,0
3257,94563,139738,0
3258,125040,136600,0
3259,26783,49426,0
3260,32824,10517,0
3261,106317,906,0
3262,92524,64357,0
3263,40690,43375,0
3264,86699,91035,0
3265,99903,73457,0
3266,4062,106478,0
3267,106081,72973,0
3268,67043,21239,0
3269,49876,133470,0
3270,22379,136311,0
3271,91908,64260,0
3272,77895,40732,0
3273,82231,13747,0
3274,12161,135851,0
3275,149633,151046,0
3276,47052,147721,0
3277,33976,130564,0
3278,112088,41103,0
3279,51757,76838,0
3280,109741,71860,0
3281,47007,104345,0
3282,94003,62731,0
3283,65643,80199,0
3284,14092,38732,0
3285,70487,124513,0
3286,94515,79221,0
3287,144083,63011,0
3288,128922,130753,0
3289,100237,89232,0
3290,29265,45131,0
3291,137593,23047,0
3292,144715,130397,0
3293,10520,38560,0
3294,3491,116381,0
3295,93132,112221,0
3296,111178,107947,0
3297,81873,136987,0
3298,127390,123470,0
3299,93513,19369,0
3300,64124,61010,0
3301,50329,50738,0
3302,149601,102377,0
3303,104171,87733,0
3304,28742,11687,0
3305,134785,47037,0
3306,91674,39825,0
3307,124351,110982,0
3308,141067,68696,0
3309,104404,56749,0
3310,5133,60415,0
3311,42750,36551,0
3312,8594,95239,0
3313,127184,111533,0
3314,50358,84501,0
3315,75515,59884,0
3316,83088,57388,0
3317,66226,114167,0
3318,78281,5510,0
3319,120156,18970,0
3320,82762,25763,0
3321,147690,43015,0
3322,70682,128901,0
3323,139488,111161,0
3324,60974,152023,0
3325,100758,715,0
3326,82598,134740,0
3327,18074,107006,0
3328,1697,72982,0
3329,65150,963,0
3330,64185,13712,0
3331,82275,147057,0
3332,32266,15935,0
3333,37774,99238,0
3334,127324,56080,0
3335,7858,37585,0
3336,56668,123149,0
3337,112136,154713,0
3338,87522,10534,0
3339,102017,32009,0
3340,49820,108936,0
3341,143312,52200,0
3342,102818,122226,0
3343,31360,113000,0
3344,140537,36973,0
3345,51224,82823,0
3346,143137,87894,0
3347,10049,12777,0
3348,132789,148854,0
3349,66405,35661,0
3350,102617,129660,0
3351,53721,136356,0
3352,107343,116282,0
3353,75046,51048,0
3354,115811,82739,0
3355,54772,12097,0
3356,118838,152019,0
3357,113401,80702,0
3358,76954,9868,0
3359,82314,141083,0
3360,93321,153890,0
3361,98427,77461,0
3362,23765,41905,0
3363,89173,77543,0
3364,26493,64718,0
3365,72726,100165,0
3366,77496,58795,0
3367,121926,2847,0
3368,35582,123192,0
3369,91821,149976,0
3370,79217,82525,0
3371,93857,43454,0
3372,48369,113808,0
3373,135026,84440,0
3374,147047,100254,0
3375,56707,105126,0
3376,77529,36174,0
3377,154340,64746,0
3378,33822,133467,0
3379,14902,147815,0
3380,28553,24531,0
3381,40291,71812,0
3382,83638,23227,0
3383,131500,50134,0
3384,131893,36634,0
3385,76043,143956,0
3386,75062,61987,0
3387,63486,107854,0
3388,139628,77322,0
3389,97869,30435,0
3390,61956,11340,0
3391,4253,140083,0
3392,45707,154866,0
3393,106411,132174,0
3394,119156,145292,0
3395,41229,101107,0
3396,37581,42240,0
3397,27671,52652,0
3398,154384,134673,0
3399,9352,84328,0
3400,139317,57085,0
3401,134975,60790,0
3402,45864,95984,0
3403,94873,118522,0
3404,148235,149194,0
3405,98348,96836,0
3406,57333,13630,0
3407,103552,126874,0
3408,7049,107436,0
3409,67977,110366,0
3410,57189,107535,0
3411,5531,11288,0
3412,29233,119473,0
3413,2790,56658,0
3414,84038,30971,0
3415,100583,28281,0
3416,72963,113582,0
3417,117822,121679,0
3418,105155,36995,0
3419,30819,44522,0
3420,84591,63345,0
3421,89546,145728,0
3422,145174,5074,0
3423,146505,136175,0
3424,19026,112923,0
3425,122014,91599,0
3426,140569,135825,0
3427,131317,147788,0
3428,135379,59444,0
3429,34333,90402,0
3430,82415,66048,0
3431,97589,141133,0
3432,87795,47283,0
3433,31693,16456,0
3434,6521,27732,0
3435,87551,146886,0
3436,81859,100825,0
3437,64783,92307,0
3438,149634,118819,0
3439,113041,78481,0
3440,6461,69531,0
3441,122349,117393,0
3442,5912,3247,0
3443,99134,26488,0
3444,80308,30317,0
3445,117025,146598,0
3446,25264,48615,0
3447,87216,80515,0
3448,124124,133681,0
3449,23627,83616,0
3450,90050,75058,0
3451,97172,53516,0
3452,27515,145014,0
3453,57336,133383,0
3454,19005,96935,0
3455,77510,12746,0
3456,63962,3278,0
3457,6372,75624,0
3458,68638,76287,0
3459,76921,123411,0
3460,33291,96711,0
3461,59606,40169,0
3462,147946,144219,0
3463,109840,51375,0
3464,139548,120369,0
3465,133989,149569,0
3466,119863,117740,0
3467,141481,146562,0
3468,24668,37,0
3469,95832,56698,0
3470,5643,135199,0
3471,55957,12893,0
3472,52912,6517,0
3473,59866,10090,0
3474,128406,8091,0
3475,15361,39973,0
3476,21206,152961,0
3477,15216,7190,0
3478,110860,47776,0
3479,110740,37138,0
3480,90231,149280,0
3481,125204,118142,0
3482,61595,36039,0
3483,13981,1941,0
3484,152012,106150,0
3485,15533,69896,0
3486,26702,141970,0
3487,120022,2969,0
3488,66394,101906,0
3489,61148,138945,0
3490,130225,32855,0
3491,43517,55475,0
3492,76442,31200,0
3493,138403,82208,0
3494,9177,144544,0
3495,20663,3221,0
3496,127233,96011,0
3497,128431,60681,0
3498,41460,143395,0
3499,120009,121480,0
3500,33238,73185,0
3501,135537,66667,0
3502,121165,62677,0
3503,69887,127438,0
3504,46663,57242,0
3505,104297,16598,0
3506,109772,6215,0
3507,9968,50352,0
3508,152652,74448,0
3509,86723,69456,0
3510,149063,111196,0
3511,123493,118014,0
3512,122224,19911,0
3513,47082,128424,0
3514,84490,149322,0
3515,81526,112986,0
3516,95974,96735,0
3517,937,66771,0
3518,80298,141139,0
3519,69496,61770,0
3520,43158,25947,0
3521,47947,100522,0
3522,101585,130999,0
3523,86816,138158,0
3524,13561,112708,0
3525,97115,63852,0
3526,104510,28043,0
3527,62392,55198,0
3528,152060,122550,0
3529,111174,153515,0
3530,150428,1094,0
3531,72247,37243,0
3532,23502,20133,0
3533,133820,79253,0
3534,75132,87258,0
3535,68456,146185,0
3536,27515,93373,0
3537,19003,149401,0
3538,88279,83036,0
3539,2330,68528,0
3540,142096,65002,0
3541,3969,188,0
3542,90404,111917,0
3543,61358,58399,0
3544,52366,92376,0
3545,151034,142586,0
3546,46141,115839,0
3547,14039,127782,0
3548,70075,73832,0
3549,1154,97988,0
3550,121134,114202,0
3551,16495,115044,0
3552,92838,142812,0
3553,73552,120386,0
3554,98876,60948,0
3555,21808,69933,0
3556,83103,38577,0
3557,34354,153832,0
3558,21695,57364,0
3559,26944,12078,0
3560,109652,6386,0
3561,96826,148639,0
3562,44052,77501,0
3563,69275,75713,0
3564,27462,10667,0
3565,73024,126183,0
3566,117850,3297,0
3567,48852,115292,0
3568,132198,137338,0
3569,76900,20946,0
3570,69569,28299,0
3571,67698,58948,0
3572,123818,80129,0
3573,16325,153431,0
3574,101773,37754,0
3575,41258,62,0
3576,122686,130711,0
3577,60885,94746,0
3578,154269,113982,0
3579,127072,46332,0
3580,62815,25877,0
3581,60793,125921,0
3582,101522,82325,0
3583,78165,138006,0
3584,127717,102997,0
3585,93503,149300,0
3586,110496,125217,0
3587,52195,74495,0
3588,84593,139974,0
3589,70866,59749,0
3590,89647,10518,0
3591,130755,117957,0
3592,54927,23071,0
3593,29096,67737,0
3594,146380,56228,0
3595,7928,125869,0
3596,153806,54665,0
3597,100906,33955,0
3598,97591,13757,0
3599,99161,27006,0
3600,118470,33288,0
3601,122965,74758,0
3602,8063,123645,0
3603,58652,55359,0
3604,27056,7816,0
3605,127273,40853,0
3606,145698,5766,0
3607,10422,77962,0
3608,154738,80697,0
3609,97569,129564,0
3610,67513,68059,0
3611,109350,24677,0
3612,120156,111621,0
3613,10034,33420,0
3614,127101,154072,0
3615,131266,18892,0
3616,107653,7304,0
3617,79553,96130,0
3618,11480,110753,0
3619,13123,54423,0
3620,47816,20476,0
3621,117340,65056,0
3622,93896,142451,0
3623,88557,154642,0
3624,96649,66380,0
3625,147567,126947,0
3626,110408,120667,0
3627,54108,111024,0
3628,27665,33377,0
3629,141259,104418,0
3630,149446,113651,0
3631,92313,23137,0
3632,4678,123921,0
3633,100893,21640,0
3634,114684,96549,0
3635,76288,144963,0
3636,88846,25520,0
3637,82348,133828,0
3638,76953,154787,0
3639,63617,20858,0
3640,1789,17282,0
3641,8712,140760,0
3642,111139,95587,0
3643,148031,67845,0
3644,103363,17171,0
3645,153822,95045,0
3646,19480,118151,0
3647,35518,30916,0
3648,28291,115620,0
3649,4159,84911,0
3650,57637,142588,0
3651,137506,118475,0
3652,77129,138481,0
3653,114921,104763,0
3654,43330,135040,0
3655,125230,121437,0
3656,44705,91951,0
3657,131332,99927,0
3658,128533,128877,0
3659,90017,64519,0
3660,19441,30254,0
3661,121460,36686,0
3662,16108,64888,0
3663,36222,58447,0
3664,125231,105624,0
3665,148279,94574,0
3666,57433,72669,0
3667,145005,154522,0
3668,6005,119027,0
3669,127638,46784,0
3670,18226,90435,0
3671,105913,49038,0
3672,53159,93611,0
3673,111580,63002,0
3674,112819,152386,0
3675,28726,19426,0
3676,147343,72181,0
3677,127961,55745,0
3678,112288,27101,0
3679,56718,138790,0
3680,113385,47150,0
3681,139408,8842,0
3682,95842,154909,0
3683,75540,39708,0
3684,22750,107299,0
3685,43591,127775,0
3686,26697,106628,0
3687,6734,41367,0
3688,128345,143214,0
3689,44574,16745,0
3690,44113,152067,0
3691,27662,83405,0
3692,151288,35276,0
3693,85900,39330,0
3694,60480,85991,0
3695,131257,62934,0
3696,28119,19046,0
3697,127468,139491,0
3698,144039,66335,0
3699,17684,117278,0
3700,136566,63345,0
3701,110316,84393,0
3702,5112,122281,0
3703,109730,9585,0
3704,56528,88298,0
3705,20710,86843,0
3706,64559,143824,0
3707,121908,87686,0
3708,138298,13489,0
3709,78659,39050,0
3710,75970,103131,0
3711,7405,148067,0
3712,50996,129746,0
3713,3783,86643,0
3714,41849,145999,0
3715,132770,38208,0
3716,89665,56168,0
3717,129849,121804,0
3718,65379,52565,0
3719,50432,31918,0
3720,70028,14872,0
3721,140069,51932,0
3722,138442,142319,0
3723,118413,21334,0
3724,24696,95290,0
3725,153493,113466,0
3726,42093,81933,0
3727,145769,124831,0
3728,70036,96357,0
3729,47443,41717,0
3730,93599,30557,0
3731,124917,132745,0
3732,59954,47874,0
3733,8786,28567,0
3734,73972,53308,0
3735,60678,8729,0
3736,87707,58126,0
3737,80288,4371,0
3738,28215,66392,0
3739,61659,71679,0
3740,111021,126717,0
3741,134916,51380,0
3742,31471,60030,0
3743,30115,67124,0
3744,41346,4621,0
3745,39286,87069,0
3746,31781,136400,0
3747,94264,75678,0
3748,55902,57306,0
3749,131686,132029,0
3750,117641,141286,0
3751,104299,35752,0
3752,63298,68308,0
3753,73551,36923,0
3754,5860,70626,0
3755,2744,3346,0
3756,94769,142601,0
3757,31566,153587,0
3758,118738,62272,0
3759,58559,113031,0
3760,20310,63237,0
3761,9591,67904,0
3762,11825,140715,0
3763,26023,50010,0
3764,113801,131885,0
3765,23728,109132,0
3766,45939,102926,0
3767,26793,48597,0
3768,153993,54232,0
3769,102832,43609,0
3770,38518,116984,0
3771,3392,120181,0
3772,55214,19029,0
3773,56960,129568,0
3774,27555,1585,0
3775,118460,93613,0
3776,75899,87646,0
3777,284,105722,0
3778,10048,133080,0
3779,2796,126999,0
3780,15426,64554,0
3781,72244,11140,0
3782,105548,94016,0
3783,114918,49076,0
3784,120373,23366,0
3785,15471,55153,0
3786,110756,137579,0
3787,1206,122687,0
3788,132336,14112,0
3789,66262,62642,0
3790,8,147519,0
3791,135645,90068,0
3792,100608,86078,0
3793,93029,96625,0
3794,63699,14433,0
3795,43693,151555,0
3796,42076,147641,0
3797,2491,78381,0
3798,37930,30183,0
3799,56866,26599,0
3800,118113,78783,0
3801,30877,3572,0
3802,98130,3948,0
3803,36537,115434,0
3804,18844,6879,0
3805,90015,19423,0
3806,23309,107787,0
3807,88078,60310,0
3808,145790,36375,0
3809,22079,120551,0
3810,124481,15270,0
3811,140999,22488,0
3812,153413,35679,0
3813,7050,38525,0
3814,76558,132036,0
3815,121735,60638,0
3816,135345,98360,0
3817,103570,126940,0
3818,2830,99896,0
3819,29625,66543,0
3820,100561,53624,0
3821,69341,121336,0
3822,66698,78649,0
3823,44487,17752,0
3824,96149,74127,0
3825,105255,124157,0
3826,55973,144390,0
3827,120218,94338,0
3828,134218,137835,0
3829,131177,32502,0
3830,131855,136009,0
3831,69940,99325,0
3832,139787,125968,0
3833,24886,43243,0
3834,73240,34301,0
3835,31008,150841,0
3836,89435,70596,0
3837,87055,73109,0
3838,20502,25851,0
3839,93482,99698,0
3840,79077,32037,0
3841,19229,18014,0
3842,96481,25358,0
3843,16478,59492,0
3844,34519,8614,0
3845,44067,9509,0
3846,120217,38695,0
3847,146872,39431,0
3848,11151,9632,0
3849,63043,92470,0
3850,125336,97215,0
3851,21818,136043,0
3852,35832,102563,0
3853,22107,114312,0
3854,125931,43297,0
3855,134741,73467,0
3856,75430,148586,0
3857,82106,101986,0
3858,143267,17723,0
3859,52427,4422,0
3860,75721,49769,0
3861,116038,129274,0
3862,27054,18217,0
3863,19115,133098,0
3864,115022,133510,0
3865,133672,81714,0
3866,139946,26658,0
3867,83166,117452,0
3868,19752,87399,0
3869,77517,37648,0
3870,22215,64031,0
3871,11849,126925,0
3872,84591,84517,0
3873,127532,88149,0
3874,9069,62952,0
3875,113090,13766,0
3876,85551,24136,0
3877,1668,90138,0
3878,94559,136102,0
3879,54760,130873,0
3880,128673,96378,0
3881,22025,88937,0
3882,141275,1656,0
3883,83850,150776,0
3884,54678,148995,0
3885,83102,25462,0
3886,37030,141719,0
3887,59516,18704,0
3888,24293,19293,0
3889,105673,98350,0
3890,114238,101425,0
3891,136846,11311,0
3892,78799,75332,0
3893,126337,132190,0
3894,5554,10538,0
3895,41365,144272,0
3896,73908,59876,0
3897,147690,93734,0
3898,113601,147741,0
3899,107400,60402,0
3900,130735,40092,0
3901,118170,150669,0
3902,69818,146625,0
3903,99462,133204,0
3904,13514,143519,0
3905,127011,103167,0
3906,73117,13941,0
3907,16631,35442,0
3908,8830,7921,0
3909,17280,111947,0
3910,13557,35517,0
3911,135488,147920,0
3912,71668,88572,0
3913,7256,116566,0
3914,150631,6486,0
3915,102516,98618,0
3916,86642,102847,0
3917,50342,112672,0
3918,117348,40596,0
3919,123583,121126,0
3920,14946,146257,0
3921,39020,34463,0
3922,79469,29396,0
3923,133235,39702,0
3924,68698,88704,0
3925,96507,68267,0
3926,125658,36966,0
3927,81784,3817,0
3928,91161,65214,0
3929,151928,76935,0
3930,84077,30647,0
3931,20270,59544,0
3932,66034,7675,0
3933,4579,36909,0
3934,110630,131548,0
3935,142009,51092,0
3936,99939,111012,0
3937,17364,152231,0
3938,77347,5890,0
3939,69267,131667,0
3940,55699,92293,0
3941,3694,21816,0
3942,19352,43149,0
3943,45140,144154,0
3944,38373,61786,0
3945,71410,38102,0
3946,23727,64787,0
3947,33803,96604,0
3948,91358,79448,0
3949,102762,27588,0
3950,84880,69499,0
3951,48601,147207,0
3952,12937,137375,0
3953,114003,128371,0
3954,124303,25713,0
3955,120824,5615,0
3956,152479,132127,0
3957,31386,22044,0
3958,37040,98571,0
3959,37182,151386,0
3960,2252,140112,0
3961,91410,42936,0
3962,92043,63829,0
3963,25026,93800,0
3964,63652,141501,0
3965,154373,75978,0
3966,53944,3497,0
3967,76075,86398,0
3968,132070,40125,0
3969,8606,151106,0
3970,72112,5880,0
3971,31051,78376,0
3972,49514,21375,0
3973,127498,94659,0
3974,34698,123685,0
3975,7303,23054,0
3976,105355,139813,0
3977,120496,14939,0
3978,150996,144802,0
3979,77763,152845,0
3980,139624,117373,0
3981,21065,100817,0
3982,726,61352,0
3983,123306,117412,0
3984,3555,146128,0
3985,136517,69040,0
3986,84757,3369,0
3987,139629,122389,0
3988,104024,26242,0
3989,80454,103893,0
3990,12495,28545,0
3991,130377,131236,0
3992,129015,56473,0
3993,29900,116544,0
3994,8303,109201,0
3995,21067,49215,0
3996,35151,87323,0
3997,69705,53690,0
3998,274,61549,0
3999,107266,124568,0
4000,79356,95317,0
4001,40168,51854,0
4002,36190,103566,0
4003,112738,25381,0
4004,96679,34326,0
4005,43242,69346,0
4006,7691,88809,0
4007,28628,145771,0
4008,12741,148706,0
4009,21740,7736,0
4010,73316,26165,0
4011,154569,118003,0
4012,120487,112602,0
4013,131325,116102,0
4014,148708,66615,0
4015,24728,114431,0
4016,126977,31451,0
4017,6807,117384,0
4018,484,20760,0
4019,33058,33398,0
4020,141853,2078,0
4021,22452,12371,0
4022,10986,90444,0
4023,37235,94136,0
4024,33208,112951,0
4025,36913,92279,0
4026,152228,77158,0
4027,120977,96645,0
4028,155128,72562,0
4029,76378,108759,0
4030,128377,108526,0
4031,8395,41857,0
4032,133991,73120,0
4033,11115,141879,0
4034,21796,124856,0
4035,75043,85324,0
4036,98387,117524,0
4037,38279,39033,0
4038,19039,138165,0
4039,150749,119774,0
4040,150696,90711,0
4041,26083,131788,0
4042,147697,111627,0
4043,101111,75978,0
4044,55365,70478,0
4045,51823,64112,0
4046,64738,148051,0
4047,37002,44134,0
4048,7842,77373,0
4049,85224,132775,0
4050,5725,150034,0
4051,9641,73237,0
4052,150141,9100,0
4053,19342,62190,0
4054,129195,97669,0
4055,139749,117817,0
4056,78908,82749,0
4057,25121,30156,0
4058,64557,49398,0
4059,112276,105056,0
4060,47290,67099,0
4061,73192,128719,0
4062,107547,136108,0
4063,49422,153613,0
4064,19982,30786,0
4065,131627,101186,0
4066,66163,61973,0
4067,52091,119332,0
4068,122585,100191,0
4069,82450,113997,0
4070,112094,30052,0
4071,74183,1604,0
4072,11277,32620,0
4073,35356,50304,0
4074,25334,148080,0
4075,9285,84550,0
4076,50178,79741,0
4077,116893,134078,0
4078,142963,112893,0
4079,24881,23048,0
4080,80941,50678,0
4081,72774,128900,0
4082,132054,33465,0
4083,63116,136358,0
4084,61258,132429,0
4085,21837,142529,0
4086,67903,79103,0
4087,48266,3873,0
4088,41778,79599,0
4089,72251,17086,0
4090,42038,73746,0
4091,20819,46722,0
4092,29653,140509,0
4093,127826,65697,0
4094,141261,102700,0
4095,127864,72700,0
4096,113605,62296,0
4097,39889,17611,0
4098,138919,83567,0
4099,80412,94213,0
4100,30569,70942,0
4101,51809,2887,0
4102,123046,123570,0
4103,137453,29588,0
4104,55859,83631,0
4105,57307,145157,0
4106,71980,56712,0
4107,91944,125416,0
4108,135519,138292,0
4109,29251,79551,0
4110,56787,98336,0
4111,20787,84345,0
4112,124711,149847,0
4113,4646,78766,0
4114,64435,2307,0
4115,121660,141758,0
4116,34132,57251,0
4117,146812,62033,0
4118,152701,14393,0
4119,107958,42952,0
4120,69718,85573,0
4121,19448,135343,0
4122,94951,88984,0
4123,149424,1365,0
4124,92410,4283,0
4125,10466,57847,0
4126,95315,154966,0
4127,118384,21501,0
4128,126101,23442,0
4129,105928,15068,0
4130,96033,42097,0
4131,4950,13476,0
4132,144216,93400,0
4133,39991,107311,0
4134,123201,125132,0
4135,121411,853,0
4136,9191,104775,0
4137,41408,56196,0
4138,31051,61866,0
4139,30657,53205,0
4140,12559,52274,0
4141,130210,24772,0
4142,103390,1291,0
4143,82977,110213,0
4144,136426,62192,0
4145,109926,117531,0
4146,123849,154108,0
4147,104768,82175,0
4148,58755,59660,0
4149,100389,152996,0
4150,49613,124205,0
4151,12074,71979,0
4152,104632,86655,0
4153,36962,4448,0
4154,135658,107681,0
4155,132617,21017,0
4156,52326,116443,0
4157,21645,41244,0
4158,24813,88340,0
4159,135003,106527,0
4160,125102,88975,0
4161,68727,76838,0
4162,38647,140356,0
4163,88216,5215,0
4164,108691,130455,0
4165,103406,97339,0
4166,91811,116835,0
4167,111929,25156,0
4168,109032,150505,0
4169,113343,147611,0
4170,49059,44430,0
4171,28633,154887,0
4172,99559,5217,0
4173,56718,112494,0
4174,60416,143684,0
4175,113880,83053,0
4176,107203,100362,0
4177,11899,4441,0
4178,104652,31150,0
4179,116198,121871,0
4180,133713,73913,0
4181,11102,150064,0
4182,40636,142210,0
4183,97521,105802,0
4184,91460,47249,0
4185,47194,34026,0
4186,76804,32720,0
4187,100259,38482,0
4188,96425,389,0
4189,39150,55984,0
4190,27598,22158,0
4191,111181,126334,0
4192,102314,74903,0
4193,97909,57586,0
4194,148700,101434,0
4195,80676,90233,0
4196,154935,25239,0
4197,78745,150235,0
4198,41948,80798,0
4199,146772,118129,0
4200,140957,148002,0
4201,62669,6720,0
4202,70817,113785,0
4203,35993,31821,0
4204,16583,67295,0
4205,8265,40007,0
4206,139123,117479,0
4207,115530,18549,0
4208,44131,35647,0
4209,45228,21422,0
4210,41701,116281,0
4211,56865,102949,0
4212,93447,97921,0
4213,61217,54270,0
4214,107764,27757,0
4215,93417,36035,0
4216,77007,20146,0
4217,59418,95192,0
4218,149881,129256,0
4219,4209,16335,0
4220,93937,36917,0
4221,131404,40280,0
4222,85938,58302,0
4223,66152,52378,0
4224,12281,43026,0
4225,37601,104444,0
4226,27178,68244,0
4227,12719,61898,0
4228,28492,86404,0
4229,110,52856,0
4230,15858,30845,0
4231,3587,27159,0
4232,117430,20718,0
4233,66069,69807,0
4234,76442,40181,0
4235,142681,149439,0
4236,70416,146746,0
4237,103818,128608,0
4238,89087,135356,0
4239,44625,7367,0
4240,34571,64692,0
4241,81781,10600,0
4242,59471,79735,0
4243,58694,103649,0
4244,114299,12667,0
4245,2021,108639,0
4246,22226,4853,0
4247,111238,37643,0
4248,81419,92312,0
4249,58529,69121,0
4250,13339,72282,0
4251,60344,77974,0
4252,9373,14205,0
4253,3214,63673,0
4254,133940,139690,0
4255,138402,11967,0
4256,7042,36193,0
4257,97234,5757,0
4258,5060,19496,0
4259,63731,73581,0
4260,24956,66708,0
4261,131820,147333,0
4262,149668,16158,0
4263,79191,147020,0
4264,44096,20873,0
4265,40290,154015,0
4266,25476,69412,0
4267,65061,82634,0
4268,99505,30697,0
4269,44627,27044,0
4270,91618,111522,0
4271,38876,107413,0
4272,37707,65885,0
4273,99559,20968,0
4274,52330,147111,0
4275,91293,20369,0
4276,143930,112216,0
4277,150412,3189,0
4278,13622,147728,0
4279,2509,66111,0
4280,81569,89023,0
4281,75729,111301,0
4282,640,41623,0
4283,108107,54568,0
4284,106432,123585,0
4285,36254,74122,0
4286,63869,102742,0
4287,111514,108851,0
4288,115746,47743,0
4289,142202,51456,0
4290,92006,97793,0
4291,125623,62916,0
4292,20206,8042,0
4293,108529,101711,0
4294,141908,144607,0
4295,87118,57923,0
4296,90539,56821,0
4297,76659,28852,0
4298,108697,55372,0
4299,63471,97082,0
4300,69747,2792,0
4301,106120,31341,0
4302,6052,78340,0
4303,132955,29192,0
4304,23706,145640,0
4305,66204,19770,0
4306,19510,150370,0
4307,93061,126759,0
4308,148745,79822,0
4309,32443,7692,0
4310,65366,67465,0
4311,57403,4846,0
4312,77225,5851,0
4313,60113,133517,0
4314,7850,121839,0
4315,49888,103816,0
4316,1765,43306,0
4317,37218,84271,0
4318,99457,782,0
4319,65767,43036,0
4320,87274,130215,0
4321,22938,79513,0
4322,78244,84052,0
4323,104139,56544,0
4324,112843,96050,0
4325,143981,112309,0
4326,136084,134587,0
4327,38288,6280,0
4328,151725,53585,0
4329,23686,92359,0
4330,117475,48427,0
4331,112772,16016,0
4332,137380,4721,0
4333,55409,46934,0
4334,120200,122769,0
4335,85583,29520,0
4336,133577,64862,0
4337,47899,37817,0
4338,24598,19175,0
4339,49261,40727,0
4340,21393,113786,0
4341,111466,95995,0
4342,21884,77116,0
4343,75665,98368,0
4344,5514,7093,0
4345,47802,138060,0
4346,75123,147116,0
4347,148735,69061,0
4348,58394,91147,0
4349,31802,152909,0
4350,86736,102662,0
4351,100224,153955,0
4352,60538,64347,0
4353,102504,62731,0
4354,51202,77145,0
4355,3267,39583,0
4356,18891,45663,0
4357,90986,69268,0
4358,133553,141362,0
4359,104612,85635,0
4360,105714,47599,0
4361,134213,19047,0
4362,29540,120598,0
4363,126961,12684,0
4364,8532,72920,0
4365,62679,86755,0
4366,9968,39767,0
4367,135069,119338,0
4368,150589,63581,0
4369,96843,11667,0
4370,77700,63464,0
4371,127689,2583,0
4372,78029,96901,0
4373,36811,59359,0
4374,113309,66776,0
4375,147397,76383,0
4376,31068,27159,0
4377,70588,85250,0
4378,49454,68393,0
4379,140591,142950,0
4380,122633,24591,0
4381,97073,90308,0
4382,43065,148308,0
4383,64896,106564,0
4384,51180,137899,0
4385,83962,149388,0
4386,51300,53928,0
4387,115254,45120,0
4388,73616,126011,0
4389,76060,104745,0
4390,29407,138854,0
4391,31807,91192,0
4392,21601,26278,0
4393,50250,55319,0
4394,55503,129451,0
4395,66119,52727,0
4396,136755,428,0
4397,116486,98554,0
4398,19355,40666,0
4399,94122,4814,0
4400,80545,146904,0
4401,125247,56259,0
4402,46731,106379,0
4403,30823,99613,0
4404,78804,150346,0
4405,120422,130218,0
4406,107673,2054,0
4407,13022,40825,0
4408,142857,131314,0
4409,100504,37111,0
4410,25796,32455,0
4411,66918,114425,0
4412,5930,136701,0
4413,122122,62070,0
4414,82345,149483,0
4415,44691,145666,0
4416,67996,34816,0
4417,129047,85024,0
4418,8106,124079,0
4419,13686,17113,0
4420,68828,110997,0
4421,17506,113497,0
4422,27227,144097,0
4423,106675,44161,0
4424,20704,103429,0
4425,16377,122928,0
4426,116298,27330,0
4427,100368,27106,0
4428,87622,148189,0
4429,127592,99799,0
4430,105366,32087,0
4431,32680,22603,0
4432,90538,23460,0
4433,90054,125908,0
4434,141866,5855,0
4435,11529,70198,0
4436,143559,19061,0
4437,3434,136958,0
4438,16147,12362,0
4439,115564,58657,0
4440,57690,25763,0
4441,42155,75475,0
4442,33071,10892,0
4443,132920,144571,0
4444,91900,8325,0
4445,53847,87307,0
4446,111649,68452,0
4447,42644,25092,0
4448,65946,92062,0
4449,80894,90522,0
4450,79373,110081,0
4451,55194,122159,0
4452,133991,77246,0
4453,54916,78898,0
4454,130759,11543,0
4455,101958,131208,0
4456,81929,132709,0
4457,110788,115327,0
4458,115856,109303,0
4459,40648,15433,0
4460,78357,33525,0
4461,23594,102060,0
4462,47418,133311,0
4463,97290,31813,0
4464,92139,31169,0
4465,146224,49587,0
4466,38799,568,0
4467,55222,2599,0
4468,19892,39411,0
4469,9212,130700,0
4470,91567,1774,0
4471,154358,30011,0
4472,139612,114745,0
4473,112020,119716,0
4474,97455,30580,0
4475,1884,30643,0
4476,4835,80667,0
4477,25195,112936,0
4478,86678,38596,0
4479,60465,67727,0
4480,61600,129741,0
4481,32765,74016,0
4482,76978,49584,0
4483,18853,39998,0
4484,153437,55985,0
4485,47772,77715,0
4486,53915,124173,0
4487,26757,34312,0
4488,92408,21070,0
4489,118438,104343,0
4490,148696,138882,0
4491,52232,39087,0
4492,125589,83091,0
4493,42406,147294,0
4494,50986,95526,0
4495,101810,144364,0
4496,64515,11508,0
4497,42472,95349,0
4498,72002,120140,0
4499,86315,132255,0
4500,4761,68619,0
4501,144563,42816,0
4502,69625,61192,0
4503,115803,80397,0
4504,137147,124465,0
4505,137193,1900,0
4506,666,67911,0
4507,66723,130702,0
4508,153671,92149,0
4509,43841,13535,0
4510,71036,24639,0
4511,104267,137857,0
4512,103956,33965,0
4513,5760,110783,0
4514,85476,108871,0
4515,97511,137853,0
4516,94308,145436,0
4517,44794,32360,0
4518,146950,106236,0
4519,8297,84081,0
4520,127580,142495,0
4521,153816,138124,0
4522,31122,22417,0
4523,115880,99115,0
4524,68333,10194,0
4525,108633,112455,0
4526,80959,87328,0
4527,103923,88212,0
4528,29653,140420,0
4529,10426,108545,0
4530,30622,72168,0
4531,49961,150115,0
4532,67141,83923,0
4533,31866,55466,0
4534,95970,107979,0
4535,146036,148917,0
4536,137764,88373,0
4537,31662,86452,0
4538,144707,87563,0
4539,23573,86848,0
4540,63827,151449,0
4541,143242,71168,0
4542,70026,82159,0
4543,70336,39661,0
4544,85553,29305,0
4545,75874,20782,0
4546,95973,110730,0
4547,29132,126084,0
4548,100797,131909,0
4549,120573,10760,0
4550,48310,83535,0
4551,46596,113163,0
4552,18138,150372,0
4553,120693,59976,0
4554,22723,142296,0
4555,6554,24482,0
4556,35105,124453,0
4557,19374,84766,0
4558,16160,75536,0
4559,131846,96731,0
4560,66792,88941,0
4561,11462,42793,0
4562,27969,136411,0
4563,46010,154128,0
4564,6277,87068,0
4565,89866,97135,0
4566,91231,54771,0
4567,20231,43109,0
4568,82155,29048,0
4569,55398,144782,0
4570,84725,80103,0
4571,23279,65134,0
4572,22038,98048,0
4573,39314,11088,0
4574,38625,114333,0
4575,127352,124001,0
4576,121792,20184,0
4577,77462,14617,0
4578,147741,99050,0
4579,12167,122000,0
4580,108104,4572,0
4581,11252,73538,0
4582,143221,41118,0
4583,68794,142445,0
4584,82660,47645,0
4585,78107,35077,0
4586,63144,714,0
4587,86327,72053,0
4588,27195,46467,0
4589,113556,136906,0
4590,105221,107495,0
4591,153171,3313,0
4592,71798,27068,0
4593,98718,73964,0
4594,100003,83667,0
4595,15650,111834,0
4596,17377,150831,0
4597,108620,90818,0
4598,78931,120946,0
4599,118864,121758,0
4600,82067,28409,0
4601,122449,122094,0
4602,138788,29673,0
4603,148904,131867,0
4604,18064,61893,0
4605,107890,47964,0
4606,245,61437,0
4607,148005,91033,0
4608,371,32810,0
4609,127510,146399,0
4610,141174,69853,0
4611,88684,116508,0
4612,153557,52374,0
4613,773,32575,0
4614,136864,10137,0
4615,68904,45779,0
4616,119842,105124,0
4617,17697,54972,0
4618,74693,33629,0
4619,56495,103626,0
4620,152396,108969,0
4621,138504,142423,0
4622,84157,70892,0
4623,67673,41334,0
4624,36616,139302,0
4625,57420,105772,0
4626,12051,146982,0
4627,15257,97547,0
4628,31699,24030,0
4629,131647,15784,0
4630,122856,60195,0
4631,108908,50803,0
4632,69275,25498,0
4633,37791,66412,0
4634,21337,28846,0
4635,23925,117463,0
4636,106472,66080,0
4637,44081,90074,0
4638,122744,103043,0
4639,62794,23366,0
4640,17172,101094,0
4641,122274,5238,0
4642,26961,73258,0
4643,93189,93036,0
4644,32693,47438,0
4645,21107,34415,0
4646,64492,142891,0
4647,28265,101976,0
4648,32441,147519,0
4649,132789,128245,0
4650,118919,88373,0
4651,53800,58095,0
4652,131648,10383,0
4653,133899,13395,0
4654,114870,108531,0
4655,42308,57817,0
4656,113503,66324,0
4657,41886,143889,0
4658,69467,145540,0
4659,106711,49069,0
4660,30558,118863,0
4661,51171,142445,0
4662,69407,91202,0
4663,137316,76446,0
4664,60182,105126,0
4665,1296,7509,0
4666,68687,64884,0
4667,50881,32534,0
4668,153678,95309,0
4669,69101,60437,0
4670,134065,5520,0
4671,99099,38906,0
4672,19003,116440,0
4673,136470,111461,0
4674,36413,86579,0
4675,4597,148227,0
4676,132531,95694,0
4677,119930,88944,0
4678,59549,122807,0
4679,114645,33986,0
4680,149911,28495,0
4681,34495,36465,0
4682,1306,131109,0
4683,2351,11028,0
4684,7528,130013,0
4685,67303,136186,0
4686,27617,93660,0
4687,40060,119133,0
4688,106006,126242,0
4689,126601,6629,0
4690,16467,36762,0
4691,65611,45088,0
4692,90169,35265,0
4693,15399,77679,0
4694,98269,145210,0
4695,57862,111745,0
4696,89604,101763,0
4697,15218,122974,0
4698,146260,147603,0
4699,84866,7130,0
4700,148923,18890,0
4701,863,144720,0
4702,38777,102665,0
4703,140628,89884,0
4704,99575,25881,0
4705,122195,120287,0
4706,100440,139723,0
4707,71694,112821,0
4708,55091,110192,0
4709,90992,79611,0
4710,97486,117318,0
4711,68139,112056,0
4712,153640,45518,0
4713,14445,73407,0
4714,125732,43186,0
4715,98288,112947,0
4716,47579,26329,0
4717,123669,40066,0
4718,46308,57610,0
4719,15297,99593,0
4720,83983,88180,0
4721,41655,99994,0
4722,150192,62881,0
4723,138578,120960,0
4724,86687,104373,0
4725,106565,50879,0
4726,80121,16694,0
4727,61870,132677,0
4728,685,66778,0
4729,148102,123947,0
4730,95478,101260,0
4731,83246,68872,0
4732,118919,29811,0
4733,151010,45714,0
4734,154946,91131,0
4735,61783,15035,0
4736,137231,110818,0
4737,88216,38125,0
4738,141216,56475,0
4739,61794,7790,0
4740,152274,124194,0
4741,63415,96389,0
4742,3738,105142,0
4743,98630,81906,0
4744,90293,3657,0
4745,127248,80112,0
4746,45122,146006,0
4747,82044,117293,0
4748,18397,109137,0
4749,90246,69764,0
4750,135361,30528,0
4751,118507,138881,0
4752,135378,142400,0
4753,39093,22551,0
4754,4395,138196,0
4755,45889,33868,0
4756,81679,143902,0
4757,136717,131485,0
4758,141542,142301,0
4759,127602,86456,0
4760,145599,133455,0
4761,32858,24996,0
4762,74735,105298,0
4763,42879,80809,0
4764,59533,45807,0
4765,32344,41329,0
4766,104843,143563,0
4767,15218,63123,0
4768,61643,66348,0
4769,124828,96972,0
4770,124416,9413,0
4771,71822,88998,0
4772,14334,120548,0
4773,118666,110449,0
4774,52481,7387,0
4775,113174,44214,0
4776,24002,85419,0
4777,70642,33840,0
4778,152864,106141,0
4779,12673,145015,0
4780,29810,105141,0
4781,57439,110900,0
4782,29376,16373,0
4783,124742,139827,0
4784,5860,144989,0
4785,35569,100337,0
4786,96480,142547,0
4787,131978,97726,0
4788,24183,154170,0
4789,16904,129634,0
4790,86208,80323,0
4791,99760,114574,0
4792,82735,9885,0
4793,38224,128527,0
4794,61305,19876,0
4795,147979,56931,0
4796,120506,122530,0
4797,133531,98451,0
4798,40311,129307,0
4799,94090,57580,0
4800,8728,127565,0
4801,145204,141227,0
4802,21553,83537,0
4803,74715,92002,0
4804,18160,95898,0
4805,136384,53280,0
4806,90919,95327,0
4807,46429,114546,0
4808,108226,9194,0
4809,9874,81682,0
4810,31641,33269,0
4811,43868,73780,0
4812,25630,115096,0
4813,140624,3258,0
4814,141829,38151,0
4815,82435,31995,0
4816,73606,10343,0
4817,63444,30661,0
4818,108575,152299,0
4819,34407,46947,0
4820,20555,59267,0
4821,152375,72134,0
4822,61596,81193,0
4823,103594,98596,0
4824,9425,4541,0
4825,48218,23877,0
4826,152852,62230,0
4827,55977,14361,0
4828,52890,120316,0
4829,106486,103711,0
4830,75158,118091,0
4831,102781,56592,0
4832,13126,37394,0
4833,146140,94128,0
4834,43020,80857,0
4835,79136,58724,0
4836,89083,81007,0
4837,78162,111811,0
4838,137669,110179,0
4839,113757,27135,0
4840,104366,102850,0
4841,73179,49642,0
4842,137402,38113,0
4843,102168,368,0
4844,43209,115882,0
4845,130226,87122,0
4846,33577,10526,0
4847,112608,124011,0
4848,103473,76211,0
4849,89062,133371,0
4850,149349,40162,0
4851,122115,103871,0
4852,153574,139522,0
4853,21993,63205,0
4854,548,147554,0
4855,119779,7508,0
4856,98516,40494,0
4857,137297,3460,0
4858,145552,113969,0
4859,86636,105367,0
4860,125027,26287,0
4861,4922,34490,0
4862,63124,103770,0
4863,47470,119790,0
4864,16418,66033,0
4865,80393,23986,0
4866,47443,138697,0
4867,21923,751,0
4868,83297,74633,0
4869,12714,42988,0
4870,153449,52342,0
4871,52226,73770,0
4872,28054,147877,0
4873,77636,146984,0
4874,112905,1660,0
4875,110533,46868,0
4876,114149,22408,0
4877,8805,119908,0
4878,41882,90113,0
4879,93401,68643,0
4880,143264,83066,0
4881,45145,53962,0
4882,92390,52593,0
4883,74830,10260,0
4884,22955,97806,0
4885,28872,37530,0
4886,72740,151258,0
4887,4187,12823,0
4888,26095,121035,0
4889,15707,134226,0
4890,138785,27702,0
4891,123395,21431,0
4892,153907,154875,0
4893,62982,42595,0
4894,81862,63319,0
4895,48865,149696,0
4896,80577,131551,0
4897,54963,116456,0
4898,15754,105807,0
4899,30220,47357,0
4900,12781,16430,0
4901,148103,29308,0
4902,3172,32409,0
4903,55981,124778,0
4904,43314,91696,0
4905,148713,14570,0
4906,81078,69763,0
4907,32,17158,0
4908,48161,33342,0
4909,46999,8178,0
4910,104889,31345,0
4911,128934,22627,0
4912,121291,88127,0
4913,77035,76017,0
4914,21323,125135,0
4915,138426,68795,0
4916,33015,129762,0
4917,114845,55112,0
4918,92162,141146,0
4919,65050,98417,0
4920,70500,3536,0
4921,33673,142658,0
4922,48595,54805,0
4923,89476,43698,0
4924,115743,8430,0
4925,137984,131941,0
4926,55657,150883,0
4927,44956,20245,0
4928,44791,152564,0
4929,57982,27265,0
4930,99070,36709,0
4931,24734,96574,0
4932,57485,91848,0
4933,131249,38360,0
4934,131729,64344,0
4935,69371,74091,0
4936,54268,53245,0
4937,107411,13197,0
4938,90209,135136,0
4939,109767,117914,0
4940,125623,107627,0
4941,65970,8539,0
4942,95292,9083,0
4943,43517,1251,0
4944,24086,126550,0
4945,98847,147721,0
4946,45910,53203,0
4947,14150,33306,0
4948,41548,6590,0
4949,152437,114959,0
4950,154192,26127,0
4951,80500,103286,0
4952,127619,54118,0
4953,101908,13838,0
4954,26835,82300,0
4955,14109,126970,0
4956,51884,120164,0
4957,109536,67865,0
4958,40687,47743,0
4959,130735,147088,0
4960,120555,3168,0
4961,103433,13253,0
4962,19172,1308,0
4963,78809,46293,0
4964,33448,113303,0
4965,143379,37862,0
4966,120194,140787,0
4967,146612,122627,0
4968,69157,92870,0
4969,149571,133094,0
4970,15365,110176,0
4971,23173,29797,0
4972,64791,45539,0
4973,72409,105023,0
4974,47451,132146,0
4975,25115,105809,0
4976,108519,138968,0
4977,1769,101948,0
4978,111514,63762,0
4979,105807,62260,0
4980,132365,130583,0
4981,54717,135923,0
4982,87024,52939,0
4983,98902,75746,0
4984,146098,137982,0
4985,67445,144642,0
4986,90449,77822,0
4987,15011,135382,0
4988,9568,138728,0
4989,126172,67339,0
4990,134533,17150,0
4991,97747,75532,0
4992,102492,9555,0
4993,70282,87210,0
4994,119131,60249,0
4995,113262,52026,0
4996,149423,43668,0
4997,111835,4056,0
4998,127109,7486,0
4999,43174,93274,0
5000,37350,142518,0
5001,108901,149531,0
5002,17715,86504,0
5003,101002,93010,0
5004,123325,49780,0
5005,75906,116359,0
5006,91773,12346,0
5007,124865,47790,0
5008,45846,98851,0
5009,74033,1063,0
5010,71619,144332,0
5011,119457,33280,0
5012,119275,124352,0
5013,82677,68844,0
5014,121281,10702,0
5015,129469,8699,0
5016,37790,90900,0
5017,69413,11953,0
5018,34978,56998,0
5019,92213,119796,0
5020,7935,83356,0
5021,108237,114310,0
5022,70927,110066,0
5023,79057,141662,0
5024,66835,4370,0
5025,52499,105750,0
5026,128997,145175,0
5027,136098,11713,0
5028,142126,1427,0
5029,31261,39355,0
5030,142135,16454,0
5031,70458,152013,0
5032,73615,2742,0
5033,67369,112256,0
5034,151756,98404,0
5035,81917,61126,0
5036,70716,90866,0
5037,45190,89338,0
5038,46145,116022,0
5039,36145,41024,0
5040,114915,7156,0
5041,85715,86848,0
5042,61065,96113,0
5043,93752,91143,0
5044,151884,94830,0
5045,28078,111732,0
5046,7878,10721,0
5047,147819,62675,0
5048,80152,20803,0
5049,17737,8374,0
5050,115645,11000,0
5051,45341,72053,0
5052,56489,59584,0
5053,44177,57799,0
5054,82850,107078,0
5055,57802,35717,0
5056,135050,127440,0
5057,83913,103569,0
5058,43772,1677,0
5059,81568,49160,0
5060,97645,17407,0
5061,106498,93118,0
5062,151092,37377,0
5063,18276,131127,0
5064,12816,3545,0
5065,125115,153082,0
5066,37465,80844,0
5067,21835,98696,0
5068,9055,11301,0
5069,111439,101817,0
5070,115868,94857,0
5071,52649,82210,0
5072,27531,151441,0
5073,75268,104861,0
5074,116478,94962,0
5075,8617,130965,0
5076,72621,1869,0
5077,133410,83665,0
5078,79199,1853,0
5079,10856,112393,0
5080,119304,82330,0
5081,41935,85350,0
5082,29803,37323,0
5083,81771,5886,0
5084,16411,143689,0
5085,11211,110404,0
5086,89230,110166,0
5087,43029,17335,0
5088,99935,122044,0
5089,3310,141847,0
5090,44433,148013,0
5091,85501,42452,0
5092,123756,124106,0
5093,103876,128103,0
5094,95495,100573,0
5095,130616,68056,0
5096,144759,139986,0
5097,130113,101492,0
5098,40304,27563,0
5099,136274,142777,0
5100,141746,110981,0
5101,63969,154383,0
5102,131151,36053,0
5103,92587,93455,0
5104,55657,9503,0
5105,20009,35959,0
5106,147400,53076,0
5107,45359,126280,0
5108,119634,24916,0
5109,151843,151861,0
5110,40018,42486,0
5111,56760,129584,0
5112,64883,10617,0
5113,128172,133122,0
5114,78051,14390,0
5115,65972,84455,0
5116,147461,145140,0
5117,8875,1523,0
5118,123669,60942,0
5119,86853,111511,0
5120,143391,38946,0
5121,117778,133271,0
5122,37595,97925,0
5123,27156,65901,0
5124,2083,138316,0
5125,48053,3827,0
5126,57169,71825,0
5127,105717,10797,0
5128,63472,101250,0
5129,135691,46734,0
5130,134511,124509,0
5131,91966,50837,0
5132,138569,152584,0
5133,148424,41908,0
5134,106594,26283,0
5135,92533,41978,0
5136,65544,141307,0
5137,24448,9976,0
5138,119596,26694,0
5139,60224,76766,0
5140,106947,76544,0
5141,69463,69781,0
5142,5884,106833,0
5143,96340,42331,0
5144,121375,49319,0
5145,139142,117925,0
5146,45335,223,0
5147,128774,139182,0
5148,114718,47243,0
5149,54734,117414,0
5150,31283,99746,0
5151,30033,44237,0
5152,62265,72575,0
5153,111455,76792,0
5154,86209,58362,0
5155,139157,20575,0
5156,27099,63811,0
5157,5737,98810,0
5158,107766,152309,0
5159,141230,90479,0
5160,93316,24048,0
5161,112233,121986,0
5162,117107,44836,0
5163,53170,112234,0
5164,79580,120642,0
5165,81847,69089,0
5166,96219,117761,0
5167,125885,129712,0
5168,127717,78932,0
5169,121649,102521,0
5170,20260,29752,0
5171,2950,19455,0
5172,64570,50664,0
5173,111454,9962,0
5174,22188,58968,0
5175,105534,145133,0
5176,10379,139648,0
5177,59966,61566,0
5178,66132,105282,0
5179,106532,31511,0
5180,131443,78390,0
5181,122973,153807,0
5182,138586,124905,0
5183,19855,136490,0
5184,22374,57698,0
5185,26823,113360,0
5186,90019,13475,0
5187,23838,31466,0
5188,118818,30253,0
5189,136418,108969,0
5190,81658,34009,0
5191,87908,103090,0
5192,30153,87951,0
5193,137266,62290,0
5194,48970,27789,0
5195,45973,38759,0
5196,140732,143852,0
5197,96309,93717,0
5198,64439,89267,0
5199,130372,127577,0
5200,82828,18902,0
5201,63668,116918,0
5202,113757,112812,0
5203,117138,14419,0
5204,99330,2741,0
5205,146424,63775,0
5206,33309,133513,0
5207,90464,16681,0
5208,54091,555,0
5209,112948,138751,0
5210,134458,3481,0
5211,152989,31932,0
5212,101755,23247,0
5213,69033,116911,0
5214,128067,62803,0
5215,7721,44690,0
5216,99396,34365,0
5217,98168,113876,0
5218,82240,121158,0
5219,141950,134771,0
5220,134669,59859,0
5221,58973,69679,0
5222,86185,115693,0
5223,66469,32667,0
5224,37546,150398,0
5225,65515,6887,0
5226,143713,33570,0
5227,95495,23993,0
5228,109400,71731,0
5229,114750,137326,0
5230,149653,127839,0
5231,109113,141398,0
5232,77105,58239,0
5233,71952,146397,0
5234,22203,129105,0
5235,70849,45998,0
5236,131566,142243,0
5237,91672,4538,0
5238,103452,24533,0
5239,14722,62233,0
5240,16217,40697,0
5241,110380,98877,0
5242,105871,84118,0
5243,31221,138129,0
5244,18816,62203,0
5245,129118,111156,0
5246,151147,58577,0
5247,118470,11708,0
5248,107277,62703,0
5249,16985,138978,0
5250,88587,54414,0
5251,91299,131189,0
5252,93093,4151,0
5253,137033,89509,0
5254,14383,122212,0
5255,49995,106669,0
5256,69870,114306,0
5257,35039,120574,0
5258,3616,13255,0
5259,74014,105118,0
5260,132221,125810,0
5261,122305,40729,0
5262,67560,99758,0
5263,131711,14390,0
5264,58553,146994,0
5265,100467,148778,0
5266,97667,141668,0
5267,121111,82471,0
5268,57159,107205,0
5269,37192,71042,0
5270,47284,13482,0
5271,138802,55910,0
5272,144196,136738,0
5273,135053,96091,0
5274,23934,108912,0
5275,90603,51140,0
5276,126453,105206,0
5277,93839,50550,0
5278,92784,119826,0
5279,68025,140878,0
5280,133889,32260,0
5281,112865,101860,0
5282,53411,27503,0
5283,58525,106060,0
5284,95607,40773,0
5285,68462,11811,0
5286,69339,125829,0
5287,27094,108694,0
5288,104424,96011,0
5289,70010,74821,0
5290,81623,12242,0
5291,62986,85268,0
5292,24015,54409,0
5293,9276,45600,0
5294,100441,29868,0
5295,133207,1672,0
5296,149954,61294,0
5297,20742,5407,0
5298,65744,70874,0
5299,79676,121190,0
5300,92193,89209,0
5301,8305,101386,0
5302,2050,24398,0
5303,70517,127541,0
5304,109638,9074,0
5305,82547,81035,0
5306,139299,59790,0
5307,67504,58753,0
5308,1209,125123,0
5309,40262,131072,0
5310,94491,36094,0
5311,145801,21587,0
5312,11577,24801,0
5313,51161,64838,0
5314,30057,85801,0
5315,82906,139965,0
5316,152882,52005,0
5317,35323,23672,0
5318,104302,143023,0
5319,51802,11663,0
5320,44935,114264,0
5321,7897,139340,0
5322,24086,142877,0
5323,89645,135262,0
5324,139538,152122,0
5325,65948,120106,0
5326,4348,147825,0
5327,135941,93885,0
5328,38960,114271,0
5329,52810,41339,0
5330,85998,78335,0
5331,50156,145024,0
5332,25962,138712,0
5333,20282,138291,0
5334,27977,50087,0
5335,132406,27025,0
5336,131585,83338,0
5337,84981,85410,0
5338,23436,140307,0
5339,32536,32326,0
5340,118729,117435,0
5341,52837,52627,0
5342,6152,45518,0
5343,153834,21508,0
5344,119132,36409,0
5345,45106,53060,0
5346,32830,108674,0
5347,126307,136014,0
5348,20651,33327,0
5349,66312,135113,0
5350,149346,6755,0
5351,125491,136465,0
5352,149384,102766,0
5353,88961,153594,0
5354,122318,145309,0
5355,94538,48536,0
5356,74835,79701,0
5357,109525,93109,0
5358,24287,117903,0
5359,81419,56737,0
5360,51743,25481,0
5361,117513,124931,0
5362,145775,99506,0
5363,119195,955,0
5364,1225,25514,0
5365,78185,27797,0
5366,146247,43577,0
5367,60365,126296,0
5368,34479,152196,0
5369,77384,122302,0
5370,5132,49045,0
5371,30575,16206,0
5372,17742,62151,0
5373,132584,154895,0
5374,67947,106245,0
5375,63392,136203,0
5376,74693,50845,0
5377,47829,48859,0
5378,152001,96535,0
5379,95637,23480,0
5380,113702,114963,0
5381,4245,104602,0
5382,80993,142166,0
5383,104640,106348,0
5384,79129,19632,0
5385,10583,74671,0
5386,71601,94009,0
5387,68803,83558,0
5388,43265,101137,0
5389,80083,97514,0
5390,144932,149910,0
5391,134512,18007,0
5392,94557,53342,0
5393,62028,76966,0
5394,142373,7821,0
5395,55739,91499,0
5396,75583,86533,0
5397,109621,78273,0
5398,57593,124852,0
5399,41225,15646,0
5400,139946,122123,0
5401,28449,15483,0
5402,115268,116243,0
5403,63486,56243,0
5404,56538,6990,0
5405,111645,45703,0
5406,50309,134961,0
5407,134420,64931,0
5408,14679,139829,0
5409,153544,132685,0
5410,116467,137288,0
5411,5113,90165,0
5412,19187,67190,0
5413,63053,154051,0
5414,3439,106796,0
5415,32406,106032,0
5416,134252,81764,0
5417,16850,42091,0
5418,51976,26424,0
5419,63265,20247,0
5420,121541,526,0
5421,66165,62585,0
5422,35001,118032,0
5423,5883,149252,0
5424,20508,13594,0
5425,151539,47726,0
5426,106689,72479,0
5427,95060,142542,0
5428,68821,61460,0
5429,41145,3235,0
5430,72503,48075,0
5431,59717,57613,0
5432,5761,12758,0
5433,100509,28384,0
5434,129595,123642,0
5435,92483,3042,0
5436,33150,16235,0
5437,16312,108301,0
5438,9694,154332,0
5439,49672,68741,0
5440,97034,142226,0
5441,113717,50823,0
5442,63727,118917,0
5443,139565,124949,0
5444,124611,16333,0
5445,111162,152678,0
5446,63199,73419,0
5447,9957,32350,0
5448,39098,47425,0
5449,8701,48833,0
5450,88035,19956,0
5451,100980,6444,0
5452,42569,101722,0
5453,137784,118787,0
5454,72779,75395,0
5455,19212,112857,0
5456,107152,107553,0
5457,54917,61723,0
5458,22990,102300,0
5459,62059,100789,0
5460,68394,11834,0
5461,9081,7527,0
5462,130864,66662,0
5463,89538,8512,0
5464,4974,152740,0
5465,61013,3467,0
5466,144288,32811,0
5467,101942,9728,0
5468,11038,139291,0
5469,96024,144221,0
5470,41737,139448,0
5471,103294,69215,0
5472,86302,73319,0
5473,90822,13563,0
5474,143083,139841,0
5475,81946,2818,0
5476,31616,8050,0
5477,39754,128166,0
5478,20966,48951,0
5479,114692,134758,0
5480,137939,113068,0
5481,91597,58177,0
5482,124132,94406,0
5483,89228,104505,0
5484,53421,99822,0
5485,72476,96579,0
5486,19134,45044,0
5487,67947,114252,0
5488,69259,4124,0
5489,64813,30256,0
5490,96481,116692,0
5491,105532,88665,0
5492,115726,98858,0
5493,117611,43786,0
5494,115617,40507,0
5495,114129,3939,0
5496,89833,134241,0
5497,119051,103526,0
5498,60396,14853,0
5499,107115,13510,0
5500,70086,136664,0
5501,27855,13846,0
5502,78453,3568,0
5503,151745,119125,0
5504,132234,93158,0
5505,36764,130794,0
5506,147498,69089,0
5507,122432,35881,0
5508,68238,1794,0
5509,4883,133259,0
5510,84236,114734,0
5511,60318,149208,0
5512,19213,131479,0
5513,116920,70068,0
5514,100619,46466,0
5515,76445,59279,0
5516,34185,94050,0
5517,58122,52015,0
5518,81125,19815,0
5519,9731,127250,0
5520,89711,131289,0
5521,31937,18441,0
5522,103898,78864,0
5523,87491,58091,0
5524,17146,94730,0
5525,58301,66586,0
5526,149988,3660,0
5527,61676,61214,0
5528,83793,73185,0
5529,91883,54554,0
5530,143266,144462,0
5531,68381,11566,0
5532,27689,139588,0
5533,121548,19807,0
5534,135827,35308,0
5535,37717,45454,0
5536,143031,25879,0
5537,106998,151735,0
5538,130380,130041,0
5539,46804,142243,0
5540,60617,152482,0
5541,130775,12465,0
5542,48718,133822,0
5543,51933,80141,0
5544,147853,90550,0
5545,144394,51397,0
5546,100868,21625,0
5547,131354,131541,0
5548,114788,41260,0
5549,117963,135117,0
5550,27978,11518,0
5551,140388,137533,0
5552,10461,117190,0
5553,44178,71393,0
5554,1901,108204,0
5555,114438,55731,0
5556,97612,11313,0
5557,143031,135702,0
5558,13772,16564,0
5559,45334,132892,0
5560,92627,149910,0
5561,115307,123410,0
5562,96126,152934,0
5563,150588,97103,0
5564,54509,152236,0
5565,68139,69291,0
5566,54603,44578,0
5567,68362,46206,0
5568,7951,91467,0
5569,61753,126543,0
5570,51027,105439,0
5571,126342,72650,0
5572,101819,72486,0
5573,148642,75801,0
5574,53105,10103,0
5575,85038,64579,0
5576,76520,71708,0
5577,140847,122375,0
5578,40864,7418,0
5579,702,151249,0
5580,25959,69590,0
5581,42170,99855,0
5582,152403,17754,0
5583,108453,113996,0
5584,32059,20841,0
5585,103222,124790,0
5586,75982,133343,0
5587,71229,65908,0
5588,43277,70290,0
5589,125923,11863,0
5590,11548,110119,0
5591,124196,25669,0
5592,105790,142024,0
5593,30579,51936,0
5594,18006,79200,0
5595,130888,37476,0
5596,127237,62883,0
5597,19353,23580,0
5598,87872,56047,0
5599,117600,148814,0
5600,133947,99436,0
5601,68086,95217,0
5602,13776,129315,0
5603,85841,135271,0
5604,120189,120536,0
5605,70106,34169,0
5606,52957,91566,0
5607,100964,119045,0
5608,130103,21995,0
5609,104666,3067,0
5610,128010,17309,0
5611,153415,70510,0
5612,73795,4019,0
5613,35458,82381,0
5614,33729,28565,0
5615,127135,141016,0
5616,5461,92719,0
5617,35523,75246,0
5618,6455,109545,0
5619,106811,148975,0
5620,101342,149405,0
5621,11178,123084,0
5622,118741,59761,0
5623,25137,49128,0
5624,109640,35424,0
5625,45839,8977,0
5626,52030,127685,0
5627,143203,44617,0
5628,123724,60833,0
5629,76292,48630,0
5630,14640,45097,0
5631,124573,103417,0
5632,56720,67695,0
5633,129369,86126,0
5634,85551,147831,0
5635,96694,108745,0
5636,139339,265,0
5637,98827,32365,0
5638,118722,37398,0
5639,103969,143179,0
5640,128208,13893,0
5641,57519,85862,0
5642,45300,84081,0
5643,73315,131869,0
5644,29153,19764,0
5645,1800,35506,0
5646,47077,82341,0
5647,43499,137205,0
5648,88631,74119,0
5649,41434,23516,0
5650,64418,97200,0
5651,125324,120516,0
5652,10279,141509,0
5653,47608,7467,0
5654,128251,39078,0
5655,64045,38064,0
5656,1556,25328,0
5657,129412,92940,0
5658,145918,134259,0
5659,94966,104618,0
5660,56270,80828,0
5661,21227,79334,0
5662,20905,31361,0
5663,54107,65735,0
5664,30567,81184,0
5665,105640,22320,0
5666,47639,44081,0
5667,115243,37354,0
5668,155186,29257,0
5669,1131,18710,0
5670,106166,142514,0
5671,140225,109701,0
5672,123147,44524,0
5673,17621,44715,0
5674,121168,31787,0
5675,62357,1916,0
5676,104320,30507,0
5677,12927,85829,0
5678,48811,23252,0
5679,1742,28306,0
5680,62137,60478,0
5681,56801,133135,0
5682,4786,91335,0
5683,145872,131787,0
5684,23385,32821,0
5685,18508,40060,0
5686,69720,46911,0
5687,120354,107890,0
5688,50917,24029,0
5689,34201,134901,0
5690,139508,59801,0
5691,98282,106177,0
5692,148406,154365,0
5693,74740,48974,0
5694,120645,136885,0
5695,5858,105058,0
5696,147343,118501,0
5697,30357,10860,0
5698,79057,22859,0
5699,97828,101586,0
5700,138492,127313,0
5701,95934,100665,0
5702,79972,2844,0
5703,118644,47020,0
5704,83215,65702,0
5705,50938,7999,0
5706,9990,78767,0
5707,143624,107242,0
5708,144721,106448,0
5709,48132,104455,0
5710,27080,50781,0
5711,80767,121365,0
5712,100803,13367,0
5713,22132,36620,0
5714,66149,25059,0
5715,87436,15941,0
5716,131209,47525,0
5717,97295,4232,0
5718,25935,104888,0
5719,37589,81671,0
5720,118688,74097,0
5721,146499,16208,0
5722,76666,81778,0
5723,14993,62580,0
5724,114090,50393,0
5725,78121,107202,0
5726,125870,137480,0
5727,49850,8218,0
5728,34746,44109,0
5729,138943,87834,0
5730,110371,142140,0
5731,85585,66222,0
5732,75153,150109,0
5733,125746,23867,0
5734,74594,40108,0
5735,153775,104162,0
5736,40055,53773,0
5737,139292,109509,0
5738,150419,141254,0
5739,132121,47225,0
5740,15668,10118,0
5741,33230,7206,0
5742,112166,38287,0
5743,128143,129246,0
5744,109284,21616,0
5745,61208,116695,0
5746,116184,41673,0
5747,103865,40639,0
5748,60538,34000,0
5749,90505,142812,0
5750,99667,128827,0
5751,92458,22204,0
5752,138521,23843,0
5753,29432,142925,0
5754,1102,127917,0
5755,55964,110452,0
5756,121368,72307,0
5757,51200,101639,0
5758,124066,64357,0
5759,34530,136320,0
5760,49575,45368,0
5761,51866,123658,0
5762,22215,94270,0
5763,84948,143514,0
5764,39698,4320,0
5765,70612,100263,0
5766,140700,53110,0
5767,134887,24715,0
5768,123191,29890,0
5769,36299,9186,0
5770,133207,145211,0
5771,93945,37963,0
5772,122460,148596,0
5773,121576,21071,0
5774,125702,124133,0
5775,19406,63370,0
5776,2386,60570,0
5777,89813,139545,0
5778,85448,84379,0
5779,95334,95007,0
5780,113144,31162,0
5781,115831,88183,0
5782,57974,96585,0
5783,97136,73858,0
5784,51623,118147,0
5785,138866,114665,0
5786,59719,145949,0
5787,51311,149778,0
5788,98574,150184,0
5789,19202,61599,0
5790,76379,36536,0
5791,126196,95513,0
5792,58269,57961,0
5793,135217,30692,0
5794,93447,54998,0
5795,6684,146731,0
5796,69482,18257,0
5797,60078,73854,0
5798,152820,67915,0
5799,68859,44293,0
5800,89259,80148,0
5801,125222,137204,0
5802,44277,22782,0
5803,31079,95652,0
5804,89466,65677,0
5805,51039,26763,0
5806,98439,92489,0
5807,64315,15304,0
5808,154906,144947,0
5809,100030,58782,0
5810,3050,101087,0
5811,8811,108022,0
5812,61613,145896,0
5813,150079,105869,0
5814,42699,2301,0
5815,15174,152769,0
5816,50151,1313,0
5817,95337,99171,0
5818,22076,51334,0
5819,144342,851,0
5820,75061,149336,0
5821,16411,83834,0
5822,39739,154566,0
5823,21493,137063,0
5824,50410,41734,0
5825,82644,64337,0
5826,33710,94370,0
5827,82138,65253,0
5828,15325,112275,0
5829,59272,6903,0
5830,121408,106,0
5831,9028,76662,0
5832,116258,104175,0
5833,130437,72538,0
5834,39198,2888,0
5835,95528,6636,0
5836,78691,74298,0
5837,55995,139089,0
5838,94863,62171,0
5839,86990,35559,0
5840,61267,108922,0
5841,29784,116861,0
5842,117656,114650,0
5843,37552,68361,0
5844,66431,88898,0
5845,139414,123543,0
5846,30521,119308,0
5847,140493,144814,0
5848,126860,113032,0
5849,2039,15019,0
5850,4870,112896,0
5851,124829,25313,0
5852,148858,31282,0
5853,43172,114702,0
5854,2634,5542,0
5855,99848,122047,0
5856,13945,21256,0
5857,111480,154057,0
5858,96117,35935,0
5859,109715,34950,0
5860,86691,75780,0
5861,56562,18748,0
5862,32621,24028,0
5863,96800,54400,0
5864,121908,56427,0
5865,85444,24567,0
5866,75714,145693,0
5867,103623,73128,0
5868,25656,142840,0
5869,109832,80,0
5870,66151,67121,0
5871,84812,150346,0
5872,127439,18000,0
5873,86133,91210,0
5874,69151,132290,0
5875,113407,132188,0
5876,19076,47342,0
5877,52232,140344,0
5878,138142,19888,0
5879,152728,15171,0
5880,4605,147227,0
5881,22889,89883,0
5882,132480,76502,0
5883,23962,77219,0
5884,137725,78758,0
5885,32547,48209,0
5886,125620,42737,0
5887,49736,122152,0
5888,40034,148309,0
5889,78467,31915,0
5890,134190,92571,0
5891,148985,114480,0
5892,52595,120320,0
5893,135629,62295,0
5894,8320,127001,0
5895,111564,151938,0
5896,59215,122367,0
5897,36566,21052,0
5898,28142,92188,0
5899,120557,88256,0
5900,141982,67442,0
5901,118854,69326,0
5902,90383,92844,0
5903,88683,101845,0
5904,133126,104985,0
5905,52514,131515,0
5906,133710,90281,0
5907,24245,72035,0
5908,31559,136678,0
5909,129792,50125,0
5910,143113,55316,0
5911,108941,111427,0
5912,63663,70130,0
5913,77727,154741,0
5914,64163,18111,0
5915,102591,118130,0
5916,21091,76419,0
5917,94318,115666,0
5918,144833,72775,0
5919,1226,113837,0
5920,89167,17102,0
5921,133145,1819,0
5922,145359,19025,0
5923,71561,40133,0
5924,94626,149931,0
5925,68224,30678,0
5926,95129,31628,0
5927,63073,19357,0
5928,87326,27162,0
5929,140131,34467,0
5930,11948,44489,0
5931,32004,46438,0
5932,101296,103198,0
5933,78808,123868,0
5934,153772,64972,0
5935,107750,150919,0
5936,142749,50080,0
5937,52377,97621,0
5938,123996,115633,0
5939,17559,151807,0
5940,139559,133865,0
5941,114452,154516,0
5942,99030,151588,0
5943,42350,93197,0
5944,68796,202,0
5945,92024,17440,0
5946,142865,76745,0
5947,65531,87634,0
5948,9067,48559,0
5949,6939,141011,0
5950,70463,322,0
5951,7263,75471,0
5952,2900,152198,0
5953,5724,110370,0
5954,98033,119332,0
5955,4678,6198,0
5956,99703,14187,0
5957,35926,26702,0
5958,71301,53968,0
5959,100157,79681,0
5960,39160,144015,0
5961,132033,8954,0
5962,111132,122900,0
5963,88733,127589,0
5964,34900,6274,0
5965,973,11659,0
5966,142717,135218,0
5967,62395,115861,0
5968,113024,83804,0
5969,60338,32273,0
5970,16726,59574,0
5971,89613,59083,0
5972,92771,80241,0
5973,146579,150045,0
5974,17945,120059,0
5975,144107,118018,0
5976,143813,111346,0
5977,82304,8149,0
5978,140150,8411,0
5979,13776,40281,0
5980,131005,128398,0
5981,28253,44550,0
5982,108039,29419,0
5983,29165,96083,0
5984,118190,145643,0
5985,117918,31817,0
5986,27909,47642,0
5987,145707,124662,0
5988,6480,150655,0
5989,137835,96829,0
5990,153483,49132,0
5991,56817,26175,0
5992,108091,90281,0
5993,139946,145325,0
5994,82894,94465,0
5995,109436,124045,0
5996,67078,25400,0
5997,122930,53401,0
5998,154765,82399,0
5999,53691,93281,0
6000,13675,95646,0
6001,62704,28584,0
6002,110352,43335,0
6003,27133,2012,0
6004,152798,149863,0
6005,76954,85746,0
6006,35443,100131,0
6007,135897,18867,0
6008,95970,128148,0
6009,105511,89134,0
6010,60261,115606,0
6011,150142,22911,0
6012,145470,29805,0
6013,19838,151237,0
6014,131422,47831,0
6015,60675,108520,0
6016,19929,43392,0
6017,65554,76199,0
6018,76767,75660,0
6019,84152,47529,0
6020,27709,116001,0
6021,108686,59386,0
6022,77925,114096,0
6023,28514,78106,0
6024,12386,4157,0
6025,86884,98012,0
6026,53019,122902,0
6027,68120,68121,0
6028,90197,122054,0
6029,50651,94624,0
6030,82919,112463,0
6031,38280,131443,0
6032,127096,101623,0
6033,4974,57901,0
6034,110043,67186,0
6035,70772,77880,0
6036,114579,132002,0
6037,74228,107298,0
6038,108600,138804,0
6039,34009,34610,0
6040,6802,32157,0
6041,25904,44803,0
6042,49238,77071,0
6043,89150,152809,0
6044,79931,76752,0
6045,26168,122447,0
6046,78514,129169,0
6047,20494,147239,0
6048,135238,102810,0
6049,97268,34029,0
6050,110329,114227,0
6051,48025,84694,0
6052,21347,99972,0
6053,82273,43226,0
6054,139141,85441,0
6055,153897,2873,0
6056,81052,58241,0
6057,60797,106226,0
6058,61208,115866,0
6059,133531,126163,0
6060,77209,85948,0
6061,48129,99674,0
6062,97366,153723,0
6063,12781,43911,0
6064,107453,71970,0
6065,149964,60351,0
6066,99220,69617,0
6067,155028,29468,0
6068,12334,27886,0
6069,93771,143672,0
6070,5714,120638,0
6071,72758,118783,0
6072,35769,18544,0
6073,86501,67193,0
6074,125079,3361,0
6075,19771,64879,0
6076,138342,98494,0
6077,18138,138029,0
6078,154925,106613,0
6079,121483,101748,0
6080,11606,100204,0
6081,52291,101025,0
6082,27098,124928,0
6083,110096,36033,0
6084,39089,144620,0
6085,11476,14839,0
6086,44342,37160,0
6087,150786,68683,0
6088,44128,95328,0
6089,93273,52393,0
6090,67635,16589,0
6091,78162,125103,0
6092,105215,80888,0
6093,86210,97546,0
6094,28195,12514,0
6095,102804,139454,0
6096,99632,119579,0
6097,154211,33497,0
6098,7488,44572,0
6099,36245,10939,0
6100,116153,113674,0
6101,88673,105921,0
6102,112711,23416,0
6103,23638,6409,0
6104,90640,108013,0
6105,125915,50874,0
6106,116277,85979,0
6107,148049,63320,0
6108,105466,8867,0
6109,86226,126852,0
6110,85737,105565,0
6111,36239,139839,0
6112,13888,70226,0
6113,100207,83250,0
6114,21946,111997,0
6115,33710,68166,0
6116,129006,70580,0
6117,24682,137570,0
6118,1298,150760,0
6119,88677,64729,0
6120,86935,64165,0
6121,114353,30634,0
6122,17179,127172,0
6123,132222,100967,0
6124,93060,145582,0
6125,133270,71467,0
6126,71862,34770,0
6127,82876,84390,0
6128,6707,123913,0
6129,4217,52943,0
6130,70484,81554,0
6131,137156,27424,0
6132,34927,136502,0
6133,52717,133679,0
6134,51648,1992,0
6135,107834,91126,0
6136,102031,108036,0
6137,34701,7029,0
6138,36841,132149,0
6139,90625,3371,0
6140,72650,27962,0
6141,120905,23351,0
6142,52880,41381,0
6143,140012,107963,0
6144,93708,77706,0
6145,83723,76679,0
6146,40009,11798,0
6147,60401,104379,0
6148,119740,14351,0
6149,71106,88119,0
6150,146219,32748,0
6151,12819,117571,0
6152,55083,82883,0
6153,111033,123158,0
6154,53090,62637,0
6155,114951,148474,0
6156,48446,46498,0
6157,136526,36851,0
6158,96204,53859,0
6159,82646,34190,0
6160,4018,44562,0
6161,125349,60766,0
6162,5970,11516,0
6163,38116,60152,0
6164,19553,148184,0
6165,15536,77441,0
6166,62528,30448,0
6167,51186,1609,0
6168,112299,8699,0
6169,134492,27812,0
6170,124664,125913,0
6171,26483,152480,0
6172,125883,121891,0
6173,61264,147,0
6174,31846,136566,0
6175,144876,76563,0
6176,147265,10789,0
6177,140099,51587,0
6178,123757,97476,0
6179,88773,140633,0
6180,16664,42566,0
6181,145882,126774,0
6182,85897,123770,0
6183,113532,113932,0
6184,33365,45565,0
6185,24321,9838,0
6186,131198,31778,0
6187,13048,103720,0
6188,19418,71039,0
6189,73392,36320,0
6190,7392,45188,0
6191,145446,43629,0
6192,112891,147241,0
6193,97576,5663,0
6194,86513,43770,0
6195,120378,21970,0
6196,125680,64773,0
6197,55901,10009,0
6198,42412,30533,0
6199,31485,9171,0
6200,106035,53593,0
6201,37716,114015,0
6202,73327,19676,0
6203,46951,71173,0
6204,110035,130985,0
6205,7884,26491,0
6206,32793,141800,0
6207,141740,54158,0
6208,95883,112585,0
6209,104338,5291,0
6210,47418,140364,0
6211,51166,85151,0
6212,54170,55778,0
6213,61647,115542,0
6214,65085,3785,0
6215,90792,133957,0
6216,100101,140917,0
6217,13893,145439,0
6218,138497,76680,0
6219,84581,3338,0
6220,47820,65080,0
6221,40250,20524,0
6222,31760,146610,0
6223,112157,39660,0
6224,105894,28666,0
6225,17613,15255,0
6226,51400,33555,0
6227,78854,111039,0
6228,76339,78465,0
6229,114195,135169,0
6230,148985,69893,0
6231,16535,52562,0
6232,150047,25630,0
6233,64257,81194,0
6234,84681,14768,0
6235,16459,117044,0
6236,79217,10180,0
6237,148579,100279,0
6238,143554,101713,0
6239,115646,116282,0
6240,145813,3814,0
6241,90706,72466,0
6242,11388,122820,0
6243,70540,78617,0
6244,11089,109506,0
6245,22372,3150,0
6246,41489,75145,0
6247,97475,151748,0
6248,55729,104418,0
6249,46612,56819,0
6250,33411,28507,0
6251,31480,15685,0
6252,44222,72202,0
6253,27070,23529,0
6254,101522,114935,0
6255,65391,45009,0
6256,21751,39166,0
6257,109014,129188,0
6258,110116,33044,0
6259,124376,73364,0
6260,33709,79659,0
6261,23503,70507,0
6262,26755,138333,0
6263,77682,118459,0
6264,43857,16594,0
6265,53506,10915,0
6266,148239,144960,0
6267,2976,81425,0
6268,125272,111133,0
6269,121988,76404,0
6270,9781,134429,0
6271,117317,135821,0
6272,24711,102318,0
6273,149686,108388,0
6274,96830,7097,0
6275,81759,98713,0
6276,22383,11465,0
6277,109176,102834,0
6278,125734,132909,0
6279,149672,27001,0
6280,7151,147661,0
6281,58117,2593,0
6282,141999,4873,0
6283,70459,117755,0
6284,109058,74871,0
6285,141536,58498,0
6286,130236,55250,0
6287,72274,143095,0
6288,83850,86691,0
6289,148079,120544,0
6290,9605,30112,0
6291,28446,152690,0
6292,73699,143810,0
6293,37297,44118,0
6294,76661,45739,0
6295,151485,152533,0
6296,40669,101211,0
6297,33292,90316,0
6298,94970,13336,0
6299,39507,154633,0
6300,56515,847,0
6301,27111,137034,0
6302,1895,103962,0
6303,62377,57503,0
6304,76782,91467,0
6305,91405,13962,0
6306,93869,151616,0
6307,86466,98663,0
6308,88000,35202,0
6309,83781,25187,0
6310,41435,146011,0
6311,66236,74477,0
6312,145835,139363,0
6313,30821,5676,0
6314,64006,48040,0
6315,31734,84287,0
6316,100575,1690,0
6317,17233,87011,0
6318,74312,72328,0
6319,51684,139344,0
6320,83179,116339,0
6321,74147,41992,0
6322,98691,137578,0
6323,137334,122936,0
6324,119705,74397,0
6325,136408,796,0
6326,115151,103526,0
6327,137914,40107,0
6328,125033,6471,0
6329,103892,86632,0
6330,123,92908,0
6331,29400,32750,0
6332,42904,5173,0
6333,70617,95796,0
6334,123148,105508,0
6335,29871,51407,0
6336,115827,12557,0
6337,141650,93751,0
6338,110193,121803,0
6339,47467,63141,0
6340,68002,74337,0
6341,109767,102798,0
6342,30911,117291,0
6343,7320,37402,0
6344,45219,148384,0
6345,41254,62592,0
6346,86945,61155,0
6347,115934,141764,0
6348,20347,82852,0
6349,29113,111762,0
6350,76392,130789,0
6351,26486,140238,0
6352,115964,56251,0
6353,63919,47828,0
6354,5231,98930,0
6355,147995,60405,0
6356,99522,15489,0
6357,21627,6936,0
6358,52184,10339,0
6359,111594,125729,0
6360,142609,124600,0
6361,80995,108689,0
6362,83690,19322,0
6363,82598,22415,0
6364,140011,123159,0
6365,119854,61851,0
6366,103530,1555,0
6367,54105,118662,0
6368,129648,30725,0
6369,80147,125570,0
6370,98752,50045,0
6371,66805,154898,0
6372,82832,74059,0
6373,41746,74517,0
6374,73846,46782,0
6375,20806,144866,0
6376,3780,66075,0
6377,25089,38330,0
6378,131838,35304,0
6379,120853,116182,0
6380,97761,124439,0
6381,71533,72977,0
6382,136767,96688,0
6383,107805,88770,0
6384,23334,143477,0
6385,27972,88606,0
6386,5047,37633,0
6387,2697,38520,0
6388,134629,82667,0
6389,89824,145856,0
6390,80789,109546,0
6391,131038,75602,0
6392,25666,130617,0
6393,73127,88623,0
6394,141618,151748,0
6395,74503,27148,0
6396,28827,57716,0
6397,52669,40750,0
6398,42730,75433,0
6399,67310,67754,0
6400,81124,134097,0
6401,92622,148546,0
6402,104666,49641,0
6403,88648,121575,0
6404,67043,33386,0
6405,52058,103793,0
6406,38625,105501,0
6407,116075,29688,0
6408,149418,128126,0
6409,101928,144702,0
6410,144235,31577,0
6411,23449,132559,0
6412,937,60582,0
6413,138342,133487,0
6414,32513,26901,0
6415,5668,21834,0
6416,113614,51067,0
6417,139881,88030,0
6418,45155,65327,0
6419,50215,32930,0
6420,57967,145645,0
6421,119834,96901,0
6422,82907,108256,0
6423,92312,105422,0
6424,122579,6541,0
6425,12449,63091,0
6426,62741,79059,0
6427,150475,16275,0
6428,140575,153471,0
6429,134533,103715,0
6430,133994,63559,0
6431,118213,35378,0
6432,154719,39583,0
6433,81359,151461,0
6434,81287,3824,0
6435,9223,73329,0
6436,68229,152178,0
6437,130749,24673,0
6438,68953,138769,0
6439,95247,15505,0
6440,110866,8629,0
6441,86479,54739,0
6442,154474,92213,0
6443,95748,142298,0
6444,90514,154685,0
6445,50195,27072,0
6446,128998,49784,0
6447,21940,133938,0
6448,18976,78674,0
6449,113191,80263,0
6450,81672,85308,0
6451,52310,97144,0
6452,51770,112703,0
6453,103640,62034,0
6454,136755,72825,0
6455,131114,125793,0
6456,97639,10575,0
6457,92084,91617,0
6458,141928,78927,0
6459,27026,82221,0
6460,67334,38088,0
6461,84946,4507,0
6462,44160,8167,0
6463,51673,75532,0
6464,79817,28080,0
6465,115011,141793,0
6466,64980,91463,0
6467,24791,100718,0
6468,58557,71108,0
6469,96547,78190,0
6470,119779,108758,0
6471,55204,154000,0
6472,112139,5716,0
6473,56180,61335,0
6474,132316,17271,0
6475,110903,141705,0
6476,13199,43840,0
6477,115584,51975,0
6478,114676,35757,0
6479,131405,131416,0
6480,36876,81120,0
6481,47948,15421,0
6482,40966,93205,0
6483,39260,22692,0
6484,10466,86573,0
6485,26095,24143,0
6486,8459,138783,0
6487,36403,91540,0
6488,70801,140260,0
6489,135933,125790,0
6490,154410,16531,0
6491,45556,10029,0
6492,81165,129162,0
6493,57526,100619,0
6494,63653,47528,0
6495,3434,50498,0
6496,25201,113184,0
6497,51480,5454,0
6498,117431,122471,0
6499,38174,152022,0
6500,152515,86031,0
6501,106786,98679,0
6502,154100,79310,0
6503,77668,4636,0
6504,83696,29256,0
6505,95833,4964,0
6506,88355,24398,0
6507,5900,141872,0
6508,72260,152222,0
6509,152027,134429,0
6510,62805,49126,0
6511,22889,48123,0
6512,17693,130037,0
6513,122026,60561,0
6514,338,116829,0
6515,103580,27671,0
6516,28623,78669,0
6517,15764,48638,0
6518,64783,52992,0
6519,17006,126193,0
6520,152169,75134,0
6521,101226,55502,0
6522,141271,41535,0
6523,10199,34861,0
6524,114016,11695,0
6525,96492,40522,0
6526,130724,153939,0
6527,76224,152127,0
6528,13451,128538,0
6529,27676,113871,0
6530,86706,11374,0
6531,130421,122081,0
6532,83432,102662,0
6533,21145,149228,0
6534,130951,43269,0
6535,128072,38534,0
6536,123876,126301,0
6537,16318,41528,0
6538,81725,111129,0
6539,59150,88022,0
6540,69,97217,0
6541,23900,14475,0
6542,41321,115586,0
6543,113374,101847,0
6544,47044,88210,0
6545,152950,137702,0
6546,54347,24796,0
6547,69063,99444,0
6548,91670,113687,0
6549,150349,58763,0
6550,50201,62496,0
6551,112636,83749,0
6552,49965,56828,0
6553,148377,112204,0
6554,63042,90395,0
6555,17477,116958,0
6556,114857,105859,0
6557,146196,127610,0
6558,99813,139101,0
6559,119906,83548,0
6560,64137,67797,0
6561,28128,91669,0
6562,138280,9669,0
6563,2346,18079,0
6564,105281,135085,0
6565,30607,152592,0
6566,37823,11438,0
6567,122126,119294,0
6568,128754,142357,0
6569,7646,117594,0
6570,128770,136264,0
6571,48558,18239,0
6572,131960,92444,0
6573,56807,150952,0
6574,14918,28365,0
6575,51752,80290,0
6576,3441,110357,0
6577,148532,942,0
6578,70364,33233,0
6579,139948,106257,0
6580,93274,74785,0
6581,58610,42058,0
6582,20136,124165,0
6583,4889,84783,0
6584,33741,41782,0
6585,150577,78354,0
6586,21316,54696,0
6587,83708,50560,0
6588,129842,132210,0
6589,50927,124949,0
6590,106757,67788,0
6591,107867,84882,0
6592,114286,69616,0
6593,149818,63105,0
6594,112076,19206,0
6595,97673,51947,0
6596,76906,99286,0
6597,118281,148796,0
6598,140190,112646,0
6599,23186,120032,0
6600,147918,79792,0
6601,62339,110578,0
6602,22568,54334,0
6603,6489,137043,0
6604,49057,143979,0
6605,31312,58761,0
6606,45599,3473,0
6607,17944,141698,0
6608,13273,37591,0
6609,127858,128775,0
6610,73562,35110,0
6611,65032,128205,0
6612,15508,15690,0
6613,146117,142778,0
6614,44980,65641,0
6615,15160,8846,0
6616,18390,42657,0
6617,73427,36899,0
6618,71768,21962,0
6619,119152,72349,0
6620,30219,32673,0
6621,93302,24922,0
6622,52720,26848,0
6623,27764,124107,0
6624,95196,44099,0
6625,26192,16970,0
6626,123573,1133,0
6627,11009,107099,0
6628,81727,144106,0
6629,86021,42478,0
6630,143767,84810,0
6631,37122,118425,0
6632,48263,102082,0
6633,98394,82958,0
6634,17055,82417,0
6635,103215,51381,0
6636,60206,29469,0
6637,32702,112330,0
6638,104719,80965,0
6639,91676,87340,0
6640,62507,40529,0
6641,93368,33753,0
6642,121598,94743,0
6643,8992,143593,0
6644,91633,10312,0
6645,142386,89650,0
6646,55148,14438,0
6647,50272,125307,0
6648,101469,32420,0
6649,136359,67113,0
6650,42047,80138,0
6651,68376,2353,0
6652,91275,134139,0
6653,132711,39801,0
6654,100519,3010,0
6655,9002,104339,0
6656,13022,91343,0
6657,62059,85742,0
6658,68278,132395,0
6659,135563,39261,0
6660,83826,13725,0
6661,76458,107368,0
6662,33155,63339,0
6663,69869,105936,0
6664,114367,19072,0
6665,115660,83284,0
6666,18220,23390,0
6667,24534,92649,0
6668,135145,41692,0
6669,138965,114929,0
6670,83737,828,0
6671,120552,32405,0
6672,90967,77554,0
6673,28385,19886,0
6674,6139,151908,0
6675,92546,141917,0
6676,40690,154648,0
6677,120772,23879,0
6678,14292,34811,0
6679,14150,151118,0
6680,73222,85996,0
6681,120134,103800,0
6682,74992,152561,0
6683,129311,89379,0
6684,27376,79420,0
6685,21006,25068,0
6686,113084,140850,0
6687,65071,145322,0
6688,77975,110729,0
6689,68035,114445,0
6690,87983,108681,0
6691,14458,115250,0
6692,89930,12191,0
6693,128924,115359,0
6694,62198,146269,0
6695,83432,74204,0
6696,12418,45440,0
6697,10840,54016,0
6698,68688,47784,0
6699,144277,54006,0
6700,69167,28706,0
6701,105442,54606,0
6702,108436,43032,0
6703,31854,34219,0
6704,82155,65461,0
6705,54839,148306,0
6706,9955,101511,0
6707,148928,110914,0
6708,152820,73933,0
6709,82011,104114,0
6710,14001,98553,0
6711,128208,98567,0
6712,65587,52965,0
6713,32514,11792,0
6714,81610,75672,0
6715,58291,103599,0
6716,143122,56019,0
6717,131980,100047,0
6718,73953,43691,0
6719,68135,36244,0
6720,53910,15993,0
6721,34175,136014,0
6722,119906,59204,0
6723,86159,56244,0
6724,144375,126813,0
6725,60468,142267,0
6726,14868,60190,0
6727,33358,74906,0
6728,93703,94434,0
6729,118186,3007,0
6730,146869,310,0
6731,110933,67081,0
6732,88040,17830,0
6733,11260,10125,0
6734,106498,30548,0
6735,101623,92029,0
6736,6874,857,0
6737,109727,10611,0
6738,54512,133217,0
6739,125273,4656,0
6740,36849,28093,0
6741,90702,79378,0
6742,20135,27004,0
6743,134511,4612,0
6744,52213,46828,0
6745,56498,23672,0
6746,148301,144229,0
6747,30351,39791,0
6748,41490,127635,0
6749,135934,22479,0
6750,42249,40951,0
6751,11235,23663,0
6752,112237,128017,0
6753,62106,52089,0
6754,28303,120447,0
6755,21016,147907,0
6756,120980,150458,0
6757,77149,21431,0
6758,144208,44978,0
6759,61199,119770,0
6760,102794,140672,0
6761,114443,1103,0
6762,115502,43763,0
6763,58145,41681,0
6764,117895,55770,0
6765,102735,128576,0
6766,52466,4674,0
6767,24888,747,0
6768,6900,7669,0
6769,23412,86329,0
6770,63128,48540,0
6771,69066,117826,0
6772,5326,117137,0
6773,127703,99526,0
6774,60657,89262,0
6775,138034,87616,0
6776,91226,171,0
6777,85466,11899,0
6778,72161,17219,0
6779,150060,52548,0
6780,106372,59805,0
6781,74092,52533,0
6782,116767,87640,0
6783,7923,45451,0
6784,43462,154490,0
6785,41595,152838,0
6786,48079,151583,0
6787,51099,113929,0
6788,91717,6600,0
6789,114794,57806,0
6790,39363,41487,0
6791,13028,108775,0
6792,14644,128313,0
6793,94272,50786,0
6794,32588,3377,0
6795,36443,4636,0
6796,76042,100717,0
6797,133134,8317,0
6798,41859,43804,0
6799,62310,6082,0
6800,110403,140839,0
6801,80680,101395,0
6802,18525,144446,0
6803,113013,108780,0
6804,32588,94066,0
6805,80637,3833,0
6806,40283,133199,0
6807,85037,107491,0
6808,133047,125340,0
6809,104780,18337,0
6810,89813,153140,0
6811,450,97841,0
6812,10375,11661,0
6813,123695,104846,0
6814,124141,101556,0
6815,89592,7327,0
6816,109833,85246,0
6817,146798,22416,0
6818,87479,54036,0
6819,123459,60214,0
6820,230,86722,0
6821,17057,32289,0
6822,149657,87083,0
6823,111433,57020,0
6824,50802,82465,0
6825,81095,71056,0
6826,73575,5819,0
6827,17547,49157,0
6828,148394,142817,0
6829,97473,117630,0
6830,61371,63810,0
6831,62663,15170,0
6832,63323,79304,0
6833,81654,116134,0
6834,77368,105740,0
6835,50557,75566,0
6836,25439,107814,0
6837,36210,96428,0
6838,116371,85464,0
6839,27872,73540,0
6840,92648,20322,0
6841,130174,112654,0
6842,71481,10789,0
6843,106043,17244,0
6844,45503,154105,0
6845,33169,94782,0
6846,95723,99761,0
6847,60978,154892,0
6848,103169,13510,0
6849,72314,129409,0
6850,118043,76425,0
6851,128767,59363,0
6852,49213,154145,0
6853,29285,87189,0
6854,98286,111200,0
6855,31564,147621,0
6856,124013,96302,0
6857,127100,131856,0
6858,25332,131202,0
6859,70029,146920,0
6860,71746,139976,0
6861,14343,152604,0
6862,81260,143292,0
6863,3228,81333,0
6864,74814,52838,0
6865,131700,46159,0
6866,87157,153930,0
6867,92030,113148,0
6868,33677,38667,0
6869,43378,124075,0
6870,65129,50146,0
6871,69339,89404,0
6872,110703,85263,0
6873,33881,46153,0
6874,78095,126706,0
6875,33020,116017,0
6876,95077,14419,0
6877,125844,97153,0
6878,46751,18188,0
6879,147278,130772,0
6880,78172,60249,0
6881,96687,82515,0
6882,14891,119306,0
6883,152948,14490,0
6884,22954,57112,0
6885,59426,24508,0
6886,123705,11186,0
6887,152626,112692,0
6888,123519,10906,0
6889,17932,110625,0
6890,48887,121696,0
6891,101764,34015,0
6892,33081,54943,0
6893,63373,54209,0
6894,11815,117114,0
6895,104679,8610,0
6896,105331,51313,0
6897,135265,82014,0
6898,24609,55264,0
6899,37507,111210,0
6900,38919,148952,0
6901,151357,130761,0
6902,20495,112181,0
6903,105280,20533,0
6904,150008,143656,0
6905,101460,62003,0
6906,108282,27469,0
6907,146196,120959,0
6908,127304,9167,0
6909,72543,45620,0
6910,7973,120171,0
6911,108992,57278,0
6912,11159,48895,0
6913,32562,36572,0
6914,67105,33685,0
6915,96611,84900,0
6916,28951,78083,0
6917,145951,116544,0
6918,123170,36351,0
6919,142976,46411,0
6920,105972,54381,0
6921,122680,41113,0
6922,70318,11679,0
6923,153869,151946,0
6924,3633,20026,0
6925,107817,123965,0
6926,80221,68445,0
6927,28068,42079,0
6928,126047,67354,0
6929,1995,142593,0
6930,18327,5174,0
6931,135137,116552,0
6932,113006,98469,0
6933,96227,115296,0
6934,42736,8501,0
6935,113594,57479,0
6936,9399,13281,0
6937,125375,2501,0
6938,66853,112962,0
6939,68132,130846,0
6940,123929,3716,0
6941,112815,134095,0
6942,47684,37682,0
6943,16772,100458,0
6944,141562,46581,0
6945,25101,138922,0
6946,35847,13260,0
6947,154698,53104,0
6948,23688,29508,0
6949,106746,94896,0
6950,25978,37852,0
6951,15046,152632,0
6952,76922,60816,0
6953,70662,154544,0
6954,36646,115280,0
6955,64762,76862,0
6956,101341,63366,0
6957,33633,40911,0
6958,8066,17874,0
6959,43425,68583,0
6960,125126,9444,0
6961,124609,4350,0
6962,136588,49845,0
6963,93279,109956,0
6964,66323,43222,0
6965,49349,34685,0
6966,75776,24655,0
6967,61827,90406,0
6968,36809,19217,0
6969,76463,119878,0
6970,137794,7267,0
6971,100387,10757,0
6972,87640,32526,0
6973,134816,74717,0
6974,28714,107677,0
6975,32471,113599,0
6976,51660,91215,0
6977,18948,78273,0
6978,45351,11567,0
6979,84717,80527,0
6980,30657,19110,0
6981,33724,78797,0
6982,90544,60641,0
6983,148900,32539,0
6984,10785,53431,0
6985,55733,8943,0
6986,32761,88328,0
6987,83781,27420,0
6988,44194,80202,0
6989,45615,33139,0
6990,78633,65246,0
6991,123899,82433,0
6992,34927,100684,0
6993,151346,129126,0
6994,152056,120988,0
6995,102998,152577,0
6996,44525,137434,0
6997,69393,120770,0
6998,55743,126806,0
6999,612,48141,0
7000,76921,154960,0
7001,112347,11622,0
7002,90073,129507,0
7003,92835,76978,0
7004,52024,44408,0
7005,58259,78378,0
7006,21811,12876,0
7007,140441,115269,0
7008,92984,138267,0
7009,133821,98524,0
7010,252,45730,0
7011,90919,91882,0
7012,125844,81700,0
7013,90546,42268,0
7014,8265,58445,0
7015,40009,117719,0
7016,137336,47877,0
7017,76048,152508,0
7018,59903,54373,0
7019,52100,1936,0
7020,39832,124469,0
7021,92416,147680,0
7022,90170,138190,0
7023,76605,50799,0
7024,22604,51327,0
7025,56638,40816,0
7026,86878,29038,0
7027,154857,140928,0
7028,148035,149199,0
7029,42628,40082,0
7030,67009,65448,0
7031,76204,144436,0
7032,97223,70826,0
7033,132626,71014,0
7034,57841,120259,0
7035,51497,4943,0
7036,120373,98104,0
7037,36313,11294,0
7038,78676,124161,0
7039,134243,120187,0
7040,111678,127251,0
7041,92899,30265,0
7042,4459,140506,0
7043,143029,78312,0
7044,51487,60048,0
7045,150876,108164,0
7046,147147,36232,0
7047,10477,13141,0
7048,7467,75585,0
7049,119852,147509,0
7050,6947,20230,0
7051,63039,13205,0
7052,21002,9402,0
7053,71269,75733,0
7054,45228,48487,0
7055,16204,32510,0
7056,79844,149011,0
7057,35977,54615,0
7058,42435,84824,0
7059,60818,63277,0
7060,44817,34924,0
7061,27515,28245,0
7062,141452,94566,0
7063,97262,151791,0
7064,6371,100263,0
7065,92096,144710,0
7066,85921,11345,0
7067,6894,83264,0
7068,25294,111402,0
7069,57994,9154,0
7070,49116,30295,0
7071,82019,96102,0
7072,5948,115744,0
7073,128007,57774,0
7074,82644,106412,0
7075,142426,109197,0
7076,85755,8567,0
7077,93513,73797,0
7078,96033,26850,0
7079,145750,68671,0
7080,40430,115368,0
7081,87840,4921,0
7082,11154,45907,0
7083,6284,90266,0
7084,50494,58932,0
7085,145924,7449,0
7086,86133,125909,0
7087,37226,99159,0
7088,115277,41437,0
7089,31557,56466,0
7090,40290,102365,0
7091,48147,124411,0
7092,126396,134059,0
7093,55268,147834,0
7094,103796,79163,0
7095,27593,52284,0
7096,111861,135738,0
7097,147245,61951,0
7098,5959,61740,0
7099,129916,73639,0
7100,73799,72630,0
7101,15109,137761,0
7102,146282,129051,0
7103,102820,118271,0
7104,62017,115594,0
7105,68539,6294,0
7106,34448,129645,0
7107,19417,108596,0
7108,24157,126953,0
7109,36199,62893,0
7110,23546,149083,0
7111,28061,68299,0
7112,133551,145871,0
7113,58538,150465,0
7114,24322,18454,0
7115,120151,55440,0
7116,37667,71995,0
7117,28263,33214,0
7118,95641,45577,0
7119,53198,116673,0
7120,72476,87914,0
7121,10358,103675,0
7122,75484,99674,0
7123,112000,31143,0
7124,5295,82207,0
7125,83665,112509,0
7126,100245,133196,0
7127,154186,50237,0
7128,56686,38485,0
7129,111299,70221,0
7130,35335,41425,0
7131,50996,131085,0
7132,2761,123890,0
7133,106019,47899,0
7134,112202,60519,0
7135,138170,24534,0
7136,137362,88579,0
7137,95754,20311,0
7138,134105,63177,0
7139,117665,35410,0
7140,63021,23358,0
7141,29250,135811,0
7142,98256,131206,0
7143,130304,32010,0
7144,118901,34574,0
7145,128894,129723,0
7146,113407,102675,0
7147,151934,129777,0
7148,49842,122111,0
7149,82201,61972,0
7150,119896,53189,0
7151,61485,147342,0
7152,65198,921,0
7153,49535,47189,0
7154,86419,84142,0
7155,42577,100772,0
7156,11312,62933,0
7157,138527,132144,0
7158,119329,62453,0
7159,19153,44012,0
7160,18671,94384,0
7161,17986,98213,0
7162,100245,147142,0
7163,13651,38935,0
7164,57571,49981,0
7165,131586,15411,0
7166,70718,53053,0
7167,86027,58991,0
7168,29130,115223,0
7169,7924,71502,0
7170,80618,34345,0
7171,101273,153385,0
7172,115141,81874,0
7173,152391,109246,0
7174,81128,97029,0
7175,123364,66548,0
7176,151362,137715,0
7177,63794,145531,0
7178,143642,47962,0
7179,126697,126684,0
7180,89162,13869,0
7181,23766,86066,0
7182,132673,72370,0
7183,14324,96476,0
7184,125179,47787,0
7185,105586,45247,0
7186,41785,134487,0
7187,72718,147023,0
7188,127678,60020,0
7189,140774,138447,0
7190,125269,40078,0
7191,101455,15846,0
7192,46214,50213,0
7193,86890,48630,0
7194,86044,46635,0
7195,7148,45048,0
7196,2605,121763,0
7197,56637,69265,0
7198,139168,49691,0
7199,16253,52814,0
7200,54121,67192,0
7201,24156,145108,0
7202,99456,60281,0
7203,8518,111200,0
7204,119918,27878,0
7205,1470,143532,0
7206,34543,17567,0
7207,1143,145340,0
7208,124254,2513,0
7209,38026,68984,0
7210,131168,119699,0
7211,26564,132257,0
7212,69127,7671,0
7213,40127,133554,0
7214,87695,94841,0
7215,141549,16791,0
7216,68922,4025,0
7217,89177,60784,0
7218,139982,50782,0
7219,31350,3599,0
7220,47758,44594,0
7221,136643,68386,0
7222,80600,1494,0
7223,126524,49619,0
7224,37203,66956,0
7225,83266,88198,0
7226,83969,102910,0
7227,17156,144815,0
7228,113835,65882,0
7229,63898,105379,0
7230,34332,10754,0
7231,115825,58574,0
7232,57142,109683,0
7233,58877,134454,0
7234,81928,94394,0
7235,33463,144486,0
7236,151445,88232,0
7237,155109,79253,0
7238,45284,72436,0
7239,1847,154325,0
7240,42082,26312,0
7241,14148,119006,0
7242,19855,103961,0
7243,53394,78436,0
7244,94216,147858,0
7245,94873,42279,0
7246,1404,55690,0
7247,54565,146709,0
7248,60887,99006,0
7249,69882,140137,0
7250,133858,77361,0
7251,98367,64447,0
7252,118033,123312,0
7253,136370,77620,0
7254,149034,107966,0
7255,81267,32996,0
7256,73173,83145,0
7257,59539,4272,0
7258,114644,18235,0
7259,139251,147795,0
7260,41896,46197,0
7261,5698,122560,0
7262,6975,138704,0
7263,143669,84492,0
7264,112971,152599,0
7265,81533,115264,0
7266,77448,56509,0
7267,127498,65376,0
7268,91408,26632,0
7269,131752,98266,0
7270,106879,154515,0
7271,148772,25030,0
7272,24342,108933,0
7273,150589,9287,0
7274,146835,92196,0
7275,112742,19236,0
7276,8549,31728,0
7277,137484,11832,0
7278,2903,77191,0
7279,138021,93515,0
7280,80105,124556,0
7281,127938,114489,0
7282,19883,2766,0
7283,1882,36717,0
7284,119142,73889,0
7285,9035,98567,0
7286,139535,1678,0
7287,38153,81398,0
7288,23413,109040,0
7289,125080,63641,0
7290,79429,87004,0
7291,68993,69668,0
7292,118312,49325,0
7293,90227,96286,0
7294,42502,114058,0
7295,70735,69456,0
7296,11614,16463,0
7297,1023,109505,0
7298,39450,66506,0
7299,80791,106703,0
7300,4415,77855,0
7301,84608,38064,0
7302,133688,150201,0
7303,107067,119627,0
7304,117918,19561,0
7305,141633,66492,0
7306,87500,17147,0
7307,92328,67564,0
7308,75894,71531,0
7309,152567,48850,0
7310,16757,140425,0
7311,128918,102646,0
7312,72675,73962,0
7313,24815,36454,0
7314,21136,16875,0
7315,134533,63212,0
7316,126833,130231,0
7317,148918,118454,0
7318,35603,4305,0
7319,147097,24874,0
7320,9927,102792,0
7321,83659,81251,0
7322,35485,92170,0
7323,23548,107112,0
7324,16815,52033,0
7325,1971,151535,0
7326,83812,55886,0
7327,128857,130255,0
7328,130653,19084,0
7329,138570,21133,0
7330,151200,26055,0
7331,47990,15683,0
7332,15928,75193,0
7333,93923,102258,0
7334,53943,50414,0
7335,119120,150492,0
7336,58396,146906,0
7337,149275,14403,0
7338,85784,69642,0
7339,28473,82689,0
7340,63456,51233,0
7341,112407,89841,0
7342,73039,78862,0
7343,23131,26735,0
7344,53357,70921,0
7345,127583,3337,0
7346,2340,18009,0
7347,99326,63738,0
7348,106884,2107,0
7349,60599,95363,0
7350,32753,90365,0
7351,135515,46325,0
7352,68208,41456,0
7353,69900,16229,0
7354,78929,45759,0
7355,43113,74746,0
7356,104118,96557,0
7357,95748,84100,0
7358,61923,111065,0
7359,97965,114891,0
7360,92006,36507,0
7361,17798,134943,0
7362,42642,101688,0
7363,43519,118581,0
7364,93448,51450,0
7365,136610,33300,0
7366,81942,8167,0
7367,43506,102221,0
7368,38478,44992,0
7369,119837,31478,0
7370,119791,52712,0
7371,106517,134380,0
7372,14875,85883,0
7373,68469,31651,0
7374,82674,7932,0
7375,61824,95558,0
7376,74460,19434,0
7377,82332,72385,0
7378,79706,92402,0
7379,107697,152636,0
7380,126029,110597,0
7381,29809,53765,0
7382,154859,35337,0
7383,89330,21652,0
7384,71351,45298,0
7385,148347,77308,0
7386,135214,2243,0
7387,120501,77874,0
7388,133,49964,0
7389,49691,116124,0
7390,17046,134334,0
7391,99882,76270,0
7392,99697,124431,0
7393,140733,132745,0
7394,33980,42582,0
7395,116849,16492,0
7396,142158,124026,0
7397,129801,121708,0
7398,149820,13995,0
7399,38270,71728,0
7400,25714,74789,0
7401,38727,100907,0
7402,51054,111154,0
7403,151847,4845,0
7404,128697,89635,0
7405,47473,136046,0
7406,152293,17165,0
7407,123673,102734,0
7408,47996,27005,0
7409,78938,150609,0
7410,87219,92271,0
7411,140967,87837,0
7412,24163,86677,0
7413,12066,115413,0
7414,82504,19402,0
7415,147453,76401,0
7416,37993,5215,0
7417,24609,147014,0
7418,20858,53226,0
7419,115105,149541,0
7420,69559,24534,0
7421,7163,78774,0
7422,29700,12309,0
7423,5056,125892,0
7424,77683,123955,0
7425,41712,78207,0
7426,36743,91351,0
7427,17105,11777,0
7428,69656,23064,0
7429,141850,95346,0
7430,107327,137908,0
7431,12405,52792,0
7432,2045,10798,0
7433,43330,112430,0
7434,125948,150448,0
7435,153302,104061,0
7436,79961,72584,0
7437,54504,123526,0
7438,122680,126079,0
7439,44041,64409,0
7440,107416,38434,0
7441,106743,105811,0
7442,139251,38299,0
7443,50941,10787,0
7444,48250,33423,0
7445,108483,52191,0
7446,51985,81356,0
7447,46250,4119,0
7448,9199,116365,0
7449,76653,13185,0
7450,111455,64857,0
7451,101067,30915,0
7452,84490,32209,0
7453,92251,24433,0
7454,51206,70893,0
7455,32521,149594,0
7456,149988,100360,0
7457,26461,139430,0
7458,89646,24114,0
7459,151846,38396,0
7460,14595,138493,0
7461,151844,94153,0
7462,937,99749,0
7463,63191,22765,0
7464,27511,120160,0
7465,60745,78116,0
7466,16126,112265,0
7467,17595,51151,0
7468,29402,76235,0
7469,92553,137171,0
7470,153571,129396,0
7471,137847,47844,0
7472,32341,88730,0
7473,74355,54577,0
7474,80600,90132,0
7475,16401,115466,0
7476,44637,45824,0
7477,146934,1139,0
7478,75302,49861,0
7479,66500,67703,0
7480,65223,15425,0
7481,1355,10635,0
7482,95367,71977,0
7483,151360,81904,0
7484,61844,48308,0
7485,96406,131983,0
7486,60836,145786,0
7487,95803,44757,0
7488,65119,83918,0
7489,120700,80089,0
7490,33384,68699,0
7491,153074,154302,0
7492,72604,129383,0
7493,115534,75367,0
7494,141281,110501,0
7495,93125,132936,0
7496,95227,55425,0
7497,80814,21723,0
7498,43066,140762,0
7499,11606,110551,0
7500,143913,103432,0
7501,45798,46885,0
7502,16689,58912,0
7503,116510,138842,0
7504,96908,31059,0
7505,138792,140602,0
7506,59355,88019,0
7507,136671,148947,0
7508,40180,88827,0
7509,71147,121293,0
7510,96553,11616,0
7511,54017,8924,0
7512,90578,126412,0
7513,154154,92684,0
7514,99579,89504,0
7515,97292,84192,0
7516,151469,132025,0
7517,85656,38666,0
7518,100873,136321,0
7519,19005,31202,0
7520,134674,110360,0
7521,32410,3802,0
7522,144437,64015,0
7523,41144,154412,0
7524,40060,101064,0
7525,46104,63307,0
7526,44841,93384,0
7527,149881,56564,0
7528,103775,46821,0
7529,34993,36985,0
7530,149756,14629,0
7531,143316,126379,0
7532,28713,3396,0
7533,14934,117196,0
7534,128255,30252,0
7535,49617,139256,0
7536,13381,37053,0
7537,39217,64871,0
7538,147052,149978,0
7539,140493,79003,0
7540,111362,146214,0
7541,106006,98736,0
7542,123450,140049,0
7543,95565,97682,0
7544,83694,51140,0
7545,62886,25748,0
7546,9373,108715,0
7547,18049,60937,0
7548,92313,105362,0
7549,134633,127021,0
7550,136903,105939,0
7551,118084,897,0
7552,33832,52604,0
7553,50015,78581,0
7554,16953,16585,0
7555,19567,154593,0
7556,76569,31929,0
7557,127032,101496,0
7558,64557,105393,0
7559,60755,47184,0
7560,75031,5019,0
7561,120137,118867,0
7562,38665,27193,0
7563,39689,54232,0
7564,124727,41833,0
7565,112946,17931,0
7566,16886,149250,0
7567,104014,57515,0
7568,35342,81614,0
7569,108282,73914,0
7570,70632,105593,0
7571,64183,122218,0
7572,11318,63273,0
7573,97478,79657,0
7574,32877,88206,0
7575,122391,84223,0
7576,85022,139410,0
7577,17256,41867,0
7578,4918,97671,0
7579,140258,99722,0
7580,84279,36368,0
7581,105635,51215,0
7582,69210,74093,0
7583,84871,89487,0
7584,35726,68269,0
7585,46207,121750,0
7586,2695,17620,0
7587,72726,10392,0
7588,130563,4406,0
7589,110189,9337,0
7590,105615,151813,0
7591,30803,32207,0
7592,145249,30354,0
7593,150867,88385,0
7594,16471,139917,0
7595,78656,15061,0
7596,10373,2997,0
7597,78799,20141,0
7598,64883,129581,0
7599,9844,84677,0
7600,77024,122564,0
7601,15118,55501,0
7602,44027,1412,0
7603,131482,126391,0
7604,25901,84791,0
7605,116041,134183,0
7606,98204,24640,0
7607,35719,81944,0
7608,98110,18317,0
7609,14347,9113,0
7610,72908,47221,0
7611,68086,14560,0
7612,61915,116711,0
7613,98437,30968,0
7614,91275,57573,0
7615,74190,128782,0
7616,76329,79889,0
7617,118985,129103,0
7618,83779,138532,0
7619,130539,79853,0
7620,89376,131182,0
7621,36617,6289,0
7622,35683,54055,0
7623,59659,135239,0
7624,109658,70921,0
7625,84619,72334,0
7626,37120,75115,0
7627,62810,27142,0
7628,106934,112929,0
7629,54389,104584,0
7630,81122,118400,0
7631,115230,136703,0
7632,82981,18419,0
7633,35985,55638,0
7634,122968,100523,0
7635,2937,5418,0
7636,76759,125994,0
7637,56673,3767,0
7638,96918,108685,0
7639,122219,50938,0
7640,19215,61960,0
7641,88259,22314,0
7642,127961,114838,0
7643,146507,128517,0
7644,37448,136435,0
7645,148251,73135,0
7646,25006,40131,0
7647,49907,2621,0
7648,150171,70550,0
7649,19128,139208,0
7650,113375,1106,0
7651,122604,56583,0
7652,113173,63408,0
7653,60101,137223,0
7654,74226,152599,0
7655,129308,139768,0
7656,34006,138641,0
7657,14024,59066,0
7658,120289,25957,0
7659,153262,124006,0
7660,127237,1367,0
7661,80776,25460,0
7662,47528,115388,0
7663,84495,22250,0
7664,19266,36275,0
7665,6100,78924,0
7666,83722,15107,0
7667,60266,98044,0
7668,79346,23089,0
7669,114458,22607,0
7670,118749,143998,0
7671,47890,73877,0
7672,77393,45308,0
7673,78644,31569,0
7674,1217,16782,0
7675,39040,13885,0
7676,112237,105297,0
7677,115022,151265,0
7678,4356,49403,0
7679,95202,41607,0
7680,50806,9087,0
7681,4374,149517,0
7682,18619,34684,0
7683,126211,96357,0
7684,46630,152296,0
7685,68891,41997,0
7686,27762,111573,0
7687,108860,23072,0
7688,81047,6319,0
7689,92438,83258,0
7690,25547,132194,0
7691,46145,51412,0
7692,58145,21704,0
7693,23890,30596,0
7694,92266,22080,0
7695,98528,21024,0
7696,81549,71797,0
7697,65030,145761,0
7698,118821,129221,0
7699,95865,17698,0
7700,97418,147801,0
7701,149698,152997,0
7702,108145,42190,0
7703,134545,91866,0
7704,111553,9533,0
7705,3412,111095,0
7706,137747,91234,0
7707,53582,77736,0
7708,5203,143812,0
7709,88922,145427,0
7710,85865,59327,0
7711,92418,143820,0
7712,78195,138253,0
7713,13388,127041,0
7714,155192,65419,0
7715,147909,153499,0
7716,18842,108396,0
7717,15341,112883,0
7718,111435,147636,0
7719,128436,56854,0
7720,134050,141419,0
7721,99239,8857,0
7722,150466,75584,0
7723,148269,1402,0
7724,63973,135558,0
7725,69957,34880,0
7726,41922,153462,0
7727,24237,47242,0
7728,139971,39267,0
7729,53620,27297,0
7730,135736,83611,0
7731,93900,143493,0
7732,10978,20769,0
7733,149178,3896,0
7734,783,97250,0
7735,3665,129863,0
7736,29721,5602,0
7737,141356,127801,0
7738,141346,58141,0
7739,126577,151746,0
7740,32007,58675,0
7741,13434,127172,0
7742,109156,19411,0
7743,15232,99679,0
7744,1790,2244,0
7745,68279,52624,0
7746,109112,23143,0
7747,64475,81979,0
7748,54781,132596,0
7749,2635,19673,0
7750,65794,117082,0
7751,93660,153953,0
7752,26459,22799,0
7753,142214,149548,0
7754,55387,61339,0
7755,142000,58852,0
7756,92474,106628,0
7757,102039,146205,0
7758,123507,50240,0
7759,48807,103156,0
7760,30722,150515,0
7761,72195,10948,0
7762,96267,96505,0
7763,56218,103553,0
7764,82415,5805,0
7765,6126,113019,0
7766,147923,113408,0
7767,67348,16869,0
7768,8957,65338,0
7769,95877,92830,0
7770,5959,82955,0
7771,134672,93529,0
7772,49682,113204,0
7773,21731,29167,0
7774,142997,121807,0
7775,125230,46678,0
7776,55642,69860,0
7777,70280,134131,0
7778,102350,121987,0
7779,72990,151517,0
7780,20502,126134,0
7781,60510,83921,0
7782,90318,84042,0
7783,35750,9971,0
7784,1186,122039,0
7785,148422,65360,0
7786,70415,106959,0
7787,3412,28207,0
7788,75766,9429,0
7789,104709,80657,0
7790,99235,100631,0
7791,134596,39782,0
7792,100972,128733,0
7793,32324,138520,0
7794,108116,104290,0
7795,79966,112168,0
7796,71466,21121,0
7797,49503,56533,0
7798,133202,55821,0
7799,113942,61178,0
7800,105431,56714,0
7801,20755,118847,0
7802,30045,73438,0
7803,106274,143506,0
7804,61962,16558,0
7805,48427,10591,0
7806,24138,71058,0
7807,53421,76881,0
7808,55904,106863,0
7809,131604,151908,0
7810,44793,35722,0
7811,710,34550,0
7812,148547,111883,0
7813,133806,152041,0
7814,78904,53142,0
7815,129029,138346,0
7816,99590,116453,0
7817,35335,70837,0
7818,17104,28864,0
7819,9244,14106,0
7820,93382,118212,0
7821,121224,91659,0
7822,42151,98448,0
7823,11325,55504,0
7824,70269,56003,0
7825,143016,138712,0
7826,33948,58544,0
7827,96811,40191,0
7828,15000,151897,0
7829,56922,66710,0
7830,82539,15493,0
7831,45592,24103,0
7832,26211,113154,0
7833,152249,87696,0
7834,116327,128398,0
7835,102622,7673,0
7836,72697,60367,0
7837,103865,58847,0
7838,25764,77084,0
7839,102532,99695,0
7840,8519,90055,0
7841,77568,39022,0
7842,69210,1307,0
7843,19575,37177,0
7844,2726,26267,0
7845,40880,122384,0
7846,51531,118269,0
7847,128916,89220,0
7848,115112,124886,0
7849,108059,132000,0
7850,26884,135872,0
7851,121222,100264,0
7852,152906,35390,0
7853,57617,45275,0
7854,107086,102143,0
7855,36253,62483,0
7856,132314,1853,0
7857,149066,112754,0
7858,133943,62082,0
7859,89348,51755,0
7860,82484,86502,0
7861,13907,73911,0
7862,20829,53325,0
7863,11272,98049,0
7864,57559,11207,0
7865,77210,141544,0
7866,121351,110932,0
7867,113434,5539,0
7868,127609,133641,0
7869,71777,61837,0
7870,105847,88381,0
7871,140615,95714,0
7872,143050,145856,0
7873,56571,84670,0
7874,137781,154782,0
7875,131929,89481,0
7876,111175,148243,0
7877,114092,116082,0
7878,44557,98498,0
7879,105582,55896,0
7880,72989,71708,0
7881,21857,128336,0
7882,16904,75945,0
7883,68511,7393,0
7884,14994,25375,0
7885,150959,73684,0
7886,88478,83719,0
7887,114393,99292,0
7888,122527,39972,0
7889,625,65445,0
7890,119884,55080,0
7891,16572,98986,0
7892,87547,104677,0
7893,67671,143673,0
7894,44518,84457,0
7895,557,70128,0
7896,89567,146076,0
7897,50868,117276,0
7898,74413,126855,0
7899,34950,122868,0
7900,100762,66235,0
7901,24595,147666,0
7902,46914,42182,0
7903,30778,151028,0
7904,92780,117688,0
7905,154338,101406,0
7906,138569,75549,0
7907,64783,127404,0
7908,126564,23289,0
7909,97060,126439,0
7910,100562,116120,0
7911,98389,97786,0
7912,144708,86731,0
7913,79260,93136,0
7914,38143,99545,0
7915,67560,100940,0
7916,106239,132387,0
7917,42959,74892,0
7918,91418,76952,0
7919,138840,110694,0
7920,122065,139816,0
7921,5802,134603,0
7922,28682,81337,0
7923,40282,12422,0
7924,28389,125860,0
7925,109457,1585,0
7926,68402,62155,0
7927,154445,109735,0
7928,75535,122338,0
7929,22786,40040,0
7930,144208,15101,0
7931,4852,65997,0
7932,1205,90129,0
7933,145375,57754,0
7934,60136,99748,0
7935,112826,140273,0
7936,90155,2411,0
7937,103625,56557,0
7938,40013,72638,0
7939,4614,65757,0
7940,46520,107823,0
7941,90246,69070,0
7942,64059,154911,0
7943,112829,101859,0
7944,103271,66023,0
7945,19807,132114,0
7946,54797,3825,0
7947,15240,152806,0
7948,47157,139010,0
7949,13418,80404,0
7950,127524,99373,0
7951,44401,38942,0
7952,154327,16936,0
7953,54937,56726,0
7954,143377,107409,0
7955,141378,137190,0
7956,863,105397,0
7957,96706,48525,0
7958,70100,76059,0
7959,110952,68503,0
7960,17781,83671,0
7961,140084,136926,0
7962,96152,35060,0
7963,31117,64037,0
7964,144413,68302,0
7965,107138,100141,0
7966,57851,109334,0
7967,53539,107785,0
7968,18473,3792,0
7969,6894,13540,0
7970,103811,87584,0
7971,107173,139195,0
7972,88774,57612,0
7973,45645,78323,0
7974,107580,67804,0
7975,41715,106907,0
7976,8814,148811,0
7977,24856,18717,0
7978,107805,129588,0
7979,6019,70105,0
7980,115554,86438,0
7981,132512,131525,0
7982,130635,78395,0
7983,143559,45966,0
7984,105805,67966,0
7985,82677,83751,0
7986,79828,59454,0
7987,44785,18359,0
7988,135733,93819,0
7989,69465,67039,0
7990,66541,91422,0
7991,38062,3067,0
7992,143312,59714,0
7993,130782,42892,0
7994,84752,91911,0
7995,121925,30230,0
7996,34586,66665,0
7997,139631,82702,0
7998,15785,73756,0
7999,148450,93835,0
8000,29370,43749,0
8001,22290,136283,0
8002,81333,22518,0
8003,107359,44609,0
8004,95208,154270,0
8005,113026,76897,0
8006,9979,109340,0
8007,149202,76121,0
8008,45404,29437,0
8009,97120,639,0
8010,52636,12165,0
8011,145584,67182,0
8012,133877,116257,0
8013,52085,112718,0
8014,19264,17319,0
8015,65455,80524,0
8016,99736,69739,0
8017,47699,4155,0
8018,3365,26339,0
8019,47941,127333,0
8020,26648,39678,0
8021,95590,17223,0
8022,25949,144128,0
8023,20683,80703,0
8024,115330,150901,0
8025,64141,143346,0
8026,130765,111615,0
8027,104042,108397,0
8028,37793,119255,0
8029,69690,27893,0
8030,100097,77119,0
8031,148086,96834,0
8032,111262,60108,0
8033,108777,94326,0
8034,62185,18094,0
8035,114487,54981,0
8036,143203,132574,0
8037,67764,102798,0
8038,110417,139404,0
8039,34621,58863,0
8040,32,120556,0
8041,116814,2008,0
8042,61643,144073,0
8043,94461,15654,0
8044,73443,27728,0
8045,1382,76707,0
8046,74890,65010,0
8047,89278,88982,0
8048,26837,21616,0
8049,46545,151494,0
8050,122479,148331,0
8051,97446,38452,0
8052,98270,8634,0
8053,37663,32240,0
8054,82071,139285,0
8055,99762,26901,0
8056,105887,130173,0
8057,2029,143498,0
8058,70919,142901,0
8059,123654,129515,0
8060,5971,28170,0
8061,133402,135843,0
8062,118464,149894,0
8063,154389,54158,0
8064,111396,22162,0
8065,117936,89850,0
8066,95500,114066,0
8067,122934,30786,0
8068,62615,131228,0
8069,69248,89958,0
8070,124684,14256,0
8071,121153,135304,0
8072,48006,115910,0
8073,38177,82096,0
8074,124419,23192,0
8075,92532,54421,0
8076,71225,30477,0
8077,103251,30751,0
8078,119893,10333,0
8079,128248,12815,0
8080,97008,146866,0
8081,42753,100060,0
8082,135540,152555,0
8083,77149,10948,0
8084,121398,1985,0
8085,31921,6234,0
8086,23728,118689,0
8087,3110,106001,0
8088,2334,50839,0
8089,142125,58476,0
8090,12229,124559,0
8091,17553,74324,0
8092,150227,137596,0
8093,132509,112434,0
8094,101815,82976,0
8095,16167,65851,0
8096,30858,50371,0
8097,100051,18648,0
8098,131630,89712,0
8099,77831,68380,0
8100,93390,15268,0
8101,88884,32867,0
8102,68228,107067,0
8103,95636,52809,0
8104,125026,113847,0
8105,149317,60985,0
8106,66239,76342,0
8107,48054,115869,0
8108,123313,56504,0
8109,132248,28938,0
8110,38087,57568,0
8111,107613,17632,0
8112,38353,85843,0
8113,52100,76754,0
8114,146271,52929,0
8115,3486,147484,0
8116,80895,35959,0
8117,143554,103301,0
8118,105000,87465,0
8119,38412,61214,0
8120,75052,58324,0
8121,52456,131337,0
8122,98569,29176,0
8123,18780,16041,0
8124,14762,144927,0
8125,60978,146894,0
8126,57319,142411,0
8127,58408,74897,0
8128,152771,63966,0
8129,89709,34432,0
8130,46333,151201,0
8131,29664,128191,0
8132,54924,56827,0
8133,2517,73099,0
8134,122529,144314,0
8135,90464,55803,0
8136,52575,9616,0
8137,63348,37840,0
8138,99830,124581,0
8139,61038,100990,0
8140,144069,30228,0
8141,24595,153381,0
8142,151279,33938,0
8143,67368,56067,0
8144,142906,98934,0
8145,44209,101433,0
8146,49846,116158,0
8147,43336,114379,0
8148,20908,28701,0
8149,74882,134099,0
8150,72955,120597,0
8151,110094,1823,0
8152,97853,76335,0
8153,69250,96025,0
8154,138378,140221,0
8155,119651,58757,0
8156,27069,125473,0
8157,110022,42795,0
8158,127396,93313,0
8159,40716,18969,0
8160,18697,23541,0
8161,7003,127257,0
8162,110263,6698,0
8163,59134,59481,0
8164,44056,112004,0
8165,119934,82133,0
8166,16562,51999,0
8167,105646,93050,0
8168,58431,82748,0
8169,84700,129608,0
8170,69277,93214,0
8171,137958,136301,0
8172,59151,70733,0
8173,4021,147264,0
8174,136482,62662,0
8175,77827,134939,0
8176,124362,114569,0
8177,144870,19674,0
8178,38355,99433,0
8179,151637,128478,0
8180,123015,122780,0
8181,123669,44986,0
8182,113628,125193,0
8183,87255,13985,0
8184,154878,147017,0
8185,79567,1940,0
8186,25928,11805,0
8187,127725,53440,0
8188,14003,123519,0
8189,20231,29125,0
8190,35602,52922,0
8191,95161,94307,0
8192,147986,114552,0
8193,110972,50610,0
8194,120985,23023,0
8195,125290,64500,0
8196,148683,150214,0
8197,36249,75836,0
8198,125236,92189,0
8199,106203,152085,0
8200,30788,94659,0
8201,4629,7654,0
8202,49354,14907,0
8203,139088,44396,0
8204,10864,81751,0
8205,125039,124260,0
8206,26989,136163,0
8207,87220,70569,0
8208,4870,109581,0
8209,8160,112125,0
8210,138843,30497,0
8211,95238,23530,0
8212,4857,1099,0
8213,14383,126571,0
8214,51907,132559,0
8215,123299,121595,0
8216,73557,124849,0
8217,90160,101899,0
8218,87047,72216,0
8219,143866,136471,0
8220,131971,144213,0
8221,80309,75978,0
8222,86746,111108,0
8223,47880,982,0
8224,40304,104729,0
8225,150548,2818,0
8226,70075,126815,0
8227,59668,22999,0
8228,93657,125720,0
8229,64866,53578,0
8230,94918,49285,0
8231,110814,57005,0
8232,19032,135902,0
8233,78919,133159,0
8234,143177,50213,0
8235,148622,149640,0
8236,93277,134137,0
8237,47936,113247,0
8238,40881,80016,0
8239,65784,31926,0
8240,17513,29636,0
8241,116943,107723,0
8242,22685,1078,0
8243,84213,18781,0
8244,14751,131936,0
8245,86947,62641,0
8246,99193,67250,0
8247,77087,20387,0
8248,62551,128615,0
8249,126398,75916,0
8250,154556,62723,0
8251,108348,50526,0
8252,83742,75602,0
8253,27482,5425,0
8254,52910,76004,0
8255,129957,90535,0
8256,97415,58531,0
8257,97475,25970,0
8258,149588,917,0
8259,63352,62763,0
8260,38147,122316,0
8261,92750,125511,0
8262,118717,107654,0
8263,25130,62951,0
8264,131851,98657,0
8265,95616,128687,0
8266,24503,132243,0
8267,29238,2493,0
8268,34816,81832,0
8269,85710,150821,0
8270,122626,1120,0
8271,149422,117248,0
8272,102535,81758,0
8273,12515,108969,0
8274,80022,149789,0
8275,135244,70099,0
8276,141363,55956,0
8277,6697,116125,0
8278,104491,54254,0
8279,88957,62926,0
8280,38156,123900,0
8281,21206,12516,0
8282,86861,41097,0
8283,66211,12885,0
8284,129812,126193,0
8285,152754,95381,0
8286,118957,53808,0
8287,84517,92861,0
8288,28919,88742,0
8289,133821,97163,0
8290,9293,20416,0
8291,86395,65640,0
8292,37647,88996,0
8293,124563,93454,0
8294,80504,676,0
8295,44811,5272,0
8296,24888,3158,0
8297,89032,34902,0
8298,149698,45809,0
8299,40198,29909,0
8300,37510,148509,0
8301,50901,69850,0
8302,129501,91749,0
8303,114340,1856,0
8304,154855,106329,0
8305,117152,8846,0
8306,154259,79240,0
8307,51070,22,0
8308,114314,101184,0
8309,144336,80573,0
8310,140692,144718,0
8311,24653,105246,0
8312,83440,87758,0
8313,137729,7524,0
8314,21935,63332,0
8315,132611,18484,0
8316,132247,41111,0
8317,19264,105603,0
8318,140444,92456,0
8319,43450,9987,0
8320,114797,115526,0
8321,83871,72880,0
8322,38256,102025,0
8323,32830,3156,0
8324,152403,126838,0
8325,8096,119747,0
8326,95324,3052,0
8327,108066,4321,0
8328,129062,56743,0
8329,36948,136329,0
8330,129854,154616,0
8331,826,57089,0
8332,62308,38921,0
8333,143125,2274,0
8334,113560,100954,0
8335,16209,82759,0
8336,86487,73130,0
8337,35667,123747,0
8338,32790,50288,0
8339,120343,150324,0
8340,14919,29748,0
8341,68789,89843,0
8342,51675,70571,0
8343,137560,68970,0
8344,154683,91017,0
8345,8635,32348,0
8346,32419,154591,0
8347,65832,62496,0
8348,43502,113226,0
8349,99329,107871,0
8350,114641,14264,0
8351,110311,127843,0
8352,53947,134188,0
8353,46890,9156,0
8354,48453,29353,0
8355,31485,89169,0
8356,86958,8094,0
8357,9925,113834,0
8358,127542,38452,0
8359,77907,3203,0
8360,123743,94771,0
8361,15191,15412,0
8362,27329,39750,0
8363,11874,67621,0
8364,116727,26719,0
8365,107834,46149,0
8366,77474,9885,0
8367,144529,116256,0
8368,43941,119441,0
8369,17997,24400,0
8370,44230,117217,0
8371,129892,136005,0
8372,36597,69103,0
8373,92866,3086,0
8374,96598,90055,0
8375,61166,100694,0
8376,2361,56066,0
8377,122083,54339,0
8378,112911,69603,0
8379,140645,15439,0
8380,152850,54499,0
8381,76190,6848,0
8382,110363,123478,0
8383,92386,145193,0
8384,51737,68116,0
8385,75714,119982,0
8386,114939,37959,0
8387,104153,74546,0
8388,73498,152992,0
8389,100013,126057,0
8390,104039,142833,0
8391,24595,9798,0
8392,39907,14170,0
8393,31999,49821,0
8394,112825,148425,0
8395,53933,87587,0
8396,92793,140552,0
8397,79750,134334,0
8398,98988,67252,0
8399,139171,77604,0
8400,69175,43598,0
8401,97996,130343,0
8402,113078,40657,0
8403,142822,72394,0
8404,140265,38448,0
8405,122965,30481,0
8406,19418,27391,0
8407,129466,94690,0
8408,45634,41480,0
8409,60366,87652,0
8410,94728,136618,0
8411,31774,84840,0
8412,40118,80131,0
8413,58795,148165,0
8414,7347,45906,0
8415,93706,112519,0
8416,144197,12373,0
8417,125292,136176,0
8418,7628,144447,0
8419,116803,153808,0
8420,60418,114844,0
8421,115518,98020,0
8422,134753,148995,0
8423,44226,58052,0
8424,139908,118430,0
8425,74108,8611,0
8426,91476,9213,0
8427,34594,11838,0
8428,25974,58592,0
8429,46031,144934,0
8430,60475,28737,0
8431,2082,917,0
8432,54148,11913,0
8433,120956,145655,0
8434,29598,58656,0
8435,134920,137710,0
8436,110016,23843,0
8437,145504,104000,0
8438,132827,51498,0
8439,31283,72061,0
8440,24081,80875,0
8441,138546,20485,0
8442,101782,130370,0
8443,52512,115528,0
8444,76165,128848,0
8445,78064,46258,0
8446,98263,108667,0
8447,59400,9847,0
8448,32792,140799,0
8449,154390,128551,0
8450,34047,38897,0
8451,70013,13338,0
8452,106872,84858,0
8453,102302,82836,0
8454,38683,147659,0
8455,115965,97102,0
8456,150969,81602,0
8457,30493,110805,0
8458,141384,65589,0
8459,104140,97955,0
8460,73961,120918,0
8461,20586,121528,0
8462,51952,152138,0
8463,116877,96641,0
8464,21230,100891,0
8465,41124,98049,0
8466,79784,12060,0
8467,72594,132549,0
8468,148124,119370,0
8469,143982,86277,0
8470,38000,148608,0
8471,80744,102766,0
8472,153865,25520,0
8473,117936,87761,0
8474,56567,564,0
8475,71481,75190,0
8476,6595,141823,0
8477,77988,32274,0
8478,73802,49441,0
8479,28890,92535,0
8480,46912,74373,0
8481,55136,99238,0
8482,35713,75059,0
8483,88204,98284,0
8484,106940,57469,0
8485,71752,78414,0
8486,40914,67693,0
8487,57496,13835,0
8488,109896,119001,0
8489,18254,122487,0
8490,119019,117125,0
8491,91028,65808,0
8492,66186,49713,0
8493,93450,107017,0
8494,23907,8761,0
8495,95636,35616,0
8496,142630,1093,0
8497,141765,7579,0
8498,24690,70024,0
8499,69129,98212,0
8500,93179,104031,0
8501,108786,147313,0
8502,110756,60391,0
8503,11580,13139,0
8504,89177,122581,0
8505,10898,78984,0
8506,36514,124458,0
8507,143154,133616,0
8508,93049,87391,0
8509,86517,86779,0
8510,130002,6253,0
8511,114951,63784,0
8512,117963,69854,0
8513,143930,20182,0
8514,135571,96428,0
8515,41518,47562,0
8516,127858,44108,0
8517,40938,7649,0
8518,56026,116925,0
8519,79612,110310,0
8520,79295,6428,0
8521,135662,7036,0
8522,147206,103028,0
8523,37410,132831,0
8524,28673,38640,0
8525,127184,127008,0
8526,12279,76432,0
8527,17215,130630,0
8528,114601,46414,0
8529,74056,64901,0
8530,134726,32710,0
8531,58276,36837,0
8532,1432,54979,0
8533,65248,27663,0
8534,92043,154672,0
8535,145126,14188,0
8536,118111,70384,0
8537,83641,53500,0
8538,146390,42888,0
8539,154231,80450,0
8540,77229,26502,0
8541,16552,6363,0
8542,142240,82460,0
8543,43498,113541,0
8544,112528,131635,0
8545,7868,61140,0
8546,85568,46299,0
8547,93999,17361,0
8548,19547,141820,0
8549,42421,30221,0
8550,153201,110574,0
8551,23878,10353,0
8552,71037,91927,0
8553,117889,74808,0
8554,136643,30140,0
8555,65466,86528,0
8556,129655,33644,0
8557,5926,118881,0
8558,148096,120008,0
8559,51286,141445,0
8560,23971,133623,0
8561,19480,146041,0
8562,88564,34781,0
8563,30694,100940,0
8564,29973,85648,0
8565,122943,113314,0
8566,35278,1776,0
8567,107779,116354,0
8568,131790,115412,0
8569,73930,8567,0
8570,35254,108331,0
8571,119012,113812,0
8572,16507,4327,0
8573,61870,150295,0
8574,136966,76160,0
8575,140604,33141,0
8576,4863,34101,0
8577,140190,80619,0
8578,111564,70515,0
8579,68757,41734,0
8580,28961,40588,0
8581,32244,10022,0
8582,126902,29993,0
8583,17491,110357,0
8584,46037,49802,0
8585,153013,40677,0
8586,136200,40800,0
8587,84157,118425,0
8588,15225,15287,0
8589,117376,36073,0
8590,143848,5597,0
8591,14456,84659,0
8592,138991,124746,0
8593,53428,82085,0
8594,58540,129883,0
8595,46031,83915,0
8596,60411,76173,0
8597,13079,76826,0
8598,126181,121338,0
8599,20752,33834,0
8600,81447,105181,0
8601,97907,62271,0
8602,45829,80634,0
8603,108138,77114,0
8604,138668,86843,0
8605,127413,60497,0
8606,47201,78006,0
8607,79197,100619,0
8608,98876,124994,0
8609,84478,106787,0
8610,40372,17921,0
8611,77997,74353,0
8612,143142,44117,0
8613,87939,55261,0
8614,13788,113565,0
8615,106432,14755,0
8616,127624,119793,0
8617,83333,136595,0
8618,7563,86074,0
8619,74859,25116,0
8620,51618,78751,0
8621,152251,61710,0
8622,151659,19902,0
8623,147315,101407,0
8624,26797,23875,0
8625,62268,130576,0
8626,62530,59155,0
8627,76985,29929,0
8628,131628,129977,0
8629,69214,91934,0
8630,24781,112693,0
8631,134601,110245,0
8632,114258,132387,0
8633,61711,59201,0
8634,10917,15339,0
8635,112928,96664,0
8636,21068,88465,0
8637,79705,109281,0
8638,13017,116673,0
8639,129341,108093,0
8640,13809,97193,0
8641,149960,3064,0
8642,122573,11493,0
8643,133591,143454,0
8644,6726,34531,0
8645,123221,87637,0
8646,92714,121189,0
8647,88743,79360,0
8648,71670,95437,0
8649,48789,100448,0
8650,103228,113222,0
8651,25055,119895,0
8652,50447,4557,0
8653,17661,71091,0
8654,126524,25239,0
8655,53210,140904,0
8656,104736,26460,0
8657,154320,127769,0
8658,63080,131206,0
8659,98502,150883,0
8660,134346,129670,0
8661,88484,11069,0
8662,24779,153561,0
8663,70435,43993,0
8664,60126,74451,0
8665,39314,115058,0
8666,122470,78059,0
8667,576,126156,0
8668,44422,116912,0
8669,41511,67391,0
8670,36063,146447,0
8671,130670,30535,0
8672,138849,151186,0
8673,109796,29847,0
8674,135954,99412,0
8675,46251,41606,0
8676,98335,34225,0
8677,78086,89116,0
8678,11293,55126,0
8679,2068,42608,0
8680,112691,71061,0
8681,125587,96674,0
8682,66901,125198,0
8683,116781,2411,0
8684,64350,113285,0
8685,120055,73301,0
8686,83783,145032,0
8687,86083,72099,0
8688,137968,134102,0
8689,142008,45,0
8690,67943,109386,0
8691,55035,135159,0
8692,118217,12055,0
8693,102214,25882,0
8694,18769,133220,0
8695,107159,56006,0
8696,37726,90721,0
8697,138564,11324,0
8698,76542,7804,0
8699,79750,37658,0
8700,68493,96344,0
8701,26702,90352,0
8702,78984,7657,0
8703,99330,130010,0
8704,119853,138195,0
8705,67946,109237,0
8706,22890,108342,0
8707,26728,70227,0
8708,153066,35788,0
8709,50651,60368,0
8710,88451,37118,0
8711,115458,95191,0
8712,104710,39851,0
8713,111667,48688,0
8714,128282,141291,0
8715,76019,128171,0
8716,107117,72329,0
8717,144281,66089,0
8718,77444,138528,0
8719,63764,82245,0
8720,95110,147236,0
8721,58909,54790,0
8722,47832,107049,0
8723,91576,68350,0
8724,112040,10288,0
8725,31472,146822,0
8726,129534,124673,0
8727,23136,89789,0
8728,61968,143675,0
8729,46804,107209,0
8730,103919,32612,0
8731,707,102785,0
8732,149456,35552,0
8733,36713,150986,0
8734,96512,24483,0
8735,26839,127203,0
8736,48539,132706,0
8737,132396,31673,0
8738,59689,109642,0
8739,121000,4787,0
8740,27483,99773,0
8741,15619,61378,0
8742,16000,68906,0
8743,147986,115206,0
8744,19693,134786,0
8745,149082,86587,0
8746,81597,75259,0
8747,78252,147924,0
8748,2431,90842,0
8749,147699,886,0
8750,72154,71366,0
8751,41707,74865,0
8752,104043,4997,0
8753,121040,69841,0
8754,138112,110877,0
8755,130303,150895,0
8756,78977,125409,0
8757,13121,17030,0
8758,18796,80487,0
8759,86040,12461,0
8760,154917,52736,0
8761,124119,124285,0
8762,128883,121062,0
8763,9369,79902,0
8764,101781,153302,0
8765,136631,7118,0
8766,35309,15252,0
8767,122080,32190,0
8768,72897,129969,0
8769,90934,7209,0
8770,110223,44540,0
8771,101928,104863,0
8772,119950,125998,0
8773,25832,23010,0
8774,22273,146059,0
8775,128942,144464,0
8776,4030,93247,0
8777,127658,123520,0
8778,96156,141649,0
8779,20617,18487,0
8780,56763,73043,0
8781,49678,130020,0
8782,69332,94902,0
8783,32045,505,0
8784,144910,54792,0
8785,64238,84811,0
8786,25086,92577,0
8787,86976,112398,0
8788,138551,50588,0
8789,119159,134931,0
8790,61632,59201,0
8791,114437,122141,0
8792,26700,4606,0
8793,146720,95222,0
8794,62702,68981,0
8795,127981,149776,0
8796,49312,38082,0
8797,55973,21005,0
8798,132954,67789,0
8799,100791,134970,0
8800,108268,74045,0
8801,13863,142331,0
8802,129332,89419,0
8803,6076,117590,0
8804,46799,33798,0
8805,17552,114936,0
8806,48759,150192,0
8807,104229,41729,0
8808,20550,139349,0
8809,68758,47957,0
8810,7291,142412,0
8811,81177,26688,0
8812,75120,91332,0
8813,29735,21216,0
8814,77545,91697,0
8815,48843,102051,0
8816,61290,130243,0
8817,44953,135523,0
8818,42720,148995,0
8819,102392,106749,0
8820,90933,133881,0
8821,3193,148630,0
8822,130340,34241,0
8823,111325,65888,0
8824,4573,11867,0
8825,15031,149398,0
8826,127772,116206,0
8827,43661,81382,0
8828,27192,14235,0
8829,127028,98600,0
8830,30220,43379,0
8831,38131,115598,0
8832,53723,2097,0
8833,136228,84674,0
8834,114226,70608,0
8835,113998,23366,0
8836,31380,132351,0
8837,24819,20518,0
8838,126733,76219,0
8839,9927,94856,0
8840,87944,85800,0
8841,146035,145318,0
8842,12085,152595,0
8843,141309,118138,0
8844,87228,133976,0
8845,128978,123028,0
8846,139489,7015,0
8847,74224,68609,0
8848,65510,11975,0
8849,7779,79506,0
8850,113673,141398,0
8851,91934,116948,0
8852,128473,75849,0
8853,154948,135846,0
8854,45667,35981,0
8855,94017,66971,0
8856,71656,147742,0
8857,46896,53114,0
8858,150234,22309,0
8859,65477,104425,0
8860,112170,46531,0
8861,128856,105202,0
8862,79246,30004,0
8863,117893,68975,0
8864,71768,40933,0
8865,92622,127887,0
8866,47651,121050,0
8867,113977,15463,0
8868,63851,119169,0
8869,35345,76957,0
8870,46864,67823,0
8871,104991,56798,0
8872,143754,135341,0
8873,23883,99506,0
8874,5070,21216,0
8875,27771,135993,0
8876,127711,42682,0
8877,5514,28284,0
8878,145958,96580,0
8879,57702,119011,0
8880,38225,126345,0
8881,139864,84251,0
8882,121541,26362,0
8883,144442,28925,0
8884,108106,92787,0
8885,82866,87571,0
8886,48942,146306,0
8887,118433,32811,0
8888,47640,149826,0
8889,130434,155189,0
8890,101436,136658,0
8891,86322,63163,0
8892,63485,70779,0
8893,45599,130997,0
8894,69066,4132,0
8895,34366,46275,0
8896,39008,128053,0
8897,20847,72418,0
8898,47268,46889,0
8899,17794,135363,0
8900,59498,25980,0
8901,10352,35024,0
8902,97696,39550,0
8903,59200,25986,0
8904,31799,144074,0
8905,131839,130474,0
8906,101378,50523,0
8907,31669,80264,0
8908,101297,70523,0
8909,122270,30755,0
8910,1013,4601,0
8911,4748,17147,0
8912,66096,37378,0
8913,108348,109559,0
8914,128178,49585,0
8915,101070,120119,0
8916,91056,18662,0
8917,86465,10143,0
8918,120713,5726,0
8919,22818,71076,0
8920,136359,22207,0
8921,71445,85161,0
8922,107773,42145,0
8923,49919,94271,0
8924,68687,132802,0
8925,121964,74978,0
8926,18366,59633,0
8927,153272,149331,0
8928,69983,104192,0
8929,59835,110479,0
8930,146163,116549,0
8931,60745,69,0
8932,56341,132638,0
8933,144140,145995,0
8934,134749,118110,0
8935,3182,41335,0
8936,128836,122952,0
8937,30830,31725,0
8938,97755,79610,0
8939,228,61512,0
8940,147498,121247,0
8941,21982,94803,0
8942,29112,118477,0
8943,133229,49693,0
8944,75188,126312,0
8945,40804,62265,0
8946,19559,87030,0
8947,43884,30668,0
8948,59024,30543,0
8949,126472,22316,0
8950,45159,137985,0
8951,32341,29316,0
8952,61611,9894,0
8953,65050,33587,0
8954,138986,57677,0
8955,23104,123290,0
8956,31524,82937,0
8957,135463,89994,0
8958,5938,66332,0
8959,69612,13994,0
8960,83779,110773,0
8961,128379,1479,0
8962,128951,98410,0
8963,32823,125302,0
8964,82919,11379,0
8965,76944,91321,0
8966,101851,60922,0
8967,95335,10661,0
8968,147056,56232,0
8969,63109,15381,0
8970,141435,133414,0
8971,39324,124943,0
8972,150349,113421,0
8973,91305,73537,0
8974,14991,31214,0
8975,43716,66574,0
8976,120217,35082,0
8977,39417,89496,0
8978,139421,52560,0
8979,31012,153203,0
8980,138550,61393,0
8981,78735,120988,0
8982,52558,75266,0
8983,48431,136925,0
8984,102802,126462,0
8985,135890,35026,0
8986,94332,48269,0
8987,44130,29833,0
8988,46744,62002,0
8989,132666,147385,0
8990,124643,36460,0
8991,95260,106572,0
8992,56017,150119,0
8993,68481,43393,0
8994,128285,109498,0
8995,147807,118074,0
8996,83042,74039,0
8997,131108,102288,0
8998,68435,111490,0
8999,110844,25960,0
9000,25251,100939,0
9001,99329,100118,0
9002,144662,33756,0
9003,38065,20446,0
9004,129116,71698,0
9005,21110,29273,0
9006,94342,109675,0
9007,12804,38080,0
9008,54275,154845,0
9009,30390,3481,0
9010,10587,26950,0
9011,130122,68331,0
9012,7815,14275,0
9013,110980,126623,0
9014,569,33975,0
9015,50816,27036,0
9016,13617,76562,0
9017,150300,4899,0
9018,65635,82686,0
9019,5741,97456,0
9020,43660,153509,0
9021,84169,5945,0
9022,108297,11339,0
9023,101689,16033,0
9024,74788,84384,0
9025,17287,110446,0
9026,16086,71921,0
9027,16031,132927,0
9028,146192,57435,0
9029,15606,12745,0
9030,94727,78558,0
9031,43290,99695,0
9032,91245,49937,0
9033,50976,62878,0
9034,65198,1588,0
9035,134816,45000,0
9036,75537,9827,0
9037,148157,146220,0
9038,111396,70839,0
9039,123852,35566,0
9040,60321,55416,0
9041,58408,69223,0
9042,102066,53829,0
9043,85836,151193,0
9044,46403,132538,0
9045,25235,126606,0
9046,95864,124770,0
9047,38727,75742,0
9048,8723,41484,0
9049,146821,54940,0
9050,133962,66609,0
9051,53662,56411,0
9052,152340,76760,0
9053,135057,24922,0
9054,33238,42953,0
9055,139940,65084,0
9056,70567,35674,0
9057,21957,95513,0
9058,93957,45228,0
9059,24204,126802,0
9060,121105,59213,0
9061,121606,110782,0
9062,88329,86381,0
9063,85097,27547,0
9064,56816,100975,0
9065,31977,124689,0
9066,111582,99545,0
9067,19097,45942,0
9068,4944,122447,0
9069,26365,12787,0
9070,136359,4544,0
9071,114939,113672,0
9072,6788,119758,0
9073,49743,41311,0
9074,97683,116557,0
9075,104278,64234,0
9076,66399,31411,0
9077,99708,116611,0
9078,34960,11400,0
9079,34100,103653,0
9080,67561,62446,0
9081,41792,27775,0
9082,9636,140889,0
9083,111099,53110,0
9084,152535,101118,0
9085,109935,10485,0
9086,43160,118260,0
9087,107088,39196,0
9088,113951,68924,0
9089,129208,84695,0
9090,39403,130044,0
9091,91598,83534,0
9092,6111,128920,0
9093,141678,66719,0
9094,139292,139883,0
9095,37844,12426,0
9096,103099,123628,0
9097,125236,45703,0
9098,24019,80550,0
9099,64690,35562,0
9100,104002,98764,0
9101,28980,114484,0
9102,66644,1038,0
9103,127192,136601,0
9104,140403,72256,0
9105,11066,109367,0
9106,149294,21577,0
9107,132654,46705,0
9108,107028,146993,0
9109,134599,88454,0
9110,61353,128714,0
9111,139644,52342,0
9112,126446,76188,0
9113,36930,133236,0
9114,32142,29601,0
9115,66097,94853,0
9116,102077,95316,0
9117,131370,152751,0
9118,31726,87508,0
9119,12960,98712,0
9120,73164,120742,0
9121,26697,6349,0
9122,147919,105091,0
9123,65998,123516,0
9124,22892,50629,0
9125,128978,40530,0
9126,17927,141262,0
9127,2101,135782,0
9128,100972,106275,0
9129,152192,149473,0
9130,18371,129203,0
9131,84090,37418,0
9132,123178,23918,0
9133,94169,71644,0
9134,16438,58699,0
9135,135305,95056,0
9136,39663,102675,0
9137,102151,38822,0
9138,33451,112929,0
9139,14159,77058,0
9140,30921,142140,0
9141,129849,51817,0
9142,75874,100240,0
9143,74110,88293,0
9144,19570,40003,0
9145,77940,58886,0
9146,12229,68272,0
9147,35519,43199,0
9148,2111,80071,0
9149,26525,102514,0
9150,61342,117887,0
9151,38852,14313,0
9152,128002,125065,0
9153,66549,82317,0
9154,129094,147693,0
9155,79196,68038,0
9156,58367,147026,0
9157,143398,84594,0
9158,6138,109792,0
9159,136873,95310,0
9160,149802,37229,0
9161,6796,46355,0
9162,71494,67808,0
9163,26988,15494,0
9164,48817,15543,0
9165,120272,151641,0
9166,21008,74345,0
9167,139066,93700,0
9168,15606,49681,0
9169,13104,93565,0
9170,64712,129965,0
9171,35538,154539,0
9172,131723,12480,0
9173,103683,14471,0
9174,27310,117200,0
9175,102560,127016,0
9176,155120,82955,0
9177,122695,39013,0
9178,98603,21969,0
9179,72789,55245,0
9180,134590,135561,0
9181,6124,54930,0
9182,144354,101126,0
9183,45586,131160,0
9184,34877,16604,0
9185,11674,15583,0
9186,11551,145950,0
9187,19373,66688,0
9188,58706,44002,0
9189,150322,124233,0
9190,60772,60562,0
9191,134036,39449,0
9192,153848,66632,0
9193,143267,52463,0
9194,123252,50026,0
9195,128462,75761,0
9196,48806,66701,0
9197,42428,16123,0
9198,8677,114507,0
9199,54924,101833,0
9200,36547,77416,0
9201,137742,78154,0
9202,4844,5965,0
9203,131598,92050,0
9204,21350,32478,0
9205,74619,141825,0
9206,59311,152667,0
9207,128129,19734,0
9208,49278,38448,0
9209,59262,53604,0
9210,48701,12325,0
9211,65370,5145,0
9212,118856,132668,0
9213,61837,81054,0
9214,26046,81070,0
9215,124747,129981,0
9216,68929,82902,0
9217,98678,118757,0
9218,42809,32143,0
9219,65409,104353,0
9220,86762,36354,0
9221,75308,75181,0
9222,15703,41639,0
9223,7087,143759,0
9224,38214,146994,0
9225,56956,134948,0
9226,79872,32812,0
9227,111528,6135,0
9228,57470,26649,0
9229,19125,40136,0
9230,124095,18037,0
9231,118579,37429,0
9232,58801,41458,0
9233,34331,81880,0
9234,79818,128671,0
9235,136888,138336,0
9236,152920,145938,0
9237,57542,98755,0
9238,12380,21481,0
9239,83672,77701,0
9240,38458,31189,0
9241,29478,85901,0
9242,23991,103229,0
9243,64195,24145,0
9244,153108,127510,0
9245,89228,14579,0
9246,129047,5924,0
9247,41783,7822,0
9248,76719,89976,0
9249,78424,146103,0
9250,132455,52010,0
9251,52462,77083,0
9252,127678,82984,0
9253,61034,57377,0
9254,56314,9716,0
9255,12491,121275,0
9256,131725,18367,0
9257,41442,98454,0
9258,66455,83046,0
9259,69334,121301,0
9260,10376,113071,0
9261,42365,69659,0
9262,94320,98682,0
9263,48571,81382,0
9264,98951,39829,0
9265,142863,60994,0
9266,2554,47299,0
9267,126960,73922,0
9268,76520,46424,0
9269,96501,41534,0
9270,59213,121896,0
9271,149503,45675,0
9272,114354,142276,0
9273,76116,19766,0
9274,120018,80590,0
9275,115186,147144,0
9276,88242,103842,0
9277,82117,42320,0
9278,123501,7213,0
9279,88467,84643,0
9280,90067,115704,0
9281,145463,17485,0
9282,36530,29956,0
9283,139251,50472,0
9284,100146,26521,0
9285,96553,75965,0
9286,101768,107062,0
9287,122651,61014,0
9288,78838,30123,0
9289,146579,104075,0
9290,18619,139933,0
9291,136743,85305,0
9292,80083,103355,0
9293,150428,77436,0
9294,35564,130450,0
9295,145024,106246,0
9296,149382,102897,0
9297,44691,85812,0
9298,86244,111702,0
9299,137916,52028,0
9300,13297,3451,0
9301,91760,13601,0
9302,104553,51452,0
9303,111199,138456,0
9304,86489,50338,0
9305,101081,112224,0
9306,84202,76891,0
9307,73693,26597,0
9308,57945,18377,0
9309,147258,123503,0
9310,103159,55549,0
9311,9478,141377,0
9312,98752,36077,0
9313,11082,87711,0
9314,10321,60024,0
9315,22921,151783,0
9316,167,17223,0
9317,8856,63227,0
9318,152797,46527,0
9319,66810,5547,0
9320,61745,136860,0
9321,68428,99431,0
9322,121281,142534,0
9323,27181,25642,0
9324,100163,99102,0
9325,154316,122387,0
9326,38098,126397,0
9327,105358,83784,0
9328,77696,136761,0
9329,121004,13965,0
9330,112555,13673,0
9331,45433,30427,0
9332,66083,115522,0
9333,78959,80447,0
9334,152989,136443,0
9335,81852,58049,0
9336,107114,19600,0
9337,41685,101996,0
9338,68279,74756,0
9339,52386,116243,0
9340,132455,152871,0
9341,46985,152846,0
9342,128967,113177,0
9343,2707,39073,0
9344,50787,65082,0
9345,14686,6596,0
9346,6390,85207,0
9347,3081,55525,0
9348,26250,44584,0
9349,42950,123206,0
9350,35763,48977,0
9351,97013,66053,0
9352,62801,91484,0
9353,57228,31475,0
9354,104709,130852,0
9355,46196,127088,0
9356,97469,135152,0
9357,7132,29805,0
9358,58123,52808,0
9359,96470,73684,0
9360,66863,35812,0
9361,60267,135627,0
9362,68423,90030,0
9363,101460,97339,0
9364,49454,87177,0
9365,46774,76592,0
9366,65133,84034,0
9367,74834,124605,0
9368,124910,54703,0
9369,76944,97157,0
9370,98080,72099,0
9371,17944,27036,0
9372,65632,109091,0
9373,28336,19262,0
9374,63485,129869,0
9375,84691,25520,0
9376,47431,150667,0
9377,130457,10714,0
9378,43265,142880,0
9379,26905,84564,0
9380,151684,97387,0
9381,134440,66973,0
9382,71098,49204,0
9383,77315,131187,0
9384,96795,134188,0
9385,22587,111458,0
9386,111332,124093,0
9387,79629,118363,0
9388,69240,83276,0
9389,64290,5397,0
9390,100449,153197,0
9391,138538,137429,0
9392,77300,57713,0
9393,18607,116385,0
9394,137312,56474,0
9395,119537,52932,0
9396,41317,19061,0
9397,63458,139817,0
9398,65666,73603,0
9399,47399,53456,0
9400,99022,3948,0
9401,72221,127627,0
9402,114274,19019,0
9403,133035,113866,0
9404,19554,11729,0
9405,40653,38298,0
9406,68801,120651,0
9407,48354,70916,0
9408,54150,72029,0
9409,92203,150480,0
9410,130994,119905,0
9411,148152,43557,0
9412,106378,87472,0
9413,100422,22060,0
9414,59273,132486,0
9415,13028,100265,0
9416,85041,111050,0
9417,152396,89363,0
9418,140289,136791,0
9419,83908,139926,0
9420,13150,108208,0
9421,69232,110671,0
9422,63814,69577,0
9423,145350,102725,0
9424,149589,133448,0
9425,5970,10233,0
9426,67008,84005,0
9427,73504,42335,0
9428,66403,19446,0
9429,137572,142510,0
9430,44242,68865,0
9431,8862,40301,0
9432,60092,78586,0
9433,146997,64963,0
9434,61395,79835,0
9435,51826,84527,0
9436,127466,110785,0
9437,32594,40809,0
9438,141446,137434,0
9439,66321,19258,0
9440,133672,60064,0
9441,28232,90320,0
9442,20876,120140,0
9443,120627,66903,0
9444,137170,49789,0
9445,13444,123606,0
9446,47842,16981,0
9447,152761,149594,0
9448,18918,146205,0
9449,128611,8482,0
9450,31876,86114,0
9451,115997,52579,0
9452,34050,3036,0
9453,60910,120764,0
9454,112763,78170,0
9455,49909,93261,0
9456,33372,118208,0
9457,103433,106117,0
9458,25497,114774,0
9459,147868,78451,0
9460,91109,138078,0
9461,59925,134332,0
9462,147278,61851,0
9463,21982,41102,0
9464,107273,30045,0
9465,149320,34075,0
9466,99552,135374,0
9467,112442,28270,0
9468,4525,27001,0
9469,77125,126359,0
9470,136852,108111,0
9471,3965,7201,0
9472,62567,54637,0
9473,76150,143511,0
9474,109278,134193,0
9475,84558,39517,0
9476,10768,39570,0
9477,48561,76258,0
9478,143066,119730,0
9479,130359,86341,0
9480,54613,81926,0
9481,129791,139138,0
9482,72519,78660,0
9483,1433,76173,0
9484,145489,95382,0
9485,86987,150725,0
9486,69002,14697,0
9487,102669,14657,0
9488,106047,24539,0
9489,79873,11681,0
9490,74707,72958,0
9491,59016,74079,0
9492,98015,11744,0
9493,125058,29408,0
9494,32104,123677,0
9495,76000,112310,0
9496,39689,118684,0
9497,83540,129093,0
9498,133634,9856,0
9499,45000,110991,0
9500,112927,64620,0
9501,139429,1000,0
9502,55600,70676,0
9503,102085,1662,0
9504,144798,127818,0
9505,46520,48124,0
9506,111744,129765,0
9507,103414,25250,0
9508,75017,57582,0
9509,37712,74091,0
9510,29174,152470,0
9511,39443,99420,0
9512,10810,1859,0
9513,82538,146734,0
9514,53426,153346,0
9515,96991,88374,0
9516,16421,52127,0
9517,141012,73633,0
9518,41609,61895,0
9519,28828,45965,0
9520,94621,28990,0
9521,111465,3095,0
9522,120996,101176,0
9523,137950,108154,0
9524,25185,53215,0
9525,33384,117081,0
9526,120022,52699,0
9527,63602,9279,0
9528,7634,116251,0
9529,83638,133316,0
9530,138948,14348,0
9531,111585,72166,0
9532,43513,72027,0
9533,56508,118350,0
9534,121767,37139,0
9535,155007,56032,0
9536,142535,5719,0
9537,63608,88936,0
9538,131214,118240,0
9539,102826,148991,0
9540,131579,108122,0
9541,148406,97435,0
9542,83540,126704,0
9543,33625,34708,0
9544,101263,42504,0
9545,114684,44652,0
9546,112000,71201,0
9547,40117,151160,0
9548,134357,123317,0
9549,21064,153548,0
9550,35633,79089,0
9551,143417,112368,0
9552,77754,125933,0
9553,121792,49369,0
9554,5341,105142,0
9555,77265,49744,0
9556,9662,44467,0
9557,79320,69271,0
9558,131125,134193,0
9559,135142,143282,0
9560,103787,132969,0
9561,9455,582,0
9562,109739,75075,0
9563,97872,20291,0
9564,78535,96215,0
9565,58991,87696,0
9566,101722,2483,0
9567,91654,151831,0
9568,155152,128439,0
9569,97101,117614,0
9570,25657,95554,0
9571,31158,121385,0
9572,95299,28034,0
9573,54923,92540,0
9574,142992,91765,0
9575,34479,107596,0
9576,74854,20631,0
9577,138064,147617,0
9578,25136,38117,0
9579,51781,105240,0
9580,91864,152588,0
9581,43713,108369,0
9582,47585,131702,0
9583,115831,99217,0
9584,82905,58289,0
9585,150747,94782,0
9586,27911,98334,0
9587,35050,139574,0
9588,20800,38928,0
9589,96463,41195,0
9590,78179,130791,0
9591,1005,54908,0
9592,134698,100914,0
9593,45792,68031,0
9594,54280,107861,0
9595,95217,94541,0
9596,139759,111607,0
9597,42790,52817,0
9598,49349,115533,0
9599,26067,130088,0
9600,35443,143867,0
9601,14731,13482,0
9602,67574,25701,0
9603,145542,51088,0
9604,1728,120505,0
9605,53497,93180,0
9606,133227,62715,0
9607,101263,23354,0
9608,78977,152000,0
9609,51208,4149,0
9610,39489,104051,0
9611,147555,59591,0
9612,54184,57892,0
9613,132831,88125,0
9614,145466,147178,0
9615,32442,57673,0
9616,17822,9946,0
9617,144254,41654,0
9618,76723,147754,0
9619,45283,78275,0
9620,51839,66567,0
9621,93353,93860,0
9622,139995,24997,0
9623,54121,13287,0
9624,80569,78458,0
9625,57050,11294,0
9626,83654,8975,0
9627,3858,124719,0
9628,43089,80647,0
9629,53057,3082,0
9630,100806,17434,0
9631,135248,27984,0
9632,41130,43268,0
9633,153484,118020,0
9634,24181,103218,0
9635,4167,46078,0
9636,24315,13521,0
9637,91726,86519,0
9638,114771,31845,0
9639,60444,110275,0
9640,80546,72605,0
9641,66648,37014,0
9642,114939,138270,0
9643,48669,117576,0
9644,54565,13813,0
9645,71681,31639,0
9646,122628,52217,0
9647,124300,50986,0
9648,20908,134081,0
9649,52912,118887,0
9650,14120,23542,0
9651,153281,29604,0
9652,127015,148332,0
9653,91289,50263,0
9654,35894,138529,0
9655,71432,3440,0
9656,58804,77292,0
9657,63845,15603,0
9658,15848,110552,0
9659,36753,133158,0
9660,63333,61432,0
9661,128926,35909,0
9662,68080,91085,0
9663,111413,68549,0
9664,68913,146101,0
9665,127711,126157,0
9666,26397,27322,0
9667,144754,120745,0
9668,121255,129187,0
9669,71707,100485,0
9670,58408,78152,0
9671,21882,103575,0
9672,91872,121610,0
9673,53345,4322,0
9674,73848,13946,0
9675,87695,107259,0
9676,105516,85726,0
9677,60378,64267,0
9678,121489,114841,0
9679,34003,73383,0
9680,28435,144470,0
9681,125783,5013,0
9682,8359,22110,0
9683,8063,10157,0
9684,150857,147896,0
9685,125567,143663,0
9686,95166,126361,0
9687,4968,107231,0
9688,143027,122979,0
9689,35747,87091,0
9690,51653,151703,0
9691,125205,82014,0
9692,103163,133879,0
9693,154664,55097,0
9694,98366,6024,0
9695,149055,914,0
9696,62735,128175,0
9697,69145,106783,0
9698,98776,135280,0
9699,124735,94248,0
9700,60475,86787,0
9701,64495,96880,0
9702,68175,54464,0
9703,110819,130687,0
9704,55456,16538,0
9705,155094,75171,0
9706,13205,42761,0
9707,144140,94837,0
9708,19079,86524,0
9709,128951,28927,0
9710,151464,42464,0
9711,39245,117812,0
9712,92532,76262,0
9713,95070,12935,0
9714,97221,131307,0
9715,1390,20490,0
9716,22613,115898,0
9717,64570,16295,0
9718,55618,20227,0
9719,117782,106245,0
9720,133941,19681,0
9721,37772,31196,0
9722,77683,3196,0
9723,74584,154692,0
9724,37565,32159,0
9725,105115,92469,0
9726,110417,120425,0
9727,23745,86461,0
9728,147560,107873,0
9729,18301,137027,0
9730,8718,77099,0
9731,146589,106751,0
9732,148016,68901,0
9733,130775,23881,0
9734,105556,41614,0
9735,8673,118012,0
9736,19403,31069,0
9737,63816,16961,0
9738,13805,100081,0
9739,125674,111558,0
9740,66272,88290,0
9741,37132,103461,0
9742,16328,148299,0
9743,74760,124238,0
9744,35610,25154,0
9745,8079,86825,0
9746,119680,135911,0
9747,2694,101727,0
9748,87679,101625,0
9749,130994,58306,0
9750,145144,140996,0
9751,96292,116162,0
9752,140446,140355,0
9753,62700,114979,0
9754,99591,20572,0
9755,106811,124225,0
9756,135691,89953,0
9757,22007,79597,0
9758,9584,152435,0
9759,128022,121881,0
9760,13061,36894,0
9761,46786,52160,0
9762,44342,133996,0
9763,110114,83626,0
9764,79817,126514,0
9765,141518,60038,0
9766,105355,2755,0
9767,90581,138804,0
9768,71269,360,0
9769,127442,81385,0
9770,20771,65337,0
9771,97327,140661,0
9772,102755,98913,0
9773,22060,44541,0
9774,128282,90164,0
9775,113268,22043,0
9776,106009,106406,0
9777,106879,138690,0
9778,122905,58611,0
9779,143387,57487,0
9780,80620,44390,0
9781,142388,113820,0
9782,28799,54590,0
9783,119574,99040,0
9784,73048,31430,0
9785,86566,105660,0
9786,147602,97016,0
9787,42809,137113,0
9788,41240,111642,0
9789,18707,21781,0
9790,11367,148927,0
9791,127882,124884,0
9792,18715,60426,0
9793,50421,98839,0
9794,118421,43253,0
9795,125058,154335,0
9796,19554,133615,0
9797,97848,11986,0
9798,54139,107762,0
9799,150545,107136,0
9800,21238,48478,0
9801,24672,13340,0
9802,1769,50125,0
9803,16563,93286,0
9804,116714,103883,0
9805,87422,35791,0
9806,138064,61586,0
9807,8732,153314,0
9808,24678,28131,0
9809,87773,65318,0
9810,48329,90104,0
9811,122435,62634,0
9812,152802,50240,0
9813,125094,30563,0
9814,145851,12485,0
9815,120132,145415,0
9816,144437,48990,0
9817,103000,83581,0
9818,110131,74263,0
9819,30146,2612,0
9820,72980,126471,0
9821,36346,132302,0
9822,33709,12792,0
9823,52607,11373,0
9824,121928,18856,0
9825,36128,24323,0
9826,38416,38236,0
9827,18052,106774,0
9828,123176,102470,0
9829,4250,137576,0
9830,30277,31338,0
9831,105870,122684,0
9832,105795,118815,0
9833,13153,117614,0
9834,36829,75743,0
9835,129304,92811,0
9836,90703,153865,0
9837,3647,58589,0
9838,89524,10985,0
9839,147960,46833,0
9840,42368,13979,0
9841,127084,23652,0
9842,42461,107680,0
9843,127383,129881,0
9844,148559,119874,0
9845,101771,78724,0
9846,5682,110208,0
9847,103377,32315,0
9848,54283,53759,0
9849,98564,49413,0
9850,6111,132419,0
9851,12549,7885,0
9852,38427,64024,0
9853,150463,44203,0
9854,154527,72111,0
9855,112429,71693,0
9856,53324,111284,0
9857,124643,99072,0
9858,145020,14106,0
9859,147284,136080,0
9860,146643,48177,0
9861,45441,139078,0
9862,5951,23775,0
9863,108213,22250,0
9864,64861,87626,0
9865,47066,88535,0
9866,107778,88138,0
9867,37657,5118,0
9868,19508,82753,0
9869,23916,73938,0
9870,54725,36812,0
9871,36331,127672,0
9872,32553,111196,0
9873,92819,154112,0
9874,77241,68275,0
9875,27691,16784,0
9876,127072,153010,0
9877,45934,129481,0
9878,16681,68371,0
9879,136853,24587,0
9880,150706,16056,0
9881,133559,6407,0
9882,86693,54378,0
9883,73575,154812,0
9884,141064,152998,0
9885,52366,119359,0
9886,5127,122623,0
9887,37218,57487,0
9888,61822,125003,0
9889,84445,86190,0
9890,117761,88843,0
9891,124134,19897,0
9892,33505,137663,0
9893,152658,11301,0
9894,39102,9358,0
9895,98382,116999,0
9896,74755,88676,0
9897,57260,45565,0
9898,14730,39891,0
9899,4945,23861,0
9900,17014,91098,0
9901,144788,151984,0
9902,108686,10318,0
9903,5046,155173,0
9904,110329,144733,0
9905,100562,6319,0
9906,20935,146586,0
9907,105795,6169,0
9908,34341,93623,0
9909,65832,122305,0
9910,41033,77421,0
9911,45910,131275,0
9912,136838,7428,0
9913,66499,131572,0
9914,80176,152634,0
9915,19950,70244,0
9916,101868,47383,0
9917,140859,19396,0
9918,109621,98167,0
9919,99335,153058,0
9920,77355,13812,0
9921,121274,100031,0
9922,146711,109508,0
9923,151047,10005,0
9924,61009,150350,0
9925,63895,64958,0
9926,124769,149647,0
9927,113561,77518,0
9928,43411,43008,0
9929,124774,12140,0
9930,78454,65906,0
9931,19170,93582,0
9932,88969,119886,0
9933,87216,145038,0
9934,91825,92376,0
9935,150553,121327,0
9936,26107,79410,0
9937,82117,128615,0
9938,74788,132234,0
9939,145726,120273,0
9940,124210,8072,0
9941,139017,24346,0
9942,23987,69905,0
9943,52801,77725,0
9944,94064,96286,0
9945,51084,136680,0
9946,68728,49501,0
9947,123985,130089,0
9948,28085,7700,0
9949,63023,2592,0
9950,12923,36995,0
9951,10748,145173,0
9952,20387,23699,0
9953,57902,107927,0
9954,147945,142067,0
9955,126114,2757,0
9956,31783,4332,0
9957,85942,74361,0
9958,131499,151994,0
9959,17878,39115,0
9960,111712,59574,0
9961,120135,117122,0
9962,82006,7832,0
9963,59463,96039,0
9964,121409,136294,0
9965,115170,52955,0
9966,13425,46862,0
9967,95819,140052,0
9968,91109,147761,0
9969,66746,28153,0
9970,65269,119628,0
9971,146673,90323,0
9972,138397,32452,0
9973,133766,42531,0
9974,144987,149409,0
9975,99170,27084,0
9976,79319,46087,0
9977,31386,59283,0
9978,25100,91809,0
9979,145653,114027,0
9980,82382,36142,0
9981,105350,112902,0
9982,132130,5088,0
9983,111347,86347,0
9984,129692,108527,0
9985,25571,138094,0
9986,118823,117461,0
9987,146174,149105,0
9988,18741,132269,0
9989,45473,59576,0
9990,16451,30484,0
9991,152172,114766,0
9992,14763,73610,0
9993,89713,30654,0
9994,106957,27149,0
9995,129737,352,0
9996,85493,53356,0
9997,36610,11904,0
9998,18940,22418,0
9999,155124,137096,0
10000,86966,83774,0
10001,27285,13014,0
10002,72770,105545,0
10003,101661,6887,0
10004,122481,20422,0
10005,145458,44191,0
10006,9812,51374,0
10007,121637,95962,0
10008,72831,41039,0
10009,51400,26537,0
10010,112698,131578,0
10011,45814,40810,0
10012,99730,42589,0
10013,106120,68503,0
10014,12259,43592,0
10015,55242,62095,0
10016,34960,91084,0
10017,67655,51471,0
10018,135530,51122,0
10019,107913,91436,0
10020,53834,105756,0
10021,54988,118896,0
10022,1040,121303,0
10023,60743,75340,0
10024,105695,92722,0
10025,121154,77810,0
10026,142708,5924,0
10027,48207,149439,0
10028,120790,70938,0
10029,50191,138257,0
10030,53959,45837,0
10031,94758,146398,0
10032,67322,95923,0
10033,112573,32155,0
10034,120800,116607,0
10035,144730,148281,0
10036,82419,60325,0
10037,11455,38929,0
10038,73243,93814,0
10039,92115,53214,0
10040,61919,44884,0
10041,79978,135119,0
10042,85740,14341,0
10043,146893,111720,0
10044,146246,58772,0
10045,139628,153715,0
10046,11874,29937,0
10047,5428,96658,0
10048,40226,145935,0
10049,36120,2972,0
10050,39528,117982,0
10051,108961,127391,0
10052,71240,27578,0
10053,125440,18485,0
10054,83687,151609,0
10055,118116,100967,0
10056,48455,83745,0
10057,10406,87074,0
10058,45910,115047,0
10059,122822,77886,0
10060,72908,58817,0
10061,145370,34301,0
10062,68951,35718,0
10063,138389,150341,0
10064,128243,41819,0
10065,119197,43636,0
10066,149163,108342,0
10067,124472,102715,0
10068,129420,2450,0
10069,41459,59526,0
10070,139355,105430,0
10071,68081,14516,0
10072,105495,14020,0
10073,60669,61528,0
10074,51484,52797,0
10075,52266,92833,0
10076,92898,26856,0
10077,13918,139007,0
10078,23727,102759,0
10079,129612,129724,0
10080,147234,112791,0
10081,8057,102000,0
10082,14889,110536,0
10083,27200,32854,0
10084,115764,110608,0
10085,127734,84379,0
10086,52519,9508,0
10087,61857,124532,0
10088,56425,46915,0
10089,65510,44795,0
10090,111014,113521,0
10091,75498,140775,0
10092,11421,113619,0
10093,43794,58173,0
10094,130636,60201,0
10095,91395,57673,0
10096,63399,37965,0
10097,138251,122103,0
10098,67999,53647,0
10099,110314,151673,0
10100,60259,94719,0
10101,51786,122282,0
10102,34338,134623,0
10103,90038,133336,0
10104,34440,118796,0
10105,60204,63293,0
10106,127550,133111,0
10107,17296,4990,0
10108,107189,13644,0
10109,137806,111,0
10110,124690,22009,0
10111,118340,86790,0
10112,2087,9769,0
10113,22635,32913,0
10114,114725,137422,0
10115,108774,16616,0
10116,19948,18173,0
10117,70280,137865,0
10118,41325,100298,0
10119,20507,126036,0
10120,108859,114186,0
10121,118865,3230,0
10122,70415,24396,0
10123,2538,137171,0
10124,4716,139522,0
10125,134146,135258,0
10126,33671,116166,0
10127,78507,73900,0
10128,133150,154117,0
10129,85148,115223,0
10130,132611,99176,0
10131,100166,68275,0
10132,97121,25162,0
10133,20118,27106,0
10134,54723,36383,0
10135,81458,18998,0
10136,122192,3892,0
10137,141880,36425,0
10138,108564,132662,0
10139,47810,138974,0
10140,144832,116295,0
10141,135910,154250,0
10142,122725,19683,0
10143,2799,139150,0
10144,71487,56875,0
10145,104533,86487,0
10146,32562,6651,0
10147,40380,2681,0
10148,41073,126752,0
10149,127242,91930,0
10150,18898,42990,0
10151,1212,100140,0
10152,115295,79627,0
10153,6854,86835,0
10154,95703,117412,0
10155,18976,129165,0
10156,77496,103560,0
10157,30219,92667,0
10158,44577,112105,0
10159,28641,154061,0
10160,48786,85464,0
10161,108581,110472,0
10162,11469,127114,0
10163,36193,84892,0
10164,71609,106358,0
10165,11218,12321,0
10166,126408,152313,0
10167,13230,22019,0
10168,2050,92456,0
10169,139144,153885,0
10170,28440,4031,0
10171,44050,131496,0
10172,147037,105581,0
10173,114283,33656,0
10174,117399,140194,0
10175,59324,35795,0
10176,70072,113651,0
10177,109179,99810,0
10178,144183,84719,0
10179,62159,64547,0
10180,113091,147171,0
10181,46050,45198,0
10182,57201,140137,0
10183,50262,34937,0
10184,51703,22097,0
10185,29583,44512,0
10186,147561,132547,0
10187,154276,56911,0
10188,130317,21436,0
10189,43791,3655,0
10190,39861,6765,0
10191,29968,120159,0
10192,29810,94027,0
10193,67821,28101,0
10194,63952,134342,0
10195,12887,24036,0
10196,130266,142484,0
10197,78656,23972,0
10198,133006,22969,0
10199,16117,20884,0
10200,21499,62598,0
10201,145915,28386,0
10202,16832,60964,0
10203,67008,70081,0
10204,150709,73464,0
10205,31543,7739,0
10206,34552,100070,0
10207,35675,22559,0
10208,74178,2747,0
10209,18290,23748,0
10210,126536,142754,0
10211,53282,20776,0
10212,34460,40793,0
10213,34445,21473,0
10214,74312,27959,0
10215,17896,53949,0
10216,24621,68650,0
10217,67906,132580,0
10218,98427,44204,0
10219,3656,142067,0
10220,74954,1078,0
10221,124690,143834,0
10222,54112,84873,0
10223,88744,74054,0
10224,5578,66971,0
10225,69283,54058,0
10226,112000,15716,0
10227,81583,7064,0
10228,49344,60493,0
10229,148200,127766,0
10230,142785,78487,0
10231,122128,45039,0
10232,152268,129652,0
10233,70590,100425,0
10234,81223,12131,0
10235,57769,22231,0
10236,892,111957,0
10237,41091,9653,0
10238,109733,109224,0
10239,24393,96233,0
10240,50366,93919,0
10241,47127,111554,0
10242,79946,87497,0
10243,49352,61779,0
10244,31370,126413,0
10245,96742,133739,0
10246,42113,144964,0
10247,69045,36385,0
10248,35222,111721,0
10249,153856,56174,0
10250,20815,56866,0
10251,95497,36277,0
10252,77724,120167,0
10253,113758,38761,0
10254,79195,142831,0
10255,61122,115736,0
10256,97932,12905,0
10257,125792,7048,0
10258,46709,112335,0
10259,86064,44657,0
10260,125864,31474,0
10261,89502,144966,0
10262,15637,56132,0
10263,99948,82865,0
10264,37526,93764,0
10265,85545,138778,0
10266,28385,40611,0
10267,100030,104186,0
10268,120134,65808,0
10269,79620,48230,0
10270,41462,75319,0
10271,128361,80313,0
10272,33081,84600,0
10273,118871,128541,0
10274,29635,10472,0
10275,44587,31813,0
10276,117007,122914,0
10277,84749,105936,0
10278,91706,18531,0
10279,60453,53652,0
10280,25060,49755,0
10281,29923,22438,0
10282,76430,4868,0
10283,38865,72685,0
10284,111396,90528,0
10285,1217,95527,0
10286,115596,35803,0
10287,70768,40497,0
10288,74551,76153,0
10289,106575,80359,0
10290,27160,127970,0
10291,46624,44998,0
10292,101962,66904,0
10293,109444,60729,0
10294,5951,74461,0
10295,74693,37704,0
10296,120199,120577,0
10297,36138,32479,0
10298,49497,122919,0
10299,144875,91170,0
10300,148884,13859,0
10301,138764,88290,0
10302,77630,32198,0
10303,45346,152206,0
10304,105640,120362,0
10305,17267,74836,0
10306,41814,114400,0
10307,139724,46943,0
10308,83737,100183,0
10309,139970,58038,0
10310,129999,111179,0
10311,48602,67414,0
10312,26342,147604,0
10313,9975,61580,0
10314,146864,42805,0
10315,77066,47287,0
10316,114336,20957,0
10317,78947,144018,0
10318,41691,13385,0
10319,95496,81841,0
10320,103776,85151,0
10321,148472,61913,0
10322,50772,89196,0
10323,43721,38434,0
10324,123660,145611,0
10325,66650,115883,0
10326,33050,26121,0
10327,100854,122112,0
10328,25409,144010,0
10329,7896,39627,0
10330,83391,58122,0
10331,37181,75648,0
10332,32113,638,0
10333,93024,114398,0
10334,46588,28476,0
10335,62588,125067,0
10336,3984,86341,0
10337,323,37052,0
10338,113055,62909,0
10339,139783,17763,0
10340,8333,149810,0
10341,15244,15932,0
10342,50502,25932,0
10343,11950,12786,0
10344,131349,71825,0
10345,90702,145345,0
10346,5882,138041,0
10347,124417,74202,0
10348,96769,51360,0
10349,64400,98542,0
10350,75877,154654,0
10351,28389,92711,0
10352,22427,117788,0
10353,52607,120124,0
10354,47070,126054,0
10355,44322,106400,0
10356,63741,136973,0
10357,31310,27294,0
10358,143920,137357,0
10359,108990,29024,0
10360,137574,61369,0
10361,43572,74979,0
10362,9641,69233,0
10363,118420,57689,0
10364,90398,129398,0
10365,31050,84034,0
10366,25276,110250,0
10367,109125,51897,0
10368,122729,151071,0
10369,68620,43188,0
10370,131483,47444,0
10371,25724,141043,0
10372,34123,126515,0
10373,32793,109134,0
10374,29407,90308,0
10375,324,96389,0
10376,137404,139835,0
10377,99620,61768,0
10378,81200,72122,0
10379,54067,74314,0
10380,76151,21003,0
10381,149874,44799,0
10382,51345,42089,0
10383,146346,24693,0
10384,11259,10439,0
10385,150202,76827,0
10386,89634,130289,0
10387,91430,142150,0
10388,84114,141461,0
10389,106764,71176,0
10390,148233,79517,0
10391,34889,41574,0
10392,25656,104102,0
10393,153449,76286,0
10394,20827,117366,0
10395,20667,64422,0
10396,38641,105950,0
10397,4658,26672,0
10398,154318,52668,0
10399,69196,151532,0
10400,130034,136208,0
10401,12616,108403,0
10402,34524,19791,0
10403,13048,45092,0
10404,13216,98048,0
10405,6309,70952,0
10406,23912,102678,0
10407,93509,67785,0
10408,31416,92735,0
10409,47899,103315,0
10410,34962,11093,0
10411,8087,95715,0
10412,7379,83057,0
10413,4156,39471,0
10414,47399,134126,0
10415,49831,27803,0
10416,109783,127784,0
10417,134479,98126,0
10418,49271,120667,0
10419,129044,71177,0
10420,16579,2665,0
10421,83546,29094,0
10422,21897,62822,0
10423,74536,80912,0
10424,1066,39805,0
10425,106371,59476,0
10426,145507,31954,0
10427,125196,147551,0
10428,115341,53153,0
10429,86265,98911,0
10430,105586,105440,0
10431,26246,150078,0
10432,74713,101940,0
10433,26308,89477,0
10434,23807,19131,0
10435,26481,52918,0
10436,21007,53977,0
10437,30480,100879,0
10438,98349,23366,0
10439,3225,49494,0
10440,88498,1316,0
10441,93725,79423,0
10442,95894,116356,0
10443,27174,91690,0
10444,15972,147825,0
10445,130878,37788,0
10446,130269,36447,0
10447,51907,136127,0
10448,47800,99947,0
10449,113601,24796,0
10450,132913,16138,0
10451,21984,53266,0
10452,69200,110425,0
10453,112222,45931,0
10454,69169,151767,0
10455,69889,108780,0
10456,76865,69384,0
10457,114526,93999,0
10458,92030,144648,0
10459,26436,58361,0
10460,9620,19299,0
10461,78716,136423,0
10462,39081,29196,0
10463,32957,2217,0
10464,22938,9592,0
10465,137337,113989,0
10466,37816,90245,0
10467,83297,11549,0
10468,115104,138136,0
10469,94118,152346,0
10470,83713,48069,0
10471,127776,109403,0
10472,105511,18205,0
10473,50359,90862,0
10474,154340,118399,0
10475,16284,126797,0
10476,124667,104208,0
10477,150730,107506,0
10478,142670,51081,0
10479,62707,114938,0
10480,24293,108182,0
10481,73641,141479,0
10482,16581,60857,0
10483,62566,83233,0
10484,114872,75821,0
10485,144634,116300,0
10486,123693,120541,0
10487,37448,46406,0
10488,76593,42918,0
10489,79196,121271,0
10490,149695,30993,0
10491,22373,79517,0
10492,64283,32370,0
10493,81661,122589,0
10494,11595,40130,0
10495,42611,152092,0
10496,155051,112001,0
10497,70842,86978,0
10498,48934,24703,0
10499,8360,110338,0
10500,4467,145736,0
10501,26705,45211,0
10502,95920,15333,0
10503,23988,147941,0
10504,95757,16957,0
10505,16581,117012,0
10506,38649,7962,0
10507,122267,82864,0
10508,88578,114776,0
10509,51802,80115,0
10510,80577,10115,0
10511,54022,121635,0
10512,14933,108221,0
10513,31760,46062,0
10514,50096,144087,0
10515,86185,110935,0
10516,76688,13322,0
10517,47285,138029,0
10518,149255,3249,0
10519,151706,33956,0
10520,67067,47687,0
10521,21173,97733,0
10522,73085,101000,0
10523,123298,2077,0
10524,71622,65443,0
10525,124663,148410,0
10526,129908,66771,0
10527,152342,7277,0
10528,85005,125295,0
10529,38507,78967,0
10530,129543,80539,0
10531,23369,49364,0
10532,43887,111740,0
10533,51187,48742,0
10534,47462,27881,0
10535,66720,63995,0
10536,61636,122021,0
10537,78091,131910,0
10538,31459,52419,0
10539,68533,109274,0
10540,73908,29206,0
10541,17733,28938,0
10542,124376,115130,0
10543,127989,42534,0
10544,32533,63447,0
10545,23475,66688,0
10546,154003,18451,0
10547,133946,58883,0
10548,41990,87557,0
10549,111669,99896,0
10550,19472,53899,0
10551,16620,12122,0
10552,107402,73558,0
10553,66669,16171,0
10554,66055,17671,0
10555,109839,136385,0
10556,89457,31271,0
10557,50345,101197,0
10558,23226,95231,0
10559,111783,32450,0
10560,8132,59418,0
10561,30050,145521,0
10562,103936,89342,0
10563,119740,146195,0
10564,26235,84542,0
10565,55996,117347,0
10566,99324,142230,0
10567,77997,92753,0
10568,10386,48131,0
10569,60692,68105,0
10570,94264,90044,0
10571,74178,26101,0
10572,154280,126174,0
10573,85391,49286,0
10574,147728,66665,0
10575,57619,48246,0
10576,85957,27017,0
10577,140489,55656,0
10578,22804,36698,0
10579,62499,89976,0
10580,142339,32183,0
10581,136470,61674,0
10582,140929,87662,0
10583,91991,116676,0
10584,47043,87850,0
10585,97968,147030,0
10586,7242,10516,0
10587,50477,13170,0
10588,154368,18314,0
10589,66674,15131,0
10590,2453,152771,0
10591,142373,18452,0
10592,139373,135490,0
10593,7049,45799,0
10594,121025,33412,0
10595,133994,113529,0
10596,69167,15443,0
10597,123534,84567,0
10598,103667,37308,0
10599,44716,87589,0
10600,58632,121413,0
10601,112436,50489,0
10602,70800,77027,0
10603,80355,123707,0
10604,6466,136752,0
10605,42702,143148,0
10606,7347,148241,0
10607,20400,14017,0
10608,92423,42030,0
10609,21893,122168,0
10610,129273,5121,0
10611,77342,65901,0
10612,21614,152965,0
10613,23848,150725,0
10614,124533,64891,0
10615,24382,123657,0
10616,46624,153203,0
10617,147369,127553,0
10618,67302,155126,0
10619,43208,117983,0
10620,59292,95175,0
10621,76165,13075,0
10622,64525,32638,0
10623,5463,25283,0
10624,145796,123589,0
10625,8522,29925,0
10626,19908,53341,0
10627,17255,80252,0
10628,3867,81614,0
10629,115870,70017,0
10630,145865,47797,0
10631,145874,31095,0
10632,67573,79412,0
10633,28100,38758,0
10634,140098,99271,0
10635,59485,81060,0
10636,9990,123721,0
10637,32935,99183,0
10638,17364,133702,0
10639,70242,29627,0
10640,20120,129818,0
10641,82082,143123,0
10642,107057,50166,0
10643,152516,74371,0
10644,40977,121113,0
10645,84448,82328,0
10646,136695,57744,0
10647,40704,131094,0
10648,20290,60244,0
10649,6663,104896,0
10650,46037,60124,0
10651,45177,81434,0
10652,108924,90297,0
10653,60893,76391,0
10654,121922,46227,0
10655,58448,100897,0
10656,61134,18344,0
10657,35680,52743,0
10658,56889,131638,0
10659,67043,97226,0
10660,65194,153546,0
10661,121947,117316,0
10662,66359,129691,0
10663,101455,132887,0
10664,85275,62350,0
10665,17367,11795,0
10666,58190,42839,0
10667,104649,42382,0
10668,124132,58705,0
10669,127194,88947,0
10670,17741,32924,0
10671,79117,43489,0
10672,74153,100518,0
10673,48268,75929,0
10674,92706,104681,0
10675,66130,116445,0
10676,103725,147337,0
10677,68092,70132,0
10678,64831,34607,0
10679,154373,32879,0
10680,79363,153793,0
10681,94265,98228,0
10682,54943,47561,0
10683,89224,48281,0
10684,59797,76115,0
10685,16563,133276,0
10686,86000,93262,0
10687,134796,97046,0
10688,131068,120591,0
10689,49834,85263,0
10690,4739,148383,0
10691,121029,62292,0
10692,71896,16698,0
10693,61472,13459,0
10694,16975,21189,0
10695,72594,27867,0
10696,83737,138499,0
10697,101951,72367,0
10698,121979,75442,0
10699,104632,120795,0
10700,138749,111897,0
10701,23842,125435,0
10702,152721,155062,0
10703,19870,88685,0
10704,2623,10655,0
10705,41550,141751,0
10706,45385,10941,0
10707,111822,62456,0
10708,128812,114381,0
10709,19382,95931,0
10710,81545,17706,0
10711,143708,207,0
10712,61135,33695,0
10713,107828,141069,0
10714,6513,25270,0
10715,26386,150542,0
10716,39102,140087,0
10717,35287,2131,0
10718,48475,83838,0
10719,88884,34107,0
10720,54177,143165,0
10721,124137,92671,0
10722,63047,5290,0
10723,123610,125157,0
10724,142876,116952,0
10725,145876,143898,0
10726,102745,22536,0
10727,108545,35914,0
10728,104818,126478,0
10729,113949,103430,0
10730,65552,65165,0
10731,43550,52615,0
10732,135888,73823,0
10733,141750,17432,0
10734,102314,20095,0
10735,32280,154231,0
10736,115678,53765,0
10737,128169,12190,0
10738,135452,124140,0
10739,27552,4924,0
10740,11051,1903,0
10741,145394,51680,0
10742,135200,983,0
10743,113710,10597,0
10744,39987,115926,0
10745,21016,81393,0
10746,109950,110273,0
10747,43569,130891,0
10748,71894,90840,0
10749,137989,83564,0
10750,142855,21236,0
10751,95233,17376,0
10752,99818,142738,0
10753,7842,122175,0
10754,44321,40332,0
10755,107339,5969,0
10756,133933,14833,0
10757,92658,13939,0
10758,77061,19428,0
10759,38112,27530,0
10760,62074,34661,0
10761,53199,76132,0
10762,2142,5178,0
10763,11303,20523,0
10764,46502,7237,0
10765,88310,122094,0
10766,69429,104832,0
10767,105668,49686,0
10768,36951,74271,0
10769,15812,79514,0
10770,55558,103052,0
10771,9359,111832,0
10772,555,44256,0
10773,68587,42054,0
10774,11606,90783,0
10775,27651,23681,0
10776,10281,97866,0
10777,11500,69252,0
10778,12106,8396,0
10779,65615,59459,0
10780,18116,126313,0
10781,125056,109742,0
10782,136485,56885,0
10783,98419,95631,0
10784,77307,26834,0
10785,151114,70989,0
10786,83463,41927,0
10787,69455,143626,0
10788,40755,47474,0
10789,146139,68479,0
10790,125937,12659,0
10791,129017,91556,0
10792,116675,7219,0
10793,28388,147821,0
10794,18532,2745,0
10795,87877,4489,0
10796,37218,117612,0
10797,120101,61302,0
10798,63165,139428,0
10799,10864,37653,0
10800,69612,119111,0
10801,97267,44778,0
10802,85627,138077,0
10803,132816,33508,0
10804,42790,84046,0
10805,24542,104414,0
10806,125641,2709,0
10807,27365,102003,0
10808,3347,23093,0
10809,90015,32871,0
10810,99084,43886,0
10811,98164,50951,0
10812,30101,147443,0
10813,59496,12052,0
10814,65220,18663,0
10815,136962,67859,0
10816,4662,24,0
10817,123247,107125,0
10818,125944,51195,0
10819,108498,15544,0
10820,45067,153380,0
10821,81539,44700,0
10822,77928,65443,0
10823,33775,28978,0
10824,89656,133935,0
10825,85870,54640,0
10826,140133,121863,0
10827,11635,70905,0
10828,129838,128756,0
10829,128604,94644,0
10830,13229,65097,0
10831,1701,64599,0
10832,103831,72609,0
10833,43035,117371,0
10834,112934,13902,0
10835,72739,139520,0
10836,15093,132290,0
10837,113639,145992,0
10838,123675,109689,0
10839,91087,109759,0
10840,133971,92831,0
10841,129197,148688,0
10842,91310,30879,0
10843,36640,124224,0
10844,141732,125511,0
10845,35863,46565,0
10846,70270,43343,0
10847,15875,99346,0
10848,20650,119444,0
10849,50663,33255,0
10850,111325,65364,0
10851,10918,154314,0
10852,77307,33579,0
10853,151414,22106,0
10854,26890,17892,0
10855,5320,45768,0
10856,2449,133623,0
10857,28357,121084,0
10858,147344,79989,0
10859,142557,62050,0
10860,20486,36820,0
10861,70143,139209,0
10862,128951,99823,0
10863,96227,1,0
10864,39316,131889,0
10865,147400,55077,0
10866,137059,147888,0
10867,125041,132114,0
10868,142523,59951,0
10869,58119,147991,0
10870,124243,87815,0
10871,45471,137107,0
10872,30911,65214,0
10873,30963,85354,0
10874,128588,139560,0
10875,86291,14142,0
10876,147706,130193,0
10877,130652,21678,0
10878,116956,26582,0
10879,30897,10452,0
10880,138678,12753,0
10881,33922,45014,0
10882,122386,19446,0
10883,129242,69034,0
10884,138538,23632,0
10885,97897,67192,0
10886,50557,10658,0
10887,152852,3751,0
10888,44503,113449,0
10889,110040,130115,0
10890,16183,121431,0
10891,43420,23566,0
10892,89594,120799,0
10893,15842,136825,0
10894,32962,7875,0
10895,100125,18369,0
10896,96104,133584,0
10897,21248,1107,0
10898,25016,41484,0
10899,127192,135385,0
10900,12806,78682,0
10901,14292,151731,0
10902,51317,119428,0
10903,41076,142728,0
10904,28795,75924,0
10905,62154,113809,0
10906,153879,20244,0
10907,72663,125473,0
10908,96032,94811,0
10909,153925,69354,0
10910,65892,98405,0
10911,54971,61513,0
10912,113477,51417,0
10913,49926,27699,0
10914,142668,2837,0
10915,57719,17799,0
10916,58156,36593,0
10917,29300,22747,0
10918,9416,60049,0
10919,102593,24268,0
10920,20428,117883,0
10921,120097,10624,0
10922,72446,148121,0
10923,109075,72829,0
10924,12992,128201,0
10925,89202,132597,0
10926,50366,127635,0
10927,88672,131905,0
10928,140343,101391,0
10929,70123,140655,0
10930,118248,137540,0
10931,18467,61163,0
10932,92432,60582,0
10933,58156,39143,0
10934,33348,123060,0
10935,123184,152061,0
10936,112285,98722,0
10937,124918,149791,0
10938,112873,19175,0
10939,6766,58723,0
10940,61148,46194,0
10941,65574,136414,0
10942,13289,8167,0
10943,120129,10107,0
10944,98189,6042,0
10945,68814,53862,0
10946,21009,54346,0
10947,93229,2601,0
10948,120437,132797,0
10949,153210,144827,0
10950,45341,73638,0
10951,65257,119815,0
10952,116799,92448,0
10953,32788,121824,0
10954,96272,111499,0
10955,33732,109949,0
10956,55237,2748,0
10957,117765,113200,0
10958,40887,115242,0
10959,6645,153292,0
10960,39705,68768,0
10961,126921,120933,0
10962,112306,134624,0
10963,14914,57936,0
10964,25124,99464,0
10965,79214,25898,0
10966,106297,68502,0
10967,24378,80893,0
10968,49935,146229,0
10969,35295,115047,0
10970,99093,46571,0
10971,14270,8036,0
10972,31955,1388,0
10973,112281,44143,0
10974,22400,78216,0
10975,75962,113701,0
10976,63589,26324,0
10977,117790,118960,0
10978,131274,6857,0
10979,18197,149468,0
10980,84668,41131,0
10981,152944,119721,0
10982,3966,117211,0
10983,17614,137687,0
10984,136717,9630,0
10985,106773,22840,0
10986,68675,16545,0
10987,115299,2078,0
10988,149109,56105,0
10989,60562,95779,0
10990,154443,61288,0
10991,118980,35409,0
10992,50748,122442,0
10993,136110,87238,0
10994,32367,18256,0
10995,113564,63257,0
10996,117377,102520,0
10997,151457,143675,0
10998,55647,2239,0
10999,98245,103539,0
11000,100246,125013,0
11001,138985,14065,0
11002,34288,80397,0
11003,13062,76096,0
11004,272,51305,0
11005,121366,1621,0
11006,98906,118859,0
11007,71248,140448,0
11008,141757,152501,0
11009,31490,19617,0
11010,100608,33315,0
11011,10942,110817,0
11012,14236,129261,0
11013,72539,111777,0
11014,101534,60842,0
11015,122680,70128,0
11016,82713,62951,0
11017,138426,5458,0
11018,121728,82532,0
11019,133295,30122,0
11020,48167,52993,0
11021,90178,80902,0
11022,148409,570,0
11023,82561,155007,0
11024,80506,57655,0
11025,89031,120370,0
11026,76379,10973,0
11027,21964,53150,0
11028,71852,46211,0
11029,7820,48069,0
11030,73377,11072,0
11031,101611,114484,0
11032,103684,99735,0
11033,16907,104921,0
11034,111428,113057,0
11035,70971,127773,0
11036,133657,103895,0
11037,34860,126537,0
11038,126424,51439,0
11039,117205,35958,0
11040,133657,110402,0
11041,150357,62451,0
11042,67053,68756,0
11043,15453,95073,0
11044,97645,143628,0
11045,35406,128716,0
11046,27200,76287,0
11047,10999,92494,0
11048,48342,154075,0
11049,20126,55434,0
11050,41289,24978,0
11051,62366,97076,0
11052,119092,3887,0
11053,60052,44384,0
11054,71744,34621,0
11055,21485,20715,0
11056,22874,149996,0
11057,39918,12628,0
11058,6179,24174,0
11059,28462,97454,0
11060,143448,110178,0
11061,64425,59364,0
11062,59546,115202,0
11063,51384,12867,0
11064,74215,111236,0
11065,37316,74016,0
11066,14934,135349,0
11067,31807,13421,0
11068,113853,154501,0
11069,19580,86146,0
11070,75884,109445,0
11071,119924,97792,0
11072,32246,76990,0
11073,31889,11034,0
11074,145811,126840,0
11075,110238,105946,0
11076,55338,82302,0
11077,39664,54739,0
11078,59717,145678,0
11079,72476,34703,0
11080,63399,1864,0
11081,31406,149585,0
11082,33068,41482,0
11083,149306,77294,0
11084,60778,48523,0
11085,7751,21316,0
11086,153129,143737,0
11087,11182,50628,0
11088,87775,59466,0
11089,75667,60107,0
11090,100186,138703,0
11091,107237,105076,0
11092,82101,20664,0
11093,108127,154639,0
11094,77574,94178,0
11095,80235,72307,0
11096,88341,117495,0
11097,58496,83994,0
11098,2431,103265,0
11099,60416,27100,0
11100,118111,38577,0
11101,127898,100383,0
11102,129884,63552,0
11103,38003,141902,0
11104,78350,90097,0
11105,88615,95041,0
11106,90706,87259,0
11107,8698,73997,0
11108,56170,141374,0
11109,10738,77881,0
11110,40938,20338,0
11111,108813,111236,0
11112,29478,40837,0
11113,23955,148855,0
11114,22236,58716,0
11115,45699,116743,0
11116,106636,44131,0
11117,12564,65634,0
11118,148373,40844,0
11119,145545,27062,0
11120,80440,25830,0
11121,143835,128194,0
11122,136274,144840,0
11123,151565,111721,0
11124,93561,3973,0
11125,52221,72083,0
11126,1632,40785,0
11127,140955,71845,0
11128,113566,42468,0
11129,153578,33771,0
11130,1641,34662,0
11131,148465,94221,0
11132,127135,36523,0
11133,86691,104730,0
11134,71718,147302,0
11135,117549,23943,0
11136,144082,90088,0
11137,137273,19033,0
11138,118378,17501,0
11139,55060,2054,0
11140,22175,11160,0
11141,148537,82460,0
11142,127847,77363,0
11143,129128,94350,0
11144,65785,126945,0
11145,96304,106556,0
11146,129640,118440,0
11147,105173,139542,0
11148,73568,154584,0
11149,135529,34562,0
11150,18532,124815,0
11151,86566,50105,0
11152,81231,130432,0
11153,85902,41606,0
11154,83512,73744,0
11155,61089,78110,0
11156,12703,19701,0
11157,61705,123308,0
11158,5504,116508,0
11159,86757,92999,0
11160,85041,36321,0
11161,120682,47435,0
11162,57787,37550,0
11163,78488,132075,0
11164,9625,62983,0
11165,63970,53429,0
11166,55943,97310,0
11167,21056,33400,0
11168,98819,114083,0
11169,111466,127291,0
11170,121407,116044,0
11171,146308,88995,0
11172,51057,95270,0
11173,53027,126515,0
11174,6469,119889,0
11175,136950,54856,0
11176,77430,149132,0
11177,23907,140184,0
11178,35979,89020,0
11179,60038,132583,0
11180,147856,116211,0
11181,8953,152304,0
11182,49592,46887,0
11183,99958,41741,0
11184,120060,143746,0
11185,136112,115528,0
11186,67960,39967,0
11187,64587,88067,0
11188,20022,129474,0
11189,137884,12778,0
11190,49065,60905,0
11191,39015,23679,0
11192,71734,137557,0
11193,60017,71972,0
11194,140289,13703,0
11195,146815,64624,0
11196,1057,122565,0
11197,74553,11095,0
11198,92852,137840,0
11199,86696,146781,0
11200,26164,103447,0
11201,71240,23839,0
11202,84431,136060,0
11203,80814,121445,0
11204,138332,83224,0
11205,153047,15586,0
11206,135875,117948,0
11207,39816,54124,0
11208,31559,62071,0
11209,133899,91806,0
11210,141385,28716,0
11211,77665,95341,0
11212,39335,759,0
11213,103568,64077,0
11214,4550,36286,0
11215,53025,89002,0
11216,131447,112481,0
11217,97578,66086,0
11218,45108,67828,0
11219,8960,15890,0
11220,101522,72490,0
11221,83888,143617,0
11222,78488,29457,0
11223,38879,50098,0
11224,8443,10712,0
11225,142711,18968,0
11226,73648,7248,0
11227,120748,123549,0
11228,153328,99594,0
11229,20997,58243,0
11230,47101,99383,0
11231,45829,53937,0
11232,42266,125405,0
11233,81472,133425,0
11234,88200,13535,0
11235,105611,127345,0
11236,17513,23210,0
11237,117324,4690,0
11238,64975,8205,0
11239,38163,5058,0
11240,77683,310,0
11241,103775,91807,0
11242,66425,125362,0
11243,11820,29128,0
11244,49006,99587,0
11245,150097,52275,0
11246,92003,21041,0
11247,153986,54986,0
11248,59272,73647,0
11249,87561,96599,0
11250,153142,40842,0
11251,130755,54172,0
11252,146427,139945,0
11253,26310,148294,0
11254,89861,101131,0
11255,128596,125034,0
11256,135156,50418,0
11257,48953,78052,0
11258,104348,145092,0
11259,134526,57589,0
11260,147120,141256,0
11261,119381,62509,0
11262,112281,103737,0
11263,68828,116402,0
11264,12892,30533,0
11265,96795,150161,0
11266,77825,47030,0
11267,33671,121958,0
11268,43444,14006,0
11269,8662,4091,0
11270,75392,108355,0
11271,107674,141516,0
11272,26573,148069,0
11273,31398,2964,0
11274,27548,102533,0
11275,90803,67381,0
11276,73819,10172,0
11277,92817,40866,0
11278,9664,35476,0
11279,27593,151300,0
11280,122823,79025,0
11281,1740,105991,0
11282,57100,154428,0
11283,27326,26592,0
11284,7487,102884,0
11285,41419,154626,0
11286,88329,65200,0
11287,124683,6146,0
11288,115053,100344,0
11289,105221,85073,0
11290,72874,32276,0
11291,137994,135352,0
11292,153559,13481,0
11293,95091,41498,0
11294,63058,117909,0
11295,83724,111893,0
11296,114206,73830,0
11297,19602,152602,0
11298,115059,14887,0
11299,141443,152078,0
11300,141281,11650,0
11301,41587,143104,0
11302,14596,96978,0
11303,74993,13550,0
11304,66071,12469,0
11305,144833,146370,0
11306,72301,48602,0
11307,148484,63249,0
11308,123581,28634,0
11309,88204,122652,0
11310,136224,137525,0
11311,59265,80118,0
11312,144216,146887,0
11313,21370,23668,0
11314,141835,29032,0
11315,121974,143383,0
11316,100766,70782,0
11317,53999,81126,0
11318,87271,137936,0
11319,53008,106295,0
11320,150188,151013,0
11321,145672,74115,0
11322,35173,22384,0
11323,14357,135575,0
11324,42578,86090,0
11325,117692,109996,0
11326,120645,35088,0
11327,17287,36726,0
11328,32049,84783,0
11329,116823,11718,0
11330,52337,4623,0
11331,60611,90968,0
11332,147560,72163,0
11333,60584,131413,0
11334,139786,79342,0
11335,43046,67417,0
11336,39501,62391,0
11337,150472,86622,0
11338,45945,7555,0
11339,11500,82939,0
11340,123583,99307,0
11341,152503,42487,0
11342,140934,132324,0
11343,56171,23328,0
11344,13817,19101,0
11345,51697,9192,0
11346,70012,148425,0
11347,720,6327,0
11348,148496,106343,0
11349,25206,118795,0
11350,91245,94653,0
11351,154561,136945,0
11352,117530,65482,0
11353,67864,18845,0
11354,140554,80128,0
11355,94460,64970,0
11356,146997,47008,0
11357,17076,48319,0
11358,45896,5283,0
11359,33372,118892,0
11360,146078,5710,0
11361,95550,56947,0
11362,141564,21143,0
11363,60350,38211,0
11364,92142,18162,0
11365,36279,41247,0
11366,84813,50714,0
11367,132898,115356,0
11368,146293,84603,0
11369,17256,23975,0
11370,56569,21942,0
11371,110962,67762,0
11372,147458,72089,0
11373,22310,72037,0
11374,18332,147099,0
11375,122222,105143,0
11376,88509,77880,0
11377,127693,82421,0
11378,117507,131103,0
11379,16583,40428,0
11380,61734,82022,0
11381,11038,140819,0
11382,61656,42979,0
11383,22303,79631,0
11384,138900,42981,0
11385,135695,6332,0
11386,74443,69934,0
11387,22373,37691,0
11388,43692,123431,0
11389,95096,112791,0
11390,79031,36008,0
11391,26517,71858,0
11392,146572,63476,0
11393,124190,149443,0
11394,151923,88923,0
11395,128723,48636,0
11396,120856,29063,0
11397,70883,89254,0
11398,83654,42213,0
11399,23379,46944,0
11400,83265,26818,0
11401,134021,150090,0
11402,115104,60520,0
11403,80553,131823,0
11404,59810,18717,0
11405,60810,73640,0
11406,50329,22139,0
11407,39725,89243,0
11408,134772,49794,0
11409,87681,79321,0
11410,138981,67121,0
11411,71608,123317,0
11412,65242,114362,0
11413,90952,142462,0
11414,7435,19995,0
11415,75521,38294,0
11416,152029,95990,0
11417,66241,98534,0
11418,118219,7336,0
11419,131694,89786,0
11420,147873,121614,0
11421,2434,30680,0
11422,46027,141917,0
11423,116799,63522,0
11424,90025,13173,0
11425,34201,19163,0
11426,151304,79409,0
11427,1870,8067,0
11428,118396,153055,0
11429,18891,102506,0
11430,42021,14655,0
11431,30737,21962,0
11432,7638,110491,0
11433,22919,43220,0
11434,94278,100589,0
11435,151085,52895,0
11436,84045,84124,0
11437,12791,104860,0
11438,126387,53402,0
11439,16753,144706,0
11440,105123,148353,0
11441,96365,9753,0
11442,42316,123319,0
11443,51076,55749,0
11444,19747,92374,0
11445,23334,121034,0
11446,14143,142962,0
11447,31191,39744,0
11448,52286,86121,0
11449,72628,131390,0
11450,133007,55212,0
11451,2509,84628,0
11452,146617,39094,0
11453,74769,81798,0
11454,55889,150385,0
11455,154164,100138,0
11456,115511,43659,0
11457,11462,128972,0
11458,797,30269,0
11459,54990,61171,0
11460,111246,76706,0
11461,141359,11084,0
11462,100711,19118,0
11463,115786,50062,0
11464,74818,22983,0
11465,101326,140734,0
11466,72392,120888,0
11467,75610,4150,0
11468,123775,142023,0
11469,70769,22378,0
11470,99575,110524,0
11471,102872,19287,0
11472,44935,61547,0
11473,19525,23904,0
11474,25033,10575,0
11475,65503,82207,0
11476,1039,17637,0
11477,63287,47226,0
11478,82255,71985,0
11479,142837,39989,0
11480,106659,70031,0
11481,58394,3902,0
11482,73492,108339,0
11483,37385,78883,0
11484,104600,109597,0
11485,115617,43417,0
11486,42965,93938,0
11487,116632,94545,0
11488,153185,117163,0
11489,33714,63665,0
11490,51692,9440,0
11491,77434,125639,0
11492,33704,53196,0
11493,85713,51055,0
11494,138290,122157,0
11495,138916,114187,0
11496,43045,39171,0
11497,61513,59031,0
11498,132217,151573,0
11499,131531,148486,0
11500,29171,30346,0
11501,86730,116566,0
11502,126323,14060,0
11503,65248,143272,0
11504,125651,86754,0
11505,78713,68762,0
11506,84029,84301,0
11507,93016,62248,0
11508,48145,78801,0
11509,2384,92057,0
11510,97305,53095,0
11511,74479,50669,0
11512,19529,82016,0
11513,119300,27558,0
11514,81536,86940,0
11515,104093,117814,0
11516,24851,152599,0
11517,143116,152923,0
11518,52644,133256,0
11519,141260,5354,0
11520,61826,104500,0
11521,65452,77603,0
11522,140575,19946,0
11523,81672,27159,0
11524,134475,107567,0
11525,113717,42494,0
11526,86364,103803,0
11527,60371,57782,0
11528,61645,148921,0
11529,113176,14330,0
11530,109841,148411,0
11531,104369,134648,0
11532,141859,77456,0
11533,56706,90007,0
11534,89638,150204,0
11535,69594,116290,0
11536,104902,104965,0
11537,26890,133680,0
11538,131354,53638,0
11539,108457,10330,0
11540,40414,114572,0
11541,40539,12445,0
11542,146673,27255,0
11543,99820,134438,0
11544,37966,421,0
11545,91195,12910,0
11546,6788,123067,0
11547,123384,10847,0
11548,12147,137016,0
11549,5812,109853,0
11550,67217,78752,0
11551,80076,24482,0
11552,30500,140031,0
11553,117590,140277,0
11554,27356,21301,0
11555,152352,32994,0
11556,7061,133222,0
11557,95573,80242,0
11558,30248,35755,0
11559,136579,95912,0
11560,109869,73600,0
11561,65411,82004,0
11562,51877,22547,0
11563,126342,107042,0
11564,1324,56575,0
11565,126990,51055,0
11566,58856,73854,0
11567,151698,65245,0
11568,25340,111770,0
11569,60840,27261,0
11570,144705,107787,0
11571,17920,41762,0
11572,61089,69970,0
11573,29083,52751,0
11574,142019,86852,0
11575,129449,28990,0
11576,658,13542,0
11577,21012,40540,0
11578,118483,22346,0
11579,6456,95787,0
11580,90258,20659,0
11581,40477,47276,0
11582,146750,97634,0
11583,1379,90274,0
11584,132339,6606,0
11585,13347,70161,0
11586,131363,142536,0
11587,117205,8166,0
11588,23385,50659,0
11589,109729,16784,0
11590,90737,113325,0
11591,101897,126988,0
11592,108600,68988,0
11593,120883,31101,0
11594,85585,102274,0
11595,49375,106759,0
11596,32377,80120,0
11597,57698,48602,0
11598,122714,16709,0
11599,129016,97894,0
11600,3784,153850,0
11601,111688,147010,0
11602,91871,122288,0
11603,31314,61733,0
11604,33981,132675,0
11605,58312,33605,0
11606,87836,52517,0
11607,143458,69403,0
11608,140872,119936,0
11609,101205,132048,0
11610,87515,118325,0
11611,19906,148557,0
11612,128932,23558,0
11613,18352,106841,0
11614,17123,67387,0
11615,6665,95944,0
11616,92125,121208,0
11617,53180,53452,0
11618,117782,37161,0
11619,53520,149857,0
11620,54335,41556,0
11621,21408,135614,0
11622,111743,90406,0
11623,74011,77725,0
11624,147702,139668,0
11625,69689,76967,0
11626,93493,57964,0
11627,93804,21876,0
11628,55063,123814,0
11629,40754,58018,0
11630,34693,70115,0
11631,48905,108090,0
11632,59360,65571,0
11633,47101,8362,0
11634,56109,52908,0
11635,93548,113423,0
11636,52112,142611,0
11637,150683,79933,0
11638,90118,72226,0
11639,104649,89115,0
11640,20921,26065,0
11641,150811,77882,0
11642,16328,1968,0
11643,124170,74277,0
11644,13518,117550,0
11645,35022,101260,0
11646,10123,77016,0
11647,25152,143865,0
11648,80094,127367,0
11649,111336,147013,0
11650,16662,127598,0
11651,54830,16951,0
11652,78139,56797,0
11653,153253,64834,0
11654,148831,63262,0
11655,118664,27504,0
11656,33291,135523,0
11657,131673,95610,0
11658,48365,106827,0
11659,115825,149296,0
11660,4574,52331,0
11661,115869,34950,0
11662,102249,92417,0
11663,138180,148715,0
11664,118608,81593,0
11665,34834,129451,0
11666,73316,135167,0
11667,21086,100228,0
11668,12429,111112,0
11669,79851,125228,0
11670,9442,128752,0
11671,11840,126671,0
11672,5252,149628,0
11673,20165,149970,0
11674,139786,84930,0
11675,138569,61663,0
11676,49074,131698,0
11677,90676,76866,0
11678,153702,141804,0
11679,46495,146648,0
11680,11540,4380,0
11681,148759,6060,0
11682,6510,57182,0
11683,72706,139247,0
11684,130229,102212,0
11685,120411,131433,0
11686,20371,89139,0
11687,47240,86634,0
11688,89500,115731,0
11689,86960,3896,0
11690,10814,118977,0
11691,127072,103112,0
11692,65804,80621,0
11693,60856,37363,0
11694,105905,13060,0
11695,60698,74561,0
11696,123370,139660,0
11697,291,66617,0
11698,143280,154671,0
11699,139348,25584,0
11700,15120,132422,0
11701,155056,52606,0
11702,93091,25187,0
11703,140072,130435,0
11704,80582,91103,0
11705,73596,69669,0
11706,68236,65305,0
11707,44316,5117,0
11708,42076,123787,0
11709,8596,143033,0
11710,67462,73342,0
11711,44635,46164,0
11712,67965,19236,0
11713,19797,46438,0
11714,108879,136268,0
11715,48285,74548,0
11716,84110,154968,0
11717,143094,123284,0
11718,105574,139827,0
11719,105949,55992,0
11720,27111,19016,0
11721,112042,38064,0
11722,146776,90408,0
11723,104829,87466,0
11724,152489,144215,0
11725,48968,100776,0
11726,136262,33852,0
11727,12265,18118,0
11728,35343,9899,0
11729,101439,1894,0
11730,9134,10304,0
11731,81588,27548,0
11732,109530,135881,0
11733,14813,64709,0
11734,137716,73916,0
11735,25741,111088,0
11736,76585,86970,0
11737,100122,119589,0
11738,121516,54502,0
11739,43627,7536,0
11740,41608,107854,0
11741,103341,17589,0
11742,12224,29353,0
11743,99917,72748,0
11744,120645,84300,0
11745,129778,48828,0
11746,64874,153063,0
11747,118672,66363,0
11748,12644,43856,0
11749,63729,2698,0
11750,37791,46782,0
11751,17553,8766,0
11752,19863,94846,0
11753,112072,122931,0
11754,102054,29479,0
11755,13452,754,0
11756,139786,8502,0
11757,154096,44430,0
11758,36271,9066,0
11759,85167,89897,0
11760,99029,40078,0
11761,77468,94364,0
11762,63699,66586,0
11763,150493,73730,0
11764,114563,40365,0
11765,138031,123136,0
11766,81315,31165,0
11767,32061,94719,0
11768,148825,154765,0
11769,109663,55594,0
11770,37482,44738,0
11771,112905,59977,0
11772,110750,35424,0
11773,115457,120943,0
11774,23392,55359,0
11775,152726,83345,0
11776,55798,35398,0
11777,51484,104975,0
11778,141361,137985,0
11779,39472,53552,0
11780,17257,66833,0
11781,84644,116906,0
11782,151565,103196,0
11783,87983,16867,0
11784,138628,111179,0
11785,101918,62128,0
11786,30121,102626,0
11787,53167,132158,0
11788,3641,135737,0
11789,69843,25585,0
11790,85998,101872,0
11791,80254,116871,0
11792,19022,56437,0
11793,21719,150085,0
11794,97333,59013,0
11795,37345,126216,0
11796,39326,28589,0
11797,112605,7031,0
11798,10067,101585,0
11799,43441,10373,0
11800,101611,76579,0
11801,134796,152445,0
11802,134654,142208,0
11803,32766,141492,0
11804,150447,122782,0
11805,96512,40898,0
11806,11263,17107,0
11807,18285,54481,0
11808,1223,151909,0
11809,103498,53732,0
11810,110017,103864,0
11811,141869,76563,0
11812,108069,713,0
11813,95559,50345,0
11814,143994,140568,0
11815,112451,40860,0
11816,153645,150411,0
11817,59675,138740,0
11818,122737,136410,0
11819,62678,148320,0
11820,139710,94874,0
11821,92764,9276,0
11822,34869,87819,0
11823,145155,14502,0
11824,130097,125723,0
11825,36122,108531,0
11826,119282,124065,0
11827,147577,1637,0
11828,36269,79491,0
11829,132956,75506,0
11830,97167,149049,0
11831,56538,16415,0
11832,153232,83337,0
11833,114216,59422,0
11834,98599,69853,0
11835,142611,133927,0
11836,78133,43217,0
11837,3445,51837,0
11838,53619,137448,0
11839,4402,150557,0
11840,78927,73225,0
11841,144796,23852,0
11842,82716,132031,0
11843,61305,139706,0
11844,139063,95041,0
11845,92715,96373,0
11846,141236,68739,0
11847,71512,106244,0
11848,55535,130094,0
11849,74796,41799,0
11850,6608,136968,0
11851,148759,22378,0
11852,7105,141355,0
11853,109156,137401,0
11854,154481,80278,0
11855,34403,57899,0
11856,22507,141833,0
11857,154395,130227,0
11858,129655,18841,0
11859,127335,70496,0
11860,118527,80010,0
11861,3775,72624,0
11862,1100,39272,0
11863,136088,143262,0
11864,37603,137045,0
11865,6546,47072,0
11866,43235,53274,0
11867,43142,89198,0
11868,149432,2048,0
11869,57263,44360,0
11870,112698,122155,0
11871,115974,94467,0
11872,90787,131426,0
11873,154436,47457,0
11874,52180,142145,0
11875,91257,131300,0
11876,10497,153029,0
11877,79803,67675,0
11878,30125,143087,0
11879,110379,123738,0
11880,101611,48012,0
11881,78187,154939,0
11882,155004,136449,0
11883,92228,134296,0
11884,147747,95216,0
11885,16354,109243,0
11886,150634,113671,0
11887,34727,11811,0
11888,106317,143037,0
11889,37975,8492,0
11890,110368,150818,0
11891,144271,21378,0
11892,100184,153841,0
11893,90008,83784,0
11894,84035,52751,0
11895,54082,52251,0
11896,144754,122720,0
11897,1404,88720,0
11898,106915,136714,0
11899,138572,17916,0
11900,137736,62144,0
11901,55352,23774,0
11902,63840,119041,0
11903,143297,48801,0
11904,51458,20327,0
11905,26282,137435,0
11906,35093,74986,0
11907,62906,131460,0
11908,73596,147914,0
11909,24747,20942,0
11910,35536,122264,0
11911,52424,54190,0
11912,122843,96990,0
11913,6544,128768,0
11914,55376,120053,0
11915,24026,129566,0
11916,104882,4832,0
11917,43363,17065,0
11918,46037,65143,0
11919,66814,110553,0
11920,109153,74761,0
11921,88599,139477,0
11922,57307,43072,0
11923,24057,105620,0
11924,59778,99263,0
11925,123985,71981,0
11926,105548,107991,0
11927,108392,148465,0
11928,49736,73490,0
11929,133778,27345,0
11930,139941,41135,0
11931,36145,69686,0
11932,48750,91905,0
11933,72972,92085,0
11934,100241,110114,0
11935,18948,46865,0
11936,48094,21171,0
11937,19235,57550,0
11938,102017,47008,0
11939,99457,96352,0
11940,97215,53084,0
11941,39486,133256,0
11942,89298,23832,0
11943,114270,41319,0
11944,67513,133633,0
11945,84772,64273,0
11946,9904,56953,0
11947,89655,128098,0
11948,44615,67704,0
11949,131942,139193,0
11950,5519,49724,0
11951,108607,50911,0
11952,72943,83220,0
11953,100277,123033,0
11954,122633,21932,0
11955,131156,150082,0
11956,110740,153477,0
11957,73748,56274,0
11958,80164,84767,0
11959,35434,65561,0
11960,48129,40215,0
11961,100278,16403,0
11962,26251,127766,0
11963,77459,109186,0
11964,91022,116644,0
11965,134732,32973,0
11966,127739,65446,0
11967,142003,107462,0
11968,47829,143630,0
11969,67576,77934,0
11970,79976,13887,0
11971,7253,96071,0
11972,94518,126752,0
11973,37440,145837,0
11974,146507,55422,0
11975,125950,22981,0
11976,147507,133057,0
11977,67395,70234,0
11978,93655,54452,0
11979,2139,127841,0
11980,111731,52058,0
11981,123263,42772,0
11982,125403,86551,0
11983,142362,99896,0
11984,82839,13800,0
11985,97327,139026,0
11986,121116,28048,0
11987,8027,119125,0
11988,105116,134338,0
11989,68801,32153,0
11990,61678,21950,0
11991,55409,128129,0
11992,37605,20334,0
11993,18437,72612,0
11994,689,142403,0
11995,58743,38310,0
11996,11705,40177,0
11997,113918,63111,0
11998,88922,121835,0
11999,28696,149651,0
12000,25338,59433,0
12001,96755,65762,0
12002,149248,139520,0
12003,43014,77254,0
12004,87908,42037,0
12005,47423,90246,0
12006,88615,106871,0
12007,144024,108229,0
12008,6430,31590,0
12009,144828,130894,0
12010,126762,140773,0
12011,71592,52039,0
12012,152479,140155,0
12013,43330,138772,0
12014,112046,104834,0
12015,62251,131509,0
12016,124694,99095,0
12017,9151,15865,0
12018,13661,80934,0
12019,119421,80772,0
12020,133404,133213,0
12021,116415,67332,0
12022,19767,130255,0
12023,13667,55041,0
12024,113514,137685,0
12025,148235,36229,0
12026,76053,80261,0
12027,101848,153164,0
12028,9476,34371,0
12029,107784,46370,0
12030,152136,122911,0
12031,39928,44218,0
12032,117445,144108,0
12033,245,95923,0
12034,89368,20689,0
12035,137155,148927,0
12036,87770,8989,0
12037,140353,155045,0
12038,84307,30785,0
12039,76473,71391,0
12040,84031,101907,0
12041,3081,1413,0
12042,140075,126361,0
12043,127135,115035,0
12044,43771,50659,0
12045,95855,42963,0
12046,45103,71172,0
12047,7018,31820,0
12048,49046,95708,0
12049,97771,18024,0
12050,5883,7233,0
12051,86400,22991,0
12052,5284,129204,0
12053,17247,10019,0
12054,107067,17260,0
12055,49570,117172,0
12056,52466,72691,0
12057,64075,27071,0
12058,144252,110724,0
12059,132035,134610,0
12060,111983,88795,0
12061,22702,30303,0
12062,41500,53727,0
12063,18741,83172,0
12064,62585,98309,0
12065,71513,40193,0
12066,52625,14193,0
12067,1792,16970,0
12068,118808,16084,0
12069,39837,55458,0
12070,4956,10972,0
12071,81399,125513,0
12072,50965,138306,0
12073,141096,23683,0
12074,53649,52068,0
12075,50788,147710,0
12076,152824,149635,0
12077,150627,86576,0
12078,32827,153443,0
12079,38386,79155,0
12080,32599,17851,0
12081,140481,92751,0
12082,63518,97449,0
12083,111353,85787,0
12084,17525,60542,0
12085,110374,89136,0
12086,134306,5521,0
12087,47936,148603,0
12088,107756,21221,0
12089,146626,108031,0
12090,46738,116503,0
12091,41431,24556,0
12092,114007,71635,0
12093,27333,27935,0
12094,120683,19102,0
12095,141453,56439,0
12096,34780,143546,0
12097,86910,101541,0
12098,102345,57799,0
12099,99670,94165,0
12100,3015,2033,0
12101,54942,129512,0
12102,87268,29146,0
12103,56153,6049,0
12104,147962,11216,0
12105,146878,43932,0
12106,36026,136709,0
12107,135596,149121,0
12108,144595,31234,0
12109,131384,88912,0
12110,139602,32358,0
12111,106451,9065,0
12112,117736,26627,0
12113,24057,18498,0
12114,117251,17211,0
12115,146996,122328,0
12116,112907,53601,0
12117,149251,154603,0
12118,5683,65628,0
12119,148433,12367,0
12120,152881,127019,0
12121,85184,60949,0
12122,4755,149585,0
12123,34873,11460,0
12124,29904,53131,0
12125,45355,88902,0
12126,71290,68129,0
12127,137411,80857,0
12128,279,6100,0
12129,91058,51755,0
12130,57968,40079,0
12131,103752,72650,0
12132,63296,129938,0
12133,139908,67792,0
12134,65124,58795,0
12135,92694,129386,0
12136,35732,44232,0
12137,116043,129246,0
12138,149104,91576,0
12139,29376,130432,0
12140,82858,11684,0
12141,142314,80230,0
12142,101439,7156,0
12143,133393,1972,0
12144,127010,128056,0
12145,122314,5044,0
12146,10716,71232,0
12147,147192,115819,0
12148,127572,50369,0
12149,137847,33021,0
12150,124791,57392,0
12151,139152,11266,0
12152,120113,94751,0
12153,90739,11297,0
12154,54116,122345,0
12155,82112,57472,0
12156,57193,98022,0
12157,2832,37981,0
12158,129624,121583,0
12159,17661,10880,0
12160,98422,76465,0
12161,14815,92657,0
12162,38072,38057,0
12163,152518,109792,0
12164,72663,117155,0
12165,138999,128869,0
12166,119253,123196,0
12167,27974,125330,0
12168,118270,127053,0
12169,107198,57547,0
12170,131243,129869,0
12171,62370,152035,0
12172,130249,94679,0
12173,573,146699,0
12174,92191,135022,0
12175,64240,19009,0
12176,118914,24369,0
12177,41317,8030,0
12178,102524,5766,0
12179,15257,73360,0
12180,1128,12603,0
12181,133422,26639,0
12182,54078,22658,0
12183,25796,18205,0
12184,69196,46828,0
12185,134146,37091,0
12186,17542,108038,0
12187,18146,62286,0
12188,100241,124973,0
12189,110459,80729,0
12190,42498,71978,0
12191,35006,107994,0
12192,88100,55631,0
12193,120977,119733,0
12194,101476,129656,0
12195,147785,71118,0
12196,72760,118279,0
12197,33966,81926,0
12198,30154,109548,0
12199,66100,57746,0
12200,103351,79110,0
12201,76170,23212,0
12202,57370,13910,0
12203,48313,99987,0
12204,6894,92512,0
12205,8013,107313,0
12206,25725,35813,0
12207,10286,145513,0
12208,81497,88656,0
12209,39106,13316,0
12210,126847,38117,0
12211,17194,146076,0
12212,11583,134819,0
12213,133195,142615,0
12214,104082,65980,0
12215,122285,118255,0
12216,95173,83598,0
12217,12025,75813,0
12218,5915,46855,0
12219,138985,109067,0
12220,15481,29019,0
12221,54040,11197,0
12222,74697,1369,0
12223,126189,91315,0
12224,34715,64651,0
12225,106395,112584,0
12226,31416,125648,0
12227,97610,153734,0
12228,95777,47929,0
12229,33692,119387,0
12230,102009,120164,0
12231,23828,31601,0
12232,104270,99444,0
12233,14402,17829,0
12234,134119,108143,0
12235,152606,49255,0
12236,122970,52120,0
12237,125329,30673,0
12238,30434,39044,0
12239,30821,145800,0
12240,30262,78996,0
12241,71120,130847,0
12242,48897,142557,0
12243,137677,20131,0
12244,72100,53652,0
12245,12747,85258,0
12246,93059,44670,0
12247,129692,36333,0
12248,7433,570,0
12249,77642,49848,0
12250,137742,97671,0
12251,80850,146994,0
12252,121106,89875,0
12253,65986,19424,0
12254,1101,22526,0
12255,116382,114344,0
12256,16248,140172,0
12257,138099,55683,0
12258,109669,66990,0
12259,68146,13578,0
12260,112183,33882,0
12261,59308,18032,0
12262,77825,59357,0
12263,44383,132419,0
12264,7930,22250,0
12265,104224,18805,0
12266,47960,61682,0
12267,108611,139487,0
12268,80882,118320,0
12269,18548,78604,0
12270,11621,10056,0
12271,149150,20549,0
12272,133095,31725,0
12273,122031,30021,0
12274,59866,77319,0
12275,99590,102204,0
12276,101914,140574,0
12277,118318,122178,0
12278,110040,58874,0
12279,116540,5511,0
12280,90118,103762,0
12281,9377,32232,0
12282,107339,146940,0
12283,87554,59497,0
12284,105612,42092,0
12285,124533,48213,0
12286,152203,33750,0
12287,38527,83341,0
12288,38098,96154,0
12289,155130,45222,0
12290,119848,45548,0
12291,52429,101037,0
12292,73980,146089,0
12293,70269,66164,0
12294,109076,131551,0
12295,28350,144106,0
12296,53095,93770,0
12297,66968,884,0
12298,23029,13265,0
12299,72931,2730,0
12300,131502,10779,0
12301,105256,115591,0
12302,82625,10455,0
12303,98036,27845,0
12304,114516,115605,0
12305,14883,151533,0
12306,74777,58589,0
12307,5758,123926,0
12308,81851,5449,0
12309,97575,97661,0
12310,29809,138360,0
12311,24696,70420,0
12312,82007,56178,0
12313,3190,133078,0
12314,73256,116947,0
12315,91010,65043,0
12316,87266,91550,0
12317,153046,93221,0
12318,154913,33501,0
12319,100516,80967,0
12320,55860,126626,0
12321,41756,36474,0
12322,127700,21279,0
12323,3340,56221,0
12324,96523,131279,0
12325,80010,14997,0
12326,112742,8209,0
12327,84053,147764,0
12328,70696,128280,0
12329,67127,81555,0
12330,22669,83067,0
12331,129071,40144,0
12332,90975,67883,0
12333,134702,147106,0
12334,140386,72781,0
12335,119622,13856,0
12336,2071,94585,0
12337,117203,67625,0
12338,93876,8397,0
12339,43221,53140,0
12340,58029,28434,0
12341,115877,34283,0
12342,91731,49577,0
12343,60316,72754,0
12344,146466,18406,0
12345,123071,43764,0
12346,99329,74694,0
12347,131373,29201,0
12348,54394,53992,0
12349,36171,129919,0
12350,20284,95738,0
12351,30939,148833,0
12352,137671,47430,0
12353,120052,79161,0
12354,42196,37875,0
12355,99942,85982,0
12356,76324,28561,0
12357,65667,88655,0
12358,12845,154300,0
12359,148173,84683,0
12360,117329,31161,0
12361,150888,18516,0
12362,121153,130045,0
12363,18627,138487,0
12364,149279,103371,0
12365,147461,34917,0
12366,85933,89273,0
12367,121941,18799,0
12368,102980,128458,0
12369,39161,84858,0
12370,126905,32176,0
12371,121625,16844,0
12372,1746,239,0
12373,59006,142084,0
12374,112611,125716,0
12375,134663,86018,0
12376,146472,83282,0
12377,28828,22056,0
12378,44874,46000,0
12379,96335,148882,0
12380,52539,130238,0
12381,27771,105379,0
12382,65523,153070,0
12383,146379,2085,0
12384,29011,80904,0
12385,6834,84640,0
12386,92419,129408,0
12387,3681,88390,0
12388,6631,20200,0
12389,81738,118289,0
12390,58246,107887,0
12391,144538,114757,0
12392,105103,60380,0
12393,102774,112324,0
12394,152637,94434,0
12395,5895,61072,0
12396,117387,59244,0
12397,60793,142366,0
12398,10556,73066,0
12399,76648,41003,0
12400,101081,105907,0
12401,128495,135978,0
12402,33705,87540,0
12403,34268,151070,0
12404,98254,70163,0
12405,113564,131504,0
12406,122793,148104,0
12407,152433,106905,0
12408,95672,67124,0
12409,133622,62332,0
12410,127905,89362,0
12411,35300,153835,0
12412,115337,13211,0
12413,110150,82558,0
12414,154643,57635,0
12415,102549,86929,0
12416,88629,141034,0
12417,58742,82228,0
12418,4476,40563,0
12419,70778,89362,0
12420,45116,39811,0
12421,62067,97435,0
12422,71746,85928,0
12423,26154,36392,0
12424,86094,148098,0
12425,53419,106452,0
12426,149424,112919,0
12427,74116,135636,0
12428,29482,134433,0
12429,48431,84384,0
12430,145375,41416,0
12431,154725,61666,0
12432,31775,52248,0
12433,84280,129674,0
12434,50929,142575,0
12435,151816,149857,0
12436,49041,107285,0
12437,66962,73533,0
12438,82539,62448,0
12439,50929,46334,0
12440,13541,150510,0
12441,51901,27642,0
12442,49540,144945,0
12443,72835,48024,0
12444,30311,151370,0
12445,148646,126747,0
12446,79431,109182,0
12447,129819,153365,0
12448,145973,96753,0
12449,148005,96641,0
12450,2950,69294,0
12451,5822,10885,0
12452,51145,83430,0
12453,42662,19392,0
12454,24579,125780,0
12455,68702,33341,0
12456,90093,107103,0
12457,14807,23637,0
12458,2989,21441,0
12459,81095,95721,0
12460,73246,7945,0
12461,138760,149369,0
12462,141060,73999,0
12463,81214,51880,0
12464,80806,25014,0
12465,16345,53934,0
12466,50718,95083,0
12467,126539,145140,0
12468,33260,9164,0
12469,144667,142219,0
12470,9652,61019,0
12471,21399,38430,0
12472,103075,100064,0
12473,47679,132091,0
12474,41847,394,0
12475,51033,148431,0
12476,68285,42907,0
12477,42863,123022,0
12478,95147,113006,0
12479,27090,153386,0
12480,32736,126994,0
12481,44277,24975,0
12482,31760,151975,0
12483,13213,146397,0
12484,93229,61935,0
12485,147217,126145,0
12486,122325,40935,0
12487,18248,37763,0
12488,30128,148630,0
12489,116319,71568,0
12490,1836,6780,0
12491,103451,112935,0
12492,105866,65256,0
12493,35771,149084,0
12494,142048,43564,0
12495,130425,38474,0
12496,111370,23682,0
12497,138218,42641,0
12498,102911,60324,0
12499,107953,88193,0
12500,135756,115602,0
12501,139927,140989,0
12502,131501,89157,0
12503,40720,86586,0
12504,24493,28109,0
12505,44257,85699,0
12506,62352,150479,0
12507,90663,126886,0
12508,68574,135850,0
12509,107423,463,0
12510,150913,22981,0
12511,136645,39397,0
12512,77387,3876,0
12513,117040,70396,0
12514,133038,84013,0
12515,33001,97542,0
12516,102528,77705,0
12517,3894,153257,0
12518,39718,142929,0
12519,98876,13314,0
12520,105106,130739,0
12521,111336,79190,0
12522,30261,126909,0
12523,43526,46937,0
12524,23333,43106,0
12525,77434,2502,0
12526,70861,29536,0
12527,51224,55272,0
12528,51752,43591,0
12529,81563,130982,0
12530,41418,47777,0
12531,123067,9909,0
12532,67327,2916,0
12533,12281,145929,0
12534,88640,43788,0
12535,49480,19415,0
12536,110131,141725,0
12537,61469,55297,0
12538,89478,40238,0
12539,68934,106568,0
12540,143390,135404,0
12541,102951,42537,0
12542,19690,144400,0
12543,141221,117935,0
12544,99537,5635,0
12545,80553,72436,0
12546,4029,32821,0
12547,32366,45931,0
12548,146132,76712,0
12549,109751,86059,0
12550,36988,11837,0
12551,35440,51151,0
12552,82992,58177,0
12553,48523,143137,0
12554,142597,7814,0
12555,37037,117356,0
12556,16892,55728,0
12557,147094,140756,0
12558,138331,154763,0
12559,31781,63889,0
12560,19839,149101,0
12561,18432,118778,0
12562,70665,53333,0
12563,148054,50083,0
12564,29272,46146,0
12565,120790,89922,0
12566,123741,73891,0
12567,3902,146940,0
12568,114367,81865,0
12569,129219,84863,0
12570,128063,105205,0
12571,127784,150718,0
12572,79480,17109,0
12573,6708,65364,0
12574,6686,69928,0
12575,36921,80476,0
12576,92755,23377,0
12577,46037,152946,0
12578,82540,144985,0
12579,28114,80897,0
12580,96538,112495,0
12581,10239,103277,0
12582,140844,131097,0
12583,29300,64692,0
12584,21008,59766,0
12585,119940,34979,0
12586,23165,59530,0
12587,14548,59921,0
12588,82744,42805,0
12589,11890,56698,0
12590,86355,138253,0
12591,1684,131002,0
12592,70998,147261,0
12593,36462,127006,0
12594,68990,31798,0
12595,70224,12182,0
12596,46173,120390,0
12597,82870,141499,0
12598,103064,153000,0
12599,30464,141847,0
12600,138218,82318,0
12601,78060,80145,0
12602,24151,41487,0
12603,124517,148372,0
12604,153414,140044,0
12605,16136,69660,0
12606,14753,47112,0
12607,34867,40268,0
12608,77857,79310,0
12609,138065,101402,0
12610,34043,65776,0
12611,59535,10181,0
12612,38933,93045,0
12613,93506,77334,0
12614,104533,102929,0
12615,23727,43252,0
12616,94769,141291,0
12617,83225,1840,0
12618,48948,134201,0
12619,140467,131413,0
12620,108951,119084,0
12621,142996,133914,0
12622,79016,133843,0
12623,6365,10969,0
12624,59516,66547,0
12625,115764,145512,0
12626,77724,66413,0
12627,81572,109380,0
12628,109453,126085,0
12629,128225,107065,0
12630,43359,64759,0
12631,71824,128710,0
12632,146237,126406,0
12633,24431,33796,0
12634,56271,44132,0
12635,143524,59241,0
12636,124081,27347,0
12637,15681,63293,0
12638,96616,142692,0
12639,26796,97253,0
12640,45680,102984,0
12641,144908,119374,0
12642,4129,114486,0
12643,25554,93933,0
12644,101357,154486,0
12645,91821,38069,0
12646,136375,116902,0
12647,50413,135648,0
12648,78180,43776,0
12649,106019,44985,0
12650,78502,22300,0
12651,74854,2311,0
12652,19165,105984,0
12653,13900,37449,0
12654,40765,55945,0
12655,63837,70358,0
12656,45537,75920,0
12657,135888,129976,0
12658,150837,14687,0
12659,35092,1812,0
12660,35176,110237,0
12661,40673,117143,0
12662,14422,21591,0
12663,148488,131742,0
12664,18810,85758,0
12665,85953,150020,0
12666,96347,93845,0
12667,17915,112423,0
12668,75382,148245,0
12669,138597,9944,0
12670,77347,120274,0
12671,132805,153766,0
12672,129321,78765,0
12673,114608,101683,0
12674,12456,94973,0
12675,51074,64456,0
12676,87060,99285,0
12677,151754,4677,0
12678,112720,73448,0
12679,131585,111339,0
12680,76049,6842,0
12681,23095,140631,0
12682,92012,10106,0
12683,143468,95916,0
12684,65396,105901,0
12685,14751,101999,0
12686,51484,56916,0
12687,64406,5475,0
12688,90012,16879,0
12689,126243,30547,0
12690,40404,64846,0
12691,149128,121803,0
12692,77769,17931,0
12693,10199,43012,0
12694,103132,65225,0
12695,131233,81469,0
12696,25223,61762,0
12697,126389,85827,0
12698,147273,76317,0
12699,68162,68791,0
12700,118101,43955,0
12701,125145,123934,0
12702,62884,93794,0
12703,61643,63441,0
12704,74086,21202,0
12705,120699,10567,0
12706,146527,69638,0
12707,116478,62298,0
12708,13450,23446,0
12709,149418,18723,0
12710,139338,123768,0
12711,60584,76527,0
12712,12594,140448,0
12713,97776,75530,0
12714,46705,29143,0
12715,118608,103085,0
12716,32042,111863,0
12717,6278,73798,0
12718,133826,137833,0
12719,117666,150652,0
12720,66999,2463,0
12721,105514,102439,0
12722,17570,137093,0
12723,12171,103920,0
12724,115444,106443,0
12725,140133,972,0
12726,106900,13446,0
12727,79648,72962,0
12728,104649,131601,0
12729,57929,61813,0
12730,141757,92736,0
12731,23379,85550,0
12732,98324,133779,0
12733,136029,55415,0
12734,39664,69190,0
12735,44571,67816,0
12736,110021,75396,0
12737,2716,148886,0
12738,115396,112812,0
12739,52206,123926,0
12740,137598,132797,0
12741,38997,50246,0
12742,109640,62672,0
12743,61707,59351,0
12744,149130,1957,0
12745,2951,64979,0
12746,111837,140910,0
12747,116154,30229,0
12748,24176,26548,0
12749,2361,70384,0
12750,111712,47196,0
12751,118671,92055,0
12752,15648,144814,0
12753,136263,17962,0
12754,66163,109070,0
12755,96916,27230,0
12756,61836,146161,0
12757,60288,123857,0
12758,148037,95879,0
12759,33449,116653,0
12760,143620,100574,0
12761,19054,122954,0
12762,1837,80675,0
12763,13527,3733,0
12764,118961,75944,0
12765,24644,149865,0
12766,109154,8361,0
12767,93502,58345,0
12768,87833,36252,0
12769,119337,32345,0
12770,25236,35733,0
12771,91883,91061,0
12772,19036,22357,0
12773,84157,91951,0
12774,152455,140160,0
12775,34170,39586,0
12776,53716,134133,0
12777,42515,54908,0
12778,147005,23702,0
12779,108778,78415,0
12780,119415,26315,0
12781,3225,51927,0
12782,13450,33222,0
12783,35616,109682,0
12784,49243,142242,0
12785,39859,96629,0
12786,116027,12141,0
12787,50043,128506,0
12788,92988,49472,0
12789,129118,80545,0
12790,144386,67865,0
12791,94584,38800,0
12792,48393,83175,0
12793,117721,28796,0
12794,40537,9769,0
12795,121460,139783,0
12796,84036,138506,0
12797,48453,15057,0
12798,25773,18536,0
12799,42298,35661,0
12800,2823,64983,0
12801,86803,98679,0
12802,92475,132059,0
12803,85752,98549,0
12804,32928,25429,0
12805,97890,96247,0
12806,118852,21270,0
12807,47745,50493,0
12808,141828,14719,0
12809,92718,123931,0
12810,64564,91724,0
12811,128967,50229,0
12812,34788,11579,0
12813,51390,134553,0
12814,27593,1562,0
12815,109198,15380,0
12816,17850,38761,0
12817,86599,79449,0
12818,129968,105901,0
12819,151856,147238,0
12820,104996,61964,0
12821,108483,108222,0
12822,112580,99622,0
12823,91681,70629,0
12824,30937,17455,0
12825,86285,30532,0
12826,31485,111627,0
12827,91257,85336,0
12828,105574,34229,0
12829,142906,101200,0
12830,95586,148217,0
12831,140881,106318,0
12832,91082,142281,0
12833,38282,121449,0
12834,5934,61004,0
12835,107060,111885,0
12836,45286,49722,0
12837,40163,84172,0
12838,137364,95680,0
12839,49777,10927,0
12840,41245,24305,0
12841,111452,69902,0
12842,9478,102164,0
12843,49760,66961,0
12844,144758,15475,0
12845,128012,17120,0
12846,52728,92196,0
12847,64052,42561,0
12848,99408,155135,0
12849,149256,114577,0
12850,8591,32107,0
12851,6947,89772,0
12852,145561,106670,0
12853,108440,108438,0
12854,108231,39881,0
12855,78880,13105,0
12856,101784,42315,0
12857,66447,17381,0
12858,113484,113648,0
12859,1072,106594,0
12860,15370,75182,0
12861,12493,69476,0
12862,73241,22138,0
12863,116965,134875,0
12864,107035,129971,0
12865,86591,104199,0
12866,37207,145167,0
12867,148616,103726,0
12868,55872,54495,0
12869,144249,86657,0
12870,79634,43203,0
12871,70761,136121,0
12872,43889,33580,0
12873,71510,65022,0
12874,102077,150480,0
12875,96033,27328,0
12876,82832,131247,0
12877,39718,48700,0
12878,49337,35129,0
12879,46521,90344,0
12880,118854,105020,0
12881,22076,105018,0
12882,50478,36280,0
12883,74110,39922,0
12884,17952,77941,0
12885,92096,23922,0
12886,74374,40070,0
12887,88597,40226,0
12888,61466,32115,0
12889,57389,128239,0
12890,25680,10444,0
12891,96239,57307,0
12892,76940,101770,0
12893,43370,94624,0
12894,105134,44512,0
12895,135108,80035,0
12896,98407,105129,0
12897,29853,19701,0
12898,57118,16055,0
12899,79002,19936,0
12900,92884,102427,0
12901,113061,50658,0
12902,18282,32318,0
12903,44275,103034,0
12904,58347,109280,0
12905,34286,20092,0
12906,36566,86683,0
12907,29600,145459,0
12908,135924,82468,0
12909,100747,97352,0
12910,109759,30289,0
12911,97393,45459,0
12912,89845,35180,0
12913,90231,104037,0
12914,103352,95498,0
12915,114993,39682,0
12916,125376,114625,0
12917,92045,14269,0
12918,113375,83170,0
12919,57596,121924,0
12920,27868,76604,0
12921,18228,79098,0
12922,86269,125998,0
12923,106195,82939,0
12924,61002,62502,0
12925,35954,93850,0
12926,136719,50845,0
12927,35636,33082,0
12928,140156,11876,0
12929,24598,72662,0
12930,129941,74971,0
12931,130266,106992,0
12932,80899,122654,0
12933,83005,139378,0
12934,63700,96410,0
12935,89046,36111,0
12936,142526,63029,0
12937,48137,89379,0
12938,93453,107884,0
12939,143713,50486,0
12940,113225,62068,0
12941,104144,45506,0
12942,91562,22132,0
12943,109211,23287,0
12944,90239,22201,0
12945,59843,9628,0
12946,97736,37398,0
12947,69648,6014,0
12948,75019,9820,0
12949,103097,57627,0
12950,139786,132615,0
12951,32511,142403,0
12952,109453,151627,0
12953,5826,67121,0
12954,146785,73717,0
12955,56446,49849,0
12956,138725,12975,0
12957,3126,8958,0
12958,64930,78160,0
12959,26706,146329,0
12960,97493,54713,0
12961,116900,63876,0
12962,59689,27120,0
12963,134168,79373,0
12964,116987,39171,0
12965,65832,151228,0
12966,60164,114398,0
12967,91670,114571,0
12968,143723,61847,0
12969,114644,72753,0
12970,87489,149422,0
12971,34556,14976,0
12972,109460,25385,0
12973,99282,61453,0
12974,96566,25457,0
12975,65034,104897,0
12976,26490,145318,0
12977,31639,80605,0
12978,19263,71048,0
12979,38177,73590,0
12980,48101,67138,0
12981,110787,143466,0
12982,41237,64065,0
12983,24742,30319,0
12984,147571,87473,0
12985,17607,16749,0
12986,145175,43617,0
12987,1785,12885,0
12988,26749,143047,0
12989,113520,15384,0
12990,103523,16490,0
12991,151113,12014,0
12992,65495,141938,0
12993,3364,47104,0
12994,140181,81306,0
12995,111911,125947,0
12996,67807,67688,0
12997,26393,120179,0
12998,74797,81511,0
12999,118672,106309,0
13000,100227,59371,0
13001,142963,128671,0
13002,94226,54183,0
13003,4756,59768,0
13004,17283,71297,0
13005,131118,44115,0
13006,134425,126979,0
13007,140862,29389,0
13008,79255,124870,0
13009,68645,22327,0
13010,74727,15495,0
13011,16993,79493,0
13012,13089,86116,0
13013,2679,128338,0
13014,66165,138505,0
13015,148839,87720,0
13016,148307,126413,0
13017,118989,68955,0
13018,18229,117640,0
13019,34142,1923,0
13020,117503,101711,0
13021,84206,90667,0
13022,15388,114942,0
13023,99885,34517,0
13024,133928,127632,0
13025,72834,10146,0
13026,80426,87748,0
13027,110085,99860,0
13028,50600,14850,0
13029,90752,105120,0
13030,124766,150166,0
13031,117777,12026,0
13032,129835,41644,0
13033,133692,136122,0
13034,103791,43588,0
13035,131037,90987,0
13036,17296,27826,0
13037,93475,49360,0
13038,37256,50331,0
13039,129791,109511,0
13040,29917,13120,0
13041,114437,52864,0
13042,136438,115714,0
13043,140236,150163,0
13044,6998,57111,0
13045,50947,109956,0
13046,136182,124607,0
13047,144299,108944,0
13048,51475,137166,0
13049,92096,83573,0
13050,104172,105869,0
13051,100037,50645,0
13052,24598,83156,0
13053,99639,96186,0
13054,72572,129344,0
13055,144634,67063,0
13056,43148,61900,0
13057,69157,13174,0
13058,2937,36893,0
13059,5332,106242,0
13060,41575,104812,0
13061,107828,24965,0
13062,141427,25884,0
13063,79958,118310,0
13064,74332,61058,0
13065,20654,93607,0
13066,8596,31046,0
13067,64557,81269,0
13068,49573,30109,0
13069,81314,74867,0
13070,66304,151321,0
13071,58991,81132,0
13072,120326,98480,0
13073,24260,102803,0
13074,147062,66925,0
13075,78844,34277,0
13076,56360,123682,0
13077,69424,70622,0
13078,27859,76858,0
13079,58479,32475,0
13080,103264,60243,0
13081,47596,110681,0
13082,94463,80474,0
13083,71188,59235,0
13084,88335,109587,0
13085,74876,80739,0
13086,67720,41679,0
13087,112040,94696,0
13088,96907,71030,0
13089,105993,74186,0
13090,57968,24169,0
13091,40997,29254,0
13092,113717,130770,0
13093,107675,117282,0
13094,109688,53295,0
13095,26432,109560,0
13096,52031,148466,0
13097,62747,87045,0
13098,42180,48001,0
13099,51047,104149,0
13100,132209,114838,0
13101,105782,3013,0
13102,95383,13909,0
13103,122225,102974,0
13104,128423,515,0
13105,99324,50053,0
13106,15409,134575,0
13107,152414,13736,0
13108,78763,52965,0
13109,97536,15790,0
13110,123384,70808,0
13111,131204,154054,0
13112,59862,144477,0
13113,90609,26847,0
13114,138389,135140,0
13115,77976,60102,0
13116,129498,1017,0
13117,107565,52783,0
13118,4681,154712,0
13119,127938,128474,0
13120,61113,122601,0
13121,88092,71072,0
13122,72344,25363,0
13123,40434,125656,0
13124,14888,25622,0
13125,121755,68554,0
13126,131251,12911,0
13127,43091,112475,0
13128,64146,110716,0
13129,100288,64053,0
13130,56252,87745,0
13131,114570,75400,0
13132,131438,66756,0
13133,21390,20396,0
13134,7225,62368,0
13135,15092,133396,0
13136,39607,25514,0
13137,94882,15340,0
13138,13624,76551,0
13139,73728,108826,0
13140,46271,103905,0
13141,44849,149875,0
13142,26344,147827,0
13143,131114,38790,0
13144,54170,26649,0
13145,16456,123102,0
13146,149237,23461,0
13147,24949,91131,0
13148,99399,25446,0
13149,35790,19644,0
13150,115996,40174,0
13151,81359,22459,0
13152,57173,18973,0
13153,13656,20430,0
13154,68548,6076,0
13155,5357,112683,0
13156,30997,93369,0
13157,108645,153340,0
13158,34867,87699,0
13159,15174,87772,0
13160,48844,95844,0
13161,42782,3047,0
13162,24161,92602,0
13163,34589,134821,0
13164,31785,66145,0
13165,96636,53468,0
13166,43826,128531,0
13167,97754,153179,0
13168,130437,108449,0
13169,88468,93435,0
13170,127411,102228,0
13171,29444,99389,0
13172,77130,98404,0
13173,137056,125798,0
13174,49178,60645,0
13175,29763,124094,0
13176,34403,102256,0
13177,43912,71135,0
13178,113783,9580,0
13179,53251,56576,0
13180,108045,13576,0
13181,59653,240,0
13182,149091,27154,0
13183,149812,119297,0
13184,10133,64617,0
13185,74291,128104,0
13186,44608,81846,0
13187,125258,16915,0
13188,51877,55512,0
13189,52781,4006,0
13190,5163,100163,0
13191,73097,62944,0
13192,145253,129756,0
13193,56857,40157,0
13194,76341,11883,0
13195,13900,125068,0
13196,4777,56483,0
13197,154517,48016,0
13198,140397,46501,0
13199,124308,53585,0
13200,87555,139960,0
13201,3294,115872,0
13202,99813,22102,0
13203,111303,55297,0
13204,4259,83658,0
13205,119637,110793,0
13206,128923,152735,0
13207,100740,28717,0
13208,54893,132062,0
13209,58616,36193,0
13210,4857,122817,0
13211,79576,149221,0
13212,38254,3828,0
13213,44681,101235,0
13214,54305,4489,0
13215,93445,50437,0
13216,130202,18441,0
13217,133206,67360,0
13218,66518,71352,0
13219,74312,75807,0
13220,64913,142444,0
13221,115694,117327,0
13222,135217,128869,0
13223,89798,153983,0
13224,100832,45659,0
13225,6734,139962,0
13226,139377,19151,0
13227,7446,107575,0
13228,101055,130628,0
13229,111350,118909,0
13230,81742,27291,0
13231,82870,115283,0
13232,48708,85790,0
13233,119696,86292,0
13234,51083,29308,0
13235,7021,116689,0
13236,72974,147109,0
13237,135072,102484,0
13238,22042,38619,0
13239,33026,144382,0
13240,26040,76267,0
13241,88881,7986,0
13242,126029,154114,0
13243,142361,79003,0
13244,153270,120637,0
13245,116975,103807,0
13246,76473,110410,0
13247,130636,151245,0
13248,103019,98388,0
13249,107862,144243,0
13250,94245,22962,0
13251,105870,142783,0
13252,2214,7164,0
13253,86930,96046,0
13254,85653,137694,0
13255,154167,154346,0
13256,45132,29982,0
13257,45846,93495,0
13258,19085,127250,0
13259,23166,41866,0
13260,11706,17765,0
13261,84371,48235,0
13262,107933,20094,0
13263,109540,94889,0
13264,145915,52799,0
13265,107890,13173,0
13266,144033,77658,0
13267,36461,74637,0
13268,18150,114959,0
13269,133139,56693,0
13270,75017,109995,0
13271,4600,107783,0
13272,15120,104429,0
13273,69189,54344,0
13274,141197,54189,0
13275,37631,81626,0
13276,42698,55435,0
13277,146622,152663,0
13278,11333,50629,0
13279,13773,11358,0
13280,123806,110841,0
13281,31635,43715,0
13282,33873,125187,0
13283,97012,6615,0
13284,14785,65506,0
13285,104689,120646,0
13286,13622,68253,0
13287,14779,139853,0
13288,127808,70424,0
13289,98630,16236,0
13290,89758,146428,0
13291,70617,23773,0
13292,84279,90974,0
13293,10918,102726,0
13294,46177,57956,0
13295,117702,36480,0
13296,138344,1485,0
13297,137146,939,0
13298,123024,69815,0
13299,22331,138949,0
13300,154934,38758,0
13301,8130,123862,0
13302,35779,5597,0
13303,43153,67321,0
13304,154348,120601,0
13305,11988,80717,0
13306,136059,98976,0
13307,140592,40363,0
13308,123125,86420,0
13309,32558,129581,0
13310,124521,30398,0
13311,5308,128443,0
13312,129120,69892,0
13313,85705,119675,0
13314,62493,123494,0
13315,33065,80259,0
13316,139342,5002,0
13317,53726,134835,0
13318,74794,57088,0
13319,136147,122381,0
13320,4492,82299,0
13321,17075,124228,0
13322,84495,134372,0
13323,138344,115479,0
13324,19643,28010,0
13325,64847,86990,0
13326,66943,20812,0
13327,116785,98905,0
13328,19779,53192,0
13329,66426,138213,0
13330,131227,154129,0
13331,65389,131569,0
13332,65769,113481,0
13333,13866,10277,0
13334,114995,83828,0
13335,78179,51750,0
13336,52653,53825,0
13337,124891,146339,0
13338,2542,40972,0
13339,43498,120015,0
13340,23894,50685,0
13341,54310,74702,0
13342,13595,150045,0
13343,7857,27184,0
13344,134311,7086,0
13345,128718,112214,0
13346,61050,129880,0
13347,38344,57045,0
13348,100802,104000,0
13349,118312,54114,0
13350,102358,23995,0
13351,129354,132248,0
13352,154783,113904,0
13353,125587,122429,0
13354,78442,132218,0
13355,149612,103102,0
13356,78810,79206,0
13357,143779,63066,0
13358,86363,19780,0
13359,53953,44796,0
13360,58146,118397,0
13361,97327,59945,0
13362,3966,56821,0
13363,62415,43356,0
13364,89352,53917,0
13365,86874,131084,0
13366,140459,35734,0
13367,126381,37558,0
13368,71303,121675,0
13369,46288,135030,0
13370,69627,30080,0
13371,96683,45675,0
13372,124361,41645,0
13373,19045,39408,0
13374,91711,119592,0
13375,139171,61415,0
13376,48879,103911,0
13377,818,42922,0
13378,114570,25308,0
13379,110612,131915,0
13380,642,56510,0
13381,123782,137846,0
13382,124967,67804,0
13383,17172,106496,0
13384,25516,107091,0
13385,78552,31805,0
13386,5459,152845,0
13387,129816,93685,0
13388,107791,104253,0
13389,51096,49398,0
13390,114647,74901,0
13391,15436,15854,0
13392,111618,70374,0
13393,81330,34309,0
13394,115670,93597,0
13395,5737,51296,0
13396,19229,62086,0
13397,61375,144356,0
13398,118754,58938,0
13399,124216,81183,0
13400,112091,59031,0
13401,106191,114494,0
13402,99818,89705,0
13403,41654,125958,0
13404,113309,121110,0
13405,45667,117260,0
13406,105044,143055,0
13407,71610,105692,0
13408,68812,16866,0
13409,18232,8572,0
13410,9360,12951,0
13411,145635,53247,0
13412,144990,30862,0
13413,110362,145859,0
13414,105861,94028,0
13415,106432,39326,0
13416,99092,11056,0
13417,56908,150603,0
13418,13334,128209,0
13419,74592,90960,0
13420,23413,154915,0
13421,67806,25205,0
13422,32445,50667,0
13423,95637,5261,0
13424,142033,107423,0
13425,16414,19091,0
13426,142699,114438,0
13427,106368,69736,0
13428,23847,145546,0
13429,65706,104686,0
13430,123111,124783,0
13431,40616,110553,0
13432,88673,138499,0
13433,74137,24806,0
13434,61707,132754,0
13435,104864,23088,0
13436,7427,34846,0
13437,131975,154683,0
13438,127792,93978,0
13439,12751,1689,0
13440,21101,21353,0
13441,147946,60540,0
13442,12223,47893,0
13443,44433,23253,0
13444,94850,20408,0
13445,4292,150812,0
13446,141850,145937,0
13447,16001,19363,0
13448,120559,79688,0
13449,89925,97116,0
13450,21252,96247,0
13451,49963,62173,0
13452,96174,137754,0
13453,151346,58665,0
13454,84599,76712,0
13455,100916,109806,0
13456,143640,51255,0
13457,117024,9039,0
13458,85383,598,0
13459,113897,27043,0
13460,1709,150652,0
13461,72092,34657,0
13462,7861,153170,0
13463,675,119889,0
13464,112207,68705,0
13465,32360,92857,0
13466,144715,46212,0
13467,86601,18292,0
13468,51378,125326,0
13469,104171,2191,0
13470,82635,93386,0
13471,150838,153009,0
13472,139630,144711,0
13473,11206,60687,0
13474,79043,106840,0
13475,87572,137662,0
13476,135148,71708,0
13477,80553,28462,0
13478,96961,22802,0
13479,5725,35814,0
13480,125984,90233,0
13481,37920,74557,0
13482,90919,24249,0
13483,137620,33214,0
13484,47706,146342,0
13485,154569,49898,0
13486,75086,112584,0
13487,42973,12202,0
13488,56555,107465,0
13489,13899,114701,0
13490,102386,102456,0
13491,72684,36935,0
13492,50074,17919,0
13493,114088,151977,0
13494,125541,104459,0
13495,151856,92653,0
13496,106643,106070,0
13497,50706,141159,0
13498,18496,31254,0
13499,127033,153579,0
13500,45727,57172,0
13501,9519,5588,0
13502,90135,134520,0
13503,110130,110211,0
13504,17654,111690,0
13505,22010,145521,0
13506,29557,2681,0
13507,99772,110264,0
13508,128152,82985,0
13509,59264,137961,0
13510,132505,83423,0
13511,76158,74189,0
13512,128283,4323,0
13513,12179,146515,0
13514,24668,56485,0
13515,142730,75275,0
13516,120883,138800,0
13517,68750,145820,0
13518,44692,99801,0
13519,14506,12509,0
13520,74703,42963,0
13521,102223,48633,0
13522,52920,59348,0
13523,145635,146812,0
13524,52339,71556,0
13525,10826,113209,0
13526,141310,135412,0
13527,61694,134336,0
13528,25466,124924,0
13529,47637,94723,0
13530,87158,29316,0
13531,128686,79240,0
13532,27876,16584,0
13533,86724,82716,0
13534,104145,10340,0
13535,72594,36350,0
13536,97591,111223,0
13537,125465,137886,0
13538,119964,90010,0
13539,112306,145526,0
13540,144744,66613,0
13541,34944,10158,0
13542,14180,135861,0
13543,112677,26940,0
13544,50349,52630,0
13545,91672,53379,0
13546,106413,96599,0
13547,40841,75374,0
13548,56480,153006,0
13549,63333,134380,0
13550,17297,82248,0
13551,92515,71550,0
13552,80544,3395,0
13553,31799,51267,0
13554,46962,49427,0
13555,50653,103501,0
13556,126733,59794,0
13557,74419,15567,0
13558,128102,49426,0
13559,142692,60164,0
13560,136050,151852,0
13561,49322,34229,0
13562,49354,84599,0
13563,15370,142762,0
13564,64463,150471,0
13565,20463,59418,0
13566,62876,84051,0
13567,31607,67688,0
13568,67256,94198,0
13569,117351,124247,0
13570,154070,145022,0
13571,50364,11535,0
13572,115321,128656,0
13573,58643,3233,0
13574,65519,41391,0
13575,120879,63867,0
13576,6713,68969,0
13577,50363,13704,0
13578,13347,20168,0
13579,10315,16541,0
13580,147058,11775,0
13581,132566,115054,0
13582,101243,106115,0
13583,148354,22915,0
13584,70078,141979,0
13585,19684,43769,0
13586,139287,42197,0
13587,11527,127522,0
13588,11607,21436,0
13589,54044,12202,0
13590,54903,142478,0
13591,148802,63348,0
13592,25073,141198,0
13593,142081,71933,0
13594,81569,130368,0
13595,85467,143179,0
13596,148616,13635,0
13597,40526,106492,0
13598,145458,124653,0
13599,142359,119153,0
13600,104314,53799,0
13601,46563,2665,0
13602,24107,85580,0
13603,9721,41687,0
13604,18002,132216,0
13605,147148,102029,0
13606,149304,45862,0
13607,120645,52888,0
13608,127084,146854,0
13609,78064,61707,0
13610,122616,150661,0
13611,130948,44193,0
13612,63041,77527,0
13613,135179,152132,0
13614,104407,50754,0
13615,82186,109865,0
13616,94897,65376,0
13617,35555,69563,0
13618,10108,121233,0
13619,97212,110918,0
13620,118717,80200,0
13621,115025,67729,0
13622,92299,126529,0
13623,123105,7695,0
13624,54484,121182,0
13625,104865,56226,0
13626,55781,132780,0
13627,26885,126818,0
13628,101460,116617,0
13629,117007,64187,0
13630,108061,144700,0
13631,51984,100275,0
13632,91283,32474,0
13633,142263,89950,0
13634,72409,130726,0
13635,36566,45477,0
13636,64980,85712,0
13637,70336,39132,0
13638,139290,48281,0
13639,49522,58716,0
13640,140743,18090,0
13641,78349,154694,0
13642,11119,56512,0
13643,119368,120709,0
13644,63591,25517,0
13645,137147,105386,0
13646,39266,53476,0
13647,101409,77922,0
13648,114931,86204,0
13649,39607,154669,0
13650,112281,55736,0
13651,124698,44191,0
13652,67242,70887,0
13653,93068,148533,0
13654,142485,28022,0
13655,66206,66719,0
13656,5423,17847,0
13657,12564,115442,0
13658,129737,131569,0
13659,23176,107363,0
13660,923,150540,0
13661,4287,56151,0
13662,154848,49872,0
13663,29873,143999,0
13664,115371,32131,0
13665,58485,26350,0
13666,116414,41150,0
13667,77075,144244,0
13668,65838,101078,0
13669,136613,36810,0
13670,78639,89459,0
13671,37240,34016,0
13672,81263,46263,0
13673,21969,40248,0
13674,98876,77020,0
13675,10785,28175,0
13676,23322,49495,0
13677,24846,60715,0
13678,113342,134167,0
13679,3378,701,0
13680,101536,42664,0
13681,149271,151150,0
13682,146587,98923,0
13683,117607,51050,0
13684,88518,118109,0
13685,57003,86403,0
13686,42237,35329,0
13687,9160,126630,0
13688,83971,8220,0
13689,107271,123185,0
13690,133378,143607,0
13691,136549,105991,0
13692,102826,10668,0
13693,124612,91160,0
13694,28449,12194,0
13695,7072,90355,0
13696,52108,89657,0
13697,39536,28896,0
13698,24595,14006,0
13699,20284,99436,0
13700,143487,75635,0
13701,138601,102429,0
13702,19292,76837,0
13703,68344,77297,0
13704,71680,44444,0
13705,70500,142772,0
13706,14646,145079,0
13707,65713,80958,0
13708,15368,51247,0
13709,7878,115735,0
13710,38945,127715,0
13711,123900,146377,0
13712,17552,31600,0
13713,92937,48601,0
13714,104814,35952,0
13715,2813,69715,0
13716,10186,135304,0
13717,75115,122199,0
13718,116936,13231,0
13719,112317,119069,0
13720,66564,148740,0
13721,84490,105828,0
13722,134479,5640,0
13723,51924,63123,0
13724,69488,45710,0
13725,108027,95507,0
13726,76289,134529,0
13727,153409,67065,0
13728,100158,110036,0
13729,99611,80062,0
13730,17225,73804,0
13731,126365,2834,0
13732,85203,89021,0
13733,114324,119573,0
13734,117739,41482,0
13735,38446,97340,0
13736,121745,6836,0
13737,35803,147308,0
13738,50417,71195,0
13739,149127,132944,0
13740,121198,57871,0
13741,29566,12587,0
13742,3056,51714,0
13743,130837,61410,0
13744,121523,114389,0
13745,143768,116519,0
13746,111976,132229,0
13747,101146,143906,0
13748,96072,128878,0
13749,151941,34009,0
13750,106768,27168,0
13751,50830,34673,0
13752,152880,143968,0
13753,115000,89499,0
13754,102579,125721,0
13755,74821,118652,0
13756,143254,86370,0
13757,144061,141212,0
13758,59324,132351,0
13759,84163,30548,0
13760,146098,5066,0
13761,30099,116687,0
13762,95661,49184,0
13763,93902,14161,0
13764,14289,121417,0
13765,103745,2663,0
13766,67168,20234,0
13767,113912,85194,0
13768,82875,98038,0
13769,108626,12023,0
13770,36611,60739,0
13771,119514,37027,0
13772,12721,144617,0
13773,71384,4917,0
13774,68647,3538,0
13775,27451,89762,0
13776,30008,7235,0
13777,54633,63643,0
13778,1180,30539,0
13779,55874,120090,0
13780,152922,121438,0
13781,113176,95615,0
13782,132090,47181,0
13783,98979,52658,0
13784,90580,22167,0
13785,96874,11914,0
13786,77425,123997,0
13787,97639,91015,0
13788,47253,92479,0
13789,16850,111833,0
13790,48843,143016,0
13791,127511,151198,0
13792,67040,76554,0
13793,55366,133284,0
13794,151201,88205,0
13795,73848,64970,0
13796,98561,52505,0
13797,83773,112161,0
13798,105493,12547,0
13799,25426,80752,0
13800,92838,104586,0
13801,89173,70217,0
13802,108523,7257,0
13803,60408,14204,0
13804,118706,132742,0
13805,29455,140409,0
13806,41589,115288,0
13807,116274,123380,0
13808,41147,89396,0
13809,140288,102382,0
13810,41707,116705,0
13811,60996,32729,0
13812,56816,24369,0
13813,97911,8997,0
13814,139287,150912,0
13815,4130,92978,0
13816,126921,138716,0
13817,15807,57883,0
13818,52489,118156,0
13819,71491,39835,0
13820,86816,128516,0
13821,1594,144163,0
13822,18711,115923,0
13823,129063,132367,0
13824,133832,149536,0
13825,106434,74406,0
13826,19291,31638,0
13827,117791,24905,0
13828,75379,58399,0
13829,117912,119903,0
13830,90422,43050,0
13831,87942,62227,0
13832,27921,15042,0
13833,104719,137746,0
13834,33873,145988,0
13835,39123,122592,0
13836,66798,98890,0
13837,73735,20360,0
13838,111162,146378,0
13839,71021,9278,0
13840,62854,65339,0
13841,56429,68908,0
13842,110916,35382,0
13843,58572,96723,0
13844,77938,25766,0
13845,18707,116685,0
13846,95616,100265,0
13847,62612,55779,0
13848,123851,1589,0
13849,14834,34091,0
13850,20016,124587,0
13851,105994,118484,0
13852,96589,42017,0
13853,49742,108012,0
13854,43331,80667,0
13855,4579,154549,0
13856,108972,149786,0
13857,24376,88005,0
13858,50841,12681,0
13859,53662,1350,0
13860,44484,93514,0
13861,12421,54047,0
13862,139515,64292,0
13863,14068,5261,0
13864,149384,7913,0
13865,94182,117296,0
13866,46546,13704,0
13867,68168,150909,0
13868,54945,137318,0
13869,98129,26411,0
13870,29967,139298,0
13871,77897,22984,0
13872,20507,115911,0
13873,7488,15690,0
13874,63048,152261,0
13875,40122,143240,0
13876,66573,8824,0
13877,149586,8984,0
13878,63950,97945,0
13879,45664,138769,0
13880,109832,63621,0
13881,106763,58286,0
13882,35771,106828,0
13883,76150,132614,0
13884,1404,148944,0
13885,33186,38588,0
13886,136215,48404,0
13887,71136,96221,0
13888,134171,127274,0
13889,25530,122815,0
13890,27448,57024,0
13891,83862,108834,0
13892,22987,31106,0
13893,25082,26435,0
13894,128965,118891,0
13895,82079,20706,0
13896,48578,50222,0
13897,2536,114750,0
13898,47573,139817,0
13899,150062,16224,0
13900,27064,130986,0
13901,18573,14067,0
13902,41405,30885,0
13903,86173,76401,0
13904,123122,18934,0
13905,91962,134900,0
13906,39058,38700,0
13907,127673,35777,0
13908,119927,87739,0
13909,105790,97982,0
13910,64980,54212,0
13911,113090,55242,0
13912,102235,28342,0
13913,74399,101416,0
13914,96413,123303,0
13915,10164,111317,0
13916,76973,144104,0
13917,114887,62180,0
13918,133047,153004,0
13919,143521,88029,0
13920,63827,2736,0
13921,64589,33315,0
13922,33724,102253,0
13923,49053,116380,0
13924,144605,18333,0
13925,31664,110965,0
13926,92372,81100,0
13927,5230,140813,0
13928,74040,110999,0
13929,28665,129617,0
13930,153859,142621,0
13931,138696,8174,0
13932,22448,105344,0
13933,67694,7866,0
13934,9842,22746,0
13935,82427,109075,0
13936,1756,90976,0
13937,51311,54133,0
13938,83495,35478,0
13939,154578,148324,0
13940,84804,104165,0
13941,110417,75192,0
13942,65450,68386,0
13943,48031,29894,0
13944,131239,108796,0
13945,104709,43442,0
13946,75708,30040,0
13947,145191,69788,0
13948,34430,144670,0
13949,96516,5317,0
13950,31768,73863,0
13951,57349,35005,0
13952,32388,67079,0
13953,153588,147495,0
13954,134379,46813,0
13955,78531,75403,0
13956,23787,109391,0
13957,3259,78937,0
13958,151798,72430,0
13959,69739,25528,0
13960,19779,140640,0
13961,74370,132367,0
13962,113734,47874,0
13963,30694,42537,0
13964,43396,54439,0
13965,94166,142089,0
13966,148609,70205,0
13967,41990,32178,0
13968,71384,60232,0
13969,41859,138676,0
13970,92547,141252,0
13971,104181,8427,0
13972,52213,21385,0
13973,135057,140413,0
13974,85224,29885,0
13975,127673,129995,0
13976,154903,12765,0
13977,135001,136701,0
13978,7681,87135,0
13979,99481,136294,0
13980,16108,130914,0
13981,24112,9891,0
13982,149047,84159,0
13983,22581,18789,0
13984,35332,195,0
13985,33143,94387,0
13986,32680,44169,0
13987,83325,146068,0
13988,27958,61414,0
13989,35732,91494,0
13990,98870,14422,0
13991,93650,27600,0
13992,84942,140163,0
13993,145178,127977,0
13994,51039,9317,0
13995,155055,9614,0
13996,117901,93379,0
13997,14963,31116,0
13998,100791,144604,0
13999,63653,106654,0
14000,48794,131754,0
14001,16455,71941,0
14002,11513,80395,0
14003,117321,149661,0
14004,138314,101801,0
14005,23413,89958,0
14006,85207,137595,0
14007,130746,61232,0
14008,26415,126723,0
14009,112790,128878,0
14010,92895,96520,0
14011,125414,65928,0
14012,121641,64506,0
14013,117592,145377,0
14014,35470,126025,0
14015,24259,32078,0
14016,107426,41158,0
14017,15660,92312,0
14018,114192,44989,0
14019,13698,148369,0
14020,33448,121955,0
14021,91193,3794,0
14022,120766,93798,0
14023,9720,67123,0
14024,64637,129724,0
14025,49800,100967,0
14026,153208,3703,0
14027,147143,42916,0
14028,81759,106868,0
14029,120060,128733,0
14030,18319,41292,0
14031,70416,83510,0
14032,151110,23811,0
14033,19091,105958,0
14034,41143,24211,0
14035,72110,36359,0
14036,96847,27793,0
14037,1312,114745,0
14038,114433,43490,0
14039,108270,26298,0
14040,53598,9183,0
14041,39579,93689,0
14042,123805,52317,0
14043,110094,79166,0
14044,141294,79224,0
14045,121026,47018,0
14046,95823,18096,0
14047,99486,21875,0
14048,47462,95349,0
14049,58816,12441,0
14050,54365,87989,0
14051,25228,66734,0
14052,88884,91480,0
14053,146035,22783,0
14054,54830,97671,0
14055,31250,2852,0
14056,107115,5190,0
14057,62486,43485,0
14058,42470,31155,0
14059,24056,51218,0
14060,41076,6885,0
14061,32906,100375,0
14062,125902,66582,0
14063,104577,105479,0
14064,38523,135846,0
14065,125750,25833,0
14066,39318,94609,0
14067,66773,15489,0
14068,62098,137896,0
14069,28095,82741,0
14070,94708,154545,0
14071,40551,54922,0
14072,39662,76578,0
14073,152748,140556,0
14074,91781,149806,0
14075,116780,79079,0
14076,41543,44325,0
14077,37700,184,0
14078,28628,20968,0
14079,121153,105828,0
14080,101466,45096,0
14081,10740,114321,0
14082,38669,55600,0
14083,47290,92868,0
14084,66526,68116,0
14085,16892,56841,0
14086,60885,115038,0
14087,4993,114618,0
14088,44269,145970,0
14089,147765,151164,0
14090,128990,80753,0
14091,69157,25883,0
14092,54671,80875,0
14093,115737,104946,0
14094,78666,147111,0
14095,30380,14363,0
14096,95781,58110,0
14097,8113,23945,0
14098,74208,17708,0
14099,23604,40576,0
14100,143243,142880,0
14101,67060,31059,0
14102,48109,41995,0
14103,114415,114804,0
14104,7976,63709,0
14105,116164,137533,0
14106,20448,124423,0
14107,297,96467,0
14108,93414,45191,0
14109,136549,16736,0
14110,87775,11528,0
14111,109845,2650,0
14112,139561,130982,0
14113,114460,111126,0
14114,123276,44522,0
14115,85314,145142,0
14116,28948,135904,0
14117,22934,46331,0
14118,134869,140120,0
14119,67807,86624,0
14120,101560,50280,0
14121,69139,115043,0
14122,87764,145412,0
14123,91377,35268,0
14124,79393,20003,0
14125,64124,66714,0
14126,62968,9270,0
14127,97295,112316,0
14128,5915,96951,0
14129,150596,39817,0
14130,58827,120540,0
14131,111744,101228,0
14132,28548,2210,0
14133,117295,67948,0
14134,53428,148470,0
14135,47922,30668,0
14136,101378,30284,0
14137,8327,60922,0
14138,70694,87360,0
14139,37902,149217,0
14140,22094,51269,0
14141,30082,143529,0
14142,132565,4079,0
14143,58057,61015,0
14144,92625,85413,0
14145,52067,112805,0
14146,8708,149208,0
14147,100242,71371,0
14148,18029,26622,0
14149,127273,114347,0
14150,84946,87473,0
14151,46491,36147,0
14152,76945,82546,0
14153,82725,34819,0
14154,27392,118809,0
14155,116873,52319,0
14156,54208,114163,0
14157,134651,32010,0
14158,95302,153697,0
14159,53094,11508,0
14160,144415,9209,0
14161,55810,80571,0
14162,125027,92934,0
14163,119919,61935,0
14164,20829,132693,0
14165,1998,108302,0
14166,23379,93507,0
14167,64461,85121,0
14168,90388,30089,0
14169,109452,28283,0
14170,13412,66109,0
14171,125446,142600,0
14172,101891,63122,0
14173,16449,53789,0
14174,87044,154178,0
14175,108860,126216,0
14176,127123,95975,0
14177,24071,63925,0
14178,19570,53315,0
14179,130054,93800,0
14180,110254,12299,0
14181,8448,3016,0
14182,27129,21325,0
14183,71703,132868,0
14184,1478,1413,0
14185,92130,79735,0
14186,96845,17017,0
14187,34333,30221,0
14188,133672,97330,0
14189,2917,39148,0
14190,14733,75971,0
14191,13186,142662,0
14192,135168,146546,0
14193,38527,146190,0
14194,133785,6791,0
14195,85451,23687,0
14196,127914,37606,0
14197,71585,43663,0
14198,62311,37234,0
14199,53582,119541,0
14200,97216,149094,0
14201,73243,130049,0
14202,49961,150806,0
14203,50153,126096,0
14204,36753,109362,0
14205,128693,109295,0
14206,120279,50791,0
14207,18310,101841,0
14208,17274,115099,0
14209,46393,151738,0
14210,59751,139722,0
14211,100182,145664,0
14212,95238,51601,0
14213,43533,114429,0
14214,52532,88260,0
14215,62741,51761,0
14216,42782,105563,0
14217,27828,61234,0
14218,99096,76724,0
14219,16449,133225,0
14220,66835,22040,0
14221,41908,68643,0
14222,122934,117541,0
14223,133970,66494,0
14224,145584,134981,0
14225,139891,76531,0
14226,77414,52724,0
14227,130512,73053,0
14228,138260,68466,0
14229,97012,14423,0
14230,149679,90365,0
14231,25345,142382,0
14232,37718,123265,0
14233,148904,52502,0
14234,141859,19717,0
14235,91233,42361,0
14236,13680,155050,0
14237,133280,95547,0
14238,53391,128978,0
14239,88584,28508,0
14240,76131,101237,0
14241,139386,138783,0
14242,149889,56396,0
14243,116021,103192,0
14244,128423,64105,0
14245,144434,56331,0
14246,89698,70021,0
14247,43014,27946,0
14248,104914,152229,0
14249,131356,71049,0
14250,22890,43104,0
14251,61022,149829,0
14252,112826,116243,0
14253,54533,3436,0
14254,68658,6545,0
14255,60870,146096,0
14256,150427,65123,0
14257,17237,59034,0
14258,124489,85209,0
14259,105795,74333,0
14260,122050,119575,0
14261,107974,125315,0
14262,153094,71607,0
14263,84772,130603,0
14264,102001,48401,0
14265,3921,114347,0
14266,5774,118710,0
14267,110819,120924,0
14268,56155,90097,0
14269,146992,2654,0
14270,4511,52427,0
14271,88584,27816,0
14272,19052,89518,0
14273,22290,151204,0
14274,96239,74037,0
14275,69293,61841,0
14276,27948,81102,0
14277,12499,92343,0
14278,122946,103690,0
14279,88749,136944,0
14280,105906,131574,0
14281,2609,64833,0
14282,24363,141393,0
14283,90417,116717,0
14284,115272,32607,0
14285,49963,137096,0
14286,38367,55283,0
14287,105465,106802,0
14288,65941,134234,0
14289,7366,72798,0
14290,94423,96710,0
14291,147170,5151,0
14292,9399,14928,0
14293,60266,140493,0
14294,154771,92152,0
14295,65346,40221,0
14296,78197,133341,0
14297,32957,55903,0
14298,109762,20974,0
14299,118270,45933,0
14300,86360,56933,0
14301,103960,100630,0
14302,24593,78710,0
14303,72120,132163,0
14304,88775,122494,0
14305,58457,94715,0
14306,111122,47743,0
14307,15707,65097,0
14308,8612,59755,0
14309,71916,33928,0
14310,151190,119933,0
14311,55447,61517,0
14312,22977,36005,0
14313,150485,141402,0
14314,152177,90527,0
14315,146358,120056,0
14316,144017,104492,0
14317,82150,32378,0
14318,11774,116108,0
14319,148249,70593,0
14320,62150,138030,0
14321,9436,122671,0
14322,9069,136970,0
14323,109693,42064,0
14324,90251,136086,0
14325,57218,100744,0
14326,29329,76311,0
14327,70390,147136,0
14328,101741,96197,0
14329,26493,119212,0
14330,44172,25646,0
14331,96187,76516,0
14332,72332,20981,0
14333,40483,107909,0
14334,145869,73865,0
14335,89648,52922,0
14336,129637,142868,0
14337,141913,89486,0
14338,141259,130196,0
14339,151763,28438,0
14340,128339,117304,0
14341,123976,104831,0
14342,55450,44481,0
14343,49003,91484,0
14344,47097,98890,0
14345,76019,4674,0
14346,92095,96863,0
14347,1719,89422,0
14348,64606,78036,0
14349,108671,88720,0
14350,2951,91937,0
14351,82770,98814,0
14352,1503,85499,0
14353,72779,99523,0
14354,17642,63074,0
14355,96469,960,0
14356,62451,154029,0
14357,43754,60689,0
14358,66704,86431,0
14359,18780,154418,0
14360,114735,59386,0
14361,64129,12639,0
14362,7912,91553,0
14363,82664,48370,0
14364,5804,52485,0
14365,54082,149566,0
14366,76668,112162,0
14367,64570,103017,0
14368,29777,105411,0
14369,71639,27011,0
14370,87453,1228,0
14371,112874,63854,0
14372,31699,153361,0
14373,78756,146652,0
14374,74137,104887,0
14375,56922,149665,0
14376,22191,28796,0
14377,49955,39211,0
14378,132015,70564,0
14379,41493,55001,0
14380,110438,82436,0
14381,38945,147099,0
14382,107427,45296,0
14383,22703,121822,0
14384,111924,149531,0
14385,30442,111060,0
14386,83874,21587,0
14387,136382,4110,0
14388,143102,72196,0
14389,4751,106001,0
14390,113912,109262,0
14391,130665,31586,0
14392,65963,85661,0
14393,100700,17195,0
14394,147405,35313,0
14395,11100,104487,0
14396,612,125054,0
14397,78370,140401,0
14398,115104,12771,0
14399,70338,24984,0
14400,69200,80,0
14401,67657,18483,0
14402,91071,125993,0
14403,41656,85368,0
14404,104695,20810,0
14405,103867,37898,0
14406,59163,80003,0
14407,113719,125020,0
14408,7931,35970,0
14409,51209,98615,0
14410,125147,80224,0
14411,28085,125603,0
14412,137189,154142,0
14413,145312,154085,0
14414,83713,29671,0
14415,80738,51730,0
14416,130922,36137,0
14417,70588,38117,0
14418,60920,106976,0
14419,55410,154435,0
14420,88124,78717,0
14421,138339,95359,0
14422,123867,85697,0
14423,40952,121820,0
14424,35809,67201,0
14425,21438,84059,0
14426,88208,7332,0
14427,117515,25942,0
14428,48522,98059,0
14429,19964,11003,0
14430,65860,67259,0
14431,109312,137000,0
14432,69766,15865,0
14433,130537,109894,0
14434,108163,145425,0
14435,63662,58983,0
14436,148663,99501,0
14437,89576,98578,0
14438,81558,44218,0
14439,49019,53264,0
14440,118075,97597,0
14441,56965,136414,0
14442,148799,99013,0
14443,111098,44675,0
14444,85616,9777,0
14445,78535,69950,0
14446,55621,8308,0
14447,37162,124440,0
14448,143659,11155,0
14449,13788,29505,0
14450,120420,100147,0
14451,79403,88807,0
14452,4489,138349,0
14453,11988,147788,0
14454,15696,1909,0
14455,110256,120955,0
14456,47922,39288,0
14457,45095,33057,0
14458,43069,100071,0
14459,113798,85056,0
14460,19919,23201,0
14461,13062,63071,0
14462,43591,107492,0
14463,109996,65443,0
14464,16164,100848,0
14465,99279,21000,0
14466,2330,7744,0
14467,71030,51792,0
14468,115635,70303,0
14469,45695,130186,0
14470,28554,24808,0
14471,53217,150381,0
14472,29409,114667,0
14473,88092,42822,0
14474,15802,7315,0
14475,59786,130705,0
14476,75153,114782,0
14477,13058,142601,0
14478,81035,35805,0
14479,111509,12327,0
14480,117202,105865,0
14481,79886,21142,0
14482,13412,94194,0
14483,123776,61568,0
14484,37677,30651,0
14485,149884,34678,0
14486,44637,59943,0
14487,29766,80777,0
14488,100976,29769,0
14489,119329,74250,0
14490,20951,83518,0
14491,29339,107894,0
14492,106123,60545,0
14493,89916,71934,0
14494,100078,21026,0
14495,114832,25499,0
14496,108680,72306,0
14497,4556,127104,0
14498,98541,30081,0
14499,56291,137640,0
14500,118509,71731,0
14501,47608,36968,0
14502,147579,152729,0
14503,131037,101823,0
14504,152492,130776,0
14505,95106,103857,0
14506,66523,5902,0
14507,52744,49083,0
14508,7601,4091,0
14509,107911,94482,0
14510,33610,39034,0
14511,25019,151567,0
14512,13135,9015,0
14513,9504,22314,0
14514,126353,131733,0
14515,26970,150547,0
14516,91221,138587,0
14517,28682,121080,0
14518,139261,37272,0
14519,10671,97845,0
14520,155074,40596,0
14521,44573,94896,0
14522,5146,35661,0
14523,69835,57978,0
14524,68731,131660,0
14525,109432,123119,0
14526,47,100315,0
14527,52508,79971,0
14528,43511,115510,0
14529,56261,26696,0
14530,30962,1921,0
14531,150059,117063,0
14532,19108,96049,0
14533,110181,40875,0
14534,148928,45158,0
14535,57547,3346,0
14536,153653,45838,0
14537,116423,138377,0
14538,125375,51894,0
14539,125425,84774,0
14540,86797,86649,0
14541,27468,18256,0
14542,74661,135614,0
14543,81556,128490,0
14544,63144,112598,0
14545,22640,11095,0
14546,7628,10704,0
14547,91683,24916,0
14548,70830,123256,0
14549,88254,27082,0
14550,33379,86862,0
14551,118794,51986,0
14552,97628,93438,0
14553,91799,10770,0
14554,18762,46978,0
14555,104357,151949,0
14556,29238,130894,0
14557,128111,14830,0
14558,22749,39825,0
14559,15426,108931,0
14560,150485,64779,0
14561,58492,139738,0
14562,118281,172,0
14563,131278,81633,0
14564,58112,87683,0
14565,95915,113546,0
14566,149047,70220,0
14567,70761,37242,0
14568,139385,15942,0
14569,115042,125888,0
14570,58667,100417,0
14571,53635,152777,0
14572,94731,14768,0
14573,14723,100448,0
14574,66272,78802,0
14575,85999,151409,0
14576,11587,19667,0
14577,80002,63153,0
14578,26161,533,0
14579,105893,24984,0
14580,143430,116582,0
14581,125336,14428,0
14582,70146,113756,0
14583,38978,82253,0
14584,28531,107855,0
14585,20824,81139,0
14586,75776,3581,0
14587,107649,29568,0
14588,4731,34099,0
14589,40631,22548,0
14590,110340,119627,0
14591,79021,26319,0
14592,139704,3324,0
14593,109850,16723,0
14594,104971,74809,0
14595,117247,107917,0
14596,19097,81151,0
14597,94551,135102,0
14598,3679,148558,0
14599,69353,15489,0
14600,106118,16278,0
14601,150599,38755,0
14602,101169,34287,0
14603,127580,94826,0
14604,80655,116719,0
14605,67802,31180,0
14606,58224,151135,0
14607,33038,46852,0
14608,68529,105132,0
14609,13115,2639,0
14610,30707,101127,0
14611,73726,74901,0
14612,30519,80014,0
14613,123382,121867,0
14614,102537,87614,0
14615,139066,101089,0
14616,119815,93649,0
14617,12847,152357,0
14618,47911,69769,0
14619,11154,41963,0
14620,26604,143518,0
14621,109706,135963,0
14622,15093,18566,0
14623,22212,26417,0
14624,41059,48960,0
14625,70882,142237,0
14626,72120,20845,0
14627,34008,128179,0
14628,135446,34757,0
14629,146219,113436,0
14630,146407,23028,0
14631,32333,131218,0
14632,61075,120792,0
14633,58474,112539,0
14634,27350,89074,0
14635,97461,12374,0
14636,21013,112011,0
14637,90197,4038,0
14638,73127,44385,0
14639,135906,42335,0
14640,1548,99988,0
14641,43596,72076,0
14642,53586,54316,0
14643,8080,138547,0
14644,58493,68124,0
14645,69020,86290,0
14646,33210,54647,0
14647,41144,16285,0
14648,39921,127295,0
14649,140381,27728,0
14650,87301,83482,0
14651,20834,132026,0
14652,136509,37544,0
14653,40089,93480,0
14654,84762,141151,0
14655,124304,56394,0
14656,145229,100921,0
14657,35485,14511,0
14658,109022,85712,0
14659,60797,84146,0
14660,35066,39240,0
14661,117056,93839,0
14662,5871,119472,0
14663,126497,9149,0
14664,40251,113439,0
14665,53279,22488,0
14666,81346,83050,0
14667,59934,101714,0
14668,9263,45579,0
14669,60376,111478,0
14670,56320,74986,0
14671,88205,112247,0
14672,84613,143545,0
14673,149346,145992,0
14674,134116,70888,0
14675,93029,76233,0
14676,116393,112263,0
14677,149864,97837,0
14678,122219,125346,0
14679,94403,54615,0
14680,109912,48508,0
14681,24560,31484,0
14682,48397,90198,0
14683,84185,105029,0
14684,74145,8990,0
14685,153312,22147,0
14686,55620,134897,0
14687,80523,25356,0
14688,95453,37667,0
14689,4245,57013,0
14690,96014,97599,0
14691,149422,56344,0
14692,132906,61516,0
14693,139678,47395,0
14694,124332,58007,0
14695,9024,51815,0
14696,110704,94189,0
14697,74086,2972,0
14698,128122,7011,0
14699,57081,101069,0
14700,109346,130550,0
14701,83939,59857,0
14702,146708,15162,0
14703,93853,90892,0
14704,149512,106190,0
14705,116460,34636,0
14706,64016,87925,0
14707,50272,88044,0
14708,66177,86704,0
14709,99469,130996,0
14710,9835,64806,0
14711,31477,76462,0
14712,24185,59787,0
14713,117818,5562,0
14714,115230,65570,0
14715,43291,135090,0
14716,14577,117181,0
14717,14072,55149,0
14718,65714,44253,0
14719,125702,75320,0
14720,107118,59179,0
14721,78201,54152,0
14722,57996,91438,0
14723,33795,90676,0
14724,65239,128351,0
14725,4330,133455,0
14726,1645,147367,0
14727,27113,127834,0
14728,95441,92859,0
14729,26660,150225,0
14730,77483,140360,0
14731,111256,55717,0
14732,14961,145100,0
14733,24588,70997,0
14734,126497,9205,0
14735,64222,34817,0
14736,140291,95321,0
14737,39057,148766,0
14738,133292,27265,0
14739,143787,27916,0
14740,153311,71757,0
14741,100951,53138,0
14742,51703,124985,0
14743,35146,143096,0
14744,58383,72153,0
14745,103208,37027,0
14746,124166,42831,0
14747,113655,114089,0
14748,2552,98022,0
14749,138724,57215,0
14750,115789,16434,0
14751,76908,89199,0
14752,44420,28665,0
14753,66837,140169,0
14754,96685,10629,0
14755,35664,119870,0
14756,114607,19885,0
14757,75132,54635,0
14758,127850,93149,0
14759,1096,140904,0
14760,87502,129952,0
14761,152910,119521,0
14762,66434,153349,0
14763,88949,74180,0
14764,39206,24794,0
14765,316,39256,0
14766,50013,21693,0
14767,2256,83498,0
14768,26749,13162,0
14769,127708,120285,0
14770,69731,49125,0
14771,130829,35870,0
14772,137389,105622,0
14773,1223,87209,0
14774,36138,63687,0
14775,38048,138802,0
14776,53169,50045,0
14777,23410,111698,0
14778,103120,141528,0
14779,77154,31749,0
14780,140748,96157,0
14781,97521,117409,0
14782,151628,71517,0
14783,53049,12087,0
14784,54942,95259,0
14785,101449,54569,0
14786,137883,35045,0
14787,80895,89683,0
14788,7942,109702,0
14789,9652,107523,0
14790,26915,129171,0
14791,42802,20570,0
14792,41240,88820,0
14793,47220,134137,0
14794,126210,138308,0
14795,103796,102378,0
14796,45667,127276,0
14797,45307,132082,0
14798,93179,84124,0
14799,117863,73350,0
14800,106035,26404,0
14801,40739,46329,0
14802,117365,79032,0
14803,16708,1540,0
14804,68277,76663,0
14805,100946,29125,0
14806,26347,6120,0
14807,7076,152334,0
14808,34093,40838,0
14809,89036,28667,0
14810,4871,132975,0
14811,36677,34737,0
14812,89494,77090,0
14813,68874,9710,0
14814,63845,86084,0
14815,81004,149388,0
14816,29723,99933,0
14817,20965,5206,0
14818,40532,152829,0
14819,56917,110087,0
14820,111248,31073,0
14821,117289,57484,0
14822,35993,37384,0
14823,56976,132607,0
14824,57960,104959,0
14825,130646,130788,0
14826,125478,101220,0
14827,73492,18306,0
14828,79592,49214,0
14829,145852,114388,0
14830,117295,149983,0
14831,31743,139685,0
14832,14814,121246,0
14833,59989,124093,0
14834,108548,77929,0
14835,6437,144135,0
14836,101931,28713,0
14837,69,108532,0
14838,98420,104483,0
14839,115543,30920,0
14840,93264,135969,0
14841,115039,114462,0
14842,129888,121927,0
14843,76567,20399,0
14844,7834,149759,0
14845,16710,134512,0
14846,5859,125133,0
14847,93614,102723,0
14848,112623,42387,0
14849,84634,48071,0
14850,132886,55059,0
14851,69127,38853,0
14852,24310,51939,0
14853,79705,8795,0
14854,140465,102485,0
14855,131410,83287,0
14856,61711,67712,0
14857,53102,61488,0
14858,20583,90346,0
14859,27667,115885,0
14860,43499,97506,0
14861,38074,8968,0
14862,139512,84935,0
14863,119946,26201,0
14864,108575,42512,0
14865,98189,41426,0
14866,78941,23738,0
14867,139020,112494,0
14868,137713,125888,0
14869,140518,36097,0
14870,790,45409,0
14871,92706,16557,0
14872,85858,516,0
14873,1242,83329,0
14874,47443,132851,0
14875,151252,15976,0
14876,48328,154465,0
14877,96151,50194,0
14878,22180,80018,0
14879,99068,85669,0
14880,118269,138275,0
14881,104904,138898,0
14882,70459,37611,0
14883,146926,67762,0
14884,79367,42581,0
14885,139948,11640,0
14886,12760,132433,0
14887,56260,44641,0
14888,99850,39292,0
14889,78981,73464,0
14890,134306,21901,0
14891,78977,144747,0
14892,76194,88296,0
14893,85030,71788,0
14894,91984,94904,0
14895,148557,148582,0
14896,7116,98993,0
14897,114922,26253,0
14898,134698,81959,0
14899,59296,45731,0
14900,85753,140617,0
14901,34140,89196,0
14902,71970,47667,0
14903,93256,88474,0
14904,5912,15526,0
14905,43359,41558,0
14906,122607,80630,0
14907,123148,139682,0
14908,28553,96546,0
14909,131970,83139,0
14910,136533,134662,0
14911,128926,31861,0
14912,44040,9267,0
14913,60764,22918,0
14914,50571,64250,0
14915,102551,8607,0
14916,27329,139225,0
14917,141558,51124,0
14918,124566,48265,0
14919,14397,92902,0
14920,140932,151747,0
14921,33145,133244,0
14922,78981,45018,0
14923,18140,75635,0
14924,56400,41911,0
14925,26918,104434,0
14926,124452,24335,0
14927,69397,23926,0
14928,133202,56649,0
14929,7868,120114,0
14930,36142,65623,0
14931,82383,57572,0
14932,47393,95119,0
14933,15659,70999,0
14934,1512,35316,0
14935,11101,16135,0
14936,147300,115703,0
14937,110987,27251,0
14938,55674,13626,0
14939,97130,92972,0
14940,34830,45557,0
14941,65341,54229,0
14942,131193,97126,0
14943,45373,73692,0
14944,141314,143849,0
14945,54423,72906,0
14946,86969,96296,0
14947,34589,132619,0
14948,17234,135781,0
14949,123609,106959,0
14950,125259,129018,0
14951,27711,35118,0
14952,148525,19500,0
14953,31741,108918,0
14954,58356,390,0
14955,125369,97580,0
14956,101143,64508,0
14957,124870,48104,0
14958,65223,58679,0
14959,131996,114058,0
14960,27810,20064,0
14961,143470,98415,0
14962,140890,33043,0
14963,16553,21763,0
14964,116153,85319,0
14965,72274,129261,0
14966,28240,122198,0
14967,114799,19424,0
14968,929,2169,0
14969,51866,127295,0
14970,96284,15207,0
14971,86352,37763,0
14972,120122,152173,0
14973,92158,30197,0
14974,73794,114932,0
14975,11765,141925,0
14976,88952,66631,0
14977,1131,9984,0
14978,87912,1539,0
14979,130839,155108,0
14980,10929,100815,0
14981,38580,27072,0
14982,40624,81048,0
14983,118699,71422,0
14984,48828,31601,0
14985,66765,141656,0
14986,79855,24628,0
14987,46786,40905,0
14988,31812,29713,0
14989,49325,99785,0
14990,52403,50438,0
14991,74472,147050,0
14992,128178,95927,0
14993,98145,116989,0
14994,29478,120799,0
14995,57785,79405,0
14996,69841,55461,0
14997,18844,42077,0
14998,114256,116858,0
14999,108451,132926,0
15000,22619,10181,0
15001,87227,17872,0
15002,95698,7702,0
15003,64967,3704,0
15004,2330,35941,0
15005,644,56136,0
15006,29248,79040,0
15007,102948,62112,0
15008,25438,37639,0
15009,66299,91893,0
15010,13157,70187,0
15011,142542,69606,0
15012,58276,31980,0
15013,46176,7408,0
15014,77171,74237,0
15015,82193,85711,0
15016,89533,102810,0
15017,69877,81151,0
15018,51084,67211,0
15019,9223,59181,0
15020,146659,50759,0
15021,102822,20677,0
15022,6530,45313,0
15023,127821,117709,0
15024,74219,14660,0
15025,107336,53216,0
15026,25479,58739,0
15027,20083,103622,0
15028,78206,69410,0
15029,130331,96719,0
15030,115259,84711,0
15031,96275,34427,0
15032,46884,92194,0
15033,45914,36982,0
15034,143329,5936,0
15035,19802,52193,0
15036,145884,153222,0
15037,62548,27322,0
15038,135035,101655,0
15039,106417,99392,0
15040,59713,114422,0
15041,143067,68288,0
15042,43449,6713,0
15043,67009,15390,0
15044,97385,38134,0
15045,20898,10643,0
15046,21988,96063,0
15047,48380,137616,0
15048,77754,109575,0
15049,146575,94185,0
15050,37712,48613,0
15051,69476,149801,0
15052,90157,70086,0
15053,93927,22999,0
15054,35393,91996,0
15055,65032,10126,0
15056,64467,145275,0
15057,9176,80805,0
15058,118626,125554,0
15059,150091,23521,0
15060,80656,33975,0
15061,46774,20050,0
15062,57553,40352,0
15063,88846,25204,0
15064,41618,128714,0
15065,28380,49390,0
15066,51238,89103,0
15067,79936,140555,0
15068,128643,51790,0
15069,56930,102783,0
15070,95390,15794,0
15071,23603,149743,0
15072,48478,63182,0
15073,77559,49652,0
15074,23878,144307,0
15075,85966,24628,0
15076,56801,44865,0
15077,89599,50278,0
15078,49454,131815,0
15079,68469,82126,0
15080,58482,60918,0
15081,107533,134023,0
15082,94555,21364,0
15083,129219,12294,0
15084,117019,85894,0
15085,92086,108461,0
15086,89602,150253,0
15087,107500,43093,0
15088,55145,4603,0
15089,24826,77875,0
15090,39091,15991,0
15091,141144,83571,0
15092,111657,107932,0
15093,86824,131956,0
15094,26883,12929,0
15095,34701,121932,0
15096,50833,114111,0
15097,134509,50134,0
15098,83502,86212,0
15099,96275,115866,0
15100,23339,98682,0
15101,21689,83202,0
15102,134550,16611,0
15103,139963,140773,0
15104,31428,35379,0
15105,97701,136848,0
15106,147765,109806,0
15107,120253,122306,0
15108,57697,118710,0
15109,37226,17173,0
15110,108831,99878,0
15111,90283,16295,0
15112,39043,120082,0
15113,98349,148886,0
15114,46988,130122,0
15115,103797,126668,0
15116,123143,142499,0
15117,142123,85383,0
15118,89065,147034,0
15119,26980,11321,0
15120,37037,87078,0
15121,86791,134489,0
15122,146967,149252,0
15123,101474,11178,0
15124,78208,92121,0
15125,75184,89684,0
15126,102164,56085,0
15127,33232,6686,0
15128,124918,119504,0
15129,95345,116357,0
15130,90704,120999,0
15131,123800,82736,0
15132,112695,30916,0
15133,52452,17935,0
15134,19390,72705,0
15135,86687,63384,0
15136,67256,132491,0
15137,113264,152692,0
15138,97443,27517,0
15139,93063,39808,0
15140,119717,5663,0
15141,68468,149568,0
15142,133029,29560,0
15143,62663,154334,0
15144,66455,127297,0
15145,8612,30643,0
15146,150406,38421,0
15147,11259,72021,0
15148,150752,104803,0
15149,1954,71986,0
15150,112891,96354,0
15151,128419,116254,0
15152,142997,73156,0
15153,31889,68954,0
15154,148177,38055,0
15155,105818,151263,0
15156,43772,16256,0
15157,11206,105096,0
15158,59964,28151,0
15159,25360,90674,0
15160,65538,43234,0
15161,19348,89328,0
15162,87868,96986,0
15163,139242,139005,0
15164,109986,64916,0
15165,34198,49227,0
15166,15641,62345,0
15167,99667,121147,0
15168,40140,79838,0
15169,75088,118597,0
15170,150787,122490,0
15171,57552,22065,0
15172,114641,131058,0
15173,68110,20707,0
15174,110771,15991,0
15175,109307,82958,0
15176,150427,148356,0
15177,124872,92468,0
15178,69344,125018,0
15179,22271,149755,0
15180,59153,68055,0
15181,845,110154,0
15182,5280,99894,0
15183,13798,7348,0
15184,103145,47377,0
15185,110143,151153,0
15186,54310,31016,0
15187,122259,115955,0
15188,12917,5721,0
15189,92884,29538,0
15190,86617,84482,0
15191,7312,151885,0
15192,150297,133756,0
15193,81936,111520,0
15194,118245,140422,0
15195,30948,14473,0
15196,111624,62146,0
15197,16767,9044,0
15198,112309,35364,0
15199,12232,89328,0
15200,124211,49159,0
15201,87560,63150,0
15202,66021,19876,0
15203,121403,87541,0
15204,148945,25283,0
15205,18873,127097,0
15206,3556,71868,0
15207,116840,1518,0
15208,85258,119920,0
15209,13293,52616,0
15210,55841,29380,0
15211,124151,134148,0
15212,154441,147624,0
15213,50737,8369,0
15214,2667,16298,0
15215,106721,134931,0
15216,46490,119575,0
15217,36829,103308,0
15218,130090,89238,0
15219,11477,138994,0
15220,100562,136559,0
15221,123133,65653,0
15222,64883,136023,0
15223,69081,41345,0
15224,75244,59722,0
15225,127881,32968,0
15226,128572,132193,0
15227,132195,97718,0
15228,73712,137977,0
15229,17827,68603,0
15230,38024,39184,0
15231,149747,139882,0
15232,35400,59451,0
15233,113689,83562,0
15234,7016,98395,0
15235,42218,38137,0
15236,147011,65055,0
15237,145769,39584,0
15238,118683,134643,0
15239,60410,101439,0
15240,71896,107253,0
15241,35332,138633,0
15242,152389,111978,0
15243,24322,48485,0
15244,55741,7586,0
15245,94642,5296,0
15246,94763,5031,0
15247,137265,15179,0
15248,149964,153530,0
15249,13506,33364,0
15250,42195,61976,0
15251,14407,101412,0
15252,149325,57209,0
15253,68749,87985,0
15254,68819,119103,0
15255,21386,77285,0
15256,111920,57503,0
15257,4551,139478,0
15258,116845,104422,0
15259,18812,139106,0
15260,72587,13446,0
15261,50729,113376,0
15262,36582,64398,0
15263,30733,55523,0
15264,3446,90817,0
15265,139600,141327,0
15266,55633,1596,0
15267,119058,36904,0
15268,98349,129732,0
15269,39127,5701,0
15270,128957,64890,0
15271,81209,140594,0
15272,97195,9434,0
15273,132695,132388,0
15274,97142,88785,0
15275,12721,19815,0
15276,21959,34984,0
15277,152745,20422,0
15278,63374,26095,0
15279,123953,119901,0
15280,118790,153956,0
15281,149688,80447,0
15282,61979,50951,0
15283,60842,51516,0
15284,72199,67426,0
15285,97131,38613,0
15286,5789,90709,0
15287,132333,146558,0
15288,153571,1901,0
15289,130661,151665,0
15290,19774,109990,0
15291,66373,72930,0
15292,109914,5415,0
15293,3936,10000,0
15294,73164,55714,0
15295,144846,29907,0
15296,113196,54213,0
15297,88370,85594,0
15298,106791,154001,0
15299,117642,19248,0
15300,140743,88626,0
15301,20454,137045,0
15302,148847,81192,0
15303,52399,43800,0
15304,44681,770,0
15305,87713,35732,0
15306,114663,99958,0
15307,87787,68290,0
15308,2631,59110,0
15309,132047,114856,0
15310,43159,102162,0
15311,9913,89896,0
15312,114998,23881,0
15313,62615,131883,0
15314,32058,31244,0
15315,3269,115370,0
15316,101474,5758,0
15317,126259,133508,0
15318,1444,102644,0
15319,93489,146700,0
15320,126508,84542,0
15321,123960,56650,0
15322,131977,9661,0
15323,52333,92582,0
15324,9631,101501,0
15325,54397,145242,0
15326,86433,103242,0
15327,35503,28342,0
15328,26227,108739,0
15329,54280,41781,0
15330,54397,5058,0
15331,113370,154544,0
15332,146934,42088,0
15333,5683,138106,0
15334,10164,119190,0
15335,129825,38215,0
15336,5127,118859,0
15337,132069,22971,0
15338,99070,117948,0
15339,87791,121975,0
15340,125802,70097,0
15341,25251,136308,0
15342,68806,1025,0
15343,127449,119859,0
15344,110442,154042,0
15345,40594,140693,0
15346,138321,14872,0
15347,60508,6698,0
15348,79091,59149,0
15349,7580,73029,0
15350,67950,148749,0
15351,151132,151435,0
15352,107889,38053,0
15353,48965,53576,0
15354,3980,43743,0
15355,55302,131149,0
15356,148266,128280,0
15357,16047,92152,0
15358,147622,63247,0
15359,130598,94289,0
15360,1885,100410,0
15361,47217,24555,0
15362,16975,80604,0
15363,78786,139245,0
15364,53170,51798,0
15365,40864,46537,0
15366,72277,76642,0
15367,53913,153621,0
15368,33278,104161,0
15369,3100,10365,0
15370,28275,39661,0
15371,61334,9147,0
15372,48465,147201,0
15373,133856,3792,0
15374,13199,45451,0
15375,47288,95654,0
15376,112152,14028,0
15377,116427,36097,0
15378,45428,149795,0
15379,18103,32045,0
15380,128686,43915,0
15381,39335,43412,0
15382,98136,64567,0
15383,75699,63339,0
15384,73524,97761,0
15385,16790,113227,0
15386,80852,52458,0
15387,119686,123350,0
15388,129842,29510,0
15389,13198,52096,0
15390,100991,143334,0
15391,13044,69646,0
15392,109026,136383,0
15393,85832,136277,0
15394,45153,20332,0
15395,22723,30785,0
15396,66892,40113,0
15397,154090,134671,0
15398,80539,68200,0
15399,34086,33560,0
15400,122509,38896,0
15401,137269,103013,0
15402,101065,76501,0
15403,101659,43769,0
15404,49494,54897,0
15405,56270,131076,0
15406,117499,116196,0
15407,36829,50556,0
15408,74352,120523,0
15409,27860,25139,0
15410,144400,39801,0
15411,95319,69773,0
15412,47602,9710,0
15413,148651,91013,0
15414,42051,15367,0
15415,149522,123662,0
15416,10601,127596,0
15417,145394,67761,0
15418,91633,109351,0
15419,119410,69244,0
15420,57269,35375,0
15421,110866,119654,0
15422,8635,120349,0
15423,97216,78363,0
15424,40771,68319,0
15425,150121,75820,0
15426,150758,71615,0
15427,150613,134023,0
15428,148609,144152,0
15429,41790,36079,0
15430,136000,51349,0
15431,150555,61635,0
15432,137313,25612,0
15433,146711,114222,0
15434,25901,13029,0
15435,29944,31097,0
15436,70699,96747,0
15437,75850,46966,0
15438,27243,98393,0
15439,12832,17812,0
15440,23644,154306,0
15441,50882,103886,0
15442,41453,37784,0
15443,37018,121042,0
15444,51757,82869,0
15445,77276,25829,0
15446,12264,116431,0
15447,411,64657,0
15448,154844,25209,0
15449,143467,37756,0
15450,69943,102589,0
15451,146922,33105,0
15452,26814,4148,0
15453,30753,96972,0
15454,86144,35149,0
15455,71083,103468,0
15456,12252,145783,0
15457,82396,101575,0
15458,99326,146636,0
15459,63158,5372,0
15460,133583,109776,0
15461,38280,2404,0
15462,151392,67235,0
15463,146659,50806,0
15464,65922,61565,0
15465,41127,80348,0
15466,137343,99432,0
15467,117678,31165,0
15468,8356,12123,0
15469,108698,121480,0
15470,107594,3744,0
15471,133676,86675,0
15472,144210,135260,0
15473,62805,80551,0
15474,117584,33807,0
15475,99256,62035,0
15476,79004,37275,0
15477,16316,2610,0
15478,2449,14507,0
15479,53112,21460,0
15480,12863,62190,0
15481,68767,88024,0
15482,134436,94781,0
15483,35131,116310,0
15484,75244,123359,0
15485,123111,26325,0
15486,125932,39056,0
15487,17654,68546,0
15488,3030,37046,0
15489,95948,56727,0
15490,131278,25699,0
15491,41039,125481,0
15492,107699,38223,0
15493,88584,78770,0
15494,29822,63988,0
15495,141383,83354,0
15496,10138,123863,0
15497,97717,6873,0
15498,129825,65594,0
15499,4852,153715,0
15500,44535,24177,0
15501,7089,150059,0
15502,88170,118388,0
15503,122380,69106,0
15504,121419,142618,0
15505,2823,21895,0
15506,40119,72653,0
15507,61996,68910,0
15508,44320,150464,0
15509,81549,68742,0
15510,55302,119492,0
15511,13326,89958,0
15512,105534,24661,0
15513,100767,20932,0
15514,132632,25578,0
15515,115996,44872,0
15516,124430,90560,0
15517,100572,59332,0
15518,152655,78074,0
15519,152676,8104,0
15520,145002,12440,0
15521,87546,83788,0
15522,140541,53433,0
15523,126086,122708,0
15524,22164,85052,0
15525,27874,154795,0
15526,86400,8253,0
15527,154138,147575,0
15528,33354,46092,0
15529,95887,108420,0
15530,94690,58925,0
15531,141209,109277,0
15532,95177,17186,0
15533,27538,57252,0
15534,32333,101030,0
15535,5468,92335,0
15536,16941,59943,0
15537,78185,110596,0
15538,138515,3279,0
15539,63443,75074,0
15540,149866,133196,0
15541,2086,23356,0
15542,98944,127864,0
15543,136410,10612,0
15544,22448,18166,0
15545,11664,23033,0
15546,37924,84739,0
15547,82768,134570,0
15548,64577,128530,0
15549,91536,89101,0
15550,61725,126338,0
15551,107840,123533,0
15552,51033,21245,0
15553,138559,31856,0
15554,105184,51844,0
15555,123481,150398,0
15556,105116,88807,0
15557,51286,80756,0
15558,3835,71635,0
15559,46422,1092,0
15560,75486,4112,0
15561,58578,111885,0
15562,141620,38508,0
15563,130096,102677,0
15564,150362,74591,0
15565,30277,49118,0
15566,73092,36927,0
15567,142408,6462,0
15568,39028,96710,0
15569,142598,12454,0
15570,29669,148252,0
15571,77233,124158,0
15572,69012,62396,0
15573,19212,84567,0
15574,33409,84801,0
15575,114041,9118,0
15576,131472,53209,0
15577,134475,154816,0
15578,52459,26959,0
15579,107151,48434,0
15580,9421,58386,0
15581,61438,39498,0
15582,82760,84709,0
15583,113002,66656,0
15584,150915,16262,0
15585,86512,112009,0
15586,89633,56021,0
15587,100813,23568,0
15588,100732,10330,0
15589,14980,135487,0
15590,592,32000,0
15591,29862,18051,0
15592,11296,87583,0
15593,64856,4672,0
15594,69267,152751,0
15595,67625,109,0
15596,51021,31510,0
15597,127600,75196,0
15598,139035,82104,0
15599,2801,57550,0
15600,49851,130613,0
15601,129147,90713,0
15602,70759,10405,0
15603,128500,33178,0
15604,148700,35384,0
15605,14087,55882,0
15606,20020,75723,0
15607,117643,55271,0
15608,76212,38027,0
15609,80937,122754,0
15610,152705,82164,0
15611,136029,72695,0
15612,102591,118288,0
15613,89049,38386,0
15614,79239,114679,0
15615,96995,20114,0
15616,133498,11982,0
15617,141435,152116,0
15618,22750,152046,0
15619,114945,96958,0
15620,150277,12042,0
15621,83396,52805,0
15622,137488,22633,0
15623,64034,66678,0
15624,67498,118687,0
15625,59415,128098,0
15626,33084,10964,0
15627,135509,129319,0
15628,82793,45274,0
15629,100037,69090,0
15630,23413,124739,0
15631,75188,43090,0
15632,42339,14037,0
15633,34021,44883,0
15634,145789,116440,0
15635,121707,133166,0
15636,145466,5819,0
15637,143307,125402,0
15638,144905,63178,0
15639,50444,85323,0
15640,62854,83762,0
15641,84147,37524,0
15642,134083,135205,0
15643,77443,80286,0
15644,108533,19404,0
15645,103683,103901,0
15646,104482,99168,0
15647,42143,117315,0
15648,15598,80314,0
15649,73020,33288,0
15650,100186,16227,0
15651,22694,73471,0
15652,27482,104850,0
15653,1709,1911,0
15654,89086,73978,0
15655,60357,45021,0
15656,140847,76238,0
15657,52402,152550,0
15658,56342,122971,0
15659,108272,46684,0
15660,144915,109313,0
15661,108967,21403,0
15662,101632,9349,0
15663,129010,119516,0
15664,61837,122162,0
15665,18563,112388,0
15666,15643,51781,0
15667,65931,6091,0
15668,26307,99205,0
15669,11245,154737,0
15670,115730,49254,0
15671,69360,68114,0
15672,114628,125255,0
15673,46965,46989,0
15674,34582,122100,0
15675,37483,65504,0
15676,46541,99147,0
15677,115052,48362,0
15678,131789,122676,0
15679,3868,47030,0
15680,118954,5172,0
15681,88955,69091,0
15682,83764,89756,0
15683,30621,5448,0
15684,23332,47642,0
15685,28681,125325,0
15686,130736,123487,0
15687,6595,135288,0
15688,68224,112122,0
15689,42879,2551,0
15690,100015,60472,0
15691,52735,154414,0
15692,107211,148462,0
15693,132636,47275,0
15694,142415,154204,0
15695,17491,15862,0
15696,18186,127868,0
15697,115191,106714,0
15698,119811,149046,0
15699,144835,133596,0
15700,137773,20931,0
15701,116015,111500,0
15702,94287,388,0
15703,4773,39964,0
15704,91245,120544,0
15705,47980,2780,0
15706,151166,9143,0
15707,123581,130883,0
15708,37128,143061,0
15709,15770,95363,0
15710,84342,128200,0
15711,73764,132804,0
15712,103337,100557,0
15713,95697,13330,0
15714,122270,52056,0
15715,10527,26561,0
15716,106718,85924,0
15717,61538,145245,0
15718,152733,63451,0
15719,80352,113421,0
15720,101565,103479,0
15721,109071,4261,0
15722,84403,139178,0
15723,69866,72156,0
15724,138314,130399,0
15725,87690,154237,0
15726,65758,77561,0
15727,145475,22485,0
15728,80684,85311,0
15729,74736,57572,0
15730,38665,133743,0
15731,122837,123127,0
15732,103057,86422,0
15733,149371,152707,0
15734,47764,151536,0
15735,116259,82978,0
15736,49613,27028,0
15737,63877,114296,0
15738,139266,154998,0
15739,79615,149880,0
15740,52090,50331,0
15741,93053,87135,0
15742,44592,117402,0
15743,71960,115476,0
15744,54941,143509,0
15745,132130,29866,0
15746,140550,139835,0
15747,94821,69511,0
15748,50380,20669,0
15749,21136,66613,0
15750,41476,97597,0
15751,33782,14080,0
15752,75091,64313,0
15753,123807,67775,0
15754,58707,82166,0
15755,94386,3011,0
15756,65101,84204,0
15757,99820,4543,0
15758,138123,119005,0
15759,98340,22984,0
15760,81768,97848,0
15761,129211,152827,0
15762,73936,23811,0
15763,4923,134070,0
15764,141242,132959,0
15765,71770,86103,0
15766,31987,112496,0
15767,65809,39054,0
15768,133380,51638,0
15769,33358,46186,0
15770,72788,122499,0
15771,411,28649,0
15772,69583,96904,0
15773,98565,13132,0
15774,74948,114010,0
15775,94109,98737,0
15776,20002,5936,0
15777,1247,127079,0
15778,53880,86142,0
15779,42876,114341,0
15780,147727,19757,0
15781,111901,144719,0
15782,78316,40399,0
15783,73755,53280,0
15784,142138,34772,0
15785,2211,60004,0
15786,144883,146016,0
15787,1632,148227,0
15788,112255,149510,0
15789,51395,62025,0
15790,72950,51785,0
15791,55677,127809,0
15792,32074,145110,0
15793,92184,4851,0
15794,135083,151481,0
15795,138710,125511,0
15796,37202,42555,0
15797,22643,28826,0
15798,91225,39862,0
15799,52173,16388,0
15800,57216,106959,0
15801,31937,106068,0
15802,112875,132272,0
15803,97172,70125,0
15804,120886,133890,0
15805,142114,67880,0
15806,126490,49710,0
15807,77910,51621,0
15808,18266,113051,0
15809,17506,48811,0
15810,52446,6321,0
15811,93675,53979,0
15812,139917,65546,0
15813,102036,22717,0
15814,9883,95561,0
15815,66020,139801,0
15816,39969,59476,0
15817,136816,15441,0
15818,35123,113588,0
15819,123927,116261,0
15820,136112,10273,0
15821,34788,83551,0
15822,29396,22382,0
15823,1797,39137,0
15824,70376,35710,0
15825,149597,2301,0
15826,121060,98654,0
15827,22424,102275,0
15828,117321,6171,0
15829,7533,81091,0
15830,14600,101117,0
15831,82918,87310,0
15832,33764,130310,0
15833,20752,12087,0
15834,118259,23161,0
15835,165,87550,0
15836,101693,61413,0
15837,42169,51475,0
15838,36965,29023,0
15839,21893,26255,0
15840,101382,134846,0
15841,109444,99182,0
15842,5459,29811,0
15843,66212,43645,0
15844,65374,68716,0
15845,47043,104474,0
15846,87996,12117,0
15847,104195,84139,0
15848,103485,13807,0
15849,132239,104008,0
15850,90020,136834,0
15851,7407,118806,0
15852,87262,90536,0
15853,118765,46409,0
15854,70539,4765,0
15855,129725,88196,0
15856,69756,132321,0
15857,11115,98594,0
15858,54813,111757,0
15859,61208,70055,0
15860,127471,8156,0
15861,135749,63277,0
15862,136354,147746,0
15863,137852,56169,0
15864,150146,145461,0
15865,53786,76179,0
15866,101060,37783,0
15867,57372,101739,0
15868,85422,145202,0
15869,114699,98061,0
15870,101814,137786,0
15871,119782,131719,0
15872,120606,62180,0
15873,110371,148913,0
15874,148856,136996,0
15875,71009,46335,0
15876,154241,74491,0
15877,132338,14613,0
15878,47443,13141,0
15879,92678,24155,0
15880,95894,128581,0
15881,76833,133431,0
15882,152505,40693,0
15883,49155,79266,0
15884,50555,131939,0
15885,134473,79915,0
15886,40422,123078,0
15887,21100,100226,0
15888,112734,135785,0
15889,115354,43375,0
15890,109179,22707,0
15891,106814,66415,0
15892,50536,35061,0
15893,36802,142542,0
15894,72738,124965,0
15895,61089,129454,0
15896,18755,137510,0
15897,86137,67611,0
15898,88324,26922,0
15899,130258,82156,0
15900,79191,103426,0
15901,123364,107899,0
15902,28240,32103,0
15903,108294,17331,0
15904,23971,150922,0
15905,81539,39948,0
15906,46955,93678,0
15907,34176,80880,0
15908,121235,24590,0
15909,84757,3275,0
15910,62001,61892,0
15911,66293,64859,0
15912,124380,59692,0
15913,114643,86755,0
15914,150379,148175,0
15915,129706,137795,0
15916,67226,54384,0
15917,25708,141061,0
15918,140250,38040,0
15919,20162,101519,0
15920,26957,136247,0
15921,107221,149268,0
15922,123314,41082,0
15923,24204,94941,0
15924,7150,75280,0
15925,133268,66944,0
15926,105437,56216,0
15927,82570,148777,0
15928,5197,146096,0
15929,4835,141584,0
15930,94245,140897,0
15931,30564,52053,0
15932,130064,106457,0
15933,69620,31905,0
15934,62496,6685,0
15935,110919,76266,0
15936,73669,128619,0
15937,105743,62729,0
15938,65132,84818,0
15939,123980,22503,0
15940,32324,27473,0
15941,111724,115348,0
15942,143423,12054,0
15943,17607,143204,0
15944,133851,48633,0
15945,83862,77467,0
15946,113727,90635,0
15947,105037,123764,0
15948,96489,99556,0
15949,151508,61276,0
15950,96847,61211,0
15951,87341,2938,0
15952,114973,38991,0
15953,65869,108018,0
15954,21409,12021,0
15955,7371,65921,0
15956,63073,154053,0
15957,125144,54759,0
15958,85089,149755,0
15959,128860,38010,0
15960,127133,88521,0
15961,69632,107818,0
15962,98000,5693,0
15963,9648,110260,0
15964,109306,19433,0
15965,130713,150946,0
15966,85264,118615,0
15967,81769,70606,0
15968,137341,47622,0
15969,39855,50238,0
15970,114469,86288,0
15971,64677,146620,0
15972,91645,31302,0
15973,150049,98410,0
15974,61595,130354,0
15975,135463,127283,0
15976,64855,10579,0
15977,60628,3910,0
15978,75120,130618,0
15979,100037,101318,0
15980,27449,145062,0
15981,141531,25633,0
15982,36657,71172,0
15983,30374,41768,0
15984,142105,94659,0
15985,35860,126363,0
15986,153480,80316,0
15987,93752,97154,0
15988,152891,143049,0
15989,19749,73389,0
15990,35460,103911,0
15991,95546,111072,0
15992,116877,47830,0
15993,32570,26693,0
15994,149201,84792,0
15995,16800,104677,0
15996,32480,18306,0
15997,26444,47930,0
15998,53931,38571,0
15999,13674,37866,0
16000,9816,123030,0
16001,10971,86292,0
16002,81389,34,0
16003,29887,23770,0
16004,123201,92407,0
16005,108697,86589,0
16006,15653,53671,0
16007,4073,143600,0
16008,46170,45213,0
16009,99055,38198,0
16010,127471,75978,0
16011,126325,12354,0
16012,95959,38426,0
16013,142881,19340,0
16014,86627,94427,0
16015,120194,85210,0
16016,127717,151061,0
16017,37387,9183,0
16018,36616,12443,0
16019,40669,20269,0
16020,86175,11643,0
16021,142896,149875,0
16022,34629,42971,0
16023,55731,55044,0
16024,11047,79726,0
16025,123525,17388,0
16026,74596,5931,0
16027,148018,37662,0
16028,86876,19147,0
16029,119520,110954,0
16030,93667,147750,0
16031,153589,115808,0
16032,145947,118522,0
16033,128150,16594,0
16034,115452,96196,0
16035,429,72753,0
16036,42844,124755,0
16037,107756,104303,0
16038,115398,127430,0
16039,104522,54996,0
16040,9107,138373,0
16041,103516,57786,0
16042,1540,93628,0
16043,13884,35973,0
16044,67116,145705,0
16045,81260,50468,0
16046,109436,79650,0
16047,131414,77494,0
16048,76194,151151,0
16049,134458,21969,0
16050,101710,103807,0
16051,152833,151970,0
16052,80291,28084,0
16053,109978,89257,0
16054,33572,147089,0
16055,41894,127244,0
16056,50571,28135,0
16057,22282,22377,0
16058,76725,111270,0
16059,74452,64216,0
16060,110926,5143,0
16061,42844,6095,0
16062,78081,2992,0
16063,87572,20294,0
16064,55222,61965,0
16065,107631,15967,0
16066,136378,150382,0
16067,133066,61714,0
16068,49880,50613,0
16069,115913,20235,0
16070,131473,76262,0
16071,142612,48628,0
16072,52953,150673,0
16073,30711,9745,0
16074,72758,99216,0
16075,21862,38288,0
16076,84060,24533,0
16077,127882,7250,0
16078,86083,698,0
16079,138973,17035,0
16080,93135,54138,0
16081,65559,95183,0
16082,59620,2247,0
16083,115119,62247,0
16084,80760,62020,0
16085,151900,15786,0
16086,115509,68180,0
16087,54430,61815,0
16088,42980,6944,0
16089,4822,32159,0
16090,31337,104378,0
16091,19697,91397,0
16092,124332,140201,0
16093,145435,121146,0
16094,139224,107579,0
16095,133541,119145,0
16096,35904,134734,0
16097,24577,60335,0
16098,100022,77013,0
16099,47814,29737,0
16100,100933,148503,0
16101,66916,57414,0
16102,42997,52579,0
16103,34978,61047,0
16104,67842,115012,0
16105,50178,21668,0
16106,45584,25065,0
16107,155156,68264,0
16108,45554,67145,0
16109,96179,23910,0
16110,120674,19582,0
16111,86041,87743,0
16112,9638,70265,0
16113,135488,72309,0
16114,16576,11414,0
16115,65947,46366,0
16116,106447,1532,0
16117,56164,42357,0
16118,18138,47783,0
16119,65828,50894,0
16120,88131,76404,0
16121,103391,123396,0
16122,80386,4483,0
16123,117561,130111,0
16124,85000,20640,0
16125,100288,41436,0
16126,97519,84652,0
16127,103037,103499,0
16128,39169,48918,0
16129,36215,66124,0
16130,34889,123457,0
16131,151521,88025,0
16132,114160,43119,0
16133,120035,39665,0
16134,120853,113058,0
16135,77628,78647,0
16136,52959,149398,0
16137,66574,75428,0
16138,98967,150082,0
16139,7331,41706,0
16140,120831,80250,0
16141,38721,153581,0
16142,19349,14222,0
16143,46646,140441,0
16144,125801,21909,0
16145,59985,116625,0
16146,13918,139236,0
16147,138906,28008,0
16148,39162,116230,0
16149,14386,153616,0
16150,94620,145352,0
16151,70636,46881,0
16152,107682,111126,0
16153,52346,110658,0
16154,67728,147545,0
16155,149522,89427,0
16156,144646,52881,0
16157,9974,90474,0
16158,117123,91756,0
16159,53993,8647,0
16160,125210,20945,0
16161,17920,64547,0
16162,139560,95243,0
16163,87281,104576,0
16164,44028,131236,0
16165,26031,134513,0
16166,93031,123948,0
16167,146753,128976,0
16168,130232,141403,0
16169,32614,136756,0
16170,41461,115356,0
16171,26191,150851,0
16172,39464,138510,0
16173,28473,39054,0
16174,63779,28582,0
16175,75936,132794,0
16176,39507,106565,0
16177,72263,12958,0
16178,289,26216,0
16179,123467,137868,0
16180,66572,100859,0
16181,118526,5356,0
16182,73906,47160,0
16183,59921,51404,0
16184,127797,80909,0
16185,6197,102842,0
16186,8353,10380,0
16187,68188,23479,0
16188,130074,115700,0
16189,29826,63137,0
16190,131651,127617,0
16191,82603,115624,0
16192,154073,58834,0
16193,120289,109990,0
16194,128391,36344,0
16195,50322,149243,0
16196,44513,121056,0
16197,27762,15359,0
16198,14471,79200,0
16199,96750,54385,0
16200,29220,107003,0
16201,150676,106136,0
16202,116713,126870,0
16203,72752,123414,0
16204,10151,106600,0
16205,52946,100671,0
16206,92250,129808,0
16207,69149,127791,0
16208,98795,50524,0
16209,415,116984,0
16210,126849,60868,0
16211,53356,83854,0
16212,110403,8058,0
16213,54335,36805,0
16214,7186,27088,0
16215,23804,103654,0
16216,63168,59776,0
16217,17377,51071,0
16218,145249,92578,0
16219,39784,36848,0
16220,106251,61893,0
16221,75797,92751,0
16222,122802,92486,0
16223,91939,106257,0
16224,4758,23053,0
16225,144657,86429,0
16226,145796,26394,0
16227,51877,111511,0
16228,14076,154382,0
16229,69095,126199,0
16230,75878,143206,0
16231,123929,131132,0
16232,7490,121,0
16233,47290,137579,0
16234,134726,117376,0
16235,66210,96625,0
16236,135447,135991,0
16237,118659,28390,0
16238,120889,131087,0
16239,117005,100978,0
16240,88684,124277,0
16241,145789,42564,0
16242,123348,3822,0
16243,65615,146740,0
16244,53864,58133,0
16245,45159,117617,0
16246,140402,115278,0
16247,109786,4519,0
16248,13297,112119,0
16249,62813,77302,0
16250,24883,144690,0
16251,70131,130035,0
16252,85908,78830,0
16253,119586,24033,0
16254,41686,127437,0
16255,116745,108935,0
16256,138473,19683,0
16257,16396,29412,0
16258,139088,138875,0
16259,118269,77955,0
16260,24751,100690,0
16261,99022,6024,0
16262,64164,124354,0
16263,109934,91060,0
16264,13625,70607,0
16265,73565,111261,0
16266,28099,3459,0
16267,57208,132277,0
16268,140011,85481,0
16269,70641,154252,0
16270,138933,27150,0
16271,78528,32757,0
16272,59016,147310,0
16273,68605,127348,0
16274,83893,153011,0
16275,46706,9262,0
16276,79184,91983,0
16277,145928,58518,0
16278,87060,17506,0
16279,107961,12662,0
16280,93264,49667,0
16281,32242,20537,0
16282,52655,117935,0
16283,110885,3864,0
16284,90779,110657,0
16285,24313,102856,0
16286,58367,72049,0
16287,109979,6107,0
16288,28036,91178,0
16289,63670,19973,0
16290,33451,86623,0
16291,130208,78145,0
16292,20667,70575,0
16293,30587,88257,0
16294,146487,55358,0
16295,85886,112584,0
16296,43244,7360,0
16297,50880,154648,0
16298,123743,35000,0
16299,150620,90000,0
16300,30465,26324,0
16301,8037,84984,0
16302,118338,82667,0
16303,107990,2284,0
16304,8233,113135,0
16305,51928,13736,0
16306,24881,29953,0
16307,77536,54559,0
16308,53177,54925,0
16309,83448,126066,0
16310,105084,70873,0
16311,33572,138157,0
16312,21497,104076,0
16313,81849,52587,0
16314,72473,1045,0
16315,146735,67809,0
16316,71311,124833,0
16317,152200,16171,0
16318,30255,62984,0
16319,10709,82504,0
16320,91414,116147,0
16321,88123,145931,0
16322,29122,31960,0
16323,28944,114084,0
16324,39830,131739,0
16325,109686,9009,0
16326,118338,2966,0
16327,105214,145299,0
16328,60731,84512,0
16329,59019,11324,0
16330,89311,46593,0
16331,109883,114302,0
16332,114768,20786,0
16333,141835,63131,0
16334,61538,125038,0
16335,85195,10013,0
16336,114210,128758,0
16337,91781,100558,0
16338,98564,155168,0
16339,138788,131824,0
16340,134282,115864,0
16341,37610,135824,0
16342,35470,39240,0
16343,42763,15756,0
16344,707,89899,0
16345,4927,12007,0
16346,89524,105170,0
16347,135057,60352,0
16348,7452,28992,0
16349,58014,42277,0
16350,22750,103518,0
16351,116676,141268,0
16352,118205,39672,0
16353,93302,150686,0
16354,145622,43949,0
16355,154411,117292,0
16356,149806,43051,0
16357,76900,76210,0
16358,133082,126933,0
16359,5127,61073,0
16360,113872,112150,0
16361,53520,136818,0
16362,55375,144031,0
16363,102106,125827,0
16364,48228,8453,0
16365,151876,151217,0
16366,93385,61926,0
16367,18591,136267,0
16368,98744,100745,0
16369,61113,57466,0
16370,21780,94587,0
16371,100603,115755,0
16372,24638,100575,0
16373,68477,100334,0
16374,35421,53291,0
16375,151091,22742,0
16376,94749,84831,0
16377,149900,12897,0
16378,54444,91541,0
16379,63053,35014,0
16380,92591,23682,0
16381,87818,77101,0
16382,63298,75058,0
16383,65421,79032,0
16384,84700,92488,0
16385,134820,72390,0
16386,68126,27717,0
16387,120395,55676,0
16388,57769,22062,0
16389,36697,147666,0
16390,22878,92254,0
16391,153489,110686,0
16392,66935,11744,0
16393,45051,48731,0
16394,7379,135134,0
16395,84518,145029,0
16396,113024,117101,0
16397,72525,131963,0
16398,135291,132472,0
16399,73207,112996,0
16400,19819,110334,0
16401,43713,126478,0
16402,141453,2815,0
16403,75795,114851,0
16404,143032,52455,0
16405,120734,96460,0
16406,87444,43898,0
16407,67560,75026,0
16408,2021,117172,0
16409,11448,45876,0
16410,140720,118467,0
16411,75976,22160,0
16412,97373,149465,0
16413,26033,44460,0
16414,95609,122788,0
16415,114526,140057,0
16416,29199,69335,0
16417,149878,26034,0
16418,50211,12765,0
16419,4637,78842,0
16420,65800,58699,0
16421,93138,66102,0
16422,9055,97204,0
16423,148088,100068,0
16424,154890,124739,0
16425,35683,72590,0
16426,35014,147774,0
16427,3821,2173,0
16428,123448,136018,0
16429,5494,109242,0
16430,130461,112007,0
16431,92406,147006,0
16432,16110,107409,0
16433,2503,120081,0
16434,71300,53929,0
16435,44785,151881,0
16436,10962,80904,0
16437,63280,100140,0
16438,46959,68656,0
16439,48125,54303,0
16440,62036,115572,0
16441,92492,34938,0
16442,92531,15073,0
16443,86391,95448,0
16444,51989,69888,0
16445,74352,138944,0
16446,19842,81799,0
16447,7488,61675,0
16448,21319,75908,0
16449,92714,25203,0
16450,65785,65994,0
16451,89631,91154,0
16452,129813,268,0
16453,98333,99196,0
16454,135384,13073,0
16455,59243,85288,0
16456,153636,13877,0
16457,103755,9337,0
16458,95315,11633,0
16459,83751,99296,0
16460,27174,133842,0
16461,124159,11283,0
16462,84420,24170,0
16463,13830,57054,0
16464,94477,47447,0
16465,131042,74262,0
16466,72147,124653,0
16467,59309,45426,0
16468,68778,13268,0
16469,124395,46092,0
16470,139628,33120,0
16471,138919,58285,0
16472,56392,111126,0
16473,13275,13207,0
16474,88561,32017,0
16475,57171,37103,0
16476,143843,84421,0
16477,468,134679,0
16478,4584,112379,0
16479,27877,35271,0
16480,66541,18974,0
16481,20667,42639,0
16482,119354,98370,0
16483,62316,19673,0
16484,4062,88655,0
16485,44377,83689,0
16486,14584,31794,0
16487,114325,54851,0
16488,52535,1293,0
16489,106384,3694,0
16490,30679,152432,0
16491,113860,116605,0
16492,114483,125609,0
16493,4979,18624,0
16494,118130,52101,0
16495,77282,116958,0
16496,43606,107239,0
16497,146611,92780,0
16498,133551,28238,0
16499,108575,123005,0
16500,1076,114290,0
16501,46294,98114,0
16502,112685,74615,0
16503,111774,106822,0
16504,13284,140896,0
16505,67557,103060,0
16506,153783,118536,0
16507,15372,64126,0
16508,152268,90643,0
16509,134270,110697,0
16510,85203,111708,0
16511,49129,128385,0
16512,29432,2191,0
16513,129852,66427,0
16514,127328,55385,0
16515,9531,132346,0
16516,126596,146281,0
16517,27052,83157,0
16518,93086,141086,0
16519,80546,41368,0
16520,9882,127286,0
16521,151686,15223,0
16522,117725,74135,0
16523,29886,101370,0
16524,40475,147025,0
16525,119457,66325,0
16526,135729,68556,0
16527,127175,25199,0
16528,125021,135862,0
16529,149444,133051,0
16530,21882,98415,0
16531,76890,3201,0
16532,23842,79658,0
16533,85407,25764,0
16534,7435,69886,0
16535,74220,150660,0
16536,147724,42067,0
16537,33763,133067,0
16538,71845,70523,0
16539,14829,6908,0
16540,131442,90295,0
16541,126624,132959,0
16542,18547,140538,0
16543,81250,133855,0
16544,91610,72945,0
16545,64475,107879,0
16546,32272,127112,0
16547,4625,13070,0
16548,74532,25751,0
16549,113078,140617,0
16550,110224,153509,0
16551,65690,145273,0
16552,49148,12783,0
16553,18893,108262,0
16554,81346,4437,0
16555,114469,89082,0
16556,153358,20715,0
16557,24003,143420,0
16558,74502,92389,0
16559,12265,31441,0
16560,40444,111261,0
16561,43434,124488,0
16562,78064,17356,0
16563,20752,140241,0
16564,1252,17759,0
16565,77147,149507,0
16566,131540,80532,0
16567,12456,149449,0
16568,14401,122197,0
16569,31118,35289,0
16570,63210,142254,0
16571,127243,96439,0
16572,73470,14573,0
16573,73234,115762,0
16574,63172,48265,0
16575,36281,89955,0
16576,42558,95532,0
16577,52469,102073,0
16578,45456,127782,0
16579,122299,111592,0
16580,20274,67397,0
16581,78326,130947,0
16582,130291,152252,0
16583,101273,112977,0
16584,91203,58136,0
16585,74108,86461,0
16586,77414,127502,0
16587,150993,130452,0
16588,52891,64560,0
16589,127328,148973,0
16590,17164,119989,0
16591,54669,96004,0
16592,6480,111557,0
16593,83463,94404,0
16594,210,50866,0
16595,13597,47005,0
16596,100872,50073,0
16597,117460,96647,0
16598,130671,119113,0
16599,14099,138790,0
16600,67296,96408,0
16601,119012,124373,0
16602,107655,152265,0
16603,66867,27541,0
16604,115589,4133,0
16605,95666,11148,0
16606,81784,139221,0
16607,151652,139297,0
16608,46264,8415,0
16609,68238,56075,0
16610,118607,81302,0
16611,21576,61529,0
16612,129821,84730,0
16613,61870,83885,0
16614,61542,104899,0
16615,39681,34519,0
16616,151167,114878,0
16617,146293,77499,0
16618,86310,58535,0
16619,14691,123440,0
16620,48763,77216,0
16621,61463,8962,0
16622,95964,126314,0
16623,82484,77648,0
16624,146407,136136,0
16625,25263,105395,0
16626,9388,26765,0
16627,64606,49738,0
16628,30649,113075,0
16629,45480,30167,0
16630,65929,73292,0
16631,129887,36029,0
16632,66114,108070,0
16633,11651,59478,0
16634,2942,36433,0
16635,32057,112113,0
16636,101851,106912,0
16637,140748,83345,0
16638,59743,137014,0
16639,150259,41368,0
16640,147082,64298,0
16641,87826,65127,0
16642,14793,89503,0
16643,56960,141621,0
16644,85065,48862,0
16645,65331,112315,0
16646,147943,121082,0
16647,12224,121643,0
16648,45082,117770,0
16649,19113,6615,0
16650,28413,131954,0
16651,76780,87832,0
16652,126322,126946,0
16653,112690,81573,0
16654,11469,142909,0
16655,10941,10412,0
16656,17536,126265,0
16657,13284,77001,0
16658,41075,1528,0
16659,62113,121038,0
16660,49805,128175,0
16661,65473,150673,0
16662,106702,65743,0
16663,3397,38785,0
16664,40624,119293,0
16665,26074,121437,0
16666,72512,51472,0
16667,85855,121318,0
16668,78687,82386,0
16669,109257,6482,0
16670,151928,9920,0
16671,118991,107781,0
16672,108752,22686,0
16673,114483,63997,0
16674,32306,64779,0
16675,80254,17758,0
16676,43968,74378,0
16677,68445,27800,0
16678,139231,13663,0
16679,12167,91851,0
16680,16699,53058,0
16681,71770,113107,0
16682,135265,58710,0
16683,125523,71058,0
16684,55757,151311,0
16685,47569,19706,0
16686,9730,145563,0
16687,40462,102677,0
16688,153069,70832,0
16689,103034,85864,0
16690,138118,145040,0
16691,118011,63643,0
16692,126670,125830,0
16693,107656,154551,0
16694,53147,11173,0
16695,86360,132444,0
16696,81057,142991,0
16697,59097,143240,0
16698,30029,137590,0
16699,2619,75130,0
16700,70100,100378,0
16701,91878,73187,0
16702,2087,18607,0
16703,52389,145120,0
16704,9714,22935,0
16705,83004,102546,0
16706,4993,86416,0
16707,89371,53627,0
16708,81542,107100,0
16709,150864,147848,0
16710,18961,129174,0
16711,56440,120548,0
16712,124122,80725,0
16713,57153,97135,0
16714,50409,3103,0
16715,35227,48318,0
16716,120324,78295,0
16717,79819,859,0
16718,54305,28988,0
16719,17260,120022,0
16720,84843,25973,0
16721,18551,20055,0
16722,32423,82617,0
16723,25038,9879,0
16724,108980,96223,0
16725,6005,120171,0
16726,107029,124265,0
16727,121083,92644,0
16728,121834,89628,0
16729,125316,78266,0
16730,16563,141526,0
16731,54536,95321,0
16732,150933,129905,0
16733,102488,84766,0
16734,95324,27802,0
16735,19022,32076,0
16736,82540,12734,0
16737,44785,63621,0
16738,105416,93443,0
16739,12372,65842,0
16740,114340,44181,0
16741,8796,43547,0
16742,54578,140908,0
16743,1406,21121,0
16744,39079,94082,0
16745,49582,26379,0
16746,43594,103793,0
16747,106270,98023,0
16748,86627,26506,0
16749,44444,14985,0
16750,132617,57517,0
16751,138436,12124,0
16752,93576,35898,0
16753,27200,112569,0
16754,114663,62413,0
16755,147741,3358,0
16756,139320,154129,0
16757,68635,95472,0
16758,33106,59501,0
16759,48811,97538,0
16760,42368,113357,0
16761,83771,128069,0
16762,110048,51266,0
16763,81437,87748,0
16764,118748,62164,0
16765,61630,137502,0
16766,68411,111165,0
16767,43851,123491,0
16768,150370,74071,0
16769,107251,44365,0
16770,76688,148250,0
16771,71534,102167,0
16772,4416,77631,0
16773,126215,5541,0
16774,17612,112798,0
16775,118346,17816,0
16776,146307,50784,0
16777,68727,51645,0
16778,49850,123931,0
16779,50261,46257,0
16780,129086,102218,0
16781,62583,22026,0
16782,10784,126357,0
16783,83463,146128,0
16784,5055,50449,0
16785,85639,146489,0
16786,70083,141895,0
16787,8340,7792,0
16788,110261,115704,0
16789,20994,84800,0
16790,24342,144349,0
16791,19881,136317,0
16792,49363,117538,0
16793,12239,122704,0
16794,38228,15301,0
16795,138477,56473,0
16796,24277,62526,0
16797,33917,87568,0
16798,84099,39439,0
16799,5015,24083,0
16800,27787,27237,0
16801,55079,100518,0
16802,30818,50526,0
16803,89558,28476,0
16804,7929,48187,0
16805,110845,20042,0
16806,148264,126168,0
16807,141809,140155,0
16808,59565,75266,0
16809,6219,18148,0
16810,37507,150439,0
16811,128300,7062,0
16812,70964,22971,0
16813,110684,121698,0
16814,124873,27679,0
16815,117582,31035,0
16816,50586,53675,0
16817,98687,60387,0
16818,69712,96414,0
16819,50380,147946,0
16820,141972,17894,0
16821,47076,74789,0
16822,69124,1643,0
16823,40282,89671,0
16824,15202,76,0
16825,41408,52116,0
16826,45000,20638,0
16827,49095,129278,0
16828,96563,90729,0
16829,122369,130731,0
16830,2733,133331,0
16831,129029,100423,0
16832,151763,95019,0
16833,48277,43553,0
16834,6058,147999,0
16835,31970,5630,0
16836,94632,53899,0
16837,152063,126663,0
16838,30823,93031,0
16839,71432,66803,0
16840,16808,120570,0
16841,55650,39322,0
16842,87583,114020,0
16843,96891,122753,0
16844,16039,116831,0
16845,62790,105854,0
16846,64328,41877,0
16847,111612,84117,0
16848,49895,143575,0
16849,5282,40109,0
16850,106334,42288,0
16851,48412,5824,0
16852,15827,85923,0
16853,9963,15600,0
16854,123603,148947,0
16855,121191,12084,0
16856,130313,84810,0
16857,107126,30221,0
16858,38879,22052,0
16859,49263,77110,0
16860,106947,143613,0
16861,99941,47989,0
16862,115014,64930,0
16863,55786,73209,0
16864,102371,147330,0
16865,97628,19027,0
16866,154922,46708,0
16867,96640,98173,0
16868,50004,86428,0
16869,78368,8258,0
16870,123594,46788,0
16871,125842,136022,0
16872,30953,56282,0
16873,123397,38851,0
16874,5981,38368,0
16875,53503,48379,0
16876,57333,6281,0
16877,71204,74692,0
16878,99942,134656,0
16879,64876,8836,0
16880,61948,584,0
16881,62571,104078,0
16882,82805,8827,0
16883,148767,138416,0
16884,3936,41838,0
16885,119019,120542,0
16886,65343,42466,0
16887,48286,22719,0
16888,100316,27237,0
16889,145957,99842,0
16890,19752,78433,0
16891,109474,16212,0
16892,38558,58508,0
16893,49116,130645,0
16894,106266,5837,0
16895,7902,99877,0
16896,153174,100335,0
16897,133440,6072,0
16898,87414,115114,0
16899,129006,59305,0
16900,107554,46241,0
16901,51782,23490,0
16902,103215,120349,0
16903,20452,11530,0
16904,61040,100252,0
16905,124866,52096,0
16906,126776,34385,0
16907,7253,132839,0
16908,15627,25954,0
16909,102445,102877,0
16910,40358,10487,0
16911,108746,69384,0
16912,121090,4185,0
16913,121523,137270,0
16914,140237,122581,0
16915,90175,76314,0
16916,29874,70909,0
16917,127405,106416,0
16918,142241,46223,0
16919,37074,12954,0
16920,13519,154552,0
16921,114960,92055,0
16922,106530,21329,0
16923,55087,136439,0
16924,118420,73984,0
16925,129941,102363,0
16926,79710,50264,0
16927,104671,41567,0
16928,68511,116497,0
16929,64689,153008,0
16930,96284,103599,0
16931,47651,4611,0
16932,145470,82553,0
16933,37595,63872,0
16934,72270,143931,0
16935,19645,69944,0
16936,3647,87448,0
16937,29329,2745,0
16938,8090,33439,0
16939,46971,23052,0
16940,130775,57491,0
16941,85373,17647,0
16942,44389,104293,0
16943,35125,35912,0
16944,102040,127616,0
16945,18238,41813,0
16946,91275,99992,0
16947,86687,84097,0
16948,110040,18472,0
16949,111519,24965,0
16950,151279,37163,0
16951,49020,103972,0
16952,53656,43306,0
16953,80021,48759,0
16954,134258,123819,0
16955,121865,108539,0
16956,149076,149915,0
16957,7584,144946,0
16958,20402,74692,0
16959,10368,125814,0
16960,142972,121981,0
16961,111330,71095,0
16962,126698,146653,0
16963,108575,85278,0
16964,42019,37247,0
16965,54768,47222,0
16966,16551,86130,0
16967,143886,95435,0
16968,18757,50864,0
16969,31206,150131,0
16970,24542,2567,0
16971,141209,41326,0
16972,81859,64982,0
16973,122251,26228,0
16974,41414,3105,0
16975,100015,91596,0
16976,118060,126679,0
16977,66729,44596,0
16978,123705,52011,0
16979,98767,1090,0
16980,16228,95222,0
16981,117399,88875,0
16982,151447,52265,0
16983,88977,59852,0
16984,105723,99601,0
16985,30723,54311,0
16986,62217,113170,0
16987,5648,94146,0
16988,132074,76461,0
16989,152950,102558,0
16990,17740,115774,0
16991,30450,90917,0
16992,11788,21967,0
16993,60337,14147,0
16994,98557,91607,0
16995,26564,152544,0
16996,29987,123788,0
16997,19227,18086,0
16998,148456,132601,0
16999,64650,82925,0
17000,75878,96988,0
17001,51100,62085,0
17002,103899,32017,0
17003,87228,29426,0
17004,131693,18355,0
17005,47201,71728,0
17006,22786,55085,0
17007,100706,26983,0
17008,104314,45676,0
17009,97667,37100,0
17010,69045,79170,0
17011,53003,106614,0
17012,134246,23620,0
17013,141063,18129,0
17014,49831,27250,0
17015,153656,132338,0
17016,60588,18979,0
17017,147728,142020,0
17018,24896,104820,0
17019,106544,154910,0
17020,92214,46984,0
17021,32611,37512,0
17022,54279,35167,0
17023,152653,60157,0
17024,87140,18376,0
17025,24883,121664,0
17026,142313,50490,0
17027,11302,112053,0
17028,39428,72721,0
17029,118993,80567,0
17030,122981,82054,0
17031,106305,105661,0
17032,116886,84120,0
17033,4069,68599,0
17034,97399,86221,0
17035,138866,26471,0
17036,73078,42625,0
17037,51966,117826,0
17038,86808,141350,0
17039,26975,94511,0
17040,133378,146834,0
17041,120113,28724,0
17042,30027,81919,0
17043,36206,87509,0
17044,62854,28699,0
17045,149518,120661,0
17046,85998,4116,0
17047,141046,26024,0
17048,106650,788,0
17049,96430,64088,0
17050,118146,92340,0
17051,1429,23835,0
17052,68563,153883,0
17053,63437,111755,0
17054,142548,95708,0
17055,64463,52255,0
17056,10625,36897,0
17057,26409,75880,0
17058,123797,125803,0
17059,26237,97638,0
17060,118341,118243,0
17061,66738,84848,0
17062,1376,118711,0
17063,110736,27959,0
17064,138561,139996,0
17065,113038,137529,0
17066,92719,23919,0
17067,146265,54004,0
17068,53754,84467,0
17069,147838,74724,0
17070,137773,104620,0
17071,11265,111627,0
17072,106636,115973,0
17073,45462,82097,0
17074,71096,7824,0
17075,120553,121971,0
17076,85545,147015,0
17077,131043,46868,0
17078,111999,149035,0
17079,40345,129125,0
17080,119740,51824,0
17081,91232,38593,0
17082,96794,135495,0
17083,81084,26174,0
17084,76266,72210,0
17085,102676,134591,0
17086,128159,37436,0
17087,115546,116135,0
17088,46797,77274,0
17089,8010,77403,0
17090,59234,119259,0
17091,65074,31139,0
17092,41903,25747,0
17093,84669,126435,0
17094,109700,140484,0
17095,136934,95365,0
17096,92782,87070,0
17097,75422,24001,0
17098,49910,41351,0
17099,121105,74247,0
17100,35610,115312,0
17101,19190,110403,0
17102,118851,55679,0
17103,17187,142726,0
17104,17683,16083,0
17105,41560,62610,0
17106,101157,31387,0
17107,31392,90582,0
17108,92665,21548,0
17109,19242,54077,0
17110,141232,154226,0
17111,119397,150357,0
17112,135813,126363,0
17113,114655,49409,0
17114,87603,39365,0
17115,108904,58343,0
17116,86543,938,0
17117,53910,14222,0
17118,54572,116082,0
17119,57096,95689,0
17120,100797,97682,0
17121,18146,89023,0
17122,31111,69642,0
17123,86723,31338,0
17124,114474,102589,0
17125,63226,69087,0
17126,57386,119609,0
17127,86199,59339,0
17128,114692,45536,0
17129,23881,35430,0
17130,116154,72668,0
17131,115103,69911,0
17132,93954,65582,0
17133,46173,135968,0
17134,142989,109849,0
17135,11456,126375,0
17136,14802,17894,0
17137,45059,150515,0
17138,116676,78874,0
17139,87996,38307,0
17140,19572,98272,0
17141,154835,35015,0
17142,46917,24428,0
17143,152986,111875,0
17144,82086,123169,0
17145,29877,49021,0
17146,36849,38946,0
17147,135459,899,0
17148,107251,148351,0
17149,122449,33554,0
17150,27094,113498,0
17151,143254,56842,0
17152,70416,86172,0
17153,128083,117211,0
17154,43172,127734,0
17155,58694,34807,0
17156,98178,152731,0
17157,60175,64086,0
17158,101178,115375,0
17159,37991,48390,0
17160,61664,100280,0
17161,59285,95663,0
17162,113354,89446,0
17163,1963,123551,0
17164,13048,12725,0
17165,24341,38615,0
17166,123297,84756,0
17167,57009,94339,0
17168,136631,19890,0
17169,145295,39788,0
17170,12631,31035,0
17171,31225,66350,0
17172,51743,23007,0
17173,24883,101114,0
17174,64365,48314,0
17175,11466,110841,0
17176,145175,102389,0
17177,142756,145708,0
17178,111100,82810,0
17179,89279,10981,0
17180,76028,3128,0
17181,43790,104635,0
17182,52459,139498,0
17183,57513,117784,0
17184,110761,104448,0
17185,81334,120907,0
17186,3571,67335,0
17187,112443,70290,0
17188,53710,50700,0
17189,119639,67425,0
17190,17031,49009,0
17191,116932,46182,0
17192,34833,33538,0
17193,95217,4117,0
17194,104918,155170,0
17195,127415,148151,0
17196,139085,99827,0
17197,71237,28144,0
17198,131555,85189,0
17199,30044,20786,0
17200,16725,104962,0
17201,83737,116783,0
17202,44900,57041,0
17203,138348,115100,0
17204,28267,147844,0
17205,146611,84308,0
17206,11825,49873,0
17207,143468,38523,0
17208,85667,148313,0
17209,68584,94974,0
17210,152360,72381,0
17211,16378,133891,0
17212,51532,62110,0
17213,73728,114480,0
17214,25120,32797,0
17215,19696,143556,0
17216,9374,26314,0
17217,61218,103276,0
17218,22196,142416,0
17219,97095,92521,0
17220,107324,78994,0
17221,87826,18210,0
17222,7255,108399,0
17223,92491,110450,0
17224,56307,144062,0
17225,139629,138307,0
17226,5095,121209,0
17227,123889,13746,0
17228,56682,132794,0
17229,120432,115903,0
17230,59727,62881,0
17231,138509,89716,0
17232,75927,151079,0
17233,114460,27968,0
17234,106510,69445,0
17235,6007,108367,0
17236,29570,67115,0
17237,61200,42542,0
17238,83977,75457,0
17239,103818,127112,0
17240,93935,147140,0
17241,21020,40158,0
17242,5535,140929,0
17243,42696,152464,0
17244,138008,136629,0
17245,136886,24308,0
17246,148071,77801,0
17247,10811,115804,0
17248,146762,89448,0
17249,10483,58318,0
17250,38731,106853,0
17251,103869,60780,0
17252,3621,97883,0
17253,68512,31765,0
17254,81901,42862,0
17255,124225,24184,0
17256,99749,74556,0
17257,118429,583,0
17258,76940,121897,0
17259,40656,27806,0
17260,21761,114467,0
17261,149581,39037,0
17262,127254,14101,0
17263,110111,135688,0
17264,32589,10301,0
17265,151798,45612,0
17266,64246,84772,0
17267,59467,43956,0
17268,48997,14762,0
17269,22265,50222,0
17270,1496,150531,0
17271,59149,17176,0
17272,93127,62174,0
17273,64195,131109,0
17274,45982,149020,0
17275,86427,149639,0
17276,149868,1367,0
17277,69001,26143,0
17278,154733,77203,0
17279,110984,66298,0
17280,147918,598,0
17281,24419,124771,0
17282,10162,33541,0
17283,59596,110258,0
17284,84416,48425,0
17285,133962,143258,0
17286,74946,67920,0
17287,66541,99357,0
17288,5648,83394,0
17289,71820,120093,0
17290,95823,70097,0
17291,131836,111243,0
17292,11218,81219,0
17293,148831,9754,0
17294,135548,36534,0
17295,131861,84166,0
17296,134007,64140,0
17297,104153,86357,0
17298,88729,33511,0
17299,108319,146285,0
17300,113842,80919,0
17301,37794,113492,0
17302,117941,117817,0
17303,23733,112467,0
17304,56480,65734,0
17305,19390,96968,0
17306,102102,47275,0
17307,121425,143742,0
17308,152964,9858,0
17309,113832,144129,0
17310,150237,126007,0
17311,57762,30658,0
17312,87507,219,0
17313,151524,81171,0
17314,35556,146128,0
17315,154223,146255,0
17316,145370,119650,0
17317,100687,149117,0
17318,12748,13344,0
17319,99806,54113,0
17320,52931,60120,0
17321,135448,105701,0
17322,48140,78888,0
17323,115980,82852,0
17324,10406,74271,0
17325,149150,18982,0
17326,66572,112487,0
17327,44592,97525,0
17328,79333,27113,0
17329,95670,61972,0
17330,52243,41314,0
17331,136162,112604,0
17332,101481,105259,0
17333,34137,98476,0
17334,57081,144521,0
17335,153143,79681,0
17336,130454,154638,0
17337,71870,45239,0
17338,92764,132975,0
17339,59958,53292,0
17340,14356,148699,0
17341,114330,107387,0
17342,119684,52000,0
17343,69413,57068,0
17344,38405,62624,0
17345,75878,1705,0
17346,130226,39710,0
17347,149676,91516,0
17348,111664,91286,0
17349,83206,75427,0
17350,20234,138012,0
17351,130232,75475,0
17352,11273,73128,0
17353,150913,52754,0
17354,104330,20751,0
17355,45279,27066,0
17356,42791,41036,0
17357,87800,100420,0
17358,86897,7425,0
17359,38386,134925,0
17360,97469,108598,0
17361,47213,100849,0
17362,15800,54654,0
17363,90704,83341,0
17364,745,83792,0
17365,61684,90156,0
17366,98155,62257,0
17367,125935,14228,0
17368,118309,91250,0
17369,63766,121761,0
17370,154276,106395,0
17371,2370,52527,0
17372,43330,34431,0
17373,76688,147837,0
17374,90997,110794,0
17375,59509,52292,0
17376,129781,1865,0
17377,67038,13170,0
17378,110214,52597,0
17379,153981,111602,0
17380,52680,75977,0
17381,50466,153835,0
17382,95141,65870,0
17383,74980,63678,0
17384,84529,143076,0
17385,39155,141101,0
17386,80418,13951,0
17387,131790,106070,0
17388,23447,33554,0
17389,140034,79389,0
17390,5328,53577,0
17391,56009,46120,0
17392,90383,84392,0
17393,16427,45466,0
17394,103367,34658,0
17395,139044,73105,0
17396,125746,1923,0
17397,85899,117181,0
17398,61321,102960,0
17399,92384,90709,0
17400,53674,85021,0
17401,146121,14286,0
17402,56477,64126,0
17403,45897,38622,0
17404,89423,14352,0
17405,97420,119018,0
17406,7386,58036,0
17407,37793,44109,0
17408,46757,72702,0
17409,130526,43114,0
17410,107730,62009,0
17411,121106,145056,0
17412,85803,131727,0
17413,36545,76772,0
17414,80558,14385,0
17415,84075,84434,0
17416,110078,48819,0
17417,70768,12065,0
17418,35803,87407,0
17419,128744,68378,0
17420,77011,139416,0
17421,49456,11020,0
17422,139424,60830,0
17423,149432,7700,0
17424,133617,46236,0
17425,106680,50725,0
17426,84705,108344,0
17427,145399,141094,0
17428,97295,82913,0
17429,124766,117374,0
17430,87221,34754,0
17431,59866,34673,0
17432,5689,103286,0
17433,69534,149817,0
17434,5003,13611,0
17435,84515,83998,0
17436,102792,92152,0
17437,108753,87831,0
17438,30592,83384,0
17439,31578,117170,0
17440,19762,72202,0
17441,126624,104089,0
17442,153867,30712,0
17443,7628,62806,0
17444,18220,70569,0
17445,15936,4651,0
17446,88589,51412,0
17447,16027,54423,0
17448,107520,53458,0
17449,61693,50301,0
17450,75805,40369,0
17451,4363,95473,0
17452,48160,36387,0
17453,29440,93012,0
17454,44848,31234,0
17455,41941,111986,0
17456,104558,82475,0
17457,1180,141580,0
17458,102364,18710,0
17459,4751,8203,0
17460,64322,150879,0
17461,124461,129739,0
17462,130882,57627,0
17463,116981,122182,0
17464,128484,128081,0
17465,43647,146649,0
17466,19590,82295,0
17467,69175,85532,0
17468,21287,78518,0
17469,109316,132802,0
17470,19554,4633,0
17471,15697,23075,0
17472,12861,16353,0
17473,146308,36432,0
17474,38154,3448,0
17475,10697,75887,0
17476,135992,146751,0
17477,116115,97198,0
17478,41257,109083,0
17479,8519,61638,0
17480,26757,20779,0
17481,109444,133419,0
17482,74504,149098,0
17483,112691,136961,0
17484,61209,149521,0
17485,37652,49370,0
17486,95219,97104,0
17487,38528,147356,0
17488,150969,68197,0
17489,154817,139931,0
17490,125659,30443,0
17491,129474,16604,0
17492,134617,83313,0
17493,54396,149548,0
17494,128924,38255,0
17495,48723,144806,0
17496,10128,104334,0
17497,144405,79727,0
17498,41572,78968,0
17499,131121,9626,0
17500,123069,30927,0
17501,126732,138223,0
17502,36771,47676,0
17503,41686,147860,0
17504,54565,10869,0
17505,100803,45489,0
17506,1160,129351,0
17507,13488,11382,0
17508,124547,41318,0
17509,40098,12566,0
17510,37957,41239,0
17511,6940,10985,0
17512,139336,51049,0
17513,81922,28310,0
17514,118276,90254,0
17515,89911,1755,0
17516,113692,60823,0
17517,51480,62515,0
17518,47043,154891,0
17519,86149,10117,0
17520,10407,51941,0
17521,22025,98209,0
17522,52675,26368,0
17523,149111,129284,0
17524,130798,75992,0
17525,11725,103990,0
17526,28513,105071,0
17527,22804,34379,0
17528,21889,1522,0
17529,89567,91277,0
17530,139250,122518,0
17531,90883,114061,0
17532,5307,105862,0
17533,43976,31550,0
17534,6148,138327,0
17535,63235,97491,0
17536,77197,119308,0
17537,21365,63906,0
17538,96240,47250,0
17539,134246,114468,0
17540,53244,40473,0
17541,82675,14654,0
17542,149891,58669,0
17543,41514,19770,0
17544,114974,91826,0
17545,121941,128531,0
17546,45537,73435,0
17547,133068,30732,0
17548,61645,59368,0
17549,45578,27024,0
17550,72501,155030,0
17551,30064,81461,0
17552,37623,87606,0
17553,25558,116685,0
17554,140489,129962,0
17555,66959,59537,0
17556,24534,96068,0
17557,68605,75307,0
17558,61216,142355,0
17559,111519,143396,0
17560,74118,20968,0
17561,105136,21401,0
17562,92144,147825,0
17563,153604,58572,0
17564,88124,142243,0
17565,79370,103922,0
17566,10130,109785,0
17567,52867,154864,0
17568,103086,352,0
17569,87600,83420,0
17570,12000,36879,0
17571,151442,89596,0
17572,28128,95793,0
17573,78827,18406,0
17574,132586,150075,0
17575,149581,48637,0
17576,70483,68414,0
17577,125802,19372,0
17578,97056,149036,0
17579,29530,154498,0
17580,370,15433,0
17581,63656,61833,0
17582,53598,139445,0
17583,25808,37632,0
17584,45126,82147,0
17585,121314,50110,0
17586,29628,24001,0
17587,120048,89811,0
17588,133192,104638,0
17589,123869,102744,0
17590,42900,25539,0
17591,5533,99379,0
17592,91185,73743,0
17593,135073,53384,0
17594,95019,56866,0
17595,124996,137445,0
17596,49955,120021,0
17597,144961,14984,0
17598,74954,67867,0
17599,81016,55238,0
17600,28045,153005,0
17601,11764,91189,0
17602,76763,126834,0
17603,54134,14517,0
17604,9286,18868,0
17605,46363,108316,0
17606,87069,118385,0
17607,115186,120593,0
17608,120728,116287,0
17609,37793,1342,0
17610,63158,1950,0
17611,56846,66283,0
17612,17930,100042,0
17613,125997,34818,0
17614,12614,26574,0
17615,90215,21398,0
17616,50760,836,0
17617,73363,112647,0
17618,113074,87785,0
17619,51432,108676,0
17620,83232,115953,0
17621,86574,31859,0
17622,20242,40964,0
17623,113290,141897,0
17624,113216,86413,0
17625,54917,1700,0
17626,153125,149589,0
17627,90436,125028,0
17628,77724,89820,0
17629,54619,138837,0
17630,55083,79398,0
17631,85714,82177,0
17632,133083,53524,0
17633,131233,57800,0
17634,98685,33312,0
17635,38022,6800,0
17636,139944,50,0
17637,153691,68586,0
17638,60269,115876,0
17639,53574,105054,0
17640,107526,25304,0
17641,149130,21423,0
17642,22060,62996,0
17643,139306,98215,0
17644,22786,4517,0
17645,66924,146536,0
17646,83024,121961,0
17647,67348,44083,0
17648,79286,126838,0
17649,65224,142936,0
17650,137335,56689,0
17651,35949,155120,0
17652,1694,98544,0
17653,27212,9947,0
17654,20865,17105,0
17655,87221,111603,0
17656,153857,99859,0
17657,121994,4454,0
17658,40226,46510,0
17659,38087,35935,0
17660,143316,81011,0
17661,122426,25167,0
17662,4574,18180,0
17663,23582,42920,0
17664,83908,128776,0
17665,113224,41603,0
17666,56972,67885,0
17667,106562,126374,0
17668,52632,1173,0
17669,113219,94829,0
17670,38874,55652,0
17671,143579,22595,0
17672,42383,15495,0
17673,92952,28708,0
17674,112851,26007,0
17675,147511,44672,0
17676,81327,74205,0
17677,99456,90739,0
17678,93345,88094,0
17679,131873,19125,0
17680,94059,110813,0
17681,31660,82840,0
17682,52281,79224,0
17683,130966,84411,0
17684,100693,102327,0
17685,92255,65239,0
17686,43118,139831,0
17687,82783,97394,0
17688,83487,23130,0
17689,88186,139571,0
17690,103786,49033,0
17691,133831,51567,0
17692,66839,66864,0
17693,67380,106522,0
17694,142767,44271,0
17695,142854,30683,0
17696,25737,123421,0
17697,50570,118345,0
17698,96900,87651,0
17699,124901,109990,0
17700,100796,124999,0
17701,116819,26079,0
17702,90107,21203,0
17703,120383,153450,0
17704,62354,100622,0
17705,125365,28836,0
17706,78292,149052,0
17707,113136,148446,0
17708,116749,89426,0
17709,39474,91001,0
17710,110075,43544,0
17711,133893,145668,0
17712,107346,20237,0
17713,4907,91429,0
17714,19257,118056,0
17715,65929,74495,0
17716,154338,89113,0
17717,22104,123088,0
17718,90015,64415,0
17719,125378,63630,0
17720,131533,116211,0
17721,49736,43685,0
17722,89213,80288,0
17723,137336,123665,0
17724,6726,67493,0
17725,84371,107835,0
17726,17491,129222,0
17727,117774,56612,0
17728,123202,73629,0
17729,78900,111963,0
17730,38489,111265,0
17731,52850,64788,0
17732,34209,48713,0
17733,104964,55090,0
17734,47659,117538,0
17735,20070,9029,0
17736,5943,136654,0
17737,9393,15603,0
17738,100227,62178,0
17739,92544,79114,0
17740,154958,79894,0
17741,114946,30914,0
17742,29521,86938,0
17743,146392,87310,0
17744,49948,101187,0
17745,6643,144640,0
17746,6366,14313,0
17747,9729,110491,0
17748,5918,106837,0
17749,28117,743,0
17750,27561,142626,0
17751,120346,87676,0
17752,20951,94641,0
17753,45913,99954,0
17754,75989,150543,0
17755,41300,10885,0
17756,24263,110829,0
17757,12505,102173,0
17758,136757,141775,0
17759,127831,99719,0
17760,51185,137875,0
17761,105548,30211,0
17762,28776,152313,0
17763,71495,32415,0
17764,1740,80663,0
17765,100639,145682,0
17766,125113,58399,0
17767,84295,31915,0
17768,104639,106138,0
17769,76035,115912,0
17770,8269,77321,0
17771,50104,139530,0
17772,76944,57246,0
17773,15800,121889,0
17774,26564,60942,0
17775,74315,82200,0
17776,21493,21447,0
17777,118688,105933,0
17778,16408,151870,0
17779,6467,121068,0
17780,62571,119040,0
17781,152932,123771,0
17782,122291,20840,0
17783,40876,47211,0
17784,50034,70305,0
17785,108533,125603,0
17786,11378,14842,0
17787,75460,114774,0
17788,44759,34552,0
17789,70974,83851,0
17790,124145,22006,0
17791,50450,84510,0
17792,150241,147570,0
17793,152802,118208,0
17794,13335,146569,0
17795,113448,18393,0
17796,12577,86557,0
17797,57189,102496,0
17798,143400,109770,0
17799,111606,81321,0
17800,52107,91365,0
17801,58199,83869,0
17802,210,91072,0
17803,12213,118996,0
17804,14967,541,0
17805,45677,58415,0
17806,67010,150539,0
17807,30268,55042,0
17808,98746,122769,0
17809,99573,96688,0
17810,142839,87371,0
17811,4356,56977,0
17812,49004,28907,0
17813,54808,59118,0
17814,2986,33647,0
17815,144537,115855,0
17816,69275,94741,0
17817,35348,119850,0
17818,84896,14997,0
17819,69371,7880,0
17820,26407,143683,0
17821,129557,3016,0
17822,9892,82143,0
17823,106048,85569,0
17824,129324,52772,0
17825,60350,73220,0
17826,135970,93060,0
17827,82390,125600,0
17828,26651,64124,0
17829,13602,62277,0
17830,71326,48562,0
17831,70753,37350,0
17832,22145,26821,0
17833,8690,31231,0
17834,150284,120543,0
17835,140080,75401,0
17836,133811,140451,0
17837,28547,35968,0
17838,70279,117599,0
17839,19502,129576,0
17840,8464,79338,0
17841,48355,119236,0
17842,127727,135719,0
17843,149588,44714,0
17844,138744,84150,0
17845,42523,23319,0
17846,17097,147839,0
17847,15145,91064,0
17848,76593,1626,0
17849,49750,74232,0
17850,14136,34529,0
17851,56320,103326,0
17852,92689,57808,0
17853,128510,26766,0
17854,138623,150812,0
17855,137806,32874,0
17856,14279,22058,0
17857,124613,10248,0
17858,100546,20861,0
17859,11769,136052,0
17860,62886,3400,0
17861,81122,56072,0
17862,22631,26272,0
17863,109647,78287,0
17864,3197,129774,0
17865,31679,9674,0
17866,22335,52732,0
17867,17053,46943,0
17868,92776,107902,0
17869,152159,37413,0
17870,27539,113948,0
17871,124640,1344,0
17872,6373,139827,0
17873,104330,113439,0
17874,94031,85605,0
17875,153856,45672,0
17876,105736,134656,0
17877,118421,82474,0
17878,119501,90954,0
17879,50918,50246,0
17880,33174,6274,0
17881,143183,146489,0
17882,154301,127673,0
17883,67956,58865,0
17884,47148,8154,0
17885,42316,151124,0
17886,27704,53423,0
17887,155005,30021,0
17888,142753,57500,0
17889,32636,59197,0
17890,44903,44665,0
17891,80552,148870,0
17892,57726,145611,0
17893,38377,66448,0
17894,104902,30497,0
17895,51238,123788,0
17896,142867,145304,0
17897,41391,62766,0
17898,152172,80315,0
17899,65213,1734,0
17900,25619,2969,0
17901,80962,99851,0
17902,60231,86596,0
17903,77863,68074,0
17904,115365,11887,0
17905,37845,45458,0
17906,15409,105692,0
17907,98499,107132,0
17908,140353,45047,0
17909,87939,142600,0
17910,84762,126423,0
17911,21275,15021,0
17912,139065,112984,0
17913,12228,95003,0
17914,138274,151153,0
17915,52085,21568,0
17916,147388,84393,0
17917,48595,120043,0
17918,125413,17906,0
17919,129090,117026,0
17920,26493,119773,0
17921,27825,78484,0
17922,72053,13947,0
17923,104458,135424,0
17924,138659,17382,0
17925,82530,56906,0
17926,126261,65491,0
17927,53011,94035,0
17928,50624,40440,0
17929,31164,92834,0
17930,15997,130512,0
17931,48811,30506,0
17932,102322,138822,0
17933,97698,112118,0
17934,48347,77917,0
17935,145899,36945,0
17936,46522,43239,0
17937,147727,128105,0
17938,93678,45236,0
17939,104171,60440,0
17940,39363,12351,0
17941,23438,79849,0
17942,142400,139297,0
17943,70062,21309,0
17944,123828,102915,0
17945,61034,48675,0
17946,143687,70120,0
17947,105150,4128,0
17948,154789,123424,0
17949,17621,110431,0
17950,49170,143676,0
17951,139667,1134,0
17952,26962,89695,0
17953,57137,67420,0
17954,55673,134439,0
17955,131296,80896,0
17956,39992,92290,0
17957,85997,23940,0
17958,124782,10295,0
17959,75494,148411,0
17960,149501,83430,0
17961,58945,10828,0
17962,127822,145901,0
17963,118630,67153,0
17964,79438,10412,0
17965,153152,39469,0
17966,5064,82378,0
17967,52,113485,0
17968,28210,35012,0
17969,136665,31564,0
17970,15812,144977,0
17971,62302,23192,0
17972,71285,63621,0
17973,8500,46969,0
17974,49801,89874,0
17975,26849,64583,0
17976,75031,65766,0
17977,108091,84781,0
17978,144299,106324,0
17979,125039,114104,0
17980,34223,104604,0
17981,154938,102847,0
17982,5332,1599,0
17983,94695,88643,0
17984,106303,2881,0
17985,78984,152164,0
17986,41707,51892,0
17987,125461,144727,0
17988,93936,24978,0
17989,139504,99844,0
17990,144842,11604,0
17991,37174,115977,0
17992,95394,118625,0
17993,41153,90077,0
17994,87858,66375,0
17995,136418,31056,0
17996,141379,98126,0
17997,147405,32667,0
17998,13505,84150,0
17999,74253,133823,0
18000,66784,139004,0
18001,108626,64700,0
18002,31783,152833,0
18003,23745,79308,0
18004,4771,130949,0
18005,32997,92417,0
18006,64432,98693,0
18007,43860,55193,0
18008,35254,18210,0
18009,71312,97252,0
18010,8897,9075,0
18011,33319,19274,0
18012,35928,68648,0
18013,142854,3451,0
18014,28868,116432,0
18015,147693,7037,0
18016,24813,39953,0
18017,86654,3358,0
18018,53097,26824,0
18019,96156,97985,0
18020,99721,112990,0
18021,99790,110355,0
18022,145393,104848,0
18023,99551,39765,0
18024,123102,52154,0
18025,122934,46434,0
18026,40159,106954,0
18027,81735,43680,0
18028,28563,18941,0
18029,116455,75240,0
18030,112022,12959,0
18031,112047,43739,0
18032,125567,38216,0
18033,13175,105177,0
18034,75878,111875,0
18035,139003,43415,0
18036,35994,33489,0
18037,30075,89899,0
18038,139639,39221,0
18039,98678,113929,0
18040,128406,73994,0
18041,91094,80749,0
18042,56308,136564,0
18043,96104,150573,0
18044,7471,17750,0
18045,13866,92023,0
18046,50883,113114,0
18047,7020,60293,0
18048,59475,26618,0
18049,153450,12010,0
18050,95974,149631,0
18051,90245,33268,0
18052,118384,120421,0
18053,44849,86968,0
18054,81222,135297,0
18055,93207,126801,0
18056,83874,7044,0
18057,57055,24999,0
18058,7861,143785,0
18059,46548,144887,0
18060,29848,68765,0
18061,152569,120948,0
18062,96297,107579,0
18063,129586,85773,0
18064,69099,94953,0
18065,109436,66922,0
18066,72313,23448,0
18067,138653,34227,0
18068,71975,105947,0
18069,151942,38603,0
18070,35297,12831,0
18071,83486,134369,0
18072,91440,7064,0
18073,18757,56149,0
18074,138512,55012,0
18075,17010,10552,0
18076,147866,31545,0
18077,14413,69555,0
18078,36282,137782,0
18079,1618,145826,0
18080,5618,54074,0
18081,109866,8674,0
18082,145493,3420,0
18083,115319,9805,0
18084,135563,80131,0
18085,46805,6405,0
18086,11260,63182,0
18087,62324,103820,0
18088,122630,83887,0
18089,56823,151773,0
18090,96987,197,0
18091,61835,137262,0
18092,136834,32448,0
18093,108141,123830,0
18094,109949,21324,0
18095,87031,15320,0
18096,56454,113992,0
18097,50899,3282,0
18098,76363,51568,0
18099,117475,121188,0
18100,45069,101247,0
18101,77384,104789,0
18102,51782,138080,0
18103,62077,95174,0
18104,127072,11719,0
18105,125102,27613,0
18106,101419,61303,0
18107,77971,25562,0
18108,22851,79789,0
18109,59913,4241,0
18110,3849,121346,0
18111,104299,127357,0
18112,34230,130216,0
18113,28441,109799,0
18114,84750,16115,0
18115,52365,33380,0
18116,98499,86156,0
18117,112306,18030,0
18118,86228,72153,0
18119,17047,87452,0
18120,16507,53937,0
18121,46985,6620,0
18122,77636,103063,0
18123,97957,99357,0
18124,115553,75748,0
18125,53432,151820,0
18126,46098,98905,0
18127,69992,110548,0
18128,36494,75431,0
18129,38781,94950,0
18130,120490,26630,0
18131,78936,55021,0
18132,109325,67948,0
18133,62780,3250,0
18134,141865,116036,0
18135,98407,70018,0
18136,18043,35792,0
18137,81095,149013,0
18138,34587,46040,0
18139,75251,115711,0
18140,134687,44214,0
18141,47809,80413,0
18142,82131,103230,0
18143,77912,18014,0
18144,75890,51766,0
18145,45232,62775,0
18146,103939,39013,0
18147,96589,85589,0
18148,48586,102400,0
18149,125113,99418,0
18150,77435,154682,0
18151,29059,42636,0
18152,44213,144136,0
18153,130902,67238,0
18154,47213,100219,0
18155,49207,122911,0
18156,433,37187,0
18157,114380,147840,0
18158,86358,141804,0
18159,80109,56379,0
18160,46955,133592,0
18161,43692,79156,0
18162,15055,20973,0
18163,15948,147380,0
18164,40060,139147,0
18165,139171,47436,0
18166,24273,135779,0
18167,131370,151161,0
18168,54707,63395,0
18169,14595,87922,0
18170,65036,75967,0
18171,81574,73506,0
18172,145817,84524,0
18173,119057,142150,0
18174,68826,12547,0
18175,1288,87828,0
18176,44816,139938,0
18177,120517,147106,0
18178,78350,115316,0
18179,134615,121785,0
18180,99734,66880,0
18181,89224,54601,0
18182,66217,11652,0
18183,102444,28530,0
18184,33029,61773,0
18185,117921,133548,0
18186,59533,32715,0
18187,874,56739,0
18188,112623,115006,0
18189,103364,113475,0
18190,79533,127453,0
18191,124117,76872,0
18192,19401,136817,0
18193,81492,127011,0
18194,36687,87090,0
18195,137112,129905,0
18196,75729,25127,0
18197,148497,44418,0
18198,85624,116995,0
18199,121755,134673,0
18200,148370,31671,0
18201,123289,13485,0
18202,9866,104333,0
18203,21959,135517,0
18204,64786,90979,0
18205,39582,2175,0
18206,13900,87242,0
18207,65330,39684,0
18208,61425,118902,0
18209,24821,30463,0
18210,150900,26973,0
18211,133534,13924,0
18212,110086,70989,0
18213,108662,40467,0
18214,60366,130612,0
18215,51024,118635,0
18216,12762,58421,0
18217,146425,47797,0
18218,41308,149087,0
18219,128345,152888,0
18220,47588,46985,0
18221,13165,136992,0
18222,84281,24121,0
18223,18960,115979,0
18224,70731,46493,0
18225,70720,65445,0
18226,57829,3168,0
18227,125230,118517,0
18228,43435,100953,0
18229,42926,110546,0
18230,49817,71958,0
18231,80714,22147,0
18232,101143,133570,0
18233,144978,86331,0
18234,148292,18428,0
18235,52187,138677,0
18236,88170,24470,0
18237,11642,88323,0
18238,40807,42281,0
18239,118955,116775,0
18240,22013,150495,0
18241,124386,27946,0
18242,128590,110622,0
18243,26308,102021,0
18244,108075,69254,0
18245,121105,55102,0
18246,148934,135887,0
18247,10470,4155,0
18248,148382,84267,0
18249,97801,5117,0
18250,18820,145022,0
18251,76799,114662,0
18252,528,78606,0
18253,119815,55260,0
18254,62348,153317,0
18255,84212,62996,0
18256,3480,131951,0
18257,64132,52543,0
18258,86269,29856,0
18259,146047,146004,0
18260,100832,42174,0
18261,120232,115687,0
18262,111645,62578,0
18263,33451,100777,0
18264,54770,127115,0
18265,111362,133912,0
18266,75213,108337,0
18267,133889,13013,0
18268,143171,107658,0
18269,133789,61746,0
18270,151278,154313,0
18271,90170,45676,0
18272,52124,136988,0
18273,136543,19430,0
18274,13218,119704,0
18275,99267,142931,0
18276,121941,67392,0
18277,14919,122389,0
18278,92858,122074,0
18279,119562,74465,0
18280,75557,102096,0
18281,141608,59127,0
18282,141813,36983,0
18283,90121,109718,0
18284,88962,80503,0
18285,150221,61109,0
18286,87905,66579,0
18287,136354,115947,0
18288,93210,34045,0
18289,46988,67596,0
18290,32688,32446,0
18291,141718,2959,0
18292,108346,136735,0
18293,9231,10665,0
18294,94834,154205,0
18295,143657,150794,0
18296,145602,60346,0
18297,137700,151361,0
18298,38493,139285,0
18299,131873,81071,0
18300,52436,91929,0
18301,88136,6561,0
18302,58285,96076,0
18303,114378,74907,0
18304,138083,33726,0
18305,23032,39819,0
18306,128703,101426,0
18307,106035,63108,0
18308,90217,153797,0
18309,110316,63385,0
18310,24161,60414,0
18311,48730,55179,0
18312,120649,33627,0
18313,31652,73181,0
18314,133126,75893,0
18315,30391,86141,0
18316,13883,79338,0
18317,19217,90741,0
18318,133035,109300,0
18319,153511,85783,0
18320,53123,106841,0
18321,126287,94609,0
18322,1791,47666,0
18323,133999,52278,0
18324,57166,147537,0
18325,71782,63397,0
18326,75732,150536,0
18327,2763,11195,0
18328,58823,146194,0
18329,80691,139415,0
18330,62742,76565,0
18331,28012,150806,0
18332,136955,49979,0
18333,154724,27105,0
18334,88615,76638,0
18335,27321,31668,0
18336,29722,131060,0
18337,78644,123152,0
18338,129462,99735,0
18339,40102,148243,0
18340,123080,104418,0
18341,115870,39203,0
18342,34235,21130,0
18343,87932,121086,0
18344,19971,95133,0
18345,26135,131351,0
18346,114927,35580,0
18347,105986,34101,0
18348,85830,46707,0
18349,143144,148996,0
18350,73896,6090,0
18351,26434,142330,0
18352,91037,110014,0
18353,57879,17744,0
18354,25709,113641,0
18355,80983,28186,0
18356,42537,12115,0
18357,123669,101410,0
18358,71055,118043,0
18359,111995,139190,0
18360,22903,14675,0
18361,24979,14672,0
18362,115740,94780,0
18363,19349,60171,0
18364,110102,10330,0
18365,95651,135700,0
18366,120734,25956,0
18367,82784,84251,0
18368,140012,71934,0
18369,55184,21798,0
18370,18824,34552,0
18371,31970,145190,0
18372,3390,54702,0
18373,116936,148513,0
18374,37132,87581,0
18375,136882,116888,0
18376,57968,11755,0
18377,115732,72545,0
18378,5110,100924,0
18379,67894,91884,0
18380,133958,6484,0
18381,143957,32435,0
18382,127855,116424,0
18383,84083,131878,0
18384,138126,6642,0
18385,30008,83796,0
18386,69693,81621,0
18387,19542,127063,0
18388,74501,152273,0
18389,108406,34336,0
18390,106238,40316,0
18391,92840,3383,0
18392,102994,137447,0
18393,19349,125607,0
18394,22988,103631,0
18395,106711,130288,0
18396,110152,96052,0
18397,131388,33327,0
18398,14542,57568,0
18399,82912,80349,0
18400,49445,47298,0
18401,154376,115425,0
18402,114191,66368,0
18403,44610,123331,0
18404,33829,47808,0
18405,82925,62881,0
18406,14699,136687,0
18407,28823,83725,0
18408,124211,103650,0
18409,138579,123215,0
18410,126539,40087,0
18411,95441,131911,0
18412,47629,22277,0
18413,105462,86287,0
18414,47198,46555,0
18415,112380,75453,0
18416,36003,68065,0
18417,152413,4365,0
18418,42174,86783,0
18419,38394,26521,0
18420,127612,72279,0
18421,153505,121835,0
18422,101480,74028,0
18423,42339,97824,0
18424,117002,21327,0
18425,90516,69404,0
18426,44725,132152,0
18427,79191,122117,0
18428,38653,23009,0
18429,152655,11966,0
18430,98184,14116,0
18431,1778,66285,0
18432,110702,10231,0
18433,102095,152902,0
18434,128696,106554,0
18435,77007,150378,0
18436,86809,113878,0
18437,90112,89231,0
18438,142670,108728,0
18439,43527,100326,0
18440,18806,115084,0
18441,136241,22029,0
18442,19234,80402,0
18443,8199,148417,0
18444,47567,92795,0
18445,72364,147000,0
18446,3937,19063,0
18447,135869,56324,0
18448,106471,33798,0
18449,5288,60972,0
18450,88661,71476,0
18451,109946,147920,0
18452,24860,150083,0
18453,125939,31544,0
18454,52538,20417,0
18455,35072,117511,0
18456,106650,115291,0
18457,144204,25771,0
18458,78480,52898,0
18459,9275,146073,0
18460,32281,41455,0
18461,155048,53256,0
18462,9742,35672,0
18463,150945,64721,0
18464,20555,135561,0
18465,115440,149539,0
18466,71234,125778,0
18467,105108,3554,0
18468,81686,104452,0
18469,64575,56977,0
18470,125702,97542,0
18471,127545,77320,0
18472,144708,77450,0
18473,119163,75834,0
18474,51628,127924,0
18475,145649,50328,0
18476,38296,2162,0
18477,39876,131608,0
18478,65391,84720,0
18479,139840,113259,0
18480,63,113281,0
18481,129346,109848,0
18482,18517,77553,0
18483,24526,129918,0
18484,31713,104046,0
18485,4800,32039,0
18486,81849,104078,0
18487,111299,96554,0
18488,93017,138238,0
18489,75278,152646,0
18490,151219,42427,0
18491,7381,76115,0
18492,103363,21608,0
18493,144055,132433,0
18494,78384,70408,0
18495,128211,94657,0
18496,4874,62941,0
18497,139760,150935,0
18498,33502,140965,0
18499,102490,62093,0
18500,137997,15346,0
18501,115138,61738,0
18502,88367,74405,0
18503,88242,2247,0
18504,77699,133654,0
18505,67698,46558,0
18506,100822,114736,0
18507,25990,144212,0
18508,154896,89499,0
18509,151166,84991,0
18510,123013,152108,0
18511,119863,118622,0
18512,148697,738,0
18513,139290,110557,0
18514,125061,130351,0
18515,51686,27273,0
18516,38500,49448,0
18517,97998,69237,0
18518,42147,20560,0
18519,407,36187,0
18520,60224,121118,0
18521,153848,91732,0
18522,76393,95631,0
18523,139971,80532,0
18524,120983,116693,0
18525,41031,93312,0
18526,132267,63078,0
18527,46088,60054,0
18528,22606,103801,0
18529,58227,102891,0
18530,131512,138825,0
18531,155066,68112,0
18532,63779,5426,0
18533,62348,11996,0
18534,147903,138859,0
18535,97957,35475,0
18536,4681,70054,0
18537,34159,65240,0
18538,40436,151226,0
18539,141079,108315,0
18540,102694,23007,0
18541,121866,53788,0
18542,43208,141756,0
18543,86621,8984,0
18544,69735,111787,0
18545,130071,68064,0
18546,81181,132399,0
18547,76561,146843,0
18548,120028,135843,0
18549,124049,34689,0
18550,95108,65960,0
18551,72908,123123,0
18552,127176,8521,0
18553,30716,51314,0
18554,45046,65080,0
18555,11538,28355,0
18556,60037,87424,0
18557,44497,137159,0
18558,80937,120031,0
18559,98201,98864,0
18560,24545,124344,0
18561,126254,90522,0
18562,15123,92903,0
18563,49871,117771,0
18564,89930,40553,0
18565,46138,75258,0
18566,50060,65696,0
18567,16803,123035,0
18568,8543,93566,0
18569,1975,122289,0
18570,154304,58097,0
18571,26342,11088,0
18572,89352,115819,0
18573,148155,44234,0
18574,114573,91001,0
18575,31517,35129,0
18576,70858,44302,0
18577,29346,92019,0
18578,38377,107987,0
18579,88726,39934,0
18580,22673,105539,0
18581,6133,124174,0
18582,148398,80928,0
18583,103404,41455,0
18584,47829,36421,0
18585,138216,49383,0
18586,80706,66960,0
18587,7528,151732,0
18588,29485,119991,0
18589,131010,121212,0
18590,756,58860,0
18591,99203,97656,0
18592,32711,84692,0
18593,68188,13262,0
18594,145501,52122,0
18595,139408,34494,0
18596,51242,131087,0
18597,31937,4460,0
18598,139510,90342,0
18599,78548,102476,0
18600,133660,129125,0
18601,28679,23324,0
18602,55702,127656,0
18603,134774,63204,0
18604,152055,114198,0
18605,52779,37602,0
18606,142467,153160,0
18607,86990,132282,0
18608,33970,8954,0
18609,101069,91743,0
18610,30821,11922,0
18611,109493,35450,0
18612,58325,31396,0
18613,108049,75564,0
18614,59681,44440,0
18615,89129,18190,0
18616,37240,82338,0
18617,33274,34795,0
18618,43589,78905,0
18619,130713,75074,0
18620,35479,69338,0
18621,51287,64941,0
18622,137526,76845,0
18623,65129,96601,0
18624,65456,121543,0
18625,153117,109347,0
18626,2905,27323,0
18627,123430,38640,0
18628,111763,86748,0
18629,139115,87388,0
18630,15282,57811,0
18631,25256,33989,0
18632,142029,26906,0
18633,34253,62331,0
18634,12098,95929,0
18635,45046,93874,0
18636,85866,98319,0
18637,12497,142283,0
18638,46190,30621,0
18639,9085,112926,0
18640,146950,145256,0
18641,63779,82460,0
18642,26669,146202,0
18643,137146,42656,0
18644,55145,123833,0
18645,86916,110053,0
18646,85074,84692,0
18647,10394,110439,0
18648,94097,155189,0
18649,93872,75624,0
18650,84996,87050,0
18651,116800,40489,0
18652,100691,78501,0
18653,141293,37528,0
18654,77423,149295,0
18655,33648,52313,0
18656,147679,107917,0
18657,106544,91035,0
18658,61256,152361,0
18659,26468,121528,0
18660,43767,80014,0
18661,128002,152925,0
18662,151468,56074,0
18663,46955,114936,0
18664,98554,137254,0
18665,88116,29060,0
18666,48826,53244,0
18667,37726,69481,0
18668,154947,2422,0
18669,41609,68037,0
18670,1793,91004,0
18671,138658,50708,0
18672,146947,80801,0
18673,155138,83726,0
18674,131239,23799,0
18675,44684,150722,0
18676,130867,88272,0
18677,4597,55910,0
18678,86153,66483,0
18679,18961,132975,0
18680,55879,32401,0
18681,829,111240,0
18682,129019,31074,0
18683,131630,17532,0
18684,136887,13002,0
18685,94412,67262,0
18686,39363,27532,0
18687,81781,110359,0
18688,21959,37155,0
18689,118083,31259,0
18690,3804,53459,0
18691,68238,128665,0
18692,108498,76123,0
18693,2113,109898,0
18694,137382,41505,0
18695,23896,82003,0
18696,105204,22557,0
18697,42584,143363,0
18698,49555,13896,0
18699,6967,62865,0
18700,38586,3309,0
18701,116431,47830,0
18702,13202,114947,0
18703,68630,47736,0
18704,154561,153056,0
18705,75429,16005,0
18706,81948,38965,0
18707,28150,99078,0
18708,21850,108602,0
18709,101560,81603,0
18710,142000,16207,0
18711,38787,3248,0
18712,1108,140712,0
18713,52365,68583,0
18714,52184,137322,0
18715,55677,26433,0
18716,126310,54158,0
18717,102809,50795,0
18718,121154,120361,0
18719,53988,149563,0
18720,7247,112399,0
18721,3479,9599,0
18722,69163,105479,0
18723,133698,123968,0
18724,131648,70989,0
18725,114952,87610,0
18726,126110,84062,0
18727,26246,111795,0
18728,14001,3042,0
18729,100723,106093,0
18730,17522,129793,0
18731,19960,71892,0
18732,63781,81133,0
18733,24903,38327,0
18734,67676,133707,0
18735,119927,152003,0
18736,70121,64551,0
18737,38365,42892,0
18738,26046,7938,0
18739,47885,71763,0
18740,73086,132945,0
18741,134597,150698,0
18742,148881,24473,0
18743,84343,62800,0
18744,116215,48299,0
18745,53324,108726,0
18746,107185,125748,0
18747,33948,146583,0
18748,68913,18112,0
18749,134457,124506,0
18750,65393,94362,0
18751,51025,47937,0
18752,73727,20038,0
18753,96473,71258,0
18754,7239,84894,0
18755,145966,130100,0
18756,123621,106884,0
18757,30115,23858,0
18758,91627,36510,0
18759,47679,123441,0
18760,75502,50806,0
18761,130014,69806,0
18762,15628,143557,0
18763,108730,115929,0
18764,100271,51837,0
18765,47305,99488,0
18766,42957,79083,0
18767,69275,55537,0
18768,78919,146954,0
18769,137013,150547,0
18770,96263,134246,0
18771,125883,89822,0
18772,141382,151128,0
18773,103620,50263,0
18774,21012,70304,0
18775,152289,395,0
18776,40537,76537,0
18777,59191,101062,0
18778,3373,100265,0
18779,27229,94147,0
18780,128054,124792,0
18781,67787,107916,0
18782,153206,96133,0
18783,71263,113075,0
18784,58283,11103,0
18785,18081,124921,0
18786,73440,149379,0
18787,10987,26005,0
18788,1433,99429,0
18789,103874,57840,0
18790,44082,120450,0
18791,100847,113747,0
18792,49834,108659,0
18793,7200,20728,0
18794,25082,110976,0
18795,66693,86463,0
18796,68218,136344,0
18797,58973,152113,0
18798,25195,3155,0
18799,125645,109692,0
18800,7628,68497,0
18801,51163,127695,0
18802,87942,44357,0
18803,43508,6772,0
18804,82115,58335,0
18805,151713,151787,0
18806,2917,67916,0
18807,113737,146558,0
18808,70123,149958,0
18809,64349,10839,0
18810,79158,85524,0
18811,64010,135065,0
18812,86071,43204,0
18813,134514,51666,0
18814,111521,153757,0
18815,36282,124577,0
18816,62362,44132,0
18817,5516,1363,0
18818,52744,154350,0
18819,67498,86097,0
18820,56057,149515,0
18821,10681,48815,0
18822,74707,20563,0
18823,140131,31240,0
18824,6939,56886,0
18825,126670,74333,0
18826,15145,94422,0
18827,34513,138829,0
18828,45586,134397,0
18829,116164,73271,0
18830,32151,58643,0
18831,108790,35865,0
18832,69584,36375,0
18833,107549,100580,0
18834,24068,127814,0
18835,106605,137045,0
18836,29818,134635,0
18837,41453,150696,0
18838,18783,73318,0
18839,148363,38676,0
18840,54550,75390,0
18841,130694,101613,0
18842,138973,14263,0
18843,140087,34840,0
18844,4748,129139,0
18845,23221,56112,0
18846,120026,116458,0
18847,27052,150605,0
18848,20400,74608,0
18849,67372,24368,0
18850,61472,14497,0
18851,137630,78779,0
18852,154487,109441,0
18853,42615,67833,0
18854,124694,147046,0
18855,130192,117009,0
18856,45939,104253,0
18857,17808,119481,0
18858,84933,108614,0
18859,10919,23865,0
18860,63213,43101,0
18861,123448,50166,0
18862,117348,106945,0
18863,70282,141470,0
18864,69627,30982,0
18865,11644,120734,0
18866,44124,55868,0
18867,150992,122721,0
18868,14955,151513,0
18869,41871,134215,0
18870,39011,86034,0
18871,33534,6079,0
18872,98438,80195,0
18873,112746,41762,0
18874,89634,74039,0
18875,127466,112565,0
18876,85747,33773,0
18877,49005,54056,0
18878,74990,129421,0
18879,6929,17636,0
18880,140199,12399,0
18881,133465,153854,0
18882,68016,108740,0
18883,29878,145526,0
18884,26889,154449,0
18885,155190,151320,0
18886,30587,39109,0
18887,19001,3119,0
18888,145583,127235,0
18889,12896,32005,0
18890,27851,15887,0
18891,49417,23492,0
18892,71776,12444,0
18893,37942,34481,0
18894,93487,40178,0
18895,92258,24268,0
18896,142081,136518,0
18897,71360,11576,0
18898,139561,142651,0
18899,73880,22153,0
18900,16119,55553,0
18901,119461,138454,0
18902,101918,19530,0
18903,130879,132078,0
18904,44689,78885,0
18905,68303,100460,0
18906,102443,94431,0
18907,45922,81931,0
18908,64594,53448,0
18909,133,1328,0
18910,89083,89102,0
18911,77632,27,0
18912,140046,31396,0
18913,118337,38656,0
18914,36733,5722,0
18915,59988,30771,0
18916,23447,29252,0
18917,63125,105973,0
18918,2704,3119,0
18919,97080,78374,0
18920,17303,119995,0
18921,88186,4499,0
18922,55616,3915,0
18923,96502,134288,0
18924,92866,14835,0
18925,137973,128566,0
18926,119994,41767,0
18927,19955,40816,0
18928,32306,133210,0
18929,144595,41437,0
18930,127121,6661,0
18931,115935,81865,0
18932,35064,89652,0
18933,99469,120197,0
18934,53644,52537,0
18935,134384,132266,0
18936,84861,28288,0
18937,122457,9379,0
18938,17809,85020,0
18939,42339,137850,0
18940,92640,97553,0
18941,78895,17665,0
18942,119254,7682,0
18943,28158,77854,0
18944,55367,135955,0
18945,102906,44175,0
18946,82660,96548,0
18947,141688,47552,0
18948,73794,26438,0
18949,120432,32980,0
18950,73652,83435,0
18951,51108,96780,0
18952,139624,35331,0
18953,81059,143802,0
18954,123566,139623,0
18955,129364,95210,0
18956,137745,145565,0
18957,139711,25182,0
18958,126667,115132,0
18959,55145,112980,0
18960,54985,117864,0
18961,130086,54669,0
18962,20832,59404,0
18963,7972,118826,0
18964,137581,38534,0
18965,108059,5226,0
18966,143144,17556,0
18967,28951,118558,0
18968,121511,141946,0
18969,2424,81790,0
18970,92333,103467,0
18971,77115,131618,0
18972,127409,126832,0
18973,4688,33051,0
18974,57870,61440,0
18975,31886,18564,0
18976,69469,13369,0
18977,115318,48187,0
18978,98340,120546,0
18979,43606,44460,0
18980,70570,122928,0
18981,100547,61833,0
18982,93288,150772,0
18983,120373,33036,0
18984,120439,70505,0
18985,5230,142559,0
18986,23407,46367,0
18987,47423,99006,0
18988,7614,18069,0
18989,67514,75384,0
18990,40558,116072,0
18991,116090,110812,0
18992,153239,15236,0
18993,15866,43658,0
18994,746,151729,0
18995,58616,107752,0
18996,109374,23997,0
18997,84828,124728,0
18998,81458,8705,0
18999,134697,80203,0
19000,48499,76690,0
19001,66553,86084,0
19002,95258,139645,0
19003,101096,24601,0
19004,138766,92023,0
19005,65368,60664,0
19006,43035,36420,0
19007,155122,24477,0
19008,82538,114196,0
19009,71374,133314,0
19010,4638,3209,0
19011,126273,68576,0
19012,140786,103182,0
19013,79112,4719,0
19014,34856,65060,0
19015,74156,86978,0
19016,146664,70928,0
19017,100547,94177,0
19018,118744,140271,0
19019,122228,98870,0
19020,144242,150764,0
19021,41008,32504,0
19022,122941,15077,0
19023,37525,152901,0
19024,121853,118221,0
19025,122031,46635,0
19026,94400,84751,0
19027,104446,118122,0
19028,65216,105561,0
19029,76758,130621,0
19030,153740,1525,0
19031,61923,139446,0
19032,99282,151909,0
19033,120062,48010,0
19034,102814,24502,0
19035,62669,48217,0
19036,108406,29033,0
19037,21018,98295,0
19038,144374,17830,0
19039,142031,13857,0
19040,29395,70300,0
19041,138628,120719,0
19042,8606,8893,0
19043,137364,13950,0
19044,38141,67709,0
19045,30929,104675,0
19046,114852,79598,0
19047,60435,61869,0
19048,87031,39392,0
19049,143078,47743,0
19050,142095,109825,0
19051,113589,47119,0
19052,33346,109769,0
19053,77065,46241,0
19054,14844,154026,0
19055,19837,36766,0
19056,9990,40786,0
19057,31772,30264,0
19058,111041,114964,0
19059,2726,148121,0
19060,38370,151125,0
19061,13839,147647,0
19062,127396,83428,0
19063,153108,132660,0
19064,100704,134624,0
19065,59992,54856,0
19066,82929,41067,0
19067,36621,147831,0
19068,49066,18610,0
19069,10108,2203,0
19070,98464,63777,0
19071,2923,31361,0
19072,104858,7733,0
19073,10443,76354,0
19074,143869,153880,0
19075,47865,24666,0
19076,21134,146550,0
19077,91090,66089,0
19078,102099,73808,0
19079,27214,87992,0
19080,62254,110056,0
19081,13033,28437,0
19082,122025,48915,0
19083,119132,56473,0
19084,54365,154236,0
19085,52564,7271,0
19086,118172,8522,0
19087,68645,46722,0
19088,37492,15236,0
19089,63698,117878,0
19090,2052,118254,0
19091,48931,57186,0
19092,32174,82567,0
19093,139960,98629,0
19094,98425,107499,0
19095,114643,110350,0
19096,52471,146943,0
19097,18619,143788,0
19098,104988,105521,0
19099,102364,90680,0
19100,139843,92926,0
19101,26669,79719,0
19102,7806,133480,0
19103,34532,142065,0
19104,52083,21143,0
19105,7087,61112,0
19106,93954,33961,0
19107,67427,86392,0
19108,83532,42615,0
19109,71911,60158,0
19110,137842,33270,0
19111,60206,31185,0
19112,39040,16255,0
19113,28910,68234,0
19114,41671,154875,0
19115,120257,91761,0
19116,98914,5072,0
19117,147966,51454,0
19118,40491,28983,0
19119,109789,69874,0
19120,101596,78361,0
19121,58642,95009,0
19122,124586,31235,0
19123,22016,60290,0
19124,154553,70059,0
19125,25974,76631,0
19126,131042,14284,0
19127,69757,64420,0
19128,13001,129988,0
19129,36637,152885,0
19130,33309,9408,0
19131,59959,30571,0
19132,22644,43060,0
19133,61284,150679,0
19134,134530,114591,0
19135,118846,2730,0
19136,33843,16196,0
19137,123799,125187,0
19138,74004,29209,0
19139,94840,129114,0
19140,23858,79200,0
19141,12846,84412,0
19142,22813,45333,0
19143,14000,115709,0
19144,6076,154159,0
19145,30984,58527,0
19146,105699,145048,0
19147,142568,138690,0
19148,154896,37911,0
19149,40434,26201,0
19150,4389,90378,0
19151,42569,23484,0
19152,128452,120721,0
19153,97711,139033,0
19154,68084,143424,0
19155,28195,1337,0
19156,123979,9432,0
19157,50689,36642,0
19158,98437,60005,0
19159,104290,25239,0
19160,152404,94376,0
19161,142249,18130,0
19162,65149,141636,0
19163,43968,33067,0
19164,120934,28840,0
19165,129916,16563,0
19166,124408,91455,0
19167,116040,10363,0
19168,23708,152789,0
19169,8157,75184,0
19170,32028,150907,0
19171,22454,145146,0
19172,155013,155003,0
19173,143052,2496,0
19174,58748,111957,0
19175,116830,140273,0
19176,99026,25282,0
19177,99611,66274,0
19178,17559,146477,0
19179,88090,82810,0
19180,118852,93719,0
19181,43623,133094,0
19182,145915,61205,0
19183,150599,102749,0
19184,20281,15822,0
19185,75523,138829,0
19186,88517,16179,0
19187,52136,150216,0
19188,82136,106046,0
19189,108242,40953,0
19190,10066,151669,0
19191,70801,65897,0
19192,45836,53243,0
19193,80372,72903,0
19194,151465,108890,0
19195,137317,105418,0
19196,142983,132777,0
19197,110759,95215,0
19198,1993,37828,0
19199,122927,140065,0
19200,13126,90945,0
19201,49950,43238,0
19202,35994,110818,0
19203,17104,111546,0
19204,74249,80179,0
19205,133134,119441,0
19206,91931,70810,0
19207,56361,71108,0
19208,118682,107749,0
19209,154281,79751,0
19210,105721,56048,0
19211,8925,27557,0
19212,21363,68380,0
19213,62761,32981,0
19214,136162,98810,0
19215,116220,31622,0
19216,68777,80874,0
19217,112401,76314,0
19218,111685,150870,0
19219,65132,6646,0
19220,120615,87488,0
19221,70048,81099,0
19222,27284,116352,0
19223,19436,55987,0
19224,16956,8470,0
19225,10918,3396,0
19226,148126,14611,0
19227,151921,100597,0
19228,70146,44543,0
19229,58341,131313,0
19230,153843,31507,0
19231,21595,141264,0
19232,3821,92928,0
19233,51199,38996,0
19234,90514,91617,0
19235,129120,93630,0
19236,135003,126361,0
19237,6849,14574,0
19238,148906,25664,0
19239,132131,36911,0
19240,76624,71236,0
19241,140646,96546,0
19242,98472,111845,0
19243,78292,78487,0
19244,113614,3911,0
19245,14437,47010,0
19246,153626,7676,0
19247,127815,66913,0
19248,67334,69694,0
19249,51411,77462,0
19250,60765,70428,0
19251,14195,38199,0
19252,53008,77787,0
19253,1108,57207,0
19254,100525,60643,0
19255,10710,7671,0
19256,70897,44049,0
19257,94101,6673,0
19258,93369,102633,0
19259,130298,16169,0
19260,155147,77464,0
19261,6988,96363,0
19262,23893,53322,0
19263,120634,78307,0
19264,69799,70945,0
19265,59887,106714,0
19266,150,70973,0
19267,95690,27313,0
19268,139203,53778,0
19269,23987,48960,0
19270,81358,87723,0
19271,86291,4233,0
19272,14584,77440,0
19273,41930,32732,0
19274,121011,10963,0
19275,18608,23152,0
19276,39235,116054,0
19277,107279,7004,0
19278,136805,23180,0
19279,45893,42103,0
19280,1895,127761,0
19281,65523,82226,0
19282,112409,94177,0
19283,24712,95896,0
19284,121775,68943,0
19285,15238,123632,0
19286,73710,67231,0
19287,6591,120877,0
19288,71271,109393,0
19289,146321,54229,0
19290,65769,89209,0
19291,52179,28506,0
19292,127248,136992,0
19293,63742,133067,0
19294,138750,92343,0
19295,88518,83955,0
19296,138862,22884,0
19297,80834,31567,0
19298,62374,61266,0
19299,111663,39134,0
19300,5790,24177,0
19301,135156,110989,0
19302,26095,90495,0
19303,120615,13975,0
19304,1635,27183,0
19305,80302,80497,0
19306,134079,9726,0
19307,25185,10413,0
19308,148657,9004,0
19309,154344,136560,0
19310,63080,132807,0
19311,118914,29401,0
19312,107346,24669,0
19313,148651,12243,0
19314,13686,57756,0
19315,39776,129741,0
19316,103115,26495,0
19317,36239,8807,0
19318,16729,104343,0
19319,72460,129976,0
19320,65560,92796,0
19321,51763,115756,0
19322,29087,135006,0
19323,30133,153517,0
19324,118822,105579,0
19325,32905,29851,0
19326,59242,56084,0
19327,53893,34756,0
19328,41108,94582,0
19329,69438,148413,0
19330,34334,108574,0
19331,29177,107080,0
19332,65118,34481,0
19333,72792,6387,0
19334,141866,123707,0
19335,84677,126441,0
19336,27053,118556,0
19337,66791,148963,0
19338,115251,71247,0
19339,123752,117023,0
19340,35851,20504,0
19341,116875,70076,0
19342,87899,121050,0
19343,115607,101556,0
19344,136313,130628,0
19345,116889,54733,0
19346,123162,11434,0
19347,88728,134090,0
19348,137266,28105,0
19349,6068,31988,0
19350,64552,71553,0
19351,93161,117914,0
19352,71569,86048,0
19353,112776,85372,0
19354,26135,47111,0
19355,65071,13660,0
19356,586,142944,0
19357,95783,70951,0
19358,139845,53109,0
19359,82172,49807,0
19360,53170,117107,0
19361,122819,10803,0
19362,105866,22875,0
19363,108815,87897,0
19364,47865,141952,0
19365,150329,1146,0
19366,10020,95738,0
19367,140855,93380,0
19368,142170,36949,0
19369,9049,127944,0
19370,109497,55274,0
19371,46131,73761,0
19372,105548,29403,0
19373,75245,125160,0
19374,142449,133734,0
19375,91580,33630,0
19376,95978,117125,0
19377,4176,77874,0
19378,22402,104872,0
19379,51102,103477,0
19380,90945,55002,0
19381,27297,123228,0
19382,124993,76160,0
19383,105204,141165,0
19384,99990,34,0
19385,73795,104543,0
19386,12223,48828,0
19387,126776,120247,0
19388,85480,74579,0
19389,105150,147092,0
19390,83504,75878,0
19391,20357,145790,0
19392,92700,111517,0
19393,73828,108054,0
19394,144411,39860,0
19395,8535,113492,0
19396,111822,154933,0
19397,81742,129399,0
19398,26517,85980,0
19399,108948,50722,0
19400,2666,131454,0
19401,148505,105053,0
19402,136262,149170,0
19403,59376,114591,0
19404,79773,134594,0
19405,10422,102208,0
19406,149961,140482,0
19407,7484,771,0
19408,74210,57598,0
19409,137316,128659,0
19410,18354,37278,0
19411,31550,143003,0
19412,51384,72362,0
19413,73819,131139,0
19414,31537,66249,0
19415,41147,30726,0
19416,74931,143348,0
19417,60084,125014,0
19418,62583,70825,0
19419,113656,129611,0
19420,68,127196,0
19421,42628,99057,0
19422,33708,112440,0
19423,15216,121390,0
19424,153451,100515,0
19425,27459,141775,0
19426,22212,99445,0
19427,105635,58842,0
19428,103312,69268,0
19429,54864,5998,0
19430,120534,62696,0
19431,59545,34656,0
19432,65287,46649,0
19433,12861,2828,0
19434,32,72679,0
19435,134816,136256,0
19436,143365,147756,0
19437,1066,117442,0
19438,1826,93877,0
19439,144865,16843,0
19440,31949,111979,0
19441,68603,1978,0
19442,49357,32550,0
19443,11275,46558,0
19444,21067,137604,0
19445,27667,143889,0
19446,57158,120859,0
19447,47248,18264,0
19448,118856,24090,0
19449,90351,137088,0
19450,27824,31321,0
19451,37112,42039,0
19452,20494,53331,0
19453,74190,11057,0
19454,141866,76346,0
19455,138973,99235,0
19456,89424,151867,0
19457,61038,91646,0
19458,124122,60902,0
19459,85295,12625,0
19460,44061,98840,0
19461,22953,121112,0
19462,20898,152599,0
19463,133849,19669,0
19464,78133,57889,0
19465,50508,26003,0
19466,144937,150053,0
19467,28695,128474,0
19468,122274,145666,0
19469,513,22704,0
19470,18901,123658,0
19471,150007,139366,0
19472,112373,17334,0
19473,147619,28244,0
19474,33316,98157,0
19475,21953,151558,0
19476,75811,79510,0
19477,130317,45386,0
19478,136084,138761,0
19479,66572,20732,0
19480,148622,67343,0
19481,55921,68744,0
19482,126198,77453,0
19483,18693,143117,0
19484,85437,61878,0
19485,43887,71796,0
19486,125073,35236,0
19487,141613,79390,0
19488,58881,94706,0
19489,12002,64691,0
19490,5877,155003,0
19491,80028,47527,0
19492,16032,61476,0
19493,148834,86538,0
19494,7955,39311,0
19495,43757,132299,0
19496,118422,61920,0
19497,84129,40382,0
19498,110859,67110,0
19499,38545,136892,0
19500,23675,91701,0
19501,35234,87021,0
19502,39474,29364,0
19503,93773,130026,0
19504,75721,38831,0
19505,27351,121745,0
19506,114411,23704,0
19507,110009,440,0
19508,27302,97356,0
19509,135773,47883,0
19510,52827,15526,0
19511,45290,43602,0
19512,87703,86423,0
19513,34867,64736,0
19514,114870,67027,0
19515,15145,33148,0
19516,140313,4598,0
19517,143642,10045,0
19518,135853,1174,0
19519,26437,50994,0
19520,133791,143129,0
19521,135312,29808,0
19522,153239,9929,0
19523,152333,92090,0
19524,70926,39586,0
19525,19602,19337,0
19526,74569,135161,0
19527,89372,35550,0
19528,79802,24838,0
19529,70791,402,0
19530,80370,131608,0
19531,128692,89676,0
19532,122778,7395,0
19533,50568,15069,0
19534,129457,98034,0
19535,272,61988,0
19536,78488,86779,0
19537,39416,141367,0
19538,91066,114032,0
19539,138696,3252,0
19540,66912,148174,0
19541,100725,152927,0
19542,98414,49237,0
19543,54830,69389,0
19544,129224,136321,0
19545,27478,88541,0
19546,133247,12588,0
19547,90241,6563,0
19548,90411,110372,0
19549,121922,139803,0
19550,77334,8711,0
19551,121347,112070,0
19552,98391,134408,0
19553,54708,140442,0
19554,109732,9899,0
19555,52115,65265,0
19556,153685,3011,0
19557,104323,90726,0
19558,145511,135901,0
19559,58923,55115,0
19560,130900,41249,0
19561,146709,125005,0
19562,561,58995,0
19563,69940,131561,0
19564,26728,58100,0
19565,58301,90295,0
19566,122828,126180,0
19567,88793,25764,0
19568,140550,119004,0
19569,75690,153095,0
19570,91922,42939,0
19571,98036,120707,0
19572,102803,38306,0
19573,11854,108204,0
19574,19234,89501,0
19575,93450,42159,0
19576,142386,122571,0
19577,68534,130996,0
19578,43796,10427,0
19579,40690,57314,0
19580,58401,665,0
19581,30615,108621,0
19582,122106,15564,0
19583,63728,148061,0
19584,122363,38470,0
19585,140215,96201,0
19586,56519,7830,0
19587,7132,49569,0
19588,131942,45398,0
19589,46051,1229,0
19590,142767,113214,0
19591,149245,74702,0
19592,58973,27218,0
19593,30584,80464,0
19594,10966,41806,0
19595,153348,74004,0
19596,93551,127691,0
19597,60206,102909,0
19598,88692,120664,0
19599,24549,21212,0
19600,46798,80490,0
19601,36913,69459,0
19602,116073,154778,0
19603,44209,34227,0
19604,71768,35476,0
19605,44038,117036,0
19606,81286,129070,0
19607,138636,89248,0
19608,118638,102228,0
19609,62628,124432,0
19610,4511,47665,0
19611,137560,148107,0
19612,104963,35395,0
19613,128989,120110,0
19614,70163,14805,0
19615,81313,25608,0
19616,151833,27838,0
19617,23495,150829,0
19618,20347,130707,0
19619,38050,138518,0
19620,27830,60687,0
19621,9377,137251,0
19622,74685,76872,0
19623,116158,2847,0
19624,145277,94734,0
19625,93145,114867,0
19626,76035,98052,0
19627,131706,40391,0
19628,1243,46852,0
19629,135731,69574,0
19630,95312,138913,0
19631,51749,80843,0
19632,24986,146817,0
19633,61255,30415,0
19634,53304,149819,0
19635,90432,91885,0
19636,154570,48553,0
19637,107839,102824,0
19638,96174,33672,0
19639,57277,84729,0
19640,97319,25984,0
19641,74703,111069,0
19642,69205,113911,0
19643,107760,79659,0
19644,104781,99192,0
19645,7299,35937,0
19646,74327,152809,0
19647,152347,118776,0
19648,72299,139857,0
19649,27114,31475,0
19650,52893,70509,0
19651,119400,128523,0
19652,5010,70791,0
19653,23859,41326,0
19654,153636,145678,0
19655,26738,128046,0
19656,149764,126329,0
19657,128261,102050,0
19658,96668,49150,0
19659,110733,105583,0
19660,78174,80382,0
19661,36917,241,0
19662,26824,93268,0
19663,11580,37347,0
19664,65783,65443,0
19665,5913,82508,0
19666,1613,33022,0
19667,117782,131402,0
19668,143777,95652,0
19669,87175,43735,0
19670,124769,18509,0
19671,126814,61743,0
19672,125662,117608,0
19673,72225,25380,0
19674,136524,147853,0
19675,87374,63283,0
19676,39731,22315,0
19677,140314,99410,0
19678,2822,40458,0
19679,75972,63633,0
19680,92707,49279,0
19681,138171,23011,0
19682,91762,16386,0
19683,52781,117170,0
19684,70174,49556,0
19685,41365,102689,0
19686,60247,75933,0
19687,16092,126218,0
19688,139263,882,0
19689,70811,45618,0
19690,15758,92102,0
19691,135244,123998,0
19692,29113,109873,0
19693,10309,71204,0
19694,48467,11283,0
19695,41532,12697,0
19696,70003,79193,0
19697,154242,87861,0
19698,42228,101279,0
19699,39764,84399,0
19700,115649,65332,0
19701,142016,9270,0
19702,128654,153815,0
19703,36281,1698,0
19704,32760,80614,0
19705,22130,33956,0
19706,53438,29112,0
19707,54552,72544,0
19708,137201,140642,0
19709,19622,142596,0
19710,138225,75944,0
19711,148491,86703,0
19712,124068,26121,0
19713,27630,68964,0
19714,84110,108712,0
19715,73234,148029,0
19716,127033,69845,0
19717,116965,44979,0
19718,100864,32595,0
19719,38090,104657,0
19720,121330,73395,0
19721,128739,127820,0
19722,125322,144273,0
19723,91310,22420,0
19724,97722,81294,0
19725,33071,115071,0
19726,48338,128289,0
19727,109206,39003,0
19728,38427,7554,0
19729,13966,132637,0
19730,57483,42549,0
19731,97801,62519,0
19732,30504,153980,0
19733,109178,149095,0
19734,100278,7475,0
19735,124821,113124,0
19736,121325,152128,0
19737,45699,92461,0
19738,52446,54278,0
19739,61624,74313,0
19740,85710,109547,0
19741,20212,80450,0
19742,105203,8752,0
19743,122510,147520,0
19744,102745,131134,0
19745,126066,150696,0
19746,48067,145269,0
19747,61741,61892,0
19748,15923,122069,0
19749,63337,29709,0
19750,13084,106309,0
19751,140625,93649,0
19752,73256,54002,0
19753,23604,131803,0
19754,122690,150576,0
19755,83140,67049,0
19756,117586,96436,0
19757,128440,100409,0
19758,137874,25091,0
19759,92804,53625,0
19760,116492,68568,0
19761,125328,96833,0
19762,115479,48233,0
19763,86086,795,0
19764,14967,96428,0
19765,7668,147513,0
19766,95862,1545,0
19767,4713,106695,0
19768,77594,102986,0
19769,69790,2088,0
19770,79553,44203,0
19771,37589,83586,0
19772,14320,139723,0
19773,64284,150457,0
19774,114129,29329,0
19775,111691,11171,0
19776,9429,115554,0
19777,28036,338,0
19778,102587,108332,0
19779,138965,99121,0
19780,154395,9204,0
19781,99298,21297,0
19782,148926,108667,0
19783,71003,83119,0
19784,102605,21379,0
19785,30665,80042,0
19786,87362,85800,0
19787,17190,11872,0
19788,121492,23588,0
19789,29240,97741,0
19790,41824,36229,0
19791,66988,82902,0
19792,100809,111832,0
19793,73381,145266,0
19794,104424,59130,0
19795,61153,2348,0
19796,41127,48318,0
19797,117445,125234,0
19798,35481,138351,0
19799,46548,85357,0
19800,110114,108025,0
19801,8432,19904,0
19802,19361,37292,0
19803,65365,38871,0
19804,79916,75829,0
19805,143390,48240,0
19806,125316,94947,0
19807,118765,83273,0
19808,53991,23014,0
19809,116195,42661,0
19810,26444,21323,0
19811,13015,25442,0
19812,96537,80717,0
19813,104344,41618,0
19814,150008,45983,0
19815,92918,50579,0
19816,20119,144778,0
19817,74447,25187,0
19818,60341,23717,0
19819,77451,17810,0
19820,55672,80185,0
19821,134415,121796,0
19822,58702,104389,0
19823,109839,140056,0
19824,116689,40392,0
19825,43973,123710,0
19826,132584,63534,0
19827,131252,36044,0
19828,80070,128305,0
19829,66933,129962,0
19830,84185,39267,0
19831,89036,32842,0
19832,17686,142835,0
19833,107219,55678,0
19834,83778,3266,0
19835,4579,69597,0
19836,109625,19074,0
19837,25993,3927,0
19838,110938,138319,0
19839,50349,101071,0
19840,100591,60994,0
19841,13942,22802,0
19842,50149,30122,0
19843,42155,110880,0
19844,36245,64351,0
19845,33681,26855,0
19846,122713,37239,0
19847,22795,137326,0
19848,57199,1361,0
19849,130979,97463,0
19850,115028,114750,0
19851,56410,112311,0
19852,29630,33009,0
19853,97172,114625,0
19854,66283,14943,0
19855,62113,106997,0
19856,68706,81325,0
19857,33245,114086,0
19858,96851,102655,0
19859,105998,16339,0
19860,17986,10137,0
19861,36096,121463,0
19862,109278,146631,0
19863,72501,59414,0
19864,90514,108658,0
19865,74187,24268,0
19866,109838,77669,0
19867,122890,120342,0
19868,34288,46750,0
19869,105887,25668,0
19870,55752,131023,0
19871,7154,121528,0
19872,106340,87143,0
19873,118344,14444,0
19874,91457,40519,0
19875,68380,35007,0
19876,129437,15463,0
19877,46047,93199,0
19878,3325,10041,0
19879,31542,19711,0
19880,93894,122196,0
19881,32331,25853,0
19882,29724,88301,0
19883,90738,108939,0
19884,153484,107540,0
19885,19382,85447,0
19886,21993,92007,0
19887,93349,39999,0
19888,47147,6018,0
19889,151098,43314,0
19890,8947,149191,0
19891,64595,132255,0
19892,58435,35869,0
19893,82038,91181,0
19894,87491,93824,0
19895,95126,149164,0
19896,26348,62200,0
19897,128557,119479,0
19898,68944,114272,0
19899,31606,80149,0
19900,50126,63990,0
19901,71344,48902,0
19902,75969,100915,0
19903,83826,92647,0
19904,153012,92149,0
19905,1312,14340,0
19906,67430,8009,0
19907,65545,55157,0
19908,139065,16971,0
19909,142111,73602,0
19910,30569,86246,0
19911,127739,70596,0
19912,67671,48276,0
19913,84437,131449,0
19914,113424,127373,0
19915,124038,4837,0
19916,141097,93275,0
19917,53244,113651,0
19918,107075,75182,0
19919,50373,82303,0
19920,76094,81471,0
19921,104430,143164,0
19922,31253,24844,0
19923,87942,92069,0
19924,131273,6484,0
19925,29448,149000,0
19926,76495,104775,0
19927,141217,116029,0
19928,104633,31829,0
19929,107754,17425,0
19930,25706,15584,0
19931,93829,51046,0
19932,80307,136158,0
19933,44854,109995,0
19934,52070,57223,0
19935,109926,27670,0
19936,80706,57437,0
19937,19218,99305,0
19938,127018,96001,0
19939,110111,19143,0
19940,117074,48595,0
19941,118236,93301,0
19942,137187,124741,0
19943,136204,82843,0
19944,154021,123946,0
19945,119949,81116,0
19946,73492,107431,0
19947,43504,95551,0
19948,102492,7696,0
19949,18562,136172,0
19950,65531,83979,0
19951,31229,92890,0
19952,55207,48487,0
19953,52779,118105,0
19954,98282,16733,0
19955,59698,138212,0
19956,59887,150302,0
19957,67874,59857,0
19958,135014,153134,0
19959,30129,121060,0
19960,9401,102121,0
19961,47585,27253,0
19962,48081,11711,0
19963,143591,91419,0
19964,106449,60988,0
19965,30023,2895,0
19966,47362,131418,0
19967,154684,20732,0
19968,112402,7879,0
19969,22905,134047,0
19970,134921,76883,0
19971,69846,38129,0
19972,94912,104416,0
19973,24599,65613,0
19974,130627,144970,0
19975,118129,96675,0
19976,96010,59015,0
19977,123106,150192,0
19978,108483,140157,0
19979,124944,44778,0
19980,130635,81254,0
19981,41712,99519,0
19982,84425,91769,0
19983,134559,42649,0
19984,4062,37729,0
19985,92539,41817,0
19986,83477,53095,0
19987,38945,119161,0
19988,127587,98470,0
19989,98897,16912,0
19990,26448,98423,0
19991,128169,41929,0
19992,54477,23254,0
19993,63959,29991,0
19994,50520,149491,0
19995,95121,87583,0
19996,153157,121107,0
19997,33309,97020,0
19998,69078,19804,0
19999,72812,41952,0
20000,153801,107628,0
20001,78489,4432,0
20002,85528,8999,0
20003,114922,88544,0
20004,9404,15459,0
20005,145435,146859,0
20006,68802,47298,0
20007,51057,92413,0
20008,1386,21034,0
20009,18418,71897,0
20010,108011,44707,0
20011,27373,82190,0
20012,50149,103639,0
20013,20012,29615,0
20014,88801,146372,0
20015,1906,7341,0
20016,4374,28600,0
20017,67832,17851,0
20018,121663,118117,0
20019,50307,27148,0
20020,46464,130344,0
20021,110619,122272,0
20022,16954,57741,0
20023,37737,49624,0
20024,51929,132555,0
20025,115243,128681,0
20026,57151,109970,0
20027,103571,45735,0
20028,6944,66788,0
20029,63975,110607,0
20030,19610,15828,0
20031,24509,152923,0
20032,4626,80134,0
20033,95588,140535,0
20034,21495,108284,0
20035,87771,97829,0
20036,104472,9465,0
20037,154095,31482,0
20038,150337,79877,0
20039,129081,41248,0
20040,111606,39824,0
20041,35564,40543,0
20042,87509,103199,0
20043,9694,17448,0
20044,91020,3883,0
20045,142972,81469,0
20046,50947,114967,0
20047,67087,76650,0
20048,96284,12534,0
20049,50044,45318,0
20050,101595,111472,0
20051,133832,115756,0
20052,59237,20774,0
20053,26389,19145,0
20054,97120,92642,0
20055,63432,100019,0
20056,67678,80375,0
20057,46198,123085,0
20058,25553,82295,0
20059,126346,67071,0
20060,32562,146479,0
20061,25115,101604,0
20062,98378,32534,0
20063,85142,127642,0
20064,13961,84094,0
20065,72311,73684,0
20066,473,84741,0
20067,72280,35339,0
20068,125845,132252,0
20069,65864,103205,0
20070,126058,40820,0
20071,111373,47616,0
20072,94426,89572,0
20073,121745,103487,0
20074,124211,115174,0
20075,2463,11586,0
20076,9360,97923,0
20077,67204,121160,0
20078,116455,4265,0
20079,140920,103652,0
20080,90258,4138,0
20081,147195,141196,0
20082,88514,59695,0
20083,101773,47831,0
20084,25708,100635,0
20085,47422,14641,0
20086,139424,86293,0
20087,100572,93515,0
20088,140418,40045,0
20089,83624,102127,0
20090,68474,49957,0
20091,46113,16066,0
20092,112360,12101,0
20093,98155,1294,0
20094,119782,108386,0
20095,25157,81962,0
20096,69269,33182,0
20097,94229,32290,0
20098,22933,109192,0
20099,79140,106080,0
20100,37595,95054,0
20101,135653,121807,0
20102,96200,119801,0
20103,55210,111904,0
20104,153992,68263,0
20105,67864,17400,0
20106,65348,44289,0
20107,133893,152001,0
20108,70625,94340,0
20109,111122,109923,0
20110,7666,152730,0
20111,10394,73033,0
20112,114803,96442,0
20113,6645,67835,0
20114,75515,112894,0
20115,88508,132730,0
20116,113628,3845,0
20117,73659,5635,0
20118,146851,101667,0
20119,106215,110754,0
20120,27877,145311,0
20121,150746,117882,0
20122,153003,130695,0
20123,140643,23902,0
20124,80195,51221,0
20125,133020,120358,0
20126,27402,114486,0
20127,136541,84674,0
20128,75140,33052,0
20129,10208,94845,0
20130,55675,50848,0
20131,41993,47930,0
20132,103046,12081,0
20133,25570,122191,0
20134,139148,73830,0
20135,123733,82048,0
20136,75583,134810,0
20137,63465,56741,0
20138,72819,54654,0
20139,21153,55597,0
20140,149926,138757,0
20141,33352,50994,0
20142,151396,7048,0
20143,53931,63260,0
20144,152773,84021,0
20145,88445,62187,0
20146,119261,84368,0
20147,53901,122961,0
20148,146432,127261,0
20149,120043,51308,0
20150,65411,104866,0
20151,51958,28209,0
20152,18290,46607,0
20153,120971,28148,0
20154,59002,86385,0
20155,69153,1555,0
20156,109725,132164,0
20157,147832,65834,0
20158,151414,57411,0
20159,125411,43224,0
20160,61279,9014,0
20161,22804,122938,0
20162,99678,140761,0
20163,29985,23655,0
20164,105154,135886,0
20165,14912,91457,0
20166,112764,73634,0
20167,1659,36041,0
20168,49075,123158,0
20169,117568,126384,0
20170,125267,115703,0
20171,54625,36433,0
20172,80055,17404,0
20173,142553,84649,0
20174,104693,144779,0
20175,12339,15062,0
20176,144305,71436,0
20177,146014,54323,0
20178,123671,84582,0
20179,43291,119979,0
20180,90107,112699,0
20181,84705,71958,0
20182,20096,47736,0
20183,15410,71093,0
20184,42172,43668,0
20185,80687,37468,0
20186,1667,116929,0
20187,18043,17636,0
20188,151430,44791,0
20189,78657,52678,0
20190,34355,139343,0
20191,89586,118505,0
20192,52937,122833,0
20193,141129,63658,0
20194,22145,40968,0
20195,71439,113779,0
20196,120101,112982,0
20197,4960,26582,0
20198,91395,107423,0
20199,139581,40534,0
20200,61569,105259,0
20201,56127,29321,0
20202,45523,27838,0
20203,92028,70298,0
20204,38796,69941,0
20205,141967,41853,0
20206,76467,41090,0
20207,6737,68342,0
20208,86604,20722,0
20209,46296,106637,0
20210,79485,153310,0
20211,119648,117925,0
20212,77625,85412,0
20213,2590,64334,0
20214,143428,133298,0
20215,11299,15601,0
20216,32038,99984,0
20217,105313,15822,0
20218,82419,60174,0
20219,102285,108082,0
20220,20898,149801,0
20221,90808,90751,0
20222,73513,109764,0
20223,50310,57115,0
20224,87609,128109,0
20225,104768,138316,0
20226,54548,117162,0
20227,48049,74275,0
20228,149524,48300,0
20229,695,38778,0
20230,7239,6220,0
20231,66509,9517,0
20232,145994,146180,0
20233,74026,128724,0
20234,102511,126695,0
20235,24598,147924,0
20236,48836,134594,0
20237,74535,23975,0
20238,24721,84745,0
20239,63819,109853,0
20240,12227,102132,0
20241,126948,7157,0
20242,19140,113064,0
20243,67807,62206,0
20244,74834,37333,0
20245,104678,98025,0
20246,82071,122612,0
20247,14852,15654,0
20248,133980,17228,0
20249,70862,17303,0
20250,38000,126713,0
20251,40547,220,0
20252,48690,76349,0
20253,110298,20861,0
20254,52090,23243,0
20255,65440,143341,0
20256,52232,65667,0
20257,86869,110032,0
20258,111120,30335,0
20259,134311,101212,0
20260,27220,103468,0
20261,142156,92670,0
20262,153042,34837,0
20263,22028,88319,0
20264,68833,327,0
20265,11146,57039,0
20266,42927,51438,0
20267,25235,72451,0
20268,107995,14674,0
20269,79883,31628,0
20270,89276,60180,0
20271,35100,74070,0
20272,94165,47053,0
20273,114688,76291,0
20274,57707,54917,0
20275,86163,99331,0
20276,102295,145319,0
20277,63888,73331,0
20278,62681,60015,0
20279,46919,95711,0
20280,149911,117330,0
20281,114180,30145,0
20282,90890,60062,0
20283,69097,122857,0
20284,141316,27367,0
20285,130891,132503,0
20286,139778,125248,0
20287,63255,140352,0
20288,21955,73104,0
20289,7857,57423,0
20290,122082,66169,0
20291,22790,148607,0
20292,110021,92172,0
20293,45739,19509,0
20294,26566,124184,0
20295,148337,152692,0
20296,110280,90021,0
20297,115131,58815,0
20298,39997,149931,0
20299,72182,151700,0
20300,7163,23883,0
20301,52807,51136,0
20302,5528,153948,0
20303,136503,73686,0
20304,49395,90797,0
20305,131385,108007,0
20306,82030,112152,0
20307,116920,150480,0
20308,78456,119846,0
20309,16366,71230,0
20310,144944,1902,0
20311,85004,152022,0
20312,85641,52560,0
20313,23334,125755,0
20314,25764,120591,0
20315,125717,85090,0
20316,21391,74024,0
20317,11092,136446,0
20318,87582,144959,0
20319,22179,98268,0
20320,79865,17816,0
20321,49276,110436,0
20322,137781,87910,0
20323,95106,48392,0
20324,128556,23094,0
20325,93969,5081,0
20326,45912,106404,0
20327,87995,40241,0
20328,73176,44981,0
20329,136613,62917,0
20330,96547,123617,0
20331,116589,145955,0
20332,72047,110864,0
20333,35560,185,0
20334,5496,127786,0
20335,84036,124559,0
20336,33286,13101,0
20337,22987,98960,0
20338,2914,122404,0
20339,150634,18014,0
20340,78244,48764,0
20341,154174,95056,0
20342,32480,152785,0
20343,130118,7399,0
20344,66610,4575,0
20345,12290,31737,0
20346,46402,142880,0
20347,45922,125578,0
20348,98730,124520,0
20349,118726,9348,0
20350,18919,44564,0
20351,4827,64600,0
20352,80143,94604,0
20353,18325,43147,0
20354,21617,113121,0
20355,71870,8733,0
20356,7089,9875,0
20357,16842,70953,0
20358,144722,36020,0
20359,130888,14114,0
20360,29376,9353,0
20361,37010,14033,0
20362,102643,62047,0
20363,138452,128397,0
20364,6900,119219,0
20365,99963,50378,0
20366,73348,64688,0
20367,4871,99521,0
20368,122617,106845,0
20369,46339,22343,0
20370,9401,35451,0
20371,145253,139989,0
20372,126380,155056,0
20373,42428,51583,0
20374,105103,105332,0
20375,94106,101220,0
20376,28017,148821,0
20377,90130,22054,0
20378,121076,142121,0
20379,61893,63604,0
20380,79207,141753,0
20381,85803,59508,0
20382,44221,91198,0
20383,138835,9279,0
20384,14145,131617,0
20385,82898,23510,0
20386,106786,130986,0
20387,58727,109182,0
20388,2510,60606,0
20389,64322,32203,0
20390,18394,16122,0
20391,1855,96116,0
20392,49971,22031,0
20393,4960,103857,0
20394,143278,7128,0
20395,3488,22981,0
20396,153114,125989,0
20397,148901,149834,0
20398,11846,82718,0
20399,71818,7495,0
20400,109924,26800,0
20401,20127,70328,0
20402,127255,95560,0
20403,49013,100573,0
20404,150677,54739,0
20405,146421,72375,0
20406,93359,13775,0
20407,133736,9531,0
20408,151854,17216,0
20409,148767,62738,0
20410,72206,81755,0
20411,45416,28177,0
20412,119904,17155,0
20413,133722,102909,0
20414,89129,92962,0
20415,72047,143386,0
20416,153385,144028,0
20417,35255,116705,0
20418,40244,9011,0
20419,45093,60895,0
20420,118181,56908,0
20421,105646,152973,0
20422,74161,70305,0
20423,70540,35386,0
20424,101560,126880,0
20425,49149,143677,0
20426,40412,151600,0
20427,72789,150346,0
20428,11730,66158,0
20429,42859,13407,0
20430,83344,153430,0
20431,46508,25435,0
20432,71002,95067,0
20433,77429,68140,0
20434,24690,11492,0
20435,62362,57307,0
20436,48852,91475,0
20437,89195,107801,0
20438,94887,90974,0
20439,34571,102143,0
20440,74380,130908,0
20441,155076,47718,0
20442,8693,12371,0
20443,139051,75238,0
20444,69857,96622,0
20445,153325,3167,0
20446,10356,135163,0
20447,132315,144414,0
20448,142241,141721,0
20449,85959,35969,0
20450,60683,43703,0
20451,5956,119055,0
20452,135038,145920,0
20453,28527,76040,0
20454,107142,32941,0
20455,132159,138772,0
20456,46624,23834,0
20457,71429,118304,0
20458,29482,69254,0
20459,140542,142083,0
20460,152182,88236,0
20461,92501,128266,0
20462,1636,68606,0
20463,130837,36230,0
20464,133908,121503,0
20465,126948,21169,0
20466,147299,139472,0
20467,134816,44725,0
20468,40943,49883,0
20469,145309,135565,0
20470,116937,20150,0
20471,45865,133062,0
20472,69175,136036,0
20473,120102,34178,0
20474,6456,92956,0
20475,99025,105547,0
20476,144328,135376,0
20477,125759,10246,0
20478,25989,76127,0
20479,64317,147088,0
20480,12456,139241,0
20481,27933,1601,0
20482,8592,146440,0
20483,79768,57388,0
20484,90737,14038,0
20485,47879,132856,0
20486,13792,103953,0
20487,87169,125837,0
20488,153638,53816,0
20489,123336,65682,0
20490,129449,38789,0
20491,61596,126681,0
20492,17402,41350,0
20493,36679,116010,0
20494,142924,132821,0
20495,72950,81861,0
20496,69666,54802,0
20497,107665,116417,0
20498,110281,121961,0
20499,134920,140417,0
20500,31360,77360,0
20501,76102,57304,0
20502,75117,64062,0
20503,88152,69935,0
20504,99189,7429,0
20505,17036,87127,0
20506,145332,111727,0
20507,107594,19363,0
20508,141472,50848,0
20509,57590,66821,0
20510,56873,36567,0
20511,57079,142908,0
20512,6245,34820,0
20513,52163,106329,0
20514,73588,107390,0
20515,34210,24208,0
20516,135437,75562,0
20517,39432,34248,0
20518,123144,113956,0
20519,111207,119353,0
20520,113021,99655,0
20521,58698,18652,0
20522,92608,52224,0
20523,47466,71472,0
20524,29162,78626,0
20525,40755,4841,0
20526,112401,127433,0
20527,56045,22767,0
20528,123080,105325,0
20529,7133,64205,0
20530,19142,152517,0
20531,101081,61103,0
20532,38733,6048,0
20533,128801,38331,0
20534,32344,3122,0
20535,144599,3106,0
20536,15860,116816,0
20537,10185,45466,0
20538,74358,4154,0
20539,41161,88075,0
20540,86330,39327,0
20541,43302,14126,0
20542,148426,113649,0
20543,117136,77607,0
20544,136200,45378,0
20545,152825,15559,0
20546,66807,48202,0
20547,78644,54958,0
20548,102035,108541,0
20549,7426,155198,0
20550,114405,60705,0
20551,153210,115598,0
20552,7408,124902,0
20553,141217,155045,0
20554,94620,20969,0
20555,20047,55801,0
20556,22750,75239,0
20557,110741,50439,0
20558,131933,95200,0
20559,54406,103183,0
20560,4417,26927,0
20561,102654,89991,0
20562,74541,65491,0
20563,32344,110354,0
20564,9731,111255,0
20565,89445,79323,0
20566,66892,78400,0
20567,135691,48050,0
20568,101997,44522,0
20569,29429,18943,0
20570,31101,78168,0
20571,13348,105071,0
20572,118008,79651,0
20573,132895,36008,0
20574,91296,33604,0
20575,111982,89397,0
20576,90706,44639,0
20577,12610,115603,0
20578,57365,97908,0
20579,82114,26238,0
20580,94078,42714,0
20581,72036,41828,0
20582,61496,143196,0
20583,122631,90489,0
20584,89879,77833,0
20585,52650,99352,0
20586,129522,151911,0
20587,109556,30062,0
20588,102095,120285,0
20589,106892,132073,0
20590,132137,114617,0
20591,60581,72661,0
20592,58568,107027,0
20593,21658,85749,0
20594,84812,22324,0
20595,67686,85335,0
20596,87622,46812,0
20597,71296,4027,0
20598,65257,83967,0
20599,22941,83067,0
20600,76466,149277,0
20601,133675,148469,0
20602,90379,109507,0
20603,114607,33531,0
20604,138492,73694,0
20605,131190,133738,0
20606,128087,4628,0
20607,154443,94641,0
20608,22058,66485,0
20609,72923,149787,0
20610,108724,81158,0
20611,45251,59687,0
20612,37862,72450,0
20613,2269,92450,0
20614,122990,5929,0
20615,47947,145902,0
20616,44961,48156,0
20617,21153,125255,0
20618,56780,22758,0
20619,143705,140788,0
20620,32896,5710,0
20621,87828,33719,0
20622,133736,23200,0
20623,75476,11207,0
20624,42082,65688,0
20625,28360,145903,0
20626,115488,34002,0
20627,131827,25163,0
20628,89565,149202,0
20629,72245,47436,0
20630,42128,136319,0
20631,122034,20121,0
20632,19176,78141,0
20633,65922,64395,0
20634,12430,80049,0
20635,95480,93953,0
20636,48583,46200,0
20637,60043,38466,0
20638,33806,2658,0
20639,16627,40680,0
20640,20644,124123,0
20641,24165,118522,0
20642,147540,117573,0
20643,24956,96807,0
20644,50413,103084,0
20645,126784,95065,0
20646,9560,39706,0
20647,96118,28738,0
20648,55079,47058,0
20649,137245,135847,0
20650,146379,148656,0
20651,62571,55948,0
20652,36955,28984,0
20653,150655,61328,0
20654,153907,150238,0
20655,45002,139327,0
20656,33765,91847,0
20657,89817,47178,0
20658,12303,44672,0
20659,5648,46817,0
20660,111990,131809,0
20661,46959,82129,0
20662,8317,11329,0
20663,49742,49440,0
20664,106826,49440,0
20665,5331,37956,0
20666,121134,14804,0
20667,94802,22651,0
20668,10361,42488,0
20669,152625,64539,0
20670,92899,93110,0
20671,76676,78892,0
20672,106004,64611,0
20673,123621,24051,0
20674,82527,29121,0
20675,24238,121956,0
20676,24636,38973,0
20677,89164,91696,0
20678,108442,38470,0
20679,92586,130683,0
20680,8732,119488,0
20681,97932,36450,0
20682,2109,124869,0
20683,154363,55695,0
20684,42331,69831,0
20685,111846,28688,0
20686,2386,3416,0
20687,23244,98052,0
20688,43826,81094,0
20689,26670,60709,0
20690,141292,38032,0
20691,47472,106568,0
20692,122522,84726,0
20693,57755,22311,0
20694,8084,83806,0
20695,79949,33886,0
20696,111444,18614,0
20697,103602,137560,0
20698,92260,147068,0
20699,25354,25260,0
20700,34594,21054,0
20701,133212,45133,0
20702,8555,73373,0
20703,92000,72636,0
20704,91045,153089,0
20705,68698,18651,0
20706,118510,69606,0
20707,104987,107987,0
20708,113545,132834,0
20709,117549,154842,0
20710,79122,43372,0
20711,61455,99217,0
20712,19492,5179,0
20713,21840,122266,0
20714,36657,113314,0
20715,139787,127204,0
20716,70107,4110,0
20717,18538,117292,0
20718,130371,145414,0
20719,47142,77260,0
20720,96727,61867,0
20721,136218,31873,0
20722,60035,97157,0
20723,43698,62683,0
20724,152306,107011,0
20725,123382,102812,0
20726,127858,38481,0
20727,102080,23184,0
20728,42842,33549,0
20729,132637,70676,0
20730,133831,55536,0
20731,69453,27455,0
20732,29518,147020,0
20733,18117,100667,0
20734,67043,107720,0
20735,143934,92655,0
20736,145396,44106,0
20737,55870,60690,0
20738,150613,80427,0
20739,27733,32769,0
20740,43434,135150,0
20741,2101,12615,0
20742,104040,135054,0
20743,27090,13990,0
20744,27483,34475,0
20745,80500,9967,0
20746,145706,70173,0
20747,86089,111824,0
20748,80680,60875,0
20749,102356,122950,0
20750,136808,43471,0
20751,108321,82270,0
20752,59300,29838,0
20753,151848,15979,0
20754,78720,73226,0
20755,111665,84054,0
20756,76743,109057,0
20757,101701,152085,0
20758,38231,145612,0
20759,79013,153386,0
20760,102853,154800,0
20761,150351,709,0
20762,108589,76540,0
20763,99942,94300,0
20764,56440,101030,0
20765,149161,122544,0
20766,88784,126303,0
20767,96635,154449,0
20768,1103,82695,0
20769,13898,104685,0
20770,99487,35456,0
20771,107566,55136,0
20772,96365,109137,0
20773,139332,30010,0
20774,130413,118525,0
20775,29801,111304,0
20776,12151,25199,0
20777,111388,111623,0
20778,110934,23619,0
20779,47170,116102,0
20780,90207,114814,0
20781,126954,42527,0
20782,103130,70660,0
20783,32688,95433,0
20784,95277,8640,0
20785,143945,105855,0
20786,70816,147254,0
20787,129146,117095,0
20788,52012,3758,0
20789,31952,43485,0
20790,114618,132885,0
20791,83920,1572,0
20792,29200,137569,0
20793,102425,79719,0
20794,77442,118632,0
20795,126987,72077,0
20796,108908,144166,0
20797,76955,124015,0
20798,71137,101379,0
20799,125165,82629,0
20800,66562,102559,0
20801,70415,101775,0
20802,60176,38034,0
20803,89026,84372,0
20804,50023,40879,0
20805,66574,83062,0
20806,97295,62870,0
20807,65854,82340,0
20808,19583,8486,0
20809,134706,103650,0
20810,123166,44371,0
20811,70133,102936,0
20812,86096,23196,0
20813,140964,18338,0
20814,154410,79045,0
20815,22215,116179,0
20816,6999,48647,0
20817,75787,110076,0
20818,43263,77278,0
20819,11704,100478,0
20820,22933,10712,0
20821,88552,46129,0
20822,20281,89831,0
20823,53136,49726,0
20824,133247,134786,0
20825,151009,138096,0
20826,20553,63902,0
20827,8897,12140,0
20828,148745,33726,0
20829,52740,116702,0
20830,152489,109925,0
20831,56607,143309,0
20832,66875,154911,0
20833,14615,60138,0
20834,96916,41390,0
20835,38433,35189,0
20836,106866,148461,0
20837,15497,13693,0
20838,38595,54755,0
20839,112196,148720,0
20840,46744,89199,0
20841,18861,134498,0
20842,145533,10156,0
20843,16183,103873,0
20844,143202,130198,0
20845,77654,31565,0
20846,47634,534,0
20847,3439,126939,0
20848,99381,124779,0
20849,139774,103470,0
20850,57329,108063,0
20851,140182,71173,0
20852,130636,61897,0
20853,147579,91495,0
20854,101914,4645,0
20855,111378,122974,0
20856,56637,53858,0
20857,131922,8392,0
20858,11286,110140,0
20859,108721,15874,0
20860,69235,43454,0
20861,68105,60702,0
20862,31877,96350,0
20863,90455,8710,0
20864,17221,94997,0
20865,117670,64259,0
20866,20450,26298,0
20867,10315,37931,0
20868,118987,68791,0
20869,28892,26299,0
20870,70654,123788,0
20871,93944,43393,0
20872,5634,2794,0
20873,6766,100420,0
20874,36127,64487,0
20875,138403,131683,0
20876,39568,39572,0
20877,94403,59976,0
20878,102152,152457,0
20879,153489,147028,0
20880,55304,113286,0
20881,137170,132371,0
20882,73276,114839,0
20883,31862,117662,0
20884,132054,41651,0
20885,38256,109719,0
20886,62441,100669,0
20887,19861,92047,0
20888,21281,128699,0
20889,148382,46500,0
20890,118171,77547,0
20891,120284,115755,0
20892,55131,77917,0
20893,120856,92563,0
20894,25348,26623,0
20895,54163,74164,0
20896,26200,67392,0
20897,76288,61742,0
20898,4969,101935,0
20899,89571,789,0
20900,128842,150203,0
20901,141549,117697,0
20902,66157,42694,0
20903,63437,70386,0
20904,58210,94458,0
20905,42801,104011,0
20906,133095,7232,0
20907,7839,14206,0
20908,84475,121246,0
20909,15893,4617,0
20910,52717,145976,0
20911,27672,33436,0
20912,92175,55114,0
20913,148906,68083,0
20914,84546,142227,0
20915,69277,99747,0
20916,54869,94494,0
20917,75316,24677,0
20918,76468,108541,0
20919,2218,9746,0
20920,37798,22952,0
20921,88666,11562,0
20922,40060,52689,0
20923,94989,89940,0
20924,63992,129318,0
20925,50572,71926,0
20926,98468,116750,0
20927,96028,142086,0
20928,127102,421,0
20929,116613,36757,0
20930,38116,36544,0
20931,27895,98513,0
20932,89365,7432,0
20933,1169,132228,0
20934,66085,96046,0
20935,69337,56483,0
20936,87234,41384,0
20937,20791,109981,0
20938,137516,98028,0
20939,83344,69532,0
20940,154067,107041,0
20941,110842,94853,0
20942,96241,10367,0
20943,71215,27249,0
20944,70830,71236,0
20945,115171,93400,0
20946,89558,26678,0
20947,71710,50196,0
20948,50061,85536,0
20949,143297,29578,0
20950,69992,74757,0
20951,138688,68305,0
20952,57688,38839,0
20953,118931,108179,0
20954,55284,18834,0
20955,89352,22260,0
20956,150817,32724,0
20957,80950,22077,0
20958,55163,44631,0
20959,137140,53021,0
20960,124525,78847,0
20961,18858,78977,0
20962,137242,97739,0
20963,3488,118207,0
20964,101788,54749,0
20965,143374,42565,0
20966,143391,130354,0
20967,3579,26125,0
20968,91251,132297,0
20969,116739,82827,0
20970,74775,82152,0
20971,91583,51159,0
20972,45844,125439,0
20973,124861,150450,0
20974,7287,92556,0
20975,149382,112108,0
20976,117678,2869,0
20977,98876,35424,0
20978,26310,38139,0
20979,48878,85527,0
20980,71585,83336,0
20981,83672,203,0
20982,15227,72827,0
20983,66070,29588,0
20984,92262,66928,0
20985,61321,9597,0
20986,46771,133368,0
20987,112050,129248,0
20988,30910,24997,0
20989,56972,83761,0
20990,26823,154298,0
20991,79494,3399,0
20992,80431,32549,0
20993,84946,132831,0
20994,83191,110452,0
20995,114517,100444,0
20996,122795,39672,0
20997,146771,61480,0
20998,14320,85766,0
20999,145978,95958,0
21000,41028,60902,0
21001,33719,126341,0
21002,84951,53472,0
21003,138597,60928,0
21004,153175,76928,0
21005,131852,120302,0
21006,129755,77363,0
21007,106349,116872,0
21008,25555,129278,0
21009,73985,121806,0
21010,56188,154381,0
21011,773,143190,0
21012,117586,10330,0
21013,66760,65438,0
21014,1183,81573,0
21015,62936,8357,0
21016,22542,18212,0
21017,59000,138292,0
21018,24477,43695,0
21019,107566,65375,0
21020,97233,11955,0
21021,17428,69828,0
21022,79946,77454,0
21023,20617,29330,0
21024,150179,77994,0
21025,144490,37753,0
21026,91358,18391,0
21027,13772,128078,0
21028,37936,1799,0
21029,153774,3809,0
21030,53185,19312,0
21031,46916,110144,0
21032,132203,17395,0
21033,90217,87521,0
21034,12917,110944,0
21035,133029,137539,0
21036,149805,143439,0
21037,33197,15632,0
21038,78810,132982,0
21039,75753,25932,0
21040,18715,80099,0
21041,27947,127400,0
21042,12040,5492,0
21043,71207,58666,0
21044,154715,99169,0
21045,68769,112286,0
21046,128083,59058,0
21047,85627,7876,0
21048,149924,51536,0
21049,66362,59014,0
21050,69898,9099,0
21051,74740,152203,0
21052,125866,71124,0
21053,73606,65037,0
21054,48270,138560,0
21055,47960,81061,0
21056,102804,16880,0
21057,60502,151423,0
21058,111911,40843,0
21059,58425,134427,0
21060,63997,142623,0
21061,82581,82386,0
21062,124360,54689,0
21063,24001,142440,0
21064,46073,122727,0
21065,3868,143534,0
21066,61648,53151,0
21067,22137,29956,0
21068,149127,99015,0
21069,54316,133972,0
21070,47864,141619,0
21071,85576,116655,0
21072,86017,9329,0
21073,42339,113596,0
21074,42721,81383,0
21075,140048,95892,0
21076,120135,80980,0
21077,97771,99808,0
21078,57726,89317,0
21079,9160,63649,0
21080,115936,48998,0
21081,45853,128763,0
21082,83524,38014,0
21083,48301,128698,0
21084,40018,16093,0
21085,76166,58699,0
21086,32926,107133,0
21087,146346,99357,0
21088,138656,58704,0
21089,88630,63468,0
21090,142567,109462,0
21091,76520,74853,0
21092,11323,58335,0
21093,42167,523,0
21094,55687,141057,0
21095,5584,84362,0
21096,109221,35070,0
21097,102530,59654,0
21098,45534,111578,0
21099,59391,29016,0
21100,144025,81073,0
21101,86566,15476,0
21102,127386,43965,0
21103,110274,136009,0
21104,104774,126279,0
21105,87320,142382,0
21106,14803,152173,0
21107,119448,117855,0
21108,89532,33744,0
21109,105331,113791,0
21110,106397,118149,0
21111,29344,7900,0
21112,146720,65470,0
21113,129170,50679,0
21114,23365,88618,0
21115,92212,75571,0
21116,70225,90624,0
21117,125172,72853,0
21118,29952,1854,0
21119,123375,111842,0
21120,22383,147267,0
21121,141392,49766,0
21122,55046,75099,0
21123,30627,135751,0
21124,51207,151767,0
21125,6380,123546,0
21126,26863,129388,0
21127,112521,40639,0
21128,101469,104532,0
21129,40730,102026,0
21130,22531,45317,0
21131,105125,112469,0
21132,113692,38602,0
21133,85830,70975,0
21134,106303,131729,0
21135,47230,98527,0
21136,95017,14969,0
21137,111405,106902,0
21138,13601,36081,0
21139,26697,29122,0
21140,93170,152276,0
21141,60147,63832,0
21142,69562,17502,0
21143,46150,45817,0
21144,120222,38740,0
21145,150782,64348,0
21146,67864,87332,0
21147,110562,60320,0
21148,64738,140718,0
21149,42028,9700,0
21150,17491,65744,0
21151,74846,42942,0
21152,98310,97731,0
21153,38468,80502,0
21154,99259,31437,0
21155,37360,115621,0
21156,46042,87685,0
21157,48811,145271,0
21158,38376,136621,0
21159,168,2887,0
21160,83025,46152,0
21161,50659,15762,0
21162,74860,2173,0
21163,1592,36261,0
21164,26768,135495,0
21165,5915,61061,0
21166,77530,15887,0
21167,61225,77916,0
21168,87825,122227,0
21169,9110,20985,0
21170,13015,10218,0
21171,81374,77150,0
21172,61840,33933,0
21173,56144,5747,0
21174,119468,114418,0
21175,148296,8907,0
21176,54765,131874,0
21177,145635,141228,0
21178,133625,50389,0
21179,118465,38107,0
21180,16370,138483,0
21181,45432,105230,0
21182,68922,20893,0
21183,55911,131110,0
21184,49921,102280,0
21185,49277,121060,0
21186,57996,10890,0
21187,63952,128666,0
21188,42927,62276,0
21189,82675,19402,0
21190,37240,154726,0
21191,152334,57502,0
21192,98431,124329,0
21193,71083,18021,0
21194,149518,115626,0
21195,78491,136371,0
21196,59282,124222,0
21197,61704,2026,0
21198,36026,74382,0
21199,64793,80304,0
21200,51990,117966,0
21201,145908,81773,0
21202,39595,136727,0
21203,126586,118575,0
21204,90610,91398,0
21205,144487,56731,0
21206,32894,51258,0
21207,67839,4534,0
21208,132732,96627,0
21209,70027,104111,0
21210,125185,114441,0
21211,39781,118524,0
21212,87366,114012,0
21213,29603,2754,0
21214,94978,98054,0
21215,112893,60257,0
21216,136712,152156,0
21217,149474,104070,0
21218,106267,98756,0
21219,82570,120072,0
21220,138793,23081,0
21221,106255,108049,0
21222,39147,34464,0
21223,85914,140980,0
21224,127135,153327,0
21225,9027,2650,0
21226,103152,121404,0
21227,48705,89998,0
21228,47344,149015,0
21229,97502,70609,0
21230,57078,114696,0
21231,108257,148483,0
21232,111384,23511,0
21233,115387,97035,0
21234,7365,49739,0
21235,44637,21967,0
21236,110498,66364,0
21237,95110,138663,0
21238,27188,56583,0
21239,45168,74174,0
21240,116026,102810,0
21241,141613,126797,0
21242,25212,5940,0
21243,119247,2158,0
21244,32908,54152,0
21245,86609,43805,0
21246,70224,59318,0
21247,112737,155091,0
21248,96582,84243,0
21249,23457,49496,0
21250,90849,73110,0
21251,49025,8827,0
21252,37304,35920,0
21253,7478,107226,0
21254,132720,137510,0
21255,91962,84939,0
21256,89933,79001,0
21257,101317,31072,0
21258,24419,20696,0
21259,123508,81485,0
21260,4870,83916,0
21261,2010,150802,0
21262,21951,99444,0
21263,81267,145976,0
21264,74603,65985,0
21265,51194,3468,0
21266,100740,134977,0
21267,116586,18758,0
21268,98903,35002,0
21269,90810,67119,0
21270,63258,65237,0
21271,100316,89971,0
21272,56538,107188,0
21273,50344,54009,0
21274,37760,59081,0
21275,90267,103540,0
21276,26047,132242,0
21277,70602,101318,0
21278,72801,124422,0
21279,51752,106892,0
21280,144331,110943,0
21281,5939,129990,0
21282,151835,109505,0
21283,65161,4354,0
21284,141677,800,0
21285,100603,2934,0
21286,63552,115419,0
21287,102500,68762,0
21288,75242,7476,0
21289,43793,121690,0
21290,109594,128765,0
21291,81214,104645,0
21292,23918,56079,0
21293,141608,44588,0
21294,116722,133123,0
21295,146057,6927,0
21296,101271,62218,0
21297,110274,116794,0
21298,104430,60853,0
21299,41268,110499,0
21300,123348,100054,0
21301,53674,66687,0
21302,33880,34004,0
21303,95269,129641,0
21304,37808,42991,0
21305,66458,141719,0
21306,18738,152547,0
21307,77796,61259,0
21308,9986,117652,0
21309,100608,15593,0
21310,153795,50143,0
21311,88341,77806,0
21312,96156,57334,0
21313,24741,1001,0
21314,114292,41265,0
21315,69956,149436,0
21316,129452,94409,0
21317,129652,18678,0
21318,7878,143832,0
21319,1970,150863,0
21320,20755,90856,0
21321,120545,114309,0
21322,99225,34938,0
21323,95241,134142,0
21324,71098,24556,0
21325,324,135784,0
21326,38865,27613,0
21327,145698,32751,0
21328,120219,28503,0
21329,2715,33184,0
21330,134658,115207,0
21331,132793,140363,0
21332,16573,99091,0
21333,19129,108884,0
21334,56855,97976,0
21335,114461,99801,0
21336,132414,118473,0
21337,61595,139367,0
21338,114603,52789,0
21339,59790,52143,0
21340,105830,116651,0
21341,69311,150445,0
21342,153322,42154,0
21343,32621,121918,0
21344,138062,130080,0
21345,44862,120786,0
21346,71776,48603,0
21347,137879,40898,0
21348,44705,154298,0
21349,68351,26367,0
21350,17929,129337,0
21351,28163,23580,0
21352,16318,89821,0
21353,14933,72005,0
21354,104590,78375,0
21355,72834,136454,0
21356,4955,148715,0
21357,142125,142344,0
21358,108045,7080,0
21359,120189,79398,0
21360,139429,56819,0
21361,19431,74858,0
21362,42449,59505,0
21363,30479,6903,0
21364,21442,17476,0
21365,139202,81132,0
21366,108051,9034,0
21367,153624,143603,0
21368,152347,18885,0
21369,67342,148534,0
21370,112939,120477,0
21371,127732,88453,0
21372,66052,2006,0
21373,109524,119207,0
21374,66712,118245,0
21375,94629,118283,0
21376,81150,105164,0
21377,63518,38542,0
21378,145188,109923,0
21379,54025,52948,0
21380,152079,121651,0
21381,4253,123000,0
21382,106130,149075,0
21383,40718,152371,0
21384,21058,91917,0
21385,139265,122634,0
21386,85025,145139,0
21387,81613,110938,0
21388,66888,46839,0
21389,37033,81063,0
21390,30615,17606,0
21391,129116,115999,0
21392,123430,53667,0
21393,99769,57749,0
21394,6294,60579,0
21395,119343,122502,0
21396,10352,144805,0
21397,44947,67389,0
21398,150801,121800,0
21399,24654,138214,0
21400,24644,60702,0
21401,103910,101734,0
21402,32324,130779,0
21403,70680,135104,0
21404,133345,51948,0
21405,51891,58574,0
21406,147832,111157,0
21407,7433,86260,0
21408,136830,69918,0
21409,98071,86830,0
21410,135328,118102,0
21411,43969,154945,0
21412,53095,121421,0
21413,10049,122144,0
21414,18207,44049,0
21415,13463,151517,0
21416,51768,95714,0
21417,94296,69626,0
21418,57697,152210,0
21419,27942,44525,0
21420,51739,1560,0
21421,67407,76043,0
21422,97667,153022,0
21423,29096,143953,0
21424,53777,3475,0
21425,33347,129599,0
21426,134495,129823,0
21427,15178,86421,0
21428,13059,113472,0
21429,44420,92148,0
21430,41488,9073,0
21431,95562,141914,0
21432,142158,77128,0
21433,90772,151676,0
21434,41445,56646,0
21435,141863,70292,0
21436,108708,77664,0
21437,120269,137300,0
21438,9537,25510,0
21439,74040,79190,0
21440,51335,115446,0
21441,150770,137159,0
21442,122062,71152,0
21443,61018,91582,0
21444,118682,41706,0
21445,23343,47105,0
21446,108856,97892,0
21447,87084,97196,0
21448,12051,55952,0
21449,111345,62382,0
21450,53083,83010,0
21451,91718,151148,0
21452,76521,83113,0
21453,18857,27258,0
21454,118023,45189,0
21455,78927,12801,0
21456,121603,29705,0
21457,71342,63166,0
21458,116781,28477,0
21459,2846,115579,0
21460,152375,52473,0
21461,7909,4326,0
21462,30403,82748,0
21463,47750,112688,0
21464,35598,58290,0
21465,99247,141769,0
21466,102184,72794,0
21467,31370,126946,0
21468,7016,125281,0
21469,108843,150,0
21470,148078,14157,0
21471,148624,12254,0
21472,101745,89693,0
21473,51793,44888,0
21474,28379,136943,0
21475,79121,2529,0
21476,129877,131084,0
21477,56903,141339,0
21478,81228,132773,0
21479,34911,23926,0
21480,93206,94650,0
21481,22728,77303,0
21482,94742,66850,0
21483,103334,153295,0
21484,120208,23411,0
21485,67009,85259,0
21486,47254,4545,0
21487,77705,131088,0
21488,139317,22288,0
21489,48473,68603,0
21490,138491,131023,0
21491,68859,23384,0
21492,78756,114539,0
21493,120098,74529,0
21494,31325,69905,0
21495,53802,136191,0
21496,12557,9556,0
21497,79217,153166,0
21498,30906,91828,0
21499,15474,4988,0
21500,47958,108085,0
21501,76653,4679,0
21502,153626,78774,0
21503,69400,118978,0
21504,52149,81337,0
21505,80922,64409,0
21506,90992,147112,0
21507,83185,52571,0
21508,98795,90100,0
21509,61881,22934,0
21510,82734,52214,0
21511,96729,106777,0
21512,141542,5968,0
21513,44771,80532,0
21514,61113,12177,0
21515,139269,121202,0
21516,86975,24403,0
21517,65986,1467,0
21518,148922,74401,0
21519,108106,102953,0
21520,129388,68577,0
21521,137440,82951,0
21522,20231,153423,0
21523,62077,37636,0
21524,123353,27419,0
21525,28766,102421,0
21526,144594,97023,0
21527,50760,93968,0
21528,66066,150045,0
21529,140501,119459,0
21530,49887,118614,0
21531,95212,105638,0
21532,103775,127837,0
21533,154457,85352,0
21534,104323,84837,0
21535,71378,77318,0
21536,11378,39747,0
21537,53978,147057,0
21538,10279,143184,0
21539,123971,116789,0
21540,21103,11689,0
21541,51602,58118,0
21542,95005,12246,0
21543,28679,145871,0
21544,138451,134614,0
21545,88568,32893,0
21546,120833,10367,0
21547,111003,143752,0
21548,102009,33951,0
21549,35767,133112,0
21550,5133,33661,0
21551,128744,52572,0
21552,52964,141371,0
21553,145980,81678,0
21554,57014,36385,0
21555,145466,37514,0
21556,125591,60985,0
21557,26776,124971,0
21558,36052,151140,0
21559,99736,23053,0
21560,86362,109855,0
21561,13418,28129,0
21562,138397,58800,0
21563,24067,91795,0
21564,6151,139047,0
21565,39347,116924,0
21566,145492,41763,0
21567,93127,149441,0
21568,81717,68856,0
21569,109964,97200,0
21570,64236,113379,0
21571,89954,36123,0
21572,144737,46243,0
21573,137013,133684,0
21574,18627,128809,0
21575,146276,20715,0
21576,61962,59759,0
21577,67009,12351,0
21578,85652,136302,0
21579,51980,2690,0
21580,61225,78924,0
21581,115699,48044,0
21582,17232,51086,0
21583,1588,138578,0
21584,53146,60063,0
21585,63512,65892,0
21586,100983,23174,0
21587,48843,121844,0
21588,127859,141673,0
21589,20876,23746,0
21590,99399,100506,0
21591,132437,138811,0
21592,6738,154370,0
21593,33262,78913,0
21594,108541,13598,0
21595,5816,42899,0
21596,154327,58508,0
21597,101348,88059,0
21598,108114,141837,0
21599,59274,102638,0
21600,72819,47255,0
21601,119919,148763,0
21602,69135,62401,0
21603,13004,116986,0
21604,76082,124338,0
21605,31430,119109,0
21606,37066,26184,0
21607,62525,54332,0
21608,67057,73708,0
21609,72749,30989,0
21610,67368,74336,0
21611,110042,30668,0
21612,21923,9958,0
21613,141087,59450,0
21614,20421,122747,0
21615,8459,61327,0
21616,122606,101501,0
21617,135617,131481,0
21618,93085,114449,0
21619,82909,127857,0
21620,90145,89895,0
21621,146040,114015,0
21622,153143,147693,0
21623,144223,86890,0
21624,151090,22394,0
21625,63356,122151,0
21626,16070,51932,0
21627,144289,135600,0
21628,98566,97676,0
21629,10281,82732,0
21630,73929,3601,0
21631,148408,44037,0
21632,64039,139702,0
21633,146801,35398,0
21634,56721,135008,0
21635,8260,60711,0
21636,86861,3887,0
21637,71742,9036,0
21638,36122,51975,0
21639,81623,109233,0
21640,14774,80963,0
21641,26603,128835,0
21642,84167,33895,0
21643,103623,117629,0
21644,2928,8801,0
21645,1945,22322,0
21646,65332,35017,0
21647,60750,11226,0
21648,143237,59063,0
21649,132342,34326,0
21650,151363,84831,0
21651,104987,13951,0
21652,7368,142935,0
21653,143641,61231,0
21654,17006,990,0
21655,41562,15758,0
21656,3071,45026,0
21657,114487,26967,0
21658,23338,36869,0
21659,16664,153888,0
21660,41562,78770,0
21661,58007,131011,0
21662,144983,124028,0
21663,132213,101617,0
21664,40170,62730,0
21665,11874,28376,0
21666,17178,135224,0
21667,47916,153363,0
21668,30103,153650,0
21669,132448,94622,0
21670,28364,9692,0
21671,5519,59155,0
21672,30454,42905,0
21673,131209,13609,0
21674,119233,43410,0
21675,39822,119482,0
21676,28930,36967,0
21677,122083,65435,0
21678,90413,129125,0
21679,128880,75687,0
21680,117556,128849,0
21681,152935,10511,0
21682,127897,115637,0
21683,107727,113209,0
21684,11620,53860,0
21685,107358,3765,0
21686,145966,44641,0
21687,59494,112628,0
21688,128580,129225,0
21689,38873,43631,0
21690,81293,154985,0
21691,74969,11584,0
21692,45122,153539,0
21693,44235,73474,0
21694,49229,17961,0
21695,61286,24373,0
21696,57805,135714,0
21697,82314,25486,0
21698,146949,75885,0
21699,64668,44742,0
21700,17029,61229,0
21701,151301,4489,0
21702,111003,56084,0
21703,7745,138608,0
21704,55175,77816,0
21705,15670,115765,0
21706,23846,136222,0
21707,51899,37452,0
21708,98752,111860,0
21709,99008,32347,0
21710,109412,42574,0
21711,125004,29658,0
21712,42696,17624,0
21713,105914,51237,0
21714,62793,110925,0
21715,5419,82749,0
21716,94430,80610,0
21717,39908,87717,0
21718,127915,1285,0
21719,8457,155187,0
21720,81592,136715,0
21721,29931,86492,0
21722,111772,24640,0
21723,1058,143127,0
21724,148247,12745,0
21725,113898,68068,0
21726,75897,134810,0
21727,150074,13895,0
21728,134492,16724,0
21729,91010,3158,0
21730,31328,41278,0
21731,132859,81653,0
21732,122845,122209,0
21733,34477,18312,0
21734,140554,131139,0
21735,71984,136956,0
21736,16620,118233,0
21737,6485,127598,0
21738,97451,16980,0
21739,92987,148160,0
21740,26301,90570,0
21741,44397,136349,0
21742,83767,105141,0
21743,129506,113487,0
21744,144941,151631,0
21745,94182,133558,0
21746,41848,111806,0
21747,136850,42881,0
21748,102468,55710,0
21749,67909,110191,0
21750,125246,14272,0
21751,148617,63516,0
21752,43917,99742,0
21753,10864,103365,0
21754,17071,68314,0
21755,88516,104763,0
21756,37774,120177,0
21757,85479,126507,0
21758,93289,45231,0
21759,53594,33163,0
21760,97060,85767,0
21761,99684,5757,0
21762,81125,13779,0
21763,117903,72679,0
21764,23807,129479,0
21765,121778,109759,0
21766,144033,116152,0
21767,129927,137666,0
21768,67870,140909,0
21769,116764,99446,0
21770,83185,20896,0
21771,19367,110053,0
21772,6505,33798,0
21773,21145,20191,0
21774,92613,98731,0
21775,94617,16807,0
21776,93433,35830,0
21777,52312,31651,0
21778,57571,111926,0
21779,139615,59736,0
21780,31140,139570,0
21781,70104,124892,0
21782,83243,63899,0
21783,23508,124075,0
21784,53298,21585,0
21785,133190,140160,0
21786,138559,69659,0
21787,32327,142252,0
21788,70047,140147,0
21789,91193,39423,0
21790,123474,126779,0
21791,10351,3306,0
21792,68589,138950,0
21793,62823,119446,0
21794,87500,139459,0
21795,36141,36448,0
21796,64920,128344,0
21797,143869,70991,0
21798,129800,107925,0
21799,118775,30496,0
21800,132886,40746,0
21801,34223,31733,0
21802,14726,58052,0
21803,71668,141203,0
21804,130922,145670,0
21805,40962,46040,0
21806,18434,136285,0
21807,123513,24510,0
21808,121978,108136,0
21809,39699,101786,0
21810,121083,75072,0
21811,133846,95501,0
21812,138079,149642,0
21813,89959,135968,0
21814,43772,146289,0
21815,5459,32488,0
21816,86384,78845,0
21817,19728,144542,0
21818,60103,92526,0
21819,140518,152499,0
21820,63608,20855,0
21821,69841,2637,0
21822,111927,95914,0
21823,107104,55865,0
21824,89738,131112,0
21825,47023,95062,0
21826,21976,5396,0
21827,89002,109718,0
21828,110886,105711,0
21829,22226,81756,0
21830,112667,153032,0
21831,56917,61607,0
21832,103795,10399,0
21833,130291,130562,0
21834,70481,14796,0
21835,13608,90693,0
21836,26372,62505,0
21837,127815,87282,0
21838,12899,112557,0
21839,44096,132169,0
21840,114984,55803,0
21841,30420,25205,0
21842,3894,90535,0
21843,48827,84612,0
21844,91623,86886,0
21845,40282,28781,0
21846,80291,103137,0
21847,60692,65338,0
21848,27725,143415,0
21849,107015,87210,0
21850,49778,27154,0
21851,131379,43926,0
21852,76445,83445,0
21853,71687,14694,0
21854,115934,120021,0
21855,116877,144884,0
21856,70249,28658,0
21857,21106,13638,0
21858,114107,113377,0
21859,136985,7041,0
21860,78621,24966,0
21861,80155,147859,0
21862,104363,100718,0
21863,76212,119041,0
21864,25887,35877,0
21865,64400,83482,0
21866,123730,124484,0
21867,106581,90448,0
21868,9731,82874,0
21869,6609,10308,0
21870,149934,121208,0
21871,93437,19738,0
21872,29621,18435,0
21873,115336,12657,0
21874,96563,139538,0
21875,4933,15735,0
21876,40460,117708,0
21877,40349,23477,0
21878,139615,123159,0
21879,25343,13997,0
21880,90411,116349,0
21881,62729,110691,0
21882,124684,153141,0
21883,147042,120247,0
21884,101374,26169,0
21885,39294,105053,0
21886,19855,46287,0
21887,18088,153119,0
21888,35539,133220,0
21889,35693,81511,0
21890,30,116123,0
21891,91442,126992,0
21892,10183,38198,0
21893,37205,121424,0
21894,145103,79582,0
21895,102171,140345,0
21896,50695,137363,0
21897,66275,148523,0
21898,106066,86672,0
21899,3072,69582,0
21900,116184,75041,0
21901,145308,144364,0
21902,101827,33115,0
21903,150571,83135,0
21904,71647,102885,0
21905,28400,90301,0
21906,61455,108561,0
21907,117228,20766,0
21908,151142,5352,0
21909,37497,102423,0
21910,86411,8009,0
21911,54966,42327,0
21912,143947,96004,0
21913,127675,109214,0
21914,135736,7754,0
21915,82856,97609,0
21916,20581,116031,0
21917,11906,81353,0
21918,80152,72405,0
21919,115996,98126,0
21920,605,102121,0
21921,88629,127637,0
21922,114819,78200,0
21923,151085,80746,0
21924,97305,39197,0
21925,78172,87819,0
21926,45416,137969,0
21927,99935,130777,0
21928,150805,70683,0
21929,118886,115144,0
21930,1264,63701,0
21931,153799,136573,0
21932,149962,142890,0
21933,70667,135051,0
21934,84047,74277,0
21935,114641,106552,0
21936,100695,116615,0
21937,41562,12826,0
21938,147945,69583,0
21939,101265,86772,0
21940,12442,59105,0
21941,79218,17135,0
21942,108505,19157,0
21943,145539,121189,0
21944,136290,87887,0
21945,145715,27142,0
21946,96692,10225,0
21947,154271,87462,0
21948,25664,82077,0
21949,68891,93909,0
21950,154540,84726,0
21951,6869,54058,0
21952,67508,61141,0
21953,99697,139537,0
21954,83956,6176,0
21955,20464,11055,0
21956,152768,94933,0
21957,121492,144398,0
21958,74236,119619,0
21959,139567,40448,0
21960,99130,149636,0
21961,38101,96132,0
21962,52047,35653,0
21963,44557,41412,0
21964,58671,129045,0
21965,140500,115777,0
21966,107547,64806,0
21967,9286,15926,0
21968,11245,149365,0
21969,3172,121881,0
21970,42663,37487,0
21971,110734,73749,0
21972,9790,122556,0
21973,132437,87597,0
21974,139338,4364,0
21975,29234,88466,0
21976,47170,21191,0
21977,142368,135494,0
21978,9475,32434,0
21979,61164,102341,0
21980,124303,120848,0
21981,147785,43923,0
21982,102747,145904,0
21983,133157,19037,0
21984,94014,2453,0
21985,1269,139996,0
21986,235,4045,0
21987,153625,88983,0
21988,122018,61329,0
21989,122270,90198,0
21990,151285,38249,0
21991,75031,97236,0
21992,39677,126474,0
21993,84254,113778,0
21994,141949,147624,0
21995,128236,47715,0
21996,139306,58080,0
21997,106651,97352,0
21998,46444,130177,0
21999,82178,54686,0
22000,115249,145384,0
22001,129144,10433,0
22002,126789,60290,0
22003,12830,65695,0
22004,52038,54303,0
22005,154728,128357,0
22006,91121,18637,0
22007,52609,111850,0
22008,136436,151644,0
22009,88956,57862,0
22010,64403,139247,0
22011,45922,106321,0
22012,10929,75739,0
22013,20765,55458,0
22014,18448,68479,0
22015,75429,61263,0
22016,66628,148152,0
22017,7899,62069,0
22018,53983,67823,0
22019,117560,109855,0
22020,143497,28797,0
22021,15225,142288,0
22022,131592,454,0
22023,111099,47879,0
22024,144110,32226,0
22025,114435,26895,0
22026,121052,113804,0
22027,43858,109764,0
22028,42919,106997,0
22029,111697,769,0
22030,79387,30093,0
22031,15323,128925,0
22032,60765,81939,0
22033,119313,104076,0
22034,77664,104894,0
22035,37849,616,0
22036,71423,19241,0
22037,133979,145004,0
22038,22450,151255,0
22039,74305,46299,0
22040,153414,20111,0
22041,12028,100310,0
22042,131323,89189,0
22043,91298,56068,0
22044,39994,35710,0
22045,94926,51321,0
22046,56645,152722,0
22047,3231,68316,0
22048,74382,116967,0
22049,72855,51297,0
22050,150858,16320,0
22051,110173,31561,0
22052,154704,99297,0
22053,153778,91914,0
22054,70027,88785,0
22055,65290,132652,0
22056,36751,3177,0
22057,24075,107205,0
22058,15875,135018,0
22059,11917,114630,0
22060,139629,111729,0
22061,5595,49331,0
22062,141549,18213,0
22063,115219,96528,0
22064,151719,23856,0
22065,46935,31000,0
22066,77029,96959,0
22067,15015,121712,0
22068,116845,129951,0
22069,42803,137415,0
22070,138894,27123,0
22071,143520,1578,0
22072,17506,337,0
22073,75514,99196,0
22074,90464,151500,0
22075,119998,144960,0
22076,86143,58073,0
22077,85316,36959,0
22078,153511,82993,0
22079,41457,119123,0
22080,46987,17375,0
22081,79333,119135,0
22082,63124,64687,0
22083,129763,124604,0
22084,46108,103760,0
22085,86188,133853,0
22086,46687,96593,0
22087,131611,71938,0
22088,114494,134217,0
22089,51113,10792,0
22090,29535,138254,0
22091,112198,54047,0
22092,84915,63214,0
22093,124335,137537,0
22094,143297,137567,0
22095,105041,135003,0
22096,151528,145983,0
22097,29877,111372,0
22098,142268,136055,0
22099,114441,87061,0
22100,133064,128425,0
22101,147713,54047,0
22102,73139,121748,0
22103,83179,142149,0
22104,97877,65511,0
22105,78517,138722,0
22106,24035,51587,0
22107,103280,23028,0
22108,142549,104169,0
22109,141806,133780,0
22110,97088,83119,0
22111,78736,143088,0
22112,91899,56978,0
22113,15409,116951,0
22114,44937,74525,0
22115,26890,7723,0
22116,121219,1486,0
22117,28021,55758,0
22118,1131,22875,0
22119,79218,135703,0
22120,111644,18511,0
22121,31624,139596,0
22122,37968,105247,0
22123,115486,58191,0
22124,25708,40590,0
22125,153777,34852,0
22126,42515,148870,0
22127,46634,6701,0
22128,60203,127521,0
22129,52452,18688,0
22130,61251,42474,0
22131,37545,5227,0
22132,99362,30856,0
22133,6581,109124,0
22134,26428,66102,0
22135,113126,127509,0
22136,111984,55042,0
22137,147747,83068,0
22138,145144,154823,0
22139,5938,61204,0
22140,150008,68704,0
22141,59193,77428,0
22142,87856,130217,0
22143,31877,121756,0
22144,110544,38809,0
22145,24507,19557,0
22146,150428,66737,0
22147,131162,91494,0
22148,62166,72163,0
22149,125480,87829,0
22150,121942,66991,0
22151,61049,111442,0
22152,8333,64295,0
22153,15660,131113,0
22154,111472,102852,0
22155,66562,28080,0
22156,50375,99281,0
22157,89104,33702,0
22158,24643,72130,0
22159,117025,15951,0
22160,29915,105956,0
22161,140732,120086,0
22162,27129,98193,0
22163,81912,101694,0
22164,119419,99364,0
22165,90319,21749,0
22166,7481,51536,0
22167,44016,39987,0
22168,120360,68151,0
22169,53686,145138,0
22170,30451,119687,0
22171,91872,107225,0
22172,142125,25906,0
22173,66072,79481,0
22174,85146,3151,0
22175,1198,56525,0
22176,89672,68367,0
22177,154089,142421,0
22178,66710,29430,0
22179,891,47267,0
22180,17371,56099,0
22181,47842,49729,0
22182,24405,77664,0
22183,1372,54174,0
22184,132859,93905,0
22185,130652,59780,0
22186,84112,76461,0
22187,19294,63370,0
22188,68850,85991,0
22189,23343,131196,0
22190,142582,8990,0
22191,97992,13421,0
22192,62892,103678,0
22193,111025,2582,0
22194,153122,30499,0
22195,118775,54241,0
22196,22282,17973,0
22197,52632,58388,0
22198,35044,44063,0
22199,136999,4975,0
22200,32956,102390,0
22201,127266,21650,0
22202,35723,8097,0
22203,101080,130794,0
22204,36582,111710,0
22205,141100,90946,0
22206,39518,136800,0
22207,35926,55233,0
22208,124225,670,0
22209,130145,125436,0
22210,26338,122676,0
22211,71311,45228,0
22212,89688,75134,0
22213,44625,37603,0
22214,55810,153948,0
22215,21112,22167,0
22216,83025,136294,0
22217,99358,114438,0
22218,28626,1360,0
22219,80093,127446,0
22220,35954,58979,0
22221,76764,82792,0
22222,137669,86647,0
22223,24871,111842,0
22224,74469,128311,0
22225,9980,123543,0
22226,133154,86942,0
22227,3302,30061,0
22228,103906,24641,0
22229,94453,108477,0
22230,124470,150383,0
22231,25758,140658,0
22232,73048,38872,0
22233,143302,149031,0
22234,128808,67257,0
22235,67292,17469,0
22236,43345,147878,0
22237,116914,73251,0
22238,76145,14954,0
22239,46774,113910,0
22240,108677,131287,0
22241,122990,20888,0
22242,55855,90266,0
22243,76969,25320,0
22244,151888,149370,0
22245,98300,111023,0
22246,25365,64609,0
22247,89957,18416,0
22248,100898,87081,0
22249,90673,148890,0
22250,148336,42652,0
22251,153480,17386,0
22252,102922,123118,0
22253,98754,30371,0
22254,125544,100202,0
22255,139054,65214,0
22256,122483,103382,0
22257,75515,133717,0
22258,64825,108768,0
22259,94488,147415,0
22260,102215,150767,0
22261,125322,6793,0
22262,153869,63811,0
22263,33483,141959,0
22264,99931,125895,0
22265,63180,41534,0
22266,70111,21752,0
22267,73928,307,0
22268,18423,84119,0
22269,43597,49637,0
22270,19684,110578,0
22271,52599,141450,0
22272,152063,85799,0
22273,138713,82763,0
22274,122541,57326,0
22275,52564,153229,0
22276,88790,70981,0
22277,126928,103138,0
22278,35593,91444,0
22279,115544,116935,0
22280,147316,79368,0
22281,8532,3667,0
22282,126921,136986,0
22283,71760,56532,0
22284,48445,139182,0
22285,134820,92681,0
22286,141242,40343,0
22287,72222,55467,0
22288,95510,143759,0
22289,73993,2624,0
22290,39046,131702,0
22291,45284,149306,0
22292,86027,62484,0
22293,139898,102506,0
22294,14853,153943,0
22295,24649,37146,0
22296,146643,31919,0
22297,150066,128453,0
22298,101419,17176,0
22299,151167,11467,0
22300,152260,3044,0
22301,48107,90269,0
22302,18358,66762,0
22303,107843,107954,0
22304,21315,85711,0
22305,111242,126388,0
22306,39179,50071,0
22307,22094,153677,0
22308,70807,66883,0
22309,73158,24572,0
22310,64238,92040,0
22311,90072,104312,0
22312,48836,12287,0
22313,114629,17206,0
22314,21859,75791,0
22315,13643,23710,0
22316,36239,24170,0
22317,102818,118086,0
22318,118166,105854,0
22319,10174,134843,0
22320,38229,20539,0
22321,115822,53229,0
22322,23818,71047,0
22323,13659,29201,0
22324,13230,90371,0
22325,19277,147267,0
22326,2550,32161,0
22327,36674,88718,0
22328,90000,26001,0
22329,118020,114842,0
22330,145389,17186,0
22331,69950,24477,0
22332,55146,95599,0
22333,11119,48149,0
22334,96077,99887,0
22335,131122,34595,0
22336,13056,63537,0
22337,72433,130761,0
22338,148201,117902,0
22339,128767,3603,0
22340,128159,109282,0
22341,26432,21250,0
22342,904,65821,0
22343,69841,96698,0
22344,126215,16089,0
22345,155154,84504,0
22346,108341,94495,0
22347,134375,4635,0
22348,95060,59091,0
22349,13624,8461,0
22350,135950,63580,0
22351,101958,100930,0
22352,142699,60803,0
22353,90539,91057,0
22354,114323,5379,0
22355,53343,135965,0
22356,28846,117509,0
22357,18184,19996,0
22358,51802,17189,0
22359,130317,40445,0
22360,131404,148926,0
22361,52126,142667,0
22362,21404,113107,0
22363,98582,117441,0
22364,95361,57892,0
22365,122363,72844,0
22366,80552,124502,0
22367,41502,88055,0
22368,112724,128170,0
22369,112205,116940,0
22370,92310,104479,0
22371,17844,132192,0
22372,86999,22875,0
22373,44592,151907,0
22374,75460,80218,0
22375,71030,13610,0
22376,84547,34645,0
22377,123408,57850,0
22378,69884,45636,0
22379,13839,11879,0
22380,145847,68530,0
22381,94695,13290,0
22382,100906,46657,0
22383,146403,19371,0
22384,61667,148077,0
22385,7597,33402,0
22386,146179,5581,0
22387,93971,150215,0
22388,9223,112429,0
22389,89680,33767,0
22390,30979,71427,0
22391,281,101606,0
22392,81586,41690,0
22393,96230,48572,0
22394,123902,86504,0
22395,64687,135719,0
22396,24962,72640,0
22397,122573,70747,0
22398,18301,122111,0
22399,28646,125064,0
22400,140214,67852,0
22401,103687,152741,0
22402,104469,122384,0
22403,37568,17361,0
22404,48160,149133,0
22405,150884,63026,0
22406,5075,82620,0
22407,103608,133214,0
22408,34525,1276,0
22409,128038,106970,0
22410,120324,62730,0
22411,101316,33477,0
22412,73925,34263,0
22413,110099,119043,0
22414,129463,127695,0
22415,151394,127415,0
22416,57396,7545,0
22417,112443,52427,0
22418,141482,51179,0
22419,70333,79853,0
22420,20519,94601,0
22421,135143,104718,0
22422,118645,64956,0
22423,145726,123249,0
22424,20415,47386,0
22425,112332,84373,0
22426,5230,106078,0
22427,16837,112662,0
22428,98909,82328,0
22429,96171,55229,0
22430,126456,127802,0
22431,68560,29629,0
22432,100873,65037,0
22433,11642,85389,0
22434,65254,124637,0
22435,153885,39085,0
22436,89521,65771,0
22437,140667,76754,0
22438,50689,132018,0
22439,76276,134515,0
22440,34715,29584,0
22441,46139,128486,0
22442,23058,20471,0
22443,113576,87967,0
22444,148923,52866,0
22445,99575,117001,0
22446,93144,28956,0
22447,90266,55347,0
22448,121663,112983,0
22449,106748,51707,0
22450,3374,116751,0
22451,117578,9057,0
22452,153845,46167,0
22453,117745,74463,0
22454,20266,76579,0
22455,24206,18689,0
22456,141314,127842,0
22457,113702,135137,0
22458,97934,5740,0
22459,130696,21712,0
22460,25904,6107,0
22461,40876,36752,0
22462,96756,39791,0
22463,135960,66063,0
22464,19230,129864,0
22465,143318,47565,0
22466,89372,20953,0
22467,131178,20213,0
22468,71237,138241,0
22469,145466,17848,0
22470,96992,147109,0
22471,133035,31202,0
22472,124085,3859,0
22473,116556,143325,0
22474,132455,24307,0
22475,78700,61650,0
22476,18029,133438,0
22477,21644,59526,0
22478,103104,22726,0
22479,44205,108017,0
22480,152295,105667,0
22481,33879,106254,0
22482,51036,18870,0
22483,41801,149366,0
22484,48807,59478,0
22485,20328,29248,0
22486,48844,25723,0
22487,108116,9370,0
22488,15330,83591,0
22489,144375,70014,0
22490,132198,7926,0
22491,57707,112952,0
22492,13373,84204,0
22493,99023,16586,0
22494,138707,3169,0
22495,119085,11299,0
22496,124361,10016,0
22497,127701,117020,0
22498,122117,97671,0
22499,109478,77942,0
22500,17061,47265,0
22501,23078,134081,0
22502,130636,63294,0
22503,58282,138777,0
22504,13893,127998,0
22505,68638,97353,0
22506,12616,61796,0
22507,7884,35905,0
22508,40344,105356,0
22509,92158,10512,0
22510,120491,85070,0
22511,65752,74058,0
22512,82321,19118,0
22513,142630,96617,0
22514,9519,141690,0
22515,143560,100160,0
22516,95013,148014,0
22517,83088,91765,0
22518,31407,68128,0
22519,115607,27555,0
22520,71148,144109,0
22521,62965,108327,0
22522,650,142014,0
22523,44095,114934,0
22524,112152,133812,0
22525,137234,151850,0
22526,19828,91773,0
22527,12827,114109,0
22528,124083,110347,0
22529,25343,7791,0
22530,144188,71257,0
22531,122110,99913,0
22532,19403,50356,0
22533,145981,66672,0
22534,128859,78779,0
22535,33551,129296,0
22536,152881,44729,0
22537,105219,10540,0
22538,35023,91749,0
22539,37290,72943,0
22540,90822,99687,0
22541,70978,35801,0
22542,75022,108827,0
22543,42844,98453,0
22544,112600,70572,0
22545,35838,62783,0
22546,64910,2738,0
22547,37623,94573,0
22548,59834,111281,0
22549,114536,37151,0
22550,2111,499,0
22551,88935,11359,0
22552,106361,82776,0
22553,76345,6369,0
22554,40491,140759,0
22555,34164,687,0
22556,19349,117801,0
22557,11697,35605,0
22558,33079,101555,0
22559,38605,24145,0
22560,53387,150622,0
22561,95873,136724,0
22562,31691,52363,0
22563,152905,57549,0
22564,131514,128729,0
22565,104724,59575,0
22566,46631,84211,0
22567,105589,100269,0
22568,23671,67661,0
22569,4319,144129,0
22570,46479,133680,0
22571,5937,49960,0
22572,30114,10120,0
22573,33003,13613,0
22574,574,124267,0
22575,35522,23303,0
22576,107840,63656,0
22577,47142,4669,0
22578,55247,53845,0
22579,3650,131565,0
22580,128036,8782,0
22581,102757,41146,0
22582,45814,67568,0
22583,134414,151811,0
22584,30892,21258,0
22585,65943,65673,0
22586,28898,191,0
22587,153143,102118,0
22588,80462,136057,0
22589,61248,105957,0
22590,149653,15899,0
22591,90083,11426,0
22592,28483,154055,0
22593,136384,133900,0
22594,47965,62349,0
22595,4467,78671,0
22596,44599,61496,0
22597,100898,44166,0
22598,1310,137749,0
22599,47278,17560,0
22600,59355,152440,0
22601,37976,61779,0
22602,19849,66600,0
22603,61620,77903,0
22604,115489,39585,0
22605,60971,62485,0
22606,143266,115276,0
22607,108608,28907,0
22608,4751,140907,0
22609,95814,144528,0
22610,89721,23550,0
22611,105116,49568,0
22612,51501,52289,0
22613,80097,47507,0
22614,90997,100709,0
22615,136972,64746,0
22616,91596,88449,0
22617,113095,40457,0
22618,20553,110197,0
22619,37774,47452,0
22620,44705,8520,0
22621,136436,123424,0
22622,50386,100673,0
22623,56783,33996,0
22624,7889,30503,0
22625,24509,101694,0
22626,27482,4942,0
22627,69901,11663,0
22628,84201,133097,0
22629,89957,105439,0
22630,140581,21187,0
22631,53329,144879,0
22632,76194,64865,0
22633,66449,32265,0
22634,45567,30327,0
22635,118380,46442,0
22636,15061,127104,0
22637,127743,5057,0
22638,21406,62996,0
22639,115000,29261,0
22640,110048,22098,0
22641,67255,136158,0
22642,13557,87655,0
22643,18467,132500,0
22644,103001,23615,0
22645,38917,144642,0
22646,118785,41265,0
22647,116928,135267,0
22648,29262,18899,0
22649,6455,102075,0
22650,114666,31108,0
22651,133443,145443,0
22652,102172,123366,0
22653,11969,121822,0
22654,140931,55077,0
22655,147832,49472,0
22656,107472,16386,0
22657,57957,107502,0
22658,128872,54747,0
22659,137863,62826,0
22660,70850,24324,0
22661,137745,57685,0
22662,50198,97030,0
22663,125178,146019,0
22664,111938,53139,0
22665,101209,71062,0
22666,43229,58093,0
22667,67028,133613,0
22668,101646,136633,0
22669,112660,53253,0
22670,85610,81236,0
22671,103398,122348,0
22672,35245,93151,0
22673,10322,11853,0
22674,83140,97702,0
22675,92036,112799,0
22676,17063,14156,0
22677,148941,43177,0
22678,139108,78314,0
22679,111515,49748,0
22680,140603,23858,0
22681,131634,131015,0
22682,55136,154495,0
22683,108908,62994,0
22684,23707,45731,0
22685,152951,136970,0
22686,80942,42458,0
22687,151211,118076,0
22688,24503,125408,0
22689,23955,68387,0
22690,64171,36341,0
22691,50807,88156,0
22692,139386,126362,0
22693,11487,17706,0
22694,133509,47386,0
22695,134009,136785,0
22696,77563,152078,0
22697,132798,40109,0
22698,48664,51837,0
22699,74455,54005,0
22700,13020,89161,0
22701,51250,606,0
22702,112133,7801,0
22703,102015,140473,0
22704,95113,139874,0
22705,110534,31894,0
22706,61305,153028,0
22707,55200,82798,0
22708,7200,15781,0
22709,143154,129155,0
22710,150782,132338,0
22711,100101,32737,0
22712,41348,13459,0
22713,75494,139972,0
22714,114292,10562,0
22715,72221,77786,0
22716,78276,72464,0
22717,30357,25259,0
22718,144704,21985,0
22719,9435,67033,0
22720,33832,7908,0
22721,42112,128707,0
22722,97495,97401,0
22723,103846,102070,0
22724,57329,29640,0
22725,95481,27546,0
22726,34330,20055,0
22727,54701,112106,0
22728,52213,97095,0
22729,50828,110346,0
22730,16032,31733,0
22731,77632,76115,0
22732,47498,119204,0
22733,117503,94113,0
22734,114748,90881,0
22735,4464,70058,0
22736,116589,110715,0
22737,113620,44238,0
22738,19736,117663,0
22739,9449,146598,0
22740,10955,147383,0
22741,148864,5987,0
22742,45385,135866,0
22743,5930,22295,0
22744,13531,132677,0
22745,101616,78002,0
22746,135776,62883,0
22747,44455,28871,0
22748,30604,90496,0
22749,65800,125410,0
22750,141613,144484,0
22751,12673,98458,0
22752,128998,113782,0
22753,92283,29850,0
22754,47513,63083,0
22755,72981,137708,0
22756,27319,131219,0
22757,65075,139825,0
22758,64800,29056,0
22759,117751,30840,0
22760,89371,122868,0
22761,33221,97078,0
22762,113903,121386,0
22763,152420,3400,0
22764,50111,8643,0
22765,33996,153453,0
22766,53880,89639,0
22767,76442,136796,0
22768,129996,136843,0
22769,99443,30944,0
22770,7984,440,0
22771,30830,70333,0
22772,128727,29253,0
22773,52520,17579,0
22774,152274,65925,0
22775,34590,69115,0
22776,131923,85534,0
22777,31715,22676,0
22778,64622,22030,0
22779,37745,95701,0
22780,27098,154983,0
22781,61389,49380,0
22782,78882,109280,0
22783,24051,127411,0
22784,148249,54536,0
22785,50272,48922,0
22786,35605,77491,0
22787,40658,75522,0
22788,144277,151476,0
22789,88386,146911,0
22790,4250,148961,0
22791,51217,121608,0
22792,119202,13475,0
22793,36000,2742,0
22794,68293,92864,0
22795,152851,123140,0
22796,38268,68503,0
22797,151009,127627,0
22798,3533,85372,0
22799,46966,34671,0
22800,15080,98355,0
22801,154347,113293,0
22802,37858,137656,0
22803,86687,15364,0
22804,70967,49502,0
22805,57896,97350,0
22806,95766,35782,0
22807,70675,24073,0
22808,59709,59853,0
22809,35633,64582,0
22810,47848,94476,0
22811,27695,34466,0
22812,30625,41943,0
22813,146895,62831,0
22814,116142,132293,0
22815,48352,131542,0
22816,123009,106351,0
22817,22051,87738,0
22818,148391,74094,0
22819,59022,137339,0
22820,92360,43691,0
22821,11735,135690,0
22822,27153,16816,0
22823,134352,35045,0
22824,108894,100512,0
22825,31084,21979,0
22826,101059,71247,0
22827,56271,22466,0
22828,112826,71382,0
22829,12724,147947,0
22830,41237,92090,0
22831,66664,122780,0
22832,42355,27237,0
22833,128197,44492,0
22834,33737,87364,0
22835,37373,133682,0
22836,148049,92629,0
22837,35836,51448,0
22838,135318,56888,0
22839,147285,58740,0
22840,26105,114874,0
22841,69129,28369,0
22842,117401,34976,0
22843,152049,151390,0
22844,58827,54584,0
22845,58590,126551,0
22846,26807,92386,0
22847,96938,155143,0
22848,153657,44882,0
22849,89954,108787,0
22850,25601,16012,0
22851,141413,130445,0
22852,69687,138751,0
22853,51087,14631,0
22854,40741,77481,0
22855,35173,13018,0
22856,145127,66973,0
22857,65686,79418,0
22858,48144,10187,0
22859,59594,102508,0
22860,151976,88061,0
22861,46609,54117,0
22862,125258,22929,0
22863,62669,24641,0
22864,111841,93514,0
22865,82030,146259,0
22866,146044,94027,0
22867,135860,17133,0
22868,121241,73701,0
22869,2141,10723,0
22870,152556,82766,0
22871,62880,22736,0
22872,53040,17930,0
22873,89349,129961,0
22874,55667,49994,0
22875,113792,65296,0
22876,132713,54254,0
22877,10815,117564,0
22878,137238,48774,0
22879,70193,45260,0
22880,88204,46570,0
22881,119050,121050,0
22882,128384,3102,0
22883,114232,130475,0
22884,153003,79752,0
22885,44041,50997,0
22886,109914,111191,0
22887,1588,71076,0
22888,128382,154521,0
22889,129054,92057,0
22890,106743,113171,0
22891,59562,133179,0
22892,110619,134593,0
22893,65343,117631,0
22894,150060,38666,0
22895,50356,108276,0
22896,52281,52812,0
22897,22066,36040,0
22898,8849,33994,0
22899,141296,91223,0
22900,22835,79292,0
22901,52369,154489,0
22902,67575,61522,0
22903,59164,52787,0
22904,82933,94892,0
22905,155136,100199,0
22906,21438,22930,0
22907,127003,28261,0
22908,81552,114211,0
22909,44498,81498,0
22910,94101,114836,0
22911,94836,89685,0
22912,110055,114748,0
22913,124549,123751,0
22914,69720,31437,0
22915,89825,11816,0
22916,78299,41164,0
22917,128770,129959,0
22918,87996,31281,0
22919,134935,116584,0
22920,50136,2654,0
22921,144500,106035,0
22922,106702,154076,0
22923,154122,90552,0
22924,138092,30562,0
22925,105605,146601,0
22926,17613,16003,0
22927,67725,126161,0
22928,100163,1422,0
22929,4374,3358,0
22930,42218,69366,0
22931,125685,27506,0
22932,118598,127566,0
22933,55716,60832,0
22934,84314,85239,0
22935,55352,106482,0
22936,73137,30487,0
22937,56720,7106,0
22938,153794,42608,0
22939,22927,13421,0
22940,139960,10246,0
22941,82357,133854,0
22942,91531,23519,0
22943,23873,102978,0
22944,15508,63510,0
22945,121330,87999,0
22946,75436,31131,0
22947,69488,103904,0
22948,56144,151426,0
22949,99749,89700,0
22950,6371,98081,0
22951,135590,94180,0
22952,67528,57215,0
22953,50368,109570,0
22954,19767,10658,0
22955,141630,60849,0
22956,75208,125827,0
22957,144405,68535,0
22958,107268,72817,0
22959,43302,68690,0
22960,120617,16693,0
22961,25974,5350,0
22962,89567,100840,0
22963,121011,101606,0
22964,64170,100439,0
22965,87993,146103,0
22966,53434,150119,0
22967,95399,71054,0
22968,151988,22106,0
22969,65059,100515,0
22970,71316,11351,0
22971,56479,75649,0
22972,130185,44325,0
22973,61280,134699,0
22974,141870,13774,0
22975,74557,9824,0
22976,126113,9277,0
22977,108292,78321,0
22978,77890,83093,0
22979,112832,21836,0
22980,4662,95725,0
22981,4822,55425,0
22982,13900,17972,0
22983,119892,96230,0
22984,29413,136941,0
22985,86368,56219,0
22986,140113,59787,0
22987,70505,53393,0
22988,140312,146583,0
22989,20752,20188,0
22990,116850,21692,0
22991,14467,63468,0
22992,47827,53206,0
22993,139856,24224,0
22994,52108,102296,0
22995,136133,123138,0
22996,55644,113638,0
22997,99455,78305,0
22998,26251,75117,0
22999,100157,67094,0
23000,57387,79698,0
23001,109544,57650,0
23002,103543,22433,0
23003,38260,148689,0
23004,26135,95408,0
23005,48399,137020,0
23006,118366,49446,0
23007,5491,64113,0
23008,7450,113489,0
23009,95312,72122,0
23010,102688,41377,0
23011,27414,111997,0
23012,18655,26405,0
23013,56381,80079,0
23014,114088,17430,0
23015,79976,120746,0
23016,45667,52643,0
23017,10554,16739,0
23018,66605,41176,0
23019,129849,2525,0
23020,151058,35686,0
23021,103224,27917,0
23022,81346,12782,0
23023,29500,137152,0
23024,5429,11373,0
23025,41590,34606,0
23026,108645,138520,0
23027,27839,7713,0
23028,98325,43184,0
23029,61084,108736,0
23030,93063,6851,0
23031,115000,23622,0
23032,90773,155059,0
23033,52259,80678,0
23034,85326,147617,0
23035,125308,98896,0
23036,46022,32040,0
23037,1635,125918,0
23038,36021,13491,0
23039,111388,1848,0
23040,108015,64101,0
23041,111650,78982,0
23042,139643,101044,0
23043,140164,154112,0
23044,76797,73879,0
23045,80534,50753,0
23046,61686,67175,0
23047,77530,101583,0
23048,87239,56627,0
23049,144525,98701,0
23050,40774,8240,0
23051,13787,91833,0
23052,75112,33386,0
23053,58293,97632,0
23054,61179,143760,0
23055,19310,16269,0
23056,3412,103024,0
23057,114314,123614,0
23058,59232,116279,0
23059,103683,72193,0
23060,133979,724,0
23061,116431,145258,0
23062,89182,69848,0
23063,5724,134850,0
23064,128384,105254,0
23065,72791,63878,0
23066,39665,12477,0
23067,126758,62767,0
23068,88169,42845,0
23069,70456,126059,0
23070,87266,95073,0
23071,71372,111810,0
23072,114573,50877,0
23073,143892,26485,0
23074,130981,7336,0
23075,71626,88898,0
23076,61494,66609,0
23077,101330,125731,0
23078,86570,104452,0
23079,51087,138791,0
23080,64283,146447,0
23081,69368,42982,0
23082,11597,21855,0
23083,137671,44708,0
23084,68539,104976,0
23085,99096,53198,0
23086,91864,66473,0
23087,145270,22314,0
23088,58728,51030,0
23089,8923,132152,0
23090,113820,72358,0
23091,1549,8110,0
23092,90811,7667,0
23093,2970,88772,0
23094,148202,103109,0
23095,112229,125488,0
23096,9117,149735,0
23097,43138,130487,0
23098,106694,141113,0
23099,66911,36502,0
23100,53879,17007,0
23101,107498,116950,0
23102,64895,76143,0
23103,87227,38824,0
23104,48799,46628,0
23105,151190,105769,0
23106,122291,60440,0
23107,40159,146437,0
23108,88924,126674,0
23109,46073,45083,0
23110,126972,81481,0
23111,81696,117474,0
23112,141481,88974,0
23113,25015,52439,0
23114,83359,79678,0
23115,1472,31382,0
23116,14233,111482,0
23117,146139,25381,0
23118,56386,34410,0
23119,140106,136177,0
23120,114460,138346,0
23121,96268,56284,0
23122,22822,28434,0
23123,49685,69532,0
23124,68852,15012,0
23125,37205,131142,0
23126,90502,95541,0
23127,78677,49924,0
23128,135663,105969,0
23129,61407,71956,0
23130,131820,3842,0
23131,119010,112085,0
23132,19461,41361,0
23133,147748,16908,0
23134,17421,139986,0
23135,3407,51414,0
23136,143252,88835,0
23137,44956,125282,0
23138,49639,95249,0
23139,19836,40898,0
23140,128222,91232,0
23141,108611,138711,0
23142,141294,121519,0
23143,139346,131006,0
23144,70036,119165,0
23145,30277,61737,0
23146,80956,103210,0
23147,24832,101982,0
23148,34419,56259,0
23149,129208,16926,0
23150,97868,90387,0
23151,38399,63850,0
23152,13488,77412,0
23153,74466,50453,0
23154,110833,58995,0
23155,23964,48168,0
23156,86058,96550,0
23157,7630,78014,0
23158,98464,12724,0
23159,14011,58148,0
23160,152745,118255,0
23161,14322,84567,0
23162,53900,21245,0
23163,138088,40883,0
23164,118837,98108,0
23165,74240,65466,0
23166,81789,64505,0
23167,98832,114594,0
23168,102844,132005,0
23169,154896,59730,0
23170,79006,119917,0
23171,137630,142806,0
23172,110383,85533,0
23173,128040,57340,0
23174,141129,91926,0
23175,77133,148024,0
23176,100893,71389,0
23177,117699,149483,0
23178,13507,87759,0
23179,93433,110422,0
23180,98377,116522,0
23181,41899,51657,0
23182,5056,62067,0
23183,6787,83338,0
23184,122259,84611,0
23185,31666,52341,0
23186,99293,5983,0
23187,18674,113541,0
23188,105349,94941,0
23189,144650,135561,0
23190,116759,105129,0
23191,56638,120363,0
23192,94202,13332,0
23193,48661,70244,0
23194,76290,43363,0
23195,28204,141568,0
23196,86806,67170,0
23197,90689,152635,0
23198,53167,29669,0
23199,17516,106589,0
23200,84168,17766,0
23201,152388,104658,0
23202,102546,148976,0
23203,30800,14905,0
23204,27770,153363,0
23205,56155,118107,0
23206,106791,144211,0
23207,150595,100022,0
23208,78778,44505,0
23209,48623,137617,0
23210,91580,120761,0
23211,10281,94736,0
23212,89258,37237,0
23213,14676,22588,0
23214,124227,77043,0
23215,53998,8737,0
23216,135775,140557,0
23217,132131,101749,0
23218,23092,121967,0
23219,3804,28528,0
23220,24486,133471,0
23221,128294,21853,0
23222,71660,144392,0
23223,15419,29511,0
23224,36256,14845,0
23225,28420,138924,0
23226,28234,49297,0
23227,140952,133304,0
23228,108277,20302,0
23229,101202,58996,0
23230,143291,20248,0
23231,95331,40382,0
23232,46724,127149,0
23233,57903,11743,0
23234,142800,98967,0
23235,12430,140867,0
23236,59707,141330,0
23237,79860,124801,0
23238,7478,149094,0
23239,100340,49715,0
23240,31582,51197,0
23241,110238,30709,0
23242,18115,153151,0
23243,16413,31773,0
23244,122192,65024,0
23245,79870,28278,0
23246,51206,64865,0
23247,58671,89081,0
23248,44165,73277,0
23249,63975,48649,0
23250,92618,59708,0
23251,10410,136639,0
23252,41153,89069,0
23253,129728,148953,0
23254,36754,83428,0
23255,143716,105024,0
23256,68070,111056,0
23257,18767,16786,0
23258,5916,88331,0
23259,103600,116996,0
23260,106392,1238,0
23261,110791,83591,0
23262,91717,128295,0
23263,42026,86162,0
23264,55199,47150,0
23265,111663,144301,0
23266,106344,31503,0
23267,125461,95990,0
23268,124105,139246,0
23269,129801,139207,0
23270,20574,123992,0
23271,127176,126575,0
23272,64866,125868,0
23273,36925,101925,0
23274,132947,45167,0
23275,25999,63933,0
23276,3644,132379,0
23277,112172,53861,0
23278,81974,116362,0
23279,82640,13578,0
23280,124530,153056,0
23281,153518,35688,0
23282,81148,37127,0
23283,130815,118907,0
23284,81098,131728,0
23285,16495,154493,0
23286,67338,21186,0
23287,133253,22236,0
23288,13568,22836,0
23289,710,79827,0
23290,90699,57407,0
23291,101348,17105,0
23292,75595,79494,0
23293,120076,91898,0
23294,21835,152359,0
23295,61258,9825,0
23296,47284,71630,0
23297,59586,8044,0
23298,150872,10947,0
23299,94717,71616,0
23300,14090,52059,0
23301,50129,66675,0
23302,106667,124972,0
23303,97633,89234,0
23304,41268,142811,0
23305,105912,6710,0
23306,32705,146,0
23307,150328,8813,0
23308,57618,150801,0
23309,77734,109595,0
23310,43209,18481,0
23311,17622,26739,0
23312,133410,131276,0
23313,146812,10194,0
23314,34587,66917,0
23315,85094,3003,0
23316,124765,8086,0
23317,48286,66205,0
23318,32206,121126,0
23319,63617,54803,0
23320,138496,10115,0
23321,36529,136469,0
23322,119167,95421,0
23323,127800,117944,0
23324,62480,38629,0
23325,11856,97089,0
23326,52451,67480,0
23327,26049,139507,0
23328,18727,79118,0
23329,60418,51007,0
23330,95819,95732,0
23331,126295,41573,0
23332,150301,84352,0
23333,25590,6805,0
23334,119120,139545,0
23335,27756,3037,0
23336,126901,130866,0
23337,94140,59767,0
23338,91867,112561,0
23339,76327,515,0
23340,50654,21043,0
23341,124160,99638,0
23342,145775,3205,0
23343,57657,19429,0
23344,139367,44512,0
23345,154294,110848,0
23346,56375,141172,0
23347,152534,44559,0
23348,41824,124315,0
23349,25367,135779,0
23350,89930,51842,0
23351,25037,72710,0
23352,75664,11003,0
23353,9067,125497,0
23354,55739,71035,0
23355,109874,138325,0
23356,94384,117389,0
23357,134440,85404,0
23358,97373,32671,0
23359,117745,139715,0
23360,119264,127932,0
23361,24125,77656,0
23362,153108,124777,0
23363,10234,21932,0
23364,14992,70221,0
23365,52387,11298,0
23366,39876,118736,0
23367,56407,71714,0
23368,35195,143356,0
23369,64364,26791,0
23370,62451,36562,0
23371,63745,132705,0
23372,60237,97313,0
23373,70665,106160,0
23374,4817,141916,0
23375,147127,8921,0
23376,13573,11999,0
23377,116849,2814,0
23378,51264,2654,0
23379,91654,962,0
23380,138586,146680,0
23381,71878,6444,0
23382,149647,44965,0
23383,102241,35283,0
23384,60502,96936,0
23385,9215,4902,0
23386,90193,136877,0
23387,30438,19546,0
23388,153354,109538,0
23389,45122,56821,0
23390,106565,28001,0
23391,87921,48974,0
23392,56541,2724,0
23393,138091,152767,0
23394,115079,78241,0
23395,23633,154275,0
23396,25513,109490,0
23397,41359,126632,0
23398,78938,69826,0
23399,21777,20592,0
23400,87665,77432,0
23401,25390,19562,0
23402,137050,53642,0
23403,8880,123155,0
23404,7708,119573,0
23405,8145,126091,0
23406,108765,121438,0
23407,124170,134661,0
23408,64564,65108,0
23409,79957,122303,0
23410,3397,114332,0
23411,8128,113250,0
23412,34597,136748,0
23413,85778,139025,0
23414,25948,97145,0
23415,85871,142162,0
23416,153627,17561,0
23417,27064,32963,0
23418,13573,81581,0
23419,129574,150742,0
23420,44762,53261,0
23421,126318,103272,0
23422,89547,151271,0
23423,54302,122634,0
23424,64002,45304,0
23425,13527,131843,0
23426,108950,33931,0
23427,8525,141804,0
23428,76452,89852,0
23429,64569,100635,0
23430,109439,141856,0
23431,146121,49187,0
23432,135305,116218,0
23433,47019,130949,0
23434,4295,59919,0
23435,51618,100370,0
23436,87790,5072,0
23437,31472,129845,0
23438,746,75161,0
23439,25871,36804,0
23440,44705,23823,0
23441,34571,108670,0
23442,3697,98509,0
23443,151695,90406,0
23444,121302,94025,0
23445,148722,61879,0
23446,10937,38546,0
23447,146132,93739,0
23448,121880,54962,0
23449,141659,95971,0
23450,68693,37668,0
23451,142193,42015,0
23452,27875,21051,0
23453,152150,128806,0
23454,41675,128279,0
23455,133052,67175,0
23456,79446,129518,0
23457,20997,110074,0
23458,5718,155120,0
23459,113465,23113,0
23460,23925,98262,0
23461,135351,7377,0
23462,145370,37150,0
23463,23464,83491,0
23464,105548,31795,0
23465,110702,27823,0
23466,69990,93511,0
23467,4705,78679,0
23468,114230,63704,0
23469,697,67872,0
23470,69971,113916,0
23471,68243,21324,0
23472,103312,65154,0
23473,100048,53969,0
23474,6400,80856,0
23475,59751,138901,0
23476,100125,81353,0
23477,74145,11050,0
23478,70682,108717,0
23479,155048,117030,0
23480,74527,80187,0
23481,16228,152235,0
23482,98826,78508,0
23483,134591,116520,0
23484,90162,3277,0
23485,6179,106410,0
23486,114644,55440,0
23487,111253,113464,0
23488,124337,96040,0
23489,84970,94487,0
23490,4395,52355,0
23491,19153,89868,0
23492,64600,116352,0
23493,104890,147605,0
23494,93384,39841,0
23495,142043,151458,0
23496,26354,60631,0
23497,115847,123405,0
23498,39492,62999,0
23499,90228,11576,0
23500,127519,47481,0
23501,87592,69271,0
23502,18267,72814,0
23503,121161,73247,0
23504,22666,150405,0
23505,91720,113865,0
23506,70811,35486,0
23507,79868,12607,0
23508,75302,130149,0
23509,135228,12554,0
23510,31429,91326,0
23511,10791,104176,0
23512,69166,98095,0
23513,144351,130535,0
23514,124860,11148,0
23515,40896,154381,0
23516,81735,42993,0
23517,104935,81888,0
23518,110813,7615,0
23519,46059,80538,0
23520,115336,76727,0
23521,122750,13956,0
23522,37254,111072,0
23523,119329,115719,0
23524,96526,9794,0
23525,59255,95401,0
23526,148863,101227,0
23527,97600,120696,0
23528,8199,97632,0
23529,78139,32268,0
23530,54501,68762,0
23531,87491,38169,0
23532,113714,14826,0
23533,131137,135925,0
23534,52433,27429,0
23535,140469,145923,0
23536,71046,122848,0
23537,94865,2282,0
23538,9649,22643,0
23539,98241,59299,0
23540,65957,153068,0
23541,51916,28866,0
23542,104572,86355,0
23543,123471,64549,0
23544,97243,65153,0
23545,11092,9637,0
23546,94818,32782,0
23547,122026,90410,0
23548,7293,52716,0
23549,49831,82147,0
23550,126618,72175,0
23551,151941,47432,0
23552,81401,137314,0
23553,140204,43842,0
23554,11897,3942,0
23555,9148,40639,0
23556,109093,15035,0
23557,153038,151729,0
23558,139691,108781,0
23559,50497,123040,0
23560,48041,112823,0
23561,130341,152373,0
23562,104029,83301,0
23563,141071,30416,0
23564,70817,56361,0
23565,53985,47367,0
23566,14210,71659,0
23567,125781,111406,0
23568,113091,35508,0
23569,19616,137756,0
23570,23438,104451,0
23571,38941,122790,0
23572,54734,105412,0
23573,25959,76852,0
23574,77066,55683,0
23575,154855,106038,0
23576,87303,126830,0
23577,54483,123706,0
23578,133020,97580,0
23579,124402,86518,0
23580,119648,93248,0
23581,5797,133770,0
23582,95937,120730,0
23583,43845,80535,0
23584,108242,1719,0
23585,4607,65208,0
23586,17467,100928,0
23587,66573,55489,0
23588,16857,28131,0
23589,139772,119416,0
23590,91997,87447,0
23591,4362,55486,0
23592,128543,35424,0
23593,47366,88172,0
23594,135491,134587,0
23595,28108,11412,0
23596,75534,95710,0
23597,79064,56904,0
23598,14217,149508,0
23599,29011,139473,0
23600,95643,89232,0
23601,64432,60522,0
23602,37388,147872,0
23603,54876,136113,0
23604,151668,136032,0
23605,12979,82560,0
23606,34944,84985,0
23607,152503,81061,0
23608,52508,37524,0
23609,14248,140994,0
23610,133706,103603,0
23611,23876,63497,0
23612,70723,1743,0
23613,129648,29802,0
23614,54423,43031,0
23615,5741,74218,0
23616,32384,88544,0
23617,55951,72177,0
23618,68423,136260,0
23619,119717,54967,0
23620,95637,133072,0
23621,141926,38612,0
23622,24699,118690,0
23623,141036,67764,0
23624,106574,152716,0
23625,48132,33903,0
23626,48965,95231,0
23627,57430,128319,0
23628,142268,103989,0
23629,50128,3290,0
23630,58221,124967,0
23631,43140,118003,0
23632,30129,409,0
23633,43358,119238,0
23634,19127,49655,0
23635,129449,82682,0
23636,139301,22305,0
23637,32789,142554,0
23638,48606,110742,0
23639,59892,75214,0
23640,98145,8622,0
23641,16094,57801,0
23642,66251,149579,0
23643,85427,17070,0
23644,153167,81321,0
23645,147527,48476,0
23646,132240,81350,0
23647,111452,77459,0
23648,44070,58819,0
23649,138835,120461,0
23650,103104,17101,0
23651,60583,105653,0
23652,75728,124966,0
23653,35939,2238,0
23654,86324,5386,0
23655,88410,122592,0
23656,113763,127416,0
23657,125047,73750,0
23658,90135,40021,0
23659,30494,115916,0
23660,14775,76285,0
23661,120839,72526,0
23662,44351,115303,0
23663,118991,23774,0
23664,119377,9097,0
23665,70830,40272,0
23666,80691,133729,0
23667,145493,22595,0
23668,118386,4060,0
23669,128361,145790,0
23670,27373,111467,0
23671,5455,63031,0
23672,27086,75518,0
23673,152324,4559,0
23674,86758,78462,0
23675,152854,4035,0
23676,110313,93388,0
23677,47637,85231,0
23678,108564,88821,0
23679,66210,114399,0
23680,61686,7032,0
23681,152174,17484,0
23682,96481,35933,0
23683,88962,8769,0
23684,42983,65532,0
23685,32637,13486,0
23686,50652,148975,0
23687,82293,117031,0
23688,130113,71095,0
23689,110445,71282,0
23690,52231,14629,0
23691,154755,6960,0
23692,146303,83469,0
23693,153214,89615,0
23694,117401,77193,0
23695,113276,68801,0
23696,103836,4037,0
23697,130291,76425,0
23698,36106,98519,0
23699,13552,102236,0
23700,96152,60074,0
23701,45202,27226,0
23702,56855,139236,0
23703,55515,104439,0
23704,5252,120432,0
23705,85548,43799,0
23706,35693,54979,0
23707,58918,64889,0
23708,99036,111590,0
23709,18008,125806,0
23710,19012,109843,0
23711,85394,20322,0
23712,2829,115935,0
23713,142146,151778,0
23714,4956,62598,0
23715,153259,84390,0
23716,127107,66970,0
23717,26117,32193,0
23718,72077,77424,0
23719,107965,42853,0
23720,25705,64894,0
23721,98561,114245,0
23722,101474,25826,0
23723,122606,56871,0
23724,105157,33971,0
23725,57896,98188,0
23726,113580,69472,0
23727,24094,58772,0
23728,145584,109611,0
23729,139583,46129,0
23730,145518,3918,0
23731,71019,107372,0
23732,153126,140032,0
23733,107834,43152,0
23734,41237,27253,0
23735,145197,41714,0
23736,78311,16566,0
23737,16501,102217,0
23738,1856,32946,0
23739,90007,23759,0
23740,47113,96164,0
23741,77804,34298,0
23742,52544,117604,0
23743,31211,25275,0
23744,148202,40526,0
23745,125452,10774,0
23746,140730,142971,0
23747,137231,132087,0
23748,112112,9477,0
23749,29664,26582,0
23750,11178,30676,0
23751,60071,108890,0
23752,25438,99009,0
23753,152257,135589,0
23754,2111,54675,0
23755,45560,67772,0
23756,81905,50495,0
23757,32991,142253,0
23758,19288,90496,0
23759,49327,148596,0
23760,124810,99110,0
23761,5941,37425,0
23762,129590,23724,0
23763,141542,45742,0
23764,45798,12638,0
23765,124166,10757,0
23766,27943,103030,0
23767,43660,5318,0
23768,129647,119016,0
23769,19483,75668,0
23770,7163,90643,0
23771,131891,34081,0
23772,124372,6077,0
23773,135629,58398,0
23774,117057,39269,0
23775,107673,102586,0
23776,126554,105626,0
23777,11550,39656,0
23778,74272,40000,0
23779,41214,81367,0
23780,64713,104701,0
23781,17604,6288,0
23782,131598,142248,0
23783,40555,38568,0
23784,33279,26764,0
23785,144049,112455,0
23786,133677,8219,0
23787,110165,140968,0
23788,101638,143275,0
23789,50494,57731,0
23790,92023,60466,0
23791,41628,121298,0
23792,94818,137438,0
23793,101100,84573,0
23794,75092,95796,0
23795,149818,129287,0
23796,47201,114780,0
23797,121281,43854,0
23798,104224,26917,0
23799,100016,82443,0
23800,111876,74066,0
23801,57867,101602,0
23802,145159,123518,0
23803,19507,32348,0
23804,1254,96991,0
23805,46296,53894,0
23806,18598,53642,0
23807,132401,128548,0
23808,90514,92982,0
23809,106314,38177,0
23810,66281,148811,0
23811,53550,42324,0
23812,72469,71159,0
23813,90773,146486,0
23814,49935,145871,0
23815,64112,13207,0
23816,20512,115556,0
23817,111982,51181,0
23818,83141,118126,0
23819,131863,24707,0
23820,105043,100862,0
23821,152956,112014,0
23822,131251,3496,0
23823,26130,83045,0
23824,43588,119307,0
23825,125185,1011,0
23826,112002,27886,0
23827,139934,37456,0
23828,73921,107470,0
23829,146293,33924,0
23830,72854,42895,0
23831,112811,66710,0
23832,127242,31298,0
23833,29714,40273,0
23834,119778,77812,0
23835,143853,72306,0
23836,86412,56997,0
23837,154337,53150,0
23838,99450,98802,0
23839,52156,120271,0
23840,106490,35936,0
23841,68661,6265,0
23842,10549,73356,0
23843,74377,22612,0
23844,17166,16016,0
23845,98776,138574,0
23846,130332,7558,0
23847,11595,142495,0
23848,49067,134382,0
23849,87665,5825,0
23850,6104,3948,0
23851,117639,56595,0
23852,117988,85287,0
23853,59005,48046,0
23854,46137,118756,0
23855,153639,146653,0
23856,9206,73904,0
23857,62615,12854,0
23858,64170,77768,0
23859,7003,52738,0
23860,11144,147007,0
23861,24855,37164,0
23862,153859,4192,0
23863,109626,32710,0
23864,6874,113349,0
23865,57972,139491,0
23866,22105,43602,0
23867,51,85957,0
23868,104257,118719,0
23869,138607,133455,0
23870,116106,53752,0
23871,31325,22738,0
23872,47567,155144,0
23873,10543,61274,0
23874,21823,143145,0
23875,150043,60390,0
23876,68547,26495,0
23877,75271,153222,0
23878,73829,130190,0
23879,80177,55665,0
23880,63565,68244,0
23881,48176,119968,0
23882,36802,12209,0
23883,109011,103021,0
23884,35987,7613,0
23885,136188,136064,0
23886,28126,40853,0
23887,142843,98628,0
23888,143290,25731,0
23889,143757,107185,0
23890,63020,100187,0
23891,137411,57951,0
23892,75839,107823,0
23893,47385,146606,0
23894,7693,155056,0
23895,101241,73713,0
23896,74358,46099,0
23897,8284,32515,0
23898,117215,119678,0
23899,6839,99302,0
23900,72509,41313,0
23901,93385,50424,0
23902,45860,72341,0
23903,95440,20471,0
23904,41477,44979,0
23905,24713,152217,0
23906,70013,114277,0
23907,5060,84304,0
23908,49706,97380,0
23909,6912,3299,0
23910,290,53316,0
23911,99055,75332,0
23912,122907,100612,0
23913,75052,85757,0
23914,110598,73677,0
23915,24349,27796,0
23916,55293,82516,0
23917,87868,100319,0
23918,16248,13136,0
23919,132347,62926,0
23920,12335,125148,0
23921,72148,116311,0
23922,61128,25703,0
23923,114748,105881,0
23924,124308,57978,0
23925,124406,31627,0
23926,64339,69880,0
23927,77174,17861,0
23928,132212,26563,0
23929,43690,39791,0
23930,125787,72725,0
23931,18510,6518,0
23932,22123,5784,0
23933,101771,127262,0
23934,86156,152196,0
23935,110704,35861,0
23936,71248,39023,0
23937,45455,123482,0
23938,96198,140296,0
23939,82720,18678,0
23940,31975,35585,0
23941,50777,68840,0
23942,145621,80148,0
23943,99108,129248,0
23944,78206,54434,0
23945,44222,33961,0
23946,69287,138605,0
23947,84551,58655,0
23948,89584,34764,0
23949,107336,106106,0
23950,70760,89369,0
23951,68951,55897,0
23952,79020,134571,0
23953,73735,118537,0
23954,89903,137294,0
23955,80542,71813,0
23956,369,99135,0
23957,61199,57341,0
23958,94652,28896,0
23959,150888,61812,0
23960,108962,55557,0
23961,33835,79993,0
23962,127787,63557,0
23963,135170,56038,0
23964,42086,84679,0
23965,47118,93806,0
23966,88489,101947,0
23967,97518,105852,0
23968,78203,61520,0
23969,15637,75841,0
23970,123784,22342,0
23971,60996,84191,0
23972,72340,7825,0
23973,147377,42796,0
23974,119791,113347,0
23975,94885,150216,0
23976,24549,126107,0
23977,8580,135135,0
23978,136275,105472,0
23979,148064,38132,0
23980,44058,36673,0
23981,30592,90433,0
23982,133103,139280,0
23983,57211,27777,0
23984,26095,52847,0
23985,43895,119073,0
23986,82919,74090,0
23987,115266,56290,0
23988,77825,6696,0
23989,116838,24416,0
23990,117266,115889,0
23991,10766,90905,0
23992,150349,115135,0
23993,96419,152924,0
23994,71674,102268,0
23995,85314,84056,0
23996,93667,47050,0
23997,104821,10567,0
23998,61901,86311,0
23999,59509,140292,0
24000,5639,105247,0
24001,24056,78508,0
24002,29583,86168,0
24003,13309,101333,0
24004,60182,121588,0
24005,31034,27430,0
24006,77413,90513,0
24007,155129,55496,0
24008,117704,104479,0
24009,154585,22814,0
24010,37026,92653,0
24011,2388,138583,0
24012,146731,147924,0
24013,67449,137283,0
24014,137189,114498,0
24015,153120,125304,0
24016,109532,127251,0
24017,114360,117371,0
24018,28201,113345,0
24019,124024,24573,0
24020,97158,110881,0
24021,18301,77757,0
24022,115761,80138,0
24023,148575,83282,0
24024,139288,120239,0
24025,107406,49159,0
24026,104349,14901,0
24027,14685,110542,0
24028,153925,141583,0
24029,43276,99446,0
24030,83140,111588,0
24031,119902,17070,0
24032,54572,30533,0
24033,16164,28772,0
24034,142450,153580,0
24035,22354,94860,0
24036,74698,119978,0
24037,80295,152867,0
24038,135228,152609,0
24039,81058,23501,0
24040,16735,64565,0
24041,119000,35191,0
24042,95345,29945,0
24043,34910,72235,0
24044,27306,56013,0
24045,152076,87530,0
24046,4649,26087,0
24047,54782,75253,0
24048,114594,80040,0
24049,21431,23983,0
24050,66988,24831,0
24051,71679,70291,0
24052,6951,79746,0
24053,87354,130515,0
24054,83604,137499,0
24055,70729,119710,0
24056,13443,68800,0
24057,93624,36486,0
24058,65904,80893,0
24059,57519,136479,0
24060,76323,120183,0
24061,49777,128838,0
24062,58585,47383,0
24063,105699,106639,0
24064,8592,16296,0
24065,143066,110695,0
24066,99117,59226,0
24067,5222,146980,0
24068,117310,54419,0
24069,40621,47811,0
24070,16711,17833,0
24071,114834,747,0
24072,43738,68361,0
24073,35345,146371,0
24074,38720,53734,0
24075,35834,75987,0
24076,152766,77166,0
24077,25033,69659,0
24078,66122,43233,0
24079,114945,117891,0
24080,115688,26236,0
24081,36357,43272,0
24082,6199,52772,0
24083,46402,124905,0
24084,143853,90825,0
24085,47260,37854,0
24086,130226,59654,0
24087,147699,151212,0
24088,4785,128691,0
24089,136517,95826,0
24090,135538,10207,0
24091,45319,37983,0
24092,142804,34174,0
24093,56820,82242,0
24094,33678,137425,0
24095,13931,129805,0
24096,93505,114360,0
24097,61694,108034,0
24098,68833,118686,0
24099,71539,91646,0
24100,102080,5728,0
24101,17516,71238,0
24102,95173,84249,0
24103,87996,131777,0
24104,48313,120804,0
24105,32611,126022,0
24106,36809,76255,0
24107,128307,61530,0
24108,89513,19750,0
24109,73348,28211,0
24110,64021,146693,0
24111,15930,133397,0
24112,112928,116685,0
24113,154640,71887,0
24114,83012,107632,0
24115,29318,69955,0
24116,129478,102848,0
24117,66,81972,0
24118,61761,93424,0
24119,41382,154353,0
24120,80615,151596,0
24121,53882,84511,0
24122,125611,3731,0
24123,60933,81711,0
24124,135890,51972,0
24125,60371,45406,0
24126,117536,53417,0
24127,102193,17593,0
24128,30445,49267,0
24129,29270,47994,0
24130,109532,66104,0
24131,47748,35413,0
24132,32506,133852,0
24133,9580,141756,0
24134,127402,44145,0
24135,109220,33770,0
24136,55176,19360,0
24137,37836,146919,0
24138,98950,154501,0
24139,6510,75838,0
24140,115282,39480,0
24141,14169,18414,0
24142,73308,95992,0
24143,89278,30973,0
24144,144984,66029,0
24145,47851,93915,0
24146,87479,71934,0
24147,6745,114285,0
24148,6341,43359,0
24149,127255,115028,0
24150,71553,54284,0
24151,2915,123350,0
24152,55201,145,0
24153,104365,124088,0
24154,154028,90075,0
24155,141669,57144,0
24156,103296,16383,0
24157,135256,22798,0
24158,56115,71552,0
24159,152200,107996,0
24160,19747,98940,0
24161,8897,133260,0
24162,19720,52051,0
24163,21002,139125,0
24164,154595,132438,0
24165,129465,11650,0
24166,9466,145214,0
24167,81454,1471,0
24168,131783,147426,0
24169,46036,97344,0
24170,28602,12905,0
24171,81948,37811,0
24172,123042,129241,0
24173,108872,125774,0
24174,12687,5244,0
24175,29967,32126,0
24176,150578,93247,0
24177,114322,85808,0
24178,79028,124787,0
24179,53708,89317,0
24180,16742,107632,0
24181,69566,44079,0
24182,85914,49416,0
24183,34928,55225,0
24184,78929,110399,0
24185,136829,148916,0
24186,64091,146588,0
24187,66950,108566,0
24188,44721,79793,0
24189,54255,90048,0
24190,7758,131460,0
24191,150688,110205,0
24192,19035,145826,0
24193,144633,65756,0
24194,25781,106738,0
24195,64980,116826,0
24196,51839,1164,0
24197,135776,30123,0
24198,106595,45445,0
24199,67040,127112,0
24200,58633,298,0
24201,114837,5165,0
24202,135774,143862,0
24203,95017,122546,0
24204,152816,149406,0
24205,20290,63249,0
24206,88435,64132,0
24207,134796,45344,0
24208,12575,16336,0
24209,102482,80407,0
24210,113604,41228,0
24211,115263,25833,0
24212,12117,86110,0
24213,126195,58188,0
24214,13661,29154,0
24215,87106,49436,0
24216,144935,127475,0
24217,144401,110881,0
24218,113092,130223,0
24219,84606,86660,0
24220,151371,64785,0
24221,65007,34114,0
24222,114458,64701,0
24223,91718,60515,0
24224,114829,27002,0
24225,36767,148565,0
24226,20586,85926,0
24227,126888,118584,0
24228,77347,81461,0
24229,60599,118092,0
24230,135171,136259,0
24231,12100,107111,0
24232,15227,22885,0
24233,2572,147075,0
24234,84321,84294,0
24235,78162,90989,0
24236,134270,12077,0
24237,3688,86044,0
24238,122362,152746,0
24239,124195,153527,0
24240,90383,20182,0
24241,81527,110657,0
24242,29611,150057,0
24243,98108,105996,0
24244,132179,45994,0
24245,63124,72916,0
24246,45678,4533,0
24247,81290,38369,0
24248,39718,54835,0
24249,51175,108171,0
24250,115819,129504,0
24251,65828,151013,0
24252,127381,76902,0
24253,64578,74318,0
24254,2424,149422,0
24255,150419,107690,0
24256,151089,133608,0
24257,112658,23616,0
24258,110322,125855,0
24259,88578,130353,0
24260,80998,113840,0
24261,138610,68737,0
24262,151844,83589,0
24263,135954,18431,0
24264,125527,116111,0
24265,89427,50753,0
24266,3008,123323,0
24267,141142,104751,0
24268,125026,131717,0
24269,89040,146834,0
24270,134893,71478,0
24271,46145,12903,0
24272,147001,68488,0
24273,125383,22240,0
24274,105534,75246,0
24275,43482,82184,0
24276,8269,126672,0
24277,53591,41963,0
24278,57917,56430,0
24279,30727,90376,0
24280,11290,34062,0
24281,31314,63263,0
24282,36655,50740,0
24283,79576,78530,0
24284,94249,123254,0
24285,148057,74009,0
24286,83098,275,0
24287,119079,118574,0
24288,66892,110880,0
24289,97938,50240,0
24290,18529,7128,0
24291,138450,9124,0
24292,14471,129472,0
24293,66197,142875,0
24294,81510,75285,0
24295,56141,17912,0
24296,136133,150600,0
24297,44833,144802,0
24298,68579,14931,0
24299,571,146214,0
24300,106534,151058,0
24301,72828,1037,0
24302,102979,73791,0
24303,57211,101025,0
24304,147094,1716,0
24305,56327,26584,0
24306,98071,20090,0
24307,67750,148463,0
24308,44886,94902,0
24309,59163,55240,0
24310,119569,20156,0
24311,7408,146819,0
24312,21241,130821,0
24313,149780,139033,0
24314,80743,106739,0
24315,40773,28959,0
24316,127613,48861,0
24317,148879,133603,0
24318,100313,111048,0
24319,21254,140174,0
24320,70464,10429,0
24321,57561,54601,0
24322,3066,101961,0
24323,109121,85906,0
24324,107960,154439,0
24325,23971,142911,0
24326,58250,88507,0
24327,124895,143205,0
24328,39524,127378,0
24329,102356,30572,0
24330,80326,116489,0
24331,62572,111671,0
24332,107897,100190,0
24333,81713,155164,0
24334,129591,70798,0
24335,141665,100041,0
24336,140381,126774,0
24337,47176,98249,0
24338,117680,93767,0
24339,73542,73967,0
24340,96780,22741,0
24341,104258,41269,0
24342,32377,68690,0
24343,146317,97389,0
24344,58528,141274,0
24345,2625,137702,0
24346,131349,24025,0
24347,47323,51447,0
24348,40702,153978,0
24349,49933,9733,0
24350,122117,125592,0
24351,66924,118088,0
24352,74014,149877,0
24353,35031,108624,0
24354,108634,141237,0
24355,105714,64285,0
24356,132386,91346,0
24357,26344,70301,0
24358,134218,55157,0
24359,20823,152668,0
24360,7490,101692,0
24361,134592,82542,0
24362,28563,42953,0
24363,145717,120498,0
24364,68261,153494,0
24365,90270,96898,0
24366,66353,52487,0
24367,96877,104019,0
24368,13817,79603,0
24369,43215,75948,0
24370,132453,19631,0
24371,143712,22338,0
24372,19651,137539,0
24373,70991,114068,0
24374,102996,100778,0
24375,98725,75459,0
24376,151764,95501,0
24377,4149,93646,0
24378,154438,59293,0
24379,76147,12533,0
24380,41115,74398,0
24381,48451,25637,0
24382,154749,125518,0
24383,108194,16153,0
24384,102596,58289,0
24385,84151,43787,0
24386,39363,152125,0
24387,43037,120394,0
24388,62621,77256,0
24389,59993,27513,0
24390,110443,42648,0
24391,101869,78711,0
24392,56261,9370,0
24393,142104,41979,0
24394,47903,99776,0
24395,150805,73891,0
24396,148665,61232,0
24397,71368,134850,0
24398,47047,79382,0
24399,119072,85194,0
24400,54126,5547,0
24401,146626,89023,0
24402,107179,127562,0
24403,73176,74526,0
24404,40110,134598,0
24405,74994,109979,0
24406,127772,137292,0
24407,13323,28770,0
24408,97679,23669,0
24409,116367,53752,0
24410,80656,131036,0
24411,135489,17490,0
24412,22584,48964,0
24413,48844,35108,0
24414,9296,104535,0
24415,63515,150019,0
24416,95577,138357,0
24417,136671,140765,0
24418,111254,43187,0
24419,51729,26912,0
24420,135011,111076,0
24421,54913,11219,0
24422,146511,112057,0
24423,65111,70871,0
24424,4827,52631,0
24425,67600,19561,0
24426,112634,53629,0
24427,36242,42063,0
24428,45429,4579,0
24429,76086,151281,0
24430,44266,96373,0
24431,27615,18492,0
24432,102747,80359,0
24433,120113,137967,0
24434,91677,102331,0
24435,76115,136640,0
24436,45101,96006,0
24437,20778,149966,0
24438,118699,54703,0
24439,52294,92950,0
24440,7142,79198,0
24441,103147,142397,0
24442,125728,112025,0
24443,14793,70000,0
24444,65473,42154,0
24445,125217,57146,0
24446,74810,94564,0
24447,64002,153071,0
24448,47708,94419,0
24449,57430,102193,0
24450,39647,16138,0
24451,137798,29942,0
24452,79834,142739,0
24453,13619,72451,0
24454,125601,3749,0
24455,131676,20846,0
24456,32114,126159,0
24457,41801,19851,0
24458,120378,32515,0
24459,82802,113471,0
24460,27097,143638,0
24461,133007,137687,0
24462,48342,146056,0
24463,3674,49558,0
24464,93352,17670,0
24465,44996,138798,0
24466,65879,76249,0
24467,116076,13877,0
24468,99495,30588,0
24469,131507,15811,0
24470,115299,127290,0
24471,112452,53443,0
24472,3078,43087,0
24473,93125,27759,0
24474,137947,97526,0
24475,78046,50610,0
24476,82251,62073,0
24477,154619,30817,0
24478,11626,70689,0
24479,122042,130554,0
24480,7959,9331,0
24481,103754,65537,0
24482,56413,33752,0
24483,44419,68736,0
24484,86598,84393,0
24485,19696,30700,0
24486,52098,16233,0
24487,71614,103118,0
24488,59003,151048,0
24489,76463,69974,0
24490,18677,61641,0
24491,12992,137597,0
24492,82132,153287,0
24493,36496,6129,0
24494,141067,142774,0
24495,112717,14818,0
24496,95077,94410,0
24497,114767,2125,0
24498,140591,33538,0
24499,43708,24083,0
24500,46816,41021,0
24501,41776,83494,0
24502,23413,81277,0
24503,113705,69517,0
24504,31837,70936,0
24505,92802,53370,0
24506,26975,117326,0
24507,44570,124582,0
24508,129541,108227,0
24509,107035,112796,0
24510,124552,125635,0
24511,54017,85359,0
24512,61267,122882,0
24513,91309,13266,0
24514,134772,86385,0
24515,5497,114449,0
24516,31922,45409,0
24517,152203,64592,0
24518,29605,124949,0
24519,77150,109644,0
24520,95937,143648,0
24521,54881,142385,0
24522,94992,72029,0
24523,132879,32954,0
24524,81693,93948,0
24525,54257,65323,0
24526,153099,37531,0
24527,76458,61278,0
24528,21300,25207,0
24529,99816,3005,0
24530,50351,19003,0
24531,46617,64167,0
24532,84769,91644,0
24533,118346,113271,0
24534,120423,120451,0
24535,32935,6002,0
24536,146589,142517,0
24537,123335,105686,0
24538,43395,138821,0
24539,94101,146126,0
24540,121287,114537,0
24541,132746,36015,0
24542,100411,76920,0
24543,73753,36636,0
24544,75955,17556,0
24545,90814,65816,0
24546,23364,27737,0
24547,144939,78724,0
24548,129640,73603,0
24549,52610,68530,0
24550,32987,62041,0
24551,12423,18263,0
24552,135976,91169,0
24553,142661,57754,0
24554,10709,36214,0
24555,87400,82600,0
24556,85112,131998,0
24557,55784,134850,0
24558,12380,77797,0
24559,19301,79600,0
24560,115008,73514,0
24561,150096,68430,0
24562,10644,91290,0
24563,48144,137867,0
24564,154302,74222,0
24565,44709,36275,0
24566,108575,37464,0
24567,46082,12242,0
24568,81117,54363,0
24569,85231,66044,0
24570,53374,84419,0
24571,66608,37148,0
24572,117429,131242,0
24573,145558,48659,0
24574,48355,50355,0
24575,52088,150389,0
24576,29864,134225,0
24577,148722,52687,0
24578,75090,116208,0
24579,58526,63560,0
24580,88754,34676,0
24581,112827,73172,0
24582,78808,41804,0
24583,99703,115720,0
24584,31666,55597,0
24585,35866,67339,0
24586,57780,152495,0
24587,79568,154686,0
24588,96163,54031,0
24589,18052,95271,0
24590,101322,65966,0
24591,9730,115720,0
24592,127349,146816,0
24593,70177,4989,0
24594,70636,23162,0
24595,120966,25957,0
24596,44093,71324,0
24597,65261,151740,0
24598,107926,134090,0
24599,117294,1415,0
24600,12269,45514,0
24601,115402,70138,0
24602,84385,87230,0
24603,105805,88019,0
24604,46596,93451,0
24605,131367,122470,0
24606,29992,23626,0
24607,88874,79299,0
24608,30803,69257,0
24609,55061,135825,0
24610,19271,24991,0
24611,36770,33002,0
24612,68655,66422,0
24613,153267,97081,0
24614,118225,126007,0
24615,50151,56438,0
24616,114993,155035,0
24617,40324,151997,0
24618,93747,126832,0
24619,97181,49407,0
24620,10349,80574,0
24621,83266,3242,0
24622,140692,127256,0
24623,71977,95033,0
24624,104738,116249,0
24625,34268,2121,0
24626,61478,87536,0
24627,88366,135843,0
24628,44001,132699,0
24629,32487,46791,0
24630,104289,60609,0
24631,64266,88304,0
24632,147403,151520,0
24633,148746,141515,0
24634,1915,112001,0
24635,70310,153607,0
24636,7515,119910,0
24637,117582,131771,0
24638,103981,59438,0
24639,124716,141751,0
24640,126536,67990,0
24641,102099,64572,0
24642,23849,113975,0
24643,140981,81394,0
24644,141895,141140,0
24645,123045,117412,0
24646,9730,65979,0
24647,146646,144014,0
24648,61984,138753,0
24649,4115,4349,0
24650,51833,149647,0
24651,142461,142350,0
24652,15692,62979,0
24653,94075,134230,0
24654,79443,96333,0
24655,18940,53524,0
24656,84490,91486,0
24657,16850,110934,0
24658,10227,150570,0
24659,2758,121828,0
24660,108360,80839,0
24661,148497,84376,0
24662,125904,64153,0
24663,5518,139654,0
24664,8188,51537,0
24665,116581,116882,0
24666,37453,153630,0
24667,99199,117951,0
24668,123505,90584,0
24669,112573,56033,0
24670,119683,49726,0
24671,7018,49293,0
24672,35776,38848,0
24673,80744,132692,0
24674,152652,14389,0
24675,55377,80602,0
24676,89780,127726,0
24677,98399,76934,0
24678,58601,100653,0
24679,142886,77453,0
24680,3342,87913,0
24681,51782,77512,0
24682,6886,18306,0
24683,84601,49446,0
24684,20400,119306,0
24685,88123,9589,0
24686,33518,167,0
24687,51531,51327,0
24688,40521,154745,0
24689,118562,122174,0
24690,14349,103634,0
24691,9568,93153,0
24692,85709,108198,0
24693,42677,121217,0
24694,111073,112051,0
24695,92804,20291,0
24696,104283,69951,0
24697,152649,133786,0
24698,39191,120355,0
24699,53336,113754,0
24700,67256,575,0
24701,48532,42222,0
24702,86391,115231,0
24703,141604,85087,0
24704,52625,8757,0
24705,40164,138395,0
24706,34790,18730,0
24707,1401,15584,0
24708,48962,18530,0
24709,102592,19967,0
24710,43527,35657,0
24711,119183,112198,0
24712,114152,103810,0
24713,154050,82103,0
24714,46671,123603,0
24715,60184,122214,0
24716,8088,59075,0
24717,140215,133456,0
24718,154563,67181,0
24719,57654,66064,0
24720,123902,39029,0
24721,42316,65532,0
24722,34077,109334,0
24723,39215,148029,0
24724,63048,38075,0
24725,40431,15504,0
24726,128985,42948,0
24727,92803,74354,0
24728,86149,57679,0
24729,5928,144387,0
24730,142144,90920,0
24731,82461,26396,0
24732,109395,128694,0
24733,60059,19957,0
24734,40100,49384,0
24735,8352,50000,0
24736,117691,23947,0
24737,33232,101516,0
24738,128862,2927,0
24739,86598,101221,0
24740,115825,121286,0
24741,67439,146103,0
24742,27593,139089,0
24743,80243,15748,0
24744,124573,1094,0
24745,66055,33064,0
24746,33650,106759,0
24747,107097,65243,0
24748,21148,84824,0
24749,16078,83259,0
24750,67053,88269,0
24751,20397,104241,0
24752,14464,65502,0
24753,9645,44808,0
24754,124363,75036,0
24755,148556,50442,0
24756,33833,56557,0
24757,70406,58533,0
24758,98973,93152,0
24759,140063,74540,0
24760,135361,153981,0
24761,41144,53649,0
24762,86627,110282,0
24763,140730,99346,0
24764,134039,17791,0
24765,110473,148602,0
24766,107810,91147,0
24767,94423,127472,0
24768,29686,148308,0
24769,64760,118965,0
24770,359,127692,0
24771,32708,108943,0
24772,26660,59364,0
24773,72071,97435,0
24774,45093,133452,0
24775,95241,21028,0
24776,153588,92667,0
24777,98807,92751,0
24778,130841,151221,0
24779,59912,50961,0
24780,118794,151918,0
24781,108980,42043,0
24782,65767,62072,0
24783,11206,4168,0
24784,14993,10560,0
24785,84608,107239,0
24786,3598,6307,0
24787,41637,90960,0
24788,41790,22787,0
24789,98768,59260,0
24790,70083,35087,0
24791,81289,118034,0
24792,50129,93398,0
24793,95303,72884,0
24794,99805,56241,0
24795,34253,44305,0
24796,102057,71180,0
24797,16699,50326,0
24798,95762,5358,0
24799,104552,37236,0
24800,117188,7136,0
24801,21368,58773,0
24802,149667,7822,0
24803,101136,112307,0
24804,3865,87375,0
24805,8546,46662,0
24806,87827,86100,0
24807,22066,38144,0
24808,146351,29361,0
24809,13472,38677,0
24810,131465,121020,0
24811,115277,59363,0
24812,41713,26269,0
24813,152617,114827,0
24814,63233,73428,0
24815,33763,47137,0
24816,142865,10760,0
24817,89026,51826,0
24818,105474,71956,0
24819,17998,53609,0
24820,48940,152839,0
24821,119521,96269,0
24822,48172,28700,0
24823,23148,96100,0
24824,43174,67634,0
24825,123851,7667,0
24826,54550,74052,0
24827,76162,22344,0
24828,67749,124021,0
24829,14234,5607,0
24830,65560,143537,0
24831,81002,16390,0
24832,3318,58303,0
24833,91595,21047,0
24834,126888,147551,0
24835,38375,50574,0
24836,98856,139196,0
24837,20464,88605,0
24838,142760,1846,0
24839,152895,29671,0
24840,12013,45308,0
24841,48920,18717,0
24842,83665,73541,0
24843,45483,67053,0
24844,117365,121990,0
24845,84629,51993,0
24846,20463,154663,0
24847,32359,132627,0
24848,43522,47341,0
24849,90419,100578,0
24850,62566,34495,0
24851,149567,66408,0
24852,20083,151767,0
24853,92835,91343,0
24854,31612,152726,0
24855,142327,60271,0
24856,2542,39905,0
24857,107189,51215,0
24858,84805,91732,0
24859,140312,7394,0
24860,22591,51639,0
24861,116092,52374,0
24862,8994,93261,0
24863,16341,147247,0
24864,12566,25398,0
24865,109756,141032,0
24866,79122,7466,0
24867,91366,28956,0
24868,121330,102417,0
24869,35940,118320,0
24870,39965,73822,0
24871,23890,7185,0
24872,152854,149700,0
24873,10476,100311,0
24874,105043,40228,0
24875,109032,39349,0
24876,12805,126936,0
24877,75186,8184,0
24878,48204,47689,0
24879,11693,58986,0
24880,124873,129924,0
24881,117607,120707,0
24882,93506,66380,0
24883,135716,151913,0
24884,91552,121115,0
24885,121425,86386,0
24886,148035,91433,0
24887,46831,142306,0
24888,126728,75199,0
24889,6071,119408,0
24890,119102,69774,0
24891,65611,45508,0
24892,27366,98978,0
24893,6495,73036,0
24894,11402,4958,0
24895,134925,120749,0
24896,13760,139391,0
24897,99942,145679,0
24898,138227,101854,0
24899,29623,98056,0
24900,5669,11482,0
24901,105695,105957,0
24902,7779,150470,0
24903,58383,27961,0
24904,43174,67396,0
24905,66878,151549,0
24906,91867,137887,0
24907,141969,138266,0
24908,138409,2057,0
24909,124398,84978,0
24910,51442,69985,0
24911,79664,73183,0
24912,120350,73079,0
24913,100370,29581,0
24914,88839,60260,0
24915,22331,11088,0
24916,55142,14301,0
24917,94653,85473,0
24918,113692,88371,0
24919,84613,8703,0
24920,66648,92832,0
24921,147719,138653,0
24922,5485,96824,0
24923,55410,85996,0
24924,4974,58763,0
24925,60069,79220,0
24926,60724,106321,0
24927,142266,62298,0
24928,63648,63914,0
24929,63386,34256,0
24930,467,15810,0
24931,54808,68927,0
24932,125757,132749,0
24933,7429,75903,0
24934,99358,130149,0
24935,129131,112390,0
24936,6196,23615,0
24937,139711,3575,0
24938,138749,58010,0
24939,150142,154895,0
24940,121165,48449,0
24941,133212,73216,0
24942,31866,80132,0
24943,135779,81705,0
24944,128364,102962,0
24945,43909,124299,0
24946,52403,89246,0
24947,54072,145757,0
24948,14086,139785,0
24949,124700,64415,0
24950,19082,101326,0
24951,120506,106407,0
24952,91984,105042,0
24953,129630,4203,0
24954,6758,8699,0
24955,142977,57184,0
24956,19165,19818,0
24957,86053,26077,0
24958,120291,9256,0
24959,60480,85174,0
24960,115786,125174,0
24961,25924,3352,0
24962,107088,65223,0
24963,126890,52516,0
24964,119121,12856,0
24965,16157,30179,0
24966,139984,46118,0
24967,70971,118632,0
24968,22921,15832,0
24969,33081,52725,0
24970,59684,46243,0
24971,21419,59991,0
24972,89911,8061,0
24973,142255,1626,0
24974,56682,43287,0
24975,23506,120461,0
24976,89881,150816,0
24977,42965,53148,0
24978,113856,56952,0
24979,43059,121849,0
24980,72650,113027,0
24981,112360,34565,0
24982,144758,52857,0
24983,145186,44764,0
24984,21925,9029,0
24985,77241,85045,0
24986,112350,118076,0
24987,148031,62249,0
24988,61837,39257,0
24989,40992,120484,0
24990,142058,35518,0
24991,74828,16190,0
24992,120839,56219,0
24993,32186,1568,0
24994,13702,146814,0
24995,81991,57908,0
24996,35631,120783,0
24997,35636,154590,0
24998,87877,110580,0
24999,22276,6880,0
25000,111691,24650,0
25001,104755,134485,0
25002,3857,18607,0
25003,149054,90224,0
25004,123143,102242,0
25005,100102,12576,0
25006,39997,87652,0
25007,106305,108486,0
25008,147536,120074,0
25009,151738,86294,0
25010,105896,110736,0
25011,92354,61747,0
25012,85585,48840,0
25013,96441,152931,0
25014,99226,15190,0
25015,67864,100670,0
25016,35696,141723,0
25017,89478,34563,0
25018,52743,152328,0
25019,148136,82973,0
25020,106397,27084,0
25021,67547,30278,0
25022,88177,34893,0
25023,111887,138104,0
25024,28937,35513,0
25025,67627,140519,0
25026,92192,134096,0
25027,57292,124560,0
25028,66606,30421,0
25029,532,13523,0
25030,74946,35643,0
25031,111404,154627,0
25032,135804,131402,0
25033,33843,36421,0
25034,67191,130134,0
25035,32239,84328,0
25036,65545,16343,0
25037,128261,14843,0
25038,24298,99449,0
25039,139762,73334,0
25040,22332,140531,0
25041,150066,130083,0
25042,84716,78911,0
25043,83755,41118,0
25044,105351,27313,0
25045,146596,43224,0
25046,91257,63577,0
25047,129620,122282,0
25048,149162,16757,0
25049,103594,123110,0
25050,129321,154296,0
25051,127433,143501,0
25052,133503,73100,0
25053,125042,79114,0
25054,86454,4174,0
25055,37696,119048,0
25056,68501,33833,0
25057,148334,41159,0
25058,10084,140673,0
25059,100968,35186,0
25060,15692,136520,0
25061,62510,5185,0
25062,72752,126303,0
25063,30881,46775,0
25064,80594,51902,0
25065,86025,54981,0
25066,112720,78998,0
25067,45225,122199,0
25068,102106,145839,0
25069,86791,25081,0
25070,31171,77131,0
25071,56109,54058,0
25072,22841,46353,0
25073,24998,23198,0
25074,25781,119386,0
25075,91262,45905,0
25076,61716,128497,0
25077,143771,116923,0
25078,122219,107793,0
25079,14503,150764,0
25080,81889,140811,0
25081,123416,103718,0
25082,130002,114489,0
25083,67864,23794,0
25084,116041,106762,0
25085,43091,138004,0
25086,11243,12284,0
25087,79621,131938,0
25088,92618,101190,0
25089,153253,137293,0
25090,98116,111314,0
25091,42624,152409,0
25092,92190,116918,0
25093,26564,4096,0
25094,92327,3898,0
25095,88837,90356,0
25096,149206,32043,0
25097,25694,62131,0
25098,15661,86414,0
25099,19134,48302,0
25100,61445,16950,0
25101,150655,21927,0
25102,59564,116350,0
25103,81895,128240,0
25104,28870,94314,0
25105,5292,35546,0
25106,64307,59058,0
25107,30128,140915,0
25108,80370,71141,0
25109,118794,139742,0
25110,33719,77359,0
25111,105347,61292,0
25112,50883,1097,0
25113,95208,64927,0
25114,146678,3044,0
25115,32827,81112,0
25116,92579,50105,0
25117,22340,38710,0
25118,148556,16212,0
25119,134509,111658,0
25120,112364,8415,0
25121,9111,151320,0
25122,1454,38893,0
25123,38822,994,0
25124,58273,80808,0
25125,63898,58572,0
25126,81929,107177,0
25127,154632,31192,0
25128,23779,39310,0
25129,135178,53157,0
25130,79566,74660,0
25131,22484,52440,0
25132,66594,72762,0
25133,93413,44986,0
25134,75394,1328,0
25135,120200,99947,0
25136,75241,66203,0
25137,140823,76684,0
25138,10758,61598,0
25139,39643,129105,0
25140,145772,142844,0
25141,49680,72121,0
25142,13640,98195,0
25143,116164,88959,0
25144,57050,75580,0
25145,7970,149000,0
25146,66801,74562,0
25147,42395,146075,0
25148,44449,87389,0
25149,152652,22725,0
25150,105288,125936,0
25151,137964,69824,0
25152,62169,57083,0
25153,122382,137434,0
25154,144404,90882,0
25155,53461,67289,0
25156,40923,95901,0
25157,139079,60300,0
25158,14120,72561,0
25159,94216,115526,0
25160,111612,54602,0
25161,3305,136325,0
25162,31846,68994,0
25163,130466,4942,0
25164,32468,58688,0
25165,51561,2502,0
25166,155138,9496,0
25167,95618,53299,0
25168,21409,114056,0
25169,24487,93569,0
25170,58748,116792,0
25171,28898,9065,0
25172,8810,151873,0
25173,56872,67020,0
25174,30873,58140,0
25175,147597,143482,0
25176,115544,68318,0
25177,50293,122756,0
25178,17958,144819,0
25179,103991,66778,0
25180,68735,117243,0
25181,49947,67840,0
25182,32802,102670,0
25183,4871,47733,0
25184,33737,13351,0
25185,152615,45398,0
25186,80095,4802,0
25187,117342,153518,0
25188,123687,5758,0
25189,135345,115641,0
25190,77575,6680,0
25191,23271,48731,0
25192,84840,9738,0
25193,14703,92206,0
25194,154395,94327,0
25195,81583,154256,0
25196,45429,57383,0
25197,118640,133088,0
25198,146051,85019,0
25199,152879,136090,0
25200,73320,111045,0
25201,130553,150816,0
25202,114946,84156,0
25203,84805,57041,0
25204,12704,82921,0
25205,78711,132376,0
25206,116468,81687,0
25207,128148,101098,0
25208,90739,80019,0
25209,17944,27280,0
25210,88082,26248,0
25211,10257,92727,0
25212,149532,86492,0
25213,68620,23838,0
25214,39434,87560,0
25215,101376,56886,0
25216,117581,142026,0
25217,7680,105829,0
25218,89791,38577,0
25219,121498,31507,0
25220,123995,11313,0
25221,34107,97062,0
25222,20464,126612,0
25223,129397,35645,0
25224,95138,30661,0
25225,28451,32392,0
25226,82679,143201,0
25227,54630,118474,0
25228,136313,64856,0
25229,111010,63136,0
25230,7016,153969,0
25231,124071,90039,0
25232,87282,58680,0
25233,81716,89908,0
25234,7933,33027,0
25235,126851,86,0
25236,118718,41250,0
25237,36545,110542,0
25238,95517,51528,0
25239,19156,128085,0
25240,9266,51142,0
25241,60052,101338,0
25242,120460,126639,0
25243,91964,43808,0
25244,150872,45909,0
25245,49330,56755,0
25246,82451,118878,0
25247,85230,138023,0
25248,114366,51677,0
25249,42339,101153,0
25250,108268,111827,0
25251,129759,18337,0
25252,12111,48288,0
25253,16053,96822,0
25254,93241,41571,0
25255,923,135309,0
25256,7820,98311,0
25257,81223,146644,0
25258,134837,12536,0
25259,85030,151272,0
25260,112419,44434,0
25261,154462,127259,0
25262,122238,118896,0
25263,29864,125625,0
25264,36357,109441,0
25265,31841,30092,0
25266,120942,64197,0
25267,2500,30052,0
25268,126543,65252,0
25269,71822,21028,0
25270,141284,153156,0
25271,87706,117057,0
25272,77054,134430,0
25273,102306,8047,0
25274,130011,25243,0
25275,97971,68042,0
25276,31554,39487,0
25277,101067,48986,0
25278,126304,152842,0
25279,8615,82560,0
25280,108270,80515,0
25281,104349,5352,0
25282,55293,134142,0
25283,124061,153351,0
25284,23935,124499,0
25285,57760,1067,0
25286,90293,141790,0
25287,79508,104820,0
25288,65100,116117,0
25289,31900,9542,0
25290,122354,91948,0
25291,78756,21011,0
25292,91256,39875,0
25293,89824,34412,0
25294,87558,135278,0
25295,96844,27372,0
25296,7075,120181,0
25297,72459,20743,0
25298,59760,81589,0
25299,138297,61236,0
25300,64658,5992,0
25301,112625,80277,0
25302,74381,108612,0
25303,99604,19405,0
25304,102937,24350,0
25305,130120,32414,0
25306,39914,103827,0
25307,53639,142089,0
25308,24407,92248,0
25309,113279,8610,0
25310,10585,119107,0
25311,56305,72639,0
25312,29240,147149,0
25313,120489,146406,0
25314,63333,13555,0
25315,105870,61211,0
25316,134462,1187,0
25317,42388,47079,0
25318,122076,94959,0
25319,150900,20689,0
25320,146379,87506,0
25321,71524,40210,0
25322,74085,10441,0
25323,29985,109435,0
25324,83855,43610,0
25325,92054,99758,0
25326,10672,39897,0
25327,148645,135341,0
25328,115332,142557,0
25329,146293,24412,0
25330,20454,79496,0
25331,23217,41574,0
25332,2476,150840,0
25333,154724,104658,0
25334,140591,66826,0
25335,59165,147874,0
25336,854,20075,0
25337,49910,10799,0
25338,133445,217,0
25339,27516,27837,0
25340,1746,74538,0
25341,116722,67387,0
25342,132565,100280,0
25343,152324,87591,0
25344,133291,118475,0
25345,15465,130664,0
25346,58919,142511,0
25347,23345,136055,0
25348,90097,97597,0
25349,56105,32623,0
25350,22073,102934,0
25351,11644,48426,0
25352,143374,92188,0
25353,144311,99810,0
25354,36646,97134,0
25355,8893,67711,0
25356,60719,134907,0
25357,63109,70217,0
25358,103872,98959,0
25359,119438,74391,0
25360,5578,16012,0
25361,46221,128570,0
25362,62158,96372,0
25363,30537,56105,0
25364,87790,84587,0
25365,22871,7562,0
25366,34454,10808,0
25367,66071,40979,0
25368,130219,22987,0
25369,90756,150420,0
25370,106451,45637,0
25371,38604,31004,0
25372,87642,23229,0
25373,72031,120394,0
25374,46719,71599,0
25375,108761,138261,0
25376,117739,96218,0
25377,92074,145554,0
25378,75460,132475,0
25379,44486,67562,0
25380,90351,12641,0
25381,139643,79400,0
25382,74291,27569,0
25383,40687,105169,0
25384,48457,55330,0
25385,97907,13075,0
25386,53434,18606,0
25387,93015,68515,0
25388,61302,77966,0
25389,125945,22536,0
25390,113912,32312,0
25391,124337,77191,0
25392,122791,89666,0
25393,101376,117660,0
25394,130023,35721,0
25395,26282,127345,0
25396,2646,111230,0
25397,43059,47839,0
25398,147479,23195,0
25399,106534,17129,0
25400,142011,113696,0
25401,66912,104439,0
25402,108518,66245,0
25403,52532,111710,0
25404,105820,69147,0
25405,32286,90658,0
25406,24026,147153,0
25407,70619,83918,0
25408,23034,37587,0
25409,58991,86213,0
25410,22000,22624,0
25411,53883,72141,0
25412,94503,12135,0
25413,21808,60895,0
25414,28650,91628,0
25415,80687,154246,0
25416,19358,131926,0
25417,31699,35380,0
25418,41572,24205,0
25419,36280,144109,0
25420,22002,127016,0
25421,60100,68205,0
25422,146231,124846,0
25423,3351,119408,0
25424,138728,60120,0
25425,37099,102406,0
25426,109104,124740,0
25427,133849,18282,0
25428,66810,102775,0
25429,26337,20818,0
25430,122878,56549,0
25431,151846,89281,0
25432,138894,131769,0
25433,40893,26328,0
25434,4052,120731,0
25435,46256,86444,0
25436,109356,34537,0
25437,92603,154701,0
25438,104655,116840,0
25439,59298,114423,0
25440,79580,140216,0
25441,127072,0,0
25442,841,73041,0
25443,59302,133419,0
25444,2710,80021,0
25445,91212,114449,0
25446,92071,142811,0
25447,31124,125407,0
25448,22954,107668,0
25449,63712,22356,0
25450,7322,99557,0
25451,116851,35585,0
25452,111555,116735,0
25453,97566,88462,0
25454,9525,55703,0
25455,58394,62297,0
25456,123817,15255,0
25457,38720,83785,0
25458,52840,117558,0
25459,43676,111259,0
25460,64159,12733,0
25461,66371,79102,0
25462,15030,101612,0
25463,152848,63917,0
25464,59381,9272,0
25465,37372,87776,0
25466,3495,141018,0
25467,134137,5158,0
25468,101804,93574,0
25469,111758,73047,0
25470,107761,80524,0
25471,132984,116698,0
25472,43865,88591,0
25473,18126,72896,0
25474,83773,113937,0
25475,43044,126813,0
25476,113589,8306,0
25477,40118,45739,0
25478,36716,135801,0
25479,133382,123857,0
25480,44759,57562,0
25481,14779,74598,0
25482,75424,98121,0
25483,101321,149559,0
25484,14285,105232,0
25485,82760,143665,0
25486,57513,75503,0
25487,52735,145368,0
25488,48968,84162,0
25489,112945,24527,0
25490,71332,11261,0
25491,31629,111482,0
25492,31250,102659,0
25493,81889,136754,0
25494,80303,153942,0
25495,9638,79225,0
25496,13910,6515,0
25497,105853,20854,0
25498,115034,99366,0
25499,125939,43053,0
25500,58550,125048,0
25501,99343,145866,0
25502,64499,5197,0
25503,55242,33387,0
25504,20206,35745,0
25505,18371,119561,0
25506,75577,42903,0
25507,139696,62399,0
25508,10104,66984,0
25509,60632,132253,0
25510,134032,35095,0
25511,46457,53909,0
25512,115517,129960,0
25513,83625,1570,0
25514,36497,21794,0
25515,151007,133188,0
25516,49183,129831,0
25517,64511,25617,0
25518,111159,120562,0
25519,57056,115317,0
25520,61857,110011,0
25521,29122,6438,0
25522,37781,141557,0
25523,28060,99756,0
25524,125353,35718,0
25525,74749,1853,0
25526,112729,64814,0
25527,135939,62264,0
25528,59553,29453,0
25529,131461,92526,0
25530,141243,22022,0
25531,47596,15823,0
25532,13561,1527,0
25533,125508,58427,0
25534,88491,108764,0
25535,105847,25599,0
25536,44355,12399,0
25537,62102,55570,0
25538,102231,130188,0
25539,24334,150081,0
25540,78565,111661,0
25541,56734,118233,0
25542,81047,92357,0
25543,78809,116123,0
25544,90873,60511,0
25545,73027,42081,0
25546,119616,138926,0
25547,150564,99987,0
25548,10375,125483,0
25549,65373,80443,0
25550,65645,128712,0
25551,36056,95053,0
25552,3570,70341,0
25553,65758,52536,0
25554,4591,79014,0
25555,87265,8225,0
25556,59719,128039,0
25557,106546,133152,0
25558,26925,18033,0
25559,6968,77519,0
25560,35668,99560,0
25561,25988,45204,0
25562,103458,12757,0
25563,43164,17905,0
25564,28607,13687,0
25565,41676,117176,0
25566,54081,77009,0
25567,31386,40514,0
25568,11764,71477,0
25569,104283,144831,0
25570,128474,106480,0
25571,32206,76738,0
25572,78904,104252,0
25573,51141,129550,0
25574,69680,121608,0
25575,99760,12380,0
25576,37304,128336,0
25577,54545,145543,0
25578,150297,144200,0
25579,9261,19155,0
25580,104278,114183,0
25581,46088,66240,0
25582,122369,10675,0
25583,48787,115435,0
25584,80571,25941,0
25585,94745,132657,0
25586,14767,15393,0
25587,14529,125114,0
25588,33763,148591,0
25589,40093,108603,0
25590,71146,4185,0
25591,19736,76775,0
25592,136068,27003,0
25593,37036,35132,0
25594,84657,80913,0
25595,41286,125946,0
25596,2218,67431,0
25597,29913,55335,0
25598,147900,67405,0
25599,96272,33098,0
25600,33219,110027,0
25601,61244,19028,0
25602,40302,70227,0
25603,14072,119227,0
25604,81927,22838,0
25605,95565,29122,0
25606,147002,49491,0
25607,68224,144222,0
25608,64280,68439,0
25609,26227,129965,0
25610,81655,2024,0
25611,73158,136491,0
25612,15440,66688,0
25613,143446,115837,0
25614,75611,61719,0
25615,152500,92692,0
25616,117863,2561,0
25617,108346,77654,0
25618,105108,55452,0
25619,152047,138633,0
25620,63986,121371,0
25621,118657,113172,0
25622,132003,49865,0
25623,137286,102030,0
25624,93516,130564,0
25625,123117,137850,0
25626,113254,38407,0
25627,143734,53913,0
25628,111190,96530,0
25629,54471,106952,0
25630,24202,2632,0
25631,146412,119970,0
25632,107460,127377,0
25633,110646,102317,0
25634,68590,63091,0
25635,9982,108136,0
25636,51521,129747,0
25637,140168,31755,0
25638,83798,61912,0
25639,62475,85032,0
25640,20972,154103,0
25641,142407,24208,0
25642,126414,37038,0
25643,58931,87815,0
25644,18476,136060,0
25645,62762,61091,0
25646,93016,10828,0
25647,130004,95080,0
25648,92959,81626,0
25649,50974,60118,0
25650,55044,120995,0
25651,111665,115375,0
25652,27662,122547,0
25653,145639,37955,0
25654,132315,92384,0
25655,145314,27569,0
25656,99008,122930,0
25657,28991,5142,0
25658,15485,32454,0
25659,89105,7486,0
25660,84090,140230,0
25661,149173,121290,0
25662,124742,67484,0
25663,146910,54554,0
25664,17064,20032,0
25665,1057,13712,0
25666,112689,83263,0
25667,146532,70152,0
25668,97887,137534,0
25669,69842,109671,0
25670,69992,45300,0
25671,129514,45250,0
25672,99367,72979,0
25673,77993,143873,0
25674,70103,57538,0
25675,70540,16623,0
25676,100057,66998,0
25677,128130,2870,0
25678,89561,13086,0
25679,90209,50026,0
25680,52717,52329,0
25681,51419,139649,0
25682,67432,9021,0
25683,86473,41227,0
25684,95251,133042,0
25685,42790,143225,0
25686,84073,28140,0
25687,52099,52767,0
25688,81527,56101,0
25689,34434,45148,0
25690,76007,90964,0
25691,28373,138191,0
25692,142964,153486,0
25693,83352,43427,0
25694,32789,107684,0
25695,27876,69742,0
25696,23557,104216,0
25697,57653,120611,0
25698,44919,72272,0
25699,89647,53793,0
25700,18103,153721,0
25701,118463,39554,0
25702,150992,107514,0
25703,138492,75886,0
25704,131295,50255,0
25705,148578,10369,0
25706,86304,137272,0
25707,14609,34127,0
25708,100675,138202,0
25709,62441,57328,0
25710,145672,69933,0
25711,142837,122755,0
25712,109093,107956,0
25713,18366,151162,0
25714,4514,9800,0
25715,45485,142979,0
25716,124200,77206,0
25717,42645,55126,0
25718,69776,146823,0
25719,99544,96819,0
25720,18048,51610,0
25721,29014,153074,0
25722,34980,93090,0
25723,4363,123838,0
25724,83812,1869,0
25725,117379,56914,0
25726,52824,76195,0
25727,2406,6411,0
25728,135810,92672,0
25729,86491,54635,0
25730,66801,59107,0
25731,61080,638,0
25732,31461,138724,0
25733,18562,71305,0
25734,78326,93214,0
25735,124921,144571,0
25736,21867,27452,0
25737,43400,79252,0
25738,37894,8909,0
25739,27055,56683,0
25740,52377,108156,0
25741,35886,102270,0
25742,135954,76853,0
25743,121603,139092,0
25744,5491,7292,0
25745,111570,100312,0
25746,120963,56512,0
25747,38865,65580,0
25748,51738,34027,0
25749,16968,23613,0
25750,145005,71014,0
25751,47947,29641,0
25752,135947,79478,0
25753,21635,52488,0
25754,108304,76880,0
25755,104406,134602,0
25756,89918,113058,0
25757,118524,10079,0
25758,74796,108339,0
25759,58568,107332,0
25760,113933,145988,0
25761,46177,9536,0
25762,135076,3026,0
25763,113139,58354,0
25764,3833,62329,0
25765,102356,30717,0
25766,153961,143168,0
25767,19916,58521,0
25768,95514,124958,0
25769,24168,22930,0
25770,115773,7735,0
25771,136228,83747,0
25772,152679,97353,0
25773,42726,34039,0
25774,49068,97827,0
25775,120848,78783,0
25776,17027,130589,0
25777,147397,134814,0
25778,132261,140177,0
25779,41418,16510,0
25780,139812,97933,0
25781,56606,6627,0
25782,15262,95695,0
25783,71433,49448,0
25784,59974,114769,0
25785,135915,72423,0
25786,3795,50232,0
25787,38289,89805,0
25788,99249,62074,0
25789,81177,20358,0
25790,14320,58456,0
25791,141843,75004,0
25792,75379,150469,0
25793,110230,47156,0
25794,8580,17385,0
25795,59243,4780,0
25796,102681,127634,0
25797,17803,126321,0
25798,73624,2601,0
25799,45359,102923,0
25800,52258,6436,0
25801,138003,134016,0
25802,54774,85531,0
25803,78422,141262,0
25804,43045,57130,0
25805,86262,132430,0
25806,108875,135197,0
25807,48893,42464,0
25808,129850,104414,0
25809,56439,39786,0
25810,93195,103798,0
25811,91309,117456,0
25812,14951,140906,0
25813,4165,78642,0
25814,138219,14838,0
25815,92491,120903,0
25816,123757,112708,0
25817,58540,78295,0
25818,68769,70520,0
25819,154231,23723,0
25820,75979,113627,0
25821,114178,14670,0
25822,122142,90412,0
25823,143230,49606,0
25824,19838,64440,0
25825,37324,150417,0
25826,110940,86562,0
25827,4782,150117,0
25828,151609,13977,0
25829,44636,137665,0
25830,92873,48412,0
25831,89172,48605,0
25832,109212,80787,0
25833,60967,89985,0
25834,33671,117124,0
25835,147278,40554,0
25836,75370,7882,0
25837,40481,5416,0
25838,44342,75507,0
25839,58070,51261,0
25840,121498,99828,0
25841,85620,133045,0
25842,98168,119214,0
25843,52462,58444,0
25844,90804,54810,0
25845,50185,128687,0
25846,38116,40365,0
25847,142352,27368,0
25848,125641,83166,0
25849,4292,68290,0
25850,120728,67324,0
25851,3977,81544,0
25852,152413,95061,0
25853,68424,83756,0
25854,70866,1103,0
25855,14059,60802,0
25856,11221,80082,0
25857,144701,47503,0
25858,100763,126481,0
25859,126733,80490,0
25860,56968,74582,0
25861,62077,106440,0
25862,106913,137199,0
25863,60706,57905,0
25864,120363,113593,0
25865,39460,81192,0
25866,45973,1156,0
25867,7331,123716,0
25868,154410,56113,0
25869,112173,141018,0
25870,85089,144423,0
25871,71492,95792,0
25872,9601,12627,0
25873,152534,119905,0
25874,92706,43803,0
25875,21930,132512,0
25876,37083,53128,0
25877,146367,38942,0
25878,30505,135266,0
25879,99070,12552,0
25880,134512,64516,0
25881,90922,155064,0
25882,83781,79172,0
25883,141797,113907,0
25884,68944,129253,0
25885,84549,37247,0
25886,136140,61415,0
25887,2337,75478,0
25888,99901,118575,0
25889,54444,88914,0
25890,111843,114701,0
25891,124112,106903,0
25892,30679,65793,0
25893,97843,31804,0
25894,26300,92691,0
25895,120990,128907,0
25896,30065,73248,0
25897,99632,10957,0
25898,115369,56803,0
25899,74937,78948,0
25900,1215,99925,0
25901,101060,38776,0
25902,46073,24339,0
25903,61713,64172,0
25904,104702,44357,0
25905,24191,109164,0
25906,65943,141946,0
25907,11651,96670,0
25908,29960,61297,0
25909,7363,11097,0
25910,70662,34768,0
25911,14236,95171,0
25912,60206,19278,0
25913,85611,137347,0
25914,98397,30112,0
25915,117277,72536,0
25916,16054,75947,0
25917,122457,1759,0
25918,120600,75987,0
25919,128649,79470,0
25920,79246,131658,0
25921,10361,93671,0
25922,67870,131684,0
25923,59558,125386,0
25924,140381,112799,0
25925,73246,42247,0
25926,124312,37461,0
25927,118643,117143,0
25928,12235,7824,0
25929,150484,127627,0
25930,36655,90153,0
25931,101414,53498,0
25932,102774,98007,0
25933,45456,78403,0
25934,90771,145115,0
25935,45096,126306,0
25936,144463,7058,0
25937,26337,144214,0
25938,58712,49734,0
25939,16870,76703,0
25940,43369,76822,0
25941,99443,134195,0
25942,103591,33147,0
25943,152433,83172,0
25944,51260,125808,0
25945,75212,46678,0
25946,24577,78946,0
25947,110856,27002,0
25948,3446,86467,0
25949,89445,95257,0
25950,12744,135402,0
25951,62242,63775,0
25952,71466,126356,0
25953,35394,29077,0
25954,147779,128044,0
25955,120036,131918,0
25956,80633,15517,0
25957,72278,130967,0
25958,12887,40191,0
25959,132362,131787,0
25960,43550,99441,0
25961,152505,76219,0
25962,81231,121813,0
25963,57355,47483,0
25964,119254,40328,0
25965,101109,21693,0
25966,66421,92483,0
25967,48539,91006,0
25968,66010,88013,0
25969,41546,130234,0
25970,75988,8184,0
25971,105876,45613,0
25972,134590,34130,0
25973,9352,109686,0
25974,100057,148943,0
25975,93947,42364,0
25976,3050,137840,0
25977,25762,133240,0
25978,34043,74811,0
25979,9566,100672,0
25980,62377,11383,0
25981,43824,21356,0
25982,33845,101148,0
25983,117691,151477,0
25984,128396,37576,0
25985,91541,19274,0
25986,143943,4948,0
25987,70274,130952,0
25988,35582,123574,0
25989,49213,99499,0
25990,31991,133106,0
25991,15168,39765,0
25992,5332,146383,0
25993,151098,108598,0
25994,139765,123532,0
25995,115131,122735,0
25996,78531,65823,0
25997,11825,20499,0
25998,106299,28225,0
25999,126670,146849,0
26000,60154,14266,0
26001,33732,109764,0
26002,135606,130697,0
26003,132394,115072,0
26004,61678,128800,0
26005,78700,50108,0
26006,134203,26297,0
26007,73488,126076,0
26008,54314,113889,0
26009,127710,89796,0
26010,121325,60214,0
26011,83217,123661,0
26012,63875,6820,0
26013,90314,152216,0
26014,116860,135198,0
26015,124058,148793,0
26016,149476,71356,0
26017,4600,141759,0
26018,148771,45210,0
26019,143162,137225,0
26020,68814,91954,0
26021,109464,103134,0
26022,24854,14043,0
26023,114829,39842,0
26024,88671,145252,0
26025,148119,43557,0
26026,41001,24835,0
26027,27335,132925,0
26028,14620,132136,0
26029,106909,68811,0
26030,15481,15755,0
26031,118645,34312,0
26032,153086,2990,0
26033,81565,140531,0
26034,25439,129830,0
26035,111810,131649,0
26036,149157,137830,0
26037,35881,7108,0
26038,127710,34414,0
26039,14824,90164,0
26040,76010,109438,0
26041,132913,70358,0
26042,118510,31994,0
26043,90180,73950,0
26044,69,135261,0
26045,41590,136307,0
26046,38051,142741,0
26047,33348,116174,0
26048,13958,78390,0
26049,62566,78962,0
26050,55651,80677,0
26051,4410,96576,0
26052,1791,12383,0
26053,105104,127247,0
26054,27671,73897,0
26055,110502,89741,0
26056,129191,27900,0
26057,106763,85269,0
26058,114065,5747,0
26059,63793,117177,0
26060,145882,111418,0
26061,140381,112735,0
26062,9110,9820,0
26063,74873,45861,0
26064,77642,106165,0
26065,52218,46937,0
26066,82209,75948,0
26067,146533,102831,0
26068,140082,10235,0
26069,63834,151380,0
26070,116797,111536,0
26071,140569,49711,0
26072,154420,15454,0
26073,124403,131572,0
26074,133984,15591,0
26075,54469,103243,0
26076,73794,28787,0
26077,71112,21547,0
26078,8705,124527,0
26079,61362,17659,0
26080,84708,96977,0
26081,132033,98759,0
26082,59672,70622,0
26083,45590,149103,0
26084,107789,1142,0
26085,87088,89013,0
26086,44207,11844,0
26087,144075,106828,0
26088,70866,147398,0
26089,50161,13024,0
26090,45563,88583,0
26091,70016,99747,0
26092,138256,109963,0
26093,141927,25820,0
26094,144321,151797,0
26095,18315,46193,0
26096,136610,59465,0
26097,74315,49382,0
26098,138601,149784,0
26099,129802,146336,0
26100,53188,64444,0
26101,81174,12849,0
26102,31646,96552,0
26103,113617,106630,0
26104,136532,87912,0
26105,112183,85684,0
26106,78324,74758,0
26107,150322,56388,0
26108,24110,53370,0
26109,13084,10673,0
26110,70523,68047,0
26111,132524,54451,0
26112,71337,120316,0
26113,42386,54360,0
26114,44529,145262,0
26115,146159,31551,0
26116,102045,75207,0
26117,85943,113548,0
26118,62810,106311,0
26119,17053,50860,0
26120,124694,59714,0
26121,58164,105158,0
26122,85011,58919,0
26123,37388,83377,0
26124,139425,98334,0
26125,3408,12354,0
26126,18611,111600,0
26127,8364,97189,0
26128,98103,69736,0
26129,43530,33157,0
26130,29602,67864,0
26131,121537,103920,0
26132,34120,127975,0
26133,55846,115083,0
26134,22259,68785,0
26135,88213,67360,0
26136,83215,39732,0
26137,104198,111297,0
26138,118486,146033,0
26139,112916,149164,0
26140,27069,113201,0
26141,17283,30860,0
26142,43829,83069,0
26143,27143,13660,0
26144,47025,85613,0
26145,69689,51293,0
26146,37469,10793,0
26147,37507,64706,0
26148,136403,96476,0
26149,92718,94672,0
26150,14906,112456,0
26151,13536,69762,0
26152,76659,44403,0
26153,37844,3232,0
26154,49802,114247,0
26155,68833,14647,0
26156,117425,139324,0
26157,74143,22713,0
26158,87338,138979,0
26159,99943,147248,0
26160,150038,31048,0
26161,17382,32086,0
26162,128156,32762,0
26163,75811,150239,0
26164,22867,68484,0
26165,154355,8390,0
26166,14277,38685,0
26167,122305,127509,0
26168,108305,107020,0
26169,22276,66368,0
26170,71511,29719,0
26171,8911,115528,0
26172,52089,139,0
26173,62322,56063,0
26174,26205,138587,0
26175,3094,35191,0
26176,41477,117068,0
26177,122261,87571,0
26178,119263,60529,0
26179,36420,53547,0
26180,59783,101749,0
26181,96680,138719,0
26182,21288,35909,0
26183,12857,127057,0
26184,29159,102803,0
26185,114594,132442,0
26186,134153,116249,0
26187,145320,116539,0
26188,122350,118728,0
26189,25570,121233,0
26190,117508,81287,0
26191,18740,45602,0
26192,60329,30334,0
26193,132294,651,0
26194,64449,32673,0
26195,543,84489,0
26196,105785,62856,0
26197,133402,4132,0
26198,129692,17472,0
26199,64913,5607,0
26200,54162,62889,0
26201,38347,99050,0
26202,5112,17917,0
26203,48756,14617,0
26204,120654,63690,0
26205,76871,2637,0
26206,150647,135781,0
26207,129804,127441,0
26208,64561,67041,0
26209,129217,138882,0
26210,60403,63479,0
26211,132008,67998,0
26212,128493,112602,0
26213,130317,3352,0
26214,114974,108299,0
26215,152944,11054,0
26216,83343,38386,0
26217,60203,2004,0
26218,55393,66113,0
26219,6743,94181,0
26220,473,111200,0
26221,147113,38490,0
26222,140724,112104,0
26223,64689,66440,0
26224,80922,891,0
26225,74452,107567,0
26226,106795,127742,0
26227,90231,107872,0
26228,66228,4646,0
26229,141828,48009,0
26230,126646,98682,0
26231,81947,4641,0
26232,66219,14063,0
26233,95293,139662,0
26234,86473,67957,0
26235,39028,113052,0
26236,78685,130918,0
26237,18386,95707,0
26238,53074,144011,0
26239,64810,98749,0
26240,118293,18293,0
26241,41076,15165,0
26242,6397,108316,0
26243,47832,27774,0
26244,130245,75439,0
26245,51850,77977,0
26246,130086,91209,0
26247,9766,52917,0
26248,250,119100,0
26249,1325,113586,0
26250,23181,32701,0
26251,107268,16390,0
26252,18897,44878,0
26253,83817,28277,0
26254,142930,24116,0
26255,119092,140013,0
26256,145941,90369,0
26257,143716,88969,0
26258,57873,11558,0
26259,132203,129878,0
26260,155033,7743,0
26261,30299,14643,0
26262,35075,8070,0
26263,9999,124938,0
26264,115712,31835,0
26265,60416,4035,0
26266,21993,21221,0
26267,97788,5039,0
26268,20876,65411,0
26269,1657,27567,0
26270,3322,115195,0
26271,845,13197,0
26272,22724,27403,0
26273,45061,103546,0
26274,132187,111323,0
26275,85127,112961,0
26276,128452,4181,0
26277,95586,14222,0
26278,71079,38601,0
26279,22844,95186,0
26280,81271,27072,0
26281,31915,99852,0
26282,93414,40467,0
26283,14092,105919,0
26284,62327,15881,0
26285,110833,2027,0
26286,34430,16924,0
26287,5951,5229,0
26288,88246,56371,0
26289,130271,108228,0
26290,79069,128475,0
26291,26810,114958,0
26292,121155,74037,0
26293,12345,128781,0
26294,61055,76556,0
26295,73440,14633,0
26296,142980,25486,0
26297,89032,98365,0
26298,3527,59869,0
26299,135004,63064,0
26300,53720,58594,0
26301,1685,149753,0
26302,51685,64145,0
26303,12259,52808,0
26304,99181,10083,0
26305,7481,77733,0
26306,80542,34669,0
26307,82361,135316,0
26308,3834,103112,0
26309,44445,27846,0
26310,128487,64409,0
26311,121965,115698,0
26312,116838,85794,0
26313,104672,135012,0
26314,36832,85256,0
26315,108600,49467,0
26316,48522,76660,0
26317,113447,102854,0
26318,132370,9860,0
26319,23385,112131,0
26320,34021,108175,0
26321,60278,39351,0
26322,69373,138197,0
26323,2877,6884,0
26324,30033,63682,0
26325,94926,83705,0
26326,133930,147270,0
26327,119916,127286,0
26328,137106,29014,0
26329,78564,144182,0
26330,20641,17485,0
26331,71204,31095,0
26332,41788,100206,0
26333,99181,108776,0
26334,72972,87059,0
26335,4238,142499,0
26336,15842,33531,0
26337,24997,60737,0
26338,16552,143407,0
26339,130078,115593,0
26340,104167,96042,0
26341,58479,66736,0
26342,145498,115112,0
26343,110130,17620,0
26344,122029,48538,0
26345,38620,27479,0
26346,6616,91094,0
26347,112874,116482,0
26348,151690,39511,0
26349,115517,80187,0
26350,135337,73538,0
26351,50396,18840,0
26352,32059,7223,0
26353,145871,77695,0
26354,112600,148699,0
26355,21605,62421,0
26356,72996,53436,0
26357,16471,16738,0
26358,71067,100415,0
26359,128588,125448,0
26360,149704,43681,0
26361,134611,86540,0
26362,80069,147969,0
26363,119487,73869,0
26364,54829,32738,0
26365,58342,106818,0
26366,71137,46436,0
26367,74735,8392,0
26368,73970,92443,0
26369,32174,78784,0
26370,143446,21064,0
26371,65449,66048,0
26372,42944,96698,0
26373,145313,133694,0
26374,43738,107870,0
26375,69921,144068,0
26376,12565,73586,0
26377,125078,125610,0
26378,48857,146783,0
26379,116088,58263,0
26380,120373,53696,0
26381,59016,14161,0
26382,70302,25878,0
26383,2833,32667,0
26384,45851,30498,0
26385,91026,56990,0
26386,56499,2577,0
26387,17241,153271,0
26388,60202,54293,0
26389,38876,62803,0
26390,140903,112257,0
26391,60696,85362,0
26392,62725,44773,0
26393,18430,75824,0
26394,26135,143189,0
26395,65308,91898,0
26396,55367,81182,0
26397,65212,44931,0
26398,1024,153382,0
26399,57496,7034,0
26400,100893,88997,0
26401,61016,38913,0
26402,21098,28541,0
26403,122769,26260,0
26404,143968,78582,0
26405,24171,87794,0
26406,118924,81752,0
26407,98197,61468,0
26408,147405,68525,0
26409,84433,96688,0
26410,9261,61856,0
26411,25121,61882,0
26412,69717,109349,0
26413,149940,149208,0
26414,34351,130565,0
26415,152172,104396,0
26416,16501,54662,0
26417,43890,154763,0
26418,67528,114347,0
26419,72594,25,0
26420,45853,70321,0
26421,101532,87505,0
26422,136402,144391,0
26423,41981,54212,0
26424,99714,72730,0
26425,31691,116337,0
26426,150848,3252,0
26427,84385,89990,0
26428,137250,33804,0
26429,69984,106750,0
26430,135108,106236,0
26431,125937,87566,0
26432,41493,72091,0
26433,136811,131515,0
26434,89773,61093,0
26435,2297,106728,0
26436,121735,31902,0
26437,55804,41469,0
26438,50881,95995,0
26439,68235,139570,0
26440,99542,3127,0
26441,51626,149923,0
26442,107995,36353,0
26443,143125,115480,0
26444,131419,51551,0
26445,116885,114901,0
26446,90175,109085,0
26447,62741,143865,0
26448,72012,63519,0
26449,107756,7949,0
26450,69779,88875,0
26451,19159,58959,0
26452,134396,96191,0
26453,124701,154022,0
26454,25609,81294,0
26455,114224,129716,0
26456,52299,131559,0
26457,141038,83031,0
26458,127580,30306,0
26459,39403,139756,0
26460,294,529,0
26461,90239,30874,0
26462,130821,130183,0
26463,11275,77299,0
26464,61595,112557,0
26465,46177,18474,0
26466,25135,95713,0
26467,22321,45761,0
26468,38751,42141,0
26469,13436,88096,0
26470,114687,147272,0
26471,99751,48380,0
26472,23173,124078,0
26473,143278,142745,0
26474,132316,80510,0
26475,81802,120770,0
26476,52286,108470,0
26477,96532,105002,0
26478,51479,103832,0
26479,61161,93740,0
26480,104569,96455,0
26481,88190,101239,0
26482,63794,141990,0
26483,23954,116894,0
26484,100680,124621,0
26485,31832,150281,0
26486,119354,49786,0
26487,132943,59078,0
26488,152788,29064,0
26489,142112,74110,0
26490,115443,136488,0
26491,152106,68584,0
26492,63675,47519,0
26493,48929,11138,0
26494,52312,13665,0
26495,58005,140492,0
26496,3806,105201,0
26497,148579,87743,0
26498,25203,36837,0
26499,76647,134934,0
26500,88713,32001,0
26501,143613,140538,0
26502,60355,22800,0
26503,91091,38878,0
26504,98437,74416,0
26505,78554,13024,0
26506,137273,54190,0
26507,28420,119521,0
26508,113401,150323,0
26509,10845,43067,0
26510,58172,93409,0
26511,27186,21132,0
26512,97716,114446,0
26513,53898,128319,0
26514,138959,100165,0
26515,143430,41599,0
26516,119893,93008,0
26517,94655,121285,0
26518,130294,122256,0
26519,101171,90249,0
26520,87908,114908,0
26521,84283,120866,0
26522,147511,26679,0
26523,44961,114528,0
26524,140835,143181,0
26525,143060,12108,0
26526,128516,151230,0
26527,148700,131299,0
26528,151593,80816,0
26529,74620,140853,0
26530,86853,103089,0
26531,78565,18225,0
26532,6521,20872,0
26533,107243,108796,0
26534,18855,40758,0
26535,103358,74745,0
26536,73518,115231,0
26537,59104,86160,0
26538,141410,41672,0
26539,2751,16436,0
26540,96205,51121,0
26541,134131,34015,0
26542,10052,75675,0
26543,89587,82337,0
26544,139104,100083,0
26545,102188,5094,0
26546,35948,92437,0
26547,82216,35713,0
26548,62496,86375,0
26549,31140,109369,0
26550,71976,24655,0
26551,138879,86276,0
26552,62103,103105,0
26553,116367,104765,0
26554,53896,65512,0
26555,116545,20335,0
26556,81742,95183,0
26557,121919,153371,0
26558,151557,26930,0
26559,56146,62183,0
26560,26301,34780,0
26561,123263,45212,0
26562,56762,149296,0
26563,17467,154792,0
26564,145702,121214,0
26565,127846,104021,0
26566,56292,123428,0
26567,89066,3902,0
26568,122615,152876,0
26569,142110,99441,0
26570,295,72757,0
26571,20764,126909,0
26572,38182,26113,0
26573,87760,31611,0
26574,93513,143482,0
26575,117582,107785,0
26576,21234,106893,0
26577,22427,53239,0
26578,106687,78008,0
26579,125163,72474,0
26580,125329,83143,0
26581,24241,76629,0
26582,41193,139178,0
26583,1132,12588,0
26584,29451,93035,0
26585,18849,151621,0
26586,42860,79723,0
26587,44633,85184,0
26588,119146,19627,0
26589,129725,30335,0
26590,45272,41983,0
26591,125178,79062,0
26592,42498,92340,0
26593,129353,77373,0
26594,27026,147683,0
26595,76864,144221,0
26596,48423,56232,0
26597,65940,91990,0
26598,112567,94066,0
26599,40741,38289,0
26600,147852,131281,0
26601,93459,55004,0
26602,130810,19820,0
26603,141511,120416,0
26604,152879,89998,0
26605,15196,58414,0
26606,20118,21685,0
26607,26961,120226,0
26608,94708,65422,0
26609,136459,117428,0
26610,20649,35129,0
26611,45922,36407,0
26612,144248,53980,0
26613,153511,58749,0
26614,140328,3848,0
26615,52731,73779,0
26616,7846,120629,0
26617,37430,150950,0
26618,119399,89020,0
26619,48398,144690,0
26620,60162,51441,0
26621,148794,40563,0
26622,123304,153350,0
26623,12462,63804,0
26624,22465,63276,0
26625,146564,78282,0
26626,52281,148499,0
26627,43574,110711,0
26628,118533,54330,0
26629,142348,64868,0
26630,61084,2668,0
26631,56419,68082,0
26632,138243,112445,0
26633,126621,96643,0
26634,150415,10597,0
26635,144576,48791,0
26636,22851,72016,0
26637,138849,42916,0
26638,90020,149352,0
26639,71791,70311,0
26640,87888,60077,0
26641,48358,64627,0
26642,41626,77800,0
26643,114393,286,0
26644,120515,2533,0
26645,153178,123688,0
26646,150491,69321,0
26647,73883,96791,0
26648,78912,82554,0
26649,35448,96026,0
26650,25409,112671,0
26651,27903,78202,0
26652,46811,119933,0
26653,14453,43639,0
26654,129394,54437,0
26655,131409,32360,0
26656,56425,50068,0
26657,145615,116730,0
26658,141242,48638,0
26659,9407,29752,0
26660,15147,115446,0
26661,24219,49097,0
26662,69648,62192,0
26663,112544,124359,0
26664,60765,107184,0
26665,9368,128949,0
26666,116160,52626,0
26667,121842,127263,0
26668,101753,34683,0
26669,88363,74180,0
26670,4511,68461,0
26671,1433,74720,0
26672,107235,107166,0
26673,140373,70055,0
26674,123059,66511,0
26675,84412,49110,0
26676,84174,45789,0
26677,20122,131088,0
26678,53540,95181,0
26679,27682,74791,0
26680,79818,88263,0
26681,139045,1942,0
26682,114727,101280,0
26683,112094,99732,0
26684,97147,68238,0
26685,15955,34271,0
26686,111570,41197,0
26687,61108,71634,0
26688,11861,50406,0
26689,64793,71599,0
26690,2572,61871,0
26691,125172,97390,0
26692,25448,149921,0
26693,123705,95333,0
26694,2254,113985,0
26695,109064,24390,0
26696,8196,147944,0
26697,76894,3394,0
26698,76330,121673,0
26699,87144,20957,0
26700,76487,136040,0
26701,53830,132161,0
26702,17063,28771,0
26703,67807,153677,0
26704,96334,143018,0
26705,59571,65953,0
26706,93497,7128,0
26707,67161,40835,0
26708,141259,71224,0
26709,44812,125616,0
26710,22145,3411,0
26711,17178,36050,0
26712,45453,143617,0
26713,71707,66180,0
26714,75716,154091,0
26715,57596,39611,0
26716,2517,34752,0
26717,44125,7716,0
26718,86349,52935,0
26719,24075,59910,0
26720,124683,126151,0
26721,154973,95061,0
26722,138958,101388,0
26723,46753,30826,0
26724,76955,19722,0
26725,46705,97900,0
26726,6625,21625,0
26727,19291,104295,0
26728,104821,103966,0
26729,122584,145986,0
26730,129191,70757,0
26731,31741,94893,0
26732,132407,22802,0
26733,130251,659,0
26734,8723,65985,0
26735,81320,153703,0
26736,726,126780,0
26737,69858,147693,0
26738,80632,107446,0
26739,83991,129223,0
26740,76844,139209,0
26741,29233,110426,0
26742,46479,26404,0
26743,79949,7250,0
26744,59505,25035,0
26745,140565,28246,0
26746,102453,120003,0
26747,109141,101955,0
26748,118732,89000,0
26749,8101,123715,0
26750,20615,89691,0
26751,110077,30915,0
26752,93369,78220,0
26753,152442,63830,0
26754,122273,150487,0
26755,115649,115212,0
26756,32061,135350,0
26757,2115,28220,0
26758,18076,75439,0
26759,131540,6751,0
26760,39403,100604,0
26761,121707,24695,0
26762,39649,56350,0
26763,26797,113380,0
26764,84145,39737,0
26765,142553,10728,0
26766,125485,8863,0
26767,112274,88621,0
26768,89398,90051,0
26769,22226,6374,0
26770,55914,82955,0
26771,121921,152501,0
26772,84556,154515,0
26773,114254,14440,0
26774,150709,100458,0
26775,83825,101886,0
26776,127325,25647,0
26777,51484,23406,0
26778,89372,142382,0
26779,51357,49642,0
26780,79137,60656,0
26781,125883,14306,0
26782,146429,15306,0
26783,108771,25254,0
26784,39100,108927,0
26785,54781,124892,0
26786,145155,49734,0
26787,136903,94019,0
26788,106532,32769,0
26789,69564,65877,0
26790,40048,70153,0
26791,36061,123222,0
26792,88479,12362,0
26793,120485,130709,0
26794,5341,56728,0
26795,40718,21650,0
26796,61624,17731,0
26797,95405,96752,0
26798,70833,102515,0
26799,82060,198,0
26800,139794,31342,0
26801,6476,45883,0
26802,151844,48314,0
26803,87572,150363,0
26804,37481,147224,0
26805,121083,48818,0
26806,103785,27833,0
26807,113566,85486,0
26808,55159,24202,0
26809,33404,100538,0
26810,90378,20982,0
26811,18326,136566,0
26812,152851,127114,0
26813,28663,150895,0
26814,152509,23115,0
26815,50927,125217,0
26816,37469,96044,0
26817,131982,132950,0
26818,380,30226,0
26819,35637,134508,0
26820,50247,82919,0
26821,82828,50493,0
26822,117706,132683,0
26823,17094,20699,0
26824,87792,41604,0
26825,23040,138270,0
26826,21292,26379,0
26827,49730,52961,0
26828,109866,116658,0
26829,66236,153780,0
26830,8181,109394,0
26831,153686,20731,0
26832,143697,14038,0
26833,5231,88297,0
26834,56140,58516,0
26835,19510,115160,0
26836,21567,71439,0
26837,12966,119508,0
26838,47897,119257,0
26839,49743,52516,0
26840,62205,23780,0
26841,116707,113713,0
26842,77362,105073,0
26843,19119,66649,0
26844,62943,10109,0
26845,76610,58520,0
26846,61645,73005,0
26847,142853,135376,0
26848,21319,97752,0
26849,57614,84282,0
26850,35252,124278,0
26851,29214,133306,0
26852,116375,152752,0
26853,39170,29794,0
26854,149279,1562,0
26855,14515,99194,0
26856,10497,86767,0
26857,97898,76250,0
26858,51084,151324,0
26859,64276,45761,0
26860,75373,28789,0
26861,101804,135937,0
26862,137989,32276,0
26863,135916,101026,0
26864,31620,38982,0
26865,135015,75231,0
26866,117007,138494,0
26867,85615,42077,0
26868,67246,5542,0
26869,85813,136367,0
26870,85041,42725,0
26871,36909,87779,0
26872,84714,35389,0
26873,103621,34780,0
26874,42836,91591,0
26875,11702,128920,0
26876,89115,47942,0
26877,131428,110357,0
26878,21717,61491,0
26879,70653,111214,0
26880,149461,71199,0
26881,4298,66026,0
26882,30772,103346,0
26883,75492,54745,0
26884,63892,48303,0
26885,5933,40257,0
26886,131975,112583,0
26887,89799,102821,0
26888,115174,35294,0
26889,40244,45995,0
26890,115530,76539,0
26891,40584,85797,0
26892,15157,24544,0
26893,45480,57180,0
26894,150392,143515,0
26895,134872,55457,0
26896,70870,63289,0
26897,5411,150903,0
26898,11008,75739,0
26899,28952,47804,0
26900,32151,4301,0
26901,1240,139937,0
26902,10290,139119,0
26903,73477,73059,0
26904,35123,75403,0
26905,130455,98517,0
26906,52435,32964,0
26907,145711,145063,0
26908,45615,50870,0
26909,20001,5191,0
26910,121155,30793,0
26911,63392,108894,0
26912,80064,135117,0
26913,151743,90804,0
26914,6534,102451,0
26915,69283,33051,0
26916,63083,52702,0
26917,44313,32808,0
26918,92840,59144,0
26919,3197,46692,0
26920,132217,76301,0
26921,94663,126476,0
26922,146263,148916,0
26923,144452,108610,0
26924,118433,87099,0
26925,25353,70396,0
26926,95147,107570,0
26927,97090,23867,0
26928,121737,133138,0
26929,81397,30935,0
26930,58703,133519,0
26931,6035,102778,0
26932,23966,94274,0
26933,134434,101743,0
26934,59170,5448,0
26935,94063,75303,0
26936,60778,381,0
26937,111262,4073,0
26938,64482,64631,0
26939,72394,51358,0
26940,86036,14206,0
26941,103350,140360,0
26942,55250,29710,0
26943,10357,56904,0
26944,82709,81501,0
26945,140667,151212,0
26946,69776,38023,0
26947,58355,125965,0
26948,47374,12077,0
26949,31556,130109,0
26950,36767,9294,0
26951,46176,124516,0
26952,97645,82183,0
26953,60708,106295,0
26954,68174,110407,0
26955,63056,136045,0
26956,15155,57921,0
26957,1618,17376,0
26958,22950,113464,0
26959,49034,131558,0
26960,117650,57285,0
26961,59848,51177,0
26962,63207,12242,0
26963,3618,75920,0
26964,25602,24000,0
26965,152203,76635,0
26966,140114,4466,0
26967,28227,49374,0
26968,141131,129205,0
26969,105579,118577,0
26970,132889,31393,0
26971,79768,119991,0
26972,91922,127957,0
26973,47993,22517,0
26974,12381,24601,0
26975,140481,19577,0
26976,19315,153826,0
26977,50198,97331,0
26978,32264,110282,0
26979,14994,111617,0
26980,39663,24477,0
26981,34986,92456,0
26982,43713,117514,0
26983,135384,134316,0
26984,152833,115775,0
26985,58079,86933,0
26986,30939,135710,0
26987,61875,55287,0
26988,129299,46364,0
26989,98227,47808,0
26990,101798,57621,0
26991,112407,100587,0
26992,33180,794,0
26993,6485,18101,0
26994,118532,599,0
26995,104336,71218,0
26996,59322,14620,0
26997,109811,148723,0
26998,33087,147186,0
26999,132035,122687,0
27000,30099,61819,0
27001,147363,104718,0
27002,130715,127238,0
27003,29642,132447,0
27004,150357,24536,0
27005,150844,152801,0
27006,142582,88526,0
27007,112500,138014,0
27008,123498,42779,0
27009,87945,49568,0
27010,15365,60081,0
27011,99479,58680,0
27012,28877,9920,0
27013,74334,94976,0
27014,138316,48714,0
27015,17287,96514,0
27016,85310,150894,0
27017,50590,72637,0
27018,41993,151182,0
27019,7363,144369,0
27020,69684,68930,0
27021,37748,4543,0
27022,54028,7567,0
27023,54328,51123,0
27024,93093,142626,0
27025,6429,17160,0
27026,55366,144438,0
27027,64883,72134,0
27028,143017,85485,0
27029,4630,50200,0
27030,27830,73984,0
27031,105855,106827,0
27032,154963,56897,0
27033,65236,144269,0
27034,118234,123063,0
27035,107696,84476,0
27036,91989,124968,0
27037,50777,14012,0
27038,122508,16612,0
27039,65563,28247,0
27040,79994,85121,0
27041,141926,66611,0
27042,108502,151149,0
27043,138225,23268,0
27044,78428,424,0
27045,71098,152325,0
27046,120379,337,0
27047,146798,57383,0
27048,30450,21185,0
27049,129214,8070,0
27050,113507,2876,0
27051,73812,70061,0
27052,63724,66927,0
27053,115895,10683,0
27054,42999,21413,0
27055,89214,33661,0
27056,86945,49545,0
27057,39823,17396,0
27058,32615,139785,0
27059,115992,1053,0
27060,42964,7096,0
27061,34719,104767,0
27062,3779,91407,0
27063,75993,48471,0
27064,83616,17703,0
27065,12292,4906,0
27066,120928,89626,0
27067,116107,154731,0
27068,37094,105453,0
27069,35052,76753,0
27070,78276,72904,0
27071,25169,58693,0
27072,102019,96906,0
27073,122128,101806,0
27074,89466,154583,0
27075,101997,14984,0
27076,124080,31055,0
27077,33174,59085,0
27078,148200,13012,0
27079,82905,65302,0
27080,72113,105018,0
27081,100973,61550,0
27082,114950,57605,0
27083,113461,3896,0
27084,19140,50493,0
27085,62036,35108,0
27086,69678,29830,0
27087,2206,96356,0
27088,118020,5050,0
27089,131114,3369,0
27090,114857,116822,0
27091,149538,149151,0
27092,141472,74310,0
27093,34911,152109,0
27094,80121,73926,0
27095,116468,86819,0
27096,25903,116623,0
27097,69722,41806,0
27098,101504,153603,0
27099,107219,37727,0
27100,153253,68510,0
27101,148344,47499,0
27102,148735,3787,0
27103,140333,75898,0
27104,112907,11180,0
27105,60379,153990,0
27106,58013,8497,0
27107,112086,17356,0
27108,5228,137454,0
27109,4352,150896,0
27110,75130,44880,0
27111,98001,45478,0
27112,19082,18629,0
27113,59383,47287,0
27114,113978,98205,0
27115,8691,56859,0
27116,84363,80640,0
27117,51313,67711,0
27118,2680,99190,0
27119,20074,128930,0
27120,165,108797,0
27121,56170,80113,0
27122,79472,46487,0
27123,120055,151185,0
27124,62312,126997,0
27125,111363,1368,0
27126,143913,151400,0
27127,47103,130276,0
27128,96225,129576,0
27129,125976,105596,0
27130,11477,136626,0
27131,142137,47523,0
27132,24787,30785,0
27133,113912,123539,0
27134,7861,41085,0
27135,20175,127547,0
27136,115113,44500,0
27137,88973,120252,0
27138,137287,90047,0
27139,7924,117621,0
27140,15168,111432,0
27141,56584,97271,0
27142,47129,12091,0
27143,50508,47184,0
27144,50470,130435,0
27145,43742,149265,0
27146,60350,55216,0
27147,125444,59578,0
27148,129866,138445,0
27149,32841,3768,0
27150,60344,56433,0
27151,118510,128838,0
27152,62071,5492,0
27153,42702,119498,0
27154,127572,153454,0
27155,57276,24233,0
27156,2070,56431,0
27157,49670,131033,0
27158,134601,29265,0
27159,37172,78567,0
27160,61967,130199,0
27161,17854,108583,0
27162,52413,63984,0
27163,147388,21701,0
27164,50040,82247,0
27165,154089,150523,0
27166,154186,101220,0
27167,68080,143831,0
27168,119174,115611,0
27169,106013,134561,0
27170,53898,84338,0
27171,343,29468,0
27172,25546,74464,0
27173,88174,105555,0
27174,54147,54372,0
27175,15697,129041,0
27176,115609,144752,0
27177,80440,25824,0
27178,133106,100147,0
27179,135672,133922,0
27180,106255,145017,0
27181,96115,85223,0
27182,94817,52992,0
27183,129611,95592,0
27184,135228,84949,0
27185,22718,47205,0
27186,1296,154795,0
27187,66987,12866,0
27188,52964,116751,0
27189,30120,32678,0
27190,15332,30765,0
27191,86795,72088,0
27192,77525,77382,0
27193,84757,144290,0
27194,9629,17074,0
27195,88693,81828,0
27196,12269,35807,0
27197,7953,89910,0
27198,99677,150607,0
27199,73656,144155,0
27200,98767,129472,0
27201,27979,2467,0
27202,60376,35355,0
27203,83299,123124,0
27204,110403,94113,0
27205,6106,77894,0
27206,108158,73387,0
27207,145081,103436,0
27208,7764,23041,0
27209,69423,116242,0
27210,110646,35686,0
27211,5718,130004,0
27212,73346,80958,0
27213,35779,14824,0
27214,109786,69661,0
27215,123148,70171,0
27216,109721,61972,0
27217,20401,20033,0
27218,7947,613,0
27219,59471,64877,0
27220,100276,48216,0
27221,148297,151792,0
27222,29530,116281,0
27223,124230,64115,0
27224,49673,136424,0
27225,810,136732,0
27226,151691,18242,0
27227,24202,100674,0
27228,120246,80826,0
27229,10919,90081,0
27230,107028,75532,0
27231,19012,11989,0
27232,58231,100053,0
27233,121729,106091,0
27234,58951,26736,0
27235,23757,126439,0
27236,31279,14185,0
27237,111794,5124,0
27238,52166,56238,0
27239,44539,26231,0
27240,41852,146060,0
27241,27102,137473,0
27242,93516,13490,0
27243,12489,1356,0
27244,66785,23299,0
27245,20154,1799,0
27246,147852,92857,0
27247,62496,9579,0
27248,107400,128039,0
27249,70590,55277,0
27250,46952,65796,0
27251,117374,134885,0
27252,25921,136906,0
27253,118247,107609,0
27254,47359,17254,0
27255,138315,70660,0
27256,147259,84266,0
27257,50417,50591,0
27258,141960,48903,0
27259,112547,85647,0
27260,77170,125333,0
27261,10421,12033,0
27262,61655,100925,0
27263,42634,121335,0
27264,12564,10360,0
27265,60306,23752,0
27266,21582,138138,0
27267,25165,136345,0
27268,58341,63559,0
27269,77798,108501,0
27270,132138,102044,0
27271,65806,17191,0
27272,31472,28409,0
27273,28402,26731,0
27274,34972,147076,0
27275,30237,76015,0
27276,154640,61253,0
27277,61761,124956,0
27278,138149,1022,0
27279,96047,83631,0
27280,97210,8035,0
27281,27766,9932,0
27282,128635,49922,0
27283,105204,121072,0
27284,144526,101094,0
27285,113270,19205,0
27286,102927,74378,0
27287,23416,143516,0
27288,96452,9484,0
27289,29262,149680,0
27290,106350,129550,0
27291,26114,100897,0
27292,137713,73509,0
27293,63783,39953,0
27294,53922,127712,0
27295,7504,56213,0
27296,130018,95892,0
27297,114352,133990,0
27298,2396,48191,0
27299,113957,32320,0
27300,67626,127724,0
27301,10672,126081,0
27302,82132,80601,0
27303,124160,37982,0
27304,42540,2836,0
27305,132750,128830,0
27306,129778,128447,0
27307,136039,122532,0
27308,153446,84515,0
27309,121875,132821,0
27310,128379,138429,0
27311,91597,112530,0
27312,3641,42638,0
27313,145696,27961,0
27314,154277,152262,0
27315,132815,112557,0
27316,4417,10158,0
27317,27586,46230,0
27318,110910,125159,0
27319,46515,131179,0
27320,80142,131487,0
27321,101177,71677,0
27322,13518,59253,0
27323,134865,113893,0
27324,95049,92540,0
27325,19997,76220,0
27326,94572,147594,0
27327,153318,126992,0
27328,71208,50092,0
27329,12778,135708,0
27330,90012,129845,0
27331,29132,113347,0
27332,96120,44616,0
27333,20787,129917,0
27334,21426,71749,0
27335,38286,52437,0
27336,128803,141803,0
27337,136028,83839,0
27338,125366,96745,0
27339,48369,84434,0
27340,79620,17356,0
27341,12992,55182,0
27342,60676,117537,0
27343,52427,141956,0
27344,139975,112455,0
27345,82364,131478,0
27346,74501,136195,0
27347,6996,154161,0
27348,9932,95890,0
27349,130735,102798,0
27350,112443,95527,0
27351,127139,95343,0
27352,96031,67747,0
27353,36771,13351,0
27354,39102,116399,0
27355,12960,2533,0
27356,122386,118983,0
27357,129819,58047,0
27358,11477,7645,0
27359,11127,8979,0
27360,110886,152238,0
27361,111139,40354,0
27362,81840,42602,0
27363,132723,60559,0
27364,14133,29925,0
27365,89524,148309,0
27366,47570,110596,0
27367,23854,141482,0
27368,20828,113235,0
27369,998,40798,0
27370,11146,134979,0
27371,74954,139994,0
27372,68933,136752,0
27373,74958,78209,0
27374,26030,93537,0
27375,96516,136756,0
27376,134505,52815,0
27377,119791,103365,0
27378,145707,141204,0
27379,113949,70707,0
27380,69547,149710,0
27381,102017,30516,0
27382,151498,23334,0
27383,130271,27659,0
27384,42647,135828,0
27385,95832,15657,0
27386,121707,409,0
27387,87479,137216,0
27388,28927,62933,0
27389,12869,17203,0
27390,119009,87465,0
27391,82344,10912,0
27392,24291,132276,0
27393,147985,116882,0
27394,143176,116503,0
27395,133379,2395,0
27396,57390,34673,0
27397,127274,106707,0
27398,44627,89319,0
27399,9753,53637,0
27400,66867,148413,0
27401,74460,52176,0
27402,154994,14175,0
27403,44192,145099,0
27404,106314,153944,0
27405,34034,43769,0
27406,115811,100112,0
27407,149555,117855,0
27408,127768,136049,0
27409,100013,103389,0
27410,83983,52804,0
27411,76010,40358,0
27412,153206,56151,0
27413,6144,67173,0
27414,29700,17638,0
27415,48155,35310,0
27416,102054,134499,0
27417,73166,113208,0
27418,36213,146281,0
27419,112449,66847,0
27420,21379,54848,0
27421,90152,8508,0
27422,9818,126757,0
27423,106599,93729,0
27424,16020,38571,0
27425,121105,40185,0
27426,112597,83104,0
27427,130167,134089,0
27428,35105,126844,0
27429,49514,43846,0
27430,97784,112837,0
27431,10128,7357,0
27432,132436,82601,0
27433,146268,96327,0
27434,19227,69086,0
27435,46072,116789,0
27436,78609,71714,0
27437,40575,44153,0
27438,21394,99523,0
27439,61919,50890,0
27440,33317,38615,0
27441,104699,52317,0
27442,4126,72590,0
27443,28348,64865,0
27444,83072,96858,0
27445,87456,1262,0
27446,27676,81405,0
27447,86023,129919,0
27448,146358,25336,0
27449,91487,45389,0
27450,61901,113467,0
27451,38114,647,0
27452,43440,99770,0
27453,33305,103053,0
27454,6865,127212,0
27455,41993,68022,0
27456,55125,104739,0
27457,111763,122603,0
27458,107651,25071,0
27459,14642,68189,0
27460,6219,48032,0
27461,91257,86349,0
27462,115290,145878,0
27463,20850,130198,0
27464,19910,111271,0
27465,98412,77097,0
27466,41950,143786,0
27467,140343,116029,0
27468,92142,143506,0
27469,15553,151228,0
27470,48039,88069,0
27471,70241,80396,0
27472,62444,9577,0
27473,69677,49517,0
27474,140575,134947,0
27475,143032,151488,0
27476,124693,66993,0
27477,7191,119285,0
27478,54208,127864,0
27479,90787,7096,0
27480,40182,146470,0
27481,5738,27145,0
27482,2720,23083,0
27483,131615,97476,0
27484,10365,136452,0
27485,149610,44020,0
27486,11468,65762,0
27487,147328,54144,0
27488,12085,43883,0
27489,150108,15414,0
27490,152782,38510,0
27491,98389,45218,0
27492,41711,62827,0
27493,52498,46590,0
27494,6375,59740,0
27495,15950,145307,0
27496,34570,21885,0
27497,64811,24265,0
27498,49905,135462,0
27499,128912,132411,0
27500,17063,154885,0
27501,29246,36816,0
27502,12664,56213,0
27503,1483,86112,0
27504,35715,125321,0
27505,11973,151770,0
27506,117145,25407,0
27507,50624,96223,0
27508,129348,146649,0
27509,57329,40042,0
27510,105106,15772,0
27511,124417,127201,0
27512,78119,4547,0
27513,135238,99955,0
27514,146297,71730,0
27515,558,27442,0
27516,30999,150226,0
27517,960,132526,0
27518,47954,5853,0
27519,60896,88477,0
27520,118893,6227,0
27521,109870,86600,0
27522,144315,31193,0
27523,53353,111944,0
27524,146473,29909,0
27525,44959,26394,0
27526,146635,113585,0
27527,18713,125807,0
27528,113632,25432,0
27529,15930,15242,0
27530,141216,59734,0
27531,118307,17356,0
27532,64526,131116,0
27533,96539,132164,0
27534,58206,7964,0
27535,153050,148351,0
27536,54015,44472,0
27537,63782,100974,0
27538,143640,96141,0
27539,83795,65987,0
27540,5913,1220,0
27541,95570,57733,0
27542,28727,134004,0
27543,7436,22226,0
27544,10601,91893,0
27545,95586,129513,0
27546,117680,126378,0
27547,88332,21222,0
27548,71178,105492,0
27549,63277,71123,0
27550,111739,127568,0
27551,7191,56771,0
27552,16282,58879,0
27553,129679,141452,0
27554,123756,88034,0
27555,103238,3560,0
27556,8845,147546,0
27557,18927,125255,0
27558,130614,9870,0
27559,37605,130274,0
27560,51959,50292,0
27561,109056,79253,0
27562,58224,140173,0
27563,113216,53129,0
27564,141399,30286,0
27565,139789,60980,0
27566,63767,124108,0
27567,32803,74608,0
27568,50695,111581,0
27569,112090,76059,0
27570,131872,86704,0
27571,96150,112117,0
27572,99793,4000,0
27573,65943,112294,0
27574,17945,13569,0
27575,95954,19526,0
27576,100057,29834,0
27577,16666,73706,0
27578,53337,122828,0
27579,113500,8703,0
27580,71226,93897,0
27581,148651,99601,0
27582,5665,98674,0
27583,52880,9054,0
27584,10976,68858,0
27585,143713,31403,0
27586,107084,87489,0
27587,122372,115911,0
27588,113501,36645,0
27589,63548,130522,0
27590,117611,116496,0
27591,136229,87469,0
27592,122478,141895,0
27593,60110,91331,0
27594,609,28895,0
27595,13166,9701,0
27596,134710,98898,0
27597,92743,113475,0
27598,70103,147331,0
27599,18496,149242,0
27600,144381,145361,0
27601,4282,121605,0
27602,76284,153754,0
27603,99869,72989,0
27604,103390,68049,0
27605,126720,4460,0
27606,35603,53050,0
27607,93239,36980,0
27608,110321,74098,0
27609,74113,120990,0
27610,81236,128719,0
27611,46838,48075,0
27612,8437,60296,0
27613,106844,20000,0
27614,38182,70711,0
27615,107810,15176,0
27616,63753,29312,0
27617,154819,56459,0
27618,44088,70711,0
27619,141047,110941,0
27620,70991,145162,0
27621,143429,19661,0
27622,148264,13727,0
27623,128004,40758,0
27624,64881,37368,0
27625,40444,92488,0
27626,119488,78882,0
27627,66383,41307,0
27628,58128,104777,0
27629,75282,100265,0
27630,137197,109274,0
27631,81583,83589,0
27632,113058,116505,0
27633,69819,81827,0
27634,109947,132535,0
27635,106089,70979,0
27636,1651,15337,0
27637,40621,18409,0
27638,26961,102221,0
27639,148280,19973,0
27640,96607,36707,0
27641,64702,149406,0
27642,99611,146433,0
27643,104627,123926,0
27644,3550,111202,0
27645,138140,145606,0
27646,7662,30376,0
27647,72855,43137,0
27648,122986,22855,0
27649,129033,64759,0
27650,64181,14694,0
27651,124167,10333,0
27652,67203,66917,0
27653,59423,20996,0
27654,130268,17420,0
27655,142361,94696,0
27656,34642,141953,0
27657,101233,40063,0
27658,12446,128993,0
27659,37715,2606,0
27660,71664,27609,0
27661,153003,132814,0
27662,20483,12436,0
27663,5503,44475,0
27664,9625,66751,0
27665,58205,10404,0
27666,119422,24025,0
27667,57243,59949,0
27668,61225,7281,0
27669,11595,153821,0
27670,98763,116536,0
27671,95136,87740,0
27672,145812,119667,0
27673,8243,20857,0
27674,117185,54470,0
27675,139669,140980,0
27676,92609,113445,0
27677,1036,37324,0
27678,86876,8035,0
27679,135915,86487,0
27680,96571,83500,0
27681,43919,74457,0
27682,81611,123492,0
27683,40058,44049,0
27684,69310,146905,0
27685,140159,43410,0
27686,79140,58361,0
27687,113612,25104,0
27688,135869,86438,0
27689,118970,37025,0
27690,118404,5031,0
27691,106627,152712,0
27692,78277,132795,0
27693,97440,69594,0
27694,110886,80194,0
27695,143865,65512,0
27696,49053,86355,0
27697,24886,38266,0
27698,5046,54747,0
27699,82812,119314,0
27700,109258,24468,0
27701,86038,21464,0
27702,112691,60558,0
27703,18858,145887,0
27704,58795,81244,0
27705,142765,133670,0
27706,82059,130587,0
27707,112603,94262,0
27708,71362,30295,0
27709,70075,109120,0
27710,31837,149334,0
27711,4973,142131,0
27712,20331,59741,0
27713,65535,124147,0
27714,142765,126680,0
27715,26702,143659,0
27716,77668,14989,0
27717,142016,67458,0
27718,60712,79598,0
27719,121347,52758,0
27720,44097,11792,0
27721,59783,8375,0
27722,2015,54747,0
27723,112376,108140,0
27724,28801,8896,0
27725,124705,132446,0
27726,6361,17875,0
27727,98011,90360,0
27728,111004,21400,0
27729,37157,134516,0
27730,75129,151230,0
27731,27292,108744,0
27732,26688,31817,0
27733,106823,19989,0
27734,13052,97048,0
27735,41330,85034,0
27736,58758,108817,0
27737,79255,71262,0
27738,112171,110958,0
27739,129118,122661,0
27740,38734,65466,0
27741,54242,7066,0
27742,92566,31603,0
27743,26129,133365,0
27744,31949,51615,0
27745,19370,140744,0
27746,78216,12931,0
27747,29486,131080,0
27748,26337,52302,0
27749,54518,99553,0
27750,118379,59067,0
27751,81452,67923,0
27752,2987,3667,0
27753,61759,13632,0
27754,11206,90428,0
27755,53628,63067,0
27756,102371,17752,0
27757,113292,44300,0
27758,59823,130252,0
27759,6520,123645,0
27760,48545,122067,0
27761,105779,86400,0
27762,153646,110406,0
27763,46177,62972,0
27764,607,64032,0
27765,77630,100744,0
27766,35974,6339,0
27767,125246,67140,0
27768,128269,88434,0
27769,62522,9771,0
27770,45266,33512,0
27771,9421,31264,0
27772,7960,107596,0
27773,144994,67847,0
27774,154231,111261,0
27775,103783,6538,0
27776,101978,12972,0
27777,73164,67156,0
27778,10654,145898,0
27779,83601,103544,0
27780,104904,10160,0
27781,119280,95158,0
27782,102519,36149,0
27783,82057,146385,0
27784,49243,149053,0
27785,113844,115174,0
27786,3999,80220,0
27787,83932,10029,0
27788,14937,131642,0
27789,135617,39232,0
27790,40774,36605,0
27791,148628,88687,0
27792,35522,67257,0
27793,8245,95118,0
27794,93640,28943,0
27795,24871,89033,0
27796,73876,126747,0
27797,115237,90131,0
27798,21420,108817,0
27799,139086,37645,0
27800,87917,146126,0
27801,8153,13871,0
27802,20327,39104,0
27803,25983,35417,0
27804,50249,153298,0
27805,75692,60975,0
27806,131066,12298,0
27807,45869,92194,0
27808,74640,106462,0
27809,60264,122342,0
27810,101345,147339,0
27811,130950,3788,0
27812,61371,113109,0
27813,20511,111021,0
27814,65643,16089,0
27815,123111,51410,0
27816,151601,102286,0
27817,47514,38719,0
27818,5634,81989,0
27819,65946,134784,0
27820,9950,67045,0
27821,44999,145420,0
27822,123162,70594,0
27823,75362,93668,0
27824,150741,32430,0
27825,109686,117373,0
27826,16576,130063,0
27827,35102,44037,0
27828,58839,100654,0
27829,96470,51114,0
27830,67493,134078,0
27831,96730,82010,0
27832,88499,36803,0
27833,39736,51013,0
27834,150277,21678,0
27835,48431,57926,0
27836,30437,152688,0
27837,24356,64850,0
27838,136834,79046,0
27839,53499,121639,0
27840,62305,148361,0
27841,48290,147716,0
27842,31723,141995,0
27843,75061,40790,0
27844,2829,124804,0
27845,92622,5193,0
27846,127998,102229,0
27847,81901,111408,0
27848,147397,112177,0
27849,111077,62298,0
27850,67942,35691,0
27851,138713,146496,0
27852,81021,154459,0
27853,94930,70200,0
27854,15117,31044,0
27855,115052,59998,0
27856,574,89369,0
27857,100733,107950,0
27858,87406,71918,0
27859,87274,32914,0
27860,141321,45009,0
27861,42258,38433,0
27862,14961,109055,0
27863,76207,137526,0
27864,82038,134754,0
27865,48504,69080,0
27866,71024,60218,0
27867,127541,55042,0
27868,112525,85304,0
27869,82512,78113,0
27870,100157,40931,0
27871,133520,85273,0
27872,22017,12533,0
27873,48410,68052,0
27874,7751,78642,0
27875,151844,132454,0
27876,154990,97525,0
27877,121064,112089,0
27878,34746,107684,0
27879,42305,72470,0
27880,106964,64765,0
27881,147900,51570,0
27882,114092,80025,0
27883,63836,15231,0
27884,81379,136207,0
27885,106870,94179,0
27886,130377,12965,0
27887,20994,22745,0
27888,24316,20058,0
27889,58909,100062,0
27890,104589,41808,0
27891,10867,28371,0
27892,137658,13143,0
27893,138034,128157,0
27894,66210,110764,0
27895,18797,28459,0
27896,123267,87534,0
27897,62141,57264,0
27898,45470,117428,0
27899,124918,44386,0
27900,11841,65667,0
27901,75795,79681,0
27902,144788,19173,0
27903,11353,95155,0
27904,70103,115199,0
27905,125113,134673,0
27906,6052,104295,0
27907,109178,136818,0
27908,13301,99717,0
27909,17057,2352,0
27910,95952,118477,0
27911,82039,147474,0
27912,112954,20584,0
27913,45541,133436,0
27914,154913,74136,0
27915,17827,104049,0
27916,1792,26388,0
27917,106977,50137,0
27918,133161,118929,0
27919,134156,125489,0
27920,146925,94603,0
27921,90011,35960,0
27922,8885,50781,0
27923,15474,119986,0
27924,13403,41433,0
27925,27979,85107,0
27926,116565,56726,0
27927,29681,36465,0
27928,113356,42842,0
27929,99335,99628,0
27930,6461,39605,0
27931,140854,3051,0
27932,22477,118605,0
27933,97610,122999,0
27934,17134,105322,0
27935,128793,110239,0
27936,80491,4887,0
27937,3624,29369,0
27938,114900,76630,0
27939,48888,101038,0
27940,62028,152617,0
27941,47803,20941,0
27942,82044,124603,0
27943,34854,138285,0
27944,119596,114486,0
27945,55334,98313,0
27946,70691,148779,0
27947,70032,93839,0
27948,19125,80916,0
27949,144178,151742,0
27950,75646,81160,0
27951,144807,9011,0
27952,112752,3023,0
27953,104350,133992,0
27954,141512,148924,0
27955,22066,32243,0
27956,17014,69457,0
27957,34212,152321,0
27958,15000,93495,0
27959,109233,144874,0
27960,149928,63768,0
27961,43572,20408,0
27962,5357,36994,0
27963,89761,8481,0
27964,151887,111166,0
27965,135378,2008,0
27966,96278,112533,0
27967,95315,102737,0
27968,51226,115134,0
27969,74408,55963,0
27970,12591,136599,0
27971,98063,148725,0
27972,123203,121166,0
27973,133212,70252,0
27974,64028,33333,0
27975,20566,114843,0
27976,127903,92425,0
27977,117921,58863,0
27978,149691,96402,0
27979,35229,88477,0
27980,13447,106973,0
27981,112878,88637,0
27982,116265,150926,0
27983,93093,66377,0
27984,72751,152070,0
27985,3804,115168,0
27986,143885,75934,0
27987,9392,51457,0
27988,53586,34172,0
27989,17741,135715,0
27990,144333,104943,0
27991,55744,109919,0
27992,149323,141712,0
27993,112352,140057,0
27994,23757,139477,0
27995,47851,150657,0
27996,43438,81000,0
27997,69438,63400,0
27998,41996,6902,0
27999,53428,94038,0
28000,104837,130919,0
28001,128128,154485,0
28002,13198,139004,0
28003,15079,75059,0
28004,45818,135791,0
28005,134989,63902,0
28006,27170,17448,0
28007,55481,148227,0
28008,50015,51040,0
28009,114483,134874,0
28010,49516,65732,0
28011,9261,98517,0
28012,89071,72970,0
28013,45912,120158,0
28014,127359,69202,0
28015,41214,65804,0
28016,114644,26150,0
28017,23065,139811,0
28018,73029,96325,0
28019,28413,23792,0
28020,70602,38190,0
28021,126424,59918,0
28022,53649,100791,0
28023,139441,106691,0
28024,39333,34261,0
28025,18470,113640,0
28026,75208,65340,0
28027,12156,35337,0
28028,95889,114705,0
28029,100492,63970,0
28030,103867,59379,0
28031,39693,152367,0
28032,135042,68307,0
28033,2830,56377,0
28034,50832,64368,0
28035,61105,105755,0
28036,81775,69663,0
28037,78253,16434,0
28038,14443,42265,0
28039,67010,20055,0
28040,24709,152085,0
28041,140606,99962,0
28042,70512,103095,0
28043,89077,89401,0
28044,30304,15767,0
28045,92000,51563,0
28046,131344,103885,0
28047,85441,79905,0
28048,34910,104576,0
28049,151878,89114,0
28050,120834,148588,0
28051,83294,145045,0
28052,15758,110855,0
28053,15118,101049,0
28054,76699,146270,0
28055,569,98231,0
28056,154693,70349,0
28057,50148,8094,0
28058,50318,149605,0
28059,120383,133475,0
28060,8594,1207,0
28061,121925,138621,0
28062,131278,94061,0
28063,137601,62885,0
28064,61465,78595,0
28065,137506,27169,0
28066,152596,120220,0
28067,34522,96991,0
28068,67404,31767,0
28069,118715,67639,0
28070,58219,4290,0
28071,85743,78588,0
28072,73605,148427,0
28073,12004,39819,0
28074,153489,118288,0
28075,2382,58242,0
28076,104712,155081,0
28077,83742,66081,0
28078,8084,111008,0
28079,75902,34505,0
28080,71674,67819,0
28081,24723,7098,0
28082,33835,5676,0
28083,152249,137657,0
28084,148813,139458,0
28085,122713,31788,0
28086,33287,91148,0
28087,80462,123412,0
28088,118000,42054,0
28089,89445,121493,0
28090,46556,43321,0
28091,86143,73251,0
28092,34430,126241,0
28093,128040,87761,0
28094,96688,84093,0
28095,93839,5748,0
28096,25992,38889,0
28097,66722,86452,0
28098,38641,138617,0
28099,73799,48395,0
28100,89352,115927,0
28101,130439,67755,0
28102,46688,48375,0
28103,98289,63801,0
28104,69989,137401,0
28105,79858,37646,0
28106,73673,44690,0
28107,97695,151974,0
28108,14189,99853,0
28109,1288,141014,0
28110,97133,124980,0
28111,60245,100452,0
28112,26095,63196,0
28113,90518,104714,0
28114,81417,82127,0
28115,113639,54846,0
28116,141606,60369,0
28117,16916,126482,0
28118,70213,58303,0
28119,87605,146874,0
28120,92347,110873,0
28121,116926,24647,0
28122,126387,62944,0
28123,66130,69927,0
28124,82012,76940,0
28125,71623,105617,0
28126,148296,135891,0
28127,4074,56776,0
28128,78175,114953,0
28129,64714,154379,0
28130,50004,76950,0
28131,42950,96873,0
28132,24362,96266,0
28133,129651,5438,0
28134,101110,130492,0
28135,42449,124534,0
28136,50916,89811,0
28137,108304,108813,0
28138,23026,107333,0
28139,135256,138847,0
28140,100771,45744,0
28141,131704,81741,0
28142,143161,116770,0
28143,44725,148924,0
28144,76951,116481,0
28145,51849,16768,0
28146,2598,31307,0
28147,35603,49210,0
28148,41875,149094,0
28149,146646,65555,0
28150,21064,25165,0
28151,40651,40904,0
28152,137506,62300,0
28153,35353,66775,0
28154,148580,13075,0
28155,30615,119312,0
28156,73240,120042,0
28157,103646,44550,0
28158,67954,85310,0
28159,57880,73508,0
28160,132083,24137,0
28161,83194,150818,0
28162,35743,128106,0
28163,64013,106614,0
28164,44784,61222,0
28165,74504,94378,0
28166,56734,106136,0
28167,60147,126863,0
28168,407,69782,0
28169,46786,146073,0
28170,84114,26292,0
28171,40616,35452,0
28172,22734,111072,0
28173,96633,77055,0
28174,92408,98922,0
28175,96938,76753,0
28176,54134,54944,0
28177,68362,65630,0
28178,24751,86004,0
28179,74958,112093,0
28180,78687,39194,0
28181,28304,122864,0
28182,90175,61809,0
28183,129431,40358,0
28184,137414,145514,0
28185,67696,44065,0
28186,86781,134105,0
28187,81597,42494,0
28188,11254,39745,0
28189,75142,89133,0
28190,150349,153250,0
28191,114896,123029,0
28192,79069,918,0
28193,97158,9915,0
28194,125661,62410,0
28195,42048,5715,0
28196,32309,23386,0
28197,59516,27393,0
28198,147748,113921,0
28199,28713,98083,0
28200,151705,47741,0
28201,44793,66491,0
28202,113724,51275,0
28203,123365,33936,0
28204,80995,133024,0
28205,68007,51389,0
28206,82929,56752,0
28207,103666,52031,0
28208,44446,5520,0
28209,153803,108525,0
28210,68620,147756,0
28211,101306,145195,0
28212,19038,130793,0
28213,136144,49488,0
28214,101216,154111,0
28215,5595,138930,0
28216,72847,52594,0
28217,121255,59473,0
28218,41144,13287,0
28219,6598,40441,0
28220,122243,130531,0
28221,127449,97193,0
28222,126244,46096,0
28223,117889,17135,0
28224,24930,88820,0
28225,107531,57481,0
28226,116220,5002,0
28227,113908,87287,0
28228,62051,84952,0
28229,16148,40873,0
28230,83019,146953,0
28231,20898,128337,0
28232,8327,16277,0
28233,57750,9613,0
28234,43183,3265,0
28235,13920,54934,0
28236,125425,109345,0
28237,133741,128187,0
28238,92139,33839,0
28239,69953,58874,0
28240,69458,5140,0
28241,11448,102068,0
28242,3921,5299,0
28243,77484,44520,0
28244,78345,151300,0
28245,27157,56665,0
28246,5796,5309,0
28247,42441,151048,0
28248,11477,144412,0
28249,104773,118252,0
28250,111864,8549,0
28251,55184,135365,0
28252,48935,23595,0
28253,127858,93873,0
28254,89292,26025,0
28255,102490,147210,0
28256,36624,71200,0
28257,81417,144820,0
28258,87274,70973,0
28259,107174,123326,0
28260,138986,151784,0
28261,21195,65278,0
28262,44716,25752,0
28263,50695,115484,0
28264,64913,136691,0
28265,68424,3822,0
28266,14437,19408,0
28267,133392,54819,0
28268,71122,42055,0
28269,26023,121385,0
28270,133430,131208,0
28271,16438,74005,0
28272,141660,79539,0
28273,57601,124642,0
28274,138099,130283,0
28275,89569,72077,0
28276,147105,42575,0
28277,41294,151825,0
28278,146345,4609,0
28279,146865,116025,0
28280,76942,116505,0
28281,121429,84304,0
28282,143397,32681,0
28283,6883,38427,0
28284,110319,96189,0
28285,88706,62299,0
28286,126791,13791,0
28287,57042,35868,0
28288,26009,46186,0
28289,93762,134303,0
28290,32693,23080,0
28291,119128,199,0
28292,95539,62039,0
28293,113547,147581,0
28294,11706,75426,0
28295,47003,14662,0
28296,61478,35984,0
28297,68086,114736,0
28298,27899,83279,0
28299,56387,141121,0
28300,150578,29329,0
28301,103745,88421,0
28302,62156,135604,0
28303,99943,96986,0
28304,103478,150201,0
28305,84632,10950,0
28306,45902,79341,0
28307,91299,120933,0
28308,133672,38469,0
28309,101897,8537,0
28310,100480,140584,0
28311,81016,116147,0
28312,112945,125350,0
28313,11191,145977,0
28314,4974,29977,0
28315,80302,73767,0
28316,123385,95740,0
28317,131419,77686,0
28318,72051,121327,0
28319,72299,149608,0
28320,103412,19305,0
28321,116745,54752,0
28322,147265,99539,0
28323,107633,73266,0
28324,2126,42910,0
28325,72919,70277,0
28326,119268,12134,0
28327,111143,69600,0
28328,43591,27530,0
28329,90801,23071,0
28330,143433,40586,0
28331,72675,30326,0
28332,17806,94195,0
28333,30970,72066,0
28334,42589,154799,0
28335,43676,80230,0
28336,65832,87698,0
28337,101080,97008,0
28338,141739,36902,0
28339,23745,68303,0
28340,47833,58268,0
28341,48880,7702,0
28342,52891,72115,0
28343,52828,33660,0
28344,24721,80347,0
28345,142849,105608,0
28346,111691,66544,0
28347,7005,124666,0
28348,154979,30422,0
28349,26095,46642,0
28350,49219,107385,0
28351,12723,101448,0
28352,74629,60493,0
28353,132774,56546,0
28354,137774,8068,0
28355,68929,27485,0
28356,3123,46714,0
28357,109914,123179,0
28358,53591,15017,0
28359,91395,56493,0
28360,128492,7900,0
28361,59378,123678,0
28362,11240,142562,0
28363,139081,99404,0
28364,31268,71527,0
28365,101638,110390,0
28366,149643,38987,0
28367,39231,153297,0
28368,32605,102339,0
28369,143060,59185,0
28370,141093,68053,0
28371,118706,33242,0
28372,67960,108770,0
28373,90492,74585,0
28374,45268,114980,0
28375,48652,32150,0
28376,12883,57046,0
28377,102669,143308,0
28378,2742,51574,0
28379,136698,39688,0
28380,104665,6729,0
28381,57404,19500,0
28382,49888,119194,0
28383,116920,102477,0
28384,45541,109890,0
28385,140469,48921,0
28386,61519,49741,0
28387,126010,99713,0
28388,25331,47256,0
28389,138333,93632,0
28390,13289,79021,0
28391,82445,62405,0
28392,92750,100294,0
28393,88066,24319,0
28394,85321,120878,0
28395,130966,72356,0
28396,133275,59216,0
28397,95,128418,0
28398,127974,48103,0
28399,7599,67639,0
28400,97540,134337,0
28401,128328,127911,0
28402,21996,4380,0
28403,15896,93295,0
28404,15959,91673,0
28405,99543,127769,0
28406,11941,84633,0
28407,64028,14820,0
28408,14728,34606,0
28409,117057,46133,0
28410,101119,36932,0
28411,52703,103376,0
28412,124185,51631,0
28413,89440,73852,0
28414,64265,30981,0
28415,128571,132022,0
28416,64540,80770,0
28417,1066,25676,0
28418,137743,122147,0
28419,56759,86778,0
28420,2575,135036,0
28421,31959,44956,0
28422,33020,86022,0
28423,33450,28007,0
28424,94546,81849,0
28425,60894,140391,0
28426,25157,23219,0
28427,116944,69226,0
28428,621,72470,0
28429,103440,77085,0
28430,10296,12727,0
28431,95923,133891,0
28432,99522,67408,0
28433,87207,91599,0
28434,70224,111500,0
28435,31386,3704,0
28436,39079,75074,0
28437,155182,82329,0
28438,36,42639,0
28439,61257,133874,0
28440,147829,144506,0
28441,134376,83921,0
28442,74444,60545,0
28443,44837,4340,0
28444,14410,136969,0
28445,111238,83649,0
28446,98537,3421,0
28447,76152,58724,0
28448,104712,107120,0
28449,61933,155162,0
28450,109153,22908,0
28451,88249,141196,0
28452,7365,108100,0
28453,96725,22963,0
28454,44769,82024,0
28455,141369,55502,0
28456,76532,76507,0
28457,33407,84248,0
28458,85318,13695,0
28459,43076,107048,0
28460,88532,139549,0
28461,8197,72421,0
28462,9725,53803,0
28463,91402,84272,0
28464,28554,63363,0
28465,9359,102562,0
28466,99142,148725,0
28467,100436,97342,0
28468,97255,122517,0
28469,34358,68079,0
28470,135211,30162,0
28471,95042,38289,0
28472,118899,71077,0
28473,26421,137118,0
28474,123508,42185,0
28475,138710,28233,0
28476,69262,124936,0
28477,153482,46293,0
28478,145722,26413,0
28479,101322,57280,0
28480,128739,94054,0
28481,97729,18242,0
28482,9895,115807,0
28483,110072,64730,0
28484,37348,41715,0
28485,150371,82522,0
28486,51368,28154,0
28487,102487,122375,0
28488,86687,71439,0
28489,135128,24591,0
28490,52067,137873,0
28491,154089,12422,0
28492,124617,87927,0
28493,81351,140051,0
28494,115917,56013,0
28495,77728,103651,0
28496,13782,111470,0
28497,123765,150000,0
28498,97733,48415,0
28499,66329,60959,0
28500,42283,125570,0
28501,9273,24793,0
28502,78930,112806,0
28503,98795,55541,0
28504,69167,53923,0
28505,111799,4715,0
28506,56587,87893,0
28507,136955,45932,0
28508,28536,56069,0
28509,125156,73603,0
28510,109744,8843,0
28511,133535,60308,0
28512,95223,126167,0
28513,119073,89278,0
28514,102730,94799,0
28515,649,81877,0
28516,468,44543,0
28517,151560,31422,0
28518,17442,103285,0
28519,45444,114675,0
28520,113998,37923,0
28521,107712,118885,0
28522,146344,49503,0
28523,77622,105557,0
28524,26161,150911,0
28525,103991,115568,0
28526,69678,7355,0
28527,98223,141471,0
28528,22050,18827,0
28529,103352,93152,0
28530,78105,113679,0
28531,6139,22470,0
28532,28723,81550,0
28533,93070,20840,0
28534,38764,76551,0
28535,56153,116730,0
28536,28563,6831,0
28537,148424,76315,0
28538,14161,39887,0
28539,70870,117370,0
28540,102529,86181,0
28541,144638,43961,0
28542,153107,30085,0
28543,5725,116148,0
28544,59835,33227,0
28545,84609,154038,0
28546,137806,89852,0
28547,62218,27703,0
28548,133360,150246,0
28549,76209,118345,0
28550,21222,102139,0
28551,39404,48397,0
28552,66288,16430,0
28553,108035,23650,0
28554,68581,9554,0
28555,79914,56111,0
28556,150444,23742,0
28557,84919,43563,0
28558,32680,3726,0
28559,88160,11438,0
28560,24858,113172,0
28561,65904,89370,0
28562,55236,84351,0
28563,114688,111213,0
28564,108765,41604,0
28565,148279,84388,0
28566,85439,27879,0
28567,145621,51026,0
28568,70463,20616,0
28569,94201,129678,0
28570,38791,110913,0
28571,46697,44048,0
28572,37076,127052,0
28573,83054,33391,0
28574,57296,153765,0
28575,7148,27138,0
28576,57123,24079,0
28577,93001,12733,0
28578,118244,24001,0
28579,66406,120061,0
28580,32755,139229,0
28581,27824,93644,0
28582,5132,57088,0
28583,80850,124596,0
28584,120584,32138,0
28585,122683,148148,0
28586,42836,4022,0
28587,97268,100680,0
28588,109947,106028,0
28589,57047,121412,0
28590,41598,35915,0
28591,100328,30324,0
28592,33303,84517,0
28593,63979,83468,0
28594,25609,128839,0
28595,138766,91077,0
28596,118732,98046,0
28597,129590,150206,0
28598,59440,28911,0
28599,27876,62989,0
28600,35571,124714,0
28601,100748,131460,0
28602,116943,114036,0
28603,42027,128141,0
28604,37680,136716,0
28605,76444,104252,0
28606,9494,75348,0
28607,98116,45167,0
28608,33034,134308,0
28609,119095,98539,0
28610,80425,30764,0
28611,37712,61987,0
28612,65267,135258,0
28613,96051,56547,0
28614,46324,154018,0
28615,63876,93081,0
28616,151341,101411,0
28617,62414,122289,0
28618,17669,148706,0
28619,13586,144486,0
28620,72227,142538,0
28621,47009,48419,0
28622,61389,123560,0
28623,80814,147160,0
28624,84060,85210,0
28625,71070,23467,0
28626,88018,20733,0
28627,55204,27176,0
28628,122245,83754,0
28629,10494,27934,0
28630,155074,88059,0
28631,141245,63918,0
28632,46077,55967,0
28633,90895,74198,0
28634,12408,88750,0
28635,78292,383,0
28636,127364,118917,0
28637,113094,138293,0
28638,19100,20613,0
28639,72735,144356,0
28640,141230,140882,0
28641,21367,143959,0
28642,77717,53048,0
28643,148102,25715,0
28644,134282,103952,0
28645,53240,61532,0
28646,10168,86746,0
28647,108127,108643,0
28648,72657,54702,0
28649,10474,4867,0
28650,89521,48756,0
28651,36961,154353,0
28652,64184,126557,0
28653,27527,36034,0
28654,22581,147952,0
28655,57684,85758,0
28656,77523,52789,0
28657,99487,88248,0
28658,83779,135566,0
28659,59929,7853,0
28660,23831,79254,0
28661,76726,34059,0
28662,109153,117662,0
28663,68328,86266,0
28664,146099,76619,0
28665,106650,34076,0
28666,95625,130846,0
28667,102712,91280,0
28668,41218,152939,0
28669,83742,68468,0
28670,66024,19074,0
28671,44026,18413,0
28672,141859,113810,0
28673,69476,106662,0
28674,122714,126529,0
28675,151585,132619,0
28676,138149,47850,0
28677,52698,15201,0
28678,107399,13314,0
28679,141985,93960,0
28680,38017,37317,0
28681,147234,49891,0
28682,39928,33537,0
28683,95528,79955,0
28684,115251,5233,0
28685,48205,130986,0
28686,147498,104604,0
28687,25341,139091,0
28688,18259,118997,0
28689,59138,113752,0
28690,109664,117979,0
28691,106434,102172,0
28692,126647,105875,0
28693,123068,50812,0
28694,68196,40779,0
28695,20209,42099,0
28696,18976,85991,0
28697,32682,107582,0
28698,34202,38198,0
28699,86522,28092,0
28700,81522,21447,0
28701,53693,49651,0
28702,105077,60124,0
28703,114452,10872,0
28704,59112,115058,0
28705,92217,45189,0
28706,124121,62868,0
28707,3482,7536,0
28708,10182,144740,0
28709,60008,51472,0
28710,108308,57956,0
28711,49958,43371,0
28712,121125,69282,0
28713,149330,306,0
28714,78195,80486,0
28715,136637,101884,0
28716,75590,42849,0
28717,75582,97465,0
28718,128010,97514,0
28719,20878,121223,0
28720,9035,42233,0
28721,143173,102840,0
28722,106299,637,0
28723,143446,84743,0
28724,87320,88543,0
28725,42299,124319,0
28726,64317,77931,0
28727,57026,33011,0
28728,138175,53832,0
28729,94282,13603,0
28730,83108,129535,0
28731,54670,75725,0
28732,13895,53819,0
28733,94174,100593,0
28734,94802,107278,0
28735,60559,95323,0
28736,100216,24527,0
28737,144860,125170,0
28738,10660,57126,0
28739,5824,39678,0
28740,39020,33757,0
28741,42674,66930,0
28742,65495,36277,0
28743,85430,17984,0
28744,125115,23648,0
28745,7868,63283,0
28746,54268,124123,0
28747,65872,13513,0
28748,90647,153946,0
28749,38843,41741,0
28750,71960,121468,0
28751,484,151012,0
28752,51427,64161,0
28753,128161,72414,0
28754,18087,141445,0
28755,110833,124343,0
28756,120687,145401,0
28757,64059,13604,0
28758,58406,97999,0
28759,35534,19444,0
28760,74366,71449,0
28761,78759,140179,0
28762,78974,104607,0
28763,109072,87183,0
28764,126130,78012,0
28765,110938,100177,0
28766,86845,63014,0
28767,129944,100213,0
28768,73024,48924,0
28769,58781,7421,0
28770,56778,77291,0
28771,85566,41729,0
28772,135032,10712,0
28773,48750,63321,0
28774,91340,49664,0
28775,146824,117526,0
28776,86185,98750,0
28777,87888,73101,0
28778,110251,106406,0
28779,40893,148932,0
28780,154719,154942,0
28781,58729,96996,0
28782,74842,88757,0
28783,94617,123405,0
28784,84453,57732,0
28785,150358,144927,0
28786,39838,81303,0
28787,95684,35296,0
28788,16764,75058,0
28789,38376,130628,0
28790,108945,84389,0
28791,128582,106110,0
28792,89627,20214,0
28793,123752,3565,0
28794,646,147083,0
28795,81263,110203,0
28796,123325,106271,0
28797,108765,125018,0
28798,71312,131649,0
28799,31656,82401,0
28800,20828,82542,0
28801,117294,26399,0
28802,89638,12560,0
28803,138300,114083,0
28804,151814,79228,0
28805,41725,91522,0
28806,52682,51452,0
28807,73052,133863,0
28808,136212,149260,0
28809,41100,131823,0
28810,150944,111809,0
28811,48520,60476,0
28812,11977,23267,0
28813,106971,146481,0
28814,5047,146018,0
28815,38281,43293,0
28816,31679,18364,0
28817,81950,5424,0
28818,36021,59965,0
28819,23644,55139,0
28820,95260,111371,0
28821,89849,111335,0
28822,51924,37301,0
28823,143162,18667,0
28824,135746,15504,0
28825,445,123537,0
28826,4487,23103,0
28827,37521,98553,0
28828,97156,83287,0
28829,8506,94210,0
28830,63302,111770,0
28831,93190,63215,0
28832,52245,93797,0
28833,141677,47548,0
28834,19144,86006,0
28835,142873,82375,0
28836,24189,53419,0
28837,37181,81801,0
28838,95709,119084,0
28839,90869,141192,0
28840,98906,22407,0
28841,27310,129131,0
28842,119637,143631,0
28843,7686,45413,0
28844,58359,101220,0
28845,19677,43307,0
28846,35851,2579,0
28847,2821,27313,0
28848,92043,42857,0
28849,11371,125933,0
28850,40033,127120,0
28851,24050,32889,0
28852,71591,73025,0
28853,23631,136609,0
28854,6418,151850,0
28855,108608,123993,0
28856,70083,147429,0
28857,18502,6435,0
28858,127486,9185,0
28859,151487,89956,0
28860,46897,5395,0
28861,104040,45936,0
28862,128124,35733,0
28863,126570,147598,0
28864,154540,66715,0
28865,145506,47790,0
28866,30819,91252,0
28867,25383,105070,0
28868,80537,99492,0
28869,116975,104663,0
28870,140603,140183,0
28871,124141,143822,0
28872,70146,75977,0
28873,95565,91708,0
28874,18432,57298,0
28875,121498,3490,0
28876,109711,68384,0
28877,33859,137480,0
28878,133653,135902,0
28879,2340,152314,0
28880,57276,52645,0
28881,112377,99628,0
28882,52650,147694,0
28883,122628,59045,0
28884,102314,21773,0
28885,93475,43736,0
28886,111281,120225,0
28887,79325,68498,0
28888,33059,96712,0
28889,5548,80798,0
28890,19805,119366,0
28891,63592,138623,0
28892,139387,74663,0
28893,6361,28006,0
28894,60475,134263,0
28895,99682,126535,0
28896,58471,59230,0
28897,69735,75866,0
28898,116883,95972,0
28899,56691,101333,0
28900,7946,113024,0
28901,94251,102570,0
28902,46831,149838,0
28903,109796,144794,0
28904,63723,121823,0
28905,61106,40642,0
28906,59005,111500,0
28907,65847,21602,0
28908,109743,50226,0
28909,101918,123982,0
28910,137242,44783,0
28911,118842,126176,0
28912,14807,137613,0
28913,30924,70382,0
28914,107649,100812,0
28915,128367,145526,0
28916,25691,2012,0
28917,116875,79672,0
28918,123505,125533,0
28919,10290,104981,0
28920,90461,144215,0
28921,69559,10982,0
28922,80983,119282,0
28923,63008,105539,0
28924,59057,8003,0
28925,142135,90511,0
28926,55003,57573,0
28927,121779,111732,0
28928,78062,21216,0
28929,40567,143089,0
28930,33038,116748,0
28931,125100,35056,0
28932,16148,55309,0
28933,18505,108857,0
28934,36445,127589,0
28935,72420,125525,0
28936,62621,17953,0
28937,19461,68632,0
28938,138582,11137,0
28939,117810,109900,0
28940,3934,33564,0
28941,14322,145484,0
28942,84200,77457,0
28943,70029,94668,0
28944,80389,112640,0
28945,147097,26786,0
28946,72839,151344,0
28947,137295,4430,0
28948,143235,43485,0
28949,6488,146220,0
28950,134801,135141,0
28951,84412,25825,0
28952,40525,22551,0
28953,127881,35927,0
28954,106673,18748,0
28955,44980,68628,0
28956,150055,105676,0
28957,5168,95530,0
28958,139881,62912,0
28959,216,51271,0
28960,124461,42908,0
28961,96265,11006,0
28962,62794,70054,0
28963,71647,70218,0
28964,113202,87504,0
28965,71792,18039,0
28966,3812,56336,0
28967,36538,122485,0
28968,25362,87086,0
28969,31670,3167,0
28970,72996,125396,0
28971,27634,28250,0
28972,137120,81794,0
28973,56770,145904,0
28974,2917,100929,0
28975,112719,110617,0
28976,91670,30201,0
28977,16223,16668,0
28978,107346,28968,0
28979,6792,112174,0
28980,149316,66270,0
28981,147019,91247,0
28982,116107,113039,0
28983,148103,100104,0
28984,28645,152494,0
28985,137461,3600,0
28986,50016,41086,0
28987,10618,92150,0
28988,105764,104418,0
28989,58795,32620,0
28990,94912,82161,0
28991,10185,105755,0
28992,22922,38039,0
28993,47173,114093,0
28994,71136,42010,0
28995,32711,29805,0
28996,66319,140017,0
28997,150415,99531,0
28998,122958,142944,0
28999,118486,58281,0
29000,143270,95524,0
29001,90994,46388,0
29002,97897,40850,0
29003,103492,46413,0
29004,147620,64960,0
29005,117881,29016,0
29006,106297,98838,0
29007,10423,77430,0
29008,28139,120504,0
29009,85809,70411,0
29010,38883,111209,0
29011,77398,37740,0
29012,27721,73974,0
29013,79896,62179,0
29014,81307,31651,0
29015,119662,61212,0
29016,150512,27419,0
29017,28951,30775,0
29018,5056,105811,0
29019,95550,7291,0
29020,135503,32634,0
29021,47966,140155,0
29022,153848,141774,0
29023,50938,113253,0
29024,2374,131684,0
29025,39827,46284,0
29026,61825,60149,0
29027,96803,89366,0
29028,116492,37687,0
29029,127028,78282,0
29030,56482,104653,0
29031,152193,6791,0
29032,117008,45685,0
29033,128518,36017,0
29034,69041,9767,0
29035,17615,67937,0
29036,115357,57983,0
29037,151952,68482,0
29038,32814,119563,0
29039,84708,122590,0
29040,30251,40175,0
29041,122774,95334,0
29042,9403,71962,0
29043,32242,141825,0
29044,63422,137838,0
29045,58496,45488,0
29046,103755,47589,0
29047,114724,36228,0
29048,123460,118889,0
29049,43734,110755,0
29050,45667,128753,0
29051,1383,47720,0
29052,78115,38547,0
29053,23416,106697,0
29054,102360,72912,0
29055,6761,106231,0
29056,30493,38057,0
29057,28844,124694,0
29058,42743,19946,0
29059,48339,75170,0
29060,19362,32999,0
29061,80952,56426,0
29062,109912,76326,0
29063,100790,43445,0
29064,107197,22870,0
29065,116412,2957,0
29066,86005,136829,0
29067,146444,74494,0
29068,54308,43218,0
29069,146845,59871,0
29070,128934,138934,0
29071,38342,80578,0
29072,31975,16708,0
29073,40753,95263,0
29074,9070,142007,0
29075,90544,119752,0
29076,136830,78738,0
29077,51298,125842,0
29078,118086,46466,0
29079,73828,18980,0
29080,115877,134520,0
29081,64668,26594,0
29082,76529,38180,0
29083,58652,53148,0
29084,95106,93123,0
29085,54073,100460,0
29086,14086,72158,0
29087,75334,136649,0
29088,110433,138131,0
29089,55699,55714,0
29090,84951,41080,0
29091,67918,12718,0
29092,2053,129721,0
29093,131241,5851,0
29094,73010,35868,0
29095,9345,10960,0
29096,143375,47320,0
29097,48277,91820,0
29098,9910,59173,0
29099,20787,9672,0
29100,6362,130890,0
29101,58721,113959,0
29102,61609,59578,0
29103,87585,22192,0
29104,502,42005,0
29105,51597,98200,0
29106,139732,32644,0
29107,27130,101456,0
29108,54625,57969,0
29109,121425,114080,0
29110,125503,116108,0
29111,136408,13614,0
29112,145394,19952,0
29113,102654,91865,0
29114,51475,28817,0
29115,44377,121766,0
29116,104179,92880,0
29117,69345,70104,0
29118,99907,20679,0
29119,50568,148,0
29120,78509,21715,0
29121,83541,18686,0
29122,114852,3358,0
29123,125545,13705,0
29124,51922,5982,0
29125,123430,114068,0
29126,18995,98668,0
29127,4996,124035,0
29128,51078,78985,0
29129,127838,91505,0
29130,65463,22880,0
29131,92665,133055,0
29132,2697,42979,0
29133,95519,81573,0
29134,52931,25268,0
29135,147573,81831,0
29136,68155,144190,0
29137,124050,79125,0
29138,114415,10870,0
29139,85966,28875,0
29140,152845,50414,0
29141,81725,100165,0
29142,108319,107103,0
29143,72249,93604,0
29144,97789,36881,0
29145,31446,146419,0
29146,81358,86733,0
29147,101758,71851,0
29148,73411,33531,0
29149,149580,184,0
29150,103863,1661,0
29151,148985,154082,0
29152,23447,46651,0
29153,28294,38957,0
29154,23893,570,0
29155,140181,30895,0
29156,110771,64227,0
29157,126819,42687,0
29158,102528,150415,0
29159,26529,139920,0
29160,151988,1276,0
29161,18257,67153,0
29162,16727,140264,0
29163,99310,50113,0
29164,29400,124193,0
29165,43562,18986,0
29166,128854,94794,0
29167,27192,149023,0
29168,38483,68507,0
29169,95883,106668,0
29170,97320,104547,0
29171,85788,52248,0
29172,155177,97734,0
29173,120840,7467,0
29174,96704,80641,0
29175,59115,153335,0
29176,10003,110104,0
29177,22086,33630,0
29178,88242,39796,0
29179,132525,101139,0
29180,43612,84010,0
29181,41286,145046,0
29182,137052,83086,0
29183,21006,73225,0
29184,142472,64402,0
29185,110844,89124,0
29186,145485,85812,0
29187,115138,105397,0
29188,76509,58407,0
29189,79175,126427,0
29190,43449,69752,0
29191,26415,137753,0
29192,81076,71986,0
29193,41720,147270,0
29194,154556,128591,0
29195,57594,98548,0
29196,129662,65646,0
29197,116088,126430,0
29198,78686,147158,0
29199,96179,60428,0
29200,114547,13695,0
29201,127450,148890,0
29202,120958,137020,0
29203,68883,114557,0
29204,10853,15781,0
29205,142203,368,0
29206,27895,86156,0
29207,122154,27405,0
29208,36376,14154,0
29209,9122,117871,0
29210,94220,126550,0
29211,110193,40103,0
29212,129800,55112,0
29213,65311,37407,0
29214,111021,95406,0
29215,62291,59329,0
29216,121647,150988,0
29217,58007,123071,0
29218,115584,124466,0
29219,82994,94255,0
29220,27655,26320,0
29221,55668,134159,0
29222,99584,138626,0
29223,145913,3722,0
29224,49902,135795,0
29225,26250,103761,0
29226,58299,11445,0
29227,33202,18098,0
29228,53072,1967,0
29229,80950,90639,0
29230,66798,7559,0
29231,46698,33393,0
29232,134591,52508,0
29233,6134,43768,0
29234,68990,48066,0
29235,148303,54745,0
29236,113166,96752,0
29237,21629,66220,0
29238,35446,94570,0
29239,120309,42196,0
29240,100592,137828,0
29241,77583,117458,0
29242,78502,145900,0
29243,38373,141656,0
29244,17146,44019,0
29245,130582,60107,0
29246,61244,128909,0
29247,60436,128658,0
29248,16624,127441,0
29249,44094,59871,0
29250,124869,147017,0
29251,87336,31596,0
29252,48438,120106,0
29253,123873,119335,0
29254,8106,133804,0
29255,74625,37771,0
29256,55064,126565,0
29257,56853,127266,0
29258,101565,114934,0
29259,71283,140482,0
29260,31999,19915,0
29261,118234,22683,0
29262,115123,105105,0
29263,103152,154317,0
29264,113781,121509,0
29265,29490,34398,0
29266,62879,76790,0
29267,97871,57505,0
29268,62344,34650,0
29269,101611,151601,0
29270,47585,18558,0
29271,79918,106527,0
29272,145325,98758,0
29273,115439,425,0
29274,136156,28093,0
29275,104424,62637,0
29276,148570,6593,0
29277,124826,121850,0
29278,97909,96674,0
29279,11958,140097,0
29280,110740,152071,0
29281,6771,27045,0
29282,54845,125402,0
29283,70549,93633,0
29284,14146,93118,0
29285,93128,142804,0
29286,74567,16373,0
29287,97910,127285,0
29288,132414,118413,0
29289,41011,119008,0
29290,30494,69411,0
29291,1312,110460,0
29292,57660,38237,0
29293,82750,92936,0
29294,26107,93587,0
29295,98728,128778,0
29296,68773,97579,0
29297,1594,67463,0
29298,124071,141705,0
29299,146632,70046,0
29300,83526,75239,0
29301,81732,3897,0
29302,130290,150979,0
29303,68886,7882,0
29304,42544,3810,0
29305,78663,79254,0
29306,146136,106567,0
29307,131970,67953,0
29308,91836,141237,0
29309,153161,12197,0
29310,43449,89547,0
29311,11500,74126,0
29312,94602,133644,0
29313,44040,19830,0
29314,74061,66231,0
29315,33611,71730,0
29316,145507,143067,0
29317,85663,101176,0
29318,18420,14061,0
29319,25362,49684,0
29320,51977,89358,0
29321,112133,38335,0
29322,93617,128864,0
29323,103364,23798,0
29324,149393,44354,0
29325,34987,131644,0
29326,72068,37013,0
29327,110555,112227,0
29328,47344,77140,0
29329,75256,68490,0
29330,9346,43959,0
29331,27212,113067,0
29332,56622,109928,0
29333,121313,29254,0
29334,134702,79679,0
29335,68158,21556,0
29336,3928,132028,0
29337,37415,71545,0
29338,121650,38371,0
29339,80208,70821,0
29340,16230,115600,0
29341,83241,53514,0
29342,108961,113052,0
29343,87821,63059,0
29344,71119,121393,0
29345,70311,148171,0
29346,70762,123756,0
29347,39406,29418,0
29348,108051,22430,0
29349,3930,145919,0
29350,127048,128883,0
29351,114597,7092,0
29352,65304,19323,0
29353,139076,138153,0
29354,11066,59910,0
29355,63763,137448,0
29356,109722,20624,0
29357,152079,146898,0
29358,62993,73455,0
29359,65889,6154,0
29360,81556,44024,0
29361,98201,73855,0
29362,63338,25159,0
29363,129903,29098,0
29364,89048,27558,0
29365,113547,51225,0
29366,115170,97929,0
29367,71384,39783,0
29368,1740,128386,0
29369,134920,26315,0
29370,133379,113284,0
29371,111331,54437,0
29372,37098,59084,0
29373,144413,49932,0
29374,17887,18444,0
29375,127007,10862,0
29376,75318,143439,0
29377,44189,130927,0
29378,133816,112,0
29379,91988,17577,0
29380,56816,103672,0
29381,142823,142705,0
29382,7942,29694,0
29383,150079,85636,0
29384,113787,148763,0
29385,65396,151908,0
29386,31137,59046,0
29387,123941,103605,0
29388,128892,109791,0
29389,13150,96953,0
29390,73576,51545,0
29391,112097,79011,0
29392,16834,134162,0
29393,37184,71501,0
29394,143125,53081,0
29395,77529,22222,0
29396,128277,113609,0
29397,53962,148911,0
29398,129891,39471,0
29399,71267,68173,0
29400,124712,67743,0
29401,90959,62840,0
29402,73097,81134,0
29403,68035,54930,0
29404,63132,106237,0
29405,86291,102750,0
29406,139600,143186,0
29407,63675,100839,0
29408,127975,5328,0
29409,16459,125833,0
29410,71862,108517,0
29411,106296,131186,0
29412,14580,98810,0
29413,25546,87772,0
29414,46382,58427,0
29415,104430,15488,0
29416,127405,21402,0
29417,61083,133533,0
29418,95005,68303,0
29419,61555,115478,0
29420,147468,107828,0
29421,32707,18069,0
29422,130644,16124,0
29423,138878,15287,0
29424,115590,46337,0
29425,50942,144862,0
29426,49226,152453,0
29427,143380,63313,0
29428,129778,13358,0
29429,115672,123177,0
29430,137623,2154,0
29431,147101,50171,0
29432,109800,32914,0
29433,39244,151214,0
29434,144734,140175,0
29435,62461,122646,0
29436,99479,76383,0
29437,41968,74321,0
29438,103890,143081,0
29439,9395,110664,0
29440,109556,50368,0
29441,3631,110836,0
29442,131502,115273,0
29443,146032,103565,0
29444,84883,6693,0
29445,131652,100251,0
29446,26891,42595,0
29447,37920,2521,0
29448,123321,72892,0
29449,13172,53471,0
29450,87535,102368,0
29451,81417,2329,0
29452,82209,16273,0
29453,97115,115245,0
29454,12082,31546,0
29455,74948,53232,0
29456,11371,59636,0
29457,136765,79993,0
29458,140822,121223,0
29459,23215,81310,0
29460,89612,54724,0
29461,54063,94188,0
29462,36875,4277,0
29463,151468,15355,0
29464,112853,98596,0
29465,14404,45780,0
29466,70760,52847,0
29467,92700,7571,0
29468,105943,102790,0
29469,31415,146531,0
29470,58803,20571,0
29471,118019,88153,0
29472,136533,60780,0
29473,70684,26930,0
29474,1203,136259,0
29475,49404,121944,0
29476,113424,122117,0
29477,3997,130540,0
29478,77430,628,0
29479,48945,117628,0
29480,118471,137597,0
29481,128582,69439,0
29482,129214,89998,0
29483,42805,43461,0
29484,101112,82232,0
29485,65832,86692,0
29486,9305,153222,0
29487,50551,73894,0
29488,14631,20981,0
29489,110313,127412,0
29490,121755,95858,0
29491,89957,125398,0
29492,28103,112084,0
29493,36023,89191,0
29494,110251,36632,0
29495,9466,116791,0
29496,35869,67291,0
29497,92673,29974,0
29498,112124,150276,0
29499,149580,119308,0
29500,48920,96296,0
29501,63353,1956,0
29502,132006,90103,0
29503,101303,52464,0
29504,71866,5917,0
29505,106438,125633,0
29506,136120,60847,0
29507,97446,7509,0
29508,84157,76343,0
29509,117600,138575,0
29510,53356,140309,0
29511,144796,54479,0
29512,32485,33996,0
29513,136587,53968,0
29514,4512,140574,0
29515,43115,105842,0
29516,131648,125550,0
29517,7482,15041,0
29518,90539,118736,0
29519,82906,4087,0
29520,102161,147334,0
29521,115330,145018,0
29522,20266,97350,0
29523,65811,1543,0
29524,87499,132146,0
29525,138420,146831,0
29526,64169,107112,0
29527,61399,38920,0
29528,109694,5335,0
29529,144803,98676,0
29530,12845,16435,0
29531,51673,41570,0
29532,45891,43496,0
29533,39987,129275,0
29534,113024,63200,0
29535,78000,117217,0
29536,129301,87970,0
29537,95637,68225,0
29538,154526,79749,0
29539,119397,102773,0
29540,58505,153351,0
29541,111483,102377,0
29542,94616,41997,0
29543,128520,154273,0
29544,70667,52034,0
29545,21940,60250,0
29546,144868,133350,0
29547,42495,11304,0
29548,24442,109246,0
29549,134653,105012,0
29550,6875,9487,0
29551,155136,86332,0
29552,64481,38052,0
29553,145186,142174,0
29554,116050,30314,0
29555,51262,81372,0
29556,146192,93645,0
29557,131052,55379,0
29558,43802,95050,0
29559,79390,20416,0
29560,35432,4588,0
29561,119614,98353,0
29562,8588,104123,0
29563,152637,104583,0
29564,107378,66945,0
29565,65722,65721,0
29566,146330,128978,0
29567,50470,75550,0
29568,72312,1732,0
29569,149979,67949,0
29570,100547,42468,0
29571,2986,129769,0
29572,21319,115893,0
29573,78309,107043,0
29574,19738,27346,0
29575,103504,95522,0
29576,63501,49217,0
29577,85548,40205,0
29578,139659,72858,0
29579,126601,113981,0
29580,10896,30606,0
29581,112438,124206,0
29582,57348,138724,0
29583,32511,88059,0
29584,21282,21142,0
29585,55103,29690,0
29586,100093,19133,0
29587,124643,86418,0
29588,135691,149343,0
29589,13213,57634,0
29590,105109,29957,0
29591,98688,32256,0
29592,61998,47094,0
29593,130426,24266,0
29594,14309,2964,0
29595,68808,4326,0
29596,139065,51832,0
29597,52471,44415,0
29598,125418,104160,0
29599,143202,6635,0
29600,16142,127067,0
29601,95135,42275,0
29602,137835,103098,0
29603,33689,27230,0
29604,88721,140044,0
29605,52473,48367,0
29606,4694,117828,0
29607,63181,83114,0
29608,50539,1550,0
29609,138496,151779,0
29610,76804,58292,0
29611,24616,59963,0
29612,145175,98808,0
29613,9038,33441,0
29614,93496,18331,0
29615,59954,98806,0
29616,66149,114227,0
29617,23999,155165,0
29618,94031,78283,0
29619,70047,104405,0
29620,126516,41717,0
29621,66131,130254,0
29622,86566,41183,0
29623,7850,140022,0
29624,86906,19886,0
29625,65517,119325,0
29626,16065,55260,0
29627,113176,651,0
29628,148918,129150,0
29629,14900,3308,0
29630,92852,4067,0
29631,83814,13956,0
29632,137313,119119,0
29633,47619,96834,0
29634,35507,110846,0
29635,57593,67027,0
29636,68187,32608,0
29637,7347,149490,0
29638,61362,11842,0
29639,118654,145800,0
29640,94753,139010,0
29641,96494,102742,0
29642,120150,114817,0
29643,11642,19220,0
29644,73016,118604,0
29645,45054,120630,0
29646,16134,109998,0
29647,79664,4380,0
29648,5689,96347,0
29649,42374,45624,0
29650,19054,44868,0
29651,62102,56737,0
29652,133693,109348,0
29653,100085,71493,0
29654,94655,60567,0
29655,7244,150216,0
29656,65810,120224,0
29657,150043,77080,0
29658,114649,130275,0
29659,32083,74343,0
29660,101765,59897,0
29661,64976,83840,0
29662,154988,4342,0
29663,42537,95304,0
29664,123133,4553,0
29665,5605,51093,0
29666,112911,127603,0
29667,139572,53138,0
29668,42004,119855,0
29669,124724,53899,0
29670,24969,109341,0
29671,47995,26492,0
29672,13840,38338,0
29673,77704,34085,0
29674,94086,54140,0
29675,5565,127462,0
29676,21620,122152,0
29677,100122,83299,0
29678,33071,152579,0
29679,45456,115663,0
29680,73411,124804,0
29681,11143,153751,0
29682,140604,126606,0
29683,18107,127407,0
29684,127717,62972,0
29685,67977,17422,0
29686,63477,55945,0
29687,81917,45211,0
29688,152917,47701,0
29689,149866,117395,0
29690,107624,124602,0
29691,52644,72323,0
29692,121443,6658,0
29693,60636,61682,0
29694,6612,124695,0
29695,38979,24900,0
29696,75787,133230,0
29697,118741,111239,0
29698,122179,59177,0
29699,80044,38398,0
29700,127360,97917,0
29701,18820,43181,0
29702,150636,65058,0
29703,56891,134211,0
29704,60600,112468,0
29705,147693,99635,0
29706,50422,6004,0
29707,71746,110144,0
29708,63491,27535,0
29709,50205,98600,0
29710,110741,76798,0
29711,87216,55867,0
29712,115277,34055,0
29713,6076,7209,0
29714,132918,38292,0
29715,128518,38451,0
29716,125026,116318,0
29717,141635,54341,0
29718,111841,154451,0
29719,121707,14710,0
29720,136812,109291,0
29721,44843,107200,0
29722,44050,102368,0
29723,148624,56279,0
29724,31140,36873,0
29725,29580,110913,0
29726,32480,104125,0
29727,25724,30043,0
29728,87195,151079,0
29729,129353,145166,0
29730,26247,95479,0
29731,132111,132744,0
29732,53220,149738,0
29733,13295,123239,0
29734,84619,127983,0
29735,152834,54167,0
29736,29618,128560,0
29737,143285,16055,0
29738,27985,28790,0
29739,57123,113067,0
29740,117053,147676,0
29741,134609,112126,0
29742,107667,76940,0
29743,80639,56546,0
29744,70667,117993,0
29745,137070,75432,0
29746,26037,58882,0
29747,153559,89787,0
29748,114655,34918,0
29749,58609,20943,0
29750,7255,49915,0
29751,140248,85113,0
29752,19829,26090,0
29753,92119,68065,0
29754,75590,9648,0
29755,19556,59723,0
29756,27302,98671,0
29757,57856,142048,0
29758,89349,10094,0
29759,76864,37214,0
29760,53105,16755,0
29761,138246,23454,0
29762,38690,85196,0
29763,127347,91239,0
29764,36770,118500,0
29765,102951,134639,0
29766,87572,57300,0
29767,81526,148907,0
29768,14557,16937,0
29769,69508,133912,0
29770,57617,21213,0
29771,73427,115320,0
29772,51081,45747,0
29773,32861,87025,0
29774,66732,11195,0
29775,20740,73902,0
29776,42806,52895,0
29777,70106,98575,0
29778,12098,80192,0
29779,100822,47562,0
29780,149913,12983,0
29781,136812,98045,0
29782,96267,24384,0
29783,43757,124343,0
29784,28514,142966,0
29785,39419,72524,0
29786,50129,68343,0
29787,75117,121382,0
29788,148799,19554,0
29789,112406,96643,0
29790,116504,53577,0
29791,125366,54751,0
29792,71935,70369,0
29793,123858,96650,0
29794,20318,127114,0
29795,1501,7223,0
29796,8106,744,0
29797,107799,104271,0
29798,144142,38525,0
29799,130864,52419,0
29800,13154,86762,0
29801,50088,26043,0
29802,136432,5530,0
29803,110919,103710,0
29804,5297,131724,0
29805,8386,123342,0
29806,104338,119166,0
29807,14446,126276,0
29808,91867,101463,0
29809,96563,66953,0
29810,102246,77219,0
29811,84816,14666,0
29812,1815,60866,0
29813,5545,22543,0
29814,772,101553,0
29815,33775,106598,0
29816,42460,73602,0
29817,19641,75608,0
29818,18722,75698,0
29819,30478,140264,0
29820,8973,39962,0
29821,75691,132018,0
29822,123183,88808,0
29823,6813,78389,0
29824,66682,47136,0
29825,114438,125966,0
29826,123730,154272,0
29827,24275,100869,0
29828,134550,91937,0
29829,30313,42490,0
29830,45290,90564,0
29831,51984,127180,0
29832,106035,135569,0
29833,23848,31515,0
29834,130885,100127,0
29835,118245,77640,0
29836,109349,152735,0
29837,140676,145937,0
29838,115341,44319,0
29839,150887,10152,0
29840,130877,106231,0
29841,69923,119773,0
29842,105338,5327,0
29843,17037,8215,0
29844,145936,18292,0
29845,103302,119443,0
29846,101755,8449,0
29847,111421,64932,0
29848,61558,76157,0
29849,3195,23811,0
29850,65343,60230,0
29851,153322,78150,0
29852,22933,130830,0
29853,108319,121370,0
29854,114138,40489,0
29855,36120,51488,0
29856,7618,84819,0
29857,34977,70989,0
29858,137939,73205,0
29859,114035,4535,0
29860,122349,117358,0
29861,111920,59748,0
29862,76977,10680,0
29863,63233,137663,0
29864,144463,39273,0
29865,128643,85339,0
29866,14160,95231,0
29867,92422,137799,0
29868,17833,18556,0
29869,85910,38242,0
29870,22051,78452,0
29871,79575,144668,0
29872,68285,107229,0
29873,120717,47970,0
29874,88217,14769,0
29875,8875,143532,0
29876,17111,49649,0
29877,20509,86090,0
29878,71454,18272,0
29879,135263,118228,0
29880,30966,144672,0
29881,55401,87923,0
29882,6070,66063,0
29883,51612,43706,0
29884,122946,111620,0
29885,37624,34680,0
29886,52023,38895,0
29887,142029,98560,0
29888,72894,122603,0
29889,7061,68267,0
29890,69134,124223,0
29891,35392,45710,0
29892,139572,35186,0
29893,29746,49763,0
29894,48618,102881,0
29895,77035,4399,0
29896,2168,150352,0
29897,120060,9154,0
29898,152063,49453,0
29899,41209,82913,0
29900,66159,79148,0
29901,22620,112328,0
29902,79511,107914,0
29903,154340,56648,0
29904,127573,62561,0
29905,88175,64388,0
29906,151823,123399,0
29907,120175,153304,0
29908,104814,73684,0
29909,154052,73316,0
29910,6683,148460,0
29911,87824,118900,0
29912,52966,129029,0
29913,154229,137527,0
29914,21620,97117,0
29915,147936,3905,0
29916,89525,3466,0
29917,148839,106160,0
29918,152411,134229,0
29919,96945,7367,0
29920,139115,119813,0
29921,69449,73334,0
29922,127749,123688,0
29923,110094,126945,0
29924,153577,144529,0
29925,80419,5104,0
29926,84197,76737,0
29927,7526,114764,0
29928,111444,19885,0
29929,2208,103467,0
29930,16411,11804,0
29931,120853,148082,0
29932,21404,74926,0
29933,80137,49266,0
29934,26783,1300,0
29935,19797,79388,0
29936,68819,110399,0
29937,15010,32360,0
29938,62525,73333,0
29939,141119,105851,0
29940,74805,147795,0
29941,124821,44329,0
29942,36749,140104,0
29943,63314,125472,0
29944,92556,66003,0
29945,86691,141403,0
29946,4400,138147,0
29947,62198,124802,0
29948,14751,68310,0
29949,142787,21705,0
29950,57391,141395,0
29951,126479,11814,0
29952,49812,107261,0
29953,119596,73989,0
29954,107126,9769,0
29955,145816,60895,0
29956,139943,143128,0
29957,94608,31530,0
29958,74444,108148,0
29959,86177,100842,0
29960,18207,41535,0
29961,96093,38841,0
29962,4794,115955,0
29963,47226,11097,0
29964,148767,70489,0
29965,98868,38537,0
29966,56979,32154,0
29967,117161,115657,0
29968,141817,21403,0
29969,78286,89888,0
29970,123558,151644,0
29971,127353,79805,0
29972,8303,38295,0
29973,109813,141780,0
29974,31453,138501,0
29975,105159,126863,0
29976,134177,83188,0
29977,129855,123934,0
29978,44347,43706,0
29979,64964,93835,0
29980,43224,19296,0
29981,94918,16971,0
29982,85112,31176,0
29983,72787,125050,0
29984,9069,144755,0
29985,150146,87967,0
29986,125724,98841,0
29987,41946,75782,0
29988,133121,38245,0
29989,146851,1349,0
29990,112542,16509,0
29991,44452,140888,0
29992,110457,70597,0
29993,37120,123666,0
29994,10772,107983,0
29995,93143,106465,0
29996,93506,32759,0
29997,12669,51421,0
29998,97322,2130,0
29999,148173,111376,0
30000,80372,32035,0
30001,104804,16434,0
30002,19156,110204,0
30003,88656,100755,0
30004,126206,117750,0
30005,17612,80696,0
30006,46430,28242,0
30007,151278,103934,0
30008,73807,34,0
30009,42730,68417,0
30010,145374,22526,0
30011,36018,85039,0
30012,41153,95548,0
30013,136934,38264,0
30014,110063,34118,0
30015,19639,150738,0
30016,102560,7594,0
30017,14144,93594,0
30018,148219,25478,0
30019,99699,120817,0
30020,11548,150458,0
30021,43148,66134,0
30022,37669,143488,0
30023,54365,87943,0
30024,132634,150424,0
30025,39784,57924,0
30026,16794,73101,0
30027,111767,126191,0
30028,12701,28880,0
30029,155109,125139,0
30030,96570,112960,0
30031,68783,4246,0
30032,48888,56786,0
30033,34420,82855,0
30034,149986,39312,0
30035,64480,131497,0
30036,111648,46151,0
30037,23784,58626,0
30038,115988,99217,0
30039,25778,31903,0
30040,80724,127768,0
30041,69684,124301,0
30042,68394,92353,0
30043,109590,115010,0
30044,100101,36757,0
30045,124700,85852,0
30046,19037,96528,0
30047,43588,80129,0
30048,43969,87518,0
30049,37507,132724,0
30050,75198,13517,0
30051,123122,75675,0
30052,104259,119799,0
30053,130441,119874,0
30054,59175,127789,0
30055,76962,40940,0
30056,147446,108279,0
30057,139696,114678,0
30058,9377,77322,0
30059,47673,53256,0
30060,70931,26888,0
30061,8828,32139,0
30062,46073,99635,0
30063,10602,1274,0
30064,148358,53585,0
30065,148327,62304,0
30066,144284,124763,0
30067,32380,151240,0
30068,98672,64042,0
30069,2159,60490,0
30070,102542,43220,0
30071,149173,21557,0
30072,108705,9944,0
30073,129460,152777,0
30074,39733,52316,0
30075,86339,83190,0
30076,85762,85672,0
30077,145350,153207,0
30078,87859,12553,0
30079,46733,94270,0
30080,39913,111833,0
30081,4429,61204,0
30082,17803,55930,0
30083,36426,62227,0
30084,20357,59691,0
30085,4739,10177,0
30086,55046,46406,0
30087,140072,95629,0
30088,31706,43355,0
30089,123055,43631,0
30090,60416,101672,0
30091,118111,65736,0
30092,76444,91014,0
30093,92299,151028,0
30094,112179,4774,0
30095,152562,75856,0
30096,3404,122761,0
30097,50074,31658,0
30098,72420,136023,0
30099,81969,103135,0
30100,121950,93856,0
30101,12673,83704,0
30102,4859,133014,0
30103,25743,148263,0
30104,53729,93299,0
30105,3410,136055,0
30106,154359,56896,0
30107,77086,144548,0
30108,142339,142487,0
30109,82768,35732,0
30110,153163,62808,0
30111,111810,73236,0
30112,127273,85881,0
30113,25109,21615,0
30114,123814,13481,0
30115,138434,22983,0
30116,92272,152209,0
30117,151609,111364,0
30118,23546,4441,0
30119,19790,123379,0
30120,64564,75245,0
30121,37473,30177,0
30122,8651,28678,0
30123,124149,105016,0
30124,91010,67890,0
30125,56587,83037,0
30126,25624,91214,0
30127,86369,88542,0
30128,47698,99123,0
30129,151499,62088,0
30130,115871,22360,0
30131,26757,154313,0
30132,152423,65995,0
30133,116318,130743,0
30134,4120,94152,0
30135,4956,120466,0
30136,20765,151029,0
30137,7490,106184,0
30138,68051,38918,0
30139,105601,152871,0
30140,136464,117053,0
30141,8131,119750,0
30142,115781,63293,0
30143,962,85495,0
30144,67728,122212,0
30145,142047,119656,0
30146,96492,35971,0
30147,95643,65105,0
30148,59580,38343,0
30149,3527,112313,0
30150,113117,80241,0
30151,67687,138859,0
30152,122293,27077,0
30153,62525,35390,0
30154,122584,91910,0
30155,154630,24758,0
30156,8725,2533,0
30157,33348,108165,0
30158,96734,24332,0
30159,102803,7160,0
30160,80985,77824,0
30161,79121,14114,0
30162,76074,114901,0
30163,116946,62640,0
30164,19187,144237,0
30165,88455,138631,0
30166,109762,22262,0
30167,79097,73262,0
30168,91483,96524,0
30169,19113,61346,0
30170,96640,83107,0
30171,38901,82926,0
30172,137980,43068,0
30173,91442,29817,0
30174,10091,73434,0
30175,4668,150785,0
30176,36919,151231,0
30177,87858,90230,0
30178,10450,28122,0
30179,38326,46197,0
30180,98471,113429,0
30181,139306,76827,0
30182,62161,138058,0
30183,130372,101901,0
30184,76630,26462,0
30185,137697,134125,0
30186,60580,106132,0
30187,77170,34759,0
30188,140457,153928,0
30189,103659,68739,0
30190,3837,50368,0
30191,134488,151440,0
30192,135488,45726,0
30193,125701,144761,0
30194,148532,110730,0
30195,63280,103423,0
30196,106319,77492,0
30197,79886,6274,0
30198,85107,55501,0
30199,81425,148435,0
30200,97450,150323,0
30201,70706,42341,0
30202,13208,106390,0
30203,30607,137606,0
30204,4909,106881,0
30205,124225,115017,0
30206,35727,79049,0
30207,85805,130547,0
30208,50719,11164,0
30209,48290,16721,0
30210,23708,131231,0
30211,128746,109674,0
30212,154411,52775,0
30213,30196,83727,0
30214,61979,50534,0
30215,42983,62856,0
30216,6414,147957,0
30217,40551,104204,0
30218,8348,87521,0
30219,115849,69132,0
30220,24861,88430,0
30221,84145,117099,0
30222,133802,31821,0
30223,113048,153121,0
30224,81618,118177,0
30225,35232,72167,0
30226,133489,115638,0
30227,98988,146755,0
30228,84883,8119,0
30229,78177,149605,0
30230,24915,74951,0
30231,18573,12911,0
30232,109943,153329,0
30233,52108,38211,0
30234,139698,88933,0
30235,39297,89628,0
30236,139000,134040,0
30237,24464,113148,0
30238,76793,75826,0
30239,51523,61228,0
30240,54903,83517,0
30241,23838,68893,0
30242,51,18421,0
30243,7440,65870,0
30244,112888,88783,0
30245,66935,37871,0
30246,12172,91239,0
30247,101665,119444,0
30248,72377,130053,0
30249,44935,55892,0
30250,69223,59870,0
30251,105746,129225,0
30252,18073,18636,0
30253,109758,138845,0
30254,47888,125898,0
30255,113021,94326,0
30256,50895,35247,0
30257,62751,60486,0
30258,46936,96739,0
30259,101576,98871,0
30260,17199,17273,0
30261,107433,94946,0
30262,35866,138230,0
30263,109663,63923,0
30264,56605,54217,0
30265,83829,22430,0
30266,34552,129572,0
30267,26738,61779,0
30268,132513,38834,0
30269,26915,144128,0
30270,33593,116208,0
30271,18538,97372,0
30272,143981,23958,0
30273,134537,53862,0
30274,117377,137582,0
30275,78370,19491,0
30276,59147,28173,0
30277,90992,134037,0
30278,100971,145361,0
30279,94496,70606,0
30280,98557,68211,0
30281,136119,16299,0
30282,53649,66721,0
30283,121663,32945,0
30284,2662,68700,0
30285,16075,45503,0
30286,49028,42485,0
30287,118381,82818,0
30288,124024,56090,0
30289,109426,68434,0
30290,678,92736,0
30291,104695,134437,0
30292,142981,114889,0
30293,47194,41226,0
30294,64598,76687,0
30295,154475,137133,0
30296,80587,50725,0
30297,122316,38942,0
30298,82259,125066,0
30299,57994,25733,0
30300,60508,28658,0
30301,112501,26817,0
30302,120326,28077,0
30303,999,133470,0
30304,129782,89821,0
30305,115295,110039,0
30306,101926,123893,0
30307,13605,136678,0
30308,30756,18681,0
30309,70721,142509,0
30310,89502,20057,0
30311,113702,82987,0
30312,108307,116345,0
30313,112159,119427,0
30314,122511,107054,0
30315,39244,121786,0
30316,82890,86818,0
30317,17020,30562,0
30318,38665,108770,0
30319,74571,149880,0
30320,35123,73051,0
30321,151573,152718,0
30322,145527,89133,0
30323,141982,17558,0
30324,43867,150568,0
30325,107308,150223,0
30326,66402,155039,0
30327,37991,11621,0
30328,74156,24570,0
30329,142525,69246,0
30330,146885,148446,0
30331,117240,49237,0
30332,63723,152284,0
30333,99235,48267,0
30334,121968,105775,0
30335,41375,1828,0
30336,70865,36392,0
30337,28201,58490,0
30338,154311,75585,0
30339,24624,66044,0
30340,54580,102336,0
30341,77892,68030,0
30342,75381,67360,0
30343,140818,83137,0
30344,74668,16046,0
30345,66150,83900,0
30346,106773,141902,0
30347,4637,96897,0
30348,76530,96322,0
30349,70537,9119,0
30350,27102,33068,0
30351,102074,91601,0
30352,97986,86030,0
30353,42196,1935,0
30354,78080,153751,0
30355,16228,105072,0
30356,3738,71487,0
30357,120693,105318,0
30358,35684,1801,0
30359,39178,100296,0
30360,133606,31787,0
30361,25386,55550,0
30362,107960,37193,0
30363,73592,80707,0
30364,62161,32273,0
30365,98075,136527,0
30366,89933,74454,0
30367,67851,92994,0
30368,41765,40882,0
30369,109926,43835,0
30370,33665,30172,0
30371,91861,123179,0
30372,126990,99147,0
30373,91091,14766,0
30374,14076,46032,0
30375,82016,92049,0
30376,89594,108006,0
30377,105146,119814,0
30378,67358,113378,0
30379,19005,4281,0
30380,93071,1805,0
30381,142266,130826,0
30382,153395,50312,0
30383,141323,79127,0
30384,91364,146120,0
30385,139605,91205,0
30386,154129,120161,0
30387,104120,37237,0
30388,148526,108640,0
30389,37831,40393,0
30390,21629,105941,0
30391,139461,3007,0
30392,59912,47660,0
30393,147949,121475,0
30394,151293,84934,0
30395,108645,119605,0
30396,36623,27416,0
30397,127171,36112,0
30398,73285,152866,0
30399,72503,20145,0
30400,11595,121381,0
30401,153026,76074,0
30402,70584,8129,0
30403,107588,142245,0
30404,124038,52442,0
30405,83396,90833,0
30406,53656,15977,0
30407,40307,99282,0
30408,69469,56117,0
30409,102528,133322,0
30410,70656,91292,0
30411,114579,24006,0
30412,106198,69723,0
30413,153643,60216,0
30414,116764,121536,0
30415,128661,100900,0
30416,148048,97405,0
30417,113202,126909,0
30418,78353,56836,0
30419,33835,99158,0
30420,124269,35104,0
30421,154972,101967,0
30422,63060,116337,0
30423,41720,56487,0
30424,35297,14660,0
30425,35823,121112,0
30426,76340,111702,0
30427,87496,123558,0
30428,3866,107452,0
30429,41001,58734,0
30430,109104,70033,0
30431,94400,87715,0
30432,91487,16748,0
30433,81709,45205,0
30434,56041,121501,0
30435,124036,111418,0
30436,132233,80185,0
30437,72696,142919,0
30438,52364,126481,0
30439,94832,71656,0
30440,88064,93411,0
30441,72413,79451,0
30442,59200,19866,0
30443,99551,68238,0
30444,18755,125452,0
30445,80368,64066,0
30446,32902,96669,0
30447,39361,25013,0
30448,50668,91169,0
30449,23309,15231,0
30450,54161,152291,0
30451,67831,18453,0
30452,79754,9405,0
30453,13680,980,0
30454,77347,119714,0
30455,95865,22692,0
30456,56127,88340,0
30457,27908,48316,0
30458,142432,115087,0
30459,37578,108717,0
30460,141188,43342,0
30461,65031,123714,0
30462,28293,152336,0
30463,113180,11688,0
30464,45523,87869,0
30465,33081,141371,0
30466,34942,26472,0
30467,87496,7052,0
30468,99149,86331,0
30469,15672,135693,0
30470,76704,72348,0
30471,115062,139804,0
30472,38301,12377,0
30473,43845,155,0
30474,144286,3113,0
30475,37471,25147,0
30476,101469,129140,0
30477,154289,48335,0
30478,117902,140806,0
30479,83158,149539,0
30480,109064,27543,0
30481,145884,62803,0
30482,154247,33707,0
30483,42933,117245,0
30484,7758,118567,0
30485,144845,64974,0
30486,55125,81582,0
30487,17010,118047,0
30488,101449,118861,0
30489,71609,106151,0
30490,75440,72381,0
30491,84163,147742,0
30492,103464,69475,0
30493,126673,9074,0
30494,2478,131267,0
30495,96803,16222,0
30496,47148,106244,0
30497,70931,33525,0
30498,141615,118314,0
30499,143555,130115,0
30500,90986,6685,0
30501,111435,134348,0
30502,86570,134927,0
30503,63523,67935,0
30504,146748,21142,0
30505,142492,17989,0
30506,112543,133963,0
30507,92571,43417,0
30508,121255,69377,0
30509,138665,24413,0
30510,117797,123842,0
30511,89848,78297,0
30512,32113,28382,0
30513,96655,102680,0
30514,60755,17062,0
30515,91055,6899,0
30516,128677,93117,0
30517,29251,146542,0
30518,142645,1891,0
30519,121242,47017,0
30520,756,62926,0
30521,83956,30978,0
30522,57307,72962,0
30523,62232,111856,0
30524,133993,93346,0
30525,143641,56943,0
30526,122751,116053,0
30527,90273,108844,0
30528,122221,145588,0
30529,82906,93717,0
30530,89087,71056,0
30531,118765,126836,0
30532,121273,5851,0
30533,77006,80362,0
30534,144504,44544,0
30535,82294,49607,0
30536,17064,131336,0
30537,122714,35291,0
30538,2022,79671,0
30539,100186,86541,0
30540,147926,120593,0
30541,73382,25932,0
30542,12348,102441,0
30543,86383,53763,0
30544,122083,145465,0
30545,6721,155133,0
30546,96426,69860,0
30547,85667,97997,0
30548,139362,37524,0
30549,54396,59123,0
30550,42724,86885,0
30551,124190,28071,0
30552,83648,112779,0
30553,39231,108956,0
30554,75840,129667,0
30555,121513,126263,0
30556,40570,28146,0
30557,14728,45753,0
30558,120506,129799,0
30559,52297,151617,0
30560,151019,141729,0
30561,2272,27222,0
30562,44744,77248,0
30563,119477,5299,0
30564,21254,83863,0
30565,118098,126083,0
30566,124345,41027,0
30567,106869,15906,0
30568,87572,121760,0
30569,68938,43896,0
30570,32038,18091,0
30571,12380,65470,0
30572,76349,56018,0
30573,143970,26002,0
30574,69163,10224,0
30575,97425,85728,0
30576,84402,11836,0
30577,47492,21652,0
30578,146263,37332,0
30579,14402,26711,0
30580,12583,31398,0
30581,10987,152722,0
30582,58454,123593,0
30583,11395,149395,0
30584,17683,1889,0
30585,84842,107544,0
30586,101726,140299,0
30587,125241,71231,0
30588,83194,139440,0
30589,94183,655,0
30590,125608,132112,0
30591,24094,37671,0
30592,101316,30293,0
30593,107268,62214,0
30594,113307,105335,0
30595,34693,81421,0
30596,102669,20345,0
30597,67191,104825,0
30598,118008,139002,0
30599,109257,126524,0
30600,3271,80516,0
30601,121860,22267,0
30602,26571,26595,0
30603,128255,33760,0
30604,100572,28334,0
30605,137355,632,0
30606,110620,129045,0
30607,11878,73834,0
30608,133758,33816,0
30609,70883,96610,0
30610,103687,10086,0
30611,79903,107542,0
30612,90389,85356,0
30613,131093,3754,0
30614,108851,6477,0
30615,27094,66337,0
30616,98320,80004,0
30617,56759,8185,0
30618,142830,40785,0
30619,121111,25920,0
30620,131086,66247,0
30621,91805,35977,0
30622,13046,32109,0
30623,102016,35797,0
30624,98116,4540,0
30625,72734,115060,0
30626,84153,53928,0
30627,99308,48297,0
30628,51934,67466,0
30629,92625,54926,0
30630,28696,4522,0
30631,35272,35839,0
30632,26920,53685,0
30633,80804,119755,0
30634,24449,95267,0
30635,101623,56243,0
30636,130872,118387,0
30637,37184,111355,0
30638,149752,35557,0
30639,51663,125392,0
30640,50609,114868,0
30641,2937,112986,0
30642,81522,142575,0
30643,9218,133795,0
30644,16633,115538,0
30645,103271,61943,0
30646,120200,5234,0
30647,9068,12544,0
30648,85466,29922,0
30649,16507,111588,0
30650,5015,129177,0
30651,86394,73786,0
30652,91301,105852,0
30653,59165,136804,0
30654,142137,43682,0
30655,95736,114043,0
30656,145638,53581,0
30657,148505,16447,0
30658,62782,144004,0
30659,252,67321,0
30660,39492,127864,0
30661,132407,153556,0
30662,72355,3301,0
30663,145456,123083,0
30664,115073,55825,0
30665,114993,44169,0
30666,120453,57102,0
30667,53365,17876,0
30668,112873,77898,0
30669,112623,134212,0
30670,35948,137360,0
30671,136889,112440,0
30672,92246,36008,0
30673,16174,66453,0
30674,58586,108942,0
30675,126866,77161,0
30676,95926,122839,0
30677,53845,109910,0
30678,136188,79060,0
30679,154694,133868,0
30680,104709,101947,0
30681,15527,102377,0
30682,134378,53687,0
30683,45541,148056,0
30684,149979,49248,0
30685,29903,117242,0
30686,50341,85903,0
30687,7378,78845,0
30688,51368,100714,0
30689,83495,23625,0
30690,48651,71669,0
30691,68127,99223,0
30692,83956,16795,0
30693,54075,8682,0
30694,151691,32400,0
30695,62621,76632,0
30696,96800,4714,0
30697,27099,137123,0
30698,103244,3526,0
30699,120763,150446,0
30700,93093,96865,0
30701,2494,55946,0
30702,99979,18026,0
30703,132054,77870,0
30704,89563,45775,0
30705,85959,116168,0
30706,153989,131740,0
30707,10581,99620,0
30708,75850,107348,0
30709,141318,141287,0
30710,55577,150027,0
30711,14567,30100,0
30712,138943,82398,0
30713,41034,23404,0
30714,21131,2221,0
30715,5886,86264,0
30716,96755,69178,0
30717,32521,82759,0
30718,63208,9281,0
30719,116276,69331,0
30720,93204,86864,0
30721,28119,55136,0
30722,114314,28927,0
30723,17844,73958,0
30724,18885,12842,0
30725,90969,20708,0
30726,6051,43322,0
30727,137186,116712,0
30728,109688,109821,0
30729,97095,77964,0
30730,29989,154098,0
30731,150146,109051,0
30732,36295,97590,0
30733,66999,130015,0
30734,117673,68708,0
30735,21004,71425,0
30736,128081,116280,0
30737,44484,143367,0
30738,81426,44119,0
30739,69213,38351,0
30740,38463,2164,0
30741,89920,95750,0
30742,45967,26915,0
30743,114629,136206,0
30744,102913,140963,0
30745,118458,147073,0
30746,151437,16347,0
30747,23417,102274,0
30748,121161,2805,0
30749,26105,64415,0
30750,80705,123131,0
30751,149718,32258,0
30752,85167,107490,0
30753,136387,81244,0
30754,35916,51277,0
30755,74092,105756,0
30756,76434,74824,0
30757,46317,85416,0
30758,41146,66592,0
30759,56710,96511,0
30760,96680,94050,0
30761,75370,134211,0
30762,151857,3885,0
30763,47391,123839,0
30764,76369,128240,0
30765,71276,57573,0
30766,10906,57511,0
30767,85484,62808,0
30768,33026,47379,0
30769,65159,100169,0
30770,25431,69098,0
30771,71209,76822,0
30772,147912,86846,0
30773,49963,147252,0
30774,153803,42966,0
30775,48336,6353,0
30776,55147,5754,0
30777,146708,125119,0
30778,57590,53433,0
30779,6228,99789,0
30780,22586,128651,0
30781,29786,36002,0
30782,18713,127655,0
30783,33304,51518,0
30784,8526,39178,0
30785,97518,65984,0
30786,57943,31782,0
30787,28407,17536,0
30788,99184,59089,0
30789,110795,88162,0
30790,127689,23117,0
30791,134556,144923,0
30792,33646,19028,0
30793,10846,29620,0
30794,52387,69075,0
30795,136190,154059,0
30796,89162,14136,0
30797,145550,52874,0
30798,88277,19169,0
30799,125737,153679,0
30800,109625,32391,0
30801,32493,37607,0
30802,86096,138437,0
30803,108813,124194,0
30804,38096,38539,0
30805,41771,40297,0
30806,7685,128786,0
30807,23166,35174,0
30808,102519,48877,0
30809,102579,31144,0
30810,83091,131618,0
30811,58263,80555,0
30812,25644,43788,0
30813,141446,109536,0
30814,86653,45714,0
30815,16935,35703,0
30816,26608,141210,0
30817,148139,100808,0
30818,32527,115537,0
30819,150770,10046,0
30820,152573,19298,0
30821,86522,10688,0
30822,115335,107597,0
30823,130038,98082,0
30824,144006,84252,0
30825,86945,83574,0
30826,128307,151534,0
30827,12949,36282,0
30828,77731,59107,0
30829,66437,61031,0
30830,116451,91380,0
30831,9276,110744,0
30832,36841,112672,0
30833,124137,134782,0
30834,40929,22031,0
30835,35099,28815,0
30836,47704,94628,0
30837,27671,18539,0
30838,121302,81195,0
30839,61160,67212,0
30840,4821,134605,0
30841,114972,4304,0
30842,82079,110744,0
30843,148380,7500,0
30844,85297,117207,0
30845,83246,137626,0
30846,106158,92040,0
30847,51915,81151,0
30848,8703,89436,0
30849,105574,139663,0
30850,146925,70507,0
30851,83413,80234,0
30852,131423,14894,0
30853,140943,80859,0
30854,44908,114225,0
30855,123593,22526,0
30856,20373,101398,0
30857,107077,24551,0
30858,11023,116571,0
30859,41965,61576,0
30860,56375,9958,0
30861,127508,78160,0
30862,93450,140210,0
30863,8901,97033,0
30864,49077,121293,0
30865,114952,95535,0
30866,71384,53183,0
30867,8745,37706,0
30868,112058,153705,0
30869,137460,149511,0
30870,110876,53536,0
30871,57519,149131,0
30872,37718,153673,0
30873,6201,19272,0
30874,113925,119081,0
30875,45872,77294,0
30876,74799,705,0
30877,19073,66471,0
30878,97417,116194,0
30879,59418,17047,0
30880,14001,132783,0
30881,62801,149906,0
30882,104604,21713,0
30883,133263,132450,0
30884,44744,122204,0
30885,85641,80681,0
30886,91598,147770,0
30887,86746,61459,0
30888,145966,26674,0
30889,153312,110994,0
30890,26142,139406,0
30891,17200,139022,0
30892,95237,116895,0
30893,97086,25017,0
30894,60867,51783,0
30895,119197,104129,0
30896,29967,66697,0
30897,29396,104565,0
30898,103000,101038,0
30899,74254,62954,0
30900,58694,97882,0
30901,54836,70065,0
30902,21308,33926,0
30903,26749,66886,0
30904,147321,87548,0
30905,99948,89858,0
30906,130277,101809,0
30907,3162,72146,0
30908,110889,43355,0
30909,141060,126420,0
30910,2080,78133,0
30911,79942,26272,0
30912,90958,51803,0
30913,77069,39558,0
30914,144278,105012,0
30915,10861,42931,0
30916,41754,67311,0
30917,55296,120813,0
30918,26835,70460,0
30919,14823,32659,0
30920,70896,94171,0
30921,13872,109108,0
30922,122662,63871,0
30923,35200,31787,0
30924,75435,87657,0
30925,84861,105457,0
30926,72779,60649,0
30927,142735,133680,0
30928,49583,107752,0
30929,133083,64131,0
30930,118723,8237,0
30931,123779,8867,0
30932,2672,38723,0
30933,63323,61556,0
30934,9541,113922,0
30935,88893,84511,0
30936,132666,145056,0
30937,32682,97128,0
30938,137120,87988,0
30939,63610,864,0
30940,74215,47455,0
30941,135731,67182,0
30942,90197,104610,0
30943,142437,49212,0
30944,145817,97707,0
30945,132056,134450,0
30946,94342,11256,0
30947,127768,144818,0
30948,78304,78261,0
30949,95889,81091,0
30950,126015,99446,0
30951,69940,32375,0
30952,19338,65987,0
30953,35985,56151,0
30954,4694,19800,0
30955,137273,148024,0
30956,30035,137243,0
30957,89568,134567,0
30958,46050,104881,0
30959,46463,111273,0
30960,50751,57911,0
30961,70677,74780,0
30962,28085,116109,0
30963,26683,139804,0
30964,928,70068,0
30965,116441,44092,0
30966,59159,54450,0
30967,146390,29286,0
30968,34910,65751,0
30969,41489,43812,0
30970,41555,80277,0
30971,106958,51420,0
30972,134501,55960,0
30973,54514,100789,0
30974,21136,66040,0
30975,12634,115358,0
30976,86214,20691,0
30977,138333,47707,0
30978,36,133554,0
30979,98306,117101,0
30980,69886,34101,0
30981,96078,143346,0
30982,44999,86452,0
30983,91767,47410,0
30984,61639,21755,0
30985,99765,153524,0
30986,101768,105907,0
30987,77066,126475,0
30988,17408,122385,0
30989,139636,127029,0
30990,84976,137229,0
30991,56639,68367,0
30992,68883,20239,0
30993,49956,31317,0
30994,153951,33295,0
30995,101524,11163,0
30996,75405,25396,0
30997,116645,62361,0
30998,140526,43704,0
30999,67676,152996,0
31000,34926,5766,0
31001,30,52084,0
31002,115685,133226,0
31003,3943,118087,0
31004,123080,22746,0
31005,33339,4407,0
31006,13877,43245,0
31007,112843,47690,0
31008,122846,63559,0
31009,42730,38423,0
31010,22451,120311,0
31011,152388,126164,0
31012,1021,139361,0
31013,42427,30696,0
31014,7445,129262,0
31015,116501,135690,0
31016,26654,81908,0
31017,71106,5981,0
31018,123630,129667,0
31019,137704,15580,0
31020,34639,102784,0
31021,135154,147476,0
31022,146847,103308,0
31023,9810,49779,0
31024,63098,82064,0
31025,68921,137538,0
31026,79568,63529,0
31027,64991,40593,0
31028,140526,119827,0
31029,4511,134067,0
31030,125453,59295,0
31031,17811,91952,0
31032,61116,17271,0
31033,58282,131935,0
31034,14937,145830,0
31035,79542,33259,0
31036,146452,12302,0
31037,54145,74349,0
31038,15835,51974,0
31039,4817,133423,0
31040,141746,11278,0
31041,21478,104564,0
31042,33003,73332,0
31043,36376,103284,0
31044,95044,89132,0
31045,53582,1681,0
31046,84515,4340,0
31047,51597,113652,0
31048,10733,97550,0
31049,101694,6652,0
31050,43059,135967,0
31051,113802,37485,0
31052,97333,52200,0
31053,57880,124558,0
31054,88935,115770,0
31055,112738,91707,0
31056,10464,103718,0
31057,74541,27944,0
31058,19570,128787,0
31059,138625,21342,0
31060,152790,14928,0
31061,120886,34879,0
31062,109850,142884,0
31063,56912,25777,0
31064,75245,36322,0
31065,65860,126524,0
31066,57276,11677,0
31067,136134,142022,0
31068,125163,10620,0
31069,147140,71719,0
31070,3901,57713,0
31071,67160,31284,0
31072,75180,16730,0
31073,136566,112099,0
31074,122988,64235,0
31075,54852,143537,0
31076,61596,51865,0
31077,34854,138206,0
31078,26354,6682,0
31079,75840,76756,0
31080,28513,98935,0
31081,118202,122422,0
31082,81720,21144,0
31083,88770,121192,0
31084,66819,86705,0
31085,84305,118195,0
31086,138920,70963,0
31087,152519,104087,0
31088,34522,108049,0
31089,146432,27541,0
31090,90869,20105,0
31091,5461,49882,0
31092,106390,150409,0
31093,145884,19702,0
31094,120496,18164,0
31095,145631,89994,0
31096,105669,92058,0
31097,63567,104907,0
31098,13097,43552,0
31099,147690,149487,0
31100,132280,111024,0
31101,58000,438,0
31102,57559,34954,0
31103,124304,138312,0
31104,127254,58993,0
31105,52504,58843,0
31106,13534,147429,0
31107,86086,121167,0
31108,71949,15302,0
31109,120381,103659,0
31110,92192,46137,0
31111,98136,75866,0
31112,63745,127298,0
31113,85136,49114,0
31114,44093,80333,0
31115,131590,143205,0
31116,120246,19880,0
31117,3422,130683,0
31118,153157,127117,0
31119,122525,98049,0
31120,150260,134937,0
31121,104600,70284,0
31122,132458,113113,0
31123,148364,35132,0
31124,106916,47467,0
31125,42896,10724,0
31126,91691,134145,0
31127,144244,83520,0
31128,27716,25191,0
31129,128817,123920,0
31130,91305,84374,0
31131,113006,14954,0
31132,139925,8229,0
31133,50088,116119,0
31134,7346,107381,0
31135,22066,19152,0
31136,137146,46136,0
31137,89259,31412,0
31138,86909,32205,0
31139,122714,149945,0
31140,86353,27246,0
31141,14344,59297,0
31142,115334,25227,0
31143,129850,34474,0
31144,133693,112915,0
31145,69107,44655,0
31146,141654,30673,0
31147,115171,25550,0
31148,123002,65791,0
31149,69921,90437,0
31150,96991,98633,0
31151,49969,18046,0
31152,149752,153191,0
31153,29425,92788,0
31154,125221,16453,0
31155,97554,138462,0
31156,130420,12084,0
31157,29566,3958,0
31158,128597,36216,0
31159,31635,28161,0
31160,77877,116417,0
31161,96570,41690,0
31162,49483,15903,0
31163,149474,22675,0
31164,86858,53489,0
31165,68659,113797,0
31166,79244,140262,0
31167,14189,141619,0
31168,142899,92583,0
31169,49680,153213,0
31170,97215,66815,0
31171,58234,89237,0
31172,56662,70428,0
31173,109875,7300,0
31174,102836,33405,0
31175,51196,134326,0
31176,93494,6393,0
31177,91319,29918,0
31178,129671,31811,0
31179,56770,28306,0
31180,150141,81776,0
31181,28852,74038,0
31182,38401,40689,0
31183,14067,121617,0
31184,19728,29058,0
31185,79147,12246,0
31186,48433,91610,0
31187,47918,76093,0
31188,110894,103424,0
31189,20564,92602,0
31190,70123,66292,0
31191,36343,130131,0
31192,77981,129484,0
31193,151726,139049,0
31194,45375,116341,0
31195,63639,85140,0
31196,75558,98509,0
31197,85441,82302,0
31198,55784,116447,0
31199,92379,21357,0
31200,48666,67587,0
31201,111396,146287,0
31202,66730,53294,0
31203,92450,64299,0
31204,146826,138163,0
31205,27552,95455,0
31206,87800,39413,0
31207,40929,138318,0
31208,51216,45716,0
31209,6939,56963,0
31210,26857,48579,0
31211,147081,149283,0
31212,11300,49797,0
31213,102305,107693,0
31214,30467,98380,0
31215,26068,27048,0
31216,81929,80106,0
31217,121395,67198,0
31218,135775,109116,0
31219,122018,97666,0
31220,59227,111917,0
31221,36988,106237,0
31222,7697,75720,0
31223,12741,394,0
31224,110415,40847,0
31225,129029,153406,0
31226,86509,147750,0
31227,26389,47598,0
31228,97415,31678,0
31229,43482,26219,0
31230,76700,68164,0
31231,24621,47307,0
31232,62751,117186,0
31233,95212,72935,0
31234,58970,54432,0
31235,105443,8043,0
31236,39633,14022,0
31237,150436,51318,0
31238,29780,79305,0
31239,21025,94881,0
31240,128086,91934,0
31241,108057,141847,0
31242,24577,39269,0
31243,56817,122886,0
31244,61840,83079,0
31245,63168,46074,0
31246,104357,98228,0
31247,145571,70356,0
31248,152034,59019,0
31249,39655,125578,0
31250,74629,102213,0
31251,129267,24352,0
31252,89416,132855,0
31253,2554,130789,0
31254,39427,1907,0
31255,61359,134280,0
31256,36693,36669,0
31257,107890,78074,0
31258,59461,107281,0
31259,39106,112922,0
31260,69140,50220,0
31261,44455,97397,0
31262,16209,21141,0
31263,147436,142834,0
31264,62741,34257,0
31265,94475,41480,0
31266,125896,101896,0
31267,133980,39701,0
31268,76567,20620,0
31269,10539,2850,0
31270,83091,50913,0
31271,125772,34387,0
31272,78469,97477,0
31273,91401,129846,0
31274,69184,142420,0
31275,66733,80106,0
31276,677,97868,0
31277,95840,42142,0
31278,145542,34821,0
31279,61354,150898,0
31280,84872,104990,0
31281,97024,1274,0
31282,88329,12041,0
31283,19774,59303,0
31284,7035,60603,0
31285,63456,105904,0
31286,112139,52727,0
31287,71269,41436,0
31288,25100,145752,0
31289,117656,110345,0
31290,86400,128721,0
31291,51184,53989,0
31292,114787,49520,0
31293,55912,139062,0
31294,125949,150413,0
31295,55558,83510,0
31296,15000,80141,0
31297,149085,13730,0
31298,153112,154212,0
31299,137503,7366,0
31300,142759,3379,0
31301,89326,145118,0
31302,5242,21753,0
31303,35458,120932,0
31304,82808,111931,0
31305,87252,42748,0
31306,39094,1865,0
31307,18301,65012,0
31308,110544,138921,0
31309,18933,107915,0
31310,18828,73402,0
31311,146466,42103,0
31312,94532,46780,0
31313,24313,1956,0
31314,149554,10725,0
31315,125812,68346,0
31316,20298,111185,0
31317,92567,33417,0
31318,89634,12451,0
31319,1534,128206,0
31320,127519,22043,0
31321,113049,92908,0
31322,138545,24549,0
31323,147738,153761,0
31324,7150,79633,0
31325,22953,30506,0
31326,87438,7727,0
31327,70273,66757,0
31328,150862,151880,0
31329,64393,88640,0
31330,78067,97343,0
31331,51708,814,0
31332,117921,20153,0
31333,81297,122405,0
31334,69580,93126,0
31335,1214,70374,0
31336,36197,109015,0
31337,76060,99379,0
31338,35368,23771,0
31339,134220,58696,0
31340,147556,67336,0
31341,25751,64698,0
31342,18808,38413,0
31343,28370,12069,0
31344,101590,152836,0
31345,31521,147513,0
31346,42421,54288,0
31347,138172,135135,0
31348,24538,310,0
31349,22013,145814,0
31350,62228,42684,0
31351,108545,136471,0
31352,20989,14174,0
31353,51609,116610,0
31354,44551,137676,0
31355,134579,115970,0
31356,50350,71275,0
31357,154104,34413,0
31358,92609,33825,0
31359,74913,48684,0
31360,61831,24072,0
31361,102993,93851,0
31362,80298,13417,0
31363,118422,7788,0
31364,28373,6239,0
31365,53190,85071,0
31366,117963,5152,0
31367,93076,36229,0
31368,66798,72308,0
31369,113347,139938,0
31370,76874,44981,0
31371,94818,139701,0
31372,3868,137616,0
31373,12941,143681,0
31374,64598,86002,0
31375,132534,78214,0
31376,14592,153762,0
31377,38777,152771,0
31378,151085,147562,0
31379,61365,123491,0
31380,88669,98759,0
31381,129090,105205,0
31382,155097,115522,0
31383,47144,12154,0
31384,41630,39964,0
31385,124855,94227,0
31386,19223,22929,0
31387,72789,58626,0
31388,135813,61657,0
31389,4871,21186,0
31390,108513,44987,0
31391,103257,24788,0
31392,35530,35574,0
31393,72739,2175,0
31394,142537,48933,0
31395,77763,91162,0
31396,152256,97207,0
31397,2806,27711,0
31398,7852,95093,0
31399,8065,116096,0
31400,54312,114298,0
31401,57418,133191,0
31402,91552,148801,0
31403,74666,115720,0
31404,76363,147554,0
31405,7440,88678,0
31406,7636,18086,0
31407,101596,28759,0
31408,101291,103630,0
31409,47467,154758,0
31410,64091,87128,0
31411,20001,103048,0
31412,125117,70002,0
31413,134876,92206,0
31414,92270,131083,0
31415,2823,54326,0
31416,60870,97371,0
31417,6973,32786,0
31418,47829,72856,0
31419,83763,50783,0
31420,145745,111823,0
31421,42999,28148,0
31422,109284,27236,0
31423,31714,50283,0
31424,128102,130833,0
31425,90207,84565,0
31426,134870,118345,0
31427,28360,31746,0
31428,94789,86414,0
31429,103640,38656,0
31430,75477,46475,0
31431,77594,70832,0
31432,85347,111543,0
31433,103451,98640,0
31434,113925,79334,0
31435,7339,5079,0
31436,29944,150060,0
31437,60686,49544,0
31438,108231,5028,0
31439,17256,45117,0
31440,19834,139121,0
31441,99830,81037,0
31442,153661,101075,0
31443,34788,140022,0
31444,98088,97550,0
31445,113122,77293,0
31446,20170,14711,0
31447,114016,92863,0
31448,137787,142716,0
31449,121682,49437,0
31450,30059,53268,0
31451,45132,137346,0
31452,133141,48078,0
31453,82922,128750,0
31454,25115,6057,0
31455,74325,129399,0
31456,127914,70132,0
31457,8939,17882,0
31458,46155,142728,0
31459,55309,11049,0
31460,13301,70099,0
31461,140427,111087,0
31462,5362,67483,0
31463,103078,99531,0
31464,124300,142743,0
31465,100117,137835,0
31466,133321,14622,0
31467,95628,32961,0
31468,111338,59755,0
31469,43330,22972,0
31470,62006,108418,0
31471,17241,132756,0
31472,17199,102431,0
31473,121273,69224,0
31474,120821,127416,0
31475,155155,96264,0
31476,97305,28334,0
31477,92453,65250,0
31478,95348,36845,0
31479,131832,39091,0
31480,70723,139418,0
31481,38273,20772,0
31482,114911,34052,0
31483,125196,134226,0
31484,33334,113735,0
31485,67802,150389,0
31486,15533,29879,0
31487,106656,134474,0
31488,88965,28001,0
31489,119699,87812,0
31490,148926,123469,0
31491,23149,104780,0
31492,90997,76306,0
31493,129802,131090,0
31494,57305,32156,0
31495,99960,118070,0
31496,55025,83106,0
31497,137070,32696,0
31498,61257,71751,0
31499,42066,73872,0
31500,14304,121567,0
31501,50832,35990,0
31502,52049,22939,0
31503,129147,1733,0
31504,134913,54767,0
31505,27258,72593,0
31506,147192,78044,0
31507,39475,136462,0
31508,41948,6325,0
31509,5724,74151,0
31510,111268,16302,0
31511,32830,22208,0
31512,124159,34348,0
31513,58499,54086,0
31514,86947,1501,0
31515,109714,31782,0
31516,83981,36257,0
31517,62404,121654,0
31518,104738,18397,0
31519,76300,132163,0
31520,3583,114511,0
31521,131978,21302,0
31522,57370,134744,0
31523,122508,4168,0
31524,105779,76437,0
31525,60182,71816,0
31526,87281,30327,0
31527,3900,32508,0
31528,54441,34342,0
31529,138062,82431,0
31530,19594,55596,0
31531,126638,117906,0
31532,11983,126105,0
31533,17260,72492,0
31534,72572,147153,0
31535,13067,155112,0
31536,119684,8318,0
31537,115214,39640,0
31538,128912,73788,0
31539,17233,136419,0
31540,139352,85833,0
31541,66618,33613,0
31542,54489,21376,0
31543,88278,40743,0
31544,94176,153186,0
31545,5080,1547,0
31546,38625,79313,0
31547,60882,85252,0
31548,6677,18485,0
31549,39538,75203,0
31550,17968,66372,0
31551,48490,146597,0
31552,99249,49101,0
31553,37027,97265,0
31554,6476,58322,0
31555,110566,72528,0
31556,84698,97277,0
31557,108267,147570,0
31558,83002,62056,0
31559,75020,128771,0
31560,38405,54961,0
31561,44998,20893,0
31562,33173,114173,0
31563,116561,19514,0
31564,142717,3920,0
31565,65602,59578,0
31566,138128,123107,0
31567,56686,83614,0
31568,19580,29178,0
31569,13639,47815,0
31570,151564,45053,0
31571,4843,64015,0
31572,66125,129247,0
31573,138488,19957,0
31574,364,78584,0
31575,50605,43126,0
31576,64111,133479,0
31577,82334,46432,0
31578,113876,108567,0
31579,119860,64897,0
31580,19066,109217,0
31581,13194,153035,0
31582,48623,140985,0
31583,8414,136935,0
31584,71284,9680,0
31585,86,10584,0
31586,124085,9765,0
31587,80307,3005,0
31588,142472,92508,0
31589,120411,85640,0
31590,72340,16268,0
31591,66853,114762,0
31592,27830,98217,0
31593,141587,117860,0
31594,727,130423,0
31595,58602,154722,0
31596,86244,56188,0
31597,18310,147578,0
31598,41408,71104,0
31599,126931,77158,0
31600,108098,96911,0
31601,65393,87450,0
31602,104424,65336,0
31603,99544,55867,0
31604,95862,66433,0
31605,53428,74862,0
31606,42586,83775,0
31607,20007,3773,0
31608,108517,47930,0
31609,149601,132122,0
31610,49746,99283,0
31611,145225,437,0
31612,95803,85573,0
31613,32239,11934,0
31614,29153,138950,0
31615,82170,153020,0
31616,99939,64426,0
31617,11260,153954,0
31618,130827,47005,0
31619,105657,90250,0
31620,125750,22564,0
31621,94621,889,0
31622,110298,102185,0
31623,112853,82929,0
31624,27353,46809,0
31625,114243,154968,0
31626,118166,28147,0
31627,84764,134736,0
31628,27610,87895,0
31629,97431,53085,0
31630,13805,45710,0
31631,33714,46592,0
31632,88589,76703,0
31633,95140,126873,0
31634,88325,108217,0
31635,119662,4128,0
31636,70716,83430,0
31637,45739,121721,0
31638,44810,74223,0
31639,107211,57494,0
31640,117945,38445,0
31641,153281,17819,0
31642,92658,86694,0
31643,124649,90030,0
31644,33123,29635,0
31645,102035,16235,0
31646,134785,45830,0
31647,103745,149236,0
31648,138607,27601,0
31649,142313,108932,0
31650,39741,150152,0
31651,62910,3801,0
31652,11602,1116,0
31653,107699,21714,0
31654,118527,137235,0
31655,85652,81506,0
31656,20490,74234,0
31657,82030,38983,0
31658,148270,92581,0
31659,153849,103616,0
31660,3245,139562,0
31661,38375,123877,0
31662,81041,51125,0
31663,63820,55559,0
31664,135450,131000,0
31665,21430,7185,0
31666,53754,150937,0
31667,78658,54977,0
31668,131988,107165,0
31669,51752,134328,0
31670,34932,49558,0
31671,85459,108538,0
31672,13532,35685,0
31673,122179,136610,0
31674,5225,2328,0
31675,32202,83319,0
31676,16338,154654,0
31677,49813,139718,0
31678,71036,130553,0
31679,9033,71572,0
31680,52386,79182,0
31681,40952,149493,0
31682,118472,2238,0
31683,110987,54354,0
31684,117665,80585,0
31685,71045,120170,0
31686,104259,147552,0
31687,70094,32770,0
31688,7371,58427,0
31689,64463,19793,0
31690,94540,62850,0
31691,10835,78474,0
31692,101225,90783,0
31693,140,129705,0
31694,10440,70905,0
31695,122330,130060,0
31696,35707,44945,0
31697,59432,101344,0
31698,127013,116096,0
31699,58602,10047,0
31700,86073,37927,0
31701,109943,34562,0
31702,76048,140415,0
31703,30107,87084,0
31704,106322,25049,0
31705,61624,70562,0
31706,84693,117633,0
31707,103145,8309,0
31708,91672,6482,0
31709,25,110500,0
31710,129301,68097,0
31711,80419,6611,0
31712,106585,98436,0
31713,57875,8208,0
31714,21446,134143,0
31715,36254,98477,0
31716,1576,134412,0
31717,86203,43364,0
31718,58128,66112,0
31719,144808,135972,0
31720,69455,102361,0
31721,32877,148211,0
31722,80546,5530,0
31723,48926,150853,0
31724,105736,98436,0
31725,67407,40022,0
31726,111793,131356,0
31727,33836,86667,0
31728,6364,12802,0
31729,151921,37814,0
31730,101309,45981,0
31731,148881,75799,0
31732,6268,122861,0
31733,147453,28610,0
31734,98340,102283,0
31735,140510,91101,0
31736,58484,124447,0
31737,21600,135346,0
31738,124701,109861,0
31739,144083,46643,0
31740,19841,76681,0
31741,98688,95924,0
31742,1815,111843,0
31743,48725,81407,0
31744,125427,148385,0
31745,99092,125330,0
31746,82719,2890,0
31747,13293,23775,0
31748,13847,154391,0
31749,131855,24683,0
31750,41801,3293,0
31751,76495,72843,0
31752,14602,133432,0
31753,116322,73254,0
31754,7378,61869,0
31755,67780,73556,0
31756,73630,124079,0
31757,54966,123287,0
31758,108257,146616,0
31759,104912,28399,0
31760,53539,49936,0
31761,40617,53663,0
31762,5527,57513,0
31763,69641,115012,0
31764,114326,123228,0
31765,16725,104403,0
31766,92937,7130,0
31767,54247,16021,0
31768,121237,5294,0
31769,72127,35172,0
31770,48807,153261,0
31771,2598,109083,0
31772,24386,108870,0
31773,48561,97077,0
31774,147704,37809,0
31775,56410,77470,0
31776,104042,123406,0
31777,18579,136071,0
31778,113594,84517,0
31779,131514,67269,0
31780,120417,42117,0
31781,15577,109236,0
31782,148395,68607,0
31783,140586,109445,0
31784,85176,154105,0
31785,87158,64259,0
31786,122232,152073,0
31787,84697,52593,0
31788,4658,68113,0
31789,126811,50726,0
31790,153206,153942,0
31791,19015,38145,0
31792,146549,27286,0
31793,60145,95032,0
31794,59614,153040,0
31795,56652,3958,0
31796,77459,108501,0
31797,50928,59940,0
31798,144529,152436,0
31799,42783,128955,0
31800,103347,79799,0
31801,132338,92971,0
31802,19223,65005,0
31803,115183,89708,0
31804,8278,47907,0
31805,67358,100855,0
31806,63471,5888,0
31807,66463,149995,0
31808,40226,737,0
31809,15533,141075,0
31810,89285,53186,0
31811,109975,15262,0
31812,82482,123235,0
31813,16673,138736,0
31814,44965,58011,0
31815,127833,31777,0
31816,143757,30511,0
31817,83424,105948,0
31818,88932,153673,0
31819,28075,18832,0
31820,94496,72015,0
31821,65274,28635,0
31822,90482,141589,0
31823,126258,114583,0
31824,124085,110467,0
31825,86147,49286,0
31826,69732,37502,0
31827,154578,55331,0
31828,12156,135723,0
31829,53674,94903,0
31830,22685,4868,0
31831,134588,2906,0
31832,40745,63563,0
31833,83781,17496,0
31834,145982,21531,0
31835,146810,76912,0
31836,22143,129418,0
31837,58778,38206,0
31838,106808,105204,0
31839,99916,90406,0
31840,72046,23791,0
31841,29204,114000,0
31842,29439,152418,0
31843,85597,65727,0
31844,63125,126608,0
31845,82065,31855,0
31846,50777,9187,0
31847,43322,67164,0
31848,127184,95944,0
31849,7556,34775,0
31850,71849,124075,0
31851,40688,144746,0
31852,57470,49304,0
31853,20397,96953,0
31854,81845,21441,0
31855,75177,53121,0
31856,142882,24383,0
31857,95799,29241,0
31858,19481,127305,0
31859,109191,54250,0
31860,1474,99800,0
31861,68108,143920,0
31862,140465,28098,0
31863,105338,6188,0
31864,6106,141782,0
31865,25322,36333,0
31866,106252,129218,0
31867,12339,112774,0
31868,76329,144830,0
31869,136265,93035,0
31870,891,39905,0
31871,33985,115922,0
31872,90266,123149,0
31873,68634,7733,0
31874,140599,91704,0
31875,103960,126439,0
31876,56584,77508,0
31877,88249,67145,0
31878,74214,110456,0
31879,82746,14015,0
31880,66710,21768,0
31881,95618,116357,0
31882,27210,119185,0
31883,57748,152405,0
31884,83842,18701,0
31885,97649,76303,0
31886,40882,1715,0
31887,100583,91980,0
31888,111631,59685,0
31889,81655,91473,0
31890,49660,42722,0
31891,46697,25440,0
31892,2898,25586,0
31893,131218,25043,0
31894,41442,7641,0
31895,251,56822,0
31896,105731,99342,0
31897,143267,68552,0
31898,137189,48573,0
31899,152295,140465,0
31900,79187,77540,0
31901,145971,113436,0
31902,3515,121703,0
31903,82461,61265,0
31904,6366,135742,0
31905,76190,48553,0
31906,3161,1945,0
31907,72854,118909,0
31908,35994,143074,0
31909,154783,122589,0
31910,93145,144907,0
31911,113526,140048,0
31912,1872,29891,0
31913,122973,37361,0
31914,91358,126854,0
31915,109804,25055,0
31916,17980,40036,0
31917,47499,83592,0
31918,144000,143215,0
31919,46558,68289,0
31920,3002,18825,0
31921,90910,7962,0
31922,99668,131589,0
31923,95803,109750,0
31924,89011,19827,0
31925,131833,149847,0
31926,100102,7619,0
31927,63712,88583,0
31928,65032,152797,0
31929,98991,38550,0
31930,865,129529,0
31931,86568,97525,0
31932,12926,138479,0
31933,122215,94419,0
31934,142029,89343,0
31935,71954,143902,0
31936,84020,141070,0
31937,123656,53022,0
31938,16080,60758,0
31939,137156,121865,0
31940,9832,96249,0
31941,87532,99371,0
31942,43482,103028,0
31943,41624,28545,0
31944,17967,22741,0
31945,48557,147176,0
31946,8697,14970,0
31947,141382,103427,0
31948,32244,138670,0
31949,112831,55529,0
31950,71803,89745,0
31951,89348,41968,0
31952,100749,57134,0
31953,97412,76029,0
31954,2071,58298,0
31955,91718,27408,0
31956,58719,6797,0
31957,141536,8228,0
31958,59142,8382,0
31959,89410,91326,0
31960,142033,105356,0
31961,145996,114523,0
31962,22023,154209,0
31963,148472,103344,0
31964,3651,151182,0
31965,62324,26446,0
31966,101337,101332,0
31967,34840,151438,0
31968,38639,123988,0
31969,9883,111422,0
31970,1413,142528,0
31971,3356,72284,0
31972,97920,88622,0
31973,81711,108839,0
31974,89202,26983,0
31975,144344,96970,0
31976,153732,98534,0
31977,81574,108264,0
31978,63696,41513,0
31979,59360,42000,0
31980,133415,6629,0
31981,11846,8669,0
31982,100600,23184,0
31983,142461,76488,0
31984,65596,26359,0
31985,27389,109361,0
31986,133609,13874,0
31987,7599,53917,0
31988,153449,134684,0
31989,14068,149946,0
31990,55334,62109,0
31991,99324,9815,0
31992,108985,145897,0
31993,11117,127943,0
31994,151082,38912,0
31995,132418,23361,0
31996,136815,15575,0
31997,13805,26379,0
31998,143708,57152,0
31999,5259,10679,0
32000,56225,60009,0
32001,131038,25088,0
32002,36538,65843,0
32003,84439,57297,0
32004,55822,41394,0
32005,56652,83797,0
32006,78299,14040,0
32007,59038,20870,0
32008,118287,77201,0
32009,14413,78675,0
32010,5065,27661,0
32011,14987,52814,0
32012,70512,71596,0
32013,100207,90363,0
32014,5036,36194,0
32015,141126,58779,0
32016,61642,62431,0
32017,131695,23375,0
32018,32529,132902,0
32019,38089,88168,0
32020,54971,75655,0
32021,2955,103487,0
32022,89791,125341,0
32023,120889,16533,0
32024,22301,1062,0
32025,94477,103835,0
32026,74767,62791,0
32027,134291,44560,0
32028,88556,64000,0
32029,97114,134002,0
32030,108788,37527,0
32031,137092,122747,0
32032,61257,153475,0
32033,45013,18516,0
32034,80274,49195,0
32035,135827,131242,0
32036,52662,27045,0
32037,9972,145791,0
32038,51078,35920,0
32039,92322,83864,0
32040,25702,102950,0
32041,7835,146222,0
32042,96488,42686,0
32043,7774,143710,0
32044,65432,58872,0
32045,15360,62299,0
32046,16904,73219,0
32047,54215,93707,0
32048,62566,92009,0
32049,44435,113394,0
32050,125861,53311,0
32051,69348,687,0
32052,78502,49608,0
32053,32516,44603,0
32054,130056,50290,0
32055,88702,76856,0
32056,8330,132125,0
32057,103352,97150,0
32058,33934,154435,0
32059,114433,53192,0
32060,28271,81466,0
32061,24931,12113,0
32062,118378,23195,0
32063,39845,106362,0
32064,84657,23455,0
32065,107364,52050,0
32066,126624,32405,0
32067,26976,76769,0
32068,182,140663,0
32069,154479,143442,0
32070,29712,49696,0
32071,138128,30827,0
32072,121819,121180,0
32073,49586,26101,0
32074,134273,44925,0
32075,29877,88928,0
32076,149698,84223,0
32077,33286,92219,0
32078,56659,58486,0
32079,36176,94439,0
32080,123452,137043,0
32081,90350,106000,0
32082,71574,1891,0
32083,125094,139672,0
32084,27336,8402,0
32085,95937,73360,0
32086,123269,12270,0
32087,145293,62221,0
32088,125079,113074,0
32089,43055,153017,0
32090,74740,59874,0
32091,59100,13458,0
32092,74131,71865,0
32093,151884,117456,0
32094,36677,8007,0
32095,113654,133726,0
32096,75658,146583,0
32097,61514,53306,0
32098,99308,17124,0
32099,74885,27468,0
32100,7312,89004,0
32101,151219,7401,0
32102,139011,80756,0
32103,84064,12359,0
32104,127032,21052,0
32105,45822,101175,0
32106,7354,133051,0
32107,74531,14625,0
32108,87752,150896,0
32109,4769,71315,0
32110,136643,128400,0
32111,140941,4858,0
32112,122363,42145,0
32113,99826,120275,0
32114,54128,117409,0
32115,41822,148465,0
32116,41822,47468,0
32117,21379,149048,0
32118,37465,144607,0
32119,102420,130354,0
32120,32791,86446,0
32121,138555,130700,0
32122,122481,16343,0
32123,152745,141894,0
32124,154753,107847,0
32125,34668,94436,0
32126,122859,24899,0
32127,35681,45964,0
32128,26099,57147,0
32129,99681,116334,0
32130,85484,105540,0
32131,54829,102312,0
32132,19195,148872,0
32133,139796,143439,0
32134,145734,52753,0
32135,61693,145214,0
32136,148619,33860,0
32137,48238,48180,0
32138,84244,94327,0
32139,2229,113325,0
32140,134560,26253,0
32141,88568,147010,0
32142,139704,88185,0
32143,4680,47973,0
32144,64461,42271,0
32145,127374,152623,0
32146,100882,138002,0
32147,29815,130615,0
32148,116893,82167,0
32149,158,137128,0
32150,118794,87992,0
32151,66043,131346,0
32152,19467,97197,0
32153,61821,87683,0
32154,91448,62060,0
32155,64552,61895,0
32156,30555,39427,0
32157,14550,44051,0
32158,26168,29157,0
32159,51138,118106,0
32160,48970,45271,0
32161,5937,62503,0
32162,150294,129029,0
32163,125904,51837,0
32164,71408,116007,0
32165,27235,120301,0
32166,8812,30349,0
32167,64662,107009,0
32168,28723,13807,0
32169,80534,98947,0
32170,46808,114126,0
32171,143702,128775,0
32172,99304,78619,0
32173,131779,17698,0
32174,41254,75641,0
32175,13186,25133,0
32176,134457,115923,0
32177,56567,115819,0
32178,141318,49347,0
32179,118447,94119,0
32180,83333,106558,0
32181,51786,136707,0
32182,86232,123010,0
32183,49919,92827,0
32184,153260,137530,0
32185,131510,150740,0
32186,78809,83701,0
32187,36125,116171,0
32188,144021,53496,0
32189,45973,121789,0
32190,39491,67579,0
32191,26683,82510,0
32192,53725,119507,0
32193,113205,80315,0
32194,119149,152541,0
32195,67996,60592,0
32196,24534,75802,0
32197,42401,67661,0
32198,150747,7649,0
32199,10134,87174,0
32200,147781,78955,0
32201,75290,52491,0
32202,144223,42533,0
32203,63782,63166,0
32204,110102,27384,0
32205,134988,1356,0
32206,2694,131477,0
32207,56804,67493,0
32208,116441,39577,0
32209,146485,146436,0
32210,68917,10041,0
32211,114392,29475,0
32212,21085,37571,0
32213,76977,96958,0
32214,81938,151877,0
32215,3152,66102,0
32216,9955,45761,0
32217,139235,43488,0
32218,99676,78675,0
32219,7242,1578,0
32220,96604,120981,0
32221,72040,93120,0
32222,74948,24128,0
32223,21562,133931,0
32224,97774,56166,0
32225,44962,111684,0
32226,144730,68006,0
32227,2923,114518,0
32228,77707,52149,0
32229,136936,44156,0
32230,34771,88983,0
32231,70753,128716,0
32232,76509,154860,0
32233,110898,58313,0
32234,10551,80051,0
32235,70453,28594,0
32236,23214,35601,0
32237,8395,53865,0
32238,83194,33906,0
32239,69648,110147,0
32240,86982,11628,0
32241,128282,131280,0
32242,2787,61526,0
32243,24858,120331,0
32244,17057,2891,0
32245,56214,136486,0
32246,107859,50775,0
32247,105713,143528,0
32248,17858,145187,0
32249,58831,98600,0
32250,29753,109327,0
32251,9151,94309,0
32252,86897,59267,0
32253,146158,99932,0
32254,148783,127908,0
32255,61559,91271,0
32256,8529,30246,0
32257,36145,9112,0
32258,105721,29342,0
32259,77969,135708,0
32260,119551,75337,0
32261,107234,61201,0
32262,69217,130312,0
32263,110372,134272,0
32264,51752,88469,0
32265,32092,118668,0
32266,72923,63576,0
32267,45563,130760,0
32268,69846,126683,0
32269,48843,8463,0
32270,51324,103627,0
32271,140446,85573,0
32272,98857,107355,0
32273,17733,78239,0
32274,52352,40644,0
32275,88384,52778,0
32276,23927,110683,0
32277,80389,137202,0
32278,137788,109889,0
32279,40326,136092,0
32280,58554,101551,0
32281,137196,64890,0
32282,19586,118478,0
32283,119485,128971,0
32284,111436,54407,0
32285,35683,53347,0
32286,26804,50274,0
32287,60133,24537,0
32288,5761,66446,0
32289,354,35192,0
32290,129603,125277,0
32291,8394,47463,0
32292,27052,70167,0
32293,121498,78914,0
32294,72501,79973,0
32295,11800,90409,0
32296,83602,128699,0
32297,50109,51595,0
32298,72665,15488,0
32299,23678,79640,0
32300,90417,143212,0
32301,123618,1421,0
32302,95761,36205,0
32303,2667,465,0
32304,90150,83545,0
32305,112623,116448,0
32306,125866,154905,0
32307,66774,142887,0
32308,86604,66622,0
32309,137099,6086,0
32310,72742,113963,0
32311,41958,129376,0
32312,27768,78970,0
32313,16375,25855,0
32314,92408,23462,0
32315,113103,104809,0
32316,13159,152993,0
32317,21222,151542,0
32318,145209,38914,0
32319,147245,123824,0
32320,53594,63903,0
32321,7963,115575,0
32322,11477,127272,0
32323,36006,94230,0
32324,9989,118835,0
32325,33079,23427,0
32326,83781,30071,0
32327,108370,34418,0
32328,24275,106407,0
32329,129722,143700,0
32330,33045,100357,0
32331,40754,117698,0
32332,132333,17493,0
32333,90432,149323,0
32334,4625,124280,0
32335,140822,112919,0
32336,46858,127972,0
32337,31743,115104,0
32338,11748,61985,0
32339,152088,13629,0
32340,144780,141177,0
32341,120415,123270,0
32342,58823,93294,0
32343,133792,94566,0
32344,79528,109973,0
32345,82423,109515,0
32346,89796,125908,0
32347,16052,56362,0
32348,47644,41264,0
32349,99073,89702,0
32350,134949,34150,0
32351,64658,132799,0
32352,144723,53818,0
32353,25579,88861,0
32354,68850,31177,0
32355,39659,42247,0
32356,71814,100938,0
32357,77484,79621,0
32358,119699,54189,0
32359,25684,8764,0
32360,15800,105279,0
32361,16357,51046,0
32362,25815,88185,0
32363,38933,4322,0
32364,81750,3006,0
32365,87778,62177,0
32366,72409,3045,0
32367,143137,36479,0
32368,148380,1490,0
32369,130827,101212,0
32370,61662,40624,0
32371,48099,127278,0
32372,140890,112220,0
32373,64193,62744,0
32374,82992,134431,0
32375,71372,19832,0
32376,38412,40361,0
32377,8057,5942,0
32378,34719,116599,0
32379,5247,17120,0
32380,41902,33471,0
32381,123866,6714,0
32382,109322,7926,0
32383,150298,123369,0
32384,50986,53865,0
32385,111672,90931,0
32386,143122,39012,0
32387,19736,115259,0
32388,110610,120280,0
32389,41899,104795,0
32390,130829,54744,0
32391,97853,129424,0
32392,118427,127410,0
32393,90773,109754,0
32394,73322,53404,0
32395,24451,149560,0
32396,113629,72903,0
32397,124698,132439,0
32398,31734,61253,0
32399,154048,55863,0
32400,42677,100859,0
32401,137166,109282,0
32402,54798,120249,0
32403,55768,78873,0
32404,83699,153938,0
32405,85810,11050,0
32406,31195,93155,0
32407,19218,20077,0
32408,27300,57400,0
32409,120485,58395,0
32410,85493,35333,0
32411,18323,86649,0
32412,136359,77906,0
32413,123627,77440,0
32414,121191,147110,0
32415,124974,127610,0
32416,57667,48529,0
32417,51311,38766,0
32418,125384,148467,0
32419,122628,25258,0
32420,48196,127093,0
32421,136676,107563,0
32422,16422,86492,0
32423,131685,29581,0
32424,130749,107221,0
32425,2418,98308,0
32426,50530,123129,0
32427,61151,119941,0
32428,141304,18822,0
32429,45289,76267,0
32430,122837,141276,0
32431,47405,94188,0
32432,101700,151290,0
32433,143845,120449,0
32434,42642,146048,0
32435,144775,115501,0
32436,33458,73088,0
32437,53550,41852,0
32438,149849,66265,0
32439,94783,95054,0
32440,16047,22462,0
32441,9168,82395,0
32442,126472,51175,0
32443,47730,149240,0
32444,93708,57441,0
32445,94320,90709,0
32446,50138,35769,0
32447,21180,57036,0
32448,21067,137040,0
32449,30220,113012,0
32450,20262,96983,0
32451,9694,34418,0
32452,1606,21243,0
32453,18488,79819,0
32454,137264,51045,0
32455,119971,57020,0
32456,55680,126276,0
32457,97348,51114,0
32458,118697,29828,0
32459,65287,121372,0
32460,123154,120028,0
32461,84644,35618,0
32462,29546,19423,0
32463,143767,150078,0
32464,48865,149004,0
32465,76101,68894,0
32466,141447,107677,0
32467,76567,98739,0
32468,122031,38988,0
32469,19373,110560,0
32470,35126,86632,0
32471,19076,30655,0
32472,131978,6233,0
32473,107766,87292,0
32474,45455,74365,0
32475,144650,122200,0
32476,70588,110338,0
32477,43676,16947,0
32478,40910,76761,0
32479,4126,107905,0
32480,55774,68153,0
32481,143685,1224,0
32482,78055,81224,0
32483,23709,132310,0
32484,82550,19239,0
32485,46209,67992,0
32486,61661,9674,0
32487,119824,74572,0
32488,143016,127987,0
32489,25725,1435,0
32490,22366,118521,0
32491,102366,139094,0
32492,83867,47379,0
32493,99706,4611,0
32494,73081,1001,0
32495,24952,97054,0
32496,6487,155135,0
32497,98422,110857,0
32498,13361,136217,0
32499,13208,93064,0
32500,101545,8871,0
32501,90834,35149,0
32502,35822,149367,0
32503,13097,96382,0
32504,108514,11440,0
32505,89641,41554,0
32506,62872,61884,0
32507,74750,130975,0
32508,84875,56625,0
32509,26244,115060,0
32510,139710,52202,0
32511,152476,93092,0
32512,23878,30523,0
32513,134205,150933,0
32514,147143,30334,0
32515,122860,98490,0
32516,136779,63695,0
32517,102875,58572,0
32518,11175,90695,0
32519,2858,137194,0
32520,48290,76675,0
32521,73054,132583,0
32522,150769,117191,0
32523,67930,123934,0
32524,1440,127751,0
32525,143893,72671,0
32526,99256,56824,0
32527,98632,13462,0
32528,5280,104503,0
32529,121792,33992,0
32530,14542,128219,0
32531,87622,128864,0
32532,133124,18696,0
32533,55317,77457,0
32534,63173,60215,0
32535,119205,116089,0
32536,27324,116053,0
32537,66745,16531,0
32538,99762,52194,0
32539,107059,43735,0
32540,116199,86767,0
32541,99276,146605,0
32542,108671,153560,0
32543,53716,17147,0
32544,56171,114280,0
32545,81125,82088,0
32546,153840,102555,0
32547,117965,28120,0
32548,136657,136641,0
32549,44446,106730,0
32550,71088,132971,0
32551,2229,72213,0
32552,130760,150946,0
32553,72186,133053,0
32554,121027,85350,0
32555,144517,11638,0
32556,102311,103423,0
32557,38231,37349,0
32558,53159,21444,0
32559,95326,1729,0
32560,38645,57306,0
32561,74479,51341,0
32562,2629,29175,0
32563,103882,135259,0
32564,97475,88466,0
32565,131917,25965,0
32566,32342,94107,0
32567,68010,145416,0
32568,129838,151339,0
32569,54233,20077,0
32570,95318,97538,0
32571,2257,11596,0
32572,142400,143580,0
32573,90300,147083,0
32574,83971,146721,0
32575,140645,39434,0
32576,61382,3823,0
32577,131891,144814,0
32578,26354,96305,0
32579,140202,89575,0
32580,134346,145307,0
32581,61776,7743,0
32582,132294,73169,0
32583,82334,42467,0
32584,32456,29560,0
32585,46706,107821,0
32586,2388,139649,0
32587,51729,83924,0
32588,4681,153758,0
32589,3661,43084,0
32590,111932,1637,0
32591,79834,137235,0
32592,106667,61343,0
32593,73719,14020,0
32594,40246,103094,0
32595,135395,76620,0
32596,79300,116522,0
32597,84213,29014,0
32598,30095,128347,0
32599,47919,19530,0
32600,124430,16712,0
32601,147622,11492,0
32602,143778,23511,0
32603,67943,34593,0
32604,12456,151682,0
32605,61116,2506,0
32606,111388,94895,0
32607,87828,88007,0
32608,20375,23759,0
32609,51561,26947,0
32610,63197,122854,0
32611,66458,138446,0
32612,5205,49209,0
32613,37619,61152,0
32614,141096,104294,0
32615,25826,27638,0
32616,148249,11588,0
32617,100980,136688,0
32618,107595,23909,0
32619,148003,12356,0
32620,101183,11926,0
32621,7560,96557,0
32622,133872,76849,0
32623,46126,90423,0
32624,44810,19206,0
32625,137245,106663,0
32626,137870,77741,0
32627,38754,100101,0
32628,68276,130228,0
32629,13098,32778,0
32630,117480,77602,0
32631,98074,87546,0
32632,36346,130767,0
32633,2246,103912,0
32634,33103,32170,0
32635,4165,75191,0
32636,64677,106429,0
32637,15290,95636,0
32638,23330,16526,0
32639,126436,20986,0
32640,73710,26643,0
32641,41418,147501,0
32642,32693,103711,0
32643,126206,59325,0
32644,133764,128546,0
32645,7142,135724,0
32646,37473,122587,0
32647,123172,14238,0
32648,55688,64286,0
32649,122463,116498,0
32650,74325,75132,0
32651,67839,31076,0
32652,149182,116090,0
32653,141545,85970,0
32654,134727,99720,0
32655,10942,31487,0
32656,150955,60028,0
32657,86038,105940,0
32658,135749,19617,0
32659,69972,62419,0
32660,90421,87521,0
32661,139515,135374,0
32662,128022,2876,0
32663,2879,44791,0
32664,108307,87935,0
32665,114393,154921,0
32666,104852,23182,0
32667,69371,81195,0
32668,119837,133701,0
32669,105146,148987,0
32670,92539,127535,0
32671,30453,2427,0
32672,3135,17266,0
32673,4314,4181,0
32674,60353,113785,0
32675,3781,136379,0
32676,123862,17903,0
32677,140730,138152,0
32678,74516,133768,0
32679,126267,130880,0
32680,122825,128076,0
32681,98479,137773,0
32682,142473,120907,0
32683,40656,140120,0
32684,61763,67723,0
32685,25056,102269,0
32686,78081,34651,0
32687,71871,99801,0
32688,146432,48280,0
32689,18288,52866,0
32690,13689,123027,0
32691,123646,129979,0
32692,2093,13130,0
32693,48176,143128,0
32694,96517,140297,0
32695,109658,20019,0
32696,22565,42510,0
32697,137957,24801,0
32698,116581,141617,0
32699,13830,138236,0
32700,56808,27110,0
32701,139133,8024,0
32702,48226,70872,0
32703,13857,12724,0
32704,89040,32695,0
32705,16573,112220,0
32706,52364,48239,0
32707,66822,83852,0
32708,137393,120502,0
32709,68718,94609,0
32710,76362,46852,0
32711,104626,106957,0
32712,49077,34779,0
32713,15403,48094,0
32714,49072,16409,0
32715,15553,10553,0
32716,87227,48765,0
32717,134908,47037,0
32718,70926,122139,0
32719,146472,71923,0
32720,143322,140571,0
32721,49322,44814,0
32722,13878,20383,0
32723,96282,142715,0
32724,63196,82682,0
32725,149971,33441,0
32726,128939,88931,0
32727,28651,80202,0
32728,33885,95907,0
32729,108400,13400,0
32730,134785,87361,0
32731,13560,17213,0
32732,17825,107924,0
32733,56530,154874,0
32734,71711,110217,0
32735,113576,89209,0
32736,38905,90027,0
32737,1131,17082,0
32738,88353,474,0
32739,91686,145513,0
32740,65552,151428,0
32741,150008,4666,0
32742,103466,2745,0
32743,87199,35777,0
32744,7597,50435,0
32745,62585,64804,0
32746,92061,140833,0
32747,26164,79102,0
32748,115089,131315,0
32749,58827,78091,0
32750,19294,148459,0
32751,72204,95600,0
32752,77135,103411,0
32753,8952,17360,0
32754,116373,111352,0
32755,57743,14004,0
32756,49850,32572,0
32757,116461,149584,0
32758,6608,42869,0
32759,7565,113265,0
32760,94320,68730,0
32761,10644,144467,0
32762,36390,37935,0
32763,145960,120357,0
32764,40123,132909,0
32765,18291,151639,0
32766,18092,139099,0
32767,6179,36205,0
32768,72770,115200,0
32769,19984,104509,0
32770,112950,40037,0
32771,67025,116446,0
32772,102758,17608,0
32773,124041,95877,0
32774,121974,138117,0
32775,52286,139494,0
32776,107984,81726,0
32777,59129,49122,0
32778,37254,52298,0
32779,83455,49691,0
32780,101946,123924,0
32781,136647,15774,0
32782,101598,100429,0
32783,17729,32757,0
32784,65418,69202,0
32785,126673,118328,0
32786,53045,6930,0
32787,117106,66649,0
32788,13097,12519,0
32789,26023,113681,0
32790,38258,151260,0
32791,28533,40974,0
32792,12330,46415,0
32793,48952,51016,0
32794,103811,103250,0
32795,148130,23648,0
32796,31302,94292,0
32797,133073,152594,0
32798,51954,150892,0
32799,4514,67912,0
32800,35490,29385,0
32801,7933,28938,0
32802,28427,80561,0
32803,60056,94068,0
32804,42497,145036,0
32805,149387,37330,0
32806,21068,54917,0
32807,114967,48828,0
32808,85981,59612,0
32809,141346,3132,0
32810,7998,61275,0
32811,72698,140087,0
32812,72093,45964,0
32813,108634,33112,0
32814,99708,58858,0
32815,9223,114105,0
32816,111021,86442,0
32817,89780,65147,0
32818,45614,17082,0
32819,89058,67941,0
32820,15380,119249,0
32821,103464,107657,0
32822,112740,113877,0
32823,76580,62776,0
32824,28318,99150,0
32825,10268,136511,0
32826,29975,111472,0
32827,59569,56712,0
32828,49555,90714,0
32829,86742,417,0
32830,113547,142064,0
32831,147269,99409,0
32832,1533,7606,0
32833,126889,124688,0
32834,115011,124340,0
32835,8217,68987,0
32836,92986,117370,0
32837,145661,69043,0
32838,112865,62066,0
32839,18633,29022,0
32840,92393,55173,0
32841,24645,66751,0
32842,44692,73374,0
32843,91237,86478,0
32844,47066,73036,0
32845,27463,108706,0
32846,4437,43287,0
32847,66682,11413,0
32848,93876,41055,0
32849,106203,106492,0
32850,73870,21072,0
32851,7599,121736,0
32852,104960,119900,0
32853,129763,78983,0
32854,19665,31661,0
32855,129381,104984,0
32856,38352,58311,0
32857,26741,4246,0
32858,120634,31558,0
32859,91575,99786,0
32860,91801,17133,0
32861,137110,139412,0
32862,82106,135649,0
32863,15100,135298,0
32864,20740,108472,0
32865,152959,31440,0
32866,1971,133215,0
32867,143634,94153,0
32868,126291,57309,0
32869,50395,103494,0
32870,117228,67360,0
32871,151857,87128,0
32872,92419,75630,0
32873,138564,44544,0
32874,17615,1799,0
32875,30963,83412,0
32876,137713,64674,0
32877,148476,15920,0
32878,122412,49662,0
32879,10222,53154,0
32880,129700,45291,0
32881,99193,13264,0
32882,75516,99992,0
32883,137968,150389,0
32884,82504,38481,0
32885,28308,67331,0
32886,106659,146106,0
32887,8437,12397,0
32888,72711,93412,0
32889,64541,76550,0
32890,60014,55582,0
32891,57008,148381,0
32892,135669,88485,0
32893,73377,68308,0
32894,134004,153071,0
32895,91964,87529,0
32896,79924,29279,0
32897,140129,77560,0
32898,114641,66771,0
32899,9228,71131,0
32900,127602,123586,0
32901,19919,43405,0
32902,70746,134047,0
32903,29758,24307,0
32904,60050,81194,0
32905,16753,113849,0
32906,3821,7540,0
32907,33923,113192,0
32908,27586,127242,0
32909,22531,52958,0
32910,19960,111620,0
32911,92556,117319,0
32912,50386,111563,0
32913,18390,88450,0
32914,65563,131522,0
32915,142415,153814,0
32916,147435,153564,0
32917,53972,80636,0
32918,112670,145448,0
32919,49400,137268,0
32920,100999,110285,0
32921,107362,115296,0
32922,70682,131608,0
32923,38018,110728,0
32924,26083,62920,0
32925,126975,93177,0
32926,27647,13277,0
32927,100340,29347,0
32928,62761,126880,0
32929,150038,121636,0
32930,106174,104022,0
32931,14844,17528,0
32932,62447,120079,0
32933,3984,109353,0
32934,145277,11328,0
32935,125641,15837,0
32936,58385,16249,0
32937,75823,50843,0
32938,98178,38664,0
32939,55163,29726,0
32940,125804,139996,0
32941,38879,14608,0
32942,119120,144353,0
32943,123654,86703,0
32944,19108,25025,0
32945,62714,97939,0
32946,16458,124904,0
32947,110834,81713,0
32948,104458,123657,0
32949,66877,104363,0
32950,105017,104855,0
32951,43363,117031,0
32952,142997,71576,0
32953,6607,68633,0
32954,106726,40301,0
32955,88528,146686,0
32956,150327,41106,0
32957,140382,106697,0
32958,40817,43786,0
32959,9319,50212,0
32960,110379,58413,0
32961,85508,11217,0
32962,50792,136411,0
32963,53530,61818,0
32964,45300,117491,0
32965,139134,71982,0
32966,111838,14208,0
32967,9426,29536,0
32968,19077,128674,0
32969,146768,136961,0
32970,124068,111751,0
32971,47864,11357,0
32972,45456,133318,0
32973,121457,12060,0
32974,21717,143823,0
32975,46394,25066,0
32976,9515,96720,0
32977,118836,46958,0
32978,31355,94492,0
32979,50346,6523,0
32980,47331,53189,0
32981,134806,58782,0
32982,6808,37424,0
32983,143610,115747,0
32984,26970,148193,0
32985,17487,10202,0
32986,69217,105152,0
32987,83294,38588,0
32988,117564,97335,0
32989,89277,62186,0
32990,97747,117570,0
32991,36411,31909,0
32992,100389,81813,0
32993,30552,23305,0
32994,89707,130415,0
32995,44638,56096,0
32996,11218,1700,0
32997,25,138158,0
32998,33351,32385,0
32999,18510,76989,0
33000,86380,13733,0
33001,119368,51544,0
33002,129265,91375,0
33003,71824,107968,0
33004,108779,54566,0
33005,14509,15594,0
33006,1324,133086,0
33007,54544,7162,0
33008,149688,19171,0
33009,140737,32364,0
33010,95964,62614,0
33011,27243,49236,0
33012,107739,140879,0
33013,17559,121547,0
33014,118075,120838,0
33015,17477,87806,0
33016,72394,75129,0
33017,74195,22754,0
33018,123329,1189,0
33019,75809,153669,0
33020,78349,139316,0
33021,127227,54029,0
33022,126789,102931,0
33023,20889,105271,0
33024,88600,126050,0
33025,21645,40903,0
33026,132858,32339,0
33027,31758,136574,0
33028,141738,81753,0
33029,103661,62916,0
33030,65181,74039,0
33031,55742,24361,0
33032,50746,82926,0
33033,18102,43513,0
33034,102200,127781,0
33035,122254,83048,0
33036,37345,138006,0
33037,113430,63283,0
33038,30556,87999,0
33039,99188,73485,0
33040,56293,128516,0
33041,25300,154600,0
33042,84136,92842,0
33043,146474,117260,0
33044,44419,94505,0
33045,108282,54214,0
33046,71112,88497,0
33047,44160,62842,0
33048,120533,27980,0
33049,104771,49468,0
33050,122885,19164,0
33051,127549,128118,0
33052,84515,146892,0
33053,71312,108706,0
33054,11813,126091,0
33055,51660,142701,0
33056,65965,102177,0
33057,146417,101797,0
33058,41074,27569,0
33059,83789,153973,0
33060,127935,14940,0
33061,64403,15952,0
33062,146248,33188,0
33063,128815,22898,0
33064,85902,29865,0
33065,21078,61417,0
33066,79343,124428,0
33067,27211,18129,0
33068,41761,124581,0
33069,11999,47605,0
33070,57305,78968,0
33071,10281,60642,0
33072,137843,75109,0
33073,115862,75026,0
33074,139492,114436,0
33075,76720,62673,0
33076,110058,100728,0
33077,53964,2163,0
33078,19916,14629,0
33079,10644,79255,0
33080,113783,21834,0
33081,83446,19875,0
33082,3868,131537,0
33083,105594,97460,0
33084,83495,96518,0
33085,71818,74331,0
33086,12514,80826,0
33087,85376,44798,0
33088,95802,66776,0
33089,113897,89137,0
33090,69515,37298,0
33091,7857,147198,0
33092,3339,145700,0
33093,76243,18552,0
33094,133126,130207,0
33095,114597,38536,0
33096,152870,64112,0
33097,132558,31000,0
33098,41253,22496,0
33099,57230,45598,0
33100,35695,89703,0
33101,134657,31381,0
33102,46902,113871,0
33103,57095,93201,0
33104,91263,23044,0
33105,26200,115165,0
33106,129821,37305,0
33107,56287,26449,0
33108,131215,6942,0
33109,140133,115017,0
33110,24714,48961,0
33111,76019,11262,0
33112,135379,12648,0
33113,114627,121082,0
33114,58473,87294,0
33115,35141,135752,0
33116,123081,2018,0
33117,69263,110942,0
33118,99326,97246,0
33119,65631,101350,0
33120,154518,27265,0
33121,117736,46122,0
33122,100806,50266,0
33123,61022,51926,0
33124,133392,56283,0
33125,74302,109012,0
33126,136480,59680,0
33127,123126,62536,0
33128,23043,78011,0
33129,113949,137011,0
33130,677,35965,0
33131,127312,107052,0
33132,155052,115168,0
33133,92774,145697,0
33134,11947,119824,0
33135,68922,105569,0
33136,88240,25923,0
33137,32788,118129,0
33138,75755,129873,0
33139,48321,124418,0
33140,49699,46336,0
33141,95699,5158,0
33142,50539,50483,0
33143,12172,123944,0
33144,14181,78137,0
33145,127020,66882,0
33146,14003,104947,0
33147,147737,77239,0
33148,29216,17176,0
33149,121896,122264,0
33150,96749,39557,0
33151,74713,30212,0
33152,27256,107070,0
33153,63126,65664,0
33154,80872,2188,0
33155,10147,81924,0
33156,85983,121619,0
33157,147632,152173,0
33158,55251,126378,0
33159,32082,95859,0
33160,107046,139375,0
33161,92109,54275,0
33162,92904,138465,0
33163,90372,21617,0
33164,94759,47228,0
33165,89267,53439,0
33166,133528,136904,0
33167,15456,34678,0
33168,154857,39749,0
33169,124552,6841,0
33170,113579,56842,0
33171,74530,11141,0
33172,54905,133337,0
33173,28069,109955,0
33174,105268,62140,0
33175,144599,153894,0
33176,89192,83079,0
33177,151587,64957,0
33178,53335,10256,0
33179,11010,145751,0
33180,127103,28929,0
33181,88713,56896,0
33182,145130,65483,0
33183,153052,122488,0
33184,38645,1009,0
33185,42649,112590,0
33186,81419,19275,0
33187,125624,101553,0
33188,39791,114841,0
33189,12846,95461,0
33190,79817,25648,0
33191,98064,134009,0
33192,51700,135723,0
33193,51324,147111,0
33194,12244,149933,0
33195,57794,138478,0
33196,111392,81216,0
33197,66162,89437,0
33198,68134,111977,0
33199,120899,86775,0
33200,20904,73208,0
33201,28478,16429,0
33202,74969,36816,0
33203,148358,7399,0
33204,99390,26186,0
33205,25063,3469,0
33206,139631,98710,0
33207,106082,65405,0
33208,142473,43162,0
33209,21955,42697,0
33210,72972,61399,0
33211,29490,6557,0
33212,62281,75038,0
33213,85427,41391,0
33214,132719,70948,0
33215,42104,142547,0
33216,132330,40758,0
33217,83088,118584,0
33218,133374,4268,0
33219,92776,93489,0
33220,7636,144006,0
33221,51126,131595,0
33222,153254,142829,0
33223,104417,30900,0
33224,149090,82317,0
33225,73418,5610,0
33226,34434,38194,0
33227,18398,88333,0
33228,58457,423,0
33229,115764,123714,0
33230,136805,5849,0
33231,68679,59586,0
33232,104171,59705,0
33233,99213,70703,0
33234,84178,132144,0
33235,12265,50646,0
33236,66039,81832,0
33237,151745,57937,0
33238,122206,28459,0
33239,126524,56339,0
33240,77970,120448,0
33241,122869,93811,0
33242,36377,42887,0
33243,8518,102277,0
33244,91110,105740,0
33245,274,148420,0
33246,131493,70366,0
33247,74480,89884,0
33248,65670,139613,0
33249,102057,107826,0
33250,63432,124721,0
33251,27440,87287,0
33252,123074,60414,0
33253,61494,69309,0
33254,36758,13232,0
33255,25238,4421,0
33256,115617,146352,0
33257,111687,48007,0
33258,116408,82153,0
33259,124091,34213,0
33260,127225,11034,0
33261,86947,35697,0
33262,31102,131765,0
33263,62305,118490,0
33264,56912,149870,0
33265,143868,66358,0
33266,61918,113187,0
33267,97432,45047,0
33268,8651,6443,0
33269,107424,123939,0
33270,70403,96686,0
33271,6624,126496,0
33272,86315,86046,0
33273,53843,58913,0
33274,13616,60973,0
33275,16094,7371,0
33276,10310,121865,0
33277,3123,54032,0
33278,63356,30856,0
33279,77398,147903,0
33280,100158,27104,0
33281,56528,14227,0
33282,39294,29,0
33283,36716,87563,0
33284,36537,49236,0
33285,126849,28526,0
33286,128545,78478,0
33287,32803,109465,0
33288,67839,68510,0
33289,143709,76766,0
33290,77326,140488,0
33291,147694,132809,0
33292,18566,121087,0
33293,114840,10855,0
33294,93872,77876,0
33295,145136,71203,0
33296,11694,10007,0
33297,17253,92019,0
33298,106438,70309,0
33299,60313,148716,0
33300,70806,78886,0
33301,81851,73901,0
33302,78788,112760,0
33303,84853,76765,0
33304,32092,27984,0
33305,56262,56448,0
33306,102802,58879,0
33307,145971,97342,0
33308,72839,95300,0
33309,102418,106682,0
33310,34166,126606,0
33311,132957,120607,0
33312,137470,100230,0
33313,129133,123016,0
33314,686,149386,0
33315,132752,72525,0
33316,56870,44330,0
33317,78899,107729,0
33318,58930,61354,0
33319,117869,13140,0
33320,142737,74068,0
33321,146826,66382,0
33322,7478,85109,0
33323,51929,114057,0
33324,38571,95769,0
33325,46663,142519,0
33326,82916,88252,0
33327,2052,27439,0
33328,65020,94665,0
33329,122076,115149,0
33330,4062,17191,0
33331,31710,84868,0
33332,104675,137418,0
33333,29603,15063,0
33334,46961,149587,0
33335,32987,89180,0
33336,94159,11661,0
33337,65666,49721,0
33338,49558,129119,0
33339,56556,77605,0
33340,15157,12873,0
33341,131198,21344,0
33342,24493,61924,0
33343,145694,57954,0
33344,141613,40023,0
33345,33598,105939,0
33346,62280,62715,0
33347,75205,109644,0
33348,90008,127742,0
33349,99876,52017,0
33350,146774,99127,0
33351,136882,67539,0
33352,134252,112989,0
33353,96074,84438,0
33354,3571,51045,0
33355,58891,87215,0
33356,23582,135133,0
33357,89045,34772,0
33358,116128,12665,0
33359,7371,147821,0
33360,48889,60579,0
33361,4700,70060,0
33362,133384,24966,0
33363,60504,90761,0
33364,127823,25455,0
33365,56984,100954,0
33366,25120,91316,0
33367,79555,129173,0
33368,99408,68972,0
33369,66550,110264,0
33370,131414,47061,0
33371,54365,41391,0
33372,73443,27924,0
33373,123563,17374,0
33374,87377,145013,0
33375,48672,141537,0
33376,147389,124436,0
33377,80268,54908,0
33378,123652,7039,0
33379,32032,24498,0
33380,144576,12485,0
33381,111111,135174,0
33382,75773,46106,0
33383,57349,47509,0
33384,145491,117676,0
33385,128899,80130,0
33386,32559,103499,0
33387,20310,19581,0
33388,79157,96433,0
33389,117465,1362,0
33390,32117,34506,0
33391,20856,23099,0
33392,27111,37836,0
33393,150521,34130,0
33394,117321,139484,0
33395,139769,155050,0
33396,31984,113980,0
33397,7061,21534,0
33398,99075,31960,0
33399,3990,73698,0
33400,141038,58878,0
33401,84631,75635,0
33402,109099,102376,0
33403,26129,23587,0
33404,66661,149819,0
33405,10539,135820,0
33406,94527,16766,0
33407,100250,83490,0
33408,110110,21789,0
33409,130022,22186,0
33410,29537,53907,0
33411,27089,94309,0
33412,36975,131781,0
33413,63750,52913,0
33414,105313,5680,0
33415,54386,108654,0
33416,13074,66331,0
33417,63128,124433,0
33418,76731,36772,0
33419,84114,147107,0
33420,142473,38479,0
33421,35771,25222,0
33422,122664,64710,0
33423,118991,31814,0
33424,146776,106892,0
33425,125506,11167,0
33426,146533,152801,0
33427,29633,86611,0
33428,88123,133565,0
33429,62389,568,0
33430,119354,66924,0
33431,97213,141854,0
33432,66527,20825,0
33433,6743,55896,0
33434,18771,111361,0
33435,89240,75891,0
33436,154315,75920,0
33437,144516,51088,0
33438,81901,18403,0
33439,37577,67996,0
33440,124718,74949,0
33441,150836,128594,0
33442,64672,114030,0
33443,91301,117590,0
33444,29572,43701,0
33445,2322,72893,0
33446,111398,14702,0
33447,77923,8605,0
33448,141648,111255,0
33449,70605,135376,0
33450,98135,59702,0
33451,131930,15823,0
33452,129400,51791,0
33453,133124,58733,0
33454,98236,134134,0
33455,109932,106560,0
33456,15703,126250,0
33457,85650,76423,0
33458,18496,27738,0
33459,54695,28462,0
33460,105431,112966,0
33461,22096,124538,0
33462,114195,153528,0
33463,149960,31011,0
33464,108967,34674,0
33465,142994,122097,0
33466,86026,11584,0
33467,48039,86759,0
33468,135965,53095,0
33469,148135,93172,0
33470,46604,149167,0
33471,60443,59813,0
33472,25915,50241,0
33473,39170,133748,0
33474,13194,62245,0
33475,129850,67420,0
33476,85579,83715,0
33477,91587,45948,0
33478,25051,115926,0
33479,4678,64984,0
33480,95048,50312,0
33481,69940,44190,0
33482,104651,152033,0
33483,53019,47152,0
33484,75218,109174,0
33485,24436,5267,0
33486,121516,65549,0
33487,52850,147270,0
33488,31096,90444,0
33489,92390,32230,0
33490,106667,7907,0
33491,89954,105087,0
33492,65368,100024,0
33493,5234,102548,0
33494,113651,107975,0
33495,30075,129761,0
33496,37439,59587,0
33497,69056,85428,0
33498,145031,38240,0
33499,33980,23476,0
33500,70430,133354,0
33501,128263,104875,0
33502,115799,101306,0
33503,37077,116485,0
33504,103219,73353,0
33505,38433,21726,0
33506,142706,7473,0
33507,113954,62626,0
33508,95817,133682,0
33509,39046,106212,0
33510,65654,24225,0
33511,85148,52461,0
33512,154065,27663,0
33513,62352,75810,0
33514,54708,107262,0
33515,67996,108280,0
33516,90650,112388,0
33517,151082,67049,0
33518,69857,45714,0
33519,105692,118398,0
33520,143298,144700,0
33521,5804,112055,0
33522,36580,25556,0
33523,65420,116642,0
33524,108382,82596,0
33525,54433,73677,0
33526,6273,122429,0
33527,36681,37266,0
33528,1697,22449,0
33529,35823,146486,0
33530,67947,97860,0
33531,19176,112276,0
33532,100569,69728,0
33533,12575,39759,0
33534,91447,68164,0
33535,43314,81619,0
33536,143145,81350,0
33537,96704,109867,0
33538,59292,7487,0
33539,150832,60864,0
33540,136773,33445,0
33541,99685,149143,0
33542,134559,57908,0
33543,142111,37919,0
33544,122895,3809,0
33545,33044,59066,0
33546,114413,140933,0
33547,120471,3450,0
33548,9504,26322,0
33549,38842,43447,0
33550,139680,10892,0
33551,27678,65221,0
33552,8480,134777,0
33553,30091,61072,0
33554,109464,85369,0
33555,140932,107651,0
33556,26037,52203,0
33557,65316,26094,0
33558,99697,31244,0
33559,143468,104115,0
33560,138452,40638,0
33561,71590,139872,0
33562,141870,88720,0
33563,114967,84021,0
33564,23502,151697,0
33565,60978,41929,0
33566,109824,78612,0
33567,76887,21222,0
33568,132239,54639,0
33569,39382,149757,0
33570,113262,33143,0
33571,85475,107292,0
33572,73609,29612,0
33573,61397,24294,0
33574,2167,143677,0
33575,138332,124105,0
33576,65101,101901,0
33577,68120,82180,0
33578,76324,29866,0
33579,21823,51249,0
33580,18115,152961,0
33581,131443,122625,0
33582,8028,132773,0
33583,105484,6105,0
33584,138472,99670,0
33585,61578,4499,0
33586,100063,2913,0
33587,99291,91866,0
33588,138995,77175,0
33589,37743,26141,0
33590,126027,34039,0
33591,56266,103033,0
33592,74380,7430,0
33593,24376,20516,0
33594,86177,128840,0
33595,12253,138299,0
33596,15282,82822,0
33597,146742,95031,0
33598,88886,43134,0
33599,93605,108640,0
33600,61797,87512,0
33601,142990,54631,0
33602,143301,62642,0
33603,77563,141676,0
33604,91966,75700,0
33605,121499,68209,0
33606,57095,134307,0
33607,63756,78265,0
33608,48467,76401,0
33609,94393,154474,0
33610,152513,152466,0
33611,103579,101422,0
33612,18114,128353,0
33613,114708,62933,0
33614,80828,124940,0
33615,97399,94791,0
33616,63543,11214,0
33617,133083,69304,0
33618,124309,62119,0
33619,96251,40115,0
33620,141485,115161,0
33621,105512,127510,0
33622,30701,104573,0
33623,96078,17506,0
33624,144136,91609,0
33625,127225,87650,0
33626,36145,18356,0
33627,32793,110047,0
33628,60396,136053,0
33629,68379,48298,0
33630,36758,31897,0
33631,104283,146006,0
33632,110795,25011,0
33633,103892,136881,0
33634,86053,104480,0
33635,32174,18704,0
33636,81493,76265,0
33637,78555,81645,0
33638,18491,54027,0
33639,62718,26155,0
33640,137295,18007,0
33641,62386,152585,0
33642,120141,134122,0
33643,22953,110332,0
33644,36201,85160,0
33645,86865,60990,0
33646,117176,87763,0
33647,31422,35533,0
33648,153126,148051,0
33649,32947,145309,0
33650,114254,40912,0
33651,21252,149611,0
33652,29892,45724,0
33653,107173,96873,0
33654,22508,136324,0
33655,2486,47778,0
33656,145583,118066,0
33657,94369,61733,0
33658,97139,31477,0
33659,124289,40171,0
33660,120954,26112,0
33661,79802,15307,0
33662,151623,24988,0
33663,137110,126250,0
33664,64425,13500,0
33665,59675,136327,0
33666,31865,27447,0
33667,31034,150225,0
33668,50881,142626,0
33669,121564,147647,0
33670,78754,139314,0
33671,83087,126813,0
33672,87869,93096,0
33673,36001,152665,0
33674,137482,117694,0
33675,1793,124078,0
33676,124187,73467,0
33677,34332,74059,0
33678,95386,47926,0
33679,133083,64065,0
33680,148700,18774,0
33681,45853,25167,0
33682,118421,63214,0
33683,133713,40000,0
33684,118754,36645,0
33685,105108,87434,0
33686,17533,144934,0
33687,109934,21086,0
33688,57127,150958,0
33689,113465,139542,0
33690,3519,69933,0
33691,125225,41885,0
33692,49813,4334,0
33693,107060,71903,0
33694,50925,75663,0
33695,60650,7100,0
33696,42479,29374,0
33697,120621,56395,0
33698,133144,105177,0
33699,55856,117783,0
33700,54659,129712,0
33701,60514,127053,0
33702,19870,24202,0
33703,97695,138979,0
33704,95241,103051,0
33705,136805,38577,0
33706,149849,53163,0
33707,78206,104279,0
33708,70307,35829,0
33709,69263,81887,0
33710,102768,143599,0
33711,72803,137828,0
33712,15257,154831,0
33713,97090,4169,0
33714,12312,2825,0
33715,3079,119213,0
33716,90774,13156,0
33717,60392,100906,0
33718,22764,95334,0
33719,143390,29126,0
33720,45900,104029,0
33721,112040,57373,0
33722,86158,145230,0
33723,70174,44291,0
33724,55490,134914,0
33725,76011,44043,0
33726,20997,50658,0
33727,95060,63166,0
33728,61826,144879,0
33729,125911,43613,0
33730,85027,126999,0
33731,132496,12790,0
33732,457,32446,0
33733,88493,76267,0
33734,37893,43770,0
33735,108908,99000,0
33736,118547,123300,0
33737,27107,148908,0
33738,34068,19763,0
33739,8103,96595,0
33740,99939,22471,0
33741,34406,26254,0
33742,144519,131443,0
33743,70588,2943,0
33744,129592,102685,0
33745,105462,46410,0
33746,88844,11261,0
33747,16583,11396,0
33748,55680,59071,0
33749,28465,152642,0
33750,24944,46334,0
33751,47608,127319,0
33752,114716,148541,0
33753,85593,104859,0
33754,35568,58741,0
33755,63912,52552,0
33756,149196,135109,0
33757,120485,117408,0
33758,115337,85741,0
33759,23553,30515,0
33760,128754,123342,0
33761,149202,35623,0
33762,56293,122381,0
33763,72028,79636,0
33764,65286,50944,0
33765,68767,20359,0
33766,34479,41836,0
33767,84437,17112,0
33768,19388,114877,0
33769,14730,141254,0
33770,148432,50249,0
33771,32007,155079,0
33772,57881,128244,0
33773,7662,27119,0
33774,88949,102244,0
33775,5187,80968,0
33776,132464,8362,0
33777,25338,44871,0
33778,140378,26927,0
33779,140691,28393,0
33780,90704,114967,0
33781,152047,11630,0
33782,44028,146573,0
33783,148877,142938,0
33784,67254,49476,0
33785,90326,28289,0
33786,117342,146352,0
33787,25406,45841,0
33788,51245,25178,0
33789,52467,107496,0
33790,116460,49383,0
33791,73477,85115,0
33792,42586,29885,0
33793,131634,46101,0
33794,45098,111589,0
33795,122668,72682,0
33796,90498,121587,0
33797,49084,98018,0
33798,68393,105951,0
33799,84632,110845,0
33800,109092,125879,0
33801,120899,61568,0
33802,65955,67015,0
33803,70791,120067,0
33804,65832,16145,0
33805,28054,105755,0
33806,133054,25599,0
33807,46322,26617,0
33808,252,139920,0
33809,2289,97664,0
33810,108783,76562,0
33811,91260,66003,0
33812,136718,4214,0
33813,152352,122667,0
33814,35510,144837,0
33815,107673,113269,0
33816,58355,33110,0
33817,28296,139397,0
33818,9649,123824,0
33819,79320,122129,0
33820,36484,51742,0
33821,131534,90805,0
33822,137030,153256,0
33823,124529,2925,0
33824,39381,34711,0
33825,20062,94436,0
33826,144968,109359,0
33827,15219,24585,0
33828,3398,51999,0
33829,38709,60758,0
33830,47779,19191,0
33831,96570,1985,0
33832,101880,51347,0
33833,146622,131182,0
33834,129134,21755,0
33835,34303,134892,0
33836,63181,135,0
33837,150754,105126,0
33838,43999,26021,0
33839,7997,53667,0
33840,88973,4409,0
33841,49075,49867,0
33842,131193,56540,0
33843,74368,144178,0
33844,124441,15340,0
33845,80119,109945,0
33846,100408,62179,0
33847,97788,144782,0
33848,25580,23063,0
33849,90505,119708,0
33850,25033,73653,0
33851,140875,123123,0
33852,147076,23010,0
33853,77231,77349,0
33854,28279,104949,0
33855,54869,51496,0
33856,72652,530,0
33857,47676,41481,0
33858,141511,95071,0
33859,85922,75452,0
33860,10755,89287,0
33861,12109,86666,0
33862,8351,75075,0
33863,81089,49122,0
33864,55362,120648,0
33865,100406,44800,0
33866,141316,11611,0
33867,95453,135978,0
33868,34146,70764,0
33869,74246,30675,0
33870,92155,128818,0
33871,28639,79407,0
33872,41018,39930,0
33873,25479,5378,0
33874,37668,89699,0
33875,70030,143262,0
33876,115793,71894,0
33877,70735,35649,0
33878,68638,88402,0
33879,77594,45365,0
33880,141241,85206,0
33881,133020,37997,0
33882,28639,107422,0
33883,22510,144425,0
33884,99397,26445,0
33885,82484,51330,0
33886,93605,48058,0
33887,27053,78373,0
33888,38173,113312,0
33889,107761,106649,0
33890,76292,114512,0
33891,48727,52486,0
33892,153415,98008,0
33893,44339,111427,0
33894,142018,135399,0
33895,11565,50908,0
33896,135732,71605,0
33897,137362,89097,0
33898,10349,552,0
33899,10854,111188,0
33900,8639,87762,0
33901,24005,122876,0
33902,109765,46273,0
33903,15030,82049,0
33904,69556,50953,0
33905,124525,21548,0
33906,37371,53286,0
33907,108813,78983,0
33908,97769,145019,0
33909,77300,47984,0
33910,64527,52563,0
33911,128585,76117,0
33912,2340,86070,0
33913,76434,154075,0
33914,68279,12298,0
33915,47107,45029,0
33916,77346,12464,0
33917,14712,131480,0
33918,91220,93551,0
33919,109663,22236,0
33920,103244,132768,0
33921,30029,137617,0
33922,25979,23985,0
33923,45069,91243,0
33924,50368,107472,0
33925,64837,45848,0
33926,7970,16611,0
33927,93087,40131,0
33928,33219,68531,0
33929,135915,94257,0
33930,73000,124194,0
33931,104142,104593,0
33932,80671,94068,0
33933,123164,26543,0
33934,49296,86080,0
33935,132289,139717,0
33936,126350,146975,0
33937,74198,80131,0
33938,97754,37659,0
33939,10587,59519,0
33940,23329,149563,0
33941,132712,130809,0
33942,67667,7499,0
33943,125101,8684,0
33944,120174,33986,0
33945,8063,36692,0
33946,140508,136455,0
33947,150254,12831,0
33948,101326,68272,0
33949,153903,25066,0
33950,135667,92595,0
33951,92030,11819,0
33952,19284,90676,0
33953,17063,80669,0
33954,93413,133307,0
33955,146774,40367,0
33956,63727,74984,0
33957,109194,113619,0
33958,125290,65138,0
33959,40406,18403,0
33960,140815,103675,0
33961,65085,65243,0
33962,106953,95627,0
33963,11221,125837,0
33964,3775,28306,0
33965,58368,65524,0
33966,124934,27796,0
33967,27243,39878,0
33968,47390,111005,0
33969,97462,15587,0
33970,151288,139016,0
33971,20363,76357,0
33972,12512,23483,0
33973,38608,113077,0
33974,48412,121473,0
33975,54259,64389,0
33976,99883,45274,0
33977,7022,143999,0
33978,144885,20715,0
33979,133919,133633,0
33980,14453,7394,0
33981,26656,98710,0
33982,10099,113658,0
33983,109712,122066,0
33984,140153,2956,0
33985,38579,48127,0
33986,140082,263,0
33987,18741,86712,0
33988,23879,17084,0
33989,79291,45938,0
33990,116385,102465,0
33991,139017,19869,0
33992,32537,101877,0
33993,43449,49264,0
33994,17164,148688,0
33995,1257,57491,0
33996,55343,118962,0
33997,82595,63327,0
33998,22340,116521,0
33999,64052,16060,0
34000,107911,25060,0
34001,107511,81269,0
34002,35481,67150,0
34003,130148,63320,0
34004,21438,105298,0
34005,31118,17861,0
34006,99448,81710,0
34007,2358,112301,0
34008,29407,137009,0
34009,22083,36466,0
34010,47284,130109,0
34011,103227,53261,0
34012,52836,125573,0
34013,74567,125487,0
34014,150857,70556,0
34015,50600,85932,0
34016,150376,61871,0
34017,147316,141387,0
34018,11293,30790,0
34019,93579,22997,0
34020,120652,124644,0
34021,153106,42179,0
34022,92720,84979,0
34023,29572,89334,0
34024,86454,8077,0
34025,13166,98026,0
34026,79117,132078,0
34027,152083,121957,0
34028,53432,75791,0
34029,72842,135460,0
34030,148269,87115,0
34031,4245,45911,0
34032,98156,152800,0
34033,19929,15280,0
34034,15965,79842,0
34035,155111,123864,0
34036,28559,60843,0
34037,61498,54423,0
34038,142996,93267,0
34039,130981,43500,0
34040,7018,45494,0
34041,153907,24381,0
34042,53902,91860,0
34043,12024,64664,0
34044,116554,88181,0
34045,99579,86581,0
34046,16837,85331,0
34047,21524,66297,0
34048,141915,51696,0
34049,128914,99452,0
34050,86650,102129,0
34051,117376,112867,0
34052,100293,63190,0
34053,28026,77638,0
34054,133106,38426,0
34055,47417,9390,0
34056,44343,15201,0
34057,104563,18680,0
34058,91891,131048,0
34059,61225,116935,0
34060,35916,1282,0
34061,90364,132887,0
34062,29440,61088,0
34063,119237,51303,0
34064,50830,126629,0
34065,26381,138066,0
34066,129311,134542,0
34067,62196,16335,0
34068,29224,152954,0
34069,594,70871,0
34070,131790,49444,0
34071,68184,59543,0
34072,33517,117235,0
34073,10917,54645,0
34074,6743,141533,0
34075,136564,152279,0
34076,12304,128962,0
34077,104970,7227,0
34078,44592,108077,0
34079,90845,58322,0
34080,95444,28343,0
34081,85425,74492,0
34082,65610,67385,0
34083,88325,87492,0
34084,20735,124242,0
34085,141314,121672,0
34086,152605,137451,0
34087,68107,88255,0
34088,26265,145867,0
34089,27110,26755,0
34090,58320,48779,0
34091,143943,132796,0
34092,16259,135507,0
34093,39079,37876,0
34094,109694,116402,0
34095,59340,135454,0
34096,93979,81638,0
34097,100916,122524,0
34098,123454,129565,0
34099,53336,92811,0
34100,24551,101837,0
34101,149413,70720,0
34102,11277,153838,0
34103,146841,36796,0
34104,78025,103711,0
34105,9012,112982,0
34106,53904,89387,0
34107,102803,53047,0
34108,120101,39238,0
34109,88247,119,0
34110,132939,2326,0
34111,117659,72150,0
34112,31385,126936,0
34113,106900,47188,0
34114,61822,114030,0
34115,109204,103149,0
34116,44854,128137,0
34117,125701,96091,0
34118,117816,47830,0
34119,29234,72117,0
34120,31739,116020,0
34121,60430,35870,0
34122,77927,35493,0
34123,28033,85575,0
34124,112884,22638,0
34125,114869,77327,0
34126,87181,91600,0
34127,26406,135670,0
34128,24949,5512,0
34129,46799,33687,0
34130,25580,72134,0
34131,69029,104463,0
34132,35198,48437,0
34133,144254,119185,0
34134,10614,42079,0
34135,92192,154560,0
34136,42021,134362,0
34137,84034,106747,0
34138,31256,45742,0
34139,90464,36004,0
34140,40469,99698,0
34141,7149,80503,0
34142,30687,39517,0
34143,91010,10703,0
34144,136078,35352,0
34145,153804,88627,0
34146,148333,39822,0
34147,150706,32271,0
34148,140180,135427,0
34149,72330,907,0
34150,72010,66573,0
34151,29652,2181,0
34152,115949,114792,0
34153,88151,5509,0
34154,61967,88053,0
34155,120673,98299,0
34156,57403,119553,0
34157,140396,48937,0
34158,38620,139871,0
34159,129245,24014,0
34160,75117,78540,0
34161,118422,81077,0
34162,125331,79812,0
34163,117677,147920,0
34164,70621,136294,0
34165,24929,124759,0
34166,25724,143082,0
34167,111436,28007,0
34168,138409,110557,0
34169,39226,48106,0
34170,136575,92173,0
34171,60093,88183,0
34172,111525,9822,0
34173,37245,26959,0
34174,86556,127427,0
34175,23285,148218,0
34176,52741,33175,0
34177,36019,38081,0
34178,71144,147598,0
34179,68188,118428,0
34180,112288,152145,0
34181,142029,33984,0
34182,110713,130111,0
34183,51116,23641,0
34184,18107,103209,0
34185,152705,114812,0
34186,109957,80976,0
34187,54274,94014,0
34188,113024,123745,0
34189,127624,146846,0
34190,40624,62483,0
34191,38248,74301,0
34192,54969,58469,0
34193,52575,89574,0
34194,56738,82199,0
34195,102083,63891,0
34196,19187,114192,0
34197,64829,128410,0
34198,115922,59593,0
34199,103057,75529,0
34200,111159,31266,0
34201,127289,10495,0
34202,92763,337,0
34203,74618,106753,0
34204,84364,28895,0
34205,118760,140139,0
34206,123800,80427,0
34207,98168,84965,0
34208,154760,82312,0
34209,15164,22478,0
34210,32461,111850,0
34211,106921,146137,0
34212,127883,33569,0
34213,50016,66957,0
34214,98366,86774,0
34215,121201,35243,0
34216,28085,88735,0
34217,81052,73798,0
34218,26068,101678,0
34219,7817,103114,0
34220,96211,70947,0
34221,41800,2529,0
34222,65612,31674,0
34223,8315,31750,0
34224,108365,12196,0
34225,1645,86196,0
34226,35750,23541,0
34227,74055,26183,0
34228,35801,153231,0
34229,44194,88806,0
34230,80029,64532,0
34231,149893,75929,0
34232,55716,10283,0
34233,32367,143605,0
34234,106192,111189,0
34235,100829,134285,0
34236,39529,41013,0
34237,92251,43205,0
34238,82922,151984,0
34239,114872,110825,0
34240,77928,135989,0
34241,32566,36011,0
34242,12009,101006,0
34243,55527,11892,0
34244,116408,146372,0
34245,125039,130216,0
34246,19203,79693,0
34247,80546,4196,0
34248,80801,89797,0
34249,54185,100298,0
34250,51666,106457,0
34251,6807,29830,0
34252,55869,87938,0
34253,21116,66937,0
34254,103044,16008,0
34255,72311,10085,0
34256,53250,135743,0
34257,105284,107348,0
34258,20576,147456,0
34259,21374,29489,0
34260,104045,139459,0
34261,82216,142488,0
34262,122660,20977,0
34263,106607,49430,0
34264,96347,67212,0
34265,34771,14969,0
34266,141073,119232,0
34267,133629,138872,0
34268,15139,144991,0
34269,82846,136638,0
34270,48321,142473,0
34271,18495,37126,0
34272,2646,99320,0
34273,142386,89313,0
34274,31666,64408,0
34275,18260,80514,0
34276,95302,60109,0
34277,94753,15324,0
34278,113006,57958,0
34279,118105,133143,0
34280,150484,57936,0
34281,71746,113878,0
34282,89131,68641,0
34283,69232,15395,0
34284,114331,110239,0
34285,86789,24061,0
34286,41496,16806,0
34287,53525,35800,0
34288,16348,1233,0
34289,95241,132497,0
34290,88181,128378,0
34291,12344,119815,0
34292,107283,124447,0
34293,80365,73485,0
34294,28693,107195,0
34295,21843,110382,0
34296,32151,100567,0
34297,73693,33264,0
34298,105302,45858,0
34299,63409,76703,0
34300,114098,117050,0
34301,36148,43123,0
34302,44076,90918,0
34303,102033,110785,0
34304,135001,117734,0
34305,14461,126873,0
34306,8834,104681,0
34307,76890,104215,0
34308,94012,73614,0
34309,94211,133633,0
34310,101745,12130,0
34311,43154,46282,0
34312,74536,20637,0
34313,16191,2853,0
34314,40726,7248,0
34315,3783,125631,0
34316,130765,36696,0
34317,131222,95712,0
34318,147779,135187,0
34319,93907,30009,0
34320,104958,13997,0
34321,131256,45136,0
34322,93207,150607,0
34323,135679,69610,0
34324,60976,18959,0
34325,111058,43038,0
34326,30079,81232,0
34327,114872,21242,0
34328,135241,71190,0
34329,131184,68142,0
34330,5798,4233,0
34331,124376,109929,0
34332,20658,26352,0
34333,38346,11342,0
34334,37066,69621,0
34335,71300,6776,0
34336,43987,132663,0
34337,78882,52561,0
34338,23580,39543,0
34339,99777,98237,0
34340,71098,138350,0
34341,3564,124590,0
34342,12526,145567,0
34343,142657,94448,0
34344,91627,124516,0
34345,71718,33068,0
34346,55478,38337,0
34347,98630,8119,0
34348,12900,114403,0
34349,18319,134438,0
34350,124013,3593,0
34351,51028,43236,0
34352,127138,9161,0
34353,60435,120475,0
34354,122846,41687,0
34355,135663,153532,0
34356,142730,121350,0
34357,51784,3972,0
34358,53296,147467,0
34359,98563,18616,0
34360,77892,123922,0
34361,29074,89864,0
34362,62987,55112,0
34363,143036,57326,0
34364,45011,145977,0
34365,47895,26346,0
34366,78244,110891,0
34367,29862,1960,0
34368,100747,142832,0
34369,54163,39345,0
34370,110523,23910,0
34371,65463,88465,0
34372,12742,93014,0
34373,89834,45053,0
34374,83091,28594,0
34375,7120,123470,0
34376,58557,109097,0
34377,81301,96813,0
34378,113526,4027,0
34379,47177,39566,0
34380,74320,117491,0
34381,78456,100958,0
34382,51224,146016,0
34383,11073,20599,0
34384,141126,105028,0
34385,34534,131981,0
34386,150720,27597,0
34387,104579,137008,0
34388,136679,38356,0
34389,54161,96835,0
34390,79977,68349,0
34391,59187,64093,0
34392,109786,93181,0
34393,111774,11945,0
34394,137744,141922,0
34395,60282,138093,0
34396,151442,46226,0
34397,24342,23003,0
34398,118396,5244,0
34399,135045,139858,0
34400,119936,61190,0
34401,129210,36972,0
34402,110796,81241,0
34403,472,86268,0
34404,27238,95352,0
34405,63044,21088,0
34406,128088,144264,0
34407,138466,110282,0
34408,4549,122320,0
34409,142865,125105,0
34410,9789,108550,0
34411,20878,151108,0
34412,74291,30866,0
34413,114175,23945,0
34414,94050,118461,0
34415,36829,148653,0
34416,126554,6903,0
34417,118657,137912,0
34418,76266,150344,0
34419,78174,33132,0
34420,33207,90460,0
34421,2609,128558,0
34422,96705,86887,0
34423,127714,36228,0
34424,18445,116181,0
34425,5290,121688,0
34426,123145,41232,0
34427,133706,70148,0
34428,72355,6141,0
34429,44230,131222,0
34430,97090,5312,0
34431,130974,22859,0
34432,74945,154907,0
34433,80350,81090,0
34434,68143,105334,0
34435,125945,4998,0
34436,9160,141894,0
34437,100278,146374,0
34438,3719,28912,0
34439,9491,152170,0
34440,27464,148711,0
34441,119219,41155,0
34442,33678,124950,0
34443,6653,92525,0
34444,107201,921,0
34445,56146,66623,0
34446,152388,140636,0
34447,115402,115026,0
34448,147753,5628,0
34449,64915,64590,0
34450,58323,46360,0
34451,85424,89205,0
34452,143772,58668,0
34453,64886,10396,0
34454,154540,74027,0
34455,48238,135568,0
34456,81236,42571,0
34457,13767,5899,0
34458,131579,25454,0
34459,77593,9098,0
34460,102466,10249,0
34461,22640,52431,0
34462,133374,58774,0
34463,39202,21508,0
34464,89757,148087,0
34465,54852,107615,0
34466,134442,90594,0
34467,2698,97035,0
34468,124594,107934,0
34469,70866,6990,0
34470,7524,137643,0
34471,91760,145203,0
34472,40055,72971,0
34473,126751,151549,0
34474,7443,22154,0
34475,29621,97510,0
34476,130304,135135,0
34477,146732,61665,0
34478,140117,93557,0
34479,100441,54035,0
34480,51899,4024,0
34481,126417,132953,0
34482,37488,74705,0
34483,36296,68521,0
34484,64435,23420,0
34485,100732,65750,0
34486,110152,25130,0
34487,146466,26122,0
34488,103593,102007,0
34489,2322,136318,0
34490,6200,126142,0
34491,98815,10797,0
34492,118236,128587,0
34493,314,2300,0
34494,148006,80229,0
34495,67574,65789,0
34496,114832,108299,0
34497,21487,66456,0
34498,16459,143528,0
34499,55251,58170,0
34500,124383,111271,0
34501,44195,105277,0
34502,54242,69771,0
34503,149956,83815,0
34504,100706,101942,0
34505,1110,19989,0
34506,44131,128220,0
34507,66362,66328,0
34508,75311,63017,0
34509,113876,59048,0
34510,139384,22184,0
34511,119201,28564,0
34512,149201,64916,0
34513,138745,108945,0
34514,77971,13852,0
34515,25598,36977,0
34516,103282,136196,0
34517,61827,31264,0
34518,107412,56912,0
34519,103244,66920,0
34520,65645,74967,0
34521,76795,119565,0
34522,7598,107091,0
34523,39152,105094,0
34524,37388,97206,0
34525,136710,9327,0
34526,142606,136938,0
34527,79870,14023,0
34528,113220,100807,0
34529,107046,120960,0
34530,130239,60733,0
34531,38879,61402,0
34532,48242,3011,0
34533,70224,148715,0
34534,144329,74398,0
34535,20014,92196,0
34536,130902,80888,0
34537,86612,45571,0
34538,106030,21973,0
34539,44494,77138,0
34540,59030,136481,0
34541,29616,111171,0
34542,97137,147594,0
34543,77628,72138,0
34544,95784,32476,0
34545,82332,101377,0
34546,18388,109906,0
34547,26579,141431,0
34548,3078,98756,0
34549,104040,70134,0
34550,82519,145024,0
34551,23330,65562,0
34552,23735,6486,0
34553,36203,102020,0
34554,118897,45881,0
34555,84291,114874,0
34556,27805,134881,0
34557,52899,125739,0
34558,51666,21146,0
34559,85504,60515,0
34560,37199,54851,0
34561,110723,103774,0
34562,35006,122705,0
34563,1028,142298,0
34564,8074,19673,0
34565,132323,71884,0
34566,36445,97686,0
34567,4862,20470,0
34568,141230,131572,0
34569,38355,47538,0
34570,59365,148980,0
34571,101247,66904,0
34572,57352,148082,0
34573,74634,56970,0
34574,152391,102708,0
34575,109102,40672,0
34576,112176,10105,0
34577,151976,146921,0
34578,26483,53181,0
34579,17286,133331,0
34580,4471,82042,0
34581,91883,65648,0
34582,74195,60588,0
34583,55890,59374,0
34584,124069,152507,0
34585,134243,52051,0
34586,46027,66849,0
34587,49405,146648,0
34588,1512,101403,0
34589,109104,118711,0
34590,36305,12425,0
34591,6810,21312,0
34592,5682,141262,0
34593,31627,75669,0
34594,56538,83656,0
34595,118701,44132,0
34596,31323,105024,0
34597,150857,152521,0
34598,47323,24754,0
34599,12153,67499,0
34600,16820,55819,0
34601,47674,69464,0
34602,36434,21821,0
34603,70763,58521,0
34604,79918,49637,0
34605,40462,68433,0
34606,98902,118911,0
34607,56107,82632,0
34608,29570,64699,0
34609,28473,138886,0
34610,116055,95389,0
34611,107433,16369,0
34612,142614,3045,0
34613,82784,108377,0
34614,15933,44641,0
34615,137059,51938,0
34616,142749,37708,0
34617,25946,137825,0
34618,85085,18914,0
34619,111159,54631,0
34620,21426,135314,0
34621,819,142331,0
34622,71980,151632,0
34623,109278,126855,0
34624,145233,151700,0
34625,120494,21991,0
34626,23863,36946,0
34627,149130,122676,0
34628,105887,75932,0
34629,32856,67230,0
34630,101450,70913,0
34631,62348,110993,0
34632,15241,69427,0
34633,16834,129555,0
34634,46085,55435,0
34635,6878,58797,0
34636,78025,86715,0
34637,97233,39078,0
34638,96506,101123,0
34639,53813,44024,0
34640,90378,43292,0
34641,87858,109415,0
34642,69492,116787,0
34643,34421,147519,0
34644,111378,87647,0
34645,120246,104868,0
34646,40035,142032,0
34647,133979,88633,0
34648,64762,147890,0
34649,154518,90870,0
34650,15695,118661,0
34651,129010,87418,0
34652,72587,101452,0
34653,58446,66925,0
34654,56146,25537,0
34655,100180,91227,0
34656,146864,126057,0
34657,16053,97087,0
34658,101059,94646,0
34659,101937,104965,0
34660,50792,26243,0
34661,146105,136113,0
34662,32400,90275,0
34663,138008,42440,0
34664,63570,149486,0
34665,94308,74764,0
34666,28219,39136,0
34667,369,45932,0
34668,119417,127419,0
34669,18394,73084,0
34670,44789,30603,0
34671,53302,146675,0
34672,150014,79514,0
34673,141669,137353,0
34674,93900,21927,0
34675,154919,68916,0
34676,144662,142067,0
34677,77769,7882,0
34678,69373,111831,0
34679,64819,65730,0
34680,115293,58169,0
34681,107633,17613,0
34682,123599,32595,0
34683,150124,21726,0
34684,60982,6635,0
34685,38227,146989,0
34686,81834,37565,0
34687,81917,122204,0
34688,20687,53105,0
34689,37268,8440,0
34690,77503,77409,0
34691,119025,31033,0
34692,77659,120372,0
34693,112437,155159,0
34694,83621,57232,0
34695,91045,26026,0
34696,81845,30041,0
34697,31034,13407,0
34698,132947,116922,0
34699,145539,4207,0
34700,75969,58600,0
34701,91627,152686,0
34702,130440,78308,0
34703,103314,43068,0
34704,111582,136686,0
34705,59094,22523,0
34706,90207,110936,0
34707,129603,152138,0
34708,39088,150628,0
34709,38050,51593,0
34710,35332,75311,0
34711,42274,44998,0
34712,115022,140655,0
34713,45737,33725,0
34714,20780,28121,0
34715,152249,136857,0
34716,135522,44965,0
34717,69520,76828,0
34718,69841,100676,0
34719,13239,18729,0
34720,121143,35583,0
34721,11146,66100,0
34722,30584,69606,0
34723,76568,142155,0
34724,132452,130613,0
34725,118268,117033,0
34726,118226,66433,0
34727,79629,38596,0
34728,33462,18454,0
34729,92571,33214,0
34730,68132,65483,0
34731,17478,30417,0
34732,37348,19444,0
34733,98076,15326,0
34734,91532,82319,0
34735,14468,8302,0
34736,31772,80889,0
34737,69474,107341,0
34738,103254,8874,0
34739,88216,8073,0
34740,125934,40620,0
34741,143524,41681,0
34742,48152,38480,0
34743,120062,148994,0
34744,134322,29336,0
34745,30480,19375,0
34746,56801,64117,0
34747,52322,97815,0
34748,75295,31712,0
34749,80622,43,0
34750,84104,35357,0
34751,58781,132443,0
34752,13328,88769,0
34753,7936,127687,0
34754,71829,86819,0
34755,99438,11453,0
34756,95207,47657,0
34757,55741,7621,0
34758,69429,86983,0
34759,95049,77836,0
34760,87114,149187,0
34761,22679,15326,0
34762,26833,12617,0
34763,71266,101269,0
34764,103660,121350,0
34765,83211,88987,0
34766,91146,21083,0
34767,39529,27540,0
34768,20589,25457,0
34769,17809,143069,0
34770,100446,6599,0
34771,10506,59089,0
34772,24322,71402,0
34773,128575,41983,0
34774,25360,137617,0
34775,41818,28550,0
34776,105993,42063,0
34777,18568,107602,0
34778,109536,52427,0
34779,152515,2598,0
34780,90457,2599,0
34781,132404,80017,0
34782,44956,45386,0
34783,22714,53339,0
34784,114600,46358,0
34785,146903,134759,0
34786,13216,29257,0
34787,147195,114074,0
34788,45635,132867,0
34789,86662,137792,0
34790,48447,107032,0
34791,57263,13653,0
34792,28546,73478,0
34793,117687,92311,0
34794,97998,13813,0
34795,99284,89370,0
34796,115374,40280,0
34797,144432,110083,0
34798,137053,82102,0
34799,104330,137219,0
34800,92394,22745,0
34801,152889,40468,0
34802,13798,37311,0
34803,70353,109838,0
34804,57355,88611,0
34805,113433,128717,0
34806,36516,102863,0
34807,79940,25710,0
34808,7163,83574,0
34809,38366,3274,0
34810,126015,123588,0
34811,75437,11125,0
34812,132104,6837,0
34813,134436,27552,0
34814,40889,1505,0
34815,25195,153975,0
34816,113021,75007,0
34817,27321,52033,0
34818,152293,66200,0
34819,51782,90688,0
34820,111042,141463,0
34821,142788,109535,0
34822,91887,50738,0
34823,17183,147983,0
34824,88948,17405,0
34825,40585,93221,0
34826,53414,18978,0
34827,152536,28769,0
34828,48304,77341,0
34829,13520,4081,0
34830,93858,126288,0
34831,145711,17473,0
34832,70392,53622,0
34833,147365,57739,0
34834,134385,61393,0
34835,31739,105672,0
34836,71497,106260,0
34837,107393,106523,0
34838,105628,59776,0
34839,133249,91273,0
34840,106498,8902,0
34841,61066,132060,0
34842,28982,14804,0
34843,17042,134857,0
34844,141718,28435,0
34845,142798,41636,0
34846,118323,63624,0
34847,119191,15991,0
34848,6521,75867,0
34849,102499,103023,0
34850,18138,108531,0
34851,32897,38742,0
34852,135775,82157,0
34853,72690,110774,0
34854,52871,131246,0
34855,33388,3364,0
34856,20126,66004,0
34857,45215,109217,0
34858,149603,109757,0
34859,6655,118940,0
34860,66664,29506,0
34861,53135,5035,0
34862,10505,89570,0
34863,38565,15442,0
34864,32239,68230,0
34865,31160,9945,0
34866,116879,134038,0
34867,38013,109328,0
34868,48646,68813,0
34869,34701,3687,0
34870,5280,10361,0
34871,45300,152868,0
34872,94169,71562,0
34873,61538,8502,0
34874,5230,125589,0
34875,145369,65796,0
34876,107024,111150,0
34877,118043,36336,0
34878,98586,55924,0
34879,87078,62384,0
34880,112738,3124,0
34881,13059,53697,0
34882,65369,153116,0
34883,86337,26646,0
34884,92405,22146,0
34885,69794,107845,0
34886,154619,116990,0
34887,154073,57362,0
34888,99882,53379,0
34889,5816,120605,0
34890,106734,120179,0
34891,50128,74474,0
34892,147752,96701,0
34893,72604,63055,0
34894,43930,152709,0
34895,5667,50113,0
34896,19394,23663,0
34897,47640,90248,0
34898,120584,50086,0
34899,24941,128072,0
34900,23894,24684,0
34901,109607,114693,0
34902,22706,114992,0
34903,7520,124720,0
34904,95077,2090,0
34905,100276,55121,0
34906,9803,18447,0
34907,12040,150667,0
34908,134479,131313,0
34909,113477,9204,0
34910,112202,71435,0
34911,29767,59922,0
34912,129272,33967,0
34913,127017,136517,0
34914,138682,39775,0
34915,84077,148613,0
34916,57082,120484,0
34917,54256,36277,0
34918,97131,154860,0
34919,143960,110839,0
34920,5275,8384,0
34921,134829,142276,0
34922,46586,114150,0
34923,154869,117694,0
34924,91584,89859,0
34925,138963,12388,0
34926,35902,107025,0
34927,4968,22349,0
34928,118788,44237,0
34929,88796,27671,0
34930,11211,129947,0
34931,59489,5283,0
34932,149695,64965,0
34933,154513,91967,0
34934,2636,25925,0
34935,13445,50776,0
34936,6001,24907,0
34937,142407,6574,0
34938,10542,119792,0
34939,30002,67350,0
34940,151706,66433,0
34941,137994,58675,0
34942,132019,53826,0
34943,20646,86600,0
34944,12854,104085,0
34945,75417,70437,0
34946,99112,24835,0
34947,46108,56039,0
34948,106808,79488,0
34949,22874,148204,0
34950,130235,42427,0
34951,84236,3994,0
34952,140695,123414,0
34953,78799,38067,0
34954,53177,10069,0
34955,121135,110908,0
34956,122377,81663,0
34957,56918,4616,0
34958,81319,87393,0
34959,71061,53276,0
34960,27771,32393,0
34961,123468,12788,0
34962,96489,92567,0
34963,107816,8504,0
34964,47462,127590,0
34965,78182,131018,0
34966,49813,57110,0
34967,63172,152890,0
34968,16953,18240,0
34969,24191,141664,0
34970,106325,108944,0
34971,40408,38745,0
34972,68242,124951,0
34973,139441,35889,0
34974,69589,114446,0
34975,120821,19517,0
34976,149864,30518,0
34977,90056,143895,0
34978,66541,14208,0
34979,139729,73924,0
34980,125520,108592,0
34981,56573,79898,0
34982,62486,10887,0
34983,147344,3612,0
34984,5247,63136,0
34985,130514,57506,0
34986,56897,10105,0
34987,9505,46770,0
34988,20987,39290,0
34989,72946,60751,0
34990,143835,6499,0
34991,107191,52687,0
34992,57169,147723,0
34993,486,21201,0
34994,4139,84131,0
34995,4991,7250,0
34996,103092,36521,0
34997,12551,91953,0
34998,21925,110288,0
34999,21210,55643,0
35000,43029,148456,0
35001,138140,71740,0
35002,15877,18404,0
35003,90147,134951,0
35004,8284,111620,0
35005,31293,123702,0
35006,55561,92758,0
35007,136466,67440,0
35008,132774,43488,0
35009,93256,128199,0
35010,111306,83275,0
35011,47100,18400,0
35012,110789,121490,0
35013,131900,71973,0
35014,41903,153814,0
35015,17622,89944,0
35016,72145,107247,0
35017,118011,55542,0
35018,142722,119434,0
35019,130142,144863,0
35020,52479,108675,0
35021,40849,54436,0
35022,83969,47133,0
35023,121942,43448,0
35024,140731,43557,0
35025,18750,146280,0
35026,61965,84818,0
35027,44101,75692,0
35028,92192,76684,0
35029,47043,101416,0
35030,99465,78624,0
35031,8662,73095,0
35032,22640,126263,0
35033,3410,51750,0
35034,1021,150282,0
35035,85231,42141,0
35036,4957,19766,0
35037,26465,117876,0
35038,125934,111748,0
35039,119221,106029,0
35040,111111,2766,0
35041,120185,154252,0
35042,8,147125,0
35043,82828,18673,0
35044,151560,69125,0
35045,74030,4600,0
35046,6364,6836,0
35047,21369,122039,0
35048,24952,71249,0
35049,20899,125836,0
35050,26553,85413,0
35051,135371,144560,0
35052,145031,89655,0
35053,67063,7389,0
35054,143920,31039,0
35055,128812,97490,0
35056,111351,42566,0
35057,138660,141694,0
35058,79669,125005,0
35059,86040,85924,0
35060,109204,127562,0
35061,145946,98723,0
35062,71381,105019,0
35063,30373,64215,0
35064,50992,64989,0
35065,44908,10784,0
35066,41189,57498,0
35067,70464,6861,0
35068,151414,70137,0
35069,132176,139849,0
35070,62301,29947,0
35071,28933,40455,0
35072,9832,17926,0
35073,92805,19869,0
35074,147348,81326,0
35075,140892,88885,0
35076,105416,101622,0
35077,101760,104076,0
35078,23019,139470,0
35079,124387,148329,0
35080,46338,85879,0
35081,119139,112113,0
35082,7786,57951,0
35083,40896,128320,0
35084,41950,83926,0
35085,148646,121920,0
35086,106038,10734,0
35087,39083,117543,0
35088,91988,47650,0
35089,125718,8520,0
35090,148155,80928,0
35091,89259,13826,0
35092,107432,127744,0
35093,10328,93696,0
35094,38829,54286,0
35095,121925,19760,0
35096,84147,125166,0
35097,139812,50715,0
35098,93335,26937,0
35099,26211,16784,0
35100,48651,14516,0
35101,151560,49418,0
35102,123184,93293,0
35103,44551,42368,0
35104,49399,23515,0
35105,61286,97883,0
35106,120090,32786,0
35107,144944,20180,0
35108,29831,139074,0
35109,80326,15251,0
35110,7020,124770,0
35111,74030,42130,0
35112,80937,43282,0
35113,128815,149267,0
35114,121744,20172,0
35115,99592,66536,0
35116,105615,96106,0
35117,146780,27917,0
35118,16290,106800,0
35119,94905,71826,0
35120,91821,113618,0
35121,4729,123016,0
35122,154894,21777,0
35123,46671,151399,0
35124,144648,54171,0
35125,153801,113914,0
35126,57293,148271,0
35127,113685,144846,0
35128,46270,6548,0
35129,144188,99426,0
35130,78117,86424,0
35131,135296,138058,0
35132,114997,50801,0
35133,131465,100584,0
35134,96422,72773,0
35135,46765,46075,0
35136,123947,16910,0
35137,68358,154552,0
35138,62097,114278,0
35139,77129,87722,0
35140,124289,9858,0
35141,44127,101510,0
35142,138228,139730,0
35143,129304,86003,0
35144,37889,12062,0
35145,5320,10051,0
35146,105982,80314,0
35147,33319,140463,0
35148,68777,76254,0
35149,85821,6481,0
35150,118465,36855,0
35151,118055,12182,0
35152,94445,57479,0
35153,109672,8641,0
35154,98564,120369,0
35155,13744,8307,0
35156,15393,31528,0
35157,49566,10145,0
35158,43829,70186,0
35159,11254,100902,0
35160,13953,150984,0
35161,118214,338,0
35162,76133,110091,0
35163,41177,44295,0
35164,120848,36622,0
35165,137102,102118,0
35166,73127,38463,0
35167,127464,51263,0
35168,28483,97742,0
35169,115365,129418,0
35170,39743,74624,0
35171,76767,72505,0
35172,152786,82722,0
35173,1102,111400,0
35174,133295,101645,0
35175,147869,39502,0
35176,139188,63588,0
35177,109323,105922,0
35178,33729,81571,0
35179,129718,85526,0
35180,147390,130045,0
35181,88884,63982,0
35182,122651,35175,0
35183,141221,71908,0
35184,94875,20014,0
35185,124663,102929,0
35186,32128,113808,0
35187,66810,150686,0
35188,4267,109807,0
35189,111033,45410,0
35190,100290,94618,0
35191,153348,47174,0
35192,132226,18002,0
35193,145423,90656,0
35194,18750,120688,0
35195,139963,103155,0
35196,88528,100812,0
35197,149030,60165,0
35198,127602,105179,0
35199,68394,54713,0
35200,51163,80547,0
35201,44351,69178,0
35202,125967,60841,0
35203,110814,128820,0
35204,30723,123329,0
35205,103262,150021,0
35206,37482,112126,0
35207,90517,31936,0
35208,81399,150311,0
35209,85422,140590,0
35210,7278,93767,0
35211,125276,129344,0
35212,141171,14335,0
35213,135900,104425,0
35214,79584,11904,0
35215,48880,85658,0
35216,38062,25175,0
35217,75878,91900,0
35218,57796,140992,0
35219,129791,113222,0
35220,3030,149520,0
35221,125152,127940,0
35222,68011,79170,0
35223,75434,34135,0
35224,33210,137041,0
35225,32755,120323,0
35226,119842,129911,0
35227,83675,144106,0
35228,68161,152659,0
35229,107525,98875,0
35230,58858,14426,0
35231,143678,141619,0
35232,112061,1484,0
35233,76477,85901,0
35234,32684,3095,0
35235,53716,59144,0
35236,77369,154032,0
35237,46830,85164,0
35238,17533,7185,0
35239,52467,43544,0
35240,22941,110779,0
35241,34351,125847,0
35242,87063,74615,0
35243,28021,82718,0
35244,139029,21280,0
35245,93239,63466,0
35246,115295,69168,0
35247,125677,49674,0
35248,42586,135682,0
35249,111817,112257,0
35250,2572,61107,0
35251,130327,52250,0
35252,2083,137733,0
35253,71911,337,0
35254,27772,75431,0
35255,36767,63061,0
35256,106415,52087,0
35257,67366,41478,0
35258,30331,134088,0
35259,31325,1238,0
35260,70366,62055,0
35261,144333,130771,0
35262,5783,11013,0
35263,154129,141989,0
35264,7955,134225,0
35265,132612,118325,0
35266,55182,10073,0
35267,20330,103675,0
35268,72670,119830,0
35269,41489,42039,0
35270,140082,6652,0
35271,12597,83602,0
35272,97910,18018,0
35273,8243,123374,0
35274,101438,142036,0
35275,45261,152007,0
35276,101941,128201,0
35277,76720,128696,0
35278,77692,86716,0
35279,136936,53977,0
35280,139401,10886,0
35281,116081,83528,0
35282,87561,4824,0
35283,32736,70439,0
35284,10896,122302,0
35285,37290,4759,0
35286,112090,70949,0
35287,22331,18668,0
35288,132183,37060,0
35289,146527,32207,0
35290,17048,30413,0
35291,78121,27131,0
35292,126417,107430,0
35293,18251,122959,0
35294,86367,109668,0
35295,51162,133471,0
35296,111254,74485,0
35297,93944,25166,0
35298,30731,34876,0
35299,82825,99424,0
35300,61750,119144,0
35301,154935,17916,0
35302,6342,148467,0
35303,94372,43805,0
35304,6792,71315,0
35305,9048,91543,0
35306,139238,149989,0
35307,149244,78624,0
35308,79996,39598,0
35309,33146,58581,0
35310,19156,140330,0
35311,91245,59719,0
35312,69119,63450,0
35313,134642,3896,0
35314,70057,38924,0
35315,115517,110614,0
35316,73949,69190,0
35317,6777,78430,0
35318,66500,110581,0
35319,19156,53168,0
35320,56026,41355,0
35321,43807,50477,0
35322,98224,85437,0
35323,81689,104335,0
35324,155125,60424,0
35325,132480,149502,0
35326,14485,133281,0
35327,52871,109812,0
35328,26337,106740,0
35329,148207,145140,0
35330,1212,134543,0
35331,40933,56418,0
35332,139121,117017,0
35333,1963,10553,0
35334,119058,148056,0
35335,151252,46242,0
35336,114608,69863,0
35337,141829,37551,0
35338,1111,129750,0
35339,60320,145671,0
35340,68208,75045,0
35341,39698,115940,0
35342,71803,87901,0
35343,41477,120538,0
35344,20771,149049,0
35345,129311,24027,0
35346,60196,30635,0
35347,5548,43479,0
35348,10100,44671,0
35349,106481,12250,0
35350,105428,2343,0
35351,106539,34709,0
35352,84624,119875,0
35353,38401,46032,0
35354,56868,94569,0
35355,35173,54682,0
35356,108242,91311,0
35357,86169,9983,0
35358,37977,43220,0
35359,13447,36869,0
35360,3181,84944,0
35361,28231,77948,0
35362,43734,128352,0
35363,93944,28114,0
35364,24263,25453,0
35365,6894,87594,0
35366,30937,69350,0
35367,134848,37213,0
35368,146150,87202,0
35369,127444,73479,0
35370,114931,91873,0
35371,37686,126818,0
35372,28050,46905,0
35373,145294,9075,0
35374,85782,148520,0
35375,150687,3438,0
35376,104661,5679,0
35377,108152,90244,0
35378,74099,9985,0
35379,26288,44043,0
35380,86945,79964,0
35381,5860,5088,0
35382,76915,37150,0
35383,93624,124948,0
35384,137313,141646,0
35385,87164,7725,0
35386,72011,120638,0
35387,54263,94182,0
35388,37552,91782,0
35389,141562,149928,0
35390,75427,31076,0
35391,17811,119767,0
35392,57653,80348,0
35393,52479,106525,0
35394,1021,95206,0
35395,118933,86253,0
35396,65469,127977,0
35397,117270,53273,0
35398,124690,70979,0
35399,20683,149647,0
35400,137822,83145,0
35401,49591,3871,0
35402,68645,63823,0
35403,153788,69514,0
35404,115554,138814,0
35405,150975,13803,0
35406,89427,42457,0
35407,68644,119823,0
35408,153442,32563,0
35409,13890,78084,0
35410,15545,46711,0
35411,88956,83434,0
35412,42215,107811,0
35413,104222,123968,0
35414,30372,8621,0
35415,10489,53100,0
35416,27146,144977,0
35417,55269,110823,0
35418,136524,132028,0
35419,49433,118671,0
35420,23260,59864,0
35421,99324,18459,0
35422,108015,54641,0
35423,146050,144287,0
35424,154203,3832,0
35425,131251,60699,0
35426,154878,76211,0
35427,57368,63148,0
35428,137809,153162,0
35429,27715,6574,0
35430,85482,151581,0
35431,71920,67468,0
35432,111377,50743,0
35433,86781,98513,0
35434,109824,135157,0
35435,19448,5635,0
35436,106002,53970,0
35437,14567,84838,0
35438,113614,63590,0
35439,84883,110888,0
35440,31858,74590,0
35441,86361,29473,0
35442,107472,29090,0
35443,689,73076,0
35444,36547,127683,0
35445,144321,152678,0
35446,9382,34518,0
35447,124547,9771,0
35448,59365,119378,0
35449,155153,121986,0
35450,154404,131743,0
35451,8472,131849,0
35452,2695,27980,0
35453,47578,30203,0
35454,36747,3204,0
35455,10571,108888,0
35456,32335,117337,0
35457,115728,6315,0
35458,76895,93097,0
35459,12111,82834,0
35460,65458,33642,0
35461,18576,132841,0
35462,131893,55392,0
35463,64365,93113,0
35464,32820,151163,0
35465,122645,68314,0
35466,89622,25346,0
35467,122651,149064,0
35468,114840,153729,0
35469,92778,137118,0
35470,103078,137583,0
35471,8771,131165,0
35472,125241,21265,0
35473,5516,54317,0
35474,85194,87657,0
35475,126762,25616,0
35476,74207,151413,0
35477,45973,52053,0
35478,39248,105650,0
35479,99662,16587,0
35480,65047,145373,0
35481,149617,55381,0
35482,151447,74189,0
35483,31008,82620,0
35484,33146,89359,0
35485,126818,67289,0
35486,68170,90149,0
35487,96257,43132,0
35488,45725,13676,0
35489,90427,155145,0
35490,23353,40926,0
35491,120276,43334,0
35492,49094,141068,0
35493,150139,120581,0
35494,150202,62141,0
35495,78412,62970,0
35496,39079,35911,0
35497,126046,85346,0
35498,72195,38295,0
35499,51608,61092,0
35500,7600,77190,0
35501,31494,58933,0
35502,85717,85804,0
35503,6414,115045,0
35504,62843,43145,0
35505,71306,140230,0
35506,8084,145861,0
35507,112742,12142,0
35508,62880,47209,0
35509,132528,25054,0
35510,97171,2520,0
35511,84101,37174,0
35512,74107,130820,0
35513,52123,38399,0
35514,132121,130947,0
35515,62414,120507,0
35516,144572,132238,0
35517,130051,70890,0
35518,141482,36830,0
35519,2070,152781,0
35520,151846,57009,0
35521,112650,50025,0
35522,6514,104657,0
35523,151234,99833,0
35524,53571,10232,0
35525,46771,24984,0
35526,15535,82573,0
35527,68099,3150,0
35528,71544,38861,0
35529,61089,144468,0
35530,74596,146514,0
35531,3754,122348,0
35532,139508,1639,0
35533,78879,27802,0
35534,118259,75816,0
35535,39432,146633,0
35536,31656,126723,0
35537,130002,143425,0
35538,16348,101249,0
35539,151347,3797,0
35540,64112,17400,0
35541,143855,83187,0
35542,83956,131269,0
35543,669,148315,0
35544,113595,64232,0
35545,140295,41471,0
35546,64689,75363,0
35547,84149,43287,0
35548,70628,62139,0
35549,153667,127266,0
35550,100145,102461,0
35551,12715,111661,0
35552,17932,126213,0
35553,74931,20394,0
35554,33432,75930,0
35555,139015,39566,0
35556,94692,67934,0
35557,25828,117817,0
35558,32836,43848,0
35559,127517,56282,0
35560,48161,120759,0
35561,63783,107446,0
35562,86394,144275,0
35563,5935,107617,0
35564,62159,110486,0
35565,47445,94236,0
35566,34195,39452,0
35567,84185,109225,0
35568,20264,138185,0
35569,118377,95076,0
35570,153167,143201,0
35571,66609,105730,0
35572,45422,137331,0
35573,136510,32455,0
35574,103238,45584,0
35575,58246,54658,0
35576,106047,144523,0
35577,63075,29869,0
35578,47510,60493,0
35579,37781,108837,0
35580,124759,22208,0
35581,70807,85178,0
35582,29378,133410,0
35583,84541,106681,0
35584,105155,99452,0
35585,68801,11530,0
35586,64964,64771,0
35587,97010,7101,0
35588,57947,109379,0
35589,53006,117067,0
35590,74253,11845,0
35591,51597,86112,0
35592,115295,122264,0
35593,95686,49163,0
35594,36411,140625,0
35595,112731,93329,0
35596,88575,21458,0
35597,128474,10636,0
35598,86992,68686,0
35599,54581,137677,0
35600,122778,30435,0
35601,63611,84571,0
35602,64762,54786,0
35603,55593,16462,0
35604,73565,25258,0
35605,67851,112581,0
35606,56262,108570,0
35607,45486,40437,0
35608,65497,154545,0
35609,13298,51890,0
35610,30471,100774,0
35611,59366,105010,0
35612,98078,112749,0
35613,79239,123047,0
35614,103208,6064,0
35615,105673,136986,0
35616,27089,143405,0
35617,7491,146793,0
35618,88828,144160,0
35619,35221,33828,0
35620,21925,64887,0
35621,144059,40515,0
35622,53080,63870,0
35623,116676,48471,0
35624,91022,58911,0
35625,71845,149821,0
35626,82136,107135,0
35627,17390,40147,0
35628,19951,121,0
35629,106384,76697,0
35630,27515,86840,0
35631,111595,140256,0
35632,114254,146074,0
35633,7137,148138,0
35634,103469,99766,0
35635,82701,83273,0
35636,111928,140157,0
35637,52297,89015,0
35638,136262,141414,0
35639,4818,121354,0
35640,26494,79547,0
35641,2623,17138,0
35642,15763,139494,0
35643,87745,130273,0
35644,134921,32775,0
35645,132878,101238,0
35646,119453,146391,0
35647,122760,138420,0
35648,13680,152393,0
35649,81351,59072,0
35650,148746,4992,0
35651,122099,141751,0
35652,123491,94923,0
35653,34912,4648,0
35654,152455,16507,0
35655,6108,78169,0
35656,2649,145719,0
35657,37631,77165,0
35658,91810,32710,0
35659,1771,112708,0
35660,35473,123788,0
35661,99203,67230,0
35662,31008,22704,0
35663,50999,153565,0
35664,58964,123080,0
35665,91770,19597,0
35666,4615,149185,0
35667,39908,37025,0
35668,125659,138704,0
35669,155067,149482,0
35670,58608,148107,0
35671,98446,65830,0
35672,11312,16093,0
35673,72204,128336,0
35674,120687,150508,0
35675,70663,50683,0
35676,37200,144498,0
35677,8027,32538,0
35678,85065,61977,0
35679,14456,113538,0
35680,91011,75828,0
35681,33359,78823,0
35682,145470,92856,0
35683,38455,89919,0
35684,118936,84207,0
35685,118954,29308,0
35686,26654,18306,0
35687,21612,23516,0
35688,69184,92447,0
35689,144354,73705,0
35690,109868,140843,0
35691,84038,121935,0
35692,76355,14959,0
35693,71497,26012,0
35694,57944,62445,0
35695,152030,56882,0
35696,88561,93639,0
35697,57845,59459,0
35698,54583,98251,0
35699,101518,15977,0
35700,76289,120983,0
35701,45178,108101,0
35702,69678,119793,0
35703,87827,3048,0
35704,114353,18703,0
35705,1202,118095,0
35706,107645,92315,0
35707,122626,79287,0
35708,16150,110464,0
35709,120972,14854,0
35710,4274,138102,0
35711,127386,141889,0
35712,118270,55637,0
35713,38098,65885,0
35714,15900,94465,0
35715,25758,114742,0
35716,41667,50360,0
35717,42634,71413,0
35718,153138,105864,0
35719,36936,60390,0
35720,70225,105716,0
35721,149203,907,0
35722,136127,22901,0
35723,110837,39770,0
35724,3200,47434,0
35725,12018,104051,0
35726,121443,97008,0
35727,127471,76215,0
35728,143726,71061,0
35729,94706,131218,0
35730,72157,57341,0
35731,35578,43285,0
35732,95303,128795,0
35733,106011,73436,0
35734,71706,89935,0
35735,3411,56520,0
35736,154747,38753,0
35737,123191,91243,0
35738,110325,139213,0
35739,147047,68858,0
35740,35642,124279,0
35741,130600,17191,0
35742,18611,48228,0
35743,443,12139,0
35744,81334,84081,0
35745,125178,108479,0
35746,86509,89327,0
35747,86861,110020,0
35748,57955,1556,0
35749,591,49580,0
35750,75142,36109,0
35751,1325,102098,0
35752,100180,94311,0
35753,79745,145063,0
35754,51965,28057,0
35755,62599,90033,0
35756,14163,15483,0
35757,7714,101802,0
35758,134436,65459,0
35759,13541,39107,0
35760,81706,78957,0
35761,125734,88354,0
35762,27462,30022,0
35763,101916,129637,0
35764,102074,48427,0
35765,113798,25540,0
35766,79706,57521,0
35767,136653,86172,0
35768,97273,94316,0
35769,15456,100001,0
35770,27787,58367,0
35771,78656,149959,0
35772,137189,360,0
35773,6768,78130,0
35774,88235,79200,0
35775,61469,102944,0
35776,48712,107000,0
35777,32191,103671,0
35778,42221,104853,0
35779,99450,41732,0
35780,134175,89655,0
35781,103406,121614,0
35782,113756,119407,0
35783,47842,60067,0
35784,45411,60505,0
35785,134031,131526,0
35786,109516,40149,0
35787,48931,76214,0
35788,138420,62866,0
35789,153687,134591,0
35790,31446,84770,0
35791,116348,35029,0
35792,38315,122655,0
35793,82335,49455,0
35794,137463,137880,0
35795,53337,109276,0
35796,138907,59026,0
35797,111591,120528,0
35798,26200,104948,0
35799,97462,129762,0
35800,78517,145230,0
35801,34173,84568,0
35802,21840,98196,0
35803,110014,17160,0
35804,74253,17863,0
35805,143688,113127,0
35806,14067,4203,0
35807,100543,134450,0
35808,77575,77479,0
35809,144080,76745,0
35810,22259,77839,0
35811,26579,104192,0
35812,131223,45685,0
35813,2612,84610,0
35814,8431,99809,0
35815,118287,69443,0
35816,19202,2490,0
35817,53315,80072,0
35818,94567,19319,0
35819,39603,118319,0
35820,22127,65764,0
35821,4331,54141,0
35822,36138,134157,0
35823,41825,68194,0
35824,50044,49191,0
35825,13711,31625,0
35826,146511,142024,0
35827,42432,31074,0
35828,54889,1956,0
35829,120663,1705,0
35830,34095,11800,0
35831,5187,129458,0
35832,11665,21772,0
35833,70104,22483,0
35834,111517,115842,0
35835,79542,10106,0
35836,78511,2253,0
35837,109258,89589,0
35838,47745,8798,0
35839,107978,67320,0
35840,34783,144383,0
35841,77969,109634,0
35842,91635,71624,0
35843,78875,23926,0
35844,115174,2581,0
35845,110889,152265,0
35846,112877,57823,0
35847,80186,46034,0
35848,94375,14984,0
35849,106386,110431,0
35850,32397,31721,0
35851,141654,58956,0
35852,129330,116236,0
35853,147373,66667,0
35854,91596,119567,0
35855,122257,17907,0
35856,92095,47376,0
35857,126189,125315,0
35858,137050,47307,0
35859,63881,87492,0
35860,128449,111240,0
35861,142491,110795,0
35862,40943,96881,0
35863,52297,107144,0
35864,19997,147138,0
35865,119451,140303,0
35866,46457,116404,0
35867,98893,92944,0
35868,1538,101935,0
35869,142295,23559,0
35870,5649,77814,0
35871,71263,100917,0
35872,130578,118345,0
35873,118970,50601,0
35874,5773,41988,0
35875,115157,28226,0
35876,77127,128400,0
35877,40180,3641,0
35878,15649,25965,0
35879,97156,1846,0
35880,142297,137873,0
35881,89759,118766,0
35882,120539,119871,0
35883,26073,137645,0
35884,14875,11326,0
35885,28849,24170,0
35886,9673,91701,0
35887,96144,6870,0
35888,48739,133452,0
35889,134663,76612,0
35890,66742,90439,0
35891,126458,62002,0
35892,88774,78591,0
35893,23614,144056,0
35894,122018,131412,0
35895,152727,14796,0
35896,123121,79330,0
35897,27364,129767,0
35898,114801,36319,0
35899,61053,36790,0
35900,25104,26199,0
35901,42842,52629,0
35902,1906,92568,0
35903,89331,130844,0
35904,31713,111750,0
35905,57615,116031,0
35906,115421,63673,0
35907,138374,119406,0
35908,22626,143810,0
35909,118588,70905,0
35910,13945,134692,0
35911,131737,44949,0
35912,84888,65318,0
35913,55604,113386,0
35914,4478,135840,0
35915,9893,33965,0
35916,119468,81110,0
35917,74516,73333,0
35918,31958,116533,0
35919,104609,6696,0
35920,64786,131483,0
35921,151113,99919,0
35922,63647,154296,0
35923,122961,45189,0
35924,142717,15371,0
35925,155141,106046,0
35926,148537,124135,0
35927,39505,39017,0
35928,13672,52694,0
35929,40670,54528,0
35930,117637,107490,0
35931,57293,113591,0
35932,14027,46068,0
35933,51684,110785,0
35934,7874,79704,0
35935,106711,118141,0
35936,147986,129951,0
35937,144968,148398,0
35938,146864,38772,0
35939,131081,75901,0
35940,134536,98042,0
35941,132038,86726,0
35942,112402,45321,0
35943,153311,145668,0
35944,122037,92876,0
35945,138219,106146,0
35946,52205,110151,0
35947,87791,77227,0
35948,147619,107835,0
35949,31808,112781,0
35950,153138,5467,0
35951,37284,24578,0
35952,107659,140295,0
35953,9366,49055,0
35954,15893,6216,0
35955,104008,132549,0
35956,155006,79437,0
35957,6834,35685,0
35958,43731,86129,0
35959,109605,155143,0
35960,140677,98562,0
35961,105269,100020,0
35962,71535,70836,0
35963,19693,55967,0
35964,38519,87733,0
35965,144417,36294,0
35966,91055,69532,0
35967,102846,139269,0
35968,12900,16369,0
35969,59833,47406,0
35970,154556,10615,0
35971,71856,85640,0
35972,92893,80257,0
35973,121977,8353,0
35974,105893,107043,0
35975,122964,107777,0
35976,23634,146416,0
35977,45918,145930,0
35978,60252,129928,0
35979,150118,82691,0
35980,5177,152417,0
35981,52707,145681,0
35982,120326,74808,0
35983,41914,107927,0
35984,120853,93594,0
35985,135508,66022,0
35986,23928,110950,0
35987,43046,115114,0
35988,111500,28891,0
35989,146812,140851,0
35990,84565,146348,0
35991,87502,120752,0
35992,43202,92709,0
35993,124211,141804,0
35994,124010,148921,0
35995,10362,148462,0
35996,48167,129200,0
35997,139250,71084,0
35998,8303,38181,0
35999,144553,135197,0
36000,136007,101313,0
36001,103859,75066,0
36002,63858,147307,0
36003,72801,75817,0
36004,82760,128729,0
36005,134287,51040,0
36006,144344,101689,0
36007,33681,112617,0
36008,30686,107972,0
36009,69967,98708,0
36010,88962,15266,0
36011,97149,15343,0
36012,53489,30139,0
36013,110612,60382,0
36014,2050,14759,0
36015,29122,124088,0
36016,82769,69859,0
36017,106823,108379,0
36018,102532,86973,0
36019,88408,134605,0
36020,150696,134016,0
36021,85747,86129,0
36022,55367,87018,0
36023,22892,7265,0
36024,12066,89446,0
36025,112088,131584,0
36026,42450,132224,0
36027,124866,41906,0
36028,121157,109121,0
36029,11238,37234,0
36030,104073,138568,0
36031,11709,48729,0
36032,142317,45293,0
36033,96838,48273,0
36034,79092,154985,0
36035,59964,14864,0
36036,90170,10586,0
36037,80737,14385,0
36038,46541,11752,0
36039,130948,34609,0
36040,20617,5731,0
36041,138786,116513,0
36042,92074,96392,0
36043,37982,69609,0
36044,131904,2089,0
36045,8587,131584,0
36046,28408,62503,0
36047,48903,74676,0
36048,83524,93864,0
36049,35519,148134,0
36050,13744,100670,0
36051,153409,91879,0
36052,119051,2407,0
36053,21392,24059,0
36054,145684,113850,0
36055,19725,116924,0
36056,33845,115215,0
36057,135768,85640,0
36058,122905,32307,0
36059,83800,93562,0
36060,89840,12600,0
36061,96212,51832,0
36062,73513,38368,0
36063,15636,36856,0
36064,51280,124093,0
36065,38826,96784,0
36066,21755,16622,0
36067,40304,61784,0
36068,101864,82556,0
36069,117188,59995,0
36070,85528,114543,0
36071,51770,29104,0
36072,52902,20156,0
36073,100700,42136,0
36074,31958,40832,0
36075,143882,45753,0
36076,138598,18863,0
36077,33546,130417,0
36078,113942,90930,0
36079,111378,61466,0
36080,98407,48933,0
36081,147441,83426,0
36082,45950,106749,0
36083,7321,35438,0
36084,99186,149159,0
36085,95428,142506,0
36086,9388,74013,0
36087,82537,93875,0
36088,4277,44921,0
36089,101665,14678,0
36090,40686,127179,0
36091,114234,39983,0
36092,144167,28151,0
36093,108599,148812,0
36094,47448,24843,0
36095,145197,105842,0
36096,139029,57510,0
36097,73635,16883,0
36098,115152,89061,0
36099,52778,74825,0
36100,141555,96266,0
36101,122841,134861,0
36102,92587,104163,0
36103,32380,71363,0
36104,18937,98284,0
36105,128125,63074,0
36106,128938,82066,0
36107,24690,77836,0
36108,45095,98360,0
36109,121899,20911,0
36110,57420,73238,0
36111,78875,71908,0
36112,72062,28856,0
36113,79588,129758,0
36114,4883,60801,0
36115,81738,146583,0
36116,143499,110120,0
36117,34750,101988,0
36118,72601,67846,0
36119,59429,154797,0
36120,114627,44925,0
36121,65432,135500,0
36122,147783,53920,0
36123,147600,83143,0
36124,43665,99263,0
36125,131692,126502,0
36126,896,68779,0
36127,38353,13927,0
36128,83702,101876,0
36129,112072,99042,0
36130,61436,25139,0
36131,73961,23301,0
36132,33982,52203,0
36133,105517,137261,0
36134,151073,77779,0
36135,47979,106338,0
36136,75186,102254,0
36137,60703,113523,0
36138,120748,96774,0
36139,9843,72882,0
36140,30114,51640,0
36141,143125,82395,0
36142,151040,83844,0
36143,101425,112335,0
36144,53693,30446,0
36145,121151,78016,0
36146,68761,130386,0
36147,79387,136820,0
36148,114743,103221,0
36149,35696,142620,0
36150,2905,144769,0
36151,69842,154606,0
36152,105137,4124,0
36153,113010,62002,0
36154,127858,128059,0
36155,83369,68621,0
36156,20808,91960,0
36157,59004,111108,0
36158,21566,98924,0
36159,131961,97037,0
36160,26176,122362,0
36161,3378,46862,0
36162,39648,91281,0
36163,28046,109718,0
36164,91158,53968,0
36165,119333,148250,0
36166,31190,107298,0
36167,109330,134059,0
36168,64469,127618,0
36169,154487,107930,0
36170,153653,118408,0
36171,90189,219,0
36172,45237,94353,0
36173,71803,107408,0
36174,43845,145433,0
36175,13884,54865,0
36176,57161,35415,0
36177,16794,87166,0
36178,127197,44244,0
36179,125074,124522,0
36180,121712,69208,0
36181,128293,31829,0
36182,119703,20913,0
36183,41511,12770,0
36184,44962,51867,0
36185,112529,90539,0
36186,97771,106727,0
36187,55376,103790,0
36188,23157,3673,0
36189,92572,110769,0
36190,66122,5938,0
36191,115266,83497,0
36192,127355,76628,0
36193,137074,151767,0
36194,4883,88603,0
36195,65866,113154,0
36196,55616,13967,0
36197,112288,44967,0
36198,64218,6041,0
36199,57396,95295,0
36200,66746,40884,0
36201,85639,136572,0
36202,3780,138914,0
36203,38813,87226,0
36204,153655,10070,0
36205,103402,64550,0
36206,150749,30172,0
36207,153962,1106,0
36208,88501,35829,0
36209,61857,122514,0
36210,63883,84426,0
36211,42791,146895,0
36212,139694,101837,0
36213,106299,142349,0
36214,10067,92477,0
36215,74859,48249,0
36216,138443,19618,0
36217,126485,94895,0
36218,60867,65332,0
36219,151822,19220,0
36220,112650,91700,0
36221,71314,19944,0
36222,104600,53737,0
36223,95481,62745,0
36224,130093,8686,0
36225,28193,12533,0
36226,113347,131439,0
36227,24425,106469,0
36228,47897,136540,0
36229,150789,67354,0
36230,141409,28138,0
36231,143006,87686,0
36232,52192,29650,0
36233,142721,94841,0
36234,41675,50650,0
36235,1667,12979,0
36236,38029,17163,0
36237,137458,33778,0
36238,36922,68638,0
36239,30709,10491,0
36240,86209,71565,0
36241,95046,34620,0
36242,139235,56772,0
36243,17746,154365,0
36244,72657,125841,0
36245,33058,133852,0
36246,22100,54071,0
36247,67378,114351,0
36248,121395,153943,0
36249,109042,74523,0
36250,48975,39132,0
36251,126644,49214,0
36252,16458,88585,0
36253,44057,14462,0
36254,122549,154379,0
36255,64110,95736,0
36256,84693,102311,0
36257,61325,61308,0
36258,65207,80138,0
36259,124,42842,0
36260,6940,118652,0
36261,1223,69922,0
36262,150444,32844,0
36263,67758,65994,0
36264,43004,91291,0
36265,70270,65853,0
36266,88435,50709,0
36267,50198,131367,0
36268,62358,62711,0
36269,79050,136255,0
36270,62588,39053,0
36271,5413,62086,0
36272,68711,93479,0
36273,10376,72743,0
36274,105288,64625,0
36275,140955,28506,0
36276,39389,58547,0
36277,28033,50765,0
36278,16455,28382,0
36279,123139,10574,0
36280,101050,124477,0
36281,131865,111225,0
36282,93372,127389,0
36283,28627,124438,0
36284,14987,134789,0
36285,21694,7588,0
36286,97223,145032,0
36287,95749,3590,0
36288,91220,113435,0
36289,8127,98968,0
36290,55792,148660,0
36291,43065,126137,0
36292,35860,55825,0
36293,113899,134328,0
36294,146497,60950,0
36295,84030,122178,0
36296,106544,101944,0
36297,86734,128841,0
36298,117578,6545,0
36299,83340,89550,0
36300,44681,131819,0
36301,76327,50376,0
36302,121921,76603,0
36303,77307,63582,0
36304,3834,52101,0
36305,35365,97135,0
36306,120699,106170,0
36307,82907,46947,0
36308,43346,140350,0
36309,148505,35110,0
36310,74769,64532,0
36311,130457,133912,0
36312,103489,119015,0
36313,72056,42789,0
36314,77579,33479,0
36315,55200,74052,0
36316,69950,75959,0
36317,93965,57423,0
36318,140333,11248,0
36319,83158,54725,0
36320,10151,74785,0
36321,22819,39059,0
36322,69048,42094,0
36323,153175,73521,0
36324,138303,66766,0
36325,54900,153137,0
36326,143444,55594,0
36327,23919,111456,0
36328,45513,143805,0
36329,15110,8170,0
36330,47842,96191,0
36331,127619,85304,0
36332,42568,86206,0
36333,63298,48688,0
36334,11115,13369,0
36335,56718,118093,0
36336,46138,54267,0
36337,104912,20724,0
36338,28000,20897,0
36339,69584,110681,0
36340,103238,38287,0
36341,15453,4211,0
36342,68058,27100,0
36343,129332,22711,0
36344,5270,132043,0
36345,30251,75578,0
36346,47651,54742,0
36347,1382,40490,0
36348,6469,147595,0
36349,71600,147398,0
36350,25335,137754,0
36351,34369,119232,0
36352,23907,117545,0
36353,102530,133308,0
36354,28476,66413,0
36355,1249,8054,0
36356,139712,79108,0
36357,145813,78820,0
36358,121464,75500,0
36359,146821,58885,0
36360,1641,122731,0
36361,141291,132548,0
36362,56410,102590,0
36363,773,78506,0
36364,97850,37321,0
36365,22042,129715,0
36366,50847,62813,0
36367,27945,148955,0
36368,117079,90298,0
36369,120604,143621,0
36370,53504,44825,0
36371,143161,78703,0
36372,97639,55570,0
36373,74337,127066,0
36374,83367,51073,0
36375,61782,55020,0
36376,19068,27886,0
36377,117677,78457,0
36378,118644,71556,0
36379,134509,10086,0
36380,52173,97899,0
36381,11862,47304,0
36382,68523,109677,0
36383,27942,26336,0
36384,12907,127554,0
36385,14309,27565,0
36386,17644,22261,0
36387,95331,137887,0
36388,128190,58361,0
36389,30556,13770,0
36390,132267,49533,0
36391,37894,112392,0
36392,699,36302,0
36393,44489,25881,0
36394,152197,31274,0
36395,32766,74539,0
36396,103923,12458,0
36397,114921,139243,0
36398,88603,120066,0
36399,112091,140871,0
36400,71332,145671,0
36401,29313,38929,0
36402,39435,104072,0
36403,52338,19171,0
36404,43289,7497,0
36405,118774,88795,0
36406,151528,41726,0
36407,32666,31980,0
36408,109544,12785,0
36409,153665,133588,0
36410,11950,130411,0
36411,37484,133839,0
36412,81401,136137,0
36413,2415,34254,0
36414,19486,11162,0
36415,108041,734,0
36416,21125,94286,0
36417,93272,121047,0
36418,113625,121558,0
36419,28042,3191,0
36420,127911,85366,0
36421,112192,87974,0
36422,124917,101850,0
36423,20011,90559,0
36424,7538,109328,0
36425,87437,110907,0
36426,94742,112554,0
36427,117152,144412,0
36428,110197,135675,0
36429,72837,113640,0
36430,142469,155151,0
36431,139339,41331,0
36432,152053,99658,0
36433,112072,146650,0
36434,26202,80782,0
36435,47522,21584,0
36436,5943,63916,0
36437,65772,40108,0
36438,32398,118324,0
36439,20972,154379,0
36440,30607,135533,0
36441,19406,146639,0
36442,5681,61511,0
36443,28364,1408,0
36444,58282,87759,0
36445,119185,48791,0
36446,101135,131055,0
36447,114226,95954,0
36448,139738,44850,0
36449,32602,147788,0
36450,74627,93717,0
36451,32407,22732,0
36452,45667,55454,0
36453,110060,113305,0
36454,107472,148084,0
36455,146096,150034,0
36456,138724,151277,0
36457,79511,53410,0
36458,29482,143998,0
36459,11333,18147,0
36460,78172,30648,0
36461,61583,1898,0
36462,121360,139514,0
36463,53488,59091,0
36464,25082,76996,0
36465,106430,11755,0
36466,146917,61505,0
36467,110316,148413,0
36468,120474,3402,0
36469,70123,74407,0
36470,120856,59911,0
36471,14448,17846,0
36472,51065,42182,0
36473,76698,21724,0
36474,101657,88069,0
36475,117699,67155,0
36476,76599,19554,0
36477,64047,91948,0
36478,22038,107092,0
36479,107520,59214,0
36480,93544,63900,0
36481,110613,148287,0
36482,85981,151194,0
36483,110921,27474,0
36484,118277,83415,0
36485,65596,141458,0
36486,49357,130847,0
36487,27863,139768,0
36488,78502,58229,0
36489,69225,28286,0
36490,39325,44786,0
36491,134204,151813,0
36492,56334,98759,0
36493,130420,1457,0
36494,62614,31374,0
36495,51008,74861,0
36496,109330,119115,0
36497,574,21267,0
36498,134870,47495,0
36499,67152,82676,0
36500,35309,112276,0
36501,130424,51293,0
36502,144274,30540,0
36503,80364,12068,0
36504,151482,98721,0
36505,154947,59172,0
36506,97566,115717,0
36507,37688,9337,0
36508,144871,65492,0
36509,50760,2083,0
36510,13357,153244,0
36511,25945,1989,0
36512,57352,120038,0
36513,125897,15359,0
36514,11621,66238,0
36515,61709,24061,0
36516,115746,42448,0
36517,70594,145944,0
36518,12,102297,0
36519,6371,83882,0
36520,11168,33726,0
36521,7870,142399,0
36522,42149,88941,0
36523,140490,89754,0
36524,31166,902,0
36525,136538,67091,0
36526,18770,67512,0
36527,53922,104052,0
36528,13014,70979,0
36529,141905,38968,0
36530,24405,137451,0
36531,132878,125266,0
36532,129603,11547,0
36533,76422,70291,0
36534,146725,80923,0
36535,25543,98575,0
36536,21396,116162,0
36537,22228,36135,0
36538,139628,42817,0
36539,74890,96825,0
36540,8139,72713,0
36541,138714,138115,0
36542,100222,98940,0
36543,24026,125856,0
36544,59474,54496,0
36545,130192,87574,0
36546,10529,53388,0
36547,90287,24928,0
36548,58225,86720,0
36549,17715,144872,0
36550,888,47229,0
36551,76725,98363,0
36552,65288,64747,0
36553,151698,63633,0
36554,117618,63717,0
36555,114570,43075,0
36556,26700,4505,0
36557,148522,16195,0
36558,86915,37078,0
36559,148208,150361,0
36560,85932,121868,0
36561,51057,5254,0
36562,28981,131286,0
36563,151383,104848,0
36564,23766,3710,0
36565,55924,31120,0
36566,117034,86074,0
36567,70100,56785,0
36568,51728,115717,0
36569,144835,110073,0
36570,48081,2326,0
36571,6907,132682,0
36572,71801,140679,0
36573,51507,1798,0
36574,10222,135892,0
36575,122990,102892,0
36576,32516,60394,0
36577,13512,85298,0
36578,5863,61382,0
36579,27051,61680,0
36580,65211,132865,0
36581,28574,93410,0
36582,133816,21063,0
36583,133677,91231,0
36584,78351,44534,0
36585,145148,26997,0
36586,39321,64225,0
36587,108646,24973,0
36588,90278,3675,0
36589,114563,144182,0
36590,138713,127037,0
36591,147632,119572,0
36592,76747,15359,0
36593,38140,146397,0
36594,143448,180,0
36595,149108,73186,0
36596,132131,17463,0
36597,46395,92905,0
36598,17166,149747,0
36599,73414,144124,0
36600,41145,27432,0
36601,98646,62747,0
36602,144152,24076,0
36603,55018,10881,0
36604,70257,38217,0
36605,86232,33777,0
36606,54876,75075,0
36607,75998,105007,0
36608,72056,106631,0
36609,77066,72603,0
36610,22180,141847,0
36611,25444,15815,0
36612,144739,106274,0
36613,61624,43458,0
36614,46457,121636,0
36615,12668,127027,0
36616,69200,505,0
36617,54147,95554,0
36618,42249,121108,0
36619,32914,71603,0
36620,122582,120053,0
36621,74796,100666,0
36622,64482,137169,0
36623,12074,11875,0
36624,13250,73918,0
36625,30279,102881,0
36626,99879,38081,0
36627,65491,23663,0
36628,123306,36065,0
36629,57050,47353,0
36630,70416,35204,0
36631,124632,118289,0
36632,47927,132646,0
36633,64993,153061,0
36634,91065,100745,0
36635,103093,153738,0
36636,124900,149144,0
36637,100318,23978,0
36638,21230,29452,0
36639,8934,91751,0
36640,137574,126855,0
36641,77129,114673,0
36642,104449,119035,0
36643,94459,47401,0
36644,147865,124922,0
36645,90633,104088,0
36646,133229,120619,0
36647,113467,87447,0
36648,31043,24895,0
36649,42933,17877,0
36650,112166,72428,0
36651,64837,39730,0
36652,139348,64225,0
36653,27292,106272,0
36654,25846,46540,0
36655,136015,96634,0
36656,33162,101190,0
36657,49727,144527,0
36658,52205,74941,0
36659,123045,60160,0
36660,30323,84881,0
36661,41344,47125,0
36662,27555,50629,0
36663,48695,22218,0
36664,14446,112291,0
36665,77557,2870,0
36666,92707,86422,0
36667,36623,12784,0
36668,117027,14430,0
36669,54799,78118,0
36670,100629,83397,0
36671,67036,146825,0
36672,52115,54326,0
36673,35206,62342,0
36674,114932,125298,0
36675,140657,110754,0
36676,124661,95449,0
36677,57653,121806,0
36678,133994,144822,0
36679,97349,79744,0
36680,85842,142412,0
36681,115922,8527,0
36682,54272,147906,0
36683,20175,45406,0
36684,9280,23933,0
36685,142787,34411,0
36686,429,85927,0
36687,139925,5338,0
36688,33782,128217,0
36689,51127,9384,0
36690,118329,32288,0
36691,95283,145853,0
36692,101911,4065,0
36693,67065,150941,0
36694,63233,73827,0
36695,27365,110246,0
36696,16280,71611,0
36697,91231,3124,0
36698,43208,133516,0
36699,152649,28729,0
36700,113122,74574,0
36701,29513,75928,0
36702,113550,21796,0
36703,26587,94513,0
36704,81452,100616,0
36705,145482,42600,0
36706,140942,68305,0
36707,23696,104849,0
36708,133984,148944,0
36709,51445,36864,0
36710,104464,14340,0
36711,24419,88023,0
36712,6734,92070,0
36713,13798,79590,0
36714,72792,92082,0
36715,752,109061,0
36716,4955,100204,0
36717,153974,52113,0
36718,116408,152275,0
36719,125036,66778,0
36720,28650,86552,0
36721,74568,81362,0
36722,7959,71412,0
36723,98398,41839,0
36724,69334,89300,0
36725,121828,141329,0
36726,106597,46111,0
36727,136846,62453,0
36728,99383,13026,0
36729,80784,89262,0
36730,61280,98400,0
36731,5047,104290,0
36732,35972,88262,0
36733,111884,82766,0
36734,50933,129956,0
36735,153554,82501,0
36736,113977,76337,0
36737,63698,18850,0
36738,60867,70946,0
36739,84425,56496,0
36740,53880,132543,0
36741,37413,41577,0
36742,41903,101094,0
36743,92152,25005,0
36744,89434,30846,0
36745,101222,118246,0
36746,64204,115727,0
36747,19333,81541,0
36748,102592,60437,0
36749,89863,126376,0
36750,81999,27841,0
36751,138339,99825,0
36752,129067,93172,0
36753,67626,88903,0
36754,101178,93541,0
36755,141038,26021,0
36756,123236,20576,0
36757,144181,104515,0
36758,74662,34491,0
36759,38048,105551,0
36760,74542,92983,0
36761,151264,46032,0
36762,152756,146515,0
36763,114394,14020,0
36764,56011,142319,0
36765,109312,125785,0
36766,58333,139871,0
36767,1674,5233,0
36768,30295,122547,0
36769,111657,77793,0
36770,130870,30158,0
36771,148044,30146,0
36772,142992,4134,0
36773,7935,24897,0
36774,16328,22956,0
36775,10656,72295,0
36776,107354,112178,0
36777,121625,137903,0
36778,85561,138096,0
36779,125680,20200,0
36780,134384,24515,0
36781,131409,121918,0
36782,63662,150277,0
36783,115938,12501,0
36784,70249,65948,0
36785,99189,111173,0
36786,10275,8521,0
36787,132070,51288,0
36788,111181,14351,0
36789,3697,114802,0
36790,70625,86602,0
36791,149360,153981,0
36792,13532,80341,0
36793,142961,25768,0
36794,64896,109974,0
36795,126331,29038,0
36796,144060,83587,0
36797,51367,28236,0
36798,76048,78976,0
36799,20415,86334,0
36800,139024,85392,0
36801,117515,59854,0
36802,102171,51844,0
36803,131591,63394,0
36804,141425,135034,0
36805,143412,76122,0
36806,27477,78177,0
36807,121598,2709,0
36808,151745,13195,0
36809,130236,47573,0
36810,103224,48398,0
36811,83215,41498,0
36812,111841,50934,0
36813,78091,138158,0
36814,57707,39532,0
36815,22721,20201,0
36816,72280,78790,0
36817,93685,123815,0
36818,152247,140056,0
36819,15478,27176,0
36820,50058,45088,0
36821,53806,149743,0
36822,42956,117549,0
36823,13129,46445,0
36824,30673,91317,0
36825,83091,570,0
36826,65244,88647,0
36827,10828,122476,0
36828,107984,64893,0
36829,33324,3416,0
36830,152268,137279,0
36831,111246,18883,0
36832,22345,52543,0
36833,96228,123035,0
36834,8889,23577,0
36835,116633,25288,0
36836,1613,106564,0
36837,136482,19217,0
36838,82791,30363,0
36839,304,78221,0
36840,100403,16942,0
36841,65573,8604,0
36842,51065,91554,0
36843,3886,96143,0
36844,69689,30598,0
36845,82548,97421,0
36846,38016,69126,0
36847,145463,129436,0
36848,74837,107873,0
36849,105117,7349,0
36850,84231,68040,0
36851,1021,132438,0
36852,13910,81085,0
36853,112528,76221,0
36854,105104,146881,0
36855,11349,150644,0
36856,99941,32101,0
36857,58157,144475,0
36858,113599,146393,0
36859,115457,25676,0
36860,66421,61545,0
36861,99623,126208,0
36862,97764,111874,0
36863,841,72250,0
36864,138721,51147,0
36865,22226,65966,0
36866,44377,135643,0
36867,143973,42918,0
36868,41414,18752,0
36869,38397,13965,0
36870,78360,71819,0
36871,98677,118646,0
36872,140291,91143,0
36873,13410,27003,0
36874,57802,31230,0
36875,112034,125993,0
36876,35802,9441,0
36877,132006,39425,0
36878,94122,136344,0
36879,101766,54481,0
36880,119304,100816,0
36881,17908,79853,0
36882,72762,41367,0
36883,86055,149455,0
36884,63392,147089,0
36885,130713,143870,0
36886,111098,149666,0
36887,72737,34384,0
36888,83748,3509,0
36889,32036,25380,0
36890,146417,82173,0
36891,130532,70019,0
36892,139595,13538,0
36893,65026,105985,0
36894,40625,48020,0
36895,147706,53522,0
36896,14528,3130,0
36897,37605,30014,0
36898,48028,3534,0
36899,25837,112802,0
36900,82261,24208,0
36901,99749,130982,0
36902,150775,130500,0
36903,23838,51151,0
36904,120291,12498,0
36905,122363,44300,0
36906,64993,75937,0
36907,97870,111408,0
36908,13511,88968,0
36909,93626,92827,0
36910,144939,123296,0
36911,53240,9323,0
36912,26099,18269,0
36913,11254,37938,0
36914,19041,59769,0
36915,148301,113652,0
36916,122762,66525,0
36917,104338,97245,0
36918,12731,91046,0
36919,30906,62212,0
36920,78444,50350,0
36921,80691,31186,0
36922,95546,85208,0
36923,151418,30856,0
36924,106977,145911,0
36925,153124,47198,0
36926,122752,24955,0
36927,138013,151304,0
36928,92156,11430,0
36929,35307,62822,0
36930,30909,107408,0
36931,41562,148229,0
36932,61699,40440,0
36933,44999,154136,0
36934,95121,143246,0
36935,112611,17720,0
36936,107969,92926,0
36937,102006,90539,0
36938,124337,94335,0
36939,39810,108640,0
36940,100571,141507,0
36941,146626,8234,0
36942,107986,123713,0
36943,64397,129886,0
36944,35033,142658,0
36945,85637,11068,0
36946,92694,91153,0
36947,30465,9193,0
36948,110099,113638,0
36949,124122,146297,0
36950,131592,59680,0
36951,111099,44505,0
36952,148851,52592,0
36953,71890,56785,0
36954,131008,35418,0
36955,85067,153705,0
36956,55651,58996,0
36957,30544,62925,0
36958,146739,28358,0
36959,56724,61233,0
36960,109986,150156,0
36961,45756,47256,0
36962,85484,54160,0
36963,62395,76684,0
36964,110374,140287,0
36965,14912,154478,0
36966,66882,38924,0
36967,144174,19378,0
36968,144422,121827,0
36969,53442,142147,0
36970,115417,147688,0
36971,52636,128741,0
36972,145431,86916,0
36973,63949,6885,0
36974,50538,102199,0
36975,153554,56007,0
36976,144687,61799,0
36977,10846,135850,0
36978,45711,36963,0
36979,18554,143656,0
36980,149911,122506,0
36981,76312,64346,0
36982,79057,58136,0
36983,129694,143019,0
36984,117774,65508,0
36985,4376,141104,0
36986,19945,66342,0
36987,120006,132076,0
36988,65282,19604,0
36989,106580,121312,0
36990,84592,122591,0
36991,5867,67339,0
36992,10941,31773,0
36993,5504,15652,0
36994,61713,68833,0
36995,136543,84275,0
36996,152463,58361,0
36997,103568,95675,0
36998,77262,81168,0
36999,1269,25065,0
37000,133971,96042,0
37001,38136,44345,0
37002,70012,50541,0
37003,124404,97582,0
37004,136391,60912,0
37005,139401,84462,0
37006,6342,118677,0
37007,134193,92447,0
37008,19671,144298,0
37009,28574,136657,0
37010,98570,64733,0
37011,37656,59691,0
37012,90157,125829,0
37013,25111,128121,0
37014,111737,6039,0
37015,119368,123933,0
37016,81275,136500,0
37017,121329,15718,0
37018,80084,46284,0
37019,132314,93238,0
37020,12591,101987,0
37021,87564,79350,0
37022,81458,134005,0
37023,31485,96552,0
37024,1208,5729,0
37025,71776,52507,0
37026,72928,45870,0
37027,126479,4271,0
37028,67870,133500,0
37029,86326,57186,0
37030,8692,78851,0
37031,124271,1700,0
37032,128032,38783,0
37033,65370,43673,0
37034,81780,38836,0
37035,76463,104484,0
37036,29247,8935,0
37037,9699,136749,0
37038,21518,124184,0
37039,7369,61327,0
37040,78947,138045,0
37041,40745,10112,0
37042,146722,38288,0
37043,23054,100459,0
37044,144063,95859,0
37045,92865,78450,0
37046,148935,81795,0
37047,11214,32325,0
37048,48906,303,0
37049,66162,52490,0
37050,123479,115551,0
37051,65007,72133,0
37052,95748,102202,0
37053,109876,121748,0
37054,17150,150317,0
37055,11385,10503,0
37056,130655,10129,0
37057,152655,77052,0
37058,114727,74534,0
37059,152266,59331,0
37060,139796,88430,0
37061,127911,137548,0
37062,57150,137738,0
37063,86322,137410,0
37064,15282,115154,0
37065,34180,40459,0
37066,24138,43958,0
37067,47928,762,0
37068,13702,40543,0
37069,113994,117836,0
37070,149794,42049,0
37071,71940,16372,0
37072,127975,149095,0
37073,42406,108583,0
37074,49522,68434,0
37075,23830,32408,0
37076,152551,140475,0
37077,79528,80179,0
37078,4530,107200,0
37079,132235,81826,0
37080,77611,113668,0
37081,146065,133164,0
37082,68988,142061,0
37083,74775,129202,0
37084,78230,105488,0
37085,118303,149061,0
37086,8651,43473,0
37087,98130,107454,0
37088,38456,59109,0
37089,114454,42031,0
37090,117602,34562,0
37091,24165,1381,0
37092,40925,97903,0
37093,71423,122643,0
37094,106605,53664,0
37095,87877,69419,0
37096,146273,86,0
37097,26603,56456,0
37098,131546,112387,0
37099,114487,89876,0
37100,46576,150594,0
37101,78178,88244,0
37102,68051,131841,0
37103,101330,123933,0
37104,122340,100429,0
37105,46373,138028,0
37106,87058,64297,0
37107,115988,76789,0
37108,27287,143974,0
37109,103437,121060,0
37110,60842,125443,0
37111,135713,78675,0
37112,27113,58459,0
37113,33088,66379,0
37114,51836,56878,0
37115,5197,19710,0
37116,54091,67165,0
37117,3674,77161,0
37118,60285,75817,0
37119,86378,54696,0
37120,100242,147952,0
37121,114395,62911,0
37122,134504,126983,0
37123,101243,15994,0
37124,143780,124471,0
37125,94321,113328,0
37126,130671,134182,0
37127,95614,38596,0
37128,73788,74692,0
37129,3429,119489,0
37130,3886,20426,0
37131,61053,142209,0
37132,145232,140718,0
37133,5156,1979,0
37134,36115,31895,0
37135,78276,133924,0
37136,25978,112923,0
37137,2485,73695,0
37138,45767,111794,0
37139,101926,118876,0
37140,83361,61520,0
37141,87856,65474,0
37142,131174,99458,0
37143,39079,152550,0
37144,57852,57532,0
37145,14289,95977,0
37146,8467,82625,0
37147,56851,112459,0
37148,9151,40899,0
37149,115183,27500,0
37150,54660,55346,0
37151,39342,68286,0
37152,150625,102206,0
37153,123758,70088,0
37154,132458,19464,0
37155,98109,30014,0
37156,122760,133014,0
37157,139443,122027,0
37158,135437,130905,0
37159,60791,102725,0
37160,17123,49256,0
37161,148372,10973,0
37162,8213,151026,0
37163,128012,25997,0
37164,66032,38703,0
37165,116853,2065,0
37166,35440,86675,0
37167,70684,27239,0
37168,84140,118917,0
37169,152854,54378,0
37170,135671,137596,0
37171,100575,37769,0
37172,121966,105412,0
37173,102448,93304,0
37174,74443,13737,0
37175,147909,8733,0
37176,48194,89934,0
37177,115334,22751,0
37178,91182,100019,0
37179,19050,43457,0
37180,124145,11435,0
37181,46587,119727,0
37182,105155,23565,0
37183,26181,3820,0
37184,83394,57863,0
37185,90283,32150,0
37186,19844,91603,0
37187,107406,85550,0
37188,9422,109788,0
37189,135519,102244,0
37190,77969,31849,0
37191,89582,34148,0
37192,104595,118700,0
37193,47814,79192,0
37194,49658,93813,0
37195,42937,34712,0
37196,17928,3166,0
37197,90896,15760,0
37198,109762,30488,0
37199,100411,137778,0
37200,46842,52948,0
37201,47758,123707,0
37202,120207,155119,0
37203,16676,95615,0
37204,72114,147732,0
37205,147986,100656,0
37206,106305,32549,0
37207,99693,151016,0
37208,30352,120707,0
37209,10315,18773,0
37210,150975,58598,0
37211,83297,149093,0
37212,34716,54097,0
37213,135422,93968,0
37214,25728,54085,0
37215,91689,1688,0
37216,98429,21366,0
37217,82031,122552,0
37218,111884,134152,0
37219,131880,86030,0
37220,148036,62533,0
37221,99729,79959,0
37222,78811,142904,0
37223,45226,19806,0
37224,19767,39887,0
37225,116975,151811,0
37226,32206,119480,0
37227,4395,83542,0
37228,68667,99837,0
37229,27200,37452,0
37230,92625,66472,0
37231,79639,47963,0
37232,30733,90932,0
37233,17599,139939,0
37234,50329,148500,0
37235,21316,114901,0
37236,141378,16879,0
37237,18201,143099,0
37238,99048,138307,0
37239,121198,125514,0
37240,82886,20600,0
37241,71110,52181,0
37242,65977,133516,0
37243,1061,40924,0
37244,16631,141824,0
37245,88918,75065,0
37246,6726,1328,0
37247,72062,54956,0
37248,135231,57999,0
37249,58497,152619,0
37250,54208,90511,0
37251,91804,22579,0
37252,11732,89016,0
37253,23447,78642,0
37254,61735,110873,0
37255,137074,28851,0
37256,30103,17607,0
37257,123044,16398,0
37258,42690,16360,0
37259,106043,151522,0
37260,44811,21679,0
37261,20212,61188,0
37262,116741,151124,0
37263,25977,142585,0
37264,86591,15355,0
37265,12816,24449,0
37266,7030,3910,0
37267,146382,108473,0
37268,89829,57812,0
37269,14644,130110,0
37270,134741,18635,0
37271,7520,1555,0
37272,19971,154972,0
37273,139778,77177,0
37274,136402,42851,0
37275,27662,71456,0
37276,145806,8610,0
37277,61494,122797,0
37278,153614,117366,0
37279,38096,43811,0
37280,19842,97465,0
37281,51174,49206,0
37282,141055,86335,0
37283,35127,106406,0
37284,98170,103267,0
37285,138218,58551,0
37286,86225,93753,0
37287,103637,83668,0
37288,82923,44936,0
37289,55393,35959,0
37290,152505,126886,0
37291,104601,2740,0
37292,53080,87069,0
37293,141960,57554,0
37294,13953,72597,0
37295,69995,20998,0
37296,28742,37927,0
37297,93791,11256,0
37298,119904,132880,0
37299,82841,44379,0
37300,112624,148051,0
37301,29532,77008,0
37302,97729,65447,0
37303,1128,23153,0
37304,122796,57936,0
37305,4180,153006,0
37306,59429,66981,0
37307,125121,144244,0
37308,90502,49347,0
37309,41453,7056,0
37310,24598,5846,0
37311,38741,56896,0
37312,35226,55663,0
37313,148617,150661,0
37314,78101,153404,0
37315,33249,16135,0
37316,16641,2445,0
37317,130673,98592,0
37318,46927,145136,0
37319,35683,70120,0
37320,19208,138259,0
37321,152472,72472,0
37322,90961,12547,0
37323,126688,104168,0
37324,9662,109151,0
37325,29490,91914,0
37326,104297,144126,0
37327,154625,16021,0
37328,110219,49757,0
37329,9124,133130,0
37330,5022,154112,0
37331,19728,60217,0
37332,96526,116563,0
37333,84173,127427,0
37334,153794,47630,0
37335,65794,2576,0
37336,94515,78308,0
37337,29413,105179,0
37338,41460,126440,0
37339,148089,76016,0
37340,142853,33655,0
37341,95545,140095,0
37342,22643,90503,0
37343,129440,60138,0
37344,12018,141414,0
37345,11534,48201,0
37346,63224,12290,0
37347,74837,43280,0
37348,49820,141222,0
37349,49092,34052,0
37350,48194,117732,0
37351,79557,116688,0
37352,144442,113511,0
37353,72394,119416,0
37354,13907,56893,0
37355,89244,32810,0
37356,47170,7231,0
37357,137197,78623,0
37358,37447,54160,0
37359,151362,15075,0
37360,138504,142422,0
37361,132517,84369,0
37362,11521,128617,0
37363,56143,32500,0
37364,89562,57330,0
37365,95011,93599,0
37366,118214,51045,0
37367,105822,112756,0
37368,142497,42692,0
37369,65608,109358,0
37370,132039,154386,0
37371,35860,17307,0
37372,132727,116607,0
37373,115726,140656,0
37374,72047,91897,0
37375,81942,115333,0
37376,111688,72450,0
37377,144756,108378,0
37378,8578,35243,0
37379,52111,88577,0
37380,23585,123034,0
37381,97932,101394,0
37382,89322,5966,0
37383,8690,68916,0
37384,95383,117057,0
37385,112971,148597,0
37386,115788,126298,0
37387,6314,2653,0
37388,7595,143233,0
37389,151858,72158,0
37390,145430,102181,0
37391,75279,109244,0
37392,53135,115554,0
37393,150333,19582,0
37394,128801,46415,0
37395,65806,142538,0
37396,30476,144560,0
37397,21365,134294,0
37398,133268,134072,0
37399,84047,20950,0
37400,133386,40526,0
37401,105406,17348,0
37402,141924,64023,0
37403,25251,47378,0
37404,53978,83458,0
37405,137770,84934,0
37406,81376,79470,0
37407,150190,104054,0
37408,84572,134974,0
37409,37973,4050,0
37410,74221,43757,0
37411,65669,150117,0
37412,100998,49898,0
37413,139880,23207,0
37414,151743,24596,0
37415,138764,117218,0
37416,149619,74639,0
37417,81472,76784,0
37418,87049,17398,0
37419,53538,116102,0
37420,42877,97646,0
37421,44313,19609,0
37422,65391,99145,0
37423,57051,120338,0
37424,17607,91309,0
37425,134813,41977,0
37426,6926,123414,0
37427,9844,30797,0
37428,137,86289,0
37429,124460,117920,0
37430,111480,105395,0
37431,119606,17993,0
37432,28974,142172,0
37433,22512,86611,0
37434,50571,55000,0
37435,134299,153515,0
37436,33236,94702,0
37437,375,154467,0
37438,7188,60280,0
37439,120710,50767,0
37440,38033,147820,0
37441,110940,58194,0
37442,28774,110270,0
37443,60224,113255,0
37444,149712,42127,0
37445,22874,122694,0
37446,71852,152308,0
37447,50209,68452,0
37448,65614,89472,0
37449,86315,36915,0
37450,11900,151352,0
37451,131384,148310,0
37452,73896,149207,0
37453,152331,134479,0
37454,87840,114245,0
37455,18750,10760,0
37456,36305,136848,0
37457,69310,27807,0
37458,97830,152815,0
37459,47782,127820,0
37460,5266,82948,0
37461,104320,3444,0
37462,101869,78478,0
37463,44716,144095,0
37464,48712,131668,0
37465,73510,151313,0
37466,87060,69782,0
37467,98999,21351,0
37468,39492,62783,0
37469,92834,46343,0
37470,91176,153237,0
37471,153483,63672,0
37472,38112,22048,0
37473,129219,25803,0
37474,123055,102824,0
37475,122752,25000,0
37476,92358,65677,0
37477,12629,112465,0
37478,52923,56024,0
37479,150153,9092,0
37480,61284,28437,0
37481,77940,110084,0
37482,112246,71310,0
37483,105255,137986,0
37484,23676,68019,0
37485,2689,96356,0
37486,111268,140995,0
37487,151385,137758,0
37488,73187,76261,0
37489,44815,66127,0
37490,60682,2915,0
37491,22089,47973,0
37492,8196,114058,0
37493,153198,151650,0
37494,137378,60062,0
37495,107029,1501,0
37496,118786,114964,0
37497,11582,134163,0
37498,133722,126925,0
37499,150664,132819,0
37500,99262,145977,0
37501,14957,120461,0
37502,65661,90168,0
37503,105424,71629,0
37504,33466,67538,0
37505,153069,116438,0
37506,104209,14989,0
37507,107547,55348,0
37508,80425,41,0
37509,130174,58467,0
37510,141486,143370,0
37511,40630,147256,0
37512,79116,23477,0
37513,122460,34243,0
37514,61164,4281,0
37515,19563,61117,0
37516,146530,43300,0
37517,17729,11149,0
37518,54583,113135,0
37519,85803,107797,0
37520,145358,7107,0
37521,65635,129871,0
37522,85033,145657,0
37523,62812,36528,0
37524,21877,28437,0
37525,101764,8782,0
37526,10301,126240,0
37527,138151,124849,0
37528,64561,5642,0
37529,142494,24671,0
37530,92974,72897,0
37531,102791,112696,0
37532,105765,10045,0
37533,28176,122618,0
37534,62888,75332,0
37535,132532,5282,0
37536,61927,6143,0
37537,56518,62519,0
37538,55798,75622,0
37539,143846,101181,0
37540,42660,32235,0
37541,128910,86432,0
37542,1663,99067,0
37543,95795,6208,0
37544,56429,38517,0
37545,52161,83518,0
37546,60581,94609,0
37547,97393,109915,0
37548,32689,48681,0
37549,28739,75143,0
37550,20504,46572,0
37551,55332,88085,0
37552,118310,69998,0
37553,55352,98575,0
37554,113601,122717,0
37555,99754,83603,0
37556,132231,39692,0
37557,80356,150145,0
37558,75371,43700,0
37559,386,54846,0
37560,53886,65062,0
37561,93103,111182,0
37562,60087,39483,0
37563,106466,81237,0
37564,7191,99218,0
37565,69720,47292,0
37566,143322,142554,0
37567,57845,103031,0
37568,11183,50839,0
37569,10625,129059,0
37570,73577,61997,0
37571,125924,126741,0
37572,132191,143229,0
37573,146936,109996,0
37574,150895,149515,0
37575,75699,102034,0
37576,13284,31908,0
37577,99592,134478,0
37578,144739,113289,0
37579,63973,149052,0
37580,79389,79955,0
37581,131005,42457,0
37582,53398,42288,0
37583,33265,106336,0
37584,113651,83545,0
37585,98745,127419,0
37586,110459,57294,0
37587,30778,149998,0
37588,27365,9856,0
37589,114048,61669,0
37590,45153,54542,0
37591,21992,69962,0
37592,137110,37574,0
37593,57026,89753,0
37594,145943,76065,0
37595,144082,97416,0
37596,121411,126165,0
37597,69756,95224,0
37598,130311,1035,0
37599,87290,147973,0
37600,98678,140401,0
37601,120794,95372,0
37602,143153,83308,0
37603,53466,142916,0
37604,7379,665,0
37605,44018,60545,0
37606,109996,103854,0
37607,24238,154260,0
37608,15788,11359,0
37609,85347,123094,0
37610,135145,45363,0
37611,128086,63765,0
37612,152289,113090,0
37613,138228,145243,0
37614,32442,134407,0
37615,55645,53756,0
37616,87572,88179,0
37617,150210,133203,0
37618,131093,75616,0
37619,59886,4573,0
37620,132083,137027,0
37621,143604,14275,0
37622,138403,123572,0
37623,65565,123674,0
37624,114250,128648,0
37625,134785,15019,0
37626,136495,129444,0
37627,55841,104704,0
37628,137661,134413,0
37629,746,42626,0
37630,56501,120298,0
37631,33380,5811,0
37632,115453,124204,0
37633,12028,152941,0
37634,100248,1878,0
37635,46390,80445,0
37636,83100,117894,0
37637,67678,140092,0
37638,150191,109245,0
37639,34570,30571,0
37640,76717,8644,0
37641,12871,43604,0
37642,660,144362,0
37643,104081,51357,0
37644,134646,30594,0
37645,89260,50817,0
37646,89252,57727,0
37647,130199,88759,0
37648,44252,60878,0
37649,102736,134174,0
37650,148665,78393,0
37651,44946,61193,0
37652,84907,69548,0
37653,126618,138514,0
37654,104180,52554,0
37655,46744,37757,0
37656,11732,135194,0
37657,81677,88261,0
37658,111873,105567,0
37659,10826,37214,0
37660,70780,94706,0
37661,132008,102975,0
37662,89775,94714,0
37663,87055,122321,0
37664,109480,67975,0
37665,51344,36350,0
37666,99364,41884,0
37667,51025,2369,0
37668,130879,50059,0
37669,14788,138023,0
37670,112673,144078,0
37671,75244,60433,0
37672,143778,111292,0
37673,17944,1084,0
37674,117281,93741,0
37675,65612,72624,0
37676,85050,2189,0
37677,22274,146349,0
37678,133101,52087,0
37679,103608,31884,0
37680,117670,68115,0
37681,118533,3971,0
37682,45864,32710,0
37683,117057,39148,0
37684,91720,12582,0
37685,92265,103593,0
37686,131169,99907,0
37687,31337,15558,0
37688,21567,91357,0
37689,10607,131932,0
37690,117348,17764,0
37691,145490,153485,0
37692,107206,90347,0
37693,68868,45458,0
37694,54150,50745,0
37695,15997,33231,0
37696,70063,144800,0
37697,64184,120567,0
37698,120717,101142,0
37699,48854,74468,0
37700,43550,12354,0
37701,141598,30222,0
37702,48453,106321,0
37703,84854,11207,0
37704,10162,94153,0
37705,54716,15721,0
37706,86149,151677,0
37707,16334,74123,0
37708,72355,36148,0
37709,60421,59168,0
37710,22042,673,0
37711,81327,78709,0
37712,47459,80139,0
37713,151594,81532,0
37714,92743,91599,0
37715,124018,135665,0
37716,70016,129093,0
37717,1944,29330,0
37718,106346,136161,0
37719,33151,28598,0
37720,76782,105348,0
37721,11732,101879,0
37722,114709,132306,0
37723,135858,108432,0
37724,144807,108286,0
37725,50270,70271,0
37726,76674,25189,0
37727,11782,143975,0
37728,154402,29441,0
37729,47916,25541,0
37730,42798,131343,0
37731,14249,137752,0
37732,30050,153649,0
37733,49229,11171,0
37734,138713,141258,0
37735,77568,106103,0
37736,5231,47712,0
37737,96425,6755,0
37738,88157,97848,0
37739,26494,41647,0
37740,21946,117156,0
37741,96304,54113,0
37742,140730,109862,0
37743,90671,11588,0
37744,13597,151922,0
37745,89062,144014,0
37746,98554,115794,0
37747,82784,92029,0
37748,47671,1330,0
37749,55151,71730,0
37750,153178,111112,0
37751,100532,68737,0
37752,48498,134427,0
37753,83709,135149,0
37754,12988,55611,0
37755,116586,151767,0
37756,42873,31178,0
37757,135451,151971,0
37758,107825,100198,0
37759,69438,85694,0
37760,116579,63774,0
37761,35105,112585,0
37762,56707,142357,0
37763,103239,48488,0
37764,107520,44628,0
37765,35102,13497,0
37766,132414,130650,0
37767,13347,97084,0
37768,49074,90376,0
37769,102735,128337,0
37770,79914,100215,0
37771,57039,67672,0
37772,135489,8937,0
37773,105925,105181,0
37774,1405,56756,0
37775,14160,56603,0
37776,119778,58481,0
37777,88314,48668,0
37778,48601,95782,0
37779,111575,144193,0
37780,43894,47892,0
37781,40495,96807,0
37782,52638,103040,0
37783,136133,30632,0
37784,83665,35015,0
37785,90110,93109,0
37786,73049,100632,0
37787,112233,97338,0
37788,23179,98403,0
37789,48583,79604,0
37790,73255,55358,0
37791,97881,55529,0
37792,27252,99080,0
37793,42498,60367,0
37794,11175,102141,0
37795,98361,126629,0
37796,19093,51568,0
37797,11391,46309,0
37798,122481,53274,0
37799,49997,22648,0
37800,76763,54999,0
37801,52890,97656,0
37802,9812,71735,0
37803,24399,146337,0
37804,131693,18168,0
37805,93093,30049,0
37806,72377,120469,0
37807,117429,1852,0
37808,22437,82309,0
37809,123304,33070,0
37810,147963,38166,0
37811,154172,83219,0
37812,93576,100515,0
37813,43273,150526,0
37814,5266,118343,0
37815,115376,40897,0
37816,7030,65765,0
37817,12028,125407,0
37818,132509,55910,0
37819,91787,40783,0
37820,103716,76199,0
37821,70595,67739,0
37822,74408,137904,0
37823,78224,152628,0
37824,101169,64846,0
37825,147912,103723,0
37826,77796,8676,0
37827,152220,129853,0
37828,96681,10795,0
37829,71953,87715,0
37830,64333,140488,0
37831,148554,121883,0
37832,9908,99720,0
37833,134780,89926,0
37834,84919,55288,0
37835,122802,4148,0
37836,124959,93320,0
37837,145183,56309,0
37838,9485,1805,0
37839,32359,65294,0
37840,150813,34394,0
37841,14774,70789,0
37842,135074,131089,0
37843,75455,53055,0
37844,96243,99484,0
37845,151858,62931,0
37846,107039,2457,0
37847,122226,150897,0
37848,6152,74317,0
37849,17892,99101,0
37850,2330,108390,0
37851,23164,59050,0
37852,119234,2892,0
37853,80948,5974,0
37854,119202,50613,0
37855,126203,10333,0
37856,47587,113705,0
37857,34943,59581,0
37858,77484,143939,0
37859,83110,2865,0
37860,79966,23146,0
37861,104299,47083,0
37862,95238,23995,0
37863,99255,9876,0
37864,46948,139824,0
37865,118205,127068,0
37866,34077,149310,0
37867,151371,55297,0
37868,16535,60164,0
37869,89844,48421,0
37870,55912,123425,0
37871,144286,137270,0
37872,4681,64140,0
37873,35399,96213,0
37874,144244,43148,0
37875,93930,119426,0
37876,17583,60234,0
37877,44110,106941,0
37878,66914,32178,0
37879,88217,112568,0
37880,49811,139994,0
37881,127927,142396,0
37882,24696,145006,0
37883,79586,109323,0
37884,100124,49494,0
37885,121168,115608,0
37886,81520,29465,0
37887,69584,94734,0
37888,12098,3232,0
37889,49905,61976,0
37890,148394,150679,0
37891,92616,104318,0
37892,61062,116145,0
37893,54406,147770,0
37894,125733,3709,0
37895,100205,73314,0
37896,123856,51388,0
37897,92821,123992,0
37898,91139,108891,0
37899,146115,104353,0
37900,130023,107016,0
37901,143149,133087,0
37902,113385,83988,0
37903,78064,155000,0
37904,105912,37057,0
37905,102656,128826,0
37906,130264,98202,0
37907,122822,128726,0
37908,91056,68761,0
37909,30279,125768,0
37910,74105,114702,0
37911,95932,11350,0
37912,112289,23509,0
37913,122745,76104,0
37914,49149,62459,0
37915,155137,152650,0
37916,144152,35821,0
37917,51733,125143,0
37918,96469,31671,0
37919,88405,101961,0
37920,99438,26760,0
37921,9645,120462,0
37922,6960,58092,0
37923,139602,39044,0
37924,28533,20307,0
37925,83215,140728,0
37926,147019,94441,0
37927,8947,55858,0
37928,64559,3971,0
37929,85483,88762,0
37930,44867,28289,0
37931,38455,149787,0
37932,105396,123031,0
37933,46626,68844,0
37934,39088,15306,0
37935,134376,117137,0
37936,64302,32401,0
37937,25728,58137,0
37938,37162,41061,0
37939,154587,2745,0
37940,31549,113820,0
37941,147737,31184,0
37942,139728,16680,0
37943,47003,142631,0
37944,148334,140802,0
37945,26962,12336,0
37946,60170,74589,0
37947,64365,109261,0
37948,114823,97671,0
37949,136188,44971,0
37950,7467,79507,0
37951,114301,29993,0
37952,114676,115805,0
37953,5858,146243,0
37954,109006,142351,0
37955,70029,54032,0
37956,152653,45642,0
37957,83202,16089,0
37958,117185,408,0
37959,28391,76739,0
37960,112112,96448,0
37961,27376,24387,0
37962,33946,16819,0
37963,115328,17586,0
37964,5477,65543,0
37965,143773,123840,0
37966,121660,134735,0
37967,17063,124557,0
37968,72002,145704,0
37969,4378,79382,0
37970,66712,41424,0
37971,59738,53650,0
37972,144457,67901,0
37973,11533,123949,0
37974,37716,43019,0
37975,46357,57704,0
37976,26031,48502,0
37977,84825,66184,0
37978,24157,118209,0
37979,39963,38241,0
37980,19083,1045,0
37981,74896,134138,0
37982,113365,142180,0
37983,2744,119028,0
37984,132432,114132,0
37985,82344,48875,0
37986,65393,114122,0
37987,153498,142552,0
37988,37945,130632,0
37989,116870,50761,0
37990,63096,59616,0
37991,15907,40798,0
37992,38094,47518,0
37993,140988,111673,0
37994,99496,153718,0
37995,104081,62421,0
37996,26095,67844,0
37997,72125,116723,0
37998,24535,103059,0
37999,140657,10332,0
38000,10911,139532,0
38001,69765,117864,0
38002,24011,96184,0
38003,145490,147141,0
38004,107371,64878,0
38005,96874,149219,0
38006,107237,134709,0
38007,111991,68280,0
38008,128832,56927,0
38009,57233,34199,0
38010,146672,139091,0
38011,30753,109458,0
38012,36426,199,0
38013,94777,83018,0
38014,70696,70959,0
38015,126046,14969,0
38016,71879,62819,0
38017,122418,46039,0
38018,66099,73077,0
38019,99790,13851,0
38020,107393,130105,0
38021,150500,136938,0
38022,85005,10337,0
38023,32798,109347,0
38024,137502,149273,0
38025,25581,6074,0
38026,53336,89174,0
38027,151351,83689,0
38028,49246,39898,0
38029,33038,119335,0
38030,80132,89434,0
38031,66813,74782,0
38032,147401,35305,0
38033,68854,101519,0
38034,71101,23698,0
38035,59212,196,0
38036,44571,16040,0
38037,44903,16149,0
38038,90572,14605,0
38039,83165,61476,0
38040,21581,149544,0
38041,126814,44575,0
38042,123217,46043,0
38043,135949,119747,0
38044,51183,150971,0
38045,85778,13174,0
38046,11273,142510,0
38047,108901,19609,0
38048,4829,146986,0
38049,27463,20673,0
38050,144630,37996,0
38051,4609,153212,0
38052,137407,11269,0
38053,22093,103420,0
38054,61609,40468,0
38055,32042,67622,0
38056,48787,103986,0
38057,77707,75703,0
38058,139865,138449,0
38059,62588,73264,0
38060,88099,84822,0
38061,103288,126229,0
38062,30483,58783,0
38063,139231,42060,0
38064,9359,109291,0
38065,26868,137278,0
38066,91805,77001,0
38067,32861,34938,0
38068,21319,141662,0
38069,98138,106067,0
38070,73738,139056,0
38071,10492,35291,0
38072,81666,142433,0
38073,87457,119369,0
38074,69633,107565,0
38075,143521,63468,0
38076,148450,148148,0
38077,61028,451,0
38078,12096,109259,0
38079,134462,88101,0
