,nodeid1,nodeid2,label
0,65014,54460,0
1,38917,126279,0
2,57274,137105,0
3,88498,30407,0
4,11029,61537,0
5,138792,45966,0
6,23376,8430,0
7,55765,81560,0
8,94901,105937,0
9,51928,152447,0
10,56522,128622,0
11,26245,87846,0
12,110567,6171,0
13,21675,79190,0
14,126961,53647,0
15,1489,55275,0
16,80174,114020,0
17,46804,11309,0
18,75268,116828,0
19,141447,125479,0
20,5237,146580,0
21,85519,29963,0
22,122179,45758,0
23,54177,28882,0
24,3285,22040,0
25,30046,44132,0
26,88145,72720,0
27,137586,69895,0
28,70208,69804,0
29,37993,99012,0
30,28075,10235,0
31,90663,19359,0
32,27762,142892,0
33,109125,42239,0
34,96794,132982,0
35,126172,18092,0
36,41461,150314,0
37,28569,154822,0
38,148303,34930,0
39,28648,116405,0
40,47142,43413,0
41,115242,16623,0
42,81564,18464,0
43,8305,103964,0
44,52889,45400,0
45,36262,73865,0
46,28271,55961,0
47,84896,135054,0
48,145302,70613,0
49,145325,22770,0
50,131615,91768,0
51,77024,59173,0
52,121660,89118,0
53,82124,29012,0
54,6702,148211,0
55,142888,2428,0
56,95013,36666,0
57,24653,89684,0
58,5474,68285,0
59,147602,45636,0
60,43981,90929,0
61,26609,872,0
62,106958,29367,0
63,123449,20854,0
64,76341,149568,0
65,112269,66959,0
66,3777,62844,0
67,139558,150949,0
68,38175,139310,0
69,70859,39874,0
70,112730,48647,0
71,133000,30274,0
72,36920,99914,0
73,44633,99845,0
74,31491,61036,0
75,41855,91355,0
76,136088,106246,0
77,95915,80723,0
78,37677,76316,0
79,70257,73901,0
80,89386,79071,0
81,66950,8988,0
82,135606,152185,0
83,20815,144012,0
84,70802,9509,0
85,91493,130217,0
86,99741,124149,0
87,142173,56030,0
88,32562,113069,0
89,7168,133854,0
90,59254,27410,0
91,11828,46331,0
92,62551,87404,0
93,147120,127459,0
94,110110,93327,0
95,74297,21251,0
96,67906,110246,0
97,12446,109911,0
98,114062,71199,0
99,103253,55479,0
100,127945,93200,0
101,134940,43329,0
102,17352,74701,0
103,96263,102867,0
104,37012,24739,0
105,29110,128198,0
106,41375,71094,0
107,108600,39371,0
108,144718,132485,0
109,70504,24671,0
110,108524,134237,0
111,115811,50436,0
112,65020,3009,0
113,114455,85539,0
114,24322,138832,0
115,146422,154983,0
116,38879,24892,0
117,111440,152736,0
118,125354,10728,0
119,27482,131415,0
120,135059,9344,0
121,85479,85088,0
122,100968,58011,0
123,91568,139511,0
124,112623,41109,0
125,137970,132380,0
126,147697,125767,0
127,145583,73845,0
128,111858,63909,0
129,46853,143066,0
130,54469,128223,0
131,16217,145760,0
132,44353,83368,0
133,74795,146693,0
134,94586,105367,0
135,153397,30673,0
136,129289,46011,0
137,137631,58040,0
138,121720,124352,0
139,145155,7185,0
140,122645,110765,0
141,153267,94886,0
142,110264,125609,0
143,41523,108823,0
144,103567,45263,0
145,148303,147618,0
146,46654,51268,0
147,149577,126062,0
148,147094,80542,0
149,135756,140154,0
150,42212,35080,0
151,149204,54818,0
152,106604,48536,0
153,67667,87920,0
154,82803,148893,0
155,23845,93644,0
156,118899,18009,0
157,18853,145773,0
158,111378,148676,0
159,20039,145367,0
160,143473,44738,0
161,47979,105138,0
162,70185,58150,0
163,103097,112494,0
164,107263,66830,0
165,47773,121177,0
166,50595,1755,0
167,83000,39594,0
168,134741,110620,0
169,146912,104610,0
170,150209,5067,0
171,109601,144743,0
172,24613,109051,0
173,83100,73029,0
174,43603,110823,0
175,42998,66769,0
176,103571,111424,0
177,88790,30496,0
178,83677,4500,0
179,567,55301,0
180,99070,141429,0
181,137703,109212,0
182,24957,143058,0
183,111672,85295,0
184,42805,127472,0
185,132571,49201,0
186,90744,60407,0
187,51825,63270,0
188,76352,117373,0
189,65096,129668,0
190,75984,115242,0
191,131695,101218,0
192,86096,34817,0
193,78183,90068,0
194,87229,55884,0
195,91405,46979,0
196,120848,16545,0
197,133944,154758,0
198,14393,137387,0
199,121157,23859,0
200,88666,38640,0
201,43425,135780,0
202,127762,96134,0
203,1641,6561,0
204,114088,5566,0
205,139367,150345,0
206,143688,79163,0
207,150428,151134,0
208,104142,12247,0
209,21840,5803,0
210,75582,111517,0
211,20286,81509,0
212,13672,32522,0
213,102293,42816,0
214,64270,50900,0
215,83920,149604,0
216,30653,72152,0
217,44347,19847,0
218,20680,87711,0
219,101085,81823,0
220,107142,117662,0
221,28961,116517,0
222,151743,108687,0
223,61336,101029,0
224,105689,33560,0
225,15588,148762,0
226,46788,113121,0
227,34940,54198,0
228,103524,34110,0
229,25175,138388,0
230,12215,88304,0
231,95275,98302,0
232,76921,148262,0
233,17028,154669,0
234,65614,3611,0
235,19085,104331,0
236,69386,104165,0
237,34962,10727,0
238,106123,53969,0
239,27858,93877,0
240,114092,18239,0
241,56109,69783,0
242,93229,22109,0
243,2536,9171,0
244,44599,23595,0
245,127123,42235,0
246,150610,53401,0
247,13543,43225,0
248,53449,4601,0
249,81320,57155,0
250,143826,55686,0
251,27875,135242,0
252,123885,140754,0
253,134841,19330,0
254,66353,67752,0
255,41900,12209,0
256,777,86178,0
257,34486,146376,0
258,69765,18289,0
259,142568,109250,0
260,6224,22415,0
261,116234,126518,0
262,46582,154576,0
263,7420,87495,0
264,46272,108352,0
265,131386,89445,0
266,71528,142778,0
267,16359,85600,0
268,112605,59607,0
269,138229,112912,0
270,152476,32607,0
271,21756,14273,0
272,84256,35517,0
273,42170,79749,0
274,9081,34565,0
275,89936,130404,0
276,131598,75959,0
277,65535,119987,0
278,129353,19164,0
279,87904,80434,0
280,113694,118452,0
281,119215,151295,0
282,118237,144585,0
283,16574,89913,0
284,86051,43559,0
285,39916,93180,0
286,41531,58910,0
287,22259,31321,0
288,4129,137494,0
289,2951,62365,0
290,39700,6225,0
291,137939,118239,0
292,107990,104901,0
293,64825,144338,0
294,154177,84545,0
295,82534,131055,0
296,130816,118820,0
297,137968,41942,0
298,17683,109697,0
299,35365,126218,0
300,132558,142185,0
301,86795,41957,0
302,39383,81607,0
303,30684,78218,0
304,98488,67715,0
305,85481,151718,0
306,120668,9131,0
307,87526,119169,0
308,132750,135633,0
309,100695,90860,0
310,42541,63200,0
311,79865,99321,0
312,41382,44699,0
313,141259,108538,0
314,136067,117099,0
315,68168,23338,0
316,79122,5439,0
317,17927,39759,0
318,127739,143011,0
319,119718,80571,0
320,99855,15176,0
321,124303,23721,0
322,121708,63579,0
323,137841,87246,0
324,27136,97653,0
325,129672,52831,0
326,92603,115286,0
327,25581,112137,0
328,47546,81506,0
329,61358,140260,0
330,62120,67471,0
331,65590,106300,0
332,45805,4266,0
333,133340,20612,0
334,35979,16586,0
335,1213,84554,0
336,77305,31617,0
337,30880,94408,0
338,118865,30742,0
339,22091,102915,0
340,122201,13480,0
341,100126,136507,0
342,145558,136755,0
343,141566,121672,0
344,128278,56586,0
345,71585,130950,0
346,137470,140334,0
347,76509,35251,0
348,39450,11166,0
349,94705,72680,0
350,105780,86715,0
351,108321,11798,0
352,110077,58176,0
353,137053,57603,0
354,92572,22431,0
355,125634,102423,0
356,37843,43971,0
357,121098,94686,0
358,124549,96856,0
359,76586,94633,0
360,138750,76117,0
361,94377,4184,0
362,122912,54472,0
363,104073,47808,0
364,74719,128205,0
365,98795,8522,0
366,112498,102160,0
367,41865,154012,0
368,5167,145467,0
369,57376,49603,0
370,64403,69901,0
371,44753,55357,0
372,57862,102773,0
373,138993,108508,0
374,149752,15264,0
375,49835,994,0
376,150504,144053,0
377,3582,60219,0
378,127010,122465,0
379,22494,94315,0
380,99760,92179,0
381,21780,147200,0
382,71822,152717,0
383,66338,43683,0
384,101864,98350,0
385,9049,112420,0
386,150998,72359,0
387,44747,41750,0
388,46150,138971,0
389,54108,107687,0
390,16000,96991,0
391,25175,138449,0
392,16293,79530,0
393,110060,50687,0
394,101611,119412,0
395,49149,55486,0
396,120060,118200,0
397,98092,111872,0
398,116173,65737,0
399,29248,14778,0
400,106313,72388,0
401,132793,61813,0
402,76207,115281,0
403,57205,116999,0
404,58875,95231,0
405,114592,32888,0
406,111514,9687,0
407,41881,23777,0
408,123743,90844,0
409,49969,81881,0
410,32468,67609,0
411,29995,8815,0
412,146678,84401,0
413,133445,54010,0
414,129190,115592,0
415,81358,88787,0
416,79300,2397,0
417,34586,124650,0
418,37536,98148,0
419,87543,137210,0
420,44548,127604,0
421,33204,63166,0
422,33442,13481,0
423,64761,93504,0
424,60447,142880,0
425,132943,28299,0
426,109268,115481,0
427,2115,138038,0
428,53233,101239,0
429,29669,24686,0
430,10450,126908,0
431,4159,34165,0
432,27577,107734,0
433,146368,41695,0
434,28467,36856,0
435,18087,121486,0
436,107878,44229,0
437,85893,1020,0
438,73480,68816,0
439,38339,72250,0
440,133692,66115,0
441,26426,50740,0
442,110022,86196,0
443,35693,62909,0
444,32486,8942,0
445,68229,82767,0
446,74607,146666,0
447,138581,104607,0
448,29919,87345,0
449,139772,122071,0
450,109455,38190,0
451,139892,11570,0
452,22051,36029,0
453,132258,129846,0
454,148010,146879,0
455,53632,48325,0
456,32220,44654,0
457,89440,9178,0
458,17604,117428,0
459,154279,108082,0
460,28050,112502,0
461,118825,92704,0
462,41745,61650,0
463,145355,26004,0
464,36934,77936,0
465,41203,146269,0
466,82838,130589,0
467,121092,97884,0
468,11439,128667,0
469,149134,37796,0
470,6761,134235,0
471,13797,103658,0
472,93322,22184,0
473,116454,36664,0
474,119437,3575,0
475,12423,111520,0
476,141912,65766,0
477,113041,24748,0
478,116082,103735,0
479,6716,17933,0
480,79487,146642,0
481,94359,143924,0
482,75417,17122,0
483,124090,151134,0
484,66641,12286,0
485,96117,103574,0
486,25280,132426,0
487,144636,37951,0
488,89049,117787,0
489,68196,130739,0
490,6203,17479,0
491,21157,144972,0
492,18742,90631,0
493,150671,142602,0
494,410,70719,0
495,25084,56781,0
496,147541,118271,0
497,17438,80229,0
498,27825,48863,0
499,45310,79845,0
500,25157,19822,0
501,107613,87068,0
502,121549,41006,0
503,67897,133074,0
504,139636,53859,0
505,34084,134889,0
506,123201,109549,0
507,41667,142132,0
508,49699,66948,0
509,135894,87261,0
510,94324,3055,0
511,27977,65462,0
512,151752,62433,0
513,103783,106032,0
514,26749,34474,0
515,146410,73389,0
516,34856,104164,0
517,92794,53795,0
518,56029,153954,0
519,45520,115229,0
520,112764,125025,0
521,85143,144340,0
522,144058,117645,0
523,76414,49662,0
524,153704,3196,0
525,27284,63911,0
526,79525,110795,0
527,123936,35958,0
528,133746,125899,0
529,154211,102294,0
530,32533,148063,0
531,27769,80548,0
532,93735,85828,0
533,115343,6600,0
534,104008,129090,0
535,106411,29082,0
536,133849,71922,0
537,37743,124374,0
538,72120,5484,0
539,116784,58472,0
540,125083,105095,0
541,96339,93996,0
542,69735,16446,0
543,149697,7486,0
544,30466,118570,0
545,96086,124779,0
546,149019,32639,0
547,8589,96674,0
548,40270,132795,0
549,3723,129899,0
550,75239,115569,0
551,106658,13409,0
552,68702,30044,0
553,106530,146165,0
554,56584,88623,0
555,22259,1356,0
556,143377,149897,0
557,1645,18704,0
558,114270,785,0
559,30720,124988,0
560,12018,146828,0
561,72667,124800,0
562,42303,111756,0
563,17055,2929,0
564,145737,57826,0
565,50977,143143,0
566,101135,130583,0
567,9314,8091,0
568,134021,103499,0
569,70092,142575,0
570,111735,15973,0
571,76877,7168,0
572,152422,53613,0
573,114990,66190,0
574,65176,28763,0
575,15481,123540,0
576,117907,141101,0
577,136361,68227,0
578,15332,83104,0
579,133402,109019,0
580,113287,20592,0
581,91011,141503,0
582,107117,116072,0
583,86735,15358,0
584,123593,9528,0
585,73010,105446,0
586,34746,45472,0
587,130559,49442,0
588,140387,12823,0
589,86751,37114,0
590,15783,78510,0
591,7363,78392,0
592,109672,4294,0
593,122939,34521,0
594,27446,138212,0
595,54861,51143,0
596,86411,76071,0
597,113307,4074,0
598,324,152973,0
599,40808,21309,0
600,100509,96386,0
601,111404,83868,0
602,11978,240,0
603,60320,104487,0
604,55579,119363,0
605,110721,43613,0
606,74993,100731,0
607,82067,117575,0
608,75086,23663,0
609,80437,59884,0
610,28136,40879,0
611,88706,117150,0
612,98036,154576,0
613,25413,145352,0
614,132072,1823,0
615,49335,48127,0
616,55642,136559,0
617,33173,139531,0
618,63840,78708,0
619,141333,18215,0
620,144798,115194,0
621,13429,74420,0
622,49557,130680,0
623,30610,35999,0
624,113570,57449,0
625,132456,68142,0
626,66288,122982,0
627,26064,93031,0
628,36140,117378,0
629,51399,102164,0
630,96176,9987,0
631,137178,72887,0
632,76398,2464,0
633,24257,119727,0
634,10773,67742,0
635,141657,94004,0
636,61914,97029,0
637,134841,110401,0
638,26009,140886,0
639,13451,37906,0
640,86369,89343,0
641,51392,1151,0
642,5682,145836,0
643,125779,125968,0
644,65332,83555,0
645,47683,26313,0
646,29046,139701,0
647,33466,106426,0
648,136487,71991,0
649,118256,75710,0
650,97866,51701,0
651,16143,121987,0
652,100205,74702,0
653,112124,147551,0
654,8775,116639,0
655,4030,95593,0
656,87608,72886,0
657,20117,116881,0
658,24571,50506,0
659,94608,59261,0
660,93825,99964,0
661,34552,135993,0
662,55273,129121,0
663,88625,137865,0
664,76097,67843,0
665,81153,140132,0
666,136873,10663,0
667,86368,14635,0
668,94264,136493,0
669,14053,16496,0
670,41491,89054,0
671,126328,149476,0
672,49154,47011,0
673,101904,119311,0
674,78522,77914,0
675,151090,75834,0
676,152891,26488,0
677,88473,66079,0
678,57818,49234,0
679,2087,109124,0
680,85590,131675,0
681,14750,133085,0
682,92784,41860,0
683,36542,110460,0
684,98011,123180,0
685,152749,92597,0
686,3697,4211,0
687,111257,76096,0
688,77608,49200,0
689,112088,18293,0
690,25272,145334,0
691,74543,149142,0
692,77386,93148,0
693,16334,8959,0
694,3378,11879,0
695,60910,10903,0
696,38016,35639,0
697,68080,94640,0
698,52293,145026,0
699,14543,153626,0
700,46138,51778,0
701,23333,145077,0
702,128396,133823,0
703,103019,152786,0
704,58867,32212,0
705,35901,14103,0
706,13011,78207,0
707,20011,65336,0
708,151508,150583,0
709,60267,131115,0
710,69722,69721,0
711,147560,33136,0
712,56767,22152,0
713,109625,132623,0
714,104857,27410,0
715,124727,59718,0
716,71667,66709,0
717,139941,57534,0
718,32746,119032,0
719,20282,45950,0
720,14679,101961,0
721,152411,9612,0
722,62886,31030,0
723,84998,34514,0
724,32576,71418,0
725,94226,31363,0
726,51014,120937,0
727,91224,116970,0
728,91295,62470,0
729,40294,102697,0
730,145320,131927,0
731,27662,127438,0
732,65432,133749,0
733,107919,139807,0
734,75177,127789,0
735,136666,141244,0
736,28778,98764,0
737,16964,76320,0
738,33893,12677,0
739,38417,55630,0
740,56500,94235,0
741,71497,144016,0
742,117045,103047,0
743,144687,140690,0
744,104662,86506,0
745,135156,81193,0
746,88399,105872,0
747,50716,52326,0
748,24903,73471,0
749,18866,81649,0
750,83746,5377,0
751,150437,144794,0
752,120035,54214,0
753,80995,116512,0
754,65168,52808,0
755,121187,15995,0
756,28801,67582,0
757,143701,123810,0
758,143302,130657,0
759,83191,38243,0
760,99122,54130,0
761,27200,80671,0
762,71679,119691,0
763,147994,11985,0
764,128159,90539,0
765,77682,135377,0
766,88549,119324,0
767,153748,43459,0
768,144764,10825,0
769,20202,34538,0
770,64404,145656,0
771,71074,89168,0
772,45429,152977,0
773,142268,26475,0
774,41555,121675,0
775,35496,57037,0
776,97970,134023,0
777,153253,119750,0
778,69306,58113,0
779,35151,92500,0
780,37037,78263,0
781,14070,138393,0
782,15612,145848,0
783,47767,120037,0
784,36025,119328,0
785,2612,96873,0
786,1390,55287,0
787,36278,18567,0
788,20703,11264,0
789,67202,127623,0
790,129866,98352,0
791,73571,104328,0
792,21493,50172,0
793,88184,8404,0
794,68658,153595,0
795,45680,143019,0
796,64163,42154,0
797,123910,104021,0
798,113760,13951,0
799,46338,95811,0
800,32969,90935,0
801,135037,137679,0
802,153434,134354,0
803,115330,142328,0
804,128373,43625,0
805,76531,150313,0
806,148348,41260,0
807,60162,101594,0
808,111911,23598,0
809,71589,21936,0
810,13443,58348,0
811,69989,49469,0
812,57042,131425,0
813,75061,141385,0
814,42860,37986,0
815,7229,40553,0
816,75382,116233,0
817,75721,147975,0
818,84296,148778,0
819,145463,72506,0
820,128156,53872,0
821,106949,105769,0
822,121890,65780,0
823,13658,70198,0
824,620,113399,0
825,2801,126155,0
826,110857,122766,0
827,9151,20139,0
828,86471,23237,0
829,30157,90068,0
830,24259,95866,0
831,141426,86424,0
832,43698,39605,0
833,26291,100930,0
834,79924,136728,0
835,110290,47753,0
836,78533,123749,0
837,44273,93173,0
838,19233,147793,0
839,46220,68019,0
840,152428,4602,0
841,116598,146194,0
842,73139,94341,0
843,42585,23446,0
844,112237,28282,0
845,107828,11697,0
846,113800,154047,0
847,127032,23346,0
848,41348,24294,0
849,106378,93286,0
850,43150,121002,0
851,5459,31998,0
852,107721,80897,0
853,66602,111153,0
854,5529,140630,0
855,79391,744,0
856,23285,23523,0
857,50039,113317,0
858,89784,321,0
859,102314,129997,0
860,117778,121690,0
861,141381,76429,0
862,40039,8183,0
863,30236,55379,0
864,47679,11817,0
865,119854,36689,0
866,35483,26744,0
867,95458,23113,0
868,81389,34795,0
869,129406,55504,0
870,71307,115893,0
871,64559,86346,0
872,133966,119413,0
873,120554,15644,0
874,141012,36695,0
875,113088,31918,0
876,6573,31677,0
877,52326,141553,0
878,65918,95522,0
879,681,47760,0
880,133813,10427,0
881,44623,77690,0
882,150567,141057,0
883,128944,120430,0
884,153395,13727,0
885,16375,86260,0
886,54397,14136,0
887,3784,26379,0
888,6290,145222,0
889,118287,2585,0
890,17142,121981,0
891,50470,62398,0
892,133802,76934,0
893,24859,88545,0
894,44848,63216,0
895,23937,86219,0
896,70882,140016,0
897,55268,60030,0
898,19950,143474,0
899,150500,114305,0
900,152277,13619,0
901,133407,27638,0
902,80908,242,0
903,74040,21144,0
904,41871,118327,0
905,5550,77421,0
906,134803,84273,0
907,104553,46146,0
908,65509,82724,0
909,65366,55671,0
910,89107,8108,0
911,31618,77524,0
912,86197,27152,0
913,33203,77296,0
914,107354,84642,0
915,128770,114495,0
916,100290,20746,0
917,140523,5045,0
918,55194,99304,0
919,25120,100648,0
920,29786,122944,0
921,45572,62972,0
922,82999,24759,0
923,51187,147203,0
924,29150,99538,0
925,81052,58662,0
926,100227,52408,0
927,146563,112652,0
928,53160,8257,0
929,141738,36741,0
930,49855,95592,0
931,23573,8978,0
932,124898,52224,0
933,48140,80019,0
934,105109,135985,0
935,64039,85552,0
936,147852,78123,0
937,102846,127533,0
938,78309,73041,0
939,21984,49854,0
940,79972,47777,0
941,19695,144751,0
942,123980,68586,0
943,30877,6646,0
944,69307,4002,0
945,140496,68524,0
946,89063,90481,0
947,92333,105272,0
948,42674,52348,0
949,136218,85880,0
950,152455,147175,0
951,147996,122671,0
952,125308,72407,0
953,39531,132835,0
954,27770,138493,0
955,5389,58459,0
956,38177,149745,0
957,91731,123588,0
958,94475,12186,0
959,48423,111335,0
960,67226,45487,0
961,119268,43557,0
962,47534,74813,0
963,48715,45005,0
964,114147,106330,0
965,123728,139931,0
966,21260,85903,0
967,132343,114174,0
968,89049,23372,0
969,38286,150292,0
970,60116,27330,0
971,13837,99658,0
972,129360,80365,0
973,80680,68609,0
974,82716,7812,0
975,128572,61871,0
976,120051,85618,0
977,136115,106692,0
978,151812,14800,0
979,42026,6688,0
980,154425,36524,0
981,130210,6538,0
982,141582,67898,0
983,24011,92208,0
984,87237,151775,0
985,123960,121152,0
986,121926,138778,0
987,40849,146095,0
988,90065,147609,0
989,71667,21262,0
990,17046,138081,0
991,13507,22244,0
992,24125,110553,0
993,138438,50162,0
994,106019,147898,0
995,105907,85387,0
996,52839,27308,0
997,131066,33249,0
998,104236,84059,0
999,124636,31345,0
1000,132084,41798,0
1001,51692,16262,0
1002,93708,115906,0
1003,152676,125291,0
1004,109451,67398,0
1005,79773,121238,0
1006,55618,126974,0
1007,80184,139302,0
1008,86875,100710,0
1009,4939,78520,0
1010,44163,152432,0
1011,97101,8014,0
1012,153233,134316,0
1013,44317,54759,0
1014,107437,119853,0
1015,69428,13406,0
1016,42137,82602,0
1017,118295,42815,0
1018,48778,144420,0
1019,34954,112978,0
1020,13434,150120,0
1021,137341,26720,0
1022,147041,61816,0
1023,70325,33109,0
1024,148164,8949,0
1025,19068,26162,0
1026,56976,59522,0
1027,68801,5897,0
1028,135053,148841,0
1029,33224,7718,0
1030,39683,61292,0
1031,44925,21182,0
1032,119019,37499,0
1033,66785,10749,0
1034,86874,61760,0
1035,56285,64771,0
1036,100504,99780,0
1037,147869,48797,0
1038,33224,78390,0
1039,24958,125919,0
1040,33392,129486,0
1041,98725,131911,0
1042,4042,59034,0
1043,94451,33889,0
1044,50769,37938,0
1045,102302,381,0
1046,20973,79761,0
1047,14878,52157,0
1048,3723,43750,0
1049,115512,48366,0
1050,44837,96555,0
1051,8751,79840,0
1052,43890,44329,0
1053,26810,94593,0
1054,74670,79152,0
1055,62436,11832,0
1056,106918,3593,0
1057,36119,98835,0
1058,103071,31444,0
1059,35146,89820,0
1060,114984,118148,0
1061,84700,131096,0
1062,93070,25725,0
1063,139694,114424,0
1064,99235,36350,0
1065,3397,135472,0
1066,154783,43599,0
1067,82007,141430,0
1068,90600,69682,0
1069,43275,53734,0
1070,136942,61413,0
1071,129395,70184,0
1072,128238,94935,0
1073,138276,107109,0
1074,26797,104708,0
1075,46661,113866,0
1076,137258,85720,0
1077,148754,140332,0
1078,153322,118366,0
1079,134456,89078,0
1080,151358,140807,0
1081,36461,27798,0
1082,32991,5346,0
1083,144759,58897,0
1084,4865,37261,0
1085,35345,138350,0
1086,101595,108389,0
1087,94011,118773,0
1088,68868,64505,0
1089,98992,147430,0
1090,17737,108818,0
1091,88310,30010,0
1092,75198,58100,0
1093,34720,71377,0
1094,140581,130172,0
1095,51317,21132,0
1096,1478,102682,0
1097,35436,87317,0
1098,76696,70653,0
1099,71283,192,0
1100,138297,63676,0
1101,45796,129591,0
1102,132563,42457,0
1103,35616,126511,0
1104,154801,64514,0
1105,77849,84979,0
1106,107183,74027,0
1107,68584,18239,0
1108,140553,122876,0
1109,59248,27703,0
1110,65432,56772,0
1111,125489,116023,0
1112,128527,92338,0
1113,48490,43507,0
1114,95164,102795,0
1115,18554,11169,0
1116,27927,102111,0
1117,37492,96276,0
1118,134651,84511,0
1119,131711,153383,0
1120,76161,64863,0
1121,105210,80098,0
1122,2115,127674,0
1123,37792,85564,0
1124,142480,65926,0
1125,114141,85417,0
1126,6604,152345,0
1127,8578,327,0
1128,24291,107856,0
1129,64493,106907,0
1130,18198,64314,0
1131,83893,40921,0
1132,94308,130409,0
1133,47800,111796,0
1134,111664,124722,0
1135,128737,107668,0
1136,120375,6465,0
1137,51442,53235,0
1138,141958,110692,0
1139,137568,123312,0
1140,89127,101853,0
1141,138011,122599,0
1142,7583,131683,0
1143,154289,112291,0
1144,135651,145058,0
1145,124694,87647,0
1146,145111,139316,0
1147,119421,67532,0
1148,26399,80832,0
1149,24052,33997,0
1150,136665,54523,0
1151,122483,141248,0
1152,58276,128818,0
1153,145652,152913,0
1154,13328,122969,0
1155,37799,98640,0
1156,120123,19591,0
1157,114708,80652,0
1158,149150,135475,0
1159,127184,29890,0
1160,63605,149498,0
1161,6092,16750,0
1162,116631,72361,0
1163,116887,93770,0
1164,33467,56655,0
1165,40123,124350,0
1166,105514,79452,0
1167,17257,99044,0
1168,130143,123881,0
1169,7216,119067,0
1170,40270,48993,0
1171,30789,113383,0
1172,3410,110236,0
1173,23735,27164,0
1174,87055,117599,0
1175,152500,52222,0
1176,38260,115751,0
1177,71942,28189,0
1178,70725,59092,0
1179,53457,49503,0
1180,12912,70580,0
1181,8213,50325,0
1182,3729,91229,0
1183,73488,145974,0
1184,130285,105179,0
1185,143062,127590,0
1186,65383,153319,0
1187,127798,90818,0
1188,52777,34579,0
1189,15758,73981,0
1190,141477,112067,0
1191,1791,139471,0
1192,124663,11868,0
1193,35255,79771,0
1194,132105,69470,0
1195,135217,8188,0
1196,32119,4299,0
1197,18129,143992,0
1198,75375,126504,0
1199,92391,154483,0
1200,144687,128308,0
1201,54443,134679,0
1202,154089,81619,0
1203,28005,29806,0
1204,95051,139744,0
1205,31783,24294,0
1206,139425,91353,0
1207,98720,79241,0
1208,27844,33548,0
1209,102656,100221,0
1210,146296,83024,0
1211,37058,47486,0
1212,97877,113944,0
1213,151387,128928,0
1214,122606,18908,0
1215,14322,76733,0
1216,133625,22537,0
1217,31343,268,0
1218,53175,104253,0
1219,86401,127635,0
1220,136094,92874,0
1221,61050,26128,0
1222,103543,28386,0
1223,51535,4227,0
1224,42950,33453,0
1225,105431,80812,0
1226,8578,108565,0
1227,56709,140848,0
1228,21757,66568,0
1229,79865,85278,0
1230,141423,80427,0
1231,63075,115656,0
1232,24248,88619,0
1233,40701,34139,0
1234,63776,72941,0
1235,144284,73203,0
1236,15140,123585,0
1237,49487,145871,0
1238,24945,115629,0
1239,41610,73827,0
1240,106325,3700,0
1241,48834,125640,0
1242,47568,21235,0
1243,81080,116347,0
1244,46506,111422,0
1245,7636,94648,0
1246,131636,121631,0
1247,106581,94777,0
1248,75156,70980,0
1249,75652,82265,0
1250,84362,8558,0
1251,51335,118399,0
1252,112042,141016,0
1253,145722,150379,0
1254,139624,130382,0
1255,44095,109750,0
1256,115066,11045,0
1257,28069,24940,0
1258,37410,117668,0
1259,90605,139545,0
1260,114781,115616,0
1261,48825,90942,0
1262,137411,5472,0
1263,82005,11105,0
1264,67191,93560,0
1265,97962,56458,0
1266,87939,17560,0
1267,33173,31847,0
1268,14580,144043,0
1269,44525,117031,0
1270,109495,67289,0
1271,31430,3063,0
1272,78162,118441,0
1273,89665,139072,0
1274,90174,861,0
1275,96689,10684,0
1276,94140,52860,0
1277,130002,114280,0
1278,124993,103584,0
1279,11221,126314,0
1280,93072,121069,0
1281,85871,151378,0
1282,75551,97097,0
1283,13818,65716,0
1284,76688,77621,0
1285,64940,24271,0
1286,153960,34488,0
1287,50356,73850,0
1288,103878,68589,0
1289,115820,65162,0
1290,31557,151075,0
1291,52468,31313,0
1292,1651,48243,0
1293,31245,147907,0
1294,95703,142984,0
1295,100864,76336,0
1296,70896,53183,0
1297,61502,50264,0
1298,30322,108953,0
1299,31407,105520,0
1300,132789,45039,0
1301,84953,75586,0
1302,129348,65915,0
1303,117581,118663,0
1304,36213,79378,0
1305,128436,35437,0
1306,1260,64793,0
1307,7774,25751,0
1308,60684,44039,0
1309,118438,28911,0
1310,133821,89307,0
1311,31739,64443,0
1312,51700,30051,0
1313,51989,30669,0
1314,92453,75113,0
1315,77194,11031,0
1316,10762,147976,0
1317,4206,54439,0
1318,890,131218,0
1319,57762,121178,0
1320,106648,72870,0
1321,17513,55327,0
1322,119354,103177,0
1323,110466,15149,0
1324,27067,127857,0
1325,3325,77757,0
1326,145913,27139,0
1327,44364,97070,0
1328,39703,72845,0
1329,53708,80294,0
1330,112042,110412,0
1331,138653,30271,0
1332,51976,100644,0
1333,9586,135504,0
1334,21092,86734,0
1335,119280,50334,0
1336,108210,63157,0
1337,98244,28010,0
1338,121029,29523,0
1339,56577,56915,0
1340,70266,25660,0
1341,54149,64849,0
1342,22635,29319,0
1343,116781,136013,0
1344,42569,148926,0
1345,105099,119900,0
1346,15776,126716,0
1347,50624,130788,0
1348,674,48013,0
1349,22281,102002,0
1350,83335,137502,0
1351,46575,117324,0
1352,44130,80946,0
1353,97469,108954,0
1354,133206,60972,0
1355,34854,144785,0
1356,56224,37579,0
1357,39633,122730,0
1358,77334,73844,0
1359,84542,65992,0
1360,62781,116470,0
1361,130305,139850,0
1362,84846,114784,0
1363,120437,76408,0
1364,64463,45391,0
1365,134872,6499,0
1366,107015,141410,0
1367,53139,13173,0
1368,74107,95245,0
1369,141333,108240,0
1370,122037,89186,0
1371,80577,119840,0
1372,138353,1175,0
1373,39127,38986,0
1374,68859,55522,0
1375,55991,112490,0
1376,38090,4880,0
1377,61967,38144,0
1378,126479,78601,0
1379,55822,150641,0
1380,82291,43540,0
1381,57216,93637,0
1382,91308,3622,0
1383,47284,68393,0
1384,72413,77962,0
1385,66262,128494,0
1386,29518,24988,0
1387,98399,100761,0
1388,75690,144236,0
1389,69348,67428,0
1390,96526,23049,0
1391,35289,95418,0
1392,110923,9774,0
1393,18074,93946,0
1394,103682,115,0
1395,53115,124645,0
1396,19005,101959,0
1397,104906,56813,0
1398,19669,234,0
1399,82131,47292,0
1400,115414,93591,0
1401,11367,148410,0
1402,65525,100311,0
1403,145451,39871,0
1404,73570,54402,0
1405,47113,46474,0
1406,154771,32797,0
1407,21720,130701,0
1408,128549,98434,0
1409,94342,69087,0
1410,86984,147298,0
1411,29854,149326,0
1412,142792,57446,0
1413,116027,147691,0
1414,58735,680,0
1415,75390,66884,0
1416,42891,70611,0
1417,95331,114846,0
1418,89829,113130,0
1419,152432,92378,0
1420,6998,102831,0
1421,142189,105251,0
1422,71338,105413,0
1423,36113,40823,0
1424,30987,24304,0
1425,11398,53518,0
1426,80995,74872,0
1427,31693,130170,0
1428,14472,110211,0
1429,85037,15507,0
1430,13624,61413,0
1431,104348,95997,0
1432,130778,40275,0
1433,111561,147893,0
1434,31114,83875,0
1435,86681,46231,0
1436,7269,81692,0
1437,144352,8975,0
1438,105668,22212,0
1439,2341,145954,0
1440,91430,99352,0
1441,47913,65294,0
1442,9890,133419,0
1443,149384,122452,0
1444,105930,21616,0
1445,34934,74613,0
1446,5592,131604,0
1447,103092,55866,0
1448,64802,59184,0
1449,71381,95083,0
1450,127397,65837,0
1451,94775,104316,0
1452,91538,7248,0
1453,19073,85952,0
1454,92030,52167,0
1455,27526,2983,0
1456,14634,26220,0
1457,65106,143308,0
1458,111826,17405,0
1459,18297,103387,0
1460,1100,96039,0
1461,139117,137169,0
1462,122351,46191,0
1463,132231,77838,0
1464,115635,8026,0
1465,101813,59492,0
1466,18817,1626,0
1467,49263,31240,0
1468,109669,9697,0
1469,17438,23926,0
1470,93872,147068,0
1471,19376,20781,0
1472,111330,18239,0
1473,133982,60717,0
1474,112225,123998,0
1475,85713,143435,0
1476,125885,20358,0
1477,98954,40357,0
1478,99174,3905,0
1479,4683,32429,0
1480,33313,3423,0
1481,127198,155167,0
1482,108581,21522,0
1483,148395,85983,0
1484,3068,99386,0
1485,25393,23042,0
1486,35440,72880,0
1487,52115,105093,0
1488,26423,107632,0
1489,60035,26985,0
1490,71286,72701,0
1491,83128,120900,0
1492,48429,36417,0
1493,76106,58874,0
1494,48146,2770,0
1495,38362,13294,0
1496,99455,71855,0
1497,79511,11817,0
1498,55247,33439,0
1499,11855,52296,0
1500,11778,49496,0
1501,133073,80868,0
1502,48190,50133,0
1503,47403,153722,0
1504,141972,109203,0
1505,28799,2117,0
1506,7413,80447,0
1507,52696,134264,0
1508,86591,67252,0
1509,143846,4753,0
1510,38843,25174,0
1511,27630,8909,0
1512,103957,67186,0
1513,87673,17575,0
1514,82726,98445,0
1515,46576,67331,0
1516,48109,97781,0
1517,25354,7838,0
1518,57619,49118,0
1519,115271,22006,0
1520,70270,90631,0
1521,6731,116905,0
1522,123367,2812,0
1523,9177,16593,0
1524,32635,89527,0
1525,104385,74148,0
1526,20930,129140,0
1527,57719,43368,0
1528,21316,3372,0
1529,111399,72317,0
1530,9981,136932,0
1531,32760,45387,0
1532,138750,113973,0
1533,69517,64440,0
1534,80274,79374,0
1535,74693,72267,0
1536,52933,64859,0
1537,46597,1964,0
1538,121739,105172,0
1539,4167,1802,0
1540,69216,103242,0
1541,66792,54181,0
1542,124883,142764,0
1543,4946,111632,0
1544,128450,35281,0
1545,58529,34969,0
1546,124851,81071,0
1547,96588,46743,0
1548,61627,11939,0
1549,5821,90433,0
1550,107445,37625,0
1551,135841,141800,0
1552,131179,14208,0
1553,100163,141169,0
1554,79021,10797,0
1555,76514,49415,0
1556,103440,140326,0
1557,70590,20198,0
1558,23801,28989,0
1559,141984,119878,0
1560,133557,68186,0
1561,146782,100303,0
1562,10227,24666,0
1563,79141,24186,0
1564,40658,50735,0
1565,49742,81435,0
1566,38624,114008,0
1567,86484,20068,0
1568,4268,107032,0
1569,68328,149544,0
1570,154241,51167,0
1571,40859,138297,0
1572,61903,115510,0
1573,24915,79554,0
1574,4296,40275,0
1575,108395,67057,0
1576,113647,63122,0
1577,139334,107576,0
1578,117548,14674,0
1579,82782,41246,0
1580,113560,67335,0
1581,140695,151393,0
1582,105928,57756,0
1583,22089,28296,0
1584,79986,86206,0
1585,513,73299,0
1586,69355,18337,0
1587,131822,140261,0
1588,21367,131113,0
1589,79437,128415,0
1590,66765,5691,0
1591,32189,150652,0
1592,126805,64182,0
1593,392,43304,0
1594,67659,92289,0
1595,133932,76,0
1596,116077,130039,0
1597,114996,106360,0
1598,108382,79571,0
1599,97072,6704,0
1600,94924,134394,0
1601,102164,136210,0
1602,57887,18202,0
1603,19263,105343,0
1604,13905,104861,0
1605,60764,48439,0
1606,153201,142259,0
1607,142879,38904,0
1608,116241,81815,0
1609,105117,152763,0
1610,136193,128427,0
1611,75013,126229,0
1612,138060,121128,0
1613,32592,73566,0
1614,34742,78640,0
1615,73747,29717,0
1616,11378,16403,0
1617,11638,105553,0
1618,1443,35340,0
1619,1401,77430,0
1620,99729,30767,0
1621,101065,66006,0
1622,110921,30583,0
1623,35254,1017,0
1624,100149,114962,0
1625,86127,4807,0
1626,114605,113297,0
1627,22487,24461,0
1628,84717,23462,0
1629,75927,31000,0
1630,151147,131376,0
1631,97910,30148,0
1632,75068,86160,0
1633,1584,401,0
1634,51831,118440,0
1635,123656,103081,0
1636,151750,83482,0
1637,152596,121041,0
1638,97492,44303,0
1639,102081,25966,0
1640,49261,118043,0
1641,100436,107660,0
1642,102302,113716,0
1643,93322,152876,0
1644,34341,23378,0
1645,47949,147814,0
1646,53681,146763,0
1647,96756,69636,0
1648,42813,91288,0
1649,137,113014,0
1650,3486,64080,0
1651,20212,83177,0
1652,84591,95558,0
1653,54418,137121,0
1654,52325,83336,0
1655,78971,85379,0
1656,9300,20182,0
1657,151040,116585,0
1658,44479,147867,0
1659,61503,57324,0
1660,80504,89839,0
1661,151166,67570,0
1662,102622,22275,0
1663,50976,60666,0
1664,106984,69961,0
1665,58483,85535,0
1666,39830,76822,0
1667,154162,117137,0
1668,94017,138771,0
1669,30465,108758,0
1670,126198,90057,0
1671,109466,39292,0
1672,115543,128024,0
1673,23783,74871,0
1674,93988,2433,0
1675,57387,15651,0
1676,29984,117933,0
1677,151358,7316,0
1678,138917,56817,0
1679,115640,119111,0
1680,90180,55326,0
1681,147620,113557,0
1682,124190,26118,0
1683,66774,16694,0
1684,92840,115536,0
1685,147942,88305,0
1686,18432,86500,0
1687,86813,132475,0
1688,96385,83202,0
1689,105949,49702,0
1690,5833,80455,0
1691,136281,56347,0
1692,123870,40397,0
1693,152593,127796,0
1694,135062,28281,0
1695,42103,6301,0
1696,97887,150245,0
1697,70258,65392,0
1698,118915,25246,0
1699,45586,100056,0
1700,53419,88191,0
1701,60317,24905,0
1702,119323,127904,0
1703,144708,128398,0
1704,150047,123804,0
1705,138643,72653,0
1706,15758,105621,0
1707,31051,100502,0
1708,62375,75310,0
1709,9286,50493,0
1710,40216,100520,0
1711,62879,139855,0
1712,124137,29315,0
1713,27859,100215,0
1714,39916,8574,0
1715,120490,93038,0
1716,75245,128695,0
1717,100592,63627,0
1718,84708,112860,0
1719,135026,44491,0
1720,78585,106863,0
1721,49081,126801,0
1722,111544,146552,0
1723,124692,69782,0
1724,24690,80442,0
1725,77534,90068,0
1726,11354,137817,0
1727,108395,119128,0
1728,24426,76316,0
1729,145797,30181,0
1730,87015,116224,0
1731,96179,19945,0
1732,129168,75035,0
1733,4923,61115,0
1734,56108,706,0
1735,5194,63167,0
1736,118133,29768,0
1737,139373,109396,0
1738,55432,133879,0
1739,130611,5395,0
1740,89647,9217,0
1741,111799,23187,0
1742,12619,33670,0
1743,26301,126653,0
1744,25026,29519,0
1745,6457,58644,0
1746,48423,130468,0
1747,10583,108393,0
1748,129699,85641,0
1749,71417,45084,0
1750,39009,137226,0
1751,137809,27806,0
1752,27526,11682,0
1753,4549,146264,0
1754,136487,93136,0
1755,48962,49666,0
1756,54208,60356,0
1757,108185,135913,0
1758,82990,141845,0
1759,133720,106616,0
1760,152499,129960,0
1761,72310,2151,0
1762,3171,24527,0
1763,66221,17856,0
1764,74441,8185,0
1765,77352,125304,0
1766,43942,6821,0
1767,114618,146342,0
1768,90637,33840,0
1769,106051,80514,0
1770,35473,108933,0
1771,109693,72465,0
1772,98866,83809,0
1773,43058,85515,0
1774,35023,1403,0
1775,96938,53115,0
1776,25203,104650,0
1777,155111,126160,0
1778,136417,107765,0
1779,144999,112447,0
1780,11008,119502,0
1781,112651,112545,0
1782,123346,54612,0
1783,6904,48411,0
1784,148282,136195,0
1785,65930,67652,0
1786,32470,97232,0
1787,110216,91420,0
1788,17686,57723,0
1789,80308,74410,0
1790,57791,15587,0
1791,46187,22390,0
1792,121726,113888,0
1793,42034,69438,0
1794,7309,41736,0
1795,91068,36561,0
1796,91073,100104,0
1797,146474,106720,0
1798,8224,149982,0
1799,32199,37796,0
1800,37497,70874,0
1801,135615,68452,0
1802,118849,945,0
1803,98394,94952,0
1804,84657,119041,0
1805,137015,65002,0
1806,71665,62703,0
1807,39538,22113,0
1808,113503,129481,0
1809,121541,149368,0
1810,62590,91352,0
1811,7150,69273,0
1812,10842,67415,0
1813,117777,75193,0
1814,122695,91616,0
1815,105173,102417,0
1816,155149,102160,0
1817,148579,30084,0
1818,138561,145129,0
1819,143291,71458,0
1820,5527,95334,0
1821,151073,105373,0
1822,57474,98368,0
1823,110493,139175,0
1824,87860,124016,0
1825,128449,74338,0
1826,112790,34349,0
1827,52420,145738,0
1828,12557,118095,0
1829,95428,44461,0
1830,60884,55001,0
1831,151513,111553,0
1832,12869,34816,0
1833,98378,94719,0
1834,152452,14935,0
1835,17986,67134,0
1836,88511,82776,0
1837,140569,92796,0
1838,75960,98628,0
1839,119313,133694,0
1840,129530,113946,0
1841,5409,63903,0
1842,55644,61382,0
1843,85104,26220,0
1844,60129,121840,0
1845,133693,153561,0
1846,103608,72906,0
1847,81971,75443,0
1848,10185,71218,0
1849,131296,114788,0
1850,54683,141253,0
1851,66839,129072,0
1852,98428,55244,0
1853,91711,61941,0
1854,68317,152594,0
1855,56341,152191,0
1856,52520,119301,0
1857,84752,80551,0
1858,56230,39905,0
1859,35560,77319,0
1860,71263,25029,0
1861,14951,54243,0
1862,66505,7692,0
1863,67449,21628,0
1864,60719,68076,0
1865,34995,44783,0
1866,28267,48472,0
1867,113998,153541,0
1868,55159,107727,0
1869,9896,32564,0
1870,76791,62611,0
1871,147469,104479,0
1872,10539,2117,0
1873,59703,149878,0
1874,63552,104892,0
1875,31355,22672,0
1876,150850,148160,0
1877,25019,82911,0
1878,90097,91740,0
1879,118693,142524,0
1880,4903,113980,0
1881,101421,34253,0
1882,145098,60062,0
1883,147884,41272,0
1884,60420,73475,0
1885,80894,147176,0
1886,96544,64949,0
1887,142249,139262,0
1888,150683,11072,0
1889,129455,96354,0
1890,151047,55280,0
1891,125677,80662,0
1892,76152,49764,0
1893,39283,119959,0
1894,88906,63772,0
1895,41443,96496,0
1896,125453,91094,0
1897,116328,31831,0
1898,42788,144586,0
1899,69437,112577,0
1900,112337,49432,0
1901,75393,69132,0
1902,110432,125262,0
1903,88804,143431,0
1904,60381,86396,0
1905,135731,89356,0
1906,36310,18791,0
1907,14072,24324,0
1908,4247,46428,0
1909,108627,7274,0
1910,110172,143043,0
1911,3507,16162,0
1912,11995,126209,0
1913,73909,137946,0
1914,104652,119823,0
1915,69449,58013,0
1916,22903,71091,0
1917,148809,143660,0
1918,100158,77244,0
1919,90111,124015,0
1920,41886,45998,0
1921,153822,89880,0
1922,35564,46933,0
1923,62879,69058,0
1924,137627,105837,0
1925,32459,2701,0
1926,98687,105153,0
1927,52635,84660,0
1928,44183,104573,0
1929,111075,48413,0
1930,115886,131674,0
1931,47617,111245,0
1932,77006,84181,0
1933,65466,61778,0
1934,144293,75548,0
1935,42456,22020,0
1936,78570,50784,0
1937,22079,74951,0
1938,70612,124770,0
1939,51262,42833,0
1940,63456,13246,0
1941,105278,44052,0
1942,69756,14755,0
1943,130065,51433,0
1944,23242,118425,0
1945,36861,94571,0
1946,14592,41424,0
1947,137652,110976,0
1948,9268,122331,0
1949,100555,60293,0
1950,16250,136036,0
1951,3125,37456,0
1952,119614,57374,0
1953,96488,70670,0
1954,107498,112203,0
1955,107433,88622,0
1956,87565,127794,0
1957,98472,35875,0
1958,93779,131726,0
1959,35602,140382,0
1960,76743,33533,0
1961,273,60003,0
1962,128075,32895,0
1963,131531,147766,0
1964,120261,29511,0
1965,68324,79793,0
1966,56568,96839,0
1967,102901,128529,0
1968,31584,108047,0
1969,152765,17263,0
1970,129941,36795,0
1971,141883,57052,0
1972,28580,109908,0
1973,113444,61433,0
1974,140259,49882,0
1975,58918,28794,0
1976,16316,110601,0
1977,14950,140922,0
1978,960,111868,0
1979,125101,28911,0
1980,4273,108740,0
1981,146014,31870,0
1982,55207,88859,0
1983,54101,42687,0
1984,19382,116795,0
1985,301,112684,0
1986,127328,73178,0
1987,117529,105543,0
1988,78065,144276,0
1989,90445,8150,0
1990,6419,152961,0
1991,42041,42666,0
1992,63491,90682,0
1993,11247,107479,0
1994,129661,16987,0
1995,123541,86396,0
1996,53913,35475,0
1997,93470,40787,0
1998,82233,99675,0
1999,131510,37232,0
2000,139437,96875,0
2001,23931,128497,0
2002,91941,153091,0
2003,6631,84752,0
2004,34780,80387,0
2005,120200,9987,0
2006,6520,152785,0
2007,135395,131488,0
2008,25680,17848,0
2009,134629,4781,0
2010,40262,145820,0
2011,63674,86644,0
2012,17599,105775,0
2013,48836,36097,0
2014,130900,41192,0
2015,97195,95148,0
2016,110535,136118,0
2017,114651,97924,0
2018,143909,92339,0
2019,61209,126769,0
2020,43795,122506,0
2021,119261,19194,0
2022,138955,59762,0
2023,9793,68887,0
2024,140999,121839,0
2025,68422,142244,0
2026,147044,29581,0
2027,76189,53772,0
2028,7820,70173,0
2029,79218,136407,0
2030,96814,23860,0
2031,37405,14618,0
2032,2974,68515,0
2033,63176,150806,0
2034,82382,9635,0
2035,115617,137257,0
2036,31629,8921,0
2037,143398,13110,0
2038,147813,27663,0
2039,98155,128443,0
2040,145441,111419,0
2041,106915,103861,0
2042,114599,118069,0
2043,67894,59332,0
2044,58342,41837,0
2045,132403,102706,0
2046,93983,10340,0
2047,99317,132495,0
2048,109006,75772,0
2049,105731,65900,0
2050,75823,133578,0
2051,73624,134061,0
2052,150,32609,0
2053,69898,116509,0
2054,113165,64199,0
2055,96987,10530,0
2056,35209,139684,0
2057,114728,3862,0
2058,36131,60239,0
2059,78053,7212,0
2060,106124,107790,0
2061,93217,74845,0
2062,34789,16243,0
2063,35359,99806,0
2064,99639,148262,0
2065,125792,25314,0
2066,5806,133042,0
2067,70072,6399,0
2068,130466,104546,0
2069,17231,49931,0
2070,9485,24755,0
2071,92255,90266,0
2072,5783,125160,0
2073,83436,56650,0
2074,9160,4151,0
2075,77899,90233,0
2076,39779,94720,0
2077,39520,143959,0
2078,96336,142666,0
2079,95868,69893,0
2080,82927,69528,0
2081,148432,23811,0
2082,89115,150767,0
2083,96278,18277,0
2084,64552,59503,0
2085,94109,13525,0
2086,43301,127266,0
2087,101374,117235,0
2088,41555,63546,0
2089,148505,95254,0
2090,82513,40136,0
2091,153114,26974,0
2092,37179,79086,0
2093,39664,86990,0
2094,64241,5800,0
2095,150900,32481,0
2096,7954,114163,0
2097,24434,103128,0
2098,95444,10839,0
2099,3840,59330,0
2100,121895,42729,0
2101,82176,4928,0
2102,53548,22780,0
2103,60188,19344,0
2104,61483,82613,0
2105,108056,40004,0
2106,149076,133108,0
2107,68885,23191,0
2108,11520,38749,0
2109,132209,58981,0
2110,123609,5235,0
2111,37026,112277,0
2112,110109,154731,0
2113,72925,37406,0
2114,103339,41068,0
2115,18817,115049,0
2116,21119,149339,0
2117,134494,107026,0
2118,105972,64200,0
2119,109580,143107,0
2120,25908,79228,0
2121,95754,33258,0
2122,66748,129702,0
2123,115875,2198,0
2124,59925,53407,0
2125,140542,139833,0
2126,32030,18969,0
2127,109825,77718,0
2128,83304,54333,0
2129,145996,117337,0
2130,4402,127341,0
2131,109076,69419,0
2132,141677,98291,0
2133,15393,128029,0
2134,48975,83430,0
2135,33576,145766,0
2136,8213,144926,0
2137,128075,136576,0
2138,150969,19444,0
2139,94282,9246,0
2140,6098,50943,0
2141,145979,26210,0
2142,26557,70533,0
2143,120526,113983,0
2144,96018,111046,0
2145,54567,54756,0
2146,73760,148134,0
2147,25097,83815,0
2148,141333,125559,0
2149,1750,68088,0
2150,18849,127361,0
2151,12877,50694,0
2152,22051,45466,0
2153,4764,5296,0
2154,90059,154463,0
2155,99670,80826,0
2156,35478,140263,0
2157,18250,1455,0
2158,62761,88001,0
2159,31084,104492,0
2160,16243,152377,0
2161,146768,57529,0
2162,102398,135017,0
2163,34334,76012,0
2164,85422,51148,0
2165,141538,63821,0
2166,33567,81144,0
2167,149719,31875,0
2168,53520,129413,0
2169,98894,9125,0
2170,142144,36909,0
2171,81001,104775,0
2172,150371,48932,0
2173,122192,123080,0
2174,1039,48735,0
2175,124470,140609,0
2176,126601,33417,0
2177,4752,139043,0
2178,43462,115625,0
2179,51575,143342,0
2180,103689,53993,0
2181,94122,94292,0
2182,33658,89130,0
2183,102080,145634,0
2184,3780,128138,0
2185,136744,9532,0
2186,19947,99437,0
2187,135003,72103,0
2188,95912,52086,0
2189,13286,74692,0
2190,24386,56749,0
2191,47278,138390,0
2192,45346,6000,0
2193,26833,153135,0
2194,100365,87254,0
2195,13312,96969,0
2196,136535,124377,0
2197,150696,67502,0
2198,149389,147809,0
2199,36623,15152,0
2200,11595,143489,0
2201,101266,58722,0
2202,105801,76285,0
2203,23818,51576,0
2204,93104,134459,0
2205,21386,25453,0
2206,26689,68055,0
2207,27118,125173,0
2208,99364,60244,0
2209,9346,40387,0
2210,50063,64571,0
2211,88829,133886,0
2212,18502,126541,0
2213,25439,153987,0
2214,121319,15981,0
2215,95169,72001,0
2216,53555,36812,0
2217,79976,1909,0
2218,77300,7746,0
2219,145890,20344,0
2220,111483,2125,0
2221,6277,70489,0
2222,57925,114344,0
2223,130318,47893,0
2224,93478,51336,0
2225,140737,99501,0
2226,146720,126747,0
2227,123134,48634,0
2228,86920,25036,0
2229,127197,138822,0
2230,60805,37633,0
2231,71892,9909,0
2232,91418,46369,0
2233,134822,103505,0
2234,113746,79753,0
2235,142681,94947,0
2236,115048,2992,0
2237,4935,14979,0
2238,2322,21327,0
2239,95857,84674,0
2240,69780,103770,0
2241,96786,12659,0
2242,5343,98844,0
2243,3390,25881,0
2244,127771,61586,0
2245,44801,61278,0
2246,131755,94748,0
2247,26788,149611,0
2248,91196,72685,0
2249,32280,86676,0
2250,134645,148994,0
2251,108733,114549,0
2252,6093,44776,0
2253,7152,119497,0
2254,86813,22058,0
2255,97126,123443,0
2256,75354,59206,0
2257,73498,37108,0
2258,80222,100028,0
2259,153598,66471,0
2260,13380,76319,0
2261,115062,25879,0
2262,18489,36636,0
2263,52964,51162,0
2264,118025,17937,0
2265,23871,93105,0
2266,117642,23782,0
2267,95429,117048,0
2268,101950,112090,0
2269,33350,136885,0
2270,116944,130407,0
2271,42998,75402,0
2272,130662,44581,0
2273,70073,131777,0
2274,64988,102556,0
2275,81707,132462,0
2276,48194,121038,0
2277,2370,115514,0
2278,28682,136411,0
2279,132550,39825,0
2280,25304,121002,0
2281,142573,80547,0
2282,141152,60305,0
2283,16297,30490,0
2284,104996,54479,0
2285,108653,130570,0
2286,110373,9593,0
2287,150241,16198,0
2288,55460,50283,0
2289,1232,123250,0
2290,7698,31031,0
2291,100101,101184,0
2292,17237,39409,0
2293,92618,118728,0
2294,128559,97325,0
2295,20456,70829,0
2296,20290,100190,0
2297,38154,55737,0
2298,107458,130122,0
2299,134488,68024,0
2300,16759,108007,0
2301,40268,34013,0
2302,21091,106661,0
2303,24623,137356,0
2304,27392,11284,0
2305,148497,61399,0
2306,90756,87886,0
2307,144974,134743,0
2308,35681,86898,0
2309,60181,124816,0
2310,19836,103857,0
2311,65924,119456,0
2312,75302,147953,0
2313,95781,146586,0
2314,56360,113779,0
2315,21607,148478,0
2316,106082,1181,0
2317,29665,91338,0
2318,23464,12743,0
2319,65844,53232,0
2320,77478,114181,0
2321,118008,80051,0
2322,88389,34633,0
2323,96272,89161,0
2324,102080,37224,0
2325,151924,64740,0
2326,88856,17602,0
2327,149475,95488,0
2328,95608,146733,0
2329,37388,88016,0
2330,35517,109293,0
2331,64432,66369,0
2332,78639,73583,0
2333,119287,89825,0
2334,10289,151,0
2335,3325,58395,0
2336,31105,62788,0
2337,31251,19733,0
2338,25294,57004,0
2339,1101,71538,0
2340,153409,112797,0
2341,81323,84041,0
2342,120033,83336,0
2343,58484,13752,0
2344,152895,116611,0
2345,88237,66832,0
2346,23720,113609,0
2347,113267,47926,0
2348,26436,86286,0
2349,127224,105048,0
2350,22774,42072,0
2351,14198,32618,0
2352,31669,91800,0
2353,119158,56972,0
2354,92101,146786,0
2355,120460,1542,0
2356,80901,117035,0
2357,134468,69679,0
2358,5110,25030,0
2359,151132,64553,0
2360,127415,86318,0
2361,70098,119211,0
2362,6070,19868,0
2363,103552,65673,0
2364,125717,28436,0
2365,23078,97686,0
2366,52622,52733,0
2367,63381,78747,0
2368,36089,72080,0
2369,115048,18402,0
2370,56366,9873,0
2371,79351,71576,0
2372,44455,77440,0
2373,130943,67396,0
2374,118202,70198,0
2375,91868,88538,0
2376,111663,105585,0
2377,2374,55557,0
2378,52258,145576,0
2379,24055,91990,0
2380,47506,50781,0
2381,144575,9189,0
2382,30880,89136,0
2383,13806,102225,0
2384,129817,16301,0
2385,76932,126087,0
2386,84629,122540,0
2387,34941,138672,0
2388,105193,58140,0
2389,86978,29122,0
2390,70671,121128,0
2391,67202,150433,0
2392,18954,84717,0
2393,37372,80879,0
2394,70664,556,0
2395,62149,133001,0
2396,52098,133097,0
2397,118726,17985,0
2398,112815,24433,0
2399,6896,17630,0
2400,2586,58857,0
2401,113915,71453,0
2402,2810,40421,0
2403,95908,144334,0
2404,28981,78413,0
2405,72330,687,0
2406,94017,84058,0
2407,70986,45716,0
2408,21045,78715,0
2409,74100,9994,0
2410,3984,117509,0
2411,151490,70740,0
2412,150888,85150,0
2413,23001,79041,0
2414,92458,117421,0
2415,123202,138354,0
2416,51882,134564,0
2417,11175,63699,0
2418,19779,30005,0
2419,80255,123515,0
2420,19790,124676,0
2421,152759,55132,0
2422,132083,90648,0
2423,100870,82183,0
2424,92759,123911,0
2425,20960,152682,0
2426,117903,150233,0
2427,13300,114499,0
2428,53217,134432,0
2429,22701,69551,0
2430,86387,95479,0
2431,28596,67002,0
2432,121598,65483,0
2433,136608,22364,0
2434,55593,61884,0
2435,27988,116323,0
2436,152593,69810,0
2437,19762,64707,0
2438,107362,130569,0
2439,96841,100993,0
2440,51328,18904,0
2441,145587,34429,0
2442,87583,30990,0
2443,38488,131143,0
2444,123142,74745,0
2445,67631,115667,0
2446,46857,9203,0
2447,65599,135637,0
2448,43624,140051,0
2449,45851,93467,0
2450,2494,137758,0
2451,129101,152374,0
2452,86568,139679,0
2453,72229,145692,0
2454,150689,11044,0
2455,125165,51230,0
2456,98832,71926,0
2457,149697,65037,0
2458,120334,109359,0
2459,6530,69891,0
2460,8092,37446,0
2461,44586,3212,0
2462,105877,57939,0
2463,129134,116910,0
2464,80850,93557,0
2465,132213,114802,0
2466,105344,134413,0
2467,80791,1575,0
2468,34830,52534,0
2469,15553,37550,0
2470,65063,31733,0
2471,61397,122093,0
2472,93482,5758,0
2473,120185,30398,0
2474,144278,74613,0
2475,90660,19236,0
2476,72227,15255,0
2477,72276,36132,0
2478,94192,53839,0
2479,60713,53831,0
2480,12381,57844,0
2481,154524,31672,0
2482,43756,99079,0
2483,90938,62136,0
2484,141908,115620,0
2485,63144,67677,0
2486,21276,28310,0
2487,18933,134448,0
2488,86554,7338,0
2489,6543,93332,0
2490,457,154354,0
2491,99096,126138,0
2492,91251,67908,0
2493,107421,146999,0
2494,94336,9530,0
2495,2710,5328,0
2496,2481,13282,0
2497,60765,60320,0
2498,82899,97015,0
2499,119034,91363,0
2500,89165,139485,0
2501,120337,105287,0
2502,103712,139893,0
2503,132176,14864,0
2504,114131,46848,0
2505,88556,115393,0
2506,101768,99083,0
2507,130548,65250,0
2508,127336,789,0
2509,24016,123333,0
2510,116244,4620,0
2511,4114,21685,0
2512,93319,128142,0
2513,106528,122593,0
2514,77728,2230,0
2515,82321,68962,0
2516,3881,125448,0
2517,130335,64507,0
2518,111022,146698,0
2519,21323,123744,0
2520,45839,91823,0
2521,79714,5286,0
2522,88656,81164,0
2523,12966,85073,0
2524,23132,46605,0
2525,68781,63492,0
2526,36783,79491,0
2527,141612,31901,0
2528,130439,45156,0
2529,81191,18530,0
2530,141640,114588,0
2531,122508,1711,0
2532,139561,21314,0
2533,107840,49744,0
2534,97639,9768,0
2535,79529,110545,0
2536,28686,103169,0
2537,115430,10324,0
2538,83024,105788,0
2539,18786,70341,0
2540,91781,89901,0
2541,90788,127845,0
2542,85265,56090,0
2543,10297,3031,0
2544,66542,143407,0
2545,130815,89410,0
2546,134086,131756,0
2547,49536,107564,0
2548,91681,49585,0
2549,26337,99978,0
2550,115863,135016,0
2551,137935,47677,0
2552,108707,112684,0
2553,57563,99996,0
2554,56495,147383,0
2555,66733,6528,0
2556,17887,135288,0
2557,53233,51580,0
2558,103063,152770,0
2559,62344,22857,0
2560,66097,131087,0
2561,142530,122307,0
2562,30075,255,0
2563,77682,113714,0
2564,63648,41351,0
2565,104747,26951,0
2566,17533,106437,0
2567,62237,82943,0
2568,21476,86340,0
2569,57210,141481,0
2570,41330,21724,0
2571,44994,151567,0
2572,49004,83261,0
2573,97225,64706,0
2574,148802,98554,0
2575,70045,11721,0
2576,118717,19564,0
2577,138243,96445,0
2578,16858,114111,0
2579,138328,66564,0
2580,8845,31766,0
2581,53689,112279,0
2582,95383,49203,0
2583,121154,111191,0
2584,69607,80923,0
2585,121966,144900,0
2586,34568,42279,0
2587,146548,24529,0
2588,34009,65156,0
2589,39924,46259,0
2590,89423,128127,0
2591,46504,97007,0
2592,86144,132944,0
2593,74834,62738,0
2594,109996,43898,0
2595,27742,87876,0
2596,117671,86281,0
2597,29439,5589,0
2598,14552,110803,0
2599,9972,152806,0
2600,118405,33016,0
2601,150056,137511,0
2602,108752,112365,0
2603,82760,51811,0
2604,90664,27962,0
2605,48927,131689,0
2606,69422,79213,0
2607,109830,28760,0
2608,2330,137395,0
2609,22723,145819,0
2610,71144,49140,0
2611,70451,44537,0
2612,130879,9270,0
2613,116960,731,0
2614,50001,1494,0
2615,129273,10678,0
2616,12668,18197,0
2617,114951,56883,0
2618,152893,39795,0
2619,41502,87768,0
2620,131873,128170,0
2621,62275,34472,0
2622,58804,142509,0
2623,135328,117219,0
2624,109278,28125,0
2625,130317,101198,0
2626,39781,105228,0
2627,85117,36511,0
2628,30210,132317,0
2629,30919,66787,0
2630,698,87259,0
2631,134519,26055,0
2632,40143,91030,0
2633,103906,111334,0
2634,122973,32726,0
2635,16864,36420,0
2636,37538,85138,0
2637,27279,83670,0
2638,131195,129334,0
2639,43055,26216,0
2640,16652,98594,0
2641,40441,75873,0
2642,63183,81479,0
2643,130660,137063,0
2644,92125,33585,0
2645,48910,130805,0
2646,59504,53849,0
2647,87047,133603,0
2648,120079,31123,0
2649,106934,10812,0
2650,44082,114680,0
2651,125218,118700,0
2652,73982,51694,0
2653,148604,120317,0
2654,51484,55457,0
2655,88774,100712,0
2656,88553,86320,0
2657,94390,70520,0
2658,7109,18279,0
2659,126738,58890,0
2660,141217,120967,0
2661,66319,53746,0
2662,66980,66633,0
2663,78172,126501,0
2664,15249,46611,0
2665,111941,147709,0
2666,9842,130515,0
2667,50999,154153,0
2668,136038,60083,0
2669,98036,76408,0
2670,116830,135230,0
2671,130232,54647,0
2672,148722,72878,0
2673,141878,19420,0
2674,102994,17492,0
2675,151988,111179,0
2676,109371,142048,0
2677,92762,2723,0
2678,108380,52769,0
2679,99744,13068,0
2680,9485,148039,0
2681,41405,141343,0
2682,46047,61227,0
2683,107655,141376,0
2684,141066,60093,0
2685,68989,7853,0
2686,75175,52572,0
2687,78983,52347,0
2688,33794,79546,0
2689,128271,36894,0
2690,57994,138386,0
2691,84305,57413,0
2692,109234,67461,0
2693,17452,59291,0
2694,85439,94807,0
2695,68812,139692,0
2696,47803,139606,0
2697,84046,131739,0
2698,83532,13688,0
2699,43208,141406,0
2700,97186,49409,0
2701,143409,15045,0
2702,134588,128338,0
2703,153093,83791,0
2704,9925,144244,0
2705,109352,8122,0
2706,64068,24179,0
2707,34763,17796,0
2708,125728,84389,0
2709,74294,40008,0
2710,117965,83129,0
2711,139429,49288,0
2712,93489,81033,0
2713,145445,116832,0
2714,76701,22398,0
2715,125389,82223,0
2716,106494,66670,0
2717,87111,130050,0
2718,101376,3158,0
2719,133846,6355,0
2720,47888,12708,0
2721,68324,133588,0
2722,91356,45985,0
2723,13357,111234,0
2724,150145,84584,0
2725,21984,147736,0
2726,139201,90550,0
2727,13575,36622,0
2728,34008,72799,0
2729,125506,94263,0
2730,13365,110780,0
2731,90896,28629,0
2732,16858,15816,0
2733,8591,5522,0
2734,127264,70239,0
2735,136300,7862,0
2736,35516,59053,0
2737,42355,114267,0
2738,98372,51302,0
2739,44689,41931,0
2740,53068,143862,0
2741,3065,34580,0
2742,12916,31109,0
2743,75665,154081,0
2744,137332,30591,0
2745,41818,93445,0
2746,112540,144034,0
2747,20641,86575,0
2748,88532,148053,0
2749,139039,103850,0
2750,46342,21443,0
2751,104983,59402,0
2752,84609,38408,0
2753,64741,67234,0
2754,81380,34425,0
2755,134862,103273,0
2756,62237,100623,0
2757,7947,10729,0
2758,88855,35968,0
2759,88837,154424,0
2760,74570,2458,0
2761,129364,54725,0
2762,55624,12770,0
2763,147765,154696,0
2764,56823,17561,0
2765,82828,135842,0
2766,74516,29480,0
2767,129240,114182,0
2768,99547,1970,0
2769,142717,135195,0
2770,7075,89363,0
2771,115555,78112,0
2772,19849,30327,0
2773,117560,44181,0
2774,63008,49302,0
2775,105437,16245,0
2776,119377,75799,0
2777,36564,44066,0
2778,29575,124946,0
2779,87106,84362,0
2780,89567,87000,0
2781,81222,50553,0
2782,125645,34914,0
2783,3550,57383,0
2784,89487,18275,0
2785,55793,45758,0
2786,73768,79052,0
2787,106528,36511,0
2788,75736,115968,0
2789,112634,134111,0
2790,48110,101238,0
2791,6994,45212,0
2792,78173,9420,0
2793,135080,33996,0
2794,122527,85887,0
2795,78941,144938,0
2796,139396,30475,0
2797,64990,125555,0
2798,80775,135706,0
2799,141138,33734,0
2800,18103,113331,0
2801,76529,87127,0
2802,139437,45510,0
2803,27548,127035,0
2804,42021,136753,0
2805,112865,142697,0
2806,131566,135551,0
2807,118232,19789,0
2808,138451,117761,0
2809,66606,49134,0
2810,137835,123863,0
2811,48245,137684,0
2812,44338,30457,0
2813,125838,152667,0
2814,79996,103880,0
2815,58199,152643,0
2816,80544,117130,0
2817,92694,504,0
2818,151259,28415,0
2819,122122,98840,0
2820,30722,25422,0
2821,100749,2513,0
2822,125734,31687,0
2823,53025,39227,0
2824,56984,39596,0
2825,57595,143900,0
2826,42195,79983,0
2827,54544,135780,0
2828,142970,121591,0
2829,40718,99950,0
2830,134998,6635,0
2831,13022,5482,0
2832,89586,50367,0
2833,94918,91324,0
2834,13674,20393,0
2835,55932,61772,0
2836,52451,74149,0
2837,81338,128497,0
2838,97094,122071,0
2839,128284,128209,0
2840,139941,121915,0
2841,138472,2828,0
2842,66072,140419,0
2843,115895,138779,0
2844,143404,112727,0
2845,80268,138712,0
2846,130191,7447,0
2847,72956,440,0
2848,29941,93281,0
2849,42241,53441,0
2850,97764,110299,0
2851,83477,39554,0
2852,104113,67281,0
2853,38250,18297,0
2854,22591,35606,0
2855,134957,98966,0
2856,67043,16480,0
2857,5015,47529,0
2858,4497,32137,0
2859,15098,136693,0
2860,36818,88969,0
2861,144980,55264,0
2862,74693,40240,0
2863,120199,151675,0
2864,38591,142429,0
2865,130609,115696,0
2866,43656,8583,0
2867,131173,145348,0
2868,17402,105565,0
2869,91224,98375,0
2870,110820,77295,0
2871,59964,16831,0
2872,51300,62912,0
2873,73980,115967,0
2874,52923,18413,0
2875,89881,110995,0
2876,56816,74518,0
2877,7392,66981,0
2878,19646,140519,0
2879,29213,66536,0
2880,103580,118342,0
2881,136659,108077,0
2882,48173,81060,0
2883,104884,50073,0
2884,52100,114858,0
2885,125591,87393,0
2886,67089,93042,0
2887,74121,258,0
2888,146736,15544,0
2889,139647,56329,0
2890,35949,34147,0
2891,30116,134937,0
2892,20898,50361,0
2893,799,89557,0
2894,1848,55965,0
2895,53241,149929,0
2896,65961,25628,0
2897,95526,132561,0
2898,83502,58770,0
2899,151338,32931,0
2900,128690,126155,0
2901,56285,150034,0
2902,59263,45592,0
2903,112337,43464,0
2904,20989,6295,0
2905,100621,22036,0
2906,105293,119371,0
2907,66618,27166,0
2908,117965,81004,0
2909,83602,33828,0
2910,153076,53109,0
2911,140164,69593,0
2912,148268,51148,0
2913,117520,114381,0
2914,144459,121619,0
2915,88435,80068,0
2916,137747,152305,0
2917,71002,48331,0
2918,122680,132189,0
2919,15375,16303,0
2920,102698,19544,0
2921,96031,35419,0
2922,133626,16623,0
2923,125558,136187,0
2924,38970,20803,0
2925,34873,94348,0
2926,177,8865,0
2927,12673,56418,0
2928,56566,97819,0
2929,102922,36220,0
2930,112094,145502,0
2931,94865,144893,0
2932,118167,41267,0
2933,142589,109383,0
2934,45935,32853,0
2935,71202,148667,0
2936,61744,72259,0
2937,50945,17186,0
2938,123259,67283,0
2939,52333,90332,0
2940,13707,23556,0
2941,121579,110540,0
2942,56016,44872,0
2943,93710,101363,0
2944,122941,26102,0
2945,58355,152527,0
2946,152948,112465,0
2947,137136,145412,0
2948,145450,107571,0
2949,8580,59370,0
2950,145622,134128,0
2951,60978,118876,0
2952,76640,128685,0
2953,143453,5197,0
2954,46077,22576,0
2955,61434,55695,0
2956,41443,118784,0
2957,25714,104966,0
2958,70935,38110,0
2959,148156,120239,0
2960,52372,115296,0
2961,27310,73696,0
2962,18125,42306,0
2963,21951,31525,0
2964,64393,52556,0
2965,16199,114031,0
2966,44840,90212,0
2967,141284,94188,0
2968,79533,99160,0
2969,114444,77279,0
2970,72085,58150,0
2971,95399,67049,0
2972,46755,7282,0
2973,85737,99258,0
2974,80169,36896,0
2975,54212,10085,0
2976,154920,106253,0
2977,129210,125754,0
2978,97296,80563,0
2979,67379,78394,0
2980,3427,40749,0
2981,121408,125291,0
2982,80645,72108,0
2983,93505,121803,0
2984,88041,129965,0
2985,123729,69450,0
2986,133933,85367,0
2987,72278,120318,0
2988,125520,5978,0
2989,9636,41024,0
2990,45756,40186,0
2991,130318,19820,0
2992,47379,124746,0
2993,47076,143792,0
2994,127106,103419,0
2995,138993,116593,0
2996,55255,15758,0
2997,66686,127067,0
2998,113689,53099,0
2999,81668,108921,0
3000,74592,45308,0
3001,5987,50446,0
3002,54772,56186,0
3003,18366,76006,0
3004,145201,100079,0
3005,98882,139060,0
3006,116638,150404,0
3007,42965,108945,0
3008,28278,44908,0
3009,116502,66711,0
3010,102827,94469,0
3011,76189,17933,0
3012,53591,43225,0
3013,102676,66267,0
3014,69476,121966,0
3015,55991,144522,0
3016,69857,47600,0
3017,41745,120542,0
3018,88503,105132,0
3019,86865,61351,0
3020,64988,60082,0
3021,153816,59444,0
3022,114605,94641,0
3023,135896,32952,0
3024,47939,82616,0
3025,112853,75711,0
3026,141314,137888,0
3027,5611,111176,0
3028,140720,133455,0
3029,15807,105348,0
3030,13601,136970,0
3031,20458,77952,0
3032,1791,70178,0
3033,38701,20145,0
3034,79026,12662,0
3035,53097,96393,0
3036,41161,66721,0
3037,53996,19495,0
3038,150945,151282,0
3039,145313,52777,0
3040,26823,153584,0
3041,55852,41582,0
3042,16319,150648,0
3043,128261,99884,0
3044,29853,17506,0
3045,56691,55026,0
3046,150512,137487,0
3047,75016,108166,0
3048,31747,25541,0
3049,80722,58089,0
3050,107595,61429,0
3051,64594,35175,0
3052,64281,141308,0
3053,7774,26194,0
3054,145474,62138,0
3055,111725,77713,0
3056,78818,96789,0
3057,68790,61249,0
3058,114811,45247,0
3059,75736,92489,0
3060,79137,137283,0
3061,143312,136796,0
3062,117581,83883,0
3063,21013,84621,0
3064,103244,97091,0
3065,139740,110239,0
3066,2933,109779,0
3067,55966,95033,0
3068,115689,47755,0
3069,121454,53275,0
3070,119490,150508,0
3071,36141,44896,0
3072,148327,94028,0
3073,76917,1803,0
3074,121335,25898,0
3075,99481,72039,0
3076,83162,125618,0
3077,131101,142751,0
3078,74796,153565,0
3079,1628,138814,0
3080,33822,122428,0
3081,41778,1798,0
3082,60946,68999,0
3083,129147,15166,0
3084,127186,111045,0
3085,135434,112074,0
3086,28049,125064,0
3087,20877,3968,0
3088,112832,108893,0
3089,89040,67068,0
3090,105424,152179,0
3091,42267,145685,0
3092,74480,38172,0
3093,153414,121309,0
3094,60336,77191,0
3095,40431,16930,0
3096,139984,117408,0
3097,54038,138453,0
3098,149571,69851,0
3099,26920,20155,0
3100,40182,116806,0
3101,18288,96471,0
3102,133856,125028,0
3103,3840,122235,0
3104,115724,105833,0
3105,40202,42851,0
3106,19021,149265,0
3107,79073,302,0
3108,61090,7008,0
3109,44153,21790,0
3110,8327,200,0
3111,85770,145187,0
3112,104883,125223,0
3113,151219,12007,0
3114,2623,138594,0
3115,145715,57835,0
3116,47260,66013,0
3117,126429,151238,0
3118,125147,3188,0
3119,26579,8192,0
3120,31917,61139,0
3121,145674,12588,0
3122,11448,119078,0
3123,8297,154489,0
3124,111631,132219,0
3125,39654,153767,0
3126,60021,41635,0
3127,78936,99460,0
3128,99960,134691,0
3129,73414,47641,0
3130,22276,72437,0
3131,38414,82961,0
3132,20285,85298,0
3133,74767,618,0
3134,29122,81090,0
3135,17223,54554,0
3136,127902,32308,0
3137,50941,56728,0
3138,120496,23289,0
3139,59964,59702,0
3140,52023,26357,0
3141,127449,45437,0
3142,33463,127420,0
3143,24202,32886,0
3144,52777,101680,0
3145,21419,137271,0
3146,40525,120551,0
3147,3245,130574,0
3148,6400,20215,0
3149,7440,113883,0
3150,104201,145039,0
3151,13533,75136,0
3152,100832,60030,0
3153,3439,38951,0
3154,103031,46044,0
3155,154693,130175,0
3156,2817,19435,0
3157,28103,100910,0
3158,31641,43785,0
3159,103867,40187,0
3160,64812,132762,0
3161,64704,24104,0
3162,98263,86630,0
3163,142808,108845,0
3164,67793,126713,0
3165,116279,52334,0
3166,27484,76687,0
3167,145707,749,0
3168,98310,152945,0
3169,33046,50455,0
3170,96056,51848,0
3171,77831,106503,0
3172,82886,118230,0
3173,133631,134728,0
3174,108645,151541,0
3175,9160,133690,0
3176,123398,55041,0
3177,24315,113597,0
3178,51611,51045,0
3179,114366,33139,0
3180,97334,153829,0
3181,90756,142157,0
3182,77907,75870,0
3183,95778,30499,0
3184,76321,154200,0
3185,76758,90486,0
3186,38280,74920,0
3187,134071,54174,0
3188,4668,103180,0
3189,124414,107270,0
3190,39138,66532,0
3191,11855,123405,0
3192,142496,47467,0
3193,112038,45198,0
3194,15858,15751,0
3195,77985,59911,0
3196,140276,56420,0
3197,888,11882,0
3198,95630,30458,0
3199,68529,80968,0
3200,72101,146859,0
3201,22558,98998,0
3202,54428,110574,0
3203,50510,22088,0
3204,11620,19164,0
3205,95622,48298,0
3206,35060,116543,0
3207,124024,18885,0
3208,120748,2593,0
3209,4854,21724,0
3210,61291,97595,0
3211,66021,106661,0
3212,151015,122595,0
3213,96836,76236,0
3214,99438,112910,0
3215,117884,44648,0
3216,73250,37275,0
3217,27907,13893,0
3218,143944,114344,0
3219,44785,71050,0
3220,103874,94223,0
3221,130096,129366,0
3222,20400,35412,0
3223,95702,115393,0
3224,7955,95409,0
3225,125224,20559,0
3226,61741,93118,0
3227,154637,104315,0
3228,143985,21863,0
3229,7049,80599,0
3230,61314,57415,0
3231,39497,78733,0
3232,137242,84381,0
3233,79705,106712,0
3234,31921,74825,0
3235,134793,20248,0
3236,57559,85554,0
3237,70209,56087,0
3238,348,110076,0
3239,6792,73884,0
3240,31449,81607,0
3241,92432,47455,0
3242,52286,18257,0
3243,140397,65137,0
3244,110012,58421,0
3245,77773,35324,0
3246,47,146205,0
3247,22570,40267,0
3248,44771,87968,0
3249,38353,127099,0
3250,127051,103268,0
3251,113465,12680,0
3252,119470,40706,0
3253,50088,98427,0
3254,50802,65398,0
3255,2799,41452,0
3256,33238,147800,0
3257,38515,90513,0
3258,127144,871,0
3259,63386,82620,0
3260,36397,65027,0
3261,127936,8888,0
3262,2715,90535,0
3263,43208,68372,0
3264,65872,59293,0
3265,100298,145756,0
3266,141859,137028,0
3267,121114,82053,0
3268,146994,127223,0
3269,76473,40240,0
3270,69064,152186,0
3271,144999,8089,0
3272,136874,83028,0
3273,35505,3864,0
3274,31904,109366,0
3275,146225,113494,0
3276,34519,139541,0
3277,102001,130971,0
3278,12291,110760,0
3279,70092,72936,0
3280,5205,16880,0
3281,27650,40593,0
3282,109413,112371,0
3283,42558,50780,0
3284,109583,321,0
3285,122441,35730,0
3286,139443,101413,0
3287,127966,136661,0
3288,44419,84639,0
3289,123654,113346,0
3290,115907,95870,0
3291,70648,62524,0
3292,98564,108327,0
3293,25574,52176,0
3294,144136,120188,0
3295,115334,86335,0
3296,86466,88699,0
3297,120954,94796,0
3298,81209,56730,0
3299,33156,85100,0
3300,138983,127559,0
3301,45095,51486,0
3302,91929,72856,0
3303,51081,32632,0
3304,39489,72261,0
3305,139997,96100,0
3306,105913,37366,0
3307,32299,104391,0
3308,66968,107829,0
3309,89757,98328,0
3310,23148,119560,0
3311,166,57611,0
3312,131178,55803,0
3313,127722,47559,0
3314,30638,28963,0
3315,24080,113207,0
3316,126453,134112,0
3317,68501,137763,0
3318,147622,98406,0
3319,107129,95980,0
3320,22400,136329,0
3321,142030,64521,0
3322,25787,70599,0
3323,79471,70872,0
3324,45950,124473,0
3325,135658,60477,0
3326,71750,27549,0
3327,40988,132374,0
3328,5812,102013,0
3329,99406,21147,0
3330,152306,92335,0
3331,5887,43923,0
3332,13114,56418,0
3333,23557,22288,0
3334,79901,57300,0
3335,75936,103349,0
3336,153501,425,0
3337,58553,97129,0
3338,39321,28339,0
3339,21972,52570,0
3340,80293,139073,0
3341,98074,141036,0
3342,20606,67961,0
3343,12713,33702,0
3344,62468,100386,0
3345,152174,145517,0
3346,78990,988,0
3347,152825,367,0
3348,151736,66346,0
3349,57342,16813,0
3350,133806,56600,0
3351,30727,116018,0
3352,35680,1566,0
3353,77611,20249,0
3354,73350,135250,0
3355,144415,74383,0
3356,22714,116417,0
3357,6521,77495,0
3358,122828,37005,0
3359,6052,48622,0
3360,111007,41501,0
3361,43199,51103,0
3362,38367,86643,0
3363,30033,51500,0
3364,61431,68047,0
3365,88415,78011,0
3366,104651,84732,0
3367,62747,152497,0
3368,112911,45492,0
3369,148730,35478,0
3370,2563,128688,0
3371,74436,36814,0
3372,75863,54205,0
3373,86960,75831,0
3374,132160,111255,0
3375,11957,119795,0
3376,49327,75566,0
3377,58147,105696,0
3378,9275,97342,0
3379,39162,105708,0
3380,116463,41363,0
3381,40761,120864,0
3382,64160,67767,0
3383,59706,65081,0
3384,70279,85977,0
3385,86489,41003,0
3386,121755,86631,0
3387,41115,27798,0
3388,57256,39974,0
3389,7295,123896,0
3390,123797,33332,0
3391,137369,132869,0
3392,61862,119406,0
3393,102474,2521,0
3394,48129,34232,0
3395,114208,106047,0
3396,53185,91724,0
3397,92741,104695,0
3398,95147,1484,0
3399,131647,81640,0
3400,154186,47031,0
3401,103590,29109,0
3402,60734,26878,0
3403,16910,5896,0
3404,80824,86372,0
3405,95106,99444,0
3406,43449,100674,0
3407,126449,142734,0
3408,147794,139109,0
3409,63612,70754,0
3410,126936,6072,0
3411,40718,56117,0
3412,129887,34248,0
3413,126316,123195,0
3414,138315,55374,0
3415,95121,128177,0
3416,68574,125264,0
3417,132970,96868,0
3418,9035,27494,0
3419,3347,80539,0
3420,136514,99218,0
3421,132528,112398,0
3422,53912,145032,0
3423,140934,20418,0
3424,146140,143498,0
3425,100853,107225,0
3426,51928,20005,0
3427,83369,109661,0
3428,33875,121993,0
3429,16519,132937,0
3430,45279,128166,0
3431,53503,135313,0
3432,106530,130703,0
3433,57342,69708,0
3434,35524,99494,0
3435,2801,48240,0
3436,108518,44276,0
3437,130171,43031,0
3438,53817,7756,0
3439,24204,129960,0
3440,48527,118987,0
3441,115810,18900,0
3442,86144,128258,0
3443,80542,146046,0
3444,21485,27445,0
3445,2357,91855,0
3446,111448,128426,0
3447,74942,7483,0
3448,75998,11848,0
3449,126982,24371,0
3450,65315,96154,0
3451,2064,147710,0
3452,120279,39868,0
3453,85543,25020,0
3454,37140,147366,0
3455,83211,47420,0
3456,97096,17682,0
3457,18025,116934,0
3458,59215,99341,0
3459,74211,122363,0
3460,58978,83931,0
3461,134841,100028,0
3462,122503,1280,0
3463,115903,87582,0
3464,128953,25523,0
3465,38458,112965,0
3466,129184,118962,0
3467,79417,120170,0
3468,23486,36095,0
3469,45935,98987,0
3470,120048,130038,0
3471,32615,120452,0
3472,110620,32893,0
3473,41228,102531,0
3474,40434,17112,0
3475,104224,116938,0
3476,137798,10619,0
3477,39523,70618,0
3478,119610,50778,0
3479,14301,41878,0
3480,132017,74060,0
3481,136676,59221,0
3482,24472,129977,0
3483,103216,111391,0
3484,20783,55041,0
3485,68783,74803,0
3486,38793,99812,0
3487,37469,93395,0
3488,5270,131345,0
3489,48275,11481,0
3490,32511,118652,0
3491,23786,144548,0
3492,84976,30934,0
3493,124996,118619,0
3494,72989,112286,0
3495,7427,43187,0
3496,143090,73249,0
3497,100436,37307,0
3498,85297,58892,0
3499,71686,98636,0
3500,83621,101762,0
3501,19097,152531,0
3502,64920,124113,0
3503,4625,115850,0
3504,9401,100596,0
3505,52686,106820,0
3506,108514,25175,0
3507,36872,113464,0
3508,76977,60385,0
3509,154839,91579,0
3510,150128,119509,0
3511,88451,53529,0
3512,58601,97842,0
3513,87558,134284,0
3514,41375,58514,0
3515,88713,56255,0
3516,111464,58184,0
3517,144110,86275,0
3518,118420,152966,0
3519,86162,40374,0
3520,11259,8956,0
3521,9228,57568,0
3522,15841,131968,0
3523,3173,10895,0
3524,7217,20566,0
3525,62736,35276,0
3526,101632,86387,0
3527,11984,119224,0
3528,93626,145471,0
3529,2362,34090,0
3530,117132,52483,0
3531,29714,31766,0
3532,133229,141120,0
3533,44419,93480,0
3534,96232,10680,0
3535,116874,45750,0
3536,36412,105542,0
3537,85439,79661,0
3538,150625,109535,0
3539,1509,93274,0
3540,42962,16712,0
3541,136808,21039,0
3542,62289,93378,0
3543,93323,62172,0
3544,75163,101211,0
3545,11385,146287,0
3546,105513,44695,0
3547,18124,114064,0
3548,11635,64058,0
3549,2289,84121,0
3550,71706,463,0
3551,38764,121069,0
3552,12072,72191,0
3553,47520,106098,0
3554,140025,105969,0
3555,138582,52936,0
3556,79485,65680,0
3557,58519,73487,0
3558,40419,36222,0
3559,77595,133616,0
3560,91875,50425,0
3561,112076,73569,0
3562,4583,85716,0
3563,91801,15973,0
3564,100810,12477,0
3565,67213,114233,0
3566,114378,67812,0
3567,16413,96847,0
3568,69937,83851,0
3569,141785,144836,0
3570,82872,14479,0
3571,12019,3438,0
3572,113781,2748,0
3573,143989,73280,0
3574,51660,126120,0
3575,63659,121436,0
3576,15467,71465,0
3577,17970,63270,0
3578,4332,78886,0
3579,110322,55830,0
3580,148976,94127,0
3581,28654,42342,0
3582,84670,93804,0
3583,51311,41315,0
3584,36142,118551,0
3585,65389,86967,0
3586,132381,31516,0
3587,36203,74461,0
3588,7528,65711,0
3589,127103,87247,0
3590,40068,49415,0
3591,3524,128876,0
3592,105666,144399,0
3593,62163,125719,0
3594,11290,88154,0
3595,128152,45099,0
3596,58282,3957,0
3597,7569,31113,0
3598,151189,36478,0
3599,36616,90541,0
3600,117564,146642,0
3601,391,44432,0
3602,11683,111301,0
3603,67504,4,0
3604,130160,28946,0
3605,146038,154261,0
3606,12989,35898,0
3607,18628,104908,0
3608,111306,105036,0
3609,63199,129298,0
3610,127197,130761,0
3611,574,64410,0
3612,21930,77981,0
3613,100012,13739,0
3614,135395,62437,0
3615,67108,130135,0
3616,56579,68489,0
3617,78569,90219,0
3618,144915,21318,0
3619,53955,96902,0
3620,4259,56234,0
3621,29112,93664,0
3622,148831,75844,0
3623,88372,150507,0
3624,111644,128890,0
3625,71800,31833,0
3626,154587,80785,0
3627,7033,27084,0
3628,37792,65382,0
3629,93086,154218,0
3630,100823,103572,0
3631,65097,77519,0
3632,45067,437,0
3633,137690,65010,0
3634,117430,6154,0
3635,6733,107044,0
3636,54196,123709,0
3637,56607,68907,0
3638,56390,103089,0
3639,116473,138345,0
3640,144773,123643,0
3641,112337,7262,0
3642,14236,134693,0
3643,79186,10001,0
3644,116966,118988,0
3645,77209,3256,0
3646,84296,107614,0
3647,128582,149819,0
3648,89827,123344,0
3649,35507,74394,0
3650,98467,152555,0
3651,76606,57409,0
3652,136717,141815,0
3653,26176,32047,0
3654,24842,34431,0
3655,47366,123777,0
3656,38959,112902,0
3657,111638,88223,0
3658,97126,108797,0
3659,81844,40496,0
3660,48247,116696,0
3661,131985,102704,0
3662,4014,119211,0
3663,136942,152454,0
3664,146036,142572,0
3665,18482,34157,0
3666,127158,9893,0
3667,115671,53729,0
3668,145577,14138,0
3669,57194,38589,0
3670,127826,123027,0
3671,4447,103065,0
3672,65781,55501,0
3673,55463,55486,0
3674,58831,28521,0
3675,152455,96401,0
3676,2071,149480,0
3677,84813,137202,0
3678,79358,62932,0
3679,127938,126147,0
3680,94384,101817,0
3681,130922,119716,0
3682,68696,112824,0
3683,70107,89742,0
3684,65800,152805,0
3685,37970,95422,0
3686,51213,123303,0
3687,28492,144108,0
3688,87853,139553,0
3689,118729,124926,0
3690,104550,124997,0
3691,101059,121865,0
3692,28201,65597,0
3693,131499,14765,0
3694,57824,141671,0
3695,88157,119248,0
3696,98462,94182,0
3697,49377,23789,0
3698,43001,105902,0
3699,152192,140324,0
3700,57009,107711,0
3701,25084,96087,0
3702,3665,103886,0
3703,26461,55213,0
3704,98438,54398,0
3705,44301,19101,0
3706,89592,67118,0
3707,17589,85266,0
3708,72221,71498,0
3709,99189,144474,0
3710,28574,87655,0
3711,28713,152435,0
3712,148020,8379,0
3713,150627,154766,0
3714,28280,12648,0
3715,118098,132071,0
3716,53821,81086,0
3717,32092,61736,0
3718,72889,53612,0
3719,103550,66508,0
3720,36842,140543,0
3721,112658,1091,0
3722,140034,134248,0
3723,145973,57005,0
3724,50779,66592,0
3725,23419,65323,0
3726,2319,116677,0
3727,50983,103382,0
3728,125030,141229,0
3729,149629,149945,0
3730,124408,143686,0
3731,16486,142890,0
3732,17149,63804,0
3733,110813,11109,0
3734,102951,53109,0
3735,143777,96935,0
3736,66807,68091,0
3737,16432,51832,0
3738,72249,113923,0
3739,1186,105916,0
3740,53103,20570,0
3741,30198,93765,0
3742,31886,113824,0
3743,82193,110295,0
3744,74609,109325,0
3745,67832,11292,0
3746,67626,95677,0
3747,84795,45303,0
3748,24108,101980,0
3749,88630,118228,0
3750,35295,40251,0
3751,48724,85290,0
3752,142527,18758,0
3753,64673,147953,0
3754,33981,80411,0
3755,7491,123539,0
3756,26656,27338,0
3757,69048,111367,0
3758,4732,137153,0
3759,131464,111851,0
3760,146367,39258,0
3761,142134,233,0
3762,123260,57341,0
3763,124212,23363,0
3764,23398,136429,0
3765,70036,109966,0
3766,10999,27294,0
3767,48420,8575,0
3768,119397,140980,0
3769,150655,116263,0
3770,143909,6420,0
3771,85162,105828,0
3772,135731,25869,0
3773,145561,112759,0
3774,98677,69219,0
3775,39821,123188,0
3776,46104,94113,0
3777,100368,60980,0
3778,18759,89456,0
3779,55405,51869,0
3780,141073,13743,0
3781,76176,67417,0
3782,37624,78546,0
3783,110743,138685,0
3784,88952,28689,0
3785,63773,63474,0
3786,129156,35186,0
3787,126015,19098,0
3788,117144,916,0
3789,91599,57463,0
3790,88157,48912,0
3791,130878,64165,0
3792,134050,22911,0
3793,44771,112301,0
3794,51245,143314,0
3795,83099,23382,0
3796,152129,123726,0
3797,112737,4116,0
3798,99467,128908,0
3799,40412,73387,0
3800,152833,2827,0
3801,81617,108613,0
3802,78185,48130,0
3803,112141,111334,0
3804,121379,63024,0
3805,92974,23439,0
3806,117598,150270,0
3807,63845,12202,0
3808,31096,47555,0
3809,93997,126669,0
3810,7346,29669,0
3811,145349,131706,0
3812,39916,116105,0
3813,58180,15766,0
3814,36210,50183,0
3815,52453,147922,0
3816,29063,86721,0
3817,41228,89830,0
3818,104365,111642,0
3819,29770,75451,0
3820,31812,76539,0
3821,112103,80466,0
3822,127592,89505,0
3823,104171,57529,0
3824,144961,127533,0
3825,143641,82843,0
3826,77075,152746,0
3827,6053,143461,0
3828,17934,45424,0
3829,83424,129472,0
3830,25447,67589,0
3831,136082,83308,0
3832,62158,16568,0
3833,130900,66075,0
3834,38288,112880,0
3835,80454,146653,0
3836,110690,104230,0
3837,142233,16745,0
3838,71214,32192,0
3839,45331,144887,0
3840,6251,93569,0
3841,7513,71736,0
3842,151934,107480,0
3843,117810,16677,0
3844,34771,129274,0
3845,103337,149790,0
3846,152622,65110,0
3847,149196,113623,0
3848,27607,100018,0
3849,26978,61182,0
3850,3988,135021,0
3851,128097,85262,0
3852,29493,120592,0
3853,86693,117761,0
3854,87281,60998,0
3855,13575,102420,0
3856,80732,126506,0
3857,28799,100941,0
3858,108513,56404,0
3859,106743,65746,0
3860,120173,76544,0
3861,94608,138807,0
3862,68226,111805,0
3863,142906,115424,0
3864,40035,3086,0
3865,153142,54748,0
3866,31152,78481,0
3867,136972,53506,0
3868,67202,120281,0
3869,142018,58730,0
3870,24356,78376,0
3871,134034,45832,0
3872,127724,40962,0
3873,58495,109321,0
3874,96895,64767,0
3875,30109,35054,0
3876,88335,22783,0
3877,113788,54370,0
3878,40765,105347,0
3879,128938,24666,0
3880,9076,58981,0
3881,28407,121049,0
3882,43502,16452,0
3883,136700,118724,0
3884,54234,45146,0
3885,79158,39745,0
3886,40954,83955,0
3887,87833,82719,0
3888,94249,132919,0
3889,138300,154846,0
3890,25928,22823,0
3891,123789,50781,0
3892,91623,37732,0
3893,72572,14644,0
3894,148554,54060,0
3895,99826,19136,0
3896,133282,41380,0
3897,42928,72059,0
3898,85994,103016,0
3899,38270,104663,0
3900,3380,78382,0
3901,102743,108137,0
3902,87939,6072,0
3903,45560,140003,0
3904,91670,60564,0
3905,104287,66364,0
3906,100615,131784,0
3907,120674,2802,0
3908,30056,23389,0
3909,121269,80020,0
3910,2915,103131,0
3911,84486,31382,0
3912,1826,111453,0
3913,42316,69845,0
3914,47339,107833,0
3915,709,124100,0
3916,97115,142922,0
3917,135209,78375,0
3918,152200,80160,0
3919,370,14070,0
3920,78107,150175,0
3921,80732,149919,0
3922,5266,33486,0
3923,9982,125039,0
3924,7551,61205,0
3925,145064,42682,0
3926,131494,111872,0
3927,10281,154646,0
3928,71820,119780,0
3929,72650,134317,0
3930,141467,47638,0
3931,13515,5610,0
3932,155177,26998,0
3933,21733,144669,0
3934,37924,151767,0
3935,9162,143639,0
3936,29678,55524,0
3937,24856,113336,0
3938,18842,34490,0
3939,100505,95413,0
3940,37975,54980,0
3941,126244,107556,0
3942,142152,133037,0
3943,110206,40218,0
3944,87672,58140,0
3945,55055,76879,0
3946,67321,47630,0
3947,13403,11488,0
3948,145527,129523,0
3949,60562,17244,0
3950,85584,11914,0
3951,71267,101982,0
3952,138013,77289,0
3953,86513,37695,0
3954,69455,34852,0
3955,66800,87525,0
3956,71664,149715,0
3957,122800,145617,0
3958,153052,22973,0
3959,9157,45838,0
3960,94299,150488,0
3961,108220,59648,0
3962,107100,5181,0
3963,76048,69702,0
3964,112884,45894,0
3965,4783,49603,0
3966,123828,137667,0
3967,98826,115430,0
3968,99011,67895,0
3969,99343,32676,0
3970,32122,53186,0
3971,71388,19772,0
3972,89445,129554,0
3973,20910,27402,0
3974,72235,138320,0
3975,39633,38259,0
3976,39633,52640,0
3977,30653,48368,0
3978,99157,117669,0
3979,10690,155024,0
3980,139432,38800,0
3981,69349,140176,0
3982,10971,136592,0
3983,36237,16888,0
3984,24668,137424,0
3985,116738,151677,0
3986,55874,63087,0
3987,2767,95002,0
3988,147408,13442,0
3989,86104,141730,0
3990,16419,109174,0
3991,22889,99670,0
3992,28488,89102,0
3993,38000,108339,0
3994,57740,47218,0
3995,28917,75924,0
3996,127192,137055,0
3997,150577,121473,0
3998,72205,25994,0
3999,66853,152726,0
4000,14716,56418,0
4001,52852,148335,0
4002,100087,104855,0
4003,148926,117892,0
4004,34955,123893,0
4005,137482,116896,0
4006,26288,149149,0
4007,102844,125334,0
4008,26268,127601,0
4009,24610,51239,0
4010,121686,44216,0
4011,83342,68454,0
4012,99662,118021,0
4013,115059,64000,0
4014,62639,130771,0
4015,79629,151282,0
4016,62525,95295,0
4017,103739,126224,0
4018,9568,129382,0
4019,73200,107471,0
4020,18061,116852,0
4021,29497,135815,0
4022,114984,9559,0
4023,24280,111209,0
4024,44447,6662,0
4025,85424,91244,0
4026,21566,15968,0
4027,75061,64208,0
4028,135736,55042,0
4029,120177,141451,0
4030,89087,150391,0
4031,122160,110083,0
4032,134975,16721,0
4033,6338,154322,0
4034,8550,129810,0
4035,68108,30923,0
4036,144487,150933,0
4037,107475,102897,0
4038,4800,72997,0
4039,19227,139816,0
4040,20504,52799,0
4041,117889,82253,0
4042,121828,4711,0
4043,35402,31913,0
4044,7049,75040,0
4045,110180,55066,0
4046,3458,96511,0
4047,9801,56551,0
4048,45949,126008,0
4049,86919,133400,0
4050,74460,151046,0
4051,40962,71359,0
4052,118595,82267,0
4053,99249,29730,0
4054,132300,61462,0
4055,19224,10753,0
4056,65809,137042,0
4057,43027,86010,0
4058,36225,10944,0
4059,13227,59910,0
4060,41493,112824,0
4061,64874,95286,0
4062,472,92213,0
4063,13045,118746,0
4064,122762,2084,0
4065,78707,31282,0
4066,86805,73435,0
4067,108131,90018,0
4068,8132,104778,0
4069,16451,53713,0
4070,36237,150413,0
4071,146864,56795,0
4072,20564,112512,0
4073,3881,76231,0
4074,40456,93637,0
4075,141531,112588,0
4076,99417,101028,0
4077,88770,122033,0
4078,41401,72582,0
4079,98136,22552,0
4080,9102,150450,0
4081,20293,111831,0
4082,83127,139018,0
4083,133676,97837,0
4084,56866,92671,0
4085,50909,82381,0
4086,132195,5134,0
4087,85922,120783,0
4088,18125,77615,0
4089,1380,38702,0
4090,141660,5831,0
4091,25137,60477,0
4092,94052,122131,0
4093,58884,120669,0
4094,16621,76588,0
4095,38780,151458,0
4096,113875,107265,0
4097,45527,84930,0
4098,47359,74420,0
4099,58630,149611,0
4100,45202,135788,0
4101,64587,6227,0
4102,24588,106304,0
4103,54952,7232,0
4104,136281,53974,0
4105,56764,148521,0
4106,59491,34985,0
4107,35536,153247,0
4108,100239,35614,0
4109,79583,110105,0
4110,46853,54338,0
4111,121143,36033,0
4112,102694,60443,0
4113,125552,96210,0
4114,103508,39942,0
4115,22037,34232,0
4116,100248,69544,0
4117,127464,135589,0
4118,137139,125676,0
4119,142312,67590,0
4120,112558,25106,0
4121,4429,117118,0
4122,14331,134174,0
4123,67254,61815,0
4124,55846,132016,0
4125,148732,16634,0
4126,90070,27530,0
4127,99416,82624,0
4128,16743,1569,0
4129,90003,13085,0
4130,136103,71688,0
4131,124964,46868,0
4132,74086,96915,0
4133,43979,153025,0
4134,7595,150721,0
4135,141030,5038,0
4136,147155,7121,0
4137,118751,52317,0
4138,58607,106549,0
4139,74923,16639,0
4140,153075,52786,0
4141,93833,147609,0
4142,32865,75442,0
4143,114867,2725,0
4144,60478,6286,0
4145,153641,468,0
4146,66888,85189,0
4147,19458,144416,0
4148,68243,9252,0
4149,127397,112454,0
4150,28573,154373,0
4151,5943,127356,0
4152,137258,149983,0
4153,79462,71345,0
4154,121745,17658,0
4155,138120,49372,0
4156,86321,70240,0
4157,31710,111445,0
4158,80813,23057,0
4159,141743,57268,0
4160,133229,85671,0
4161,42919,33240,0
4162,45823,17869,0
4163,7868,74202,0
4164,134878,153587,0
4165,4052,75901,0
4166,111585,3600,0
4167,133292,135085,0
4168,118407,117580,0
4169,55367,93756,0
4170,127386,88182,0
4171,38567,54229,0
4172,116389,22471,0
4173,68490,15372,0
4174,97455,61366,0
4175,134518,67923,0
4176,127494,123412,0
4177,48888,15761,0
4178,145635,21555,0
4179,20226,7344,0
4180,121076,111104,0
4181,86378,105383,0
4182,81527,144483,0
4183,118198,45949,0
4184,52632,130823,0
4185,109516,86250,0
4186,32856,81042,0
4187,33859,143440,0
4188,10257,48036,0
4189,10710,3262,0
4190,88890,8374,0
4191,90779,46598,0
4192,19481,3221,0
4193,95312,12046,0
4194,5665,16616,0
4195,27665,61742,0
4196,34156,4342,0
4197,12898,14063,0
4198,74137,85877,0
4199,125540,125638,0
4200,130567,121012,0
4201,86811,74261,0
4202,61893,39091,0
4203,51777,68770,0
4204,123201,124582,0
4205,86671,33852,0
4206,40663,101914,0
4207,24535,41163,0
4208,117516,46542,0
4209,8781,104723,0
4210,122961,17247,0
4211,152676,14306,0
4212,107572,36229,0
4213,49067,50445,0
4214,105134,30150,0
4215,14920,19979,0
4216,19589,69394,0
4217,92794,59367,0
4218,65510,31794,0
4219,3471,127673,0
4220,23757,55598,0
4221,140892,138994,0
4222,31390,149560,0
4223,55561,150459,0
4224,4614,46179,0
4225,100661,70779,0
4226,145927,58114,0
4227,91619,113266,0
4228,121178,124316,0
4229,151765,62263,0
4230,39313,99484,0
4231,127688,78141,0
4232,78561,129591,0
4233,92985,127970,0
4234,29616,8488,0
4235,28003,15733,0
4236,129189,24894,0
4237,32857,112872,0
4238,25101,34548,0
4239,132973,52018,0
4240,112436,32477,0
4241,26835,32977,0
4242,119254,141901,0
4243,27155,144389,0
4244,95173,34487,0
4245,126847,44145,0
4246,103596,61601,0
4247,48285,154885,0
4248,127456,68079,0
4249,71337,62845,0
4250,124122,136593,0
4251,147919,39972,0
4252,27508,32945,0
4253,109156,85963,0
4254,3961,74746,0
4255,48172,149468,0
4256,134848,119175,0
4257,51390,50836,0
4258,47955,87232,0
4259,26892,26519,0
4260,26849,105412,0
4261,45739,132388,0
4262,100381,106572,0
4263,138658,49819,0
4264,140020,18781,0
4265,34911,107369,0
4266,13907,18883,0
4267,127476,139617,0
4268,76904,76,0
4269,6525,50794,0
4270,78629,100130,0
4271,90537,33216,0
4272,83168,78616,0
4273,86915,124819,0
4274,23297,90062,0
4275,144471,49450,0
4276,63089,105290,0
4277,60360,37820,0
4278,25223,40095,0
4279,60742,49662,0
4280,83798,100993,0
4281,94967,117356,0
4282,58764,58844,0
4283,141005,39734,0
4284,67264,31291,0
4285,133124,127956,0
4286,61305,72259,0
4287,107237,129746,0
4288,97748,78036,0
4289,4729,112313,0
4290,47729,133028,0
4291,150067,52190,0
4292,43656,150314,0
4293,117586,55548,0
4294,127519,130354,0
4295,35039,148896,0
4296,2357,92619,0
4297,88144,89019,0
4298,70312,91003,0
4299,5981,143707,0
4300,38087,117116,0
4301,147148,62125,0
4302,132118,54827,0
4303,65360,56937,0
4304,50924,136521,0
4305,468,101298,0
4306,146544,131827,0
4307,106030,77710,0
4308,37864,107079,0
4309,49261,118600,0
4310,58849,27572,0
4311,13659,136880,0
4312,35446,56945,0
4313,81022,119202,0
4314,15758,65422,0
4315,86916,1319,0
4316,121521,110505,0
4317,141232,149593,0
4318,68941,115914,0
4319,116803,23953,0
4320,54393,12798,0
4321,81757,98266,0
4322,20522,115613,0
4323,136278,14849,0
4324,84888,44241,0
4325,39809,71308,0
4326,138329,43879,0
4327,109665,63062,0
4328,59183,117956,0
4329,147882,116485,0
4330,19070,121104,0
4331,117507,22996,0
4332,16708,1908,0
4333,19480,102698,0
4334,38842,143008,0
4335,96053,13695,0
4336,84127,36183,0
4337,114120,118879,0
4338,146181,39151,0
4339,100571,43993,0
4340,73925,40647,0
4341,99832,121074,0
4342,711,440,0
4343,47418,84589,0
4344,8546,95403,0
4345,91257,146682,0
4346,50737,148214,0
4347,69924,23277,0
4348,124212,112744,0
4349,27174,119326,0
4350,10423,136181,0
4351,76502,41857,0
4352,135517,146462,0
4353,36021,47512,0
4354,52800,71025,0
4355,90366,121208,0
4356,57957,24573,0
4357,5375,129858,0
4358,65783,119919,0
4359,31231,32668,0
4360,42856,101433,0
4361,23907,61712,0
4362,122856,98305,0
4363,26857,41416,0
4364,102386,53232,0
4365,95367,146543,0
4366,122412,100462,0
4367,85186,81310,0
4368,105893,93978,0
4369,15197,76119,0
4370,59931,138471,0
4371,22274,68386,0
4372,152251,153452,0
4373,47603,22983,0
4374,102215,112055,0
4375,4618,79946,0
4376,79637,18825,0
4377,37877,9985,0
4378,74399,112298,0
4379,78535,71850,0
4380,135765,127564,0
4381,25348,35004,0
4382,120397,117942,0
4383,114618,58092,0
4384,138561,57602,0
4385,47451,42525,0
4386,86457,28883,0
4387,133577,10252,0
4388,112501,4454,0
4389,128114,18145,0
4390,3990,35561,0
4391,24691,8456,0
4392,131304,68747,0
4393,16128,102274,0
4394,81340,32702,0
4395,135463,151029,0
4396,144990,79192,0
4397,141039,127085,0
4398,18927,101800,0
4399,111849,63589,0
4400,86387,95439,0
4401,100090,105993,0
4402,62897,141855,0
4403,144696,69698,0
4404,120098,118648,0
4405,109170,29457,0
4406,97358,56278,0
4407,9035,78211,0
4408,144846,17228,0
4409,126354,45761,0
4410,81256,47067,0
4411,10918,125592,0
4412,528,18870,0
4413,92024,58042,0
4414,93979,138370,0
4415,4629,98006,0
4416,60974,64690,0
4417,97369,5,0
4418,101784,93629,0
4419,25933,68072,0
4420,120417,152174,0
4421,56389,63369,0
4422,79710,72152,0
4423,77925,148998,0
4424,105758,24689,0
4425,7137,120163,0
4426,53723,37547,0
4427,116871,55052,0
4428,121098,36361,0
4429,154553,118088,0
4430,56501,29167,0
4431,34771,93726,0
4432,11064,36217,0
4433,9818,51408,0
4434,107995,64925,0
4435,147001,9550,0
4436,99226,363,0
4437,28823,29343,0
4438,5674,29386,0
4439,102619,118831,0
4440,132665,136777,0
4441,98153,1301,0
4442,142425,66920,0
4443,134406,116717,0
4444,93397,13857,0
4445,63378,105040,0
4446,153803,49138,0
4447,80496,59223,0
4448,19651,113099,0
4449,126647,79642,0
4450,12116,11705,0
4451,108382,140100,0
4452,85433,119510,0
4453,141604,93168,0
4454,112778,34285,0
4455,45417,82322,0
4456,131977,76860,0
4457,151396,129750,0
4458,38653,47986,0
4459,27034,81319,0
4460,145752,47610,0
4461,87227,44214,0
4462,76538,38732,0
4463,60584,146046,0
4464,10710,140482,0
4465,8491,63561,0
4466,129299,104936,0
4467,150789,35759,0
4468,77282,84719,0
4469,15323,57421,0
4470,69757,138720,0
4471,26872,15317,0
4472,7371,130102,0
4473,41894,80198,0
4474,92030,97352,0
4475,29222,30439,0
4476,107838,150188,0
4477,56706,108317,0
4478,52231,52244,0
4479,20852,112315,0
4480,51610,12667,0
4481,136619,10044,0
4482,81376,87323,0
4483,119372,30058,0
4484,36199,97906,0
4485,71314,45962,0
4486,450,118266,0
4487,132246,22359,0
4488,109144,129371,0
4489,40765,11804,0
4490,122,42124,0
4491,31667,140189,0
4492,57695,124917,0
4493,152786,121011,0
4494,91082,35988,0
4495,97268,55301,0
4496,144054,32680,0
4497,30,124875,0
4498,126804,49546,0
4499,50043,17788,0
4500,71787,150532,0
4501,145739,84567,0
4502,96171,139463,0
4503,11273,119908,0
4504,47522,40437,0
4505,142992,75507,0
4506,32493,28584,0
4507,141333,84837,0
4508,64636,142791,0
4509,137131,89519,0
4510,94695,79967,0
4511,66546,47435,0
4512,33777,142714,0
4513,92694,122390,0
4514,77589,75917,0
4515,16054,10615,0
4516,116559,56143,0
4517,50892,129729,0
4518,66602,34800,0
4519,58359,139409,0
4520,40624,62798,0
4521,47369,139924,0
4522,24696,152376,0
4523,98809,9032,0
4524,136763,285,0
4525,92265,117567,0
4526,122823,144444,0
4527,2406,82949,0
4528,108147,119380,0
4529,87618,19106,0
4530,20597,11859,0
4531,139694,42092,0
4532,38114,40137,0
4533,143102,33566,0
4534,128727,25386,0
4535,122354,93597,0
4536,74501,75939,0
4537,11607,48468,0
4538,104689,94312,0
4539,26804,146707,0
4540,42802,107686,0
4541,45109,58774,0
4542,124866,91062,0
4543,59131,42482,0
4544,41928,98216,0
4545,67766,102977,0
4546,94987,126542,0
4547,16478,95687,0
4548,22353,19248,0
4549,44779,40903,0
4550,111423,96285,0
4551,139906,41625,0
4552,21639,16109,0
4553,8545,94890,0
4554,99310,22984,0
4555,114088,37592,0
4556,134538,72928,0
4557,66239,96833,0
4558,5859,143133,0
4559,85365,105892,0
4560,64268,118115,0
4561,112285,142529,0
4562,22127,109462,0
4563,88851,94186,0
4564,25704,31856,0
4565,18804,78950,0
4566,75073,102574,0
4567,27515,15060,0
4568,99279,121479,0
4569,125242,97752,0
4570,66088,126864,0
4571,144086,74677,0
4572,85,42546,0
4573,106076,119578,0
4574,54796,8456,0
4575,89769,103659,0
4576,103478,104307,0
4577,1055,82215,0
4578,124346,133714,0
4579,44377,132661,0
4580,11694,118946,0
4581,104709,107405,0
4582,148750,113855,0
4583,60069,121179,0
4584,106819,113884,0
4585,132024,135408,0
4586,88370,92100,0
4587,146359,143798,0
4588,130098,107627,0
4589,65554,23769,0
4590,33958,123519,0
4591,142879,147175,0
4592,146575,93737,0
4593,151482,99230,0
4594,75523,60002,0
4595,36675,30241,0
4596,65497,18438,0
4597,55430,1864,0
4598,109056,129715,0
4599,82282,17964,0
4600,112401,17105,0
4601,27763,112546,0
4602,97422,151458,0
4603,42515,24423,0
4604,4206,47757,0
4605,96946,74933,0
4606,48857,9069,0
4607,14232,127412,0
4608,44145,20607,0
4609,106926,96270,0
4610,21240,84184,0
4611,24526,138403,0
4612,10926,38199,0
4613,22685,96994,0
4614,143021,61579,0
4615,105252,101738,0
4616,152040,92517,0
4617,7362,8393,0
4618,145260,71157,0
4619,51623,32176,0
4620,94503,117262,0
4621,7059,111361,0
4622,152959,94313,0
4623,77298,36620,0
4624,18171,114953,0
4625,146303,149220,0
4626,34825,66004,0
4627,57475,75264,0
4628,130647,99654,0
4629,46976,12996,0
4630,105134,138136,0
4631,41821,124387,0
4632,131982,54837,0
4633,18921,16805,0
4634,64035,154759,0
4635,134563,124448,0
4636,82873,64320,0
4637,10976,1480,0
4638,148918,140778,0
4639,151099,39253,0
4640,47513,42436,0
4641,11868,151867,0
4642,81713,54519,0
4643,33969,50649,0
4644,4278,20469,0
4645,116232,154510,0
4646,50800,56524,0
4647,29344,146825,0
4648,63471,34418,0
4649,28047,135808,0
4650,22142,129637,0
4651,86248,81659,0
4652,148505,3355,0
4653,130859,41053,0
4654,152177,114499,0
4655,70867,146656,0
4656,128510,71627,0
4657,16686,44891,0
4658,114013,48777,0
4659,122224,4338,0
4660,82519,73317,0
4661,107520,102130,0
4662,18812,20636,0
4663,51877,132936,0
4664,34104,150455,0
4665,91460,87258,0
4666,120415,117395,0
4667,127254,11638,0
4668,67109,110557,0
4669,33425,142168,0
4670,151383,144136,0
4671,21843,108389,0
4672,154925,131724,0
4673,79076,20887,0
4674,66204,25696,0
4675,149960,109087,0
4676,126818,154665,0
4677,13769,87132,0
4678,106506,32727,0
4679,58936,134040,0
4680,108496,108714,0
4681,3422,37266,0
4682,125659,115005,0
4683,56118,5276,0
4684,48953,101183,0
4685,66818,4118,0
4686,84092,64205,0
4687,5570,141919,0
4688,67606,82573,0
4689,135028,8813,0
4690,106430,94323,0
4691,26703,118652,0
4692,4357,99249,0
4693,54545,46410,0
4694,20553,13691,0
4695,48916,4465,0
4696,29816,39999,0
4697,80594,71020,0
4698,63048,54262,0
4699,49004,25745,0
4700,138597,88053,0
4701,7638,38002,0
4702,97521,114058,0
4703,3485,88454,0
4704,142224,133354,0
4705,27315,11949,0
4706,6011,141034,0
4707,128316,21537,0
4708,103550,151014,0
4709,109216,75448,0
4710,22332,32571,0
4711,133873,7749,0
4712,109794,136546,0
4713,3029,127715,0
4714,96118,2480,0
4715,85551,18658,0
4716,78919,146298,0
4717,130882,76371,0
4718,51895,103924,0
4719,9606,120090,0
4720,78737,136060,0
4721,87804,105570,0
4722,48794,144340,0
4723,12347,16481,0
4724,5821,107136,0
4725,94817,67491,0
4726,67806,63127,0
4727,150754,6049,0
4728,138043,10931,0
4729,143216,58063,0
4730,110369,32412,0
4731,122237,114932,0
4732,47502,46530,0
4733,7903,84484,0
4734,60669,122807,0
4735,116114,4427,0
4736,148679,31378,0
4737,127800,65709,0
4738,72154,3589,0
4739,108045,59408,0
4740,32266,141771,0
4741,60917,127946,0
4742,43450,93910,0
4743,122511,102609,0
4744,41676,110774,0
4745,64493,1017,0
4746,36388,136756,0
4747,74003,147874,0
4748,88978,25864,0
4749,108777,403,0
4750,100389,54482,0
4751,44330,128443,0
4752,70147,56517,0
4753,108680,92325,0
4754,43420,88283,0
4755,52182,129175,0
4756,32959,8774,0
4757,76355,85673,0
4758,10482,133834,0
4759,63338,15291,0
4760,2126,17989,0
4761,107517,80755,0
4762,16900,151687,0
4763,95920,73864,0
4764,1627,69361,0
4765,2446,89771,0
4766,6802,86084,0
4767,93509,55805,0
4768,136041,101509,0
4769,54717,121493,0
4770,89564,16116,0
4771,23281,90778,0
4772,44627,90680,0
4773,67308,17415,0
4774,153589,47490,0
4775,103648,5814,0
4776,132676,3043,0
4777,50840,101671,0
4778,11277,15994,0
4779,48724,132614,0
4780,96029,117616,0
4781,100324,138400,0
4782,28937,95436,0
4783,146090,33656,0
4784,137279,126022,0
4785,83821,118135,0
4786,141967,26901,0
4787,6790,34817,0
4788,79492,47641,0
4789,36309,115590,0
4790,13515,89887,0
4791,49893,56323,0
4792,92226,86740,0
4793,40979,57182,0
4794,132206,10095,0
4795,138649,131144,0
4796,86125,67730,0
4797,11260,100463,0
4798,80644,57878,0
4799,26776,101501,0
4800,29804,122527,0
4801,91573,11612,0
4802,24645,98041,0
4803,53240,136225,0
4804,10262,41263,0
4805,148209,134127,0
4806,52314,141040,0
4807,101760,26101,0
4808,4183,129237,0
4809,107433,143335,0
4810,10361,102851,0
4811,44700,67160,0
4812,15877,105304,0
4813,128088,54172,0
4814,78548,38382,0
4815,151417,17502,0
4816,8870,150977,0
4817,104442,24748,0
4818,72154,135018,0
4819,77895,153417,0
4820,93784,111065,0
4821,69805,144124,0
4822,138714,67080,0
4823,10785,23210,0
4824,113561,76845,0
4825,34321,46078,0
4826,138559,111298,0
4827,49176,1499,0
4828,50310,56782,0
4829,118418,148127,0
4830,125527,138376,0
4831,101632,108338,0
4832,32935,26672,0
4833,30116,37053,0
4834,21887,20978,0
4835,91822,149506,0
4836,89892,40292,0
4837,137512,62152,0
4838,42773,77528,0
4839,24813,23499,0
4840,146857,111305,0
4841,135413,100216,0
4842,135687,41015,0
4843,51660,72674,0
4844,118379,12948,0
4845,45920,50556,0
4846,87734,60302,0
4847,73605,145793,0
4848,786,34628,0
4849,78771,11920,0
4850,26240,22895,0
4851,97298,26370,0
4852,74300,90739,0
4853,86161,454,0
4854,114998,105515,0
4855,101661,58645,0
4856,83299,36896,0
4857,118836,18163,0
4858,19950,144686,0
4859,146256,49413,0
4860,36541,102984,0
4861,109869,93133,0
4862,65686,138788,0
4863,8705,42697,0
4864,88553,58955,0
4865,113976,117059,0
4866,152773,147962,0
4867,81068,8280,0
4868,48277,119809,0
4869,96618,68964,0
4870,47103,58392,0
4871,57820,10090,0
4872,1975,21593,0
4873,103712,13885,0
4874,26529,58002,0
4875,143866,17244,0
4876,97833,82043,0
4877,150210,109151,0
4878,128228,82978,0
4879,4607,127944,0
4880,130678,39385,0
4881,92853,28394,0
4882,111483,123272,0
4883,151468,104107,0
4884,142756,2027,0
4885,99883,146433,0
4886,144400,141139,0
4887,29809,33956,0
4888,39976,116112,0
4889,153052,39013,0
4890,31908,101036,0
4891,83167,115586,0
4892,57738,30031,0
4893,98204,40684,0
4894,107910,144681,0
4895,55188,54783,0
4896,146192,111653,0
4897,149934,2809,0
4898,101189,20600,0
4899,24357,104953,0
4900,112927,129405,0
4901,85656,40333,0
4902,142126,140090,0
4903,47573,119957,0
4904,148873,130842,0
4905,68801,138460,0
4906,15127,92534,0
4907,4713,103757,0
4908,115404,31247,0
4909,56410,34627,0
4910,64752,3440,0
4911,43174,152453,0
4912,31455,104329,0
4913,103099,96944,0
4914,147873,28999,0
4915,95299,95993,0
4916,102617,19779,0
4917,82832,75694,0
4918,73027,80803,0
4919,22178,123036,0
4920,133503,36410,0
4921,110714,96235,0
4922,71374,53120,0
4923,154542,134151,0
4924,11143,123140,0
4925,12064,147107,0
4926,112911,81182,0
4927,122426,97023,0
4928,50359,41979,0
4929,60371,66748,0
4930,37930,8831,0
4931,141304,40768,0
4932,54799,152480,0
4933,84932,40032,0
4934,60661,121993,0
4935,111388,9480,0
4936,26970,34079,0
4937,132553,149670,0
4938,130494,36193,0
4939,101640,126378,0
4940,49197,44687,0
4941,15997,112530,0
4942,26031,94192,0
4943,139278,140147,0
4944,55332,22956,0
4945,92043,45412,0
4946,144252,46738,0
4947,152106,8832,0
4948,20824,69361,0
4949,79819,8546,0
4950,32513,61586,0
4951,105140,150045,0
4952,56556,37063,0
4953,74532,86217,0
4954,71980,108787,0
4955,95803,72169,0
4956,8812,125656,0
4957,87216,89379,0
4958,35780,132266,0
4959,92575,133429,0
4960,99706,52563,0
4961,104818,23238,0
4962,10487,40885,0
4963,59887,83646,0
4964,104299,146537,0
4965,55844,55453,0
4966,137295,509,0
4967,144722,114008,0
4968,77128,132806,0
4969,89230,74760,0
4970,60411,153945,0
4971,28559,30424,0
4972,70889,8152,0
4973,44843,33538,0
4974,63179,11996,0
4975,127471,88014,0
4976,82249,65773,0
4977,149879,53143,0
4978,9345,125016,0
4979,71300,141133,0
4980,95964,137857,0
4981,39916,50030,0
4982,145545,17025,0
4983,140988,83252,0
4984,36144,100827,0
4985,139275,80256,0
4986,151544,86195,0
4987,2695,26229,0
4988,109423,153750,0
4989,85629,65935,0
4990,123178,132645,0
4991,89646,38944,0
4992,37901,57705,0
4993,3781,85163,0
4994,131651,42357,0
4995,97820,17144,0
4996,105427,132945,0
4997,5783,21830,0
4998,147942,50465,0
4999,69971,145184,0
5000,32890,42404,0
5001,128333,147787,0
5002,132970,111081,0
5003,94626,54482,0
5004,84804,146857,0
5005,48871,77008,0
5006,149325,74435,0
5007,133559,117834,0
5008,88924,129368,0
5009,95478,53822,0
5010,150599,12128,0
5011,117480,100958,0
5012,1304,123300,0
5013,36158,91394,0
5014,6284,143370,0
5015,112279,86937,0
5016,4462,102423,0
5017,150631,118141,0
5018,85966,50561,0
5019,147370,140297,0
5020,52291,76565,0
5021,46418,53524,0
5022,52241,139412,0
5023,116981,90365,0
5024,141609,138073,0
5025,85148,88595,0
5026,40053,25394,0
5027,123444,48529,0
5028,74300,64210,0
5029,113327,113519,0
5030,114580,132803,0
5031,97225,101715,0
5032,121725,90594,0
5033,29987,43864,0
5034,40730,16756,0
5035,14405,86667,0
5036,144451,1418,0
5037,74374,101486,0
5038,38947,65834,0
5039,43662,123410,0
5040,49573,149861,0
5041,110496,75014,0
5042,78243,91151,0
5043,43004,119919,0
5044,10846,104532,0
5045,132879,53278,0
5046,112738,27104,0
5047,148946,55967,0
5048,8775,22996,0
5049,10602,143518,0
5050,38399,22515,0
5051,88313,65264,0
5052,53491,126710,0
5053,76643,121380,0
5054,15419,285,0
5055,5529,130936,0
5056,113304,103968,0
5057,140441,92874,0
5058,146158,135359,0
5059,48083,59588,0
5060,46617,62788,0
5061,139981,108748,0
5062,114683,54826,0
5063,102995,101502,0
5064,26454,124279,0
5065,143547,8447,0
5066,109158,122288,0
5067,124829,144663,0
5068,80255,156,0
5069,131358,12938,0
5070,96122,135068,0
5071,12711,105606,0
5072,26645,95537,0
5073,34230,109029,0
5074,103525,4324,0
5075,97847,17495,0
5076,90215,42921,0
5077,38833,72813,0
5078,63213,50335,0
5079,20288,62267,0
5080,32506,85748,0
5081,114579,85149,0
5082,94863,76274,0
5083,38495,118255,0
5084,40462,94917,0
5085,109444,108333,0
5086,113769,104796,0
5087,1413,47381,0
5088,35466,60407,0
5089,47186,54609,0
5090,120514,60117,0
5091,59394,35360,0
5092,84645,10922,0
5093,119273,145283,0
5094,124652,60907,0
5095,49995,82277,0
5096,123155,79262,0
5097,148575,149674,0
5098,97133,95646,0
5099,1849,36479,0
5100,154027,131077,0
5101,45067,112902,0
5102,76007,136458,0
5103,125540,91018,0
5104,93500,113529,0
5105,3273,18971,0
5106,84233,45658,0
5107,111597,111005,0
5108,140141,2766,0
5109,75778,82531,0
5110,100519,8154,0
5111,94957,44970,0
5112,113132,100820,0
5113,138091,152042,0
5114,76035,145977,0
5115,30805,145679,0
5116,75484,79357,0
5117,102921,77,0
5118,147804,7832,0
5119,116043,94801,0
5120,103022,62088,0
5121,152268,57141,0
5122,46050,67259,0
5123,52873,48546,0
5124,62712,153400,0
5125,70072,119985,0
5126,13619,88596,0
5127,55966,99626,0
5128,89048,89704,0
5129,78583,103019,0
5130,71959,17543,0
5131,47623,81353,0
5132,41609,30417,0
5133,99467,77898,0
5134,115493,10042,0
5135,15009,136845,0
5136,113365,13189,0
5137,56723,136307,0
5138,9435,122131,0
5139,125670,118345,0
5140,149645,39124,0
5141,50571,55774,0
5142,26285,153037,0
5143,99093,63603,0
5144,22487,51133,0
5145,138344,133544,0
5146,114256,114051,0
5147,48129,142219,0
5148,149385,47984,0
5149,92202,108687,0
5150,52585,112678,0
5151,74703,32243,0
5152,115022,119233,0
5153,26641,69102,0
5154,60396,70307,0
5155,118196,109628,0
5156,10618,7616,0
5157,62196,45300,0
5158,66589,14360,0
5159,147645,115296,0
5160,110654,38598,0
5161,146575,117674,0
5162,115608,31581,0
5163,145327,154106,0
5164,80972,38839,0
5165,29724,62140,0
5166,153138,60501,0
5167,15958,108196,0
5168,128103,83920,0
5169,129903,147892,0
5170,140579,124326,0
5171,48759,45832,0
5172,89244,143661,0
5173,32589,107877,0
5174,77692,10193,0
5175,26833,55843,0
5176,154604,127093,0
5177,149873,93631,0
5178,35400,77786,0
5179,84607,62932,0
5180,57698,87683,0
5181,825,113260,0
5182,1066,63380,0
5183,86691,100917,0
5184,154316,39327,0
5185,136112,116144,0
5186,33492,127165,0
5187,15481,42346,0
5188,29442,79454,0
5189,19100,73627,0
5190,29118,29095,0
5191,4865,62078,0
5192,84812,146242,0
5193,143433,116739,0
5194,80376,16339,0
5195,19070,74066,0
5196,97644,17175,0
5197,55269,62140,0
5198,120850,57718,0
5199,28848,85211,0
5200,125543,134029,0
5201,57216,95151,0
5202,116009,10263,0
5203,104964,152195,0
5204,110806,72603,0
5205,95116,46254,0
5206,48646,39125,0
5207,11992,47048,0
5208,20632,3634,0
5209,81592,112312,0
5210,126267,11079,0
5211,137344,76095,0
5212,153740,154414,0
5213,101341,41715,0
5214,116760,72974,0
5215,18220,85816,0
5216,57870,10503,0
5217,129872,133120,0
5218,128316,49495,0
5219,88493,8120,0
5220,38184,43084,0
5221,154413,121000,0
5222,137201,119631,0
5223,48741,27322,0
5224,54263,82779,0
5225,15794,154464,0
5226,123817,28442,0
5227,53721,26441,0
5228,128152,38073,0
5229,113655,131619,0
5230,9790,13351,0
5231,39607,107386,0
5232,99275,40701,0
5233,120108,102169,0
5234,135489,3677,0
5235,115898,132975,0
5236,98267,92745,0
5237,139510,12458,0
5238,105602,49984,0
5239,2863,37328,0
5240,42729,86408,0
5241,106053,66108,0
5242,108148,43567,0
5243,65444,106589,0
5244,77034,117605,0
5245,10414,148041,0
5246,110224,95772,0
5247,151800,68486,0
5248,120899,52774,0
5249,53883,7574,0
5250,117904,151441,0
5251,97098,17351,0
5252,20670,38629,0
5253,48515,82025,0
5254,107699,40928,0
5255,51716,55731,0
5256,153641,135602,0
5257,150170,141983,0
5258,83476,53711,0
5259,93072,49953,0
5260,53714,37304,0
5261,2425,112004,0
5262,127008,68865,0
5263,23097,112069,0
5264,86572,20481,0
5265,109125,39164,0
5266,142707,31183,0
5267,8303,32359,0
5268,34526,98162,0
5269,46596,63946,0
5270,75140,107069,0
5271,52075,45642,0
5272,66610,23018,0
5273,73733,109579,0
5274,70649,100830,0
5275,152266,81953,0
5276,57902,109754,0
5277,107157,69034,0
5278,46962,97709,0
5279,58937,114133,0
5280,86908,119786,0
5281,133361,56831,0
5282,127827,113058,0
5283,91066,70606,0
5284,65531,117663,0
5285,84283,123163,0
5286,76719,143776,0
5287,48336,77786,0
5288,127450,12204,0
5289,64391,131600,0
5290,97073,99224,0
5291,98158,16050,0
5292,119586,65871,0
5293,110007,132310,0
5294,101591,131263,0
5295,96559,76856,0
5296,64178,76486,0
5297,120983,51067,0
5298,25168,143103,0
5299,46611,103067,0
5300,71096,48628,0
5301,86992,107137,0
5302,112832,94102,0
5303,120138,34880,0
5304,8135,107043,0
5305,41914,97185,0
5306,9735,129741,0
5307,138508,148192,0
5308,136014,48389,0
5309,7628,130390,0
5310,135962,88264,0
5311,136274,86254,0
5312,101615,86964,0
5313,14331,127665,0
5314,63523,15663,0
5315,88854,138349,0
5316,26211,53557,0
5317,121853,39268,0
5318,56031,25377,0
5319,131042,121935,0
5320,19449,79548,0
5321,26145,50202,0
5322,88603,26091,0
5323,6878,89512,0
5324,105234,127768,0
5325,89122,20746,0
5326,34202,9041,0
5327,2128,30853,0
5328,32464,6444,0
5329,100411,134005,0
5330,49878,31609,0
5331,142003,115874,0
5332,147706,134255,0
5333,120887,15559,0
5334,54678,23234,0
5335,16673,12810,0
5336,51256,51099,0
5337,57056,105815,0
5338,97417,110355,0
5339,134058,90491,0
5340,15068,44942,0
5341,64673,65178,0
5342,125509,95680,0
5343,118693,36091,0
5344,40630,96207,0
5345,5678,88797,0
5346,33556,42361,0
5347,32860,16866,0
5348,22050,19744,0
5349,80824,123270,0
5350,45634,133356,0
5351,84816,61960,0
5352,103314,29503,0
5353,112878,42420,0
5354,115596,73750,0
5355,17378,90119,0
5356,76523,42689,0
5357,37900,115329,0
5358,35139,138286,0
5359,86177,103808,0
5360,16092,78824,0
5361,86162,105792,0
5362,132197,60768,0
5363,143743,67854,0
5364,132147,51918,0
5365,28853,52604,0
5366,109949,24213,0
5367,68329,32726,0
5368,23140,12757,0
5369,73571,41593,0
5370,133594,57513,0
5371,113705,46574,0
5372,126677,90864,0
5373,2161,16709,0
5374,46613,139679,0
5375,83885,126992,0
5376,108496,111060,0
5377,48645,123905,0
5378,26690,54786,0
5379,77666,149861,0
5380,96152,113066,0
5381,66942,114262,0
5382,15618,128890,0
5383,116234,143632,0
5384,16450,55075,0
5385,21394,44988,0
5386,138824,134468,0
5387,46088,38577,0
5388,70032,45067,0
5389,80295,115701,0
5390,13888,73424,0
5391,68649,40624,0
5392,76307,15314,0
5393,8514,75939,0
5394,16982,104802,0
5395,137149,68935,0
5396,70334,108314,0
5397,26240,133285,0
5398,42823,107379,0
5399,11790,85374,0
5400,16147,84383,0
5401,105734,150251,0
5402,59546,73944,0
5403,34780,105672,0
5404,101291,15755,0
5405,8617,123347,0
5406,19184,36848,0
5407,98138,151711,0
5408,130199,2468,0
5409,70729,61230,0
5410,16441,46692,0
5411,32493,151913,0
5412,22899,33396,0
5413,2625,52870,0
5414,14937,112926,0
5415,116114,12309,0
5416,124117,6233,0
5417,122378,95074,0
5418,46529,10459,0
5419,102604,128587,0
5420,72186,149260,0
5421,55732,92274,0
5422,18968,117718,0
5423,73308,31432,0
5424,38731,30980,0
5425,33913,2623,0
5426,4307,87887,0
5427,140313,11213,0
5428,103580,121911,0
5429,68007,4516,0
5430,92579,56560,0
5431,109626,77688,0
5432,76850,46984,0
5433,21067,91238,0
5434,149027,90163,0
5435,134952,80575,0
5436,80545,80229,0
5437,118985,121632,0
5438,83084,74186,0
5439,64967,130625,0
5440,112175,96176,0
5441,5835,140284,0
5442,133553,111080,0
5443,145456,107609,0
5444,25939,68653,0
5445,149979,2353,0
5446,111057,28051,0
5447,133559,26548,0
5448,63616,139438,0
5449,28727,6913,0
5450,137450,123267,0
5451,84601,122235,0
5452,131982,87568,0
5453,138948,84962,0
5454,84516,41673,0
5455,131068,577,0
5456,77664,60529,0
5457,91575,23513,0
5458,47862,124322,0
5459,110374,20405,0
5460,70644,4949,0
5461,48789,17419,0
5462,107529,19092,0
5463,51612,80165,0
5464,53003,71008,0
5465,92400,138845,0
5466,41211,141533,0
5467,52253,91397,0
5468,56790,28905,0
5469,147979,84173,0
5470,82821,33270,0
5471,96500,33513,0
5472,103510,62450,0
5473,134274,87067,0
5474,64050,92177,0
5475,20126,44511,0
5476,153976,73746,0
5477,103402,84471,0
5478,87905,134427,0
5479,12978,117494,0
5480,90839,13742,0
5481,85341,31414,0
5482,62729,151401,0
5483,47057,75058,0
5484,152558,121903,0
5485,101916,139191,0
5486,12249,47079,0
5487,92408,89545,0
5488,54478,81016,0
5489,70398,152965,0
5490,117982,155179,0
5491,84915,60869,0
5492,33484,19219,0
5493,57389,24825,0
5494,118741,146793,0
5495,16469,113206,0
5496,60205,37913,0
5497,28966,69365,0
5498,95208,11443,0
5499,100418,148313,0
5500,69214,61715,0
5501,139583,131359,0
5502,84160,93404,0
5503,5116,46990,0
5504,92678,22400,0
5505,137406,45832,0
5506,52489,50282,0
5507,118097,145471,0
5508,22620,132020,0
5509,90848,66832,0
5510,111686,116643,0
5511,145779,121458,0
5512,111995,42122,0
5513,135057,85435,0
5514,74002,110113,0
5515,69107,43866,0
5516,153468,133679,0
5517,147597,57716,0
5518,125322,129902,0
5519,149054,104739,0
5520,152704,5764,0
5521,134377,131055,0
5522,154666,98832,0
5523,2679,98846,0
5524,30802,90918,0
5525,76748,31654,0
5526,52661,137590,0
5527,153248,99687,0
5528,83266,47944,0
5529,2505,126612,0
5530,11064,20429,0
5531,78324,92166,0
5532,144885,143119,0
5533,27974,84685,0
5534,89476,137969,0
5535,35435,136522,0
5536,84613,2359,0
5537,9245,97570,0
5538,122291,13956,0
5539,105887,104303,0
5540,123669,38476,0
5541,91487,152815,0
5542,142049,93133,0
5543,3983,47486,0
5544,44750,79783,0
5545,137110,21116,0
5546,82120,60801,0
5547,2528,134520,0
5548,144288,9976,0
5549,96010,139147,0
5550,88364,101479,0
5551,144405,16816,0
5552,121516,89350,0
5553,97554,118209,0
5554,28982,69518,0
5555,65345,93637,0
5556,132337,29300,0
5557,47955,99950,0
5558,55201,53745,0
5559,59921,31369,0
5560,128643,58512,0
5561,89845,87763,0
5562,144179,73966,0
5563,30924,96386,0
5564,113338,106341,0
5565,64041,17595,0
5566,56960,93337,0
5567,5763,7185,0
5568,76362,10324,0
5569,122573,5651,0
5570,113082,67099,0
5571,134865,25522,0
5572,90364,64621,0
5573,136850,146830,0
5574,154570,17914,0
5575,144916,89490,0
5576,151332,90755,0
5577,149346,121189,0
5578,75417,17260,0
5579,123910,19600,0
5580,28067,151497,0
5581,45653,43956,0
5582,92331,71684,0
5583,82106,150544,0
5584,111382,31166,0
5585,33476,71033,0
5586,24699,37528,0
5587,77661,92729,0
5588,37541,79481,0
5589,9274,9529,0
5590,144773,75750,0
5591,117877,61829,0
5592,27376,144143,0
5593,151654,130282,0
5594,126494,21748,0
5595,43055,128696,0
5596,53223,127478,0
5597,35449,56692,0
5598,116434,123432,0
5599,23221,91344,0
5600,114837,28015,0
5601,21406,115779,0
5602,17925,22855,0
5603,92511,122700,0
5604,102492,109005,0
5605,21288,134779,0
5606,99330,106755,0
5607,138765,81396,0
5608,77663,143065,0
5609,145979,50507,0
5610,33845,28458,0
5611,116412,23832,0
5612,139565,29441,0
5613,15501,73370,0
5614,47272,3052,0
5615,13543,69542,0
5616,118754,74784,0
5617,72928,131870,0
5618,100687,99927,0
5619,128785,66019,0
5620,62235,147827,0
5621,38334,72073,0
5622,112884,3419,0
5623,85207,44098,0
5624,143669,120209,0
5625,25371,154483,0
5626,104707,33311,0
5627,72350,78808,0
5628,123471,141782,0
5629,112780,136784,0
5630,77927,80201,0
5631,18068,146989,0
5632,76369,44695,0
5633,21476,100663,0
5634,4034,19269,0
5635,139822,78287,0
5636,43273,46944,0
5637,81044,27600,0
5638,91672,131197,0
5639,68989,79813,0
5640,109228,129008,0
5641,141478,9848,0
5642,8606,85100,0
5643,93128,62891,0
5644,19948,67125,0
5645,8702,84930,0
5646,22850,155198,0
5647,75891,42067,0
5648,98384,74741,0
5649,26158,61368,0
5650,12835,71541,0
5651,59599,71245,0
5652,47991,118160,0
5653,55017,75167,0
5654,98499,9708,0
5655,19895,40623,0
5656,118217,40931,0
5657,137059,67258,0
5658,73576,45891,0
5659,54913,87040,0
5660,153671,63818,0
5661,103399,136092,0
5662,14143,149429,0
5663,69280,81116,0
5664,71614,95332,0
5665,50571,135583,0
5666,49657,131938,0
5667,12279,2578,0
5668,72371,83319,0
5669,91110,48215,0
5670,117980,151410,0
5671,140211,154838,0
5672,142792,85658,0
5673,131822,59915,0
5674,41228,61334,0
5675,67824,52140,0
5676,48695,106806,0
5677,134563,63557,0
5678,19358,138807,0
5679,42659,9459,0
5680,109950,25782,0
5681,133617,62948,0
5682,36440,104395,0
5683,48813,69180,0
5684,94735,61760,0
5685,114645,60002,0
5686,113876,42235,0
5687,100555,105209,0
5688,119956,78411,0
5689,144701,67901,0
5690,101185,51133,0
5691,82316,89859,0
5692,132241,67131,0
5693,18527,26438,0
5694,38905,125849,0
5695,103478,22763,0
5696,98405,104397,0
5697,26409,103588,0
5698,1730,73373,0
5699,97780,96603,0
5700,48879,151555,0
5701,14285,123071,0
5702,146098,119843,0
5703,75709,102683,0
5704,119318,14786,0
5705,106968,34864,0
5706,84147,88841,0
5707,39138,79952,0
5708,35436,145887,0
5709,108569,74801,0
5710,151317,135754,0
5711,82550,70369,0
5712,603,59519,0
5713,35119,93318,0
5714,132492,131134,0
5715,148985,143604,0
5716,129735,47247,0
5717,14223,150818,0
5718,106758,141923,0
5719,116672,141807,0
5720,36061,51144,0
5721,73354,34323,0
5722,13679,140047,0
5723,29674,103072,0
5724,129304,100613,0
5725,20807,86727,0
5726,52315,114231,0
5727,140890,89538,0
5728,17453,108823,0
5729,4869,120791,0
5730,79609,75150,0
5731,92665,190,0
5732,64373,24549,0
5733,98128,29726,0
5734,99930,8608,0
5735,12887,137846,0
5736,58697,63833,0
5737,97072,50539,0
5738,115036,131135,0
5739,127821,119413,0
5740,27844,50835,0
5741,144907,62363,0
5742,118683,5034,0
5743,102019,59529,0
5744,12074,14639,0
5745,46272,79005,0
5746,40570,31374,0
5747,104898,61352,0
5748,36614,147886,0
5749,118854,19056,0
5750,150153,55203,0
5751,21157,103043,0
5752,41018,41475,0
5753,38049,93743,0
5754,135806,108683,0
5755,27531,132169,0
5756,147392,93963,0
5757,142164,144051,0
5758,37924,96073,0
5759,20377,52798,0
5760,58446,96846,0
5761,123993,78327,0
5762,95671,152272,0
5763,26598,3539,0
5764,24910,28041,0
5765,40594,4337,0
5766,87107,64173,0
5767,1459,152349,0
5768,150297,72807,0
5769,118295,51461,0
5770,5479,147220,0
5771,16423,66687,0
5772,57600,50010,0
5773,147995,117192,0
5774,110143,144940,0
5775,135011,114018,0
5776,34783,149217,0
5777,83440,149664,0
5778,73148,63660,0
5779,98689,153994,0
5780,92799,138010,0
5781,27844,137903,0
5782,97415,18862,0
5783,89425,58968,0
5784,98968,90014,0
5785,105461,100092,0
5786,88259,100483,0
5787,53806,57689,0
5788,41077,38825,0
5789,98387,41306,0
5790,142889,1968,0
5791,114939,129179,0
5792,24598,2708,0
5793,137417,102642,0
5794,137414,128971,0
5795,92373,127933,0
5796,119720,566,0
5797,9176,28323,0
5798,79230,62464,0
5799,58529,5035,0
5800,88793,154488,0
5801,29444,132945,0
5802,144449,134557,0
5803,16687,136449,0
5804,11290,149705,0
5805,73571,91126,0
5806,133006,109126,0
5807,143853,38499,0
5808,25327,50677,0
5809,44008,111472,0
5810,44926,94479,0
5811,121603,148690,0
5812,55338,137925,0
5813,27462,70110,0
5814,117377,141833,0
5815,15529,32119,0
5816,26839,136075,0
5817,99309,29689,0
5818,85457,9395,0
5819,18183,124322,0
5820,61875,102008,0
5821,129496,8833,0
5822,63766,41427,0
5823,7429,25630,0
5824,58642,31796,0
5825,139490,118948,0
5826,152260,137972,0
5827,27911,103599,0
5828,45769,97132,0
5829,103097,138141,0
5830,69722,67360,0
5831,70342,92486,0
5832,128924,19565,0
5833,145583,138159,0
5834,17871,140383,0
5835,3725,101248,0
5836,45782,14839,0
5837,102015,150748,0
5838,55009,6235,0
5839,48025,36341,0
5840,147996,7293,0
5841,141986,24368,0
5842,119802,69412,0
5843,64503,144903,0
5844,130202,90460,0
5845,60999,45120,0
5846,116510,32654,0
5847,143614,66824,0
5848,106414,47503,0
5849,35725,38413,0
5850,125750,61379,0
5851,6448,35843,0
5852,140781,144731,0
5853,4882,122408,0
5854,103878,51405,0
5855,92141,150147,0
5856,86400,31505,0
5857,44704,21274,0
5858,93195,101986,0
5859,124510,88302,0
5860,118654,51948,0
5861,12514,150270,0
5862,101753,21796,0
5863,100162,6472,0
5864,153933,37648,0
5865,63652,101091,0
5866,135446,58892,0
5867,37428,32892,0
5868,138628,35324,0
5869,152077,55731,0
5870,101192,77095,0
5871,13974,1536,0
5872,79780,52378,0
5873,76014,82827,0
5874,106340,13471,0
5875,49943,4833,0
5876,128152,58343,0
5877,42376,27096,0
5878,64853,51920,0
5879,50380,65740,0
5880,111525,6349,0
5881,95428,95257,0
5882,149494,54749,0
5883,38570,28797,0
5884,57257,154220,0
5885,121451,94030,0
5886,119400,123034,0
5887,33112,90698,0
5888,144041,128722,0
5889,148290,106357,0
5890,131851,24936,0
5891,63261,130732,0
5892,14619,83670,0
5893,151430,142892,0
5894,120378,147634,0
5895,138786,120022,0
5896,30638,98081,0
5897,47750,7501,0
5898,20128,139661,0
5899,46522,49210,0
5900,130299,149589,0
5901,93273,132724,0
5902,21362,33526,0
5903,133706,129815,0
5904,134488,18956,0
5905,1411,151295,0
5906,132984,66748,0
5907,71942,154025,0
5908,42048,99443,0
5909,78687,63676,0
5910,98392,10457,0
5911,46798,112550,0
5912,155094,122454,0
5913,69316,103521,0
5914,82458,113779,0
5915,33322,9118,0
5916,134385,82861,0
5917,93711,95279,0
5918,90538,63889,0
5919,85165,97760,0
5920,109604,62442,0
5921,117303,108913,0
5922,118935,76112,0
5923,150561,29308,0
5924,127119,124323,0
5925,46816,55747,0
5926,137513,74688,0
5927,77228,128241,0
5928,147258,38333,0
5929,97493,69495,0
5930,147081,27499,0
5931,133884,30598,0
5932,102083,85621,0
5933,49136,80490,0
5934,66183,105071,0
5935,79541,109513,0
5936,33919,32316,0
5937,776,49020,0
5938,41712,54203,0
5939,17173,40735,0
5940,134494,66932,0
5941,147011,128052,0
5942,134701,62972,0
5943,2382,1445,0
5944,36538,14411,0
5945,4991,13387,0
5946,139583,45736,0
5947,140084,53120,0
5948,103078,121117,0
5949,22707,77316,0
5950,118202,119041,0
5951,119156,78612,0
5952,96497,152810,0
5953,77986,56549,0
5954,90118,132737,0
5955,96796,33268,0
5956,24723,3134,0
5957,91639,23149,0
5958,99239,93871,0
5959,42194,101062,0
5960,72209,106684,0
5961,58333,81336,0
5962,66069,91184,0
5963,78158,21038,0
5964,108874,129270,0
5965,91220,29948,0
5966,11565,63751,0
5967,105234,13238,0
5968,118871,94656,0
5969,88597,97803,0
5970,131101,114685,0
5971,52090,82983,0
5972,127872,57562,0
5973,84498,95379,0
5974,10554,154773,0
5975,28775,96283,0
5976,87268,135981,0
5977,128673,141213,0
5978,144728,118620,0
5979,36687,46183,0
5980,45046,18376,0
5981,74625,134834,0
5982,8592,123503,0
5983,125851,65482,0
5984,65034,107069,0
5985,6584,119879,0
5986,88043,66231,0
5987,102930,62905,0
5988,72,151553,0
5989,68584,22556,0
5990,105157,148313,0
5991,14937,57212,0
5992,88557,35745,0
5993,63196,126040,0
5994,91451,125351,0
5995,8159,1846,0
5996,121857,109232,0
5997,21629,29388,0
5998,148818,83028,0
5999,11244,47255,0
6000,127046,101919,0
6001,4725,82032,0
6002,7457,74816,0
6003,28096,97708,0
6004,154021,69802,0
6005,142719,106833,0
6006,31228,101558,0
6007,121896,153991,0
6008,128588,29737,0
6009,83717,100685,0
6010,91992,91769,0
6011,106650,71412,0
6012,112930,25516,0
6013,73434,98737,0
6014,92464,24748,0
6015,38090,24914,0
6016,127907,101930,0
6017,152423,27161,0
6018,6653,10056,0
6019,13677,116159,0
6020,143890,113884,0
6021,51793,63061,0
6022,1423,55370,0
6023,146474,134981,0
6024,24886,60879,0
6025,154609,66188,0
6026,12430,119553,0
6027,104220,55130,0
6028,43465,2097,0
6029,35520,106647,0
6030,67574,35864,0
6031,29670,6619,0
6032,416,123643,0
6033,46739,132660,0
6034,129759,116099,0
6035,85675,28549,0
6036,154589,94680,0
6037,52166,121512,0
6038,59150,39237,0
6039,131285,148787,0
6040,5264,141945,0
6041,62030,52034,0
6042,36606,33369,0
6043,81354,50287,0
6044,27787,93729,0
6045,86367,25812,0
6046,37233,105059,0
6047,132212,154351,0
6048,92586,92439,0
6049,16411,10820,0
6050,49074,67072,0
6051,70504,118143,0
6052,48916,89856,0
6053,13388,6580,0
6054,98512,60210,0
6055,56980,39111,0
6056,49926,71783,0
6057,144000,133237,0
6058,129558,63589,0
6059,572,140828,0
6060,78467,27959,0
6061,64829,118862,0
6062,150610,58769,0
6063,46150,136474,0
6064,85482,114297,0
6065,59913,6431,0
6066,58943,44970,0
6067,16849,63136,0
6068,129412,19489,0
6069,63756,91681,0
6070,91225,64584,0
6071,2927,9126,0
6072,5550,130038,0
6073,99416,66322,0
6074,11732,28011,0
6075,110075,118651,0
6076,128569,8245,0
6077,117270,79464,0
6078,100105,70263,0
6079,26945,39952,0
6080,150094,14052,0
6081,70956,17576,0
6082,146114,93150,0
6083,117687,83382,0
6084,137184,30108,0
6085,82459,2786,0
6086,105741,146538,0
6087,92877,12558,0
6088,135713,146438,0
6089,86805,127738,0
6090,148106,37952,0
6091,46399,122087,0
6092,25988,137648,0
6093,130198,5541,0
6094,126325,137340,0
6095,90353,25710,0
6096,30556,17992,0
6097,100516,49453,0
6098,48441,29549,0
6099,36608,2408,0
6100,22484,47933,0
6101,132789,10102,0
6102,78277,14850,0
6103,110362,66025,0
6104,101983,38756,0
6105,17028,112414,0
6106,6670,78927,0
6107,152203,24297,0
6108,138582,172,0
6109,92394,128724,0
6110,127274,140320,0
6111,85195,102196,0
6112,12735,54391,0
6113,48927,31512,0
6114,76412,54370,0
6115,7287,63305,0
6116,84298,14949,0
6117,133139,34316,0
6118,118448,59710,0
6119,89036,111240,0
6120,134346,118556,0
6121,128485,153331,0
6122,95986,24789,0
6123,1588,136176,0
6124,7683,87758,0
6125,84039,83458,0
6126,96851,63361,0
6127,3038,113863,0
6128,142387,59961,0
6129,64109,13574,0
6130,134753,134206,0
6131,103025,62467,0
6132,100875,16351,0
6133,130057,93341,0
6134,19883,6417,0
6135,19467,148306,0
6136,76743,144733,0
6137,80482,134462,0
6138,70718,63559,0
6139,41414,55559,0
6140,121821,103088,0
6141,141106,72939,0
6142,109324,72811,0
6143,111254,58648,0
6144,75643,52991,0
6145,47580,985,0
6146,75950,21397,0
6147,51128,141827,0
6148,50968,130053,0
6149,123874,91291,0
6150,21013,134979,0
6151,117312,56329,0
6152,127464,106876,0
6153,5341,72499,0
6154,139226,36931,0
6155,55752,103841,0
6156,43058,85155,0
6157,26653,36937,0
6158,107946,76838,0
6159,98068,95408,0
6160,149645,46092,0
6161,92244,87188,0
6162,32865,59055,0
6163,119284,41106,0
6164,80943,38695,0
6165,110209,64330,0
6166,133528,9343,0
6167,3702,9325,0
6168,18526,14777,0
6169,30521,78813,0
6170,150918,111926,0
6171,91901,142594,0
6172,125870,152444,0
6173,118060,127226,0
6174,109964,73539,0
6175,121470,105205,0
6176,48705,8067,0
6177,150581,120522,0
6178,113800,152317,0
6179,130708,146674,0
6180,42406,143593,0
6181,12846,99434,0
6182,147702,20750,0
6183,2396,137457,0
6184,67612,98291,0
6185,68533,69701,0
6186,11371,88182,0
6187,112274,60942,0
6188,128047,44776,0
6189,137252,69049,0
6190,1336,97103,0
6191,73062,123324,0
6192,8243,5210,0
6193,103436,131453,0
6194,59956,64725,0
6195,130249,14216,0
6196,54674,55694,0
6197,87167,20716,0
6198,12832,78168,0
6199,106081,125725,0
6200,31279,10820,0
6201,100309,47018,0
6202,129029,118026,0
6203,69677,112027,0
6204,101202,47920,0
6205,11899,145952,0
6206,30733,38822,0
6207,145228,13699,0
6208,105832,64801,0
6209,8201,117237,0
6210,116845,139011,0
6211,82557,45172,0
6212,32257,124431,0
6213,142193,153494,0
6214,50568,26584,0
6215,73059,49391,0
6216,111437,144426,0
6217,26732,1106,0
6218,24633,111994,0
6219,6494,66030,0
6220,92986,23232,0
6221,43556,144827,0
6222,37929,115292,0
6223,60720,21715,0
6224,136426,73541,0
6225,148477,58375,0
6226,8358,30476,0
6227,38058,112707,0
6228,67931,38597,0
6229,47713,112057,0
6230,33917,7942,0
6231,139548,104487,0
6232,64831,101606,0
6233,72275,136768,0
6234,60202,15415,0
6235,151713,106301,0
6236,144411,39007,0
6237,78189,140320,0
6238,86427,19434,0
6239,74841,54344,0
6240,5618,109680,0
6241,138256,119064,0
6242,129778,17003,0
6243,72758,18413,0
6244,106449,91523,0
6245,143544,90743,0
6246,131277,71246,0
6247,153636,2279,0
6248,90804,100341,0
6249,34568,62869,0
6250,135076,16992,0
6251,18256,132476,0
6252,5838,78868,0
6253,50622,116014,0
6254,32331,107314,0
6255,20147,141932,0
6256,100117,100272,0
6257,1509,65094,0
6258,94086,71917,0
6259,29239,154233,0
6260,57750,96574,0
6261,61983,61253,0
6262,127723,129686,0
6263,66071,72528,0
6264,146502,47695,0
6265,87792,99902,0
6266,117536,123583,0
6267,16410,90795,0
6268,16624,51699,0
6269,55211,90590,0
6270,79705,78262,0
6271,89501,98945,0
6272,96353,128573,0
6273,11812,32387,0
6274,140732,31889,0
6275,125130,141325,0
6276,74055,34172,0
6277,149413,6636,0
6278,27287,132148,0
6279,136850,59515,0
6280,5362,2107,0
6281,46085,5719,0
6282,138917,92878,0
6283,81606,65627,0
6284,18767,69351,0
6285,89562,76860,0
6286,107475,109174,0
6287,141689,146580,0
6288,120336,4707,0
6289,56258,152096,0
6290,58266,41424,0
6291,88047,53684,0
6292,101918,62015,0
6293,84830,54898,0
6294,53321,127249,0
6295,18975,123788,0
6296,57082,98029,0
6297,32730,88469,0
6298,37797,10163,0
6299,48539,101602,0
6300,70067,26124,0
6301,58077,143218,0
6302,89558,154901,0
6303,104130,144206,0
6304,124421,110087,0
6305,96469,73922,0
6306,72275,6757,0
6307,94496,26520,0
6308,77171,114586,0
6309,28016,10643,0
6310,20608,111988,0
6311,77625,94189,0
6312,3719,51642,0
6313,151301,34074,0
6314,109374,88007,0
6315,149113,116103,0
6316,63868,108359,0
6317,84160,62881,0
6318,111597,113344,0
6319,131776,108337,0
6320,46927,28683,0
6321,147348,105620,0
6322,123660,21156,0
6323,63617,110068,0
6324,26860,53477,0
6325,75747,98735,0
6326,66663,91617,0
6327,114435,55208,0
6328,103919,40628,0
6329,46981,72126,0
6330,118376,129929,0
6331,85233,135399,0
6332,114740,99037,0
6333,80275,119919,0
6334,135050,61352,0
6335,70511,78455,0
6336,99188,88191,0
6337,27849,25793,0
6338,152036,122360,0
6339,88329,80237,0
6340,134275,94918,0
6341,46419,141306,0
6342,13693,120708,0
6343,124190,148063,0
6344,130249,14275,0
6345,104452,11155,0
6346,18228,129213,0
6347,51399,116942,0
6348,68645,119774,0
6349,95540,9727,0
6350,37020,143902,0
6351,137947,55876,0
6352,59698,34610,0
6353,126319,100281,0
6354,77107,100801,0
6355,41940,135668,0
6356,133919,64772,0
6357,70062,15941,0
6358,128345,63762,0
6359,105949,16369,0
6360,27404,11740,0
6361,150720,117872,0
6362,134591,19721,0
6363,137286,154673,0
6364,126083,126008,0
6365,138161,117010,0
6366,57539,61692,0
6367,49261,42054,0
6368,14686,41011,0
6369,83724,62533,0
6370,85585,141262,0
6371,57519,107462,0
6372,149986,103146,0
6373,116814,123749,0
6374,22795,96876,0
6375,95124,53325,0
6376,36441,39019,0
6377,125055,44296,0
6378,107578,99045,0
6379,121307,130949,0
6380,35221,97408,0
6381,60122,16599,0
6382,20759,24694,0
6383,86214,76183,0
6384,37774,7887,0
6385,22750,105979,0
6386,56706,134148,0
6387,72297,10540,0
6388,111067,85038,0
6389,115946,15468,0
6390,48914,67621,0
6391,54491,133033,0
6392,76361,15683,0
6393,4708,14213,0
6394,113702,44200,0
6395,6303,113317,0
6396,55076,148038,0
6397,46138,75529,0
6398,90012,121589,0
6399,154972,26464,0
6400,146523,124000,0
6401,67136,79793,0
6402,89496,45386,0
6403,126387,4102,0
6404,49712,107238,0
6405,7550,84470,0
6406,6222,90852,0
6407,66288,68193,0
6408,117032,133080,0
6409,102490,131564,0
6410,39784,136197,0
6411,110834,113235,0
6412,68818,81644,0
6413,13426,126025,0
6414,65767,57266,0
6415,33217,79125,0
6416,127739,2313,0
6417,36434,70515,0
6418,100404,71552,0
6419,105371,100357,0
6420,97556,22953,0
6421,14159,72163,0
6422,22423,120286,0
6423,29513,83754,0
6424,35894,85293,0
6425,105603,28166,0
6426,15395,116181,0
6427,83238,151918,0
6428,21292,9100,0
6429,125094,109869,0
6430,147994,16655,0
6431,140541,53176,0
6432,126027,43253,0
6433,30164,53082,0
6434,8395,143981,0
6435,102462,107856,0
6436,91878,53295,0
6437,46597,34990,0
6438,13942,121477,0
6439,96992,106930,0
6440,96925,64323,0
6441,90984,98639,0
6442,79129,89839,0
6443,150496,98543,0
6444,95823,16893,0
6445,117365,63184,0
6446,114413,44614,0
6447,72686,153333,0
6448,133007,94198,0
6449,29478,69947,0
6450,55911,69198,0
6451,68831,126386,0
6452,109022,24220,0
6453,14181,30016,0
6454,62017,68473,0
6455,126141,53897,0
6456,91024,75226,0
6457,82735,90216,0
6458,18398,17308,0
6459,86844,66872,0
6460,109610,142226,0
6461,24851,44678,0
6462,140501,4108,0
6463,60569,118331,0
6464,115596,98764,0
6465,60344,53462,0
6466,56217,103059,0
6467,112634,27011,0
6468,60420,56169,0
6469,36574,52709,0
6470,55636,85295,0
6471,117936,16657,0
6472,117751,98913,0
6473,25447,41277,0
6474,85475,137753,0
6475,42904,97460,0
6476,112341,44327,0
6477,131766,109629,0
6478,113005,82882,0
6479,36200,11046,0
6480,38624,12940,0
6481,49895,81602,0
6482,80143,14303,0
6483,35393,109159,0
6484,2208,7502,0
6485,49566,133978,0
6486,40033,41250,0
6487,61709,119320,0
6488,137883,111917,0
6489,135687,75647,0
6490,38487,103645,0
6491,118260,85529,0
6492,65986,10041,0
6493,35323,27854,0
6494,109179,114679,0
6495,109216,8384,0
6496,65614,49608,0
6497,54361,38075,0
6498,45918,136491,0
6499,9892,55371,0
6500,111180,128688,0
6501,39568,81721,0
6502,21549,150479,0
6503,75354,288,0
6504,92657,143575,0
6505,78420,30977,0
6506,92668,83976,0
6507,21539,42222,0
6508,149362,18219,0
6509,137788,85274,0
6510,133344,25531,0
6511,110417,55156,0
6512,7747,15090,0
6513,134629,132971,0
6514,90543,119445,0
6515,74163,90868,0
6516,801,67968,0
6517,121536,153703,0
6518,92873,64455,0
6519,140748,69753,0
6520,138463,84404,0
6521,124112,6333,0
6522,117069,30890,0
6523,51831,89915,0
6524,36440,52460,0
6525,122449,148172,0
6526,81738,135204,0
6527,72058,6248,0
6528,60884,88383,0
6529,34940,91333,0
6530,138931,47683,0
6531,80775,100358,0
6532,101226,82596,0
6533,69536,6933,0
6534,80205,69228,0
6535,118957,11133,0
6536,70223,19343,0
6537,115228,105688,0
6538,47441,17523,0
6539,109841,80351,0
6540,118561,74591,0
6541,72804,22766,0
6542,86813,144046,0
6543,39145,51700,0
6544,143417,22286,0
6545,31559,119165,0
6546,66748,78141,0
6547,61942,36102,0
6548,38699,117377,0
6549,89259,71962,0
6550,36441,111390,0
6551,39976,151297,0
6552,110386,40588,0
6553,110181,59889,0
6554,119683,96630,0
6555,105278,4067,0
6556,105030,48604,0
6557,26925,138420,0
6558,101788,31567,0
6559,111652,47321,0
6560,101791,152109,0
6561,88960,121575,0
6562,134378,42506,0
6563,50128,119061,0
6564,54671,52776,0
6565,9813,97748,0
6566,99372,69096,0
6567,4996,96235,0
6568,125370,58475,0
6569,50174,117951,0
6570,89780,133180,0
6571,133791,7267,0
6572,10415,47483,0
6573,100276,13162,0
6574,127466,61960,0
6575,135667,66630,0
6576,45174,138782,0
6577,129496,145026,0
6578,70459,100697,0
6579,11674,4860,0
6580,73575,121654,0
6581,7115,17726,0
6582,109302,105596,0
6583,98050,99819,0
6584,120098,89932,0
6585,69177,118238,0
6586,152905,131212,0
6587,51872,153998,0
6588,116545,19394,0
6589,10492,88970,0
6590,103399,7762,0
6591,39556,18130,0
6592,107988,138232,0
6593,48132,96847,0
6594,55459,117545,0
6595,135300,3138,0
6596,11577,29173,0
6597,12268,50848,0
6598,136316,134300,0
6599,120471,5053,0
6600,131480,56595,0
6601,23034,152441,0
6602,81197,65143,0
6603,124064,90812,0
6604,56844,69272,0
6605,45945,154108,0
6606,11595,126678,0
6607,86918,97442,0
6608,30133,66330,0
6609,152136,115661,0
6610,100239,137610,0
6611,26954,54339,0
6612,117861,138481,0
6613,85362,36589,0
6614,143851,40315,0
6615,78385,116,0
6616,69241,66358,0
6617,7455,12888,0
6618,14696,140310,0
6619,150077,145111,0
6620,18764,13572,0
6621,112864,99959,0
6622,101326,71172,0
6623,120884,84665,0
6624,90442,14430,0
6625,37135,125604,0
6626,27930,33288,0
6627,118838,66795,0
6628,34031,136506,0
6629,21153,53977,0
6630,138066,29792,0
6631,7526,126642,0
6632,152898,92724,0
6633,77752,141022,0
6634,111258,25339,0
6635,81969,49920,0
6636,147524,72216,0
6637,8560,9291,0
6638,73580,60641,0
6639,114749,141300,0
6640,125192,10013,0
6641,8589,25484,0
6642,46586,122015,0
6643,47683,112993,0
6644,34104,125862,0
6645,13323,60128,0
6646,48696,144129,0
6647,127860,50042,0
6648,49423,24497,0
6649,106159,75482,0
6650,48871,55589,0
6651,77734,152087,0
6652,112401,62603,0
6653,49851,61657,0
6654,24944,26159,0
6655,3934,105131,0
6656,90267,6185,0
6657,69283,153854,0
6658,54159,110664,0
6659,43357,96892,0
6660,45332,2884,0
6661,32482,79554,0
6662,41171,19857,0
6663,139674,13398,0
6664,35261,4728,0
6665,107935,130771,0
6666,13061,50625,0
6667,132173,122709,0
6668,52828,129936,0
6669,129170,145428,0
6670,124024,94696,0
6671,56668,12339,0
6672,87069,148929,0
6673,90366,135595,0
6674,153803,83315,0
6675,67310,2511,0
6676,121230,19069,0
6677,120378,150642,0
6678,2602,45239,0
6679,131423,140902,0
6680,48708,153255,0
6681,149742,100884,0
6682,146508,41226,0
6683,34333,39787,0
6684,152780,71813,0
6685,151266,19687,0
6686,61678,56260,0
6687,91731,20314,0
6688,120649,8801,0
6689,54148,75200,0
6690,87583,128194,0
6691,20206,30068,0
6692,96808,115727,0
6693,65211,100551,0
6694,11471,136792,0
6695,74361,5879,0
6696,140075,143874,0
6697,91058,28286,0
6698,96271,37997,0
6699,70468,123562,0
6700,2544,122832,0
6701,26173,107815,0
6702,98863,24290,0
6703,15419,56955,0
6704,150924,2077,0
6705,18547,34706,0
6706,55424,56250,0
6707,93084,51051,0
6708,91319,127026,0
6709,147078,109360,0
6710,99094,60618,0
6711,137652,153368,0
6712,66601,154933,0
6713,141458,110629,0
6714,152693,86790,0
6715,124916,79435,0
6716,83100,91695,0
6717,80543,96454,0
6718,131988,27328,0
6719,85558,123030,0
6720,99751,123568,0
6721,130537,46392,0
6722,152817,37178,0
6723,139943,104074,0
6724,27045,100643,0
6725,17084,104756,0
6726,29642,153599,0
6727,90457,154602,0
6728,17408,128853,0
6729,44762,57946,0
6730,37191,124857,0
6731,153798,14796,0
6732,60061,75806,0
6733,135175,24679,0
6734,97625,6718,0
6735,138426,140174,0
6736,138895,16416,0
6737,40268,99670,0
6738,28680,131181,0
6739,96877,125053,0
6740,31557,67123,0
6741,146158,15045,0
6742,78428,102149,0
6743,91036,101046,0
6744,101726,82911,0
6745,16988,105817,0
6746,48365,101846,0
6747,66636,75006,0
6748,6375,101605,0
6749,146713,7248,0
6750,26371,94687,0
6751,46047,63847,0
6752,40096,105353,0
6753,112748,132473,0
6754,92980,146664,0
6755,91263,80138,0
6756,96913,153958,0
6757,20886,73512,0
6758,51113,39668,0
6759,45796,136818,0
6760,17631,83846,0
6761,131616,40581,0
6762,88441,35074,0
6763,102099,66688,0
6764,85882,125656,0
6765,42416,58960,0
6766,116729,54753,0
6767,137573,80939,0
6768,80365,109059,0
6769,50341,98755,0
6770,103367,6216,0
6771,3056,91709,0
6772,115845,53047,0
6773,4487,96712,0
6774,77029,58647,0
6775,130103,142713,0
6776,48098,36618,0
6777,152953,141246,0
6778,123055,39680,0
6779,86453,8896,0
6780,4424,17495,0
6781,54264,3560,0
6782,111928,88658,0
6783,52963,130677,0
6784,124128,73205,0
6785,117210,55452,0
6786,60242,37025,0
6787,54704,73924,0
6788,98141,146516,0
6789,24091,93741,0
6790,59460,52835,0
6791,125779,55827,0
6792,52155,58320,0
6793,96028,1584,0
6794,2976,36550,0
6795,141422,98767,0
6796,53348,64337,0
6797,6485,138941,0
6798,93084,15113,0
6799,46647,19099,0
6800,3921,31907,0
6801,93641,44958,0
6802,104665,149258,0
6803,127046,14222,0
6804,25235,81853,0
6805,90903,42560,0
6806,67025,37870,0
6807,144415,153844,0
6808,56808,42527,0
6809,6549,80014,0
6810,30964,36069,0
6811,152237,6026,0
6812,25304,144973,0
6813,15368,87060,0
6814,57979,121249,0
6815,31160,88654,0
6816,72735,18336,0
6817,31538,74649,0
6818,55177,68987,0
6819,124718,32608,0
6820,95857,126845,0
6821,60584,72841,0
6822,120886,40161,0
6823,19261,75444,0
6824,17580,50223,0
6825,21889,7267,0
6826,72760,81029,0
6827,96081,102943,0
6828,28075,64860,0
6829,137488,87078,0
6830,139589,26625,0
6831,15866,72773,0
6832,151622,11551,0
6833,117639,118871,0
6834,29315,93756,0
6835,150413,87011,0
6836,56640,3994,0
6837,133864,111671,0
6838,110910,152245,0
6839,141328,87798,0
6840,63741,47034,0
6841,80303,29499,0
6842,24219,9429,0
6843,120052,83669,0
6844,85077,85158,0
6845,22962,122977,0
6846,56792,91338,0
6847,33843,93423,0
6848,129517,114624,0
6849,81590,43167,0
6850,87959,125360,0
6851,89320,95028,0
6852,33237,133997,0
6853,72337,43759,0
6854,130375,40502,0
6855,126951,95236,0
6856,47705,126504,0
6857,92386,107061,0
6858,135275,153292,0
6859,89513,103619,0
6860,4973,18333,0
6861,147610,59938,0
6862,1785,32290,0
6863,78569,132738,0
6864,99372,91481,0
6865,71312,50658,0
6866,70053,102067,0
6867,79437,73299,0
6868,101202,102557,0
6869,17559,135069,0
6870,92544,128340,0
6871,51166,98537,0
6872,131880,140867,0
6873,102874,143061,0
6874,37128,54064,0
6875,55067,133116,0
6876,41091,66560,0
6877,16114,49769,0
6878,115381,148478,0
6879,127394,146066,0
6880,96029,79944,0
6881,33354,47449,0
6882,8591,26766,0
6883,49084,1066,0
6884,16608,15065,0
6885,143298,77188,0
6886,27641,106433,0
6887,151935,107854,0
6888,146247,81871,0
6889,27448,13400,0
6890,150579,142298,0
6891,36858,13775,0
6892,95005,34136,0
6893,72744,35299,0
6894,91760,99223,0
6895,152626,26584,0
6896,104805,44457,0
6897,53512,51018,0
6898,11483,91463,0
6899,87175,134487,0
6900,125383,114689,0
6901,122913,8372,0
6902,35332,91355,0
6903,91173,122904,0
6904,139925,153723,0
6905,102959,31765,0
6906,147486,142536,0
6907,24785,11581,0
6908,123899,75962,0
6909,52429,51166,0
6910,55328,60869,0
6911,105104,41841,0
6912,94900,50020,0
6913,90477,60390,0
6914,69869,72171,0
6915,43471,54409,0
6916,45232,20669,0
6917,2882,112383,0
6918,77301,103069,0
6919,134653,143232,0
6920,84285,36860,0
6921,67652,114927,0
6922,106237,10629,0
6923,56723,101298,0
6924,49963,33142,0
6925,34428,64281,0
6926,70190,24516,0
6927,116142,150117,0
6928,122927,35443,0
6929,8213,3219,0
6930,53080,2189,0
6931,124441,57129,0
6932,73244,148329,0
6933,151452,18060,0
6934,31084,103009,0
6935,137620,122008,0
6936,101750,95103,0
6937,125441,75332,0
6938,19692,150321,0
6939,117190,56230,0
6940,18291,27973,0
6941,18571,149001,0
6942,16666,46356,0
6943,34582,32119,0
6944,11958,71033,0
6945,28627,93638,0
6946,137220,23099,0
6947,19257,13242,0
6948,123252,117096,0
6949,92362,75937,0
6950,30494,100787,0
6951,57998,92494,0
6952,91573,152978,0
6953,27607,652,0
6954,129026,52039,0
6955,48828,33469,0
6956,47987,124775,0
6957,39720,58647,0
6958,153801,107981,0
6959,90673,142656,0
6960,104665,59641,0
6961,94147,60927,0
6962,50318,148549,0
6963,99298,138520,0
6964,128899,2747,0
6965,29207,59793,0
6966,17280,80643,0
6967,122137,61495,0
6968,64333,350,0
6969,5627,79014,0
6970,10722,16793,0
6971,135750,89421,0
6972,53241,91105,0
6973,10076,102761,0
6974,62231,95853,0
6975,41325,118477,0
6976,27055,873,0
6977,27344,70616,0
6978,15325,94034,0
6979,4712,11482,0
6980,115302,10647,0
6981,121729,35071,0
6982,48843,11212,0
6983,143848,81637,0
6984,93139,53590,0
6985,9068,138798,0
6986,118293,119494,0
6987,15262,56083,0
6988,118132,33132,0
6989,82112,91165,0
6990,39705,152539,0
6991,41146,70558,0
6992,61157,46323,0
6993,100433,127295,0
6994,43676,38846,0
6995,138975,34518,0
6996,137295,79228,0
6997,122240,67792,0
6998,68509,86024,0
6999,122871,63625,0
7000,1576,35871,0
7001,54903,1547,0
7002,139054,71962,0
7003,94586,103034,0
7004,128010,116182,0
7005,124519,36795,0
7006,28793,41006,0
7007,98997,124346,0
7008,72351,12431,0
7009,24452,131313,0
7010,78893,129844,0
7011,39294,74376,0
7012,23587,4934,0
7013,153145,154983,0
7014,135137,61430,0
7015,50924,113953,0
7016,39507,130363,0
7017,106472,87364,0
7018,81455,89887,0
7019,93852,152885,0
7020,135069,131764,0
7021,100007,108393,0
7022,84233,68610,0
7023,50488,93882,0
7024,116204,31047,0
7025,133439,24965,0
7026,7589,98317,0
7027,148537,9510,0
7028,47129,81700,0
7029,129957,127869,0
7030,111003,63765,0
7031,19048,98626,0
7032,43168,145495,0
7033,152880,109554,0
7034,145059,147668,0
7035,107883,42772,0
7036,114922,116311,0
7037,72835,107051,0
7038,90804,112744,0
7039,60931,9621,0
7040,48241,139628,0
7041,57001,107848,0
7042,32635,65820,0
7043,87089,97617,0
7044,2108,48292,0
7045,56688,98173,0
7046,77773,48324,0
7047,75046,133866,0
7048,42274,70251,0
7049,11281,39060,0
7050,34407,143654,0
7051,23244,124925,0
7052,127951,138212,0
7053,133932,15171,0
7054,152653,137047,0
7055,106352,99626,0
7056,33290,145317,0
7057,121949,73091,0
7058,125773,105844,0
7059,97848,132594,0
7060,77748,125922,0
7061,97149,25275,0
7062,94121,66895,0
7063,26117,103698,0
7064,38795,34054,0
7065,28478,15003,0
7066,95212,41538,0
7067,89694,4490,0
7068,145801,29779,0
7069,70243,102754,0
7070,134869,118521,0
7071,152968,90307,0
7072,79214,71509,0
7073,128742,13885,0
7074,30841,87353,0
7075,96909,85838,0
7076,54536,144555,0
7077,74618,107252,0
7078,57625,19871,0
7079,130893,136827,0
7080,34047,140742,0
7081,52080,155077,0
7082,108027,2192,0
7083,62768,53270,0
7084,86186,133874,0
7085,126826,90370,0
7086,33719,131276,0
7087,78876,10269,0
7088,15527,10484,0
7089,121252,75423,0
7090,94503,152609,0
7091,53801,75647,0
7092,4236,134498,0
7093,72549,94678,0
7094,13641,74225,0
7095,13839,75827,0
7096,11969,62016,0
7097,131752,74421,0
7098,21192,140811,0
7099,137478,117562,0
7100,4723,69997,0
7101,140540,48877,0
7102,142899,64237,0
7103,71670,148876,0
7104,41641,77008,0
7105,132338,87060,0
7106,123854,30943,0
7107,100870,63927,0
7108,114728,50564,0
7109,16699,29148,0
7110,69546,50059,0
7111,32331,119040,0
7112,55337,41444,0
7113,55035,71487,0
7114,13443,33792,0
7115,123385,88781,0
7116,148920,73243,0
7117,138938,51081,0
7118,34328,67214,0
7119,87175,93972,0
7120,107789,88476,0
7121,82269,110606,0
7122,20491,93867,0
7123,101992,49260,0
7124,50023,146241,0
7125,68824,46500,0
7126,34321,87891,0
7127,70797,20614,0
7128,44480,117697,0
7129,115689,65840,0
7130,42050,13112,0
7131,133859,95527,0
7132,95302,31544,0
7133,64245,142121,0
7134,135231,3129,0
7135,79675,89074,0
7136,66723,108344,0
7137,43312,127948,0
7138,120634,852,0
7139,122549,54977,0
7140,119487,12888,0
7141,122910,114652,0
7142,114775,120093,0
7143,16817,70247,0
7144,91139,2883,0
7145,97902,120974,0
7146,57206,122365,0
7147,37316,88688,0
7148,98881,79088,0
7149,95482,106240,0
7150,48150,27106,0
7151,10896,92315,0
7152,21004,68782,0
7153,95889,53130,0
7154,41162,53370,0
7155,108259,121118,0
7156,99930,63691,0
7157,24005,98359,0
7158,111258,106582,0
7159,2128,80319,0
7160,66671,138816,0
7161,31293,146743,0
7162,68306,84135,0
7163,71252,12308,0
7164,109912,113232,0
7165,47498,125208,0
7166,106592,62400,0
7167,110834,92687,0
7168,150687,127206,0
7169,89145,57481,0
7170,120079,150383,0
7171,85730,8466,0
7172,121853,135316,0
7173,119582,729,0
7174,83078,84564,0
7175,29171,53145,0
7176,104511,30676,0
7177,64714,53149,0
7178,154378,66901,0
7179,105943,132684,0
7180,106892,49361,0
7181,83795,129582,0
7182,109536,127380,0
7183,2291,60679,0
7184,37029,43688,0
7185,57980,127567,0
7186,154372,110667,0
7187,35394,15952,0
7188,81998,136268,0
7189,141811,51467,0
7190,2970,151267,0
7191,41511,71495,0
7192,119439,51819,0
7193,89578,63737,0
7194,115585,136603,0
7195,78368,13191,0
7196,14595,94212,0
7197,138975,95992,0
7198,36583,116839,0
7199,148622,18731,0
7200,34159,104933,0
7201,42104,153201,0
7202,77300,154227,0
7203,11487,21762,0
7204,133626,131899,0
7205,8135,84477,0
7206,133118,21342,0
7207,134104,96,0
7208,52024,126941,0
7209,39401,124428,0
7210,31328,141421,0
7211,143713,46579,0
7212,434,67072,0
7213,127519,129141,0
7214,52477,112036,0
7215,68025,69408,0
7216,106054,116852,0
7217,53302,126986,0
7218,42006,129986,0
7219,85055,126356,0
7220,101522,145484,0
7221,93825,57889,0
7222,105122,73636,0
7223,34951,91951,0
7224,99790,143802,0
7225,8598,46117,0
7226,93979,72474,0
7227,110394,120461,0
7228,50503,115591,0
7229,15778,105261,0
7230,21149,59074,0
7231,114997,44326,0
7232,121230,708,0
7233,86910,109187,0
7234,58976,50948,0
7235,65049,110676,0
7236,126220,65425,0
7237,17458,59454,0
7238,25890,47645,0
7239,6700,87513,0
7240,113554,23,0
7241,121408,117030,0
7242,122840,81395,0
7243,57881,103077,0
7244,116012,141042,0
7245,61857,132918,0
7246,95634,142185,0
7247,134237,71559,0
7248,9677,31875,0
7249,54433,89158,0
7250,34962,110348,0
7251,121965,89372,0
7252,105764,138010,0
7253,108550,71578,0
7254,9499,4850,0
7255,24001,130666,0
7256,80942,14109,0
7257,5862,38599,0
7258,50063,95095,0
7259,102516,78688,0
7260,56674,93728,0
7261,52468,113661,0
7262,104844,138040,0
7263,136887,11712,0
7264,131483,65640,0
7265,84106,154549,0
7266,127788,76256,0
7267,103132,129149,0
7268,59082,47687,0
7269,80078,31671,0
7270,152083,143393,0
7271,134711,15518,0
7272,2646,8078,0
7273,70062,133264,0
7274,3193,99178,0
7275,21567,39227,0
7276,51606,71413,0
7277,42998,112576,0
7278,78859,92427,0
7279,113097,94476,0
7280,141294,153213,0
7281,78900,106145,0
7282,109532,149530,0
7283,51282,7656,0
7284,147921,105040,0
7285,137764,81708,0
7286,135074,108923,0
7287,35343,85075,0
7288,153643,32947,0
7289,63316,90743,0
7290,58536,30634,0
7291,36541,35970,0
7292,104759,152594,0
7293,28645,54317,0
7294,30617,82362,0
7295,150038,112011,0
7296,8900,22414,0
7297,54264,62564,0
7298,4197,27452,0
7299,71776,58234,0
7300,58009,68492,0
7301,42837,132324,0
7302,146657,62673,0
7303,100564,563,0
7304,42304,115212,0
7305,3050,88267,0
7306,53955,138861,0
7307,33407,67808,0
7308,24523,40825,0
7309,18541,68042,0
7310,5669,46385,0
7311,4573,32317,0
7312,110903,17073,0
7313,102917,121856,0
7314,64886,141714,0
7315,76959,38729,0
7316,58735,31451,0
7317,109194,77381,0
7318,29325,116972,0
7319,37644,130382,0
7320,28793,104080,0
7321,139880,108730,0
7322,124693,64551,0
7323,1436,34253,0
7324,70862,128041,0
7325,131057,66489,0
7326,2787,53150,0
7327,89375,85977,0
7328,149962,102866,0
7329,73029,71943,0
7330,59668,146506,0
7331,133335,117961,0
7332,127930,70317,0
7333,42282,94108,0
7334,62864,122453,0
7335,125276,56616,0
7336,109112,125405,0
7337,130943,53925,0
7338,103215,124737,0
7339,81947,25471,0
7340,15955,103630,0
7341,62369,97722,0
7342,83008,16262,0
7343,125433,137465,0
7344,115263,103104,0
7345,30255,87896,0
7346,80471,105771,0
7347,7384,59906,0
7348,38682,95304,0
7349,10846,139533,0
7350,75206,62847,0
7351,98619,103948,0
7352,14068,134130,0
7353,33309,129609,0
7354,66858,86260,0
7355,125718,102590,0
7356,81222,143542,0
7357,123832,121011,0
7358,101889,27317,0
7359,33303,34017,0
7360,45411,4585,0
7361,18842,9712,0
7362,141188,97592,0
7363,86623,145522,0
7364,132818,72858,0
7365,145313,53570,0
7366,18127,76912,0
7367,63845,77153,0
7368,26081,132709,0
7369,68769,102752,0
7370,39821,26398,0
7371,131393,107705,0
7372,151482,121226,0
7373,111127,7833,0
7374,81205,88710,0
7375,104002,136672,0
7376,18699,124842,0
7377,22540,126801,0
7378,119329,127459,0
7379,3577,108896,0
7380,31494,62686,0
7381,18722,98070,0
7382,13584,138834,0
7383,39681,104592,0
7384,148348,91856,0
7385,97769,94807,0
7386,43841,90215,0
7387,133460,30296,0
7388,102608,76824,0
7389,21472,78934,0
7390,23380,114745,0
7391,112796,35853,0
7392,80493,51426,0
7393,41486,14768,0
7394,47496,110079,0
7395,1123,15757,0
7396,18885,38847,0
7397,149841,92238,0
7398,77827,48463,0
7399,87618,56683,0
7400,84887,126964,0
7401,10394,8999,0
7402,65116,52255,0
7403,49335,2242,0
7404,620,87980,0
7405,145672,133554,0
7406,121222,13687,0
7407,51326,88023,0
7408,103404,69970,0
7409,152403,43219,0
7410,111528,45449,0
7411,102311,3622,0
7412,131005,125736,0
7413,10768,132861,0
7414,115998,115775,0
7415,130030,133694,0
7416,129563,144264,0
7417,88473,121816,0
7418,71707,7672,0
7419,22042,49649,0
7420,117266,16532,0
7421,51395,6673,0
7422,132774,604,0
7423,102917,64132,0
7424,58971,127354,0
7425,109355,23819,0
7426,113173,25374,0
7427,108679,71551,0
7428,5402,11836,0
7429,49836,73834,0
7430,287,90871,0
7431,69159,3282,0
7432,125375,102803,0
7433,83862,97332,0
7434,146032,3052,0
7435,72247,109574,0
7436,27047,95075,0
7437,143255,140111,0
7438,111258,51488,0
7439,18514,14,0
7440,6341,135223,0
7441,39754,21302,0
7442,19114,96279,0
7443,85871,88727,0
7444,2386,148032,0
7445,54613,86198,0
7446,88042,127435,0
7447,146192,41619,0
7448,56578,92324,0
7449,94742,71397,0
7450,80272,146207,0
7451,40216,79963,0
7452,8758,56401,0
7453,47847,80282,0
7454,148645,97604,0
7455,62272,105610,0
7456,87767,141907,0
7457,139667,19807,0
7458,130507,74884,0
7459,74245,86470,0
7460,57944,36651,0
7461,85584,119559,0
7462,105218,20917,0
7463,20154,85063,0
7464,16100,42000,0
7465,819,70839,0
7466,134533,111751,0
7467,76529,101118,0
7468,31461,20060,0
7469,74145,5748,0
7470,61373,105990,0
7471,142194,16701,0
7472,115803,81702,0
7473,125915,122708,0
7474,26962,88574,0
7475,74670,30754,0
7476,16982,70023,0
7477,149234,32893,0
7478,56816,81962,0
7479,6053,61120,0
7480,18532,71863,0
7481,134494,45654,0
7482,33145,121102,0
7483,105662,21182,0
7484,64421,68931,0
7485,30808,74045,0
7486,16662,23690,0
7487,35434,129752,0
7488,59553,20668,0
7489,12175,132152,0
7490,33451,52567,0
7491,148049,37640,0
7492,152076,60472,0
7493,727,135899,0
7494,53137,20580,0
7495,104003,140120,0
7496,6991,13753,0
7497,4624,139208,0
7498,100586,69540,0
7499,3388,4306,0
7500,6371,101106,0
7501,97486,59502,0
7502,130895,7518,0
7503,126905,15320,0
7504,66546,69891,0
7505,88363,105643,0
7506,8264,2005,0
7507,94122,148510,0
7508,61672,153465,0
7509,11759,76100,0
7510,95147,108842,0
7511,137323,66270,0
7512,139277,106083,0
7513,65466,19457,0
7514,102396,99356,0
7515,128282,72986,0
7516,8865,95940,0
7517,43690,144180,0
7518,22926,148400,0
7519,51081,119265,0
7520,45950,18281,0
7521,92719,150022,0
7522,142998,153846,0
7523,46661,150520,0
7524,80095,139180,0
7525,12156,116827,0
7526,58906,6623,0
7527,115895,35067,0
7528,129199,17044,0
7529,100172,54679,0
7530,50763,66744,0
7531,118797,46856,0
7532,4732,706,0
7533,17187,23406,0
7534,107505,65003,0
7535,17287,81108,0
7536,108231,142078,0
7537,117900,69185,0
7538,131967,78989,0
7539,117765,67559,0
7540,71410,49843,0
7541,48619,137678,0
7542,85117,133479,0
7543,90718,88500,0
7544,131484,23672,0
7545,76991,9029,0
7546,47928,19397,0
7547,80105,70388,0
7548,57389,107253,0
7549,71311,61427,0
7550,119389,53246,0
7551,19476,141930,0
7552,63749,79642,0
7553,121515,104448,0
7554,150097,122366,0
7555,2025,151386,0
7556,131545,42081,0
7557,49776,49150,0
7558,51210,35258,0
7559,95585,15760,0
7560,38387,129000,0
7561,71144,120647,0
7562,124781,117311,0
7563,48315,20248,0
7564,138578,133288,0
7565,148795,120927,0
7566,50538,37108,0
7567,63098,19886,0
7568,128700,150171,0
7569,137233,118113,0
7570,25901,145186,0
7571,75325,83925,0
7572,2133,120875,0
7573,44924,127293,0
7574,11053,100579,0
7575,37373,16570,0
7576,108242,54750,0
7577,137136,73309,0
7578,25311,103718,0
7579,99335,80157,0
7580,69263,88953,0
7581,59664,31872,0
7582,22790,117648,0
7583,118357,92705,0
7584,121085,122889,0
7585,20016,150002,0
7586,51625,137575,0
7587,47023,108317,0
7588,22670,35561,0
7589,105390,131941,0
7590,149733,12339,0
7591,129538,41863,0
7592,137520,77682,0
7593,121000,136468,0
7594,33847,135453,0
7595,53487,34228,0
7596,54916,72473,0
7597,63142,5730,0
7598,67604,152057,0
7599,14875,79767,0
7600,137178,10409,0
7601,135581,59858,0
7602,148497,31020,0
7603,150375,1955,0
7604,41963,92949,0
7605,6391,24862,0
7606,46031,14608,0
7607,107287,52396,0
7608,135082,137079,0
7609,152472,27802,0
7610,71841,147653,0
7611,17552,140169,0
7612,27189,150135,0
7613,108748,70137,0
7614,100762,11639,0
7615,71002,80618,0
7616,45872,74067,0
7617,132859,81713,0
7618,128727,65292,0
7619,39329,153509,0
7620,38605,145972,0
7621,138024,136630,0
7622,118807,128374,0
7623,12642,49766,0
7624,28937,142168,0
7625,106082,138510,0
7626,8096,132739,0
7627,15501,99021,0
7628,33174,70828,0
7629,6201,135046,0
7630,67409,131229,0
7631,135171,149033,0
7632,116074,148620,0
7633,49742,36909,0
7634,24480,18202,0
7635,93190,51835,0
7636,44140,78328,0
7637,26577,17015,0
7638,83369,135431,0
7639,51819,5078,0
7640,11742,25975,0
7641,6034,70526,0
7642,83305,17782,0
7643,144655,94710,0
7644,44259,141254,0
7645,92475,154107,0
7646,59020,102287,0
7647,61383,55681,0
7648,66394,7884,0
7649,69013,114927,0
7650,48054,24468,0
7651,136391,131520,0
7652,16569,136948,0
7653,98961,125753,0
7654,44497,98308,0
7655,19577,10366,0
7656,150858,140982,0
7657,19358,126406,0
7658,73635,78147,0
7659,41380,146334,0
7660,33875,136612,0
7661,26735,4934,0
7662,106027,69736,0
7663,72745,46689,0
7664,17149,38555,0
7665,131291,53535,0
7666,99408,10197,0
7667,112425,48401,0
7668,122849,137371,0
7669,145432,136662,0
7670,97732,128755,0
7671,83814,142540,0
7672,33923,72575,0
7673,31428,67251,0
7674,30749,92660,0
7675,47686,72382,0
7676,68405,57041,0
7677,143,99548,0
7678,48179,99106,0
7679,91637,66607,0
7680,39845,151454,0
7681,72480,56185,0
7682,19352,82499,0
7683,12835,31988,0
7684,144311,133175,0
7685,30059,122909,0
7686,62359,151880,0
7687,121207,96515,0
7688,112643,40885,0
7689,88962,127343,0
7690,150093,62904,0
7691,154360,15830,0
7692,54347,66100,0
7693,88960,63580,0
7694,16092,65222,0
7695,3143,64887,0
7696,8606,88488,0
7697,144354,70259,0
7698,120673,12390,0
7699,148188,49788,0
7700,134243,67244,0
7701,82209,20290,0
7702,35790,142944,0
7703,99551,146787,0
7704,5469,143001,0
7705,6391,99795,0
7706,90804,118305,0
7707,41500,90295,0
7708,79566,7943,0
7709,97679,25068,0
7710,139814,154811,0
7711,36256,3953,0
7712,19950,377,0
7713,4589,144626,0
7714,131500,89413,0
7715,78077,126533,0
7716,63196,146975,0
7717,123398,50829,0
7718,35158,67274,0
7719,136,115793,0
7720,92272,22470,0
7721,81380,75228,0
7722,57058,95535,0
7723,49833,121631,0
7724,114241,24988,0
7725,36245,57285,0
7726,6251,142663,0
7727,51908,95753,0
7728,116231,2077,0
7729,144017,28195,0
7730,51004,23478,0
7731,38680,91147,0
7732,82450,10301,0
7733,118643,42193,0
7734,5285,73947,0
7735,124254,86536,0
7736,16838,1456,0
7737,15802,75390,0
7738,76921,41757,0
7739,18762,113155,0
7740,143281,38571,0
7741,33112,76772,0
7742,64073,140353,0
7743,153989,92692,0
7744,113122,10030,0
7745,105935,80660,0
7746,68501,16214,0
7747,83099,125716,0
7748,97700,60138,0
7749,103486,10391,0
7750,130199,51608,0
7751,8112,138901,0
7752,105656,87683,0
7753,104385,55413,0
7754,53718,101010,0
7755,76123,82670,0
7756,99030,122401,0
7757,45152,24102,0
7758,21605,68446,0
7759,72548,130323,0
7760,49623,92706,0
7761,3567,110823,0
7762,9419,38563,0
7763,25311,71416,0
7764,77232,14953,0
7765,109161,36836,0
7766,144375,88647,0
7767,70029,98891,0
7768,30976,54361,0
7769,102575,121037,0
7770,22965,106032,0
7771,26652,30353,0
7772,52876,21424,0
7773,121646,76306,0
7774,89304,72124,0
7775,120821,78114,0
7776,44205,24117,0
7777,122822,34619,0
7778,91022,89215,0
7779,79594,111282,0
7780,141640,39605,0
7781,19172,59116,0
7782,71209,140622,0
7783,16580,132931,0
7784,57929,109299,0
7785,42818,31309,0
7786,72896,152795,0
7787,69756,83561,0
7788,54195,27782,0
7789,122086,94662,0
7790,138434,6346,0
7791,10128,98151,0
7792,110654,33310,0
7793,3694,28216,0
7794,81971,136574,0
7795,122133,94483,0
7796,91712,151214,0
7797,497,115760,0
7798,1329,16417,0
7799,89222,136233,0
7800,75823,111357,0
7801,30939,128789,0
7802,7721,123092,0
7803,143869,39812,0
7804,50156,20797,0
7805,64233,8738,0
7806,59019,121265,0
7807,27349,126225,0
7808,27303,55121,0
7809,91558,134324,0
7810,59622,14725,0
7811,93720,141828,0
7812,153233,90700,0
7813,24958,114267,0
7814,138473,120880,0
7815,153433,95385,0
7816,5654,1399,0
7817,150611,89041,0
7818,5769,140832,0
7819,53156,69708,0
7820,36529,21170,0
7821,45190,69539,0
7822,97658,113791,0
7823,101632,127484,0
7824,118181,13051,0
7825,31118,17446,0
7826,87274,87872,0
7827,133991,111456,0
7828,69245,152964,0
7829,143558,140961,0
7830,128079,102440,0
7831,42434,27082,0
7832,100023,84097,0
7833,116558,135527,0
7834,3359,10010,0
7835,38799,10113,0
7836,87983,5607,0
7837,132391,34129,0
7838,154294,48782,0
7839,107128,71534,0
7840,88160,83069,0
7841,62713,97592,0
7842,56723,64779,0
7843,854,34213,0
7844,146163,6272,0
7845,6835,139806,0
7846,88278,121089,0
7847,69134,102412,0
7848,14207,49259,0
7849,3422,80162,0
7850,43517,5214,0
7851,141739,130752,0
7852,17427,9056,0
7853,146061,122307,0
7854,44689,7555,0
7855,103413,13729,0
7856,130590,92282,0
7857,90975,34475,0
7858,142224,135701,0
7859,131627,145055,0
7860,73236,101422,0
7861,998,91860,0
7862,102922,21302,0
7863,139292,122546,0
7864,70236,125829,0
7865,40993,92583,0
7866,88662,87030,0
7867,124869,121270,0
7868,16944,67451,0
7869,150765,133049,0
7870,34710,43869,0
7871,91474,34567,0
7872,151347,128299,0
7873,113617,87084,0
7874,120713,149489,0
7875,63851,127978,0
7876,12747,133960,0
7877,40585,83832,0
7878,29798,59842,0
7879,108244,81598,0
7880,25103,100031,0
7881,40456,32866,0
7882,1252,89935,0
7883,88499,142712,0
7884,15117,17472,0
7885,16581,124558,0
7886,50941,41437,0
7887,51497,141893,0
7888,14251,138490,0
7889,14047,94235,0
7890,83701,124706,0
7891,72548,53243,0
7892,57015,3031,0
7893,109851,151783,0
7894,16437,110239,0
7895,97809,31240,0
7896,36274,68492,0
7897,106716,79177,0
7898,33427,55494,0
7899,32950,16149,0
7900,130130,120117,0
7901,86401,123877,0
7902,28723,116698,0
7903,7060,37383,0
7904,80943,117345,0
7905,108679,3813,0
7906,148064,141386,0
7907,108370,15879,0
7908,109423,134277,0
7909,50054,113429,0
7910,49092,109351,0
7911,19619,50725,0
7912,74932,68542,0
7913,74869,36194,0
7914,8286,141362,0
7915,6869,143507,0
7916,140847,123444,0
7917,50077,102556,0
7918,26389,104415,0
7919,60258,135279,0
7920,120497,32165,0
7921,48906,138674,0
7922,136549,93889,0
7923,11702,98058,0
7924,49404,44368,0
7925,55999,130323,0
7926,38178,39559,0
7927,51475,105860,0
7928,34216,55551,0
7929,30418,28745,0
7930,113654,88947,0
7931,10290,52866,0
7932,12781,71951,0
7933,86132,68055,0
7934,13121,74238,0
7935,24260,58914,0
7936,58007,11336,0
7937,41031,62983,0
7938,29718,49143,0
7939,131861,33613,0
7940,77123,145433,0
7941,110496,82545,0
7942,43508,24641,0
7943,120703,59224,0
7944,88522,100761,0
7945,11206,27761,0
7946,99511,19897,0
7947,137368,97561,0
7948,27948,42443,0
7949,85579,44898,0
7950,154878,50495,0
7951,70798,150514,0
7952,124810,148961,0
7953,9750,99698,0
7954,115230,98645,0
7955,48574,147872,0
7956,26605,9852,0
7957,50683,97485,0
7958,78681,133076,0
7959,57265,4926,0
7960,66291,97045,0
7961,146848,141487,0
7962,113093,18460,0
7963,130620,87650,0
7964,54514,100956,0
7965,65914,23956,0
7966,27060,137481,0
7967,142732,33718,0
7968,34511,136324,0
7969,45749,114721,0
7970,80388,71843,0
7971,100032,26419,0
7972,55302,76978,0
7973,43998,124534,0
7974,30295,41660,0
7975,61022,114869,0
7976,139191,18838,0
7977,31647,109719,0
7978,9989,105045,0
7979,13827,147717,0
7980,120901,53186,0
7981,139453,133550,0
7982,128629,35324,0
7983,121125,60558,0
7984,150702,120640,0
7985,89049,41501,0
7986,84133,128082,0
7987,28017,80867,0
7988,40575,47463,0
7989,14443,111957,0
7990,13597,63887,0
7991,55856,115029,0
7992,21112,110671,0
7993,35890,67101,0
7994,39032,100096,0
7995,71169,104694,0
7996,154050,87323,0
7997,34490,1100,0
7998,48172,81599,0
7999,84155,155070,0
8000,87211,119885,0
8001,103528,55482,0
8002,34034,153365,0
8003,139104,5465,0
8004,98695,138108,0
8005,66720,56553,0
8006,154283,34416,0
8007,121660,77173,0
8008,72663,87549,0
8009,141071,27174,0
8010,90164,34039,0
8011,153078,65996,0
8012,70821,516,0
8013,79351,132501,0
8014,124468,144034,0
8015,131510,119220,0
8016,64679,129161,0
8017,77176,98600,0
8018,64339,129027,0
8019,72608,90447,0
8020,80500,132613,0
8021,30126,28581,0
8022,110703,34226,0
8023,6752,102377,0
8024,83450,120476,0
8025,15635,142603,0
8026,1860,105705,0
8027,52140,71249,0
8028,25547,46525,0
8029,67942,40436,0
8030,143502,90033,0
8031,137870,151247,0
8032,108059,91111,0
8033,30136,84098,0
8034,115098,74791,0
8035,63348,112190,0
8036,13289,151673,0
8037,37724,121033,0
8038,33836,52084,0
8039,118472,97706,0
8040,64364,151400,0
8041,85691,42464,0
8042,53469,56753,0
8043,115623,118756,0
8044,115091,139671,0
8045,58998,2117,0
8046,8535,7863,0
8047,91786,126693,0
8048,51873,43085,0
8049,108145,98192,0
8050,27326,26173,0
8051,4820,22255,0
8052,106622,90827,0
8053,92615,110014,0
8054,35998,142445,0
8055,31655,29974,0
8056,77849,58963,0
8057,97047,59666,0
8058,24576,102698,0
8059,98775,67469,0
8060,6968,73541,0
8061,59445,78644,0
8062,83801,86399,0
8063,32926,94309,0
8064,123045,146409,0
8065,52937,9935,0
8066,144728,100176,0
8067,55302,132917,0
8068,83962,141132,0
8069,104652,21379,0
8070,67756,83725,0
8071,65196,23265,0
8072,108588,138868,0
8073,45887,134337,0
8074,128042,113635,0
8075,18068,12293,0
8076,68757,1244,0
8077,143428,70653,0
8078,130815,66361,0
8079,67346,57564,0
8080,28085,71538,0
8081,119562,54826,0
8082,30099,148084,0
8083,22685,101433,0
8084,23025,135463,0
8085,42457,66986,0
8086,96043,82925,0
8087,143734,97907,0
8088,70483,58421,0
8089,35976,96132,0
8090,107554,71179,0
8091,36656,30539,0
8092,59229,55530,0
8093,137839,38756,0
8094,59921,139809,0
8095,15244,25506,0
8096,85809,3424,0
8097,87960,95363,0
8098,28607,62937,0
8099,4245,92684,0
8100,59606,1322,0
8101,42101,41678,0
8102,9474,24263,0
8103,96024,27959,0
8104,75123,151910,0
8105,111808,88005,0
8106,20999,150211,0
8107,112116,114,0
8108,54754,74504,0
8109,47081,78542,0
8110,142845,149782,0
8111,4823,68281,0
8112,20129,22944,0
8113,71762,89490,0
8114,80788,144115,0
8115,45226,122872,0
8116,115210,90450,0
8117,85181,48325,0
8118,132432,31331,0
8119,44030,93830,0
8120,11925,24707,0
8121,93192,23382,0
8122,91347,8326,0
8123,2055,96669,0
8124,12176,94424,0
8125,120952,56,0
8126,28074,27023,0
8127,110353,29329,0
8128,12913,98628,0
8129,62321,30149,0
8130,7903,33172,0
8131,116394,43557,0
8132,2218,139490,0
8133,24055,141881,0
8134,38153,73316,0
8135,136564,59860,0
8136,143428,71356,0
8137,73699,75012,0
8138,33116,55245,0
8139,23014,131455,0
8140,117005,131815,0
8141,89678,15061,0
8142,74446,146030,0
8143,94379,146161,0
8144,152910,57471,0
8145,122789,126200,0
8146,37042,128758,0
8147,68279,107136,0
8148,63953,68887,0
8149,102009,57358,0
8150,52037,2596,0
8151,44266,146603,0
8152,147638,153441,0
8153,81820,53720,0
8154,89604,144067,0
8155,78107,95310,0
8156,89780,130000,0
8157,141818,112951,0
8158,134086,58907,0
8159,99897,108667,0
8160,111647,115029,0
8161,12402,87822,0
8162,36362,20417,0
8163,135662,41673,0
8164,28562,105851,0
8165,70619,130429,0
8166,151726,50191,0
8167,16183,50062,0
8168,95399,89055,0
8169,129620,46110,0
8170,38248,106638,0
8171,133858,74111,0
8172,14039,63178,0
8173,99734,128312,0
8174,84039,74924,0
8175,108533,104310,0
8176,103486,154460,0
8177,148742,130710,0
8178,81346,114450,0
8179,119461,35130,0
8180,153817,113648,0
8181,118224,38152,0
8182,30565,35881,0
8183,23563,56151,0
8184,7427,31467,0
8185,75972,144026,0
8186,107572,152670,0
8187,141447,125536,0
8188,54524,101769,0
8189,95832,60606,0
8190,61364,153109,0
8191,129640,147547,0
8192,18259,127297,0
8193,154958,44431,0
8194,767,112446,0
8195,112138,150163,0
8196,100186,126665,0
8197,122778,85190,0
8198,77763,9291,0
8199,39705,116140,0
8200,101161,96754,0
8201,75610,103669,0
8202,43138,99115,0
8203,100748,3494,0
8204,84362,143157,0
8205,15174,17881,0
8206,99081,145108,0
8207,106608,104513,0
8208,97574,13917,0
8209,27335,83327,0
8210,145364,122667,0
8211,86096,28120,0
8212,89296,3544,0
8213,147479,65095,0
8214,8739,131070,0
8215,44100,125312,0
8216,12369,129894,0
8217,78561,82080,0
8218,5903,17973,0
8219,135455,125280,0
8220,81885,66632,0
8221,99700,21312,0
8222,93942,109074,0
8223,58697,153904,0
8224,134473,29838,0
8225,98395,57153,0
8226,27146,69109,0
8227,108790,108009,0
8228,117668,7628,0
8229,7628,140158,0
8230,49589,153211,0
8231,80577,29730,0
8232,122325,85930,0
8233,1558,141717,0
8234,1534,18174,0
8235,41965,73512,0
8236,64598,133222,0
8237,117273,4227,0
8238,28427,18010,0
8239,26918,81069,0
8240,121178,69049,0
8241,19093,61965,0
8242,79837,87619,0
8243,8709,75917,0
8244,153683,101538,0
8245,153590,11955,0
8246,137404,54392,0
8247,57697,133684,0
8248,124873,106221,0
8249,13519,59404,0
8250,68011,65790,0
8251,129440,69679,0
8252,58215,62127,0
8253,57876,22255,0
8254,68814,106837,0
8255,79946,73040,0
8256,133627,68114,0
8257,148079,45383,0
8258,57950,148295,0
8259,37781,45088,0
8260,100342,73878,0
8261,95322,139804,0
8262,123953,123205,0
8263,116799,473,0
8264,25039,13684,0
8265,57370,98421,0
8266,60807,67339,0
8267,23952,115400,0
8268,61164,130683,0
8269,96374,47898,0
8270,149928,48259,0
8271,46375,22912,0
8272,10289,27435,0
8273,131952,27511,0
8274,24168,66004,0
8275,4489,101622,0
8276,14615,17241,0
8277,40259,8798,0
8278,17542,31721,0
8279,94572,147655,0
8280,124702,77744,0
8281,98624,130594,0
8282,104369,66316,0
8283,118113,98666,0
8284,133083,141962,0
8285,48352,86539,0
8286,113057,148032,0
8287,29923,101488,0
8288,106258,149625,0
8289,152278,106805,0
8290,49170,6652,0
8291,106413,50513,0
8292,84705,28459,0
8293,106509,110295,0
8294,45538,117383,0
8295,32419,78452,0
8296,48445,23996,0
8297,65672,14678,0
8298,32202,75957,0
8299,115462,58791,0
8300,144808,53371,0
8301,32630,103873,0
8302,62897,58152,0
8303,46519,147627,0
8304,138738,93369,0
8305,119887,2746,0
8306,78661,116953,0
8307,120634,139318,0
8308,89982,129470,0
8309,76300,121582,0
8310,61314,1362,0
8311,59483,42812,0
8312,11619,116990,0
8313,39041,25066,0
8314,103609,29019,0
8315,61707,129486,0
8316,97998,103676,0
8317,125444,16983,0
8318,129543,87707,0
8319,17390,69388,0
8320,88625,120731,0
8321,127209,114251,0
8322,71061,43673,0
8323,118407,32680,0
8324,44196,126221,0
8325,110042,105991,0
8326,36397,94209,0
8327,108091,138875,0
8328,56180,34240,0
8329,136237,115578,0
8330,46986,139105,0
8331,128154,100337,0
8332,72247,48016,0
8333,88367,100216,0
8334,112288,72864,0
8335,78391,14786,0
8336,148137,109492,0
8337,140319,151895,0
8338,129511,148533,0
8339,22383,48820,0
8340,109268,33905,0
8341,121848,91269,0
8342,78151,120733,0
8343,46450,123520,0
8344,96755,33796,0
8345,131081,117178,0
8346,89093,69603,0
8347,16422,55386,0
8348,144843,148832,0
8349,79004,50813,0
8350,137101,47985,0
8351,148126,119301,0
8352,135958,126271,0
8353,124066,40020,0
8354,43102,32434,0
8355,1024,101204,0
8356,29180,12139,0
8357,109820,140784,0
8358,71074,124884,0
8359,145493,90000,0
8360,98603,141773,0
8361,142339,147111,0
8362,6480,88404,0
8363,38881,76358,0
8364,31421,132441,0
8365,137458,137254,0
8366,98563,35517,0
8367,115705,14212,0
8368,51099,128186,0
8369,136579,123428,0
8370,33156,43216,0
8371,131930,43545,0
8372,152697,115333,0
8373,8106,37986,0
8374,25152,46359,0
8375,5887,43643,0
8376,72492,20222,0
8377,120833,3859,0
8378,89043,6386,0
8379,1296,42725,0
8380,43153,64501,0
8381,110352,39866,0
8382,147882,13841,0
8383,73131,34557,0
8384,88831,55010,0
8385,51497,74091,0
8386,10328,83169,0
8387,17332,40843,0
8388,30262,154066,0
8389,88775,27826,0
8390,101771,35002,0
8391,57884,106109,0
8392,137977,32408,0
8393,57390,42692,0
8394,19385,134932,0
8395,80620,127318,0
8396,55710,27948,0
8397,86475,67523,0
8398,58541,58167,0
8399,149412,64402,0
8400,17055,29049,0
8401,112139,21253,0
8402,80671,77811,0
8403,91408,1964,0
8404,54474,129508,0
8405,87172,113740,0
8406,92275,59278,0
8407,108272,40221,0
8408,35402,25716,0
8409,79295,76749,0
8410,41254,44673,0
8411,132343,153537,0
8412,33708,21255,0
8413,104762,125158,0
8414,1503,111440,0
8415,62415,70210,0
8416,55268,23898,0
8417,143851,68426,0
8418,65071,47363,0
8419,12918,147934,0
8420,40945,66639,0
8421,141560,128798,0
8422,140050,72782,0
8423,123081,12903,0
8424,91440,123784,0
8425,128862,43787,0
8426,74131,18549,0
8427,69481,39842,0
8428,78201,54823,0
8429,136838,8684,0
8430,115371,94884,0
8431,43472,53695,0
8432,121366,134970,0
8433,69169,121536,0
8434,46347,98977,0
8435,59231,117948,0
8436,123458,48501,0
8437,605,150668,0
8438,128621,147537,0
8439,127966,79210,0
8440,31869,125666,0
8441,146923,134636,0
8442,116286,26795,0
8443,6542,113523,0
8444,140105,50108,0
8445,127422,91855,0
8446,54431,90395,0
8447,60682,152415,0
8448,49919,47327,0
8449,73511,85048,0
8450,4700,84985,0
8451,144832,45558,0
8452,5497,91646,0
8453,152816,40263,0
8454,36764,13090,0
8455,119041,89708,0
8456,154988,6161,0
8457,89755,7879,0
8458,126927,78616,0
8459,114627,77639,0
8460,83722,85786,0
8461,101166,15794,0
8462,75537,138037,0
8463,108992,129754,0
8464,59790,30406,0
8465,97480,65328,0
8466,812,7946,0
8467,88077,75531,0
8468,155122,119581,0
8469,34288,143348,0
8470,20742,108813,0
8471,123115,55082,0
8472,38847,131818,0
8473,109099,124436,0
8474,123834,48015,0
8475,45194,37955,0
8476,76220,154396,0
8477,95201,48497,0
8478,80441,79691,0
8479,114149,33281,0
8480,4129,51544,0
8481,117798,24597,0
8482,45658,152157,0
8483,63976,135008,0
8484,56041,96233,0
8485,150711,49162,0
8486,24680,97330,0
8487,105351,54496,0
8488,58701,95648,0
8489,103398,61861,0
8490,22644,103299,0
8491,84410,124538,0
8492,71664,143910,0
8493,83468,7733,0
8494,50090,88203,0
8495,131940,121811,0
8496,64022,105265,0
8497,18179,35797,0
8498,106580,107193,0
8499,124890,13600,0
8500,42237,21542,0
8501,28198,28156,0
8502,88503,149051,0
8503,103666,121427,0
8504,69117,89442,0
8505,1848,103076,0
8506,75969,53625,0
8507,42544,131183,0
8508,104747,149322,0
8509,50269,18521,0
8510,105602,68928,0
8511,131438,124239,0
8512,63922,34442,0
8513,127638,124242,0
8514,137790,8696,0
8515,119702,34529,0
8516,64055,38213,0
8517,133672,72531,0
8518,125451,96307,0
8519,7602,154577,0
8520,103354,84484,0
8521,76652,153605,0
8522,114256,140870,0
8523,61771,123586,0
8524,98437,149609,0
8525,86225,2239,0
8526,120736,119224,0
8527,126318,93410,0
8528,25770,38002,0
8529,114547,36103,0
8530,142049,131427,0
8531,124612,79094,0
8532,12117,52911,0
8533,52912,35267,0
8534,80637,62092,0
8535,63728,84731,0
8536,48418,99418,0
8537,105986,121085,0
8538,85560,114327,0
8539,79487,84911,0
8540,35964,21371,0
8541,141630,22927,0
8542,21822,26141,0
8543,126415,99224,0
8544,11676,114423,0
8545,9912,71436,0
8546,43444,130583,0
8547,108771,145760,0
8548,95526,52897,0
8549,62486,146880,0
8550,33954,56956,0
8551,147498,117356,0
8552,84657,136044,0
8553,153625,73130,0
8554,3483,69645,0
8555,79328,1835,0
8556,91400,66178,0
8557,28573,6950,0
8558,137598,8047,0
8559,111407,5978,0
8560,96086,4503,0
8561,120762,54438,0
8562,144116,45034,0
8563,34251,121002,0
8564,56011,126766,0
8565,36179,139701,0
8566,115482,24845,0
8567,83006,106150,0
8568,39622,134566,0
8569,103696,131669,0
8570,151491,49892,0
8571,11367,64781,0
8572,96086,74763,0
8573,71166,64758,0
8574,132405,71990,0
8575,145369,91603,0
8576,94098,48626,0
8577,143851,48189,0
8578,115062,14628,0
8579,134004,89822,0
8580,112964,45183,0
8581,104556,151204,0
8582,140934,76537,0
8583,72095,73804,0
8584,23916,70920,0
8585,111486,34192,0
8586,95538,106606,0
8587,12656,44002,0
8588,162,116578,0
8589,8705,50838,0
8590,14448,35533,0
8591,3360,69730,0
8592,155055,48175,0
8593,83628,119497,0
8594,58054,7067,0
8595,16804,40667,0
8596,42956,4426,0
8597,47369,73178,0
8598,128704,141189,0
8599,77608,134326,0
8600,33967,103748,0
8601,132774,10843,0
8602,85181,71091,0
8603,125467,92623,0
8604,107878,91775,0
8605,151575,61737,0
8606,96639,96154,0
8607,112415,117400,0
8608,104387,77167,0
8609,26270,22759,0
8610,128218,125034,0
8611,131545,7079,0
8612,56217,81494,0
8613,108149,47006,0
8614,24685,93386,0
8615,132279,40782,0
8616,92395,146210,0
8617,140381,14157,0
8618,3041,56344,0
8619,43519,112499,0
8620,35416,73280,0
8621,82547,153851,0
8622,151253,14003,0
8623,80370,4448,0
8624,103332,50033,0
8625,41441,50714,0
8626,99172,37225,0
8627,15788,20338,0
8628,94004,112926,0
8629,27559,43368,0
8630,70289,125586,0
8631,125245,141407,0
8632,47896,104134,0
8633,103397,30632,0
8634,17352,34186,0
8635,70506,130267,0
8636,107148,126084,0
8637,92379,148605,0
8638,141065,26582,0
8639,70047,12867,0
8640,142265,126750,0
8641,150197,14540,0
8642,139940,94788,0
8643,1627,65143,0
8644,93103,23512,0
8645,99726,43891,0
8646,72355,20551,0
8647,7120,137800,0
8648,70761,102764,0
8649,46671,93864,0
8650,19095,34408,0
8651,106776,139984,0
8652,73659,120005,0
8653,49628,94808,0
8654,20330,54904,0
8655,23186,24540,0
8656,4357,2261,0
8657,80084,132740,0
8658,104822,8313,0
8659,69747,4437,0
8660,8260,69296,0
8661,100733,27043,0
8662,148776,61894,0
8663,37621,100858,0
8664,7766,48027,0
8665,36679,127212,0
8666,152114,79673,0
8667,106380,133708,0
8668,20641,143588,0
8669,115737,70381,0
8670,118672,10063,0
8671,134747,24838,0
8672,99400,75483,0
8673,113041,59103,0
8674,23388,16243,0
8675,79977,100521,0
8676,152247,21312,0
8677,97051,92746,0
8678,110458,73877,0
8679,42977,61798,0
8680,65719,15086,0
8681,153589,51521,0
8682,149323,90884,0
8683,75636,135051,0
8684,129244,122599,0
8685,59895,20132,0
8686,100002,5797,0
8687,151923,80780,0
8688,152211,113509,0
8689,42118,53766,0
8690,100242,141849,0
8691,25060,51636,0
8692,69123,149288,0
8693,147485,116915,0
8694,79157,66184,0
8695,62678,153723,0
8696,113292,22377,0
8697,87442,104334,0
8698,143138,117969,0
8699,124769,65091,0
8700,32,15188,0
8701,9016,40867,0
8702,132226,110092,0
8703,79328,70496,0
8704,99164,51428,0
8705,126720,1171,0
8706,79999,50805,0
8707,91599,86562,0
8708,36426,121097,0
8709,137625,639,0
8710,140268,73389,0
8711,53102,70918,0
8712,39592,49787,0
8713,8455,59961,0
8714,74170,5079,0
8715,117205,84418,0
8716,35255,3514,0
8717,33658,126601,0
8718,118748,116305,0
8719,79655,77497,0
8720,27411,135742,0
8721,147677,125039,0
8722,72277,49125,0
8723,56710,36558,0
8724,67793,7845,0
8725,95549,96670,0
8726,132831,136943,0
8727,56548,145169,0
8728,60620,44723,0
8729,103247,96548,0
8730,93207,130952,0
8731,24060,55559,0
8732,4879,141045,0
8733,43504,22564,0
8734,110764,150886,0
8735,132979,139004,0
8736,43118,72437,0
8737,5970,10339,0
8738,64307,42024,0
8739,149289,100926,0
8740,154527,49521,0
8741,3240,1330,0
8742,81769,48783,0
8743,7295,130170,0
8744,115641,61414,0
8745,105398,56762,0
8746,122136,73424,0
8747,69172,36301,0
8748,6716,108195,0
8749,93103,145459,0
8750,86982,132444,0
8751,48843,33715,0
8752,68146,53497,0
8753,93605,141711,0
8754,49004,56306,0
8755,25708,76418,0
8756,107862,62598,0
8757,90739,11956,0
8758,30467,146004,0
8759,44058,27796,0
8760,4332,62563,0
8761,127614,81269,0
8762,131222,141977,0
8763,135947,27409,0
8764,152496,145449,0
8765,78908,13139,0
8766,28370,73664,0
8767,113547,77753,0
8768,113734,38831,0
8769,56780,26274,0
8770,78939,57954,0
8771,38927,139921,0
8772,70413,144373,0
8773,31636,11624,0
8774,36199,151046,0
8775,63841,82966,0
8776,30621,38812,0
8777,118360,63496,0
8778,26437,13720,0
8779,74913,67006,0
8780,145175,93704,0
8781,15862,6566,0
8782,64635,110792,0
8783,39323,75475,0
8784,106031,97196,0
8785,51121,63981,0
8786,134068,140778,0
8787,75767,94481,0
8788,86971,58460,0
8789,84285,115339,0
8790,5125,59373,0
8791,122713,85436,0
8792,127951,130041,0
8793,116556,121889,0
8794,38112,82292,0
8795,127332,71838,0
8796,41035,43811,0
8797,135450,86655,0
8798,3172,62988,0
8799,9489,145952,0
8800,481,94010,0
8801,85763,134288,0
8802,121720,154865,0
8803,3066,153486,0
8804,118748,48264,0
8805,82528,154932,0
8806,16312,35992,0
8807,117179,144713,0
8808,26218,73056,0
8809,67318,39291,0
8810,141394,134833,0
8811,143149,133727,0
8812,817,18466,0
8813,50659,25205,0
8814,25,24581,0
8815,148223,12789,0
8816,103928,38888,0
8817,126538,56991,0
8818,99157,51755,0
8819,99760,59924,0
8820,147115,97753,0
8821,36734,118676,0
8822,101918,66668,0
8823,75715,47418,0
8824,64640,123237,0
8825,79055,20097,0
8826,738,114752,0
8827,33679,41559,0
8828,8728,6868,0
8829,126538,110358,0
8830,106940,151967,0
8831,49529,138875,0
8832,77250,152346,0
8833,93319,106233,0
8834,38959,67963,0
8835,121228,50798,0
8836,72517,73543,0
8837,19665,51940,0
8838,132736,139568,0
8839,71390,149662,0
8840,47637,29676,0
8841,129778,8107,0
8842,145667,51257,0
8843,18125,69738,0
8844,20145,113687,0
8845,30393,126093,0
8846,122171,111312,0
8847,97468,35312,0
8848,153283,56234,0
8849,153564,26201,0
8850,75333,120140,0
8851,39434,87004,0
8852,89148,60975,0
8853,123314,46136,0
8854,56327,131778,0
8855,58400,71704,0
8856,101807,27794,0
8857,8781,29549,0
8858,108220,86567,0
8859,33969,146076,0
8860,38533,71125,0
8861,11399,76543,0
8862,13830,43663,0
8863,12848,138470,0
8864,100832,69874,0
8865,101638,73110,0
8866,22721,133513,0
8867,75989,48903,0
8868,105874,119784,0
8869,4839,22,0
8870,93107,150972,0
8871,68921,33928,0
8872,28069,54519,0
8873,60080,68528,0
8874,152228,44629,0
8875,83977,139611,0
8876,150769,90851,0
8877,56131,85939,0
8878,129459,75230,0
8879,84325,52054,0
8880,98851,80685,0
8881,90151,107031,0
8882,25331,44189,0
8883,148268,126906,0
8884,144565,87829,0
8885,502,131895,0
8886,20302,15199,0
8887,52145,118932,0
8888,94926,132172,0
8889,137814,3099,0
8890,75737,126232,0
8891,129727,68182,0
8892,88951,39707,0
8893,104723,104951,0
8894,56613,106901,0
8895,32723,148879,0
8896,138680,28338,0
8897,54348,136829,0
8898,72515,24030,0
8899,83008,105684,0
8900,131273,115614,0
8901,87056,139835,0
8902,102618,145095,0
8903,3882,12636,0
8904,4801,26141,0
8905,49834,113066,0
8906,108500,41940,0
8907,147043,96772,0
8908,101016,78994,0
8909,131767,72532,0
8910,153398,35256,0
8911,130765,118052,0
8912,139783,26702,0
8913,36940,73515,0
8914,134409,8279,0
8915,51612,5636,0
8916,107130,4181,0
8917,96411,67104,0
8918,81847,127121,0
8919,8181,41052,0
8920,80596,59587,0
8921,23627,59787,0
8922,65563,26681,0
8923,93145,18007,0
8924,103776,123957,0
8925,11774,108577,0
8926,71197,58349,0
8927,147727,129988,0
8928,123241,76663,0
8929,13126,112902,0
8930,26507,124256,0
8931,152152,132516,0
8932,153338,58503,0
8933,41548,42555,0
8934,46733,119982,0
8935,141369,74402,0
8936,69756,1396,0
8937,48301,41091,0
8938,27122,27341,0
8939,41511,84214,0
8940,49405,121446,0
8941,18541,25148,0
8942,103377,95593,0
8943,52878,47830,0
8944,25256,154937,0
8945,9312,63644,0
8946,150074,78850,0
8947,147591,99497,0
8948,100223,144151,0
8949,119904,47184,0
8950,6309,22378,0
8951,76393,56721,0
8952,42218,87556,0
8953,104289,124058,0
8954,151442,101566,0
8955,45609,105660,0
8956,142359,65671,0
8957,116137,153176,0
8958,102770,24122,0
8959,143130,37914,0
8960,17639,13156,0
8961,81554,101969,0
8962,8786,149238,0
8963,51678,152120,0
8964,92781,123269,0
8965,10846,55625,0
8966,24310,30851,0
8967,102243,25767,0
8968,14829,114312,0
8969,87787,75330,0
8970,148884,23257,0
8971,38720,26383,0
8972,13624,147375,0
8973,146752,2281,0
8974,96667,20953,0
8975,81689,121327,0
8976,77557,91485,0
8977,141984,82940,0
8978,117760,42188,0
8979,45297,40644,0
8980,40804,55071,0
8981,109329,35018,0
8982,106333,117902,0
8983,84080,151858,0
8984,133809,74139,0
8985,45359,83377,0
8986,87444,66660,0
8987,50815,141451,0
8988,21857,153368,0
8989,134825,106717,0
8990,73432,125774,0
8991,77611,148351,0
8992,85778,59449,0
8993,120055,112628,0
8994,10811,91376,0
8995,2218,149660,0
8996,12237,46885,0
8997,117980,126431,0
8998,133475,10747,0
8999,590,22166,0
9000,142843,141104,0
9001,148622,67079,0
9002,4713,113198,0
9003,68605,124294,0
9004,130675,137967,0
9005,38202,119373,0
9006,64612,151735,0
9007,22365,14658,0
9008,144512,77376,0
9009,122477,16929,0
9010,33334,36632,0
9011,24188,151086,0
9012,108226,83032,0
9013,50570,70916,0
9014,100540,93020,0
9015,18185,88791,0
9016,141572,104131,0
9017,3081,13861,0
9018,111835,152779,0
9019,121860,150593,0
9020,117704,8449,0
9021,98166,50918,0
9022,68889,110675,0
9023,90353,36972,0
9024,45139,25062,0
9025,60812,121294,0
9026,91588,51687,0
9027,51804,104915,0
9028,15965,150743,0
9029,45725,21994,0
9030,84846,139448,0
9031,127724,119812,0
9032,32384,103167,0
9033,46198,86912,0
9034,84206,77984,0
9035,81512,43261,0
9036,67625,129153,0
9037,98380,127824,0
9038,100626,37899,0
9039,113806,25994,0
9040,142405,114532,0
9041,139789,69502,0
9042,7428,114268,0
9043,28388,140589,0
9044,65373,82009,0
9045,141261,29862,0
9046,152567,2964,0
9047,17499,117362,0
9048,1668,87387,0
9049,71350,65735,0
9050,31426,21052,0
9051,82169,6055,0
9052,99367,110671,0
9053,39817,34672,0
9054,155056,86511,0
9055,109269,127547,0
9056,24474,43699,0
9057,87366,130612,0
9058,81658,123620,0
9059,99465,51691,0
9060,71829,5848,0
9061,112737,2152,0
9062,45813,133138,0
9063,43404,44438,0
9064,53344,8190,0
9065,139180,15828,0
9066,62530,139868,0
9067,149377,32326,0
9068,145277,78027,0
9069,10747,136161,0
9070,74305,153529,0
9071,39957,14462,0
9072,148567,155196,0
9073,6010,8961,0
9074,59669,11998,0
9075,5200,42202,0
9076,142269,18218,0
9077,105907,8887,0
9078,97010,50202,0
9079,35505,35487,0
9080,141969,133026,0
9081,94488,81668,0
9082,53250,152400,0
9083,30541,20493,0
9084,82060,46758,0
9085,121466,131569,0
9086,13443,151747,0
9087,46290,99183,0
9088,50247,122568,0
9089,65667,136111,0
9090,119092,130190,0
9091,51058,99357,0
9092,21390,68770,0
9093,17200,143442,0
9094,115983,27735,0
9095,146815,7053,0
9096,39813,143359,0
9097,148078,143413,0
9098,6836,38236,0
9099,46973,7510,0
9100,31236,27244,0
9101,84263,38217,0
9102,26130,77157,0
9103,115938,114955,0
9104,147408,56590,0
9105,19983,5340,0
9106,120790,90519,0
9107,44377,92188,0
9108,39492,81934,0
9109,55161,92919,0
9110,25327,44085,0
9111,125997,86826,0
9112,141924,10439,0
9113,23676,115029,0
9114,45127,86790,0
9115,39918,82386,0
9116,103284,131333,0
9117,132560,30988,0
9118,12497,127226,0
9119,83668,60854,0
9120,142367,43991,0
9121,118177,155178,0
9122,71937,8000,0
9123,35869,134930,0
9124,137644,96574,0
9125,150142,149811,0
9126,36965,108003,0
9127,126346,44912,0
9128,124900,73860,0
9129,43345,77292,0
9130,122859,48017,0
9131,110182,99676,0
9132,3500,60217,0
9133,12819,49809,0
9134,68587,124761,0
9135,138766,26159,0
9136,131564,30105,0
9137,49581,37691,0
9138,18365,40767,0
9139,144432,12605,0
9140,110326,15001,0
9141,90719,94058,0
9142,58604,150585,0
9143,155049,31039,0
9144,14751,139980,0
9145,64043,21242,0
9146,126361,44979,0
9147,71001,149788,0
9148,6476,145257,0
9149,77608,69352,0
9150,134681,54453,0
9151,34438,117311,0
9152,120091,126631,0
9153,21286,124551,0
9154,90745,121487,0
9155,147866,91252,0
9156,140035,134752,0
9157,110,18602,0
9158,111440,145937,0
9159,125575,90891,0
9160,90121,62128,0
9161,80543,8038,0
9162,47834,98369,0
9163,125630,32941,0
9164,103437,129741,0
9165,60993,23717,0
9166,110916,102868,0
9167,132298,86414,0
9168,137625,144877,0
9169,99147,115327,0
9170,128215,58645,0
9171,64305,142591,0
9172,122340,129356,0
9173,114748,70461,0
9174,13122,1007,0
9175,43942,115523,0
9176,139222,63071,0
9177,145998,108196,0
9178,27433,50281,0
9179,107929,44049,0
9180,144352,1009,0
9181,58706,63717,0
9182,116286,32326,0
9183,13910,8672,0
9184,41720,149485,0
9185,100509,30735,0
9186,126217,77165,0
9187,94938,28523,0
9188,115517,7555,0
9189,100041,50509,0
9190,15528,13322,0
9191,89713,144837,0
9192,85500,110557,0
9193,41228,82863,0
9194,149620,44693,0
9195,124967,5238,0
9196,138993,123625,0
9197,102133,90410,0
9198,92208,20438,0
9199,141474,99277,0
9200,27766,35651,0
9201,13993,12867,0
9202,4298,127912,0
9203,105269,140468,0
9204,130434,50797,0
9205,101799,97891,0
9206,78288,100993,0
9207,140248,94526,0
9208,135791,93994,0
9209,149749,111670,0
9210,103508,21377,0
9211,38054,87367,0
9212,77869,29253,0
9213,17998,85324,0
9214,110298,19313,0
9215,70978,111186,0
9216,137458,38681,0
9217,144942,45294,0
9218,72675,13516,0
9219,53449,124555,0
9220,70850,59267,0
9221,154595,8547,0
9222,18535,127118,0
9223,126757,98493,0
9224,148362,120045,0
9225,50751,69015,0
9226,36674,145825,0
9227,73926,100788,0
9228,45833,70178,0
9229,120887,16307,0
9230,4593,77145,0
9231,150227,13877,0
9232,146127,134953,0
9233,43194,2748,0
9234,31219,133329,0
9235,70957,41277,0
9236,110645,25484,0
9237,133313,147080,0
9238,8087,49304,0
9239,149181,30185,0
9240,5637,81037,0
9241,118805,39298,0
9242,102546,139337,0
9243,52748,28825,0
9244,6907,19601,0
9245,8960,153407,0
9246,143716,131286,0
9247,28950,72430,0
9248,94122,96234,0
9249,12781,102352,0
9250,118133,48131,0
9251,132274,114261,0
9252,2970,68641,0
9253,144230,111554,0
9254,44362,106480,0
9255,7283,51871,0
9256,143155,31725,0
9257,90461,6913,0
9258,102392,89209,0
9259,114683,101940,0
9260,52741,101684,0
9261,147752,148180,0
9262,126424,19146,0
9263,65369,140389,0
9264,146379,137079,0
9265,135461,104528,0
9266,21276,119699,0
9267,111669,18484,0
9268,55320,35046,0
9269,29166,80871,0
9270,130235,106091,0
9271,109651,57362,0
9272,135237,86592,0
9273,21319,53356,0
9274,100608,80787,0
9275,69142,90743,0
9276,21418,134755,0
9277,52221,144709,0
9278,54,66949,0
9279,38933,31481,0
9280,96497,71462,0
9281,111320,153255,0
9282,37696,24862,0
9283,111789,87487,0
9284,106222,106038,0
9285,85652,108956,0
9286,153783,7051,0
9287,116266,22536,0
9288,104553,18847,0
9289,154455,67816,0
9290,87491,63716,0
9291,38196,3465,0
9292,144665,75464,0
9293,102870,75397,0
9294,65383,126892,0
9295,42445,26903,0
9296,66878,9338,0
9297,65847,124350,0
9298,52558,152275,0
9299,110021,88385,0
9300,39331,141565,0
9301,81301,12086,0
9302,118145,2125,0
9303,110099,108833,0
9304,36612,22088,0
9305,26843,11677,0
9306,38127,132963,0
9307,115872,99966,0
9308,123462,135564,0
9309,30537,25595,0
9310,52748,110868,0
9311,84415,83657,0
9312,104113,94857,0
9313,71619,96601,0
9314,94620,116119,0
9315,55774,37891,0
9316,26,104664,0
9317,60682,78523,0
9318,130264,87902,0
9319,55636,21063,0
9320,20302,123047,0
9321,93095,39882,0
9322,77750,137937,0
9323,38248,2436,0
9324,48304,14408,0
9325,101950,141725,0
9326,60577,62088,0
9327,137248,139808,0
9328,8994,65846,0
9329,6424,73822,0
9330,64853,129863,0
9331,88286,122175,0
9332,82960,122966,0
9333,98488,79251,0
9334,12830,48668,0
9335,52407,85725,0
9336,154445,59199,0
9337,97872,101675,0
9338,93279,147166,0
9339,40041,110470,0
9340,152683,115400,0
9341,83396,104125,0
9342,22879,73971,0
9343,110921,128827,0
9344,28809,15847,0
9345,101144,2922,0
9346,129557,103708,0
9347,90050,95671,0
9348,135498,35499,0
9349,131942,14336,0
9350,34931,27464,0
9351,569,113480,0
9352,138951,137254,0
9353,80023,18646,0
9354,20663,153647,0
9355,145890,116171,0
9356,84747,12219,0
9357,23310,36339,0
9358,56569,102146,0
9359,50938,14079,0
9360,23592,105242,0
9361,119582,13164,0
9362,434,146688,0
9363,27719,154656,0
9364,77076,61586,0
9365,97722,131991,0
9366,126784,97607,0
9367,146798,31576,0
9368,106953,98669,0
9369,114967,67740,0
9370,52271,148878,0
9371,121991,153681,0
9372,80419,132276,0
9373,78656,114556,0
9374,153753,7250,0
9375,73008,23598,0
9376,139156,5477,0
9377,87268,144234,0
9378,126233,110276,0
9379,128661,93613,0
9380,111241,51929,0
9381,89738,17606,0
9382,107328,27141,0
9383,81080,144822,0
9384,21908,104200,0
9385,44951,49992,0
9386,67670,99526,0
9387,113842,15393,0
9388,16820,71756,0
9389,254,8050,0
9390,55846,4006,0
9391,109454,59439,0
9392,8188,9132,0
9393,48905,129870,0
9394,64588,71685,0
9395,21064,71524,0
9396,56686,123679,0
9397,104672,147728,0
9398,1842,134267,0
9399,30639,4790,0
9400,24888,112037,0
9401,112675,112975,0
9402,132484,17775,0
9403,73295,44993,0
9404,54156,48875,0
9405,141609,19909,0
9406,42422,30089,0
9407,115607,115719,0
9408,81427,94436,0
9409,74493,146838,0
9410,64615,83953,0
9411,35428,34635,0
9412,12349,140269,0
9413,143185,127461,0
9414,12816,11190,0
9415,6091,27519,0
9416,81552,9323,0
9417,34486,15194,0
9418,120646,62808,0
9419,117590,120488,0
9420,18508,44893,0
9421,32189,135509,0
9422,115257,10443,0
9423,841,5571,0
9424,102524,58093,0
9425,94832,60157,0
9426,107901,108314,0
9427,90704,111795,0
9428,23912,120188,0
9429,16217,120234,0
9430,39191,35450,0
9431,29693,99622,0
9432,53103,70127,0
9433,134530,128576,0
9434,40443,93873,0
9435,139805,98473,0
9436,106363,128698,0
9437,147902,152276,0
9438,41300,54521,0
9439,118507,129177,0
9440,139728,133906,0
9441,28451,71020,0
9442,38724,131110,0
9443,91582,43628,0
9444,107613,104158,0
9445,72355,63945,0
9446,11488,136150,0
9447,78302,36474,0
9448,151936,125513,0
9449,121510,140561,0
9450,14606,70252,0
9451,62045,103503,0
9452,29789,154424,0
9453,101958,113431,0
9454,121356,43902,0
9455,42950,124972,0
9456,92362,1763,0
9457,50204,29824,0
9458,142294,74782,0
9459,21368,66305,0
9460,40452,119766,0
9461,151283,24620,0
9462,39146,8230,0
9463,63280,16133,0
9464,4576,87807,0
9465,127591,21920,0
9466,41935,121524,0
9467,24081,88603,0
9468,59365,27101,0
9469,146051,2363,0
9470,149027,60293,0
9471,101958,127412,0
9472,92636,27203,0
9473,44867,66494,0
9474,72053,91960,0
9475,100132,150034,0
9476,130290,122597,0
9477,22016,150878,0
9478,100661,15599,0
9479,102126,79193,0
9480,58487,147168,0
9481,90685,58330,0
9482,4130,92972,0
9483,148154,15903,0
9484,87151,117288,0
9485,61603,105131,0
9486,57615,98637,0
9487,59743,26104,0
9488,143757,34312,0
9489,19184,140746,0
9490,91299,54885,0
9491,30966,144822,0
9492,100514,44805,0
9493,128422,23316,0
9494,103713,91011,0
9495,71814,42016,0
9496,102859,73421,0
9497,57131,51657,0
9498,101224,104103,0
9499,134079,71360,0
9500,77459,65326,0
9501,123190,2278,0
9502,115646,63390,0
9503,153269,124241,0
9504,62493,123354,0
9505,33054,126206,0
9506,9525,22998,0
9507,60414,52724,0
9508,65815,46372,0
9509,45844,56985,0
9510,125562,155081,0
9511,64622,56099,0
9512,17927,77948,0
9513,137568,61184,0
9514,88523,84974,0
9515,118196,100506,0
9516,100182,31039,0
9517,59606,125619,0
9518,47505,74893,0
9519,105351,47811,0
9520,17111,65851,0
9521,28089,40052,0
9522,131686,111196,0
9523,4466,9297,0
9524,2710,137637,0
9525,43859,106622,0
9526,53960,26715,0
9527,81416,51239,0
9528,36237,101697,0
9529,109097,52421,0
9530,17570,70171,0
9531,145750,84584,0
9532,126246,39875,0
9533,69992,13389,0
9534,85886,136226,0
9535,140682,147874,0
9536,138551,151721,0
9537,136216,119493,0
9538,142095,118650,0
9539,5925,128424,0
9540,63221,35845,0
9541,101536,116848,0
9542,95823,84858,0
9543,138659,12262,0
9544,127900,23683,0
9545,25278,69450,0
9546,131156,122071,0
9547,131061,7249,0
9548,130951,33597,0
9549,131917,150869,0
9550,141384,68788,0
9551,24002,147880,0
9552,43035,143774,0
9553,56225,67364,0
9554,142463,72374,0
9555,74810,139135,0
9556,30999,108038,0
9557,126530,143486,0
9558,65713,121794,0
9559,11183,25872,0
9560,95444,110625,0
9561,125515,3319,0
9562,137380,137154,0
9563,124788,30327,0
9564,131631,10039,0
9565,98479,59579,0
9566,59448,49050,0
9567,73022,91681,0
9568,2449,6851,0
9569,104769,76926,0
9570,571,140948,0
9571,16051,145262,0
9572,99469,125668,0
9573,29467,20086,0
9574,144239,107983,0
9575,108941,33868,0
9576,75773,45223,0
9577,147279,41025,0
9578,83621,136317,0
9579,81122,136122,0
9580,3701,85664,0
9581,117069,128271,0
9582,13278,146190,0
9583,86092,144541,0
9584,93672,144861,0
9585,78201,24524,0
9586,146789,118000,0
9587,3641,120330,0
9588,96430,89198,0
9589,48250,107499,0
9590,145201,68108,0
9591,79710,28606,0
9592,128629,85831,0
9593,25003,125227,0
9594,104558,17748,0
9595,117639,142274,0
9596,42987,145923,0
9597,147995,90352,0
9598,13887,108271,0
9599,143297,105555,0
9600,141564,99568,0
9601,66010,18688,0
9602,122026,81068,0
9603,145639,88995,0
9604,11159,89493,0
9605,25838,59755,0
9606,73737,47311,0
9607,40954,12954,0
9608,24003,52267,0
9609,80813,117877,0
9610,150072,133496,0
9611,83007,102416,0
9612,133360,151854,0
9613,79786,146999,0
9614,56292,23303,0
9615,18812,93664,0
9616,65063,107544,0
9617,109816,102597,0
9618,63647,85998,0
9619,94086,116654,0
9620,38334,83875,0
9621,151619,45827,0
9622,29664,115436,0
9623,19116,95357,0
9624,73243,94069,0
9625,27817,10417,0
9626,31012,103006,0
9627,79942,61168,0
9628,70071,16484,0
9629,71450,60349,0
9630,10354,57434,0
9631,140207,43699,0
9632,144405,62194,0
9633,62975,116492,0
9634,75541,61037,0
9635,93266,87946,0
9636,134633,113893,0
9637,40338,19680,0
9638,114767,100269,0
9639,125648,81166,0
9640,133606,104908,0
9641,31485,140468,0
9642,16451,154412,0
9643,73414,49838,0
9644,31949,13852,0
9645,24188,123320,0
9646,99697,26113,0
9647,143517,36791,0
9648,136059,9092,0
9649,102133,89098,0
9650,59016,133904,0
9651,8960,70968,0
9652,101812,118995,0
9653,31494,54009,0
9654,74099,89382,0
9655,39397,43706,0
9656,85341,45542,0
9657,117624,72444,0
9658,70891,28617,0
9659,141870,125975,0
9660,56868,125671,0
9661,21374,111922,0
9662,94967,149712,0
9663,145474,149303,0
9664,48967,33163,0
9665,70539,111131,0
9666,92954,71554,0
9667,2554,45217,0
9668,149110,110722,0
9669,45331,66307,0
9670,25360,50200,0
9671,33562,41456,0
9672,1966,137888,0
9673,120608,47174,0
9674,125508,68447,0
9675,102539,28636,0
9676,125066,138481,0
9677,74427,151959,0
9678,74352,132945,0
9679,146575,125398,0
9680,114325,53738,0
9681,90222,60438,0
9682,23635,91648,0
9683,131872,112167,0
9684,9700,96460,0
9685,126012,101120,0
9686,108589,133920,0
9687,35145,81297,0
9688,141442,50135,0
9689,148845,135365,0
9690,35300,130011,0
9691,71608,93006,0
9692,22263,51551,0
9693,47173,270,0
9694,68526,96350,0
9695,41462,71813,0
9696,91490,16040,0
9697,26483,138351,0
9698,89863,16120,0
9699,95358,108379,0
9700,92609,12034,0
9701,121406,124856,0
9702,75613,117215,0
9703,61302,154586,0
9704,53540,1161,0
9705,153289,42860,0
9706,21880,30784,0
9707,118422,37180,0
9708,74012,87161,0
9709,46996,113739,0
9710,93951,58651,0
9711,113764,82613,0
9712,10520,58332,0
9713,19482,145664,0
9714,109854,46819,0
9715,127353,135899,0
9716,45823,73758,0
9717,96181,117078,0
9718,92432,145526,0
9719,80763,63069,0
9720,27573,59799,0
9721,114651,104148,0
9722,107050,118222,0
9723,28318,47079,0
9724,54280,100215,0
9725,70483,34485,0
9726,86401,41425,0
9727,44592,75124,0
9728,5799,23758,0
9729,64526,116852,0
9730,150100,149073,0
9731,7065,83629,0
9732,142011,56633,0
9733,48588,12333,0
9734,2810,38702,0
9735,21105,123181,0
9736,36019,46657,0
9737,50063,118567,0
9738,11511,28149,0
9739,52137,26753,0
9740,8224,66973,0
9741,118062,125240,0
9742,75614,45566,0
9743,17332,149404,0
9744,5266,70251,0
9745,48608,22060,0
9746,118223,124099,0
9747,94345,134830,0
9748,26331,116536,0
9749,114853,47633,0
9750,74047,103871,0
9751,46333,99064,0
9752,18849,32180,0
9753,12188,99538,0
9754,123373,88576,0
9755,71494,148828,0
9756,154513,14185,0
9757,8741,110692,0
9758,118476,63286,0
9759,100347,36701,0
9760,67449,55154,0
9761,138150,38774,0
9762,137106,24447,0
9763,38820,36124,0
9764,104556,20201,0
9765,136479,35818,0
9766,122257,79720,0
9767,2256,119995,0
9768,56291,6387,0
9769,33455,130460,0
9770,109194,7179,0
9771,81055,30240,0
9772,134908,82993,0
9773,88723,57327,0
9774,131374,117669,0
9775,57520,4708,0
9776,127822,148417,0
9777,141261,16889,0
9778,75447,109055,0
9779,139732,154784,0
9780,58637,147787,0
9781,116081,108959,0
9782,144411,150064,0
9783,52112,73688,0
9784,113614,60389,0
9785,28867,150137,0
9786,134113,53840,0
9787,19461,114719,0
9788,35656,75519,0
9789,41489,126102,0
9790,124063,17849,0
9791,51184,12761,0
9792,28085,6377,0
9793,1223,139756,0
9794,102450,108283,0
9795,10294,97936,0
9796,100847,48402,0
9797,73899,152358,0
9798,1398,103686,0
9799,27032,117139,0
9800,46160,4824,0
9801,31056,71123,0
9802,73480,111250,0
9803,65217,142559,0
9804,146427,50316,0
9805,27457,49920,0
9806,144665,19537,0
9807,13381,107924,0
9808,124832,61410,0
9809,127855,20238,0
9810,113604,144903,0
9811,84880,67418,0
9812,134194,64882,0
9813,25149,13007,0
9814,127218,117851,0
9815,19005,112508,0
9816,42823,19197,0
9817,40119,82532,0
9818,90011,116826,0
9819,72031,13147,0
9820,153960,124001,0
9821,106972,3616,0
9822,84031,22164,0
9823,105136,112880,0
9824,73131,86354,0
9825,28193,84815,0
9826,27365,50659,0
9827,46575,74814,0
9828,141361,41050,0
9829,99815,47006,0
9830,108194,135758,0
9831,106481,33564,0
9832,53769,36282,0
9833,130878,13179,0
9834,107705,35048,0
9835,57660,148160,0
9836,84953,117918,0
9837,15764,95147,0
9838,82770,107109,0
9839,131655,96378,0
9840,111542,124939,0
9841,55481,10582,0
9842,96254,115424,0
9843,95622,92626,0
9844,101475,129918,0
9845,100547,29,0
9846,97662,126085,0
9847,68457,51972,0
9848,152492,132178,0
9849,73738,16695,0
9850,149255,98719,0
9851,118280,41277,0
9852,1321,154876,0
9853,37541,127632,0
9854,69064,46110,0
9855,58519,47439,0
9856,20899,129192,0
9857,17122,135783,0
9858,153122,7752,0
9859,59192,151779,0
9860,126064,73776,0
9861,22321,43163,0
9862,29292,147998,0
9863,148327,13946,0
9864,9793,51586,0
9865,119804,36483,0
9866,103830,104281,0
9867,116477,108387,0
9868,137147,115196,0
9869,37590,97392,0
9870,72031,34465,0
9871,31296,152457,0
9872,70961,2966,0
9873,7238,110985,0
9874,35040,144751,0
9875,108336,50420,0
9876,33403,131340,0
9877,136068,5145,0
9878,108679,140346,0
9879,137463,93193,0
9880,101623,149195,0
9881,63221,27616,0
9882,32200,113558,0
9883,89071,97397,0
9884,144941,141343,0
9885,79367,25189,0
9886,149432,40386,0
9887,95043,108623,0
9888,13736,16557,0
9889,26147,2157,0
9890,142307,67145,0
9891,115901,155162,0
9892,54657,100474,0
9893,48935,26079,0
9894,50262,134085,0
9895,97225,72531,0
9896,86299,129824,0
9897,125805,88595,0
9898,101601,68959,0
9899,7220,51730,0
9900,144756,111182,0
9901,106431,12373,0
9902,1260,27846,0
9903,54820,23264,0
9904,130236,111177,0
9905,96441,3465,0
9906,127784,51887,0
9907,111395,86049,0
9908,30144,152435,0
9909,135855,40265,0
9910,36875,95189,0
9911,15197,14894,0
9912,70503,138803,0
9913,92987,71855,0
9914,85217,130272,0
9915,51575,40153,0
9916,4723,57176,0
9917,73936,116287,0
9918,5487,28058,0
9919,41578,6028,0
9920,113063,36895,0
9921,122986,2831,0
9922,115063,6564,0
9923,17134,106186,0
9924,17988,143876,0
9925,148209,71478,0
9926,11737,59840,0
9927,54677,87825,0
9928,153719,92118,0
9929,139936,27870,0
9930,134187,142403,0
9931,19643,11307,0
9932,15123,117716,0
9933,26036,33168,0
9934,92294,55667,0
9935,92726,76229,0
9936,9784,75427,0
9937,32191,72776,0
9938,139925,141400,0
9939,145371,147061,0
9940,66517,119870,0
9941,24979,14861,0
9942,153834,13480,0
9943,55031,112758,0
9944,81334,100556,0
9945,69995,52775,0
9946,34470,82567,0
9947,36657,141953,0
9948,143397,59528,0
9949,28336,98701,0
9950,32467,35160,0
9951,64530,94293,0
9952,132407,21053,0
9953,18563,113944,0
9954,61354,129216,0
9955,5611,88189,0
9956,80152,90768,0
9957,60706,93252,0
9958,98555,144251,0
9959,309,72829,0
9960,49483,13026,0
9961,105796,57591,0
9962,139012,69195,0
9963,19062,51369,0
9964,112134,7209,0
9965,2366,140472,0
9966,62354,116368,0
9967,4083,2775,0
9968,91279,98233,0
9969,36349,62859,0
9970,149287,61296,0
9971,3269,147186,0
9972,74160,27008,0
9973,91900,31223,0
9974,109076,106058,0
9975,152834,63067,0
9976,27624,129985,0
9977,75042,16004,0
9978,7457,66684,0
9979,142233,49366,0
9980,131252,122159,0
9981,46962,23869,0
9982,112918,43490,0
9983,14606,108381,0
9984,21578,21836,0
9985,71119,33225,0
9986,103439,125618,0
9987,118925,71279,0
9988,32059,136360,0
9989,74297,31843,0
9990,55580,127245,0
9991,34452,18392,0
9992,12180,64410,0
9993,83753,109750,0
9994,68847,76199,0
9995,147646,112929,0
9996,3629,150563,0
9997,103802,80361,0
9998,74860,595,0
9999,8507,28881,0
10000,19908,30471,0
10001,150221,128192,0
10002,66644,31483,0
10003,17509,27028,0
10004,124128,46260,0
10005,149514,69392,0
10006,41845,150882,0
10007,94379,18086,0
10008,121154,109701,0
10009,97536,55868,0
10010,152329,118419,0
10011,48132,146560,0
10012,133917,10408,0
10013,303,53289,0
10014,35394,60168,0
10015,137934,13579,0
10016,25974,133905,0
10017,25930,61,0
10018,119771,59710,0
10019,76094,133586,0
10020,128556,140878,0
10021,84277,7233,0
10022,63351,55863,0
10023,113950,12280,0
10024,147278,24917,0
10025,108915,79771,0
10026,133481,10298,0
10027,12009,92118,0
10028,106869,148017,0
10029,147620,143665,0
10030,115151,117291,0
10031,63986,51474,0
10032,142302,102173,0
10033,131722,60861,0
10034,147903,22698,0
10035,67696,100724,0
10036,111488,128089,0
10037,31669,76657,0
10038,127157,72656,0
10039,61824,99341,0
10040,82322,107684,0
10041,2694,143354,0
10042,137453,84218,0
10043,38731,105738,0
10044,149466,34655,0
10045,6507,124223,0
10046,41587,66510,0
10047,9388,89388,0
10048,115282,39349,0
10049,127457,137596,0
10050,127937,154694,0
10051,20274,128189,0
10052,114198,61354,0
10053,106340,130551,0
10054,29618,92164,0
10055,24937,83252,0
10056,141958,19306,0
10057,127520,111852,0
10058,7293,61146,0
10059,66905,56499,0
10060,45897,55831,0
10061,111281,5524,0
10062,118166,108362,0
10063,25426,3343,0
10064,152100,54515,0
10065,3723,109214,0
10066,92028,81207,0
10067,120407,16369,0
10068,77011,103441,0
10069,10171,26747,0
10070,75019,58799,0
10071,78775,68833,0
10072,20490,102025,0
10073,106594,46358,0
10074,62157,87129,0
10075,54741,19691,0
10076,117176,151698,0
10077,38659,13398,0
10078,124402,131355,0
10079,18103,37944,0
10080,33665,91599,0
10081,13903,129958,0
10082,47686,46820,0
10083,150664,87512,0
10084,85778,143388,0
10085,8467,101086,0
10086,128233,10032,0
10087,19153,46401,0
10088,99193,85891,0
10089,15641,90990,0
10090,45689,23030,0
10091,106374,43950,0
10092,67477,98498,0
10093,126259,90827,0
10094,15481,70195,0
10095,113532,27466,0
10096,57857,55581,0
10097,49036,143824,0
10098,150210,153226,0
10099,72068,10679,0
10100,2101,137907,0
10101,152771,153019,0
10102,13349,94171,0
10103,89063,59347,0
10104,31542,134223,0
10105,2289,4637,0
10106,3552,13308,0
10107,97711,136013,0
10108,56281,62074,0
10109,145458,130596,0
10110,69156,124976,0
10111,46253,82133,0
10112,79037,137252,0
10113,49997,2502,0
10114,36246,78550,0
10115,140204,145970,0
10116,90315,91407,0
10117,17028,147204,0
10118,149678,119348,0
10119,130290,6166,0
10120,69306,25768,0
10121,143075,75564,0
10122,149676,77099,0
10123,62571,25129,0
10124,71138,67828,0
10125,36628,88701,0
10126,87754,3861,0
10127,25103,91776,0
10128,76061,119658,0
10129,110024,78856,0
10130,4368,73572,0
10131,114299,117956,0
10132,116838,83212,0
10133,37094,110882,0
10134,14008,44410,0
10135,111405,123877,0
10136,77437,134607,0
10137,141029,549,0
10138,43319,134342,0
10139,64370,128320,0
10140,141796,1323,0
10141,105532,92856,0
10142,68828,99757,0
10143,140821,8000,0
10144,115990,67332,0
10145,54070,128570,0
10146,32839,149080,0
10147,27945,98148,0
10148,123493,16442,0
10149,108294,62498,0
10150,69547,58367,0
10151,129035,23137,0
10152,143185,56,0
10153,128109,74317,0
10154,120608,111729,0
10155,95728,149906,0
10156,51163,102175,0
10157,52800,22446,0
10158,141119,7696,0
10159,74818,79001,0
10160,19596,137447,0
10161,23357,15519,0
10162,59763,64779,0
10163,69429,105332,0
10164,102730,31903,0
10165,142711,109892,0
10166,2414,21819,0
10167,154357,62346,0
10168,48610,12293,0
10169,119337,67138,0
10170,106056,83684,0
10171,12870,63247,0
10172,18491,6276,0
10173,124286,43491,0
10174,56097,3709,0
10175,110029,75388,0
10176,74207,65878,0
10177,149599,58956,0
10178,47834,120570,0
10179,9531,108696,0
10180,19308,6275,0
10181,85624,10691,0
10182,33037,61778,0
10183,92840,103260,0
10184,68512,8403,0
10185,108138,66047,0
10186,122110,116949,0
10187,53649,29922,0
10188,82220,16839,0
10189,84500,85071,0
10190,66623,70594,0
10191,117670,149094,0
10192,36743,63269,0
10193,44952,63571,0
10194,30731,144393,0
10195,105734,130826,0
10196,21154,153976,0
10197,46321,27149,0
10198,148200,71712,0
10199,138268,75060,0
10200,127076,37836,0
10201,64304,102616,0
10202,147996,110874,0
10203,138092,13925,0
10204,154278,7548,0
10205,150989,137956,0
10206,51385,47203,0
10207,12559,28038,0
10208,94705,53370,0
10209,124344,81962,0
10210,79865,16602,0
10211,7786,79677,0
10212,69099,122955,0
10213,40492,55838,0
10214,145453,149313,0
10215,13289,36332,0
10216,2863,58897,0
10217,18394,117417,0
10218,29984,97681,0
10219,136241,141973,0
10220,112239,95985,0
10221,124795,146464,0
10222,111093,92047,0
10223,17597,31709,0
10224,52911,131175,0
10225,129460,99944,0
10226,54207,33521,0
10227,22512,141185,0
10228,123460,102866,0
10229,115949,145443,0
10230,37568,119788,0
10231,47919,89946,0
10232,110188,57089,0
10233,110988,128954,0
10234,15035,117390,0
10235,20074,68977,0
10236,126389,136198,0
10237,68035,49339,0
10238,33892,116432,0
10239,10857,126256,0
10240,36583,20004,0
10241,81427,60286,0
10242,101804,77753,0
10243,42515,86675,0
10244,32471,129441,0
10245,92095,110479,0
10246,82905,135699,0
10247,4637,11616,0
10248,57654,5033,0
10249,7835,51605,0
10250,33112,68804,0
10251,31333,133630,0
10252,74184,20684,0
10253,62670,148168,0
10254,17286,133566,0
10255,59097,96357,0
10256,30708,58579,0
10257,130990,42091,0
10258,139437,72620,0
10259,132765,127488,0
10260,89588,120317,0
10261,110311,124999,0
10262,63090,99252,0
10263,60502,10963,0
10264,12229,87315,0
10265,127787,630,0
10266,78182,114831,0
10267,94967,81478,0
10268,78810,99806,0
10269,104364,141189,0
10270,117355,114904,0
10271,142548,148747,0
10272,95566,30085,0
10273,11606,76309,0
10274,99181,81439,0
10275,99301,134335,0
10276,53220,46772,0
10277,90905,127274,0
10278,56700,150395,0
10279,13159,142592,0
10280,13001,74273,0
10281,77937,17775,0
10282,110060,105980,0
10283,124866,126967,0
10284,6152,34336,0
10285,145344,61650,0
10286,77326,36503,0
10287,85660,45965,0
10288,135390,22177,0
10289,39623,117938,0
10290,101788,77729,0
10291,122841,9077,0
10292,68727,67192,0
10293,107760,85774,0
10294,132143,70009,0
10295,42933,67970,0
10296,66950,44072,0
10297,125269,4015,0
10298,102105,68737,0
10299,148834,17691,0
10300,93827,52732,0
10301,103916,58084,0
10302,132653,81877,0
10303,102698,71807,0
10304,142940,130012,0
10305,13942,116857,0
10306,15835,44629,0
10307,36142,921,0
10308,10271,18834,0
10309,27022,63658,0
10310,47725,8396,0
10311,59931,142602,0
10312,115314,154193,0
10313,101348,150933,0
10314,2463,145814,0
10315,121552,22026,0
10316,152452,53611,0
10317,22570,3792,0
10318,15948,108028,0
10319,70106,20487,0
10320,83742,122526,0
10321,130142,79436,0
10322,111094,18191,0
10323,35522,155164,0
10324,19448,93797,0
10325,126686,66375,0
10326,122548,96982,0
10327,48718,103114,0
10328,81035,125499,0
10329,99220,110504,0
10330,113254,55821,0
10331,11897,132021,0
10332,15938,91896,0
10333,96263,102679,0
10334,3363,10031,0
10335,38545,122949,0
10336,9414,29390,0
10337,87304,143920,0
10338,77141,149246,0
10339,21368,61529,0
10340,49945,1637,0
10341,17202,68320,0
10342,44240,93370,0
10343,80576,122723,0
10344,29415,145681,0
10345,142463,149774,0
10346,112097,142476,0
10347,104724,129102,0
10348,57317,71463,0
10349,153624,86174,0
10350,19942,38020,0
10351,5462,120885,0
10352,51074,41670,0
10353,123519,66539,0
10354,148640,85154,0
10355,107831,40759,0
10356,82044,20424,0
10357,85746,88593,0
10358,41578,57855,0
10359,11064,113624,0
10360,57433,10365,0
10361,153320,42114,0
10362,140730,3902,0
10363,83721,45719,0
10364,65122,68142,0
10365,7647,120720,0
10366,127989,32971,0
10367,38143,96060,0
10368,139154,91828,0
10369,39239,87397,0
10370,11609,100817,0
10371,143012,49686,0
10372,30262,92100,0
10373,5761,124205,0
10374,122845,134096,0
10375,41580,145605,0
10376,13278,48891,0
10377,26544,73422,0
10378,93496,9383,0
10379,32521,85346,0
10380,74150,137776,0
10381,13641,3972,0
10382,131370,33548,0
10383,95923,68406,0
10384,71107,45778,0
10385,78713,73992,0
10386,117285,140242,0
10387,99414,138727,0
10388,63724,90467,0
10389,82929,124725,0
10390,21418,57357,0
10391,4743,54540,0
10392,44039,137325,0
10393,41034,38539,0
10394,75209,53715,0
10395,69095,39431,0
10396,52890,44066,0
10397,71914,114419,0
10398,65596,135893,0
10399,53943,111654,0
10400,33290,99037,0
10401,12228,54561,0
10402,40143,101863,0
10403,78844,60369,0
10404,75766,132664,0
10405,28478,122613,0
10406,121044,125087,0
10407,20164,21763,0
10408,32705,40763,0
10409,14181,73796,0
10410,77213,30938,0
10411,110025,124994,0
10412,113116,128955,0
10413,33740,120453,0
10414,97085,69587,0
10415,84495,120291,0
10416,101392,93545,0
10417,32464,35166,0
10418,559,24379,0
10419,93855,87669,0
10420,57244,115468,0
10421,37036,71527,0
10422,61910,74044,0
10423,8455,108032,0
10424,47418,22262,0
10425,8433,15865,0
10426,80135,97582,0
10427,142460,153441,0
10428,53787,25147,0
10429,108162,74608,0
10430,1222,74406,0
10431,89662,144125,0
10432,119197,99660,0
10433,91861,84967,0
10434,40727,2084,0
10435,112207,77303,0
10436,96794,67924,0
10437,143227,120750,0
10438,123505,80571,0
10439,122126,37951,0
10440,41952,127852,0
10441,126556,28543,0
10442,73598,6404,0
10443,123043,76825,0
10444,150169,117055,0
10445,112092,138483,0
10446,135980,22557,0
10447,20434,13107,0
10448,7650,66296,0
10449,12992,21660,0
10450,117152,54920,0
10451,75370,9888,0
10452,58366,149065,0
10453,115456,25401,0
10454,144490,101077,0
10455,69263,35989,0
10456,106359,137614,0
10457,152960,120135,0
10458,149085,132338,0
10459,89752,58468,0
10460,37207,124524,0
10461,144252,98580,0
10462,111460,27796,0
10463,86055,86921,0
10464,52220,77810,0
10465,61376,8480,0
10466,81457,122126,0
10467,106380,76138,0
10468,65844,51374,0
10469,112422,1140,0
10470,154348,28891,0
10471,57159,126343,0
10472,103303,133523,0
10473,100987,124834,0
10474,110564,154816,0
10475,98098,121403,0
10476,49345,59953,0
10477,95238,38954,0
10478,75245,127598,0
10479,2108,52710,0
10480,120794,28392,0
10481,69772,132807,0
10482,133688,83972,0
10483,35435,119063,0
10484,9541,29386,0
10485,127176,64154,0
10486,69688,136397,0
10487,86950,101892,0
10488,138251,31465,0
10489,49503,141593,0
10490,559,98829,0
10491,105122,25336,0
10492,126586,54785,0
10493,142823,68212,0
10494,129577,80860,0
10495,74291,24058,0
10496,99578,142169,0
10497,40430,77504,0
10498,23413,130058,0
10499,104578,75851,0
10500,49571,60247,0
10501,58607,42142,0
10502,106713,146553,0
10503,114946,25973,0
10504,152537,106695,0
10505,128533,14611,0
10506,21430,118583,0
10507,33443,42030,0
10508,96817,17384,0
10509,127563,17991,0
10510,16077,53176,0
10511,81727,21473,0
10512,95591,67383,0
10513,114244,129526,0
10514,71632,129592,0
10515,7383,21815,0
10516,119557,65849,0
10517,135960,11673,0
10518,1202,83902,0
10519,35534,23593,0
10520,119421,84656,0
10521,86868,122015,0
10522,129882,53228,0
10523,47807,17829,0
10524,91087,59339,0
10525,78938,94125,0
10526,7622,92288,0
10527,80712,29122,0
10528,33042,36402,0
10529,99397,27551,0
10530,32278,94796,0
10531,122809,126439,0
10532,51395,74928,0
10533,141143,58339,0
10534,84708,84449,0
10535,2536,24186,0
10536,37675,130505,0
10537,136676,988,0
10538,33620,113929,0
10539,108545,10481,0
10540,86022,51498,0
10541,55258,41639,0
10542,64176,78417,0
10543,114767,65831,0
10544,47588,82914,0
10545,93932,76228,0
10546,46177,105475,0
10547,70318,56222,0
10548,90258,2321,0
10549,93392,127177,0
10550,59198,23276,0
10551,68702,20576,0
10552,33814,136562,0
10553,4466,34073,0
10554,36806,145085,0
10555,112064,120537,0
10556,25630,105052,0
10557,114457,36803,0
10558,22016,59996,0
10559,47336,69939,0
10560,12235,1530,0
10561,6697,80898,0
10562,145302,38262,0
10563,24514,143313,0
10564,38518,2470,0
10565,22860,154635,0
10566,145720,146482,0
10567,54630,34899,0
10568,102957,24534,0
10569,99456,152241,0
10570,69189,12165,0
10571,136975,137206,0
10572,8691,103536,0
10573,142865,104871,0
10574,99235,126661,0
10575,82393,123909,0
10576,11479,146131,0
10577,48053,138934,0
10578,127583,24178,0
10579,83765,10679,0
10580,1561,75322,0
10581,58130,117347,0
10582,82858,143531,0
10583,49048,6237,0
10584,61051,95262,0
10585,134218,27803,0
10586,118852,42575,0
10587,70067,31782,0
10588,46381,63147,0
10589,98687,70470,0
10590,24260,145116,0
10591,66493,119016,0
10592,121327,42039,0
10593,40997,4301,0
10594,5047,97984,0
10595,13056,65514,0
10596,89195,59943,0
10597,1993,87238,0
10598,31877,139627,0
10599,1375,142586,0
10600,144803,24774,0
10601,61927,57558,0
10602,147698,23637,0
10603,62022,51219,0
10604,65420,149463,0
10605,41715,114172,0
10606,139832,116006,0
10607,12270,125676,0
10608,18850,7004,0
10609,28128,16683,0
10610,87592,153291,0
10611,46272,91041,0
10612,122195,10482,0
10613,89707,127329,0
10614,72955,100580,0
10615,15419,141116,0
10616,153801,115442,0
10617,115404,104802,0
10618,72068,150521,0
10619,120397,42000,0
10620,147556,40494,0
10621,79576,37951,0
10622,43310,69780,0
10623,18073,151409,0
10624,55031,104877,0
10625,12304,114468,0
10626,134669,10295,0
10627,122662,115231,0
10628,62067,55042,0
10629,90383,152209,0
10630,95105,148693,0
10631,23762,109055,0
10632,1742,155159,0
10633,27689,77941,0
10634,77233,132990,0
10635,83504,126864,0
10636,73285,114356,0
10637,8191,61434,0
10638,100105,42956,0
10639,48412,59555,0
10640,100738,85200,0
10641,49479,100616,0
10642,154548,133996,0
10643,139678,15921,0
10644,57880,6941,0
10645,44990,22557,0
10646,129116,34717,0
10647,89525,84900,0
10648,118116,132152,0
10649,151695,70673,0
10650,148137,126649,0
10651,67053,67093,0
10652,146926,127541,0
10653,70716,24980,0
10654,58895,29412,0
10655,61923,75985,0
10656,52184,137075,0
10657,152600,125309,0
10658,12401,123698,0
10659,134055,87661,0
10660,56332,112494,0
10661,117751,50200,0
10662,55975,63915,0
10663,96014,111385,0
10664,41019,21896,0
10665,86691,16620,0
10666,35760,83608,0
10667,31245,143182,0
10668,12040,78184,0
10669,100135,154825,0
10670,50243,148552,0
10671,48898,125498,0
10672,20670,7763,0
10673,58930,56750,0
10674,8386,15234,0
10675,24431,33821,0
10676,24538,41694,0
10677,118245,23099,0
10678,47699,10225,0
10679,101732,143083,0
10680,47809,65902,0
10681,149882,18644,0
10682,24146,29913,0
10683,17075,92293,0
10684,33567,65820,0
10685,74950,97734,0
10686,122585,142501,0
10687,115489,37333,0
10688,10422,126724,0
10689,109196,91523,0
10690,11371,116691,0
10691,72207,90841,0
10692,33243,98870,0
10693,130027,38992,0
10694,14779,104899,0
10695,148568,101995,0
10696,90204,96354,0
10697,21526,85066,0
10698,66490,62614,0
10699,116849,29631,0
10700,51659,110905,0
10701,24476,148185,0
10702,141688,115393,0
10703,91289,103387,0
10704,138609,82433,0
10705,62420,39242,0
10706,126233,80107,0
10707,29633,59465,0
10708,109524,72971,0
10709,23407,4982,0
10710,149918,82111,0
10711,13515,5902,0
10712,61927,60244,0
10713,32513,130289,0
10714,16507,7131,0
10715,62897,46326,0
10716,36106,91740,0
10717,53231,61585,0
10718,142784,17360,0
10719,29628,111385,0
10720,119622,111065,0
10721,110022,31267,0
10722,14962,143642,0
10723,111483,110207,0
10724,26956,100187,0
10725,134386,71027,0
10726,16642,147126,0
10727,145726,7462,0
10728,63750,137171,0
10729,29113,145354,0
10730,97251,72256,0
10731,104475,33490,0
10732,94097,53239,0
10733,137571,126513,0
10734,84772,75337,0
10735,152536,3061,0
10736,132170,71617,0
10737,10720,60639,0
10738,11828,28426,0
10739,85952,155016,0
10740,18476,11233,0
10741,94317,20776,0
10742,75149,94290,0
10743,32698,77139,0
10744,48624,15499,0
10745,71751,7473,0
10746,90539,137225,0
10747,141063,134634,0
10748,138207,123968,0
10749,146182,135600,0
10750,97411,144095,0
10751,47367,69985,0
10752,70266,25679,0
10753,67219,146890,0
10754,123671,25007,0
10755,116442,73197,0
10756,7951,66788,0
10757,86378,57751,0
10758,125937,61679,0
10759,131988,70871,0
10760,92707,138302,0
10761,46086,77058,0
10762,140546,62470,0
10763,89588,7285,0
10764,147193,105496,0
10765,152068,125577,0
10766,136160,10443,0
10767,2742,3411,0
10768,93274,32850,0
10769,64288,31654,0
10770,143235,124857,0
10771,11254,109038,0
10772,119358,71103,0
10773,92536,101260,0
10774,11674,65185,0
10775,142156,115027,0
10776,121403,132147,0
10777,91142,68572,0
10778,101627,117806,0
10779,135530,133882,0
10780,73062,145774,0
10781,16023,66764,0
10782,19403,113927,0
10783,1192,155180,0
10784,82243,18062,0
10785,100893,82134,0
10786,47602,39807,0
10787,48504,62016,0
10788,60237,24194,0
10789,93385,72794,0
10790,135928,45370,0
10791,145103,40254,0
10792,1548,68624,0
10793,133969,31311,0
10794,67434,92643,0
10795,109022,138487,0
10796,29152,130926,0
10797,111512,21270,0
10798,33045,60217,0
10799,72968,77436,0
10800,113248,40167,0
10801,55368,2413,0
10802,139390,19706,0
10803,74844,147319,0
10804,82004,76064,0
10805,91360,87758,0
10806,26191,41023,0
10807,150962,1364,0
10808,141969,106461,0
10809,118718,153911,0
10810,82480,42098,0
10811,76243,46484,0
10812,2430,22672,0
10813,87586,93267,0
10814,124656,77235,0
10815,155023,111940,0
10816,91171,12729,0
10817,30380,71676,0
10818,69836,136842,0
10819,38455,46850,0
10820,120862,39721,0
10821,144153,7006,0
10822,119202,130761,0
10823,83462,113969,0
10824,87470,92050,0
10825,74425,62741,0
10826,70625,85397,0
10827,120560,117975,0
10828,41028,69417,0
10829,110637,150356,0
10830,126529,95406,0
10831,32360,136092,0
10832,20140,67266,0
10833,25063,154899,0
10834,18842,98534,0
10835,59038,21183,0
10836,138609,153370,0
10837,75595,45081,0
10838,9067,130040,0
10839,144705,113743,0
10840,44401,6024,0
10841,92543,120341,0
10842,136823,67408,0
10843,145940,19411,0
10844,54196,97248,0
10845,49077,52461,0
10846,1843,37548,0
10847,93262,75389,0
10848,152702,62474,0
10849,104002,53197,0
10850,146463,120458,0
10851,76857,154721,0
10852,96378,136766,0
10853,48275,121,0
10854,50676,3953,0
10855,39286,62068,0
10856,20397,9271,0
10857,69641,63582,0
10858,105121,107193,0
10859,142857,19322,0
10860,21087,72843,0
10861,28348,58377,0
10862,42164,68671,0
10863,95871,67618,0
10864,17132,129338,0
10865,105371,93690,0
10866,48282,80054,0
10867,77301,8825,0
10868,4489,76143,0
10869,133553,150401,0
10870,108581,149604,0
10871,142035,83899,0
10872,18911,120351,0
10873,67656,89778,0
10874,107075,34673,0
10875,3193,43402,0
10876,20126,83170,0
10877,83825,127040,0
10878,47885,117608,0
10879,117016,48502,0
10880,8356,20000,0
10881,82548,120768,0
10882,79833,48272,0
10883,151937,102830,0
10884,13043,94373,0
10885,151414,52797,0
10886,19990,27148,0
10887,125588,116354,0
10888,74844,123784,0
10889,80699,95515,0
10890,78090,57124,0
10891,49073,3976,0
10892,2871,75629,0
10893,36514,307,0
10894,114626,75174,0
10895,89258,129922,0
10896,40919,128465,0
10897,4005,145202,0
10898,78174,79044,0
10899,88170,48631,0
10900,40260,120668,0
10901,137211,46674,0
10902,119936,147339,0
10903,128423,104027,0
10904,52112,124288,0
10905,146382,131750,0
10906,86365,149160,0
10907,23157,81648,0
10908,124225,93558,0
10909,98223,147854,0
10910,117535,43560,0
10911,142233,20044,0
10912,90207,30489,0
10913,114676,70754,0
10914,56115,39819,0
10915,38665,90567,0
10916,70124,27041,0
10917,78326,119145,0
10918,33881,105291,0
10919,59288,38694,0
10920,111480,17528,0
10921,35405,17107,0
10922,144655,14388,0
10923,143386,142444,0
10924,112228,147250,0
10925,147865,19391,0
10926,54455,79342,0
10927,12044,67638,0
10928,61199,49455,0
10929,84127,144436,0
10930,38093,65174,0
10931,14321,36348,0
10932,84053,38757,0
10933,140518,114028,0
10934,58697,148976,0
10935,35600,126899,0
10936,36192,69620,0
10937,6102,11644,0
10938,148904,17165,0
10939,87699,105367,0
10940,12821,137848,0
10941,15372,119529,0
10942,87824,36929,0
10943,121546,70020,0
10944,144488,11700,0
10945,57917,141164,0
10946,36647,4321,0
10947,94621,63038,0
10948,123507,147068,0
10949,120391,139959,0
10950,137964,97895,0
10951,67504,127504,0
10952,85587,47104,0
10953,102511,116232,0
10954,91528,105479,0
10955,5518,69271,0
10956,113768,18885,0
10957,81693,94836,0
10958,37098,119259,0
10959,102409,2860,0
10960,39316,128794,0
10961,65837,84460,0
10962,68796,94148,0
10963,63766,11929,0
10964,13674,100944,0
10965,118579,68755,0
10966,69081,88262,0
10967,143470,45846,0
10968,30008,68653,0
10969,29229,59529,0
10970,36135,28990,0
10971,94359,11167,0
10972,132441,60239,0
10973,25334,150842,0
10974,103485,154193,0
10975,133826,74754,0
10976,58156,123426,0
10977,133854,39154,0
10978,72876,26151,0
10979,21285,27796,0
10980,33420,145628,0
10981,3587,84805,0
10982,123126,31108,0
10983,102712,43885,0
10984,129643,56150,0
10985,110176,21989,0
10986,122412,96954,0
10987,72927,54451,0
10988,85738,64125,0
10989,137378,154140,0
10990,4789,79649,0
10991,5262,150078,0
10992,34659,96720,0
10993,11302,1482,0
10994,87723,147903,0
10995,72745,76811,0
10996,36278,103951,0
10997,149251,69990,0
10998,148858,121918,0
10999,124818,1891,0
11000,29329,28315,0
11001,68696,108563,0
11002,86509,49251,0
11003,109454,95095,0
11004,143559,98915,0
11005,59082,27745,0
11006,84060,27259,0
11007,139012,10741,0
11008,44812,19617,0
11009,116884,6875,0
11010,42778,56478,0
11011,96419,98046,0
11012,139356,148548,0
11013,88884,80464,0
11014,16000,125233,0
11015,61397,6325,0
11016,9380,114965,0
11017,97654,99223,0
11018,13511,43129,0
11019,53549,93502,0
11020,146742,140348,0
11021,15198,35412,0
11022,48142,143832,0
11023,112152,11216,0
11024,24979,148874,0
11025,110025,58426,0
11026,94612,55198,0
11027,88598,6077,0
11028,38464,58695,0
11029,57269,32916,0
11030,138095,149056,0
11031,152350,579,0
11032,32359,23516,0
11033,91024,10077,0
11034,9883,94601,0
11035,11299,130125,0
11036,17929,125719,0
11037,129879,54616,0
11038,82543,135646,0
11039,66770,7175,0
11040,126927,66708,0
11041,99085,134248,0
11042,56195,113628,0
11043,125645,31095,0
11044,11419,37165,0
11045,51955,38806,0
11046,141476,130971,0
11047,60317,108258,0
11048,12618,67512,0
11049,46053,93765,0
11050,48632,74369,0
11051,29199,3085,0
11052,50942,18889,0
11053,74224,21969,0
11054,37203,59362,0
11055,114641,109792,0
11056,71987,41836,0
11057,43295,142758,0
11058,64469,40181,0
11059,108761,65338,0
11060,139653,84809,0
11061,26266,80250,0
11062,114801,53638,0
11063,142323,73423,0
11064,26088,112766,0
11065,106384,44804,0
11066,75907,114368,0
11067,91075,137438,0
11068,131524,92752,0
11069,42139,62115,0
11070,143555,14081,0
11071,57228,39,0
11072,33662,44004,0
11073,147693,121531,0
11074,108671,93743,0
11075,141863,83640,0
11076,10571,23345,0
11077,98576,87187,0
11078,64356,24083,0
11079,23199,66714,0
11080,5295,146702,0
11081,120534,92330,0
11082,20285,69783,0
11083,40100,82657,0
11084,32206,39807,0
11085,36740,143026,0
11086,76810,103508,0
11087,5871,35338,0
11088,97992,75680,0
11089,26776,20578,0
11090,114837,58434,0
11091,91305,83606,0
11092,53335,132311,0
11093,1893,16536,0
11094,79764,145211,0
11095,140199,105387,0
11096,56440,140979,0
11097,47020,59484,0
11098,33639,106358,0
11099,73452,66384,0
11100,43693,76217,0
11101,70027,31761,0
11102,127984,13032,0
11103,101144,53687,0
11104,5194,128184,0
11105,70063,30139,0
11106,131714,74711,0
11107,3646,84525,0
11108,53348,99389,0
11109,39590,58503,0
11110,50375,11567,0
11111,155147,124487,0
11112,143968,45665,0
11113,31537,38773,0
11114,122028,111850,0
11115,3017,10340,0
11116,142051,133156,0
11117,55808,25540,0
11118,52128,130050,0
11119,94057,32596,0
11120,45059,87091,0
11121,95427,120463,0
11122,94074,44778,0
11123,51399,97201,0
11124,60725,98151,0
11125,50771,73326,0
11126,94413,53297,0
11127,132553,39857,0
11128,150720,64022,0
11129,24977,148635,0
11130,6302,92956,0
11131,24871,139033,0
11132,82644,95185,0
11133,154564,20297,0
11134,24734,33533,0
11135,105369,95503,0
11136,50964,55407,0
11137,124071,44274,0
11138,15274,25834,0
11139,36208,90780,0
11140,7565,24410,0
11141,119568,3994,0
11142,105615,146642,0
11143,111399,110348,0
11144,22372,142428,0
11145,13672,122974,0
11146,7333,123920,0
11147,152029,5876,0
11148,18960,69115,0
11149,30905,141011,0
11150,27192,67611,0
11151,36511,86266,0
11152,73656,61618,0
11153,19825,127848,0
11154,123821,112713,0
11155,16628,99610,0
11156,154294,52767,0
11157,123936,155119,0
11158,127876,27399,0
11159,63950,100192,0
11160,67011,92163,0
11161,20290,115569,0
11162,45980,67177,0
11163,71286,148565,0
11164,136679,126445,0
11165,18628,12554,0
11166,107767,130935,0
11167,132140,131355,0
11168,83800,33664,0
11169,100015,142513,0
11170,41254,141804,0
11171,75615,38252,0
11172,97021,40926,0
11173,141143,76239,0
11174,60786,106733,0
11175,21805,72926,0
11176,120312,34740,0
11177,23271,109280,0
11178,152565,105071,0
11179,40431,48217,0
11180,103373,119411,0
11181,129083,67230,0
11182,47836,98934,0
11183,61777,100595,0
11184,4705,106507,0
11185,73086,130263,0
11186,129360,149437,0
11187,44548,54046,0
11188,99991,26021,0
11189,77247,137096,0
11190,135537,135407,0
11191,24276,23861,0
11192,127468,101471,0
11193,113423,106064,0
11194,77430,14857,0
11195,111743,95808,0
11196,48866,45738,0
11197,34790,5519,0
11198,132435,47701,0
11199,130236,51949,0
11200,121274,94330,0
11201,20231,103053,0
11202,138142,143021,0
11203,51054,65952,0
11204,133506,142440,0
11205,108637,145944,0
11206,147218,93113,0
11207,137265,43584,0
11208,125679,83485,0
11209,28081,117189,0
11210,1047,13165,0
11211,54139,136737,0
11212,137240,12368,0
11213,154048,78414,0
11214,14068,113653,0
11215,79461,126898,0
11216,7601,77152,0
11217,24411,49412,0
11218,118514,19228,0
11219,108395,83807,0
11220,140846,113322,0
11221,4056,111718,0
11222,69530,127597,0
11223,129595,98493,0
11224,140719,48112,0
11225,112279,154823,0
11226,111257,85829,0
11227,142367,12137,0
11228,61264,144489,0
11229,8830,113816,0
11230,19610,14745,0
11231,119267,111748,0
11232,110759,129396,0
11233,88027,109008,0
11234,62532,132551,0
11235,70646,90743,0
11236,120071,65927,0
11237,98223,86389,0
11238,39248,121343,0
11239,7229,108230,0
11240,60967,148999,0
11241,42937,51549,0
11242,71569,90889,0
11243,67342,105310,0
11244,121176,83689,0
11245,99188,114080,0
11246,104464,657,0
11247,76874,54351,0
11248,66745,39807,0
11249,18440,59223,0
11250,38274,138470,0
11251,140434,78261,0
11252,88095,36648,0
11253,24188,23591,0
11254,113227,86213,0
11255,135142,95825,0
11256,147187,143940,0
11257,105115,133177,0
11258,154529,117902,0
11259,50293,133022,0
11260,69241,37457,0
11261,56266,128192,0
11262,36026,134656,0
11263,98314,152827,0
11264,139631,38822,0
11265,50466,74714,0
11266,74619,69867,0
11267,113364,33281,0
11268,41852,46531,0
11269,123559,32227,0
11270,130030,117321,0
11271,21852,66799,0
11272,89758,54020,0
11273,13199,52881,0
11274,25871,87429,0
11275,27906,93773,0
11276,6939,79475,0
11277,101299,86059,0
11278,45626,99097,0
11279,135210,1480,0
11280,148373,84413,0
11281,107773,40936,0
11282,139011,98312,0
11283,124404,6410,0
11284,22127,101037,0
11285,12731,129079,0
11286,48917,66346,0
11287,69627,48225,0
11288,41664,66507,0
11289,150588,43463,0
11290,15545,83869,0
11291,144764,24339,0
11292,47613,67525,0
11293,142874,19654,0
11294,13104,93403,0
11295,88116,22882,0
11296,27502,145927,0
11297,56697,21102,0
11298,29399,73284,0
11299,53543,100215,0
11300,2168,111554,0
11301,44935,32769,0
11302,149779,69973,0
11303,28000,75531,0
11304,41076,65819,0
11305,146390,34564,0
11306,127584,28254,0
11307,40740,79696,0
11308,31659,14360,0
11309,152493,40429,0
11310,47374,49979,0
11311,105010,48586,0
11312,61538,93244,0
11313,70898,73230,0
11314,98271,56588,0
11315,92328,102242,0
11316,133789,17101,0
11317,45420,10301,0
11318,85497,7514,0
11319,26023,105078,0
11320,114958,38918,0
11321,143547,120403,0
11322,122048,141954,0
11323,52674,85905,0
11324,140786,8317,0
11325,35140,56733,0
11326,134653,48320,0
11327,18517,31503,0
11328,76365,101854,0
11329,119023,59312,0
11330,120555,147061,0
11331,103073,130001,0
11332,25554,50390,0
11333,121769,87455,0
11334,111838,30514,0
11335,18955,97950,0
11336,69989,29976,0
11337,70995,120990,0
11338,86599,62456,0
11339,109031,141964,0
11340,30453,138669,0
11341,24250,109903,0
11342,50105,24184,0
11343,1548,143251,0
11344,69171,150185,0
11345,19587,27692,0
11346,67141,135601,0
11347,115806,58623,0
11348,20645,3831,0
11349,105785,41957,0
11350,63008,139809,0
11351,51850,33942,0
11352,90174,67469,0
11353,127510,49051,0
11354,68512,98147,0
11355,92777,72809,0
11356,11216,30138,0
11357,32036,124070,0
11358,139137,77055,0
11359,108358,105739,0
11360,7137,78862,0
11361,4862,49305,0
11362,27046,125470,0
11363,134917,109799,0
11364,121203,43365,0
11365,36171,47224,0
11366,123519,3084,0
11367,47748,133336,0
11368,22822,135967,0
11369,36282,88343,0
11370,134331,75344,0
11371,50686,42250,0
11372,151013,124947,0
11373,125242,47717,0
11374,95878,35763,0
11375,113537,94562,0
11376,8756,62555,0
11377,107532,28394,0
11378,144714,154735,0
11379,16615,131167,0
11380,150964,146631,0
11381,88962,34415,0
11382,44610,45134,0
11383,85571,105271,0
11384,92799,39194,0
11385,84445,48463,0
11386,1855,61743,0
11387,80135,106564,0
11388,150329,95632,0
11389,133518,102520,0
11390,141991,37960,0
11391,12594,74388,0
11392,147650,146630,0
11393,121872,109792,0
11394,18373,66446,0
11395,152237,72625,0
11396,26009,34503,0
11397,136332,131923,0
11398,106251,109558,0
11399,47265,24604,0
11400,63993,138902,0
11401,4905,57940,0
11402,143530,99230,0
11403,107565,517,0
11404,23585,150467,0
11405,89244,86248,0
11406,16535,133334,0
11407,68748,10950,0
11408,67021,111129,0
11409,51738,105447,0
11410,58756,43538,0
11411,104482,56397,0
11412,79999,150052,0
11413,108999,147207,0
11414,26481,46116,0
11415,13708,92647,0
11416,134446,113766,0
11417,79485,82420,0
11418,80358,144529,0
11419,17134,120234,0
11420,32723,93396,0
11421,124661,26665,0
11422,29325,29450,0
11423,118706,85525,0
11424,30722,104324,0
11425,125672,11787,0
11426,1651,3251,0
11427,102016,131960,0
11428,94551,26323,0
11429,81568,80942,0
11430,7278,123431,0
11431,120297,21712,0
11432,1128,133103,0
11433,150413,35280,0
11434,129610,129980,0
11435,116937,105412,0
11436,102459,111847,0
11437,9591,78821,0
11438,90215,39164,0
11439,54491,16691,0
11440,13900,7540,0
11441,81943,146825,0
11442,143173,42649,0
11443,127184,52249,0
11444,153897,72210,0
11445,124918,100722,0
11446,139281,18466,0
11447,148465,42689,0
11448,48942,149084,0
11449,35953,125568,0
11450,76081,34039,0
11451,129285,75786,0
11452,42354,73383,0
11453,15458,127481,0
11454,150349,33549,0
11455,42139,75407,0
11456,138907,148676,0
11457,152968,56540,0
11458,124510,50670,0
11459,35979,40566,0
11460,42962,2764,0
11461,22033,140037,0
11462,154304,4037,0
11463,41149,8807,0
11464,12817,34674,0
11465,102731,119480,0
11466,51777,52319,0
11467,23216,150927,0
11468,85675,15767,0
11469,107784,68332,0
11470,48489,35148,0
11471,144322,117741,0
11472,91593,1280,0
11473,94547,30099,0
11474,1266,61139,0
11475,54874,115232,0
11476,64159,74329,0
11477,52714,142441,0
11478,90451,136660,0
11479,56105,43641,0
11480,137392,122630,0
11481,28164,112833,0
11482,74857,154774,0
11483,82845,53125,0
11484,131400,75309,0
11485,113642,68865,0
11486,11299,85139,0
11487,91171,21053,0
11488,112262,59889,0
11489,142853,144649,0
11490,19005,120475,0
11491,7557,130632,0
11492,106155,33250,0
11493,48504,103891,0
11494,79918,10552,0
11495,86138,74201,0
11496,14751,74605,0
11497,61611,148963,0
11498,154167,44251,0
11499,68023,94874,0
11500,80836,29528,0
11501,32406,47303,0
11502,83211,61629,0
11503,60712,12778,0
11504,33980,123471,0
11505,47359,133183,0
11506,153378,139435,0
11507,145555,127920,0
11508,129651,84367,0
11509,52212,29294,0
11510,111275,3676,0
11511,59546,74058,0
11512,79389,137467,0
11513,15305,149982,0
11514,127511,70345,0
11515,55332,20901,0
11516,28850,33307,0
11517,123887,9025,0
11518,143595,107160,0
11519,48674,33645,0
11520,123963,138809,0
11521,145632,104502,0
11522,8428,86097,0
11523,78277,151276,0
11524,47735,106491,0
11525,31691,37,0
11526,99187,33596,0
11527,87089,90639,0
11528,65666,19626,0
11529,139313,43782,0
11530,118893,87017,0
11531,51162,27947,0
11532,102762,55631,0
11533,75766,124345,0
11534,8116,129,0
11535,53159,63005,0
11536,28467,118221,0
11537,102223,130929,0
11538,88669,80092,0
11539,41333,103194,0
11540,121726,110217,0
11541,54442,106919,0
11542,36476,14566,0
11543,128333,145101,0
11544,4296,86235,0
11545,64842,48534,0
11546,123835,154084,0
11547,14431,115436,0
11548,116889,88476,0
11549,42294,79341,0
11550,46447,146925,0
11551,8989,126605,0
11552,25936,71730,0
11553,146078,127751,0
11554,137308,145186,0
11555,118129,101901,0
11556,117374,1337,0
11557,42498,20843,0
11558,134702,71580,0
11559,118450,60287,0
11560,66572,26974,0
11561,153354,108900,0
11562,142348,64736,0
11563,40431,125848,0
11564,105338,84405,0
11565,21379,39506,0
11566,79858,81479,0
11567,108167,151873,0
11568,149174,16866,0
11569,2653,149314,0
11570,91135,73785,0
11571,109092,26175,0
11572,13016,90074,0
11573,2064,140603,0
11574,144088,121393,0
11575,83783,143789,0
11576,5916,7444,0
11577,23678,68482,0
11578,31656,126148,0
11579,38624,3361,0
11580,111373,13603,0
11581,106801,106646,0
11582,53504,105667,0
11583,30666,60081,0
11584,41755,53161,0
11585,99117,81064,0
11586,77657,53867,0
11587,113564,40382,0
11588,82472,151724,0
11589,76641,6413,0
11590,150309,64227,0
11591,9168,5398,0
11592,154984,27774,0
11593,50737,153346,0
11594,144304,66834,0
11595,19870,10977,0
11596,29379,147680,0
11597,128002,84377,0
11598,65767,129977,0
11599,29462,28436,0
11600,126611,151543,0
11601,47897,57783,0
11602,57110,132229,0
11603,32470,41749,0
11604,6303,101000,0
11605,104462,118065,0
11606,19142,73319,0
11607,9068,68056,0
11608,25445,58843,0
11609,20194,87575,0
11610,6172,53793,0
11611,154308,50583,0
11612,135515,72610,0
11613,84862,54750,0
11614,100898,139479,0
11615,50409,147537,0
11616,1028,3396,0
11617,108990,105402,0
11618,110933,147238,0
11619,148759,130643,0
11620,11703,62690,0
11621,91364,145866,0
11622,85508,59517,0
11623,59582,87209,0
11624,25386,152923,0
11625,99247,151898,0
11626,41124,19155,0
11627,41459,23958,0
11628,132765,115873,0
11629,115576,134516,0
11630,145577,92034,0
11631,97763,9722,0
11632,94591,127913,0
11633,29766,88742,0
11634,48094,117814,0
11635,74046,21271,0
11636,99022,136168,0
11637,124294,93730,0
11638,154680,129162,0
11639,4167,41005,0
11640,1438,105914,0
11641,12816,114894,0
11642,52741,71865,0
11643,99960,66568,0
11644,24001,53151,0
11645,74462,45618,0
11646,76146,132331,0
11647,148816,50944,0
11648,14779,57238,0
11649,76723,133902,0
11650,103878,44514,0
11651,53571,88385,0
11652,154167,131757,0
11653,2771,35142,0
11654,43199,67358,0
11655,110890,68652,0
11656,61280,148929,0
11657,31812,32193,0
11658,65099,39669,0
11659,52006,49266,0
11660,17604,23985,0
11661,140847,77740,0
11662,82552,117772,0
11663,150294,34449,0
11664,70640,100364,0
11665,27711,20943,0
11666,98224,144577,0
11667,142275,105343,0
11668,69812,52093,0
11669,6058,82109,0
11670,6219,87297,0
11671,52297,125000,0
11672,20615,137304,0
11673,108413,98022,0
11674,91756,140282,0
11675,100099,124644,0
11676,113599,13847,0
11677,33220,6690,0
11678,2137,123214,0
11679,4462,141920,0
11680,153108,133779,0
11681,111967,115768,0
11682,18259,40335,0
11683,76172,70475,0
11684,88314,80984,0
11685,5197,87826,0
11686,13213,1567,0
11687,72300,88396,0
11688,58316,93312,0
11689,121464,54003,0
11690,150043,59,0
11691,97750,28259,0
11692,65288,117588,0
11693,107077,47039,0
11694,138894,41226,0
11695,6678,36103,0
11696,79413,89268,0
11697,13870,61520,0
11698,117157,119559,0
11699,31012,13085,0
11700,111628,79695,0
11701,136384,34680,0
11702,88793,1317,0
11703,60817,139781,0
11704,118498,148158,0
11705,154823,56174,0
11706,93382,18513,0
11707,70280,52768,0
11708,54444,77089,0
11709,9024,70286,0
11710,153951,25078,0
11711,84031,151305,0
11712,102095,93248,0
11713,98868,67982,0
11714,59921,141385,0
11715,1225,121727,0
11716,148691,94410,0
11717,51292,8208,0
11718,92272,18335,0
11719,47768,102844,0
11720,29391,66991,0
11721,46631,3559,0
11722,97694,109546,0
11723,25509,137640,0
11724,19725,59880,0
11725,103687,37313,0
11726,56358,147176,0
11727,90580,147438,0
11728,130166,142308,0
11729,44332,26261,0
11730,23936,75125,0
11731,63461,86561,0
11732,13541,110944,0
11733,149961,39158,0
11734,19201,186,0
11735,112078,88502,0
11736,139902,98414,0
11737,57151,150264,0
11738,131005,108073,0
11739,79985,83267,0
11740,82344,59831,0
11741,142273,117485,0
11742,136974,50326,0
11743,63981,1610,0
11744,84415,1350,0
11745,53731,102995,0
11746,141293,56811,0
11747,62793,140275,0
11748,78176,47164,0
11749,133378,5019,0
11750,16669,123028,0
11751,52398,10336,0
11752,63352,58670,0
11753,87564,25676,0
11754,120312,127200,0
11755,139180,133743,0
11756,36531,109791,0
11757,57012,84419,0
11758,52124,15060,0
11759,87022,141024,0
11760,56823,127840,0
11761,73290,33089,0
11762,104932,104621,0
11763,41011,24000,0
11764,139270,81195,0
11765,120748,112320,0
11766,50272,41603,0
11767,16560,61241,0
11768,1004,63723,0
11769,34877,11383,0
11770,145181,138419,0
11771,64993,64430,0
11772,132705,68250,0
11773,99275,6022,0
11774,80708,118905,0
11775,99440,31240,0
11776,107142,17430,0
11777,118993,31792,0
11778,119405,149277,0
11779,126812,75347,0
11780,34754,88193,0
11781,94918,109386,0
11782,40362,51904,0
11783,128751,5076,0
11784,38655,48671,0
11785,50989,35709,0
11786,37981,39274,0
11787,154466,17241,0
11788,57588,14742,0
11789,71222,124267,0
11790,66362,146029,0
11791,148718,122158,0
11792,69887,140843,0
11793,58806,27083,0
11794,122988,51595,0
11795,22510,142577,0
11796,89440,119348,0
11797,143173,141617,0
11798,39997,65441,0
11799,145473,51578,0
11800,141454,56940,0
11801,152174,48636,0
11802,85136,110676,0
11803,22228,22715,0
11804,93134,46090,0
11805,50005,145564,0
11806,32360,56892,0
11807,127279,131495,0
11808,50261,21585,0
11809,112650,148215,0
11810,64373,116940,0
11811,3869,31424,0
11812,92364,89237,0
11813,142392,142891,0
11814,44581,150572,0
11815,54109,26819,0
11816,67358,30645,0
11817,150004,54124,0
11818,28308,57888,0
11819,53240,60461,0
11820,133816,90736,0
11821,23290,100370,0
11822,66088,140594,0
11823,51265,75529,0
11824,33488,153552,0
11825,57173,3976,0
11826,105547,17067,0
11827,51267,26404,0
11828,95091,87233,0
11829,69341,58311,0
11830,72069,114985,0
11831,120419,154910,0
11832,4839,140542,0
11833,27195,65193,0
11834,91726,52733,0
11835,85727,95574,0
11836,29313,44973,0
11837,145674,58863,0
11838,45885,74741,0
11839,64704,68633,0
11840,98853,66598,0
11841,83688,112646,0
11842,108633,80772,0
11843,151007,81593,0
11844,9040,133131,0
11845,58858,25408,0
11846,117285,61474,0
11847,35351,98916,0
11848,97158,130325,0
11849,41641,121171,0
11850,66563,26155,0
11851,833,54697,0
11852,4352,144112,0
11853,6761,143002,0
11854,36026,122001,0
11855,132829,15743,0
11856,113615,120322,0
11857,147002,93870,0
11858,165,21385,0
11859,25088,45705,0
11860,110251,19194,0
11861,13849,46668,0
11862,51509,130381,0
11863,94229,93438,0
11864,17934,44090,0
11865,16049,139584,0
11866,69481,24879,0
11867,92422,137880,0
11868,12836,86404,0
11869,123775,119231,0
11870,30115,50591,0
11871,124119,456,0
11872,148450,23572,0
11873,58007,17834,0
11874,61649,136941,0
11875,63800,114177,0
11876,48669,42941,0
11877,154321,32169,0
11878,83019,37996,0
11879,40463,27902,0
11880,5565,48790,0
11881,85709,28660,0
11882,79648,94739,0
11883,58855,59089,0
11884,94086,37758,0
11885,44750,16722,0
11886,64355,134729,0
11887,106888,35000,0
11888,59288,138435,0
11889,16903,124438,0
11890,137849,61259,0
11891,60650,55359,0
11892,145865,63665,0
11893,5378,80042,0
11894,21348,34422,0
11895,144201,125731,0
11896,130076,109591,0
11897,3930,144279,0
11898,5244,15460,0
11899,127815,116035,0
11900,105519,9297,0
11901,15693,44280,0
11902,137866,29466,0
11903,68565,10163,0
11904,12387,6160,0
11905,116266,55310,0
11906,38391,116275,0
11907,5353,15739,0
11908,110293,103168,0
11909,146501,129261,0
11910,79461,95847,0
11911,36208,55453,0
11912,81205,143681,0
11913,124954,56464,0
11914,5649,44176,0
11915,128985,42871,0
11916,76919,108273,0
11917,86836,68875,0
11918,154025,41264,0
11919,58078,65108,0
11920,23308,27412,0
11921,115390,93948,0
11922,143090,23401,0
11923,48927,48116,0
11924,84592,94868,0
11925,3098,103743,0
11926,142033,150407,0
11927,48,37275,0
11928,105344,51008,0
11929,23281,70260,0
11930,128746,19430,0
11931,19267,76885,0
11932,37552,70474,0
11933,44141,56087,0
11934,53363,77008,0
11935,151279,155042,0
11936,46876,62813,0
11937,82664,39608,0
11938,99709,57861,0
11939,106811,150764,0
11940,19581,126132,0
11941,38334,13302,0
11942,6181,58551,0
11943,107113,126631,0
11944,123639,104106,0
11945,119946,116482,0
11946,43735,121030,0
11947,113206,154025,0
11948,103367,108363,0
11949,92752,15408,0
11950,134476,34376,0
11951,99958,140116,0
11952,84975,16733,0
11953,100329,111547,0
11954,69784,90301,0
11955,36233,3829,0
11956,78119,23973,0
11957,89145,25826,0
11958,142676,133637,0
11959,50243,28369,0
11960,137647,1909,0
11961,76726,152648,0
11962,119149,153250,0
11963,355,65097,0
11964,97566,89325,0
11965,17084,89554,0
11966,79438,79096,0
11967,14223,118159,0
11968,135793,152647,0
11969,99085,84146,0
11970,93130,107615,0
11971,82660,11488,0
11972,37584,100851,0
11973,72762,19824,0
11974,98832,54792,0
11975,14427,22106,0
11976,38033,73688,0
11977,128649,80322,0
11978,85953,99315,0
11979,82599,67908,0
11980,58616,60358,0
11981,149557,33789,0
11982,122,30183,0
11983,49454,8722,0
11984,61923,7249,0
11985,49375,87000,0
11986,95889,72988,0
11987,31780,54835,0
11988,41229,83611,0
11989,136510,85945,0
11990,137987,153036,0
11991,62191,97429,0
11992,53706,80859,0
11993,22905,127324,0
11994,154581,58880,0
11995,48171,58845,0
11996,114258,70826,0
11997,66693,22441,0
11998,134276,39998,0
11999,83225,88849,0
12000,18933,49764,0
12001,127405,115588,0
12002,113010,25427,0
12003,70190,147754,0
12004,36751,116068,0
12005,59997,21332,0
12006,48906,107577,0
12007,23574,11585,0
12008,106700,14705,0
12009,134714,150379,0
12010,5329,46898,0
12011,7333,51748,0
12012,109740,153594,0
12013,12471,59357,0
12014,125306,50534,0
12015,145005,105778,0
12016,149724,132562,0
12017,39603,102682,0
12018,400,101075,0
12019,51924,11498,0
12020,107690,152694,0
12021,22727,120212,0
12022,77769,141041,0
12023,116676,53331,0
12024,74207,1979,0
12025,142924,321,0
12026,136830,102531,0
12027,123841,152232,0
12028,28219,45217,0
12029,146389,141306,0
12030,60447,67162,0
12031,117680,14690,0
12032,93491,96428,0
12033,118699,142158,0
12034,95584,34628,0
12035,116709,114874,0
12036,36947,7950,0
12037,14878,36756,0
12038,5024,77994,0
12039,64069,57027,0
12040,37233,23324,0
12041,118810,140945,0
12042,47590,4931,0
12043,42678,76190,0
12044,57391,8447,0
12045,7912,33362,0
12046,99212,39449,0
12047,14583,79311,0
12048,45891,74144,0
12049,101646,98273,0
12050,53817,140280,0
12051,135695,134946,0
12052,109654,122863,0
12053,112879,112161,0
12054,27956,69082,0
12055,122617,38436,0
12056,124460,66036,0
12057,33302,40305,0
12058,76614,18881,0
12059,53583,84630,0
12060,45647,116720,0
12061,108630,131777,0
12062,115869,87788,0
12063,100178,103277,0
12064,96941,103171,0
12065,143705,9799,0
12066,43409,148174,0
12067,134848,154713,0
12068,84747,78149,0
12069,115059,139788,0
12070,58325,99902,0
12071,72788,150127,0
12072,30464,123585,0
12073,32902,124951,0
12074,117045,31289,0
12075,25341,124852,0
12076,53426,152272,0
12077,93840,71886,0
12078,39058,112876,0
12079,58020,125635,0
12080,137240,147877,0
12081,93722,28233,0
12082,14249,32225,0
12083,132791,26736,0
12084,87125,31454,0
12085,146869,67267,0
12086,77245,43583,0
12087,58099,93151,0
12088,52030,72077,0
12089,56108,25474,0
12090,40472,54538,0
12091,125324,101746,0
12092,138931,6081,0
12093,39724,98201,0
12094,102168,109436,0
12095,6546,42380,0
12096,78756,86545,0
12097,51573,125879,0
12098,90537,22453,0
12099,33081,96461,0
12100,93513,103793,0
12101,122823,81945,0
12102,84060,135317,0
12103,59738,71634,0
12104,12235,3364,0
12105,118447,49704,0
12106,69977,145021,0
12107,84213,141132,0
12108,17166,38019,0
12109,2269,85239,0
12110,22025,60377,0
12111,139331,31973,0
12112,42135,80755,0
12113,17960,68314,0
12114,17823,55023,0
12115,29225,70702,0
12116,107768,94949,0
12117,146273,69894,0
12118,12179,43495,0
12119,43286,65143,0
12120,32449,82920,0
12121,32605,36946,0
12122,151479,79035,0
12123,84591,91831,0
12124,43316,94394,0
12125,121846,61937,0
12126,111248,143782,0
12127,42843,19395,0
12128,53330,138937,0
12129,40436,113847,0
12130,102982,26366,0
12131,122809,88133,0
12132,45950,14903,0
12133,149349,110865,0
12134,73188,45228,0
12135,12082,96052,0
12136,93111,26752,0
12137,123485,120143,0
12138,126457,67792,0
12139,13299,24270,0
12140,115790,90691,0
12141,29144,101036,0
12142,153106,51394,0
12143,44151,92279,0
12144,142093,42400,0
12145,107840,30238,0
12146,68590,76540,0
12147,37903,105581,0
12148,146417,76780,0
12149,118814,141122,0
12150,21838,125757,0
12151,113176,117871,0
12152,8996,82611,0
12153,109402,51507,0
12154,149060,134833,0
12155,87558,27432,0
12156,117296,130315,0
12157,92356,51136,0
12158,58945,11751,0
12159,78115,143956,0
12160,121095,78248,0
12161,115308,140463,0
12162,61095,60533,0
12163,143154,59854,0
12164,102504,46856,0
12165,29170,33756,0
12166,17365,78566,0
12167,73800,3709,0
12168,18866,28683,0
12169,38754,2499,0
12170,43675,89839,0
12171,34854,146604,0
12172,50372,144,0
12173,134853,66456,0
12174,115397,109046,0
12175,66208,122140,0
12176,147771,33234,0
12177,76212,37670,0
12178,133606,39158,0
12179,25828,40522,0
12180,80306,60408,0
12181,17654,74649,0
12182,39685,90972,0
12183,115486,117993,0
12184,39010,108342,0
12185,127849,97145,0
12186,6455,76618,0
12187,4843,18934,0
12188,137839,11136,0
12189,99765,69256,0
12190,122477,98664,0
12191,102671,134933,0
12192,37568,57198,0
12193,78126,103283,0
12194,144780,14047,0
12195,62987,43239,0
12196,71661,106355,0
12197,79660,34465,0
12198,3834,111768,0
12199,124303,135582,0
12200,94700,2747,0
12201,67751,126962,0
12202,104441,113357,0
12203,122149,61819,0
12204,127600,22597,0
12205,47745,53166,0
12206,4794,126201,0
12207,140631,76024,0
12208,53001,104316,0
12209,146192,17933,0
12210,96469,43486,0
12211,3644,102077,0
12212,92656,103269,0
12213,5460,113839,0
12214,17928,118519,0
12215,24623,102509,0
12216,149964,99063,0
12217,28518,111160,0
12218,129469,115656,0
12219,117780,154301,0
12220,72925,102150,0
12221,123346,90547,0
12222,68317,103343,0
12223,86897,130216,0
12224,123113,127912,0
12225,82347,31146,0
12226,42282,33357,0
12227,63172,64932,0
12228,39618,51533,0
12229,92155,87358,0
12230,17454,44081,0
12231,131344,85712,0
12232,49749,113451,0
12233,73700,61556,0
12234,124643,76681,0
12235,118188,131029,0
12236,93229,90740,0
12237,28844,86955,0
12238,82773,19968,0
12239,69024,61434,0
12240,8591,152186,0
12241,93016,126393,0
12242,33546,142827,0
12243,12406,118554,0
12244,19060,134354,0
12245,33275,87947,0
12246,145293,73940,0
12247,104819,147981,0
12248,134187,38695,0
12249,34931,116133,0
12250,45519,126432,0
12251,142317,146335,0
12252,153840,92710,0
12253,20464,79892,0
12254,5362,32776,0
12255,15196,22151,0
12256,36293,100688,0
12257,149278,130008,0
12258,132325,83234,0
12259,118498,20294,0
12260,93262,11044,0
12261,34568,115476,0
12262,35866,9533,0
12263,25581,145660,0
12264,44998,131441,0
12265,60182,100429,0
12266,63020,20962,0
12267,110344,141282,0
12268,109866,143218,0
12269,138929,42168,0
12270,17998,149848,0
12271,30180,128956,0
12272,5970,48773,0
12273,104077,134387,0
12274,73577,51045,0
12275,88801,104000,0
12276,99476,139009,0
12277,21435,127239,0
12278,44944,83014,0
12279,144072,56861,0
12280,91971,134090,0
12281,62822,48639,0
12282,120736,28056,0
12283,125674,107302,0
12284,151442,124215,0
12285,83969,34226,0
12286,114453,50086,0
12287,60972,33603,0
12288,35125,110936,0
12289,134997,125486,0
12290,132689,136752,0
12291,118394,110002,0
12292,85641,144224,0
12293,100331,71486,0
12294,103684,109057,0
12295,17059,15019,0
12296,43273,84271,0
12297,72047,20884,0
12298,37900,130781,0
12299,128510,138168,0
12300,115183,48092,0
12301,128858,74650,0
12302,60233,63340,0
12303,121604,121188,0
12304,57617,65250,0
12305,136418,60005,0
12306,119521,42912,0
12307,57274,83171,0
12308,75091,142478,0
12309,37737,79232,0
12310,82805,117388,0
12311,1223,81784,0
12312,6185,121167,0
12313,20849,28224,0
12314,74830,127134,0
12315,118105,21701,0
12316,27986,72115,0
12317,20062,144881,0
12318,131817,64798,0
12319,117351,38208,0
12320,4165,7588,0
12321,57637,93487,0
12322,140730,35595,0
12323,92600,23499,0
12324,63417,48265,0
12325,80307,57902,0
12326,128242,85294,0
12327,64714,118123,0
12328,134322,9965,0
12329,28081,133886,0
12330,84402,108201,0
12331,125606,106885,0
12332,58053,148897,0
12333,11235,133283,0
12334,261,20167,0
12335,149168,49755,0
12336,100881,107928,0
12337,106270,133584,0
12338,72732,86323,0
12339,57047,15160,0
12340,45060,11298,0
12341,54866,10291,0
12342,66185,97706,0
12343,115724,135971,0
12344,132494,52787,0
12345,68828,5946,0
12346,106732,47428,0
12347,88692,100109,0
12348,63367,140972,0
12349,24659,103689,0
12350,107442,138756,0
12351,27230,55706,0
12352,26296,19509,0
12353,54428,106017,0
12354,3735,90356,0
12355,95247,20952,0
12356,110537,13317,0
12357,148749,77822,0
12358,6551,58008,0
12359,132537,21301,0
12360,69469,23111,0
12361,69990,114225,0
12362,2405,152198,0
12363,93543,75190,0
12364,112225,143975,0
12365,143235,139926,0
12366,151175,16963,0
12367,148839,97527,0
12368,3528,62979,0
12369,87856,17169,0
12370,32100,20582,0
12371,127835,148911,0
12372,129101,99498,0
12373,103781,15559,0
12374,154174,133752,0
12375,148922,136658,0
12376,48763,146631,0
12377,110286,79665,0
12378,21553,10420,0
12379,34988,151434,0
12380,66351,62637,0
12381,45397,143157,0
12382,46098,9903,0
12383,71882,408,0
12384,8514,109008,0
12385,98276,79252,0
12386,122205,103639,0
12387,61956,152148,0
12388,142802,35179,0
12389,38108,68869,0
12390,30153,8141,0
12391,122017,58118,0
12392,58701,141334,0
12393,148044,28644,0
12394,98310,129721,0
12395,72989,117165,0
12396,14045,39912,0
12397,52116,106561,0
12398,155156,131515,0
12399,150987,33531,0
12400,29602,12451,0
12401,137943,144523,0
12402,333,28043,0
12403,130380,103324,0
12404,110833,65142,0
12405,134054,97185,0
12406,68120,22145,0
12407,134361,16312,0
12408,84601,41643,0
12409,6951,122785,0
12410,44029,53465,0
12411,54491,39599,0
12412,46508,25860,0
12413,102158,151977,0
12414,132605,154750,0
12415,47161,94162,0
12416,43465,31310,0
12417,82136,151278,0
12418,11177,41478,0
12419,99481,56836,0
12420,4497,7448,0
12421,40336,114197,0
12422,153201,16285,0
12423,114585,91592,0
12424,86477,112561,0
12425,97208,135467,0
12426,25962,121618,0
12427,1489,147766,0
12428,122050,145935,0
12429,99879,22692,0
12430,49183,82632,0
12431,46037,25384,0
12432,43346,144782,0
12433,32072,139187,0
12434,91114,12165,0
12435,146298,59922,0
12436,31083,85204,0
12437,81802,18667,0
12438,3501,143292,0
12439,31563,100557,0
12440,62376,122508,0
12441,9160,62873,0
12442,62013,132548,0
12443,46208,129780,0
12444,12923,51949,0
12445,143227,13987,0
12446,80296,68233,0
12447,126381,24092,0
12448,86600,151681,0
12449,138339,10535,0
12450,115257,142532,0
12451,92246,18544,0
12452,69,73540,0
12453,38125,30773,0
12454,106130,147357,0
12455,57248,14276,0
12456,130248,91622,0
12457,19738,80252,0
12458,7572,67582,0
12459,49604,10981,0
12460,27844,5422,0
12461,30205,96971,0
12462,46402,26710,0
12463,60285,123917,0
12464,124210,23254,0
12465,109413,102229,0
12466,51210,6153,0
12467,113566,61170,0
12468,129491,94986,0
12469,98630,90837,0
12470,139277,33943,0
12471,151157,6097,0
12472,132027,3122,0
12473,57256,51217,0
12474,57870,126314,0
12475,70633,101131,0
12476,82821,96276,0
12477,152001,89272,0
12478,7809,43051,0
12479,63565,14237,0
12480,97333,140819,0
12481,54545,27045,0
12482,86387,64722,0
12483,53019,38337,0
12484,114618,76664,0
12485,18255,7259,0
12486,112567,17338,0
12487,124095,143350,0
12488,109732,76324,0
12489,16511,51440,0
12490,103278,51756,0
12491,30360,34118,0
12492,67557,56171,0
12493,144983,147312,0
12494,100302,5371,0
12495,14485,23829,0
12496,82806,14379,0
12497,105316,112696,0
12498,136188,143676,0
12499,39342,144253,0
12500,41639,36455,0
12501,40117,22674,0
12502,6707,83667,0
12503,75437,114155,0
12504,18358,128084,0
12505,57189,150287,0
12506,137094,20673,0
12507,14852,152481,0
12508,4567,39101,0
12509,42401,4853,0
12510,135074,80377,0
12511,78489,21297,0
12512,25316,70608,0
12513,8732,54964,0
12514,81556,141725,0
12515,10162,133795,0
12516,135629,52171,0
12517,26098,11118,0
12518,39677,9857,0
12519,116830,123645,0
12520,75456,122856,0
12521,75251,98293,0
12522,125579,106982,0
12523,20320,57835,0
12524,84556,54037,0
12525,3525,37328,0
12526,116579,143321,0
12527,105715,36860,0
12528,113179,131329,0
12529,121875,145548,0
12530,117490,76166,0
12531,99772,66876,0
12532,30249,73015,0
12533,3008,141593,0
12534,87864,117092,0
12535,52002,5347,0
12536,7420,23415,0
12537,46719,50911,0
12538,64606,110161,0
12539,12008,109192,0
12540,18897,85425,0
12541,129201,152065,0
12542,92346,93361,0
12543,78203,149682,0
12544,143183,47363,0
12545,80412,108002,0
12546,86378,108419,0
12547,31706,124801,0
12548,6452,20615,0
12549,7362,101602,0
12550,123325,137846,0
12551,11344,42557,0
12552,123960,69749,0
12553,85619,143688,0
12554,5758,62832,0
12555,149621,96352,0
12556,64164,144879,0
12557,110807,96885,0
12558,153253,102506,0
12559,36872,67592,0
12560,72737,57536,0
12561,104181,114375,0
12562,127942,56248,0
12563,58315,152729,0
12564,15545,72474,0
12565,17695,100364,0
12566,133327,16789,0
12567,31435,83911,0
12568,116706,753,0
12569,5341,47833,0
12570,136432,71402,0
12571,121163,61259,0
12572,120398,44814,0
12573,121004,75099,0
12574,32636,56305,0
12575,65119,17907,0
12576,132143,141121,0
12577,120145,143394,0
12578,32111,108853,0
12579,48144,144947,0
12580,101208,23981,0
12581,136194,33542,0
12582,78799,102199,0
12583,133327,9088,0
12584,152664,53622,0
12585,92658,107423,0
12586,138180,13324,0
12587,121476,49747,0
12588,149161,129041,0
12589,1791,1556,0
12590,10846,73224,0
12591,149974,201,0
12592,112267,77654,0
12593,24279,145776,0
12594,6203,40689,0
12595,154421,105139,0
12596,96282,93922,0
12597,40014,52770,0
12598,140392,154866,0
12599,76932,116054,0
12600,107937,123175,0
12601,76181,108711,0
12602,103892,29389,0
12603,37716,94892,0
12604,76750,27604,0
12605,79916,117231,0
12606,55064,145345,0
12607,151686,117916,0
12608,113370,39362,0
12609,81057,146954,0
12610,93678,154702,0
12611,78854,53732,0
12612,43404,131421,0
12613,138367,94582,0
12614,116348,151495,0
12615,12566,54975,0
12616,29052,39782,0
12617,69013,68238,0
12618,85619,128475,0
12619,31501,118543,0
12620,91561,93105,0
12621,109342,106501,0
12622,87624,99858,0
12623,112092,130850,0
12624,100293,108909,0
12625,103615,519,0
12626,60376,5820,0
12627,152378,33391,0
12628,125520,552,0
12629,147343,31680,0
12630,55804,52209,0
12631,35460,74641,0
12632,103341,143883,0
12633,86730,1569,0
12634,22669,116847,0
12635,87176,61892,0
12636,91686,40274,0
12637,45208,82387,0
12638,89070,53230,0
12639,113082,82697,0
12640,37181,46721,0
12641,89494,11031,0
12642,148515,105337,0
12643,106185,116093,0
12644,61794,137978,0
12645,106920,100001,0
12646,98754,78962,0
12647,75494,6274,0
12648,11759,72294,0
12649,142036,95418,0
12650,107588,82381,0
12651,89222,23507,0
12652,26886,130747,0
12653,64163,94529,0
12654,41540,3031,0
12655,46116,49050,0
12656,10470,102949,0
12657,72718,104921,0
12658,105099,44201,0
12659,2265,4399,0
12660,117548,134523,0
12661,113940,41823,0
12662,137231,4627,0
12663,31979,65011,0
12664,17640,96950,0
12665,139551,36787,0
12666,152893,77966,0
12667,101913,44327,0
12668,92373,142518,0
12669,2530,81349,0
12670,97662,106556,0
12671,61870,60163,0
12672,2866,144229,0
12673,104282,100791,0
12674,88586,119658,0
12675,85396,75975,0
12676,74217,44766,0
12677,135139,139702,0
12678,21846,89950,0
12679,23897,46200,0
12680,134291,45430,0
12681,55973,65260,0
12682,96328,23062,0
12683,58145,87861,0
12684,99193,63575,0
12685,25330,28830,0
12686,50851,31909,0
12687,33020,23780,0
12688,135599,103547,0
12689,119382,16894,0
12690,111929,80839,0
12691,118023,106014,0
12692,58180,86980,0
12693,29874,21783,0
12694,134669,69803,0
12695,138384,92902,0
12696,5395,131931,0
12697,136846,40375,0
12698,62447,56096,0
12699,115091,102300,0
12700,90719,53660,0
12701,141063,8259,0
12702,24485,1544,0
12703,24883,153328,0
12704,89603,149380,0
12705,96268,121301,0
12706,141692,117400,0
12707,73000,143857,0
12708,99455,98077,0
12709,52830,129443,0
12710,111293,14246,0
12711,27909,123174,0
12712,133118,42279,0
12713,82472,109848,0
12714,78133,64804,0
12715,27721,83668,0
12716,1861,112240,0
12717,105255,149184,0
12718,142681,28539,0
12719,19229,112339,0
12720,62496,5580,0
12721,108048,94306,0
12722,88064,48802,0
12723,124304,76632,0
12724,56740,153684,0
12725,120490,95459,0
12726,2508,80123,0
12727,83214,40941,0
12728,52298,53923,0
12729,144932,155106,0
12730,19670,85582,0
12731,9361,87017,0
12732,154258,58108,0
12733,57617,114046,0
12734,26468,17423,0
12735,119736,5081,0
12736,113933,116437,0
12737,148490,136446,0
12738,85430,138453,0
12739,60940,29363,0
12740,109216,40970,0
12741,119488,72395,0
12742,45174,75631,0
12743,103370,53633,0
12744,54190,10829,0
12745,44545,63963,0
12746,115917,114166,0
12747,8045,131618,0
12748,13115,138748,0
12749,24813,53,0
12750,78165,93683,0
12751,77734,124270,0
12752,64439,144963,0
12753,136549,70276,0
12754,108507,98606,0
12755,33047,138462,0
12756,120373,150738,0
12757,46586,66029,0
12758,37222,128823,0
12759,86333,146503,0
12760,116286,152109,0
12761,25038,25980,0
12762,123498,77173,0
12763,105150,66575,0
12764,6106,21485,0
12765,43276,24811,0
12766,61267,154734,0
12767,134672,11714,0
12768,66411,128069,0
12769,93693,81775,0
12770,101224,121769,0
12771,64365,81182,0
12772,16619,106965,0
12773,44735,116414,0
12774,17322,68114,0
12775,50424,136312,0
12776,85772,63532,0
12777,53024,124059,0
12778,75514,122178,0
12779,115188,52742,0
12780,8320,105812,0
12781,37484,24373,0
12782,109154,139392,0
12783,101347,61282,0
12784,107269,31761,0
12785,130981,42664,0
12786,102346,75693,0
12787,4121,141061,0
12788,151273,116459,0
12789,83890,146261,0
12790,151833,122002,0
12791,97450,53410,0
12792,123254,120356,0
12793,106120,115346,0
12794,32461,122691,0
12795,60176,126173,0
12796,103492,147182,0
12797,144847,149871,0
12798,150039,4036,0
12799,136074,97545,0
12800,37068,25158,0
12801,34175,60450,0
12802,51226,30956,0
12803,94211,24290,0
12804,1843,101929,0
12805,124765,150761,0
12806,26448,145133,0
12807,25300,105235,0
12808,53854,15413,0
12809,103130,114310,0
12810,19577,26010,0
12811,143307,107436,0
12812,314,145138,0
12813,59215,55075,0
12814,2418,3310,0
12815,140825,83804,0
12816,93385,55984,0
12817,135368,66145,0
12818,35819,4353,0
12819,21319,17818,0
12820,61256,35515,0
12821,75874,133014,0
12822,139035,125683,0
12823,98429,22453,0
12824,142249,61052,0
12825,136000,51398,0
12826,41675,108559,0
12827,93207,135792,0
12828,62105,143156,0
12829,115385,5664,0
12830,83771,115975,0
12831,99165,152629,0
12832,76793,107092,0
12833,32051,59780,0
12834,16711,107186,0
12835,44963,19226,0
12836,89287,144093,0
12837,143122,17260,0
12838,19045,70490,0
12839,2451,101149,0
12840,40597,112635,0
12841,94336,151305,0
12842,68941,136518,0
12843,6745,155090,0
12844,139749,109674,0
12845,17350,28681,0
12846,11389,1307,0
12847,47149,31220,0
12848,79957,16221,0
12849,60069,35584,0
12850,119536,98756,0
12851,11469,103653,0
12852,5930,94241,0
12853,5113,143146,0
12854,67563,116358,0
12855,27825,112197,0
12856,112401,65973,0
12857,87564,16500,0
12858,36122,75904,0
12859,19412,76265,0
12860,121510,52716,0
12861,23603,34681,0
12862,101765,121501,0
12863,43296,74973,0
12864,71590,64442,0
12865,129107,13924,0
12866,107256,76545,0
12867,99112,121481,0
12868,42559,92349,0
12869,23068,61453,0
12870,46109,97356,0
12871,49327,24701,0
12872,65596,32892,0
12873,47177,45746,0
12874,130923,28707,0
12875,78442,149257,0
12876,20147,152672,0
12877,74913,142055,0
12878,84707,52690,0
12879,120432,58455,0
12880,120276,120521,0
12881,84693,55709,0
12882,11909,14281,0
12883,100381,35518,0
12884,55191,16540,0
12885,109475,137710,0
12886,113356,7465,0
12887,97298,136789,0
12888,124046,141691,0
12889,59247,37938,0
12890,120703,56002,0
12891,146390,109077,0
12892,110637,69864,0
12893,44516,129482,0
12894,80539,15610,0
12895,148694,4842,0
12896,23231,150365,0
12897,152136,74158,0
12898,30903,142770,0
12899,131975,6057,0
12900,38477,7309,0
12901,45767,16568,0
12902,153498,37326,0
12903,111379,119798,0
12904,26794,79216,0
12905,154271,145939,0
12906,43043,106785,0
12907,114350,22005,0
12908,154347,126418,0
12909,105136,151403,0
12910,36615,47694,0
12911,105603,100425,0
12912,30665,74725,0
12913,57931,95985,0
12914,5075,135199,0
12915,168,129962,0
12916,70840,56731,0
12917,117104,104026,0
12918,24643,93269,0
12919,145485,72623,0
12920,69635,26825,0
12921,30699,40271,0
12922,52016,24153,0
12923,4095,36987,0
12924,36563,127529,0
12925,119054,132031,0
12926,138430,67489,0
12927,36196,112182,0
12928,120300,10592,0
12929,111373,36709,0
12930,114221,35686,0
12931,137350,112010,0
12932,6928,24799,0
12933,42873,8686,0
12934,59676,90324,0
12935,52598,101959,0
12936,21411,18372,0
12937,76584,21242,0
12938,81301,96454,0
12939,120552,95231,0
12940,111669,7380,0
12941,7332,41679,0
12942,39458,3399,0
12943,5821,73059,0
12944,68933,15240,0
12945,69632,87340,0
12946,58889,44159,0
12947,106607,7216,0
12948,74924,12818,0
12949,21098,74345,0
12950,25236,29459,0
12951,37930,5859,0
12952,118476,115595,0
12953,152856,151801,0
12954,100157,112671,0
12955,44822,49761,0
12956,35673,12639,0
12957,903,103289,0
12958,146885,137801,0
12959,133989,108276,0
12960,25654,53224,0
12961,86220,95421,0
12962,124795,88825,0
12963,144256,16204,0
12964,111321,82686,0
12965,78821,128651,0
12966,144017,144778,0
12967,113711,111265,0
12968,52459,93280,0
12969,66610,73368,0
12970,108906,47456,0
12971,43338,29225,0
12972,79666,26984,0
12973,86089,44717,0
12974,74084,141778,0
12975,18616,29711,0
12976,879,80925,0
12977,91964,9311,0
12978,113732,106220,0
12979,129891,96499,0
12980,71258,105786,0
12981,20520,143608,0
12982,26778,24364,0
12983,84691,79007,0
12984,83060,111567,0
12985,13944,47727,0
12986,18919,81965,0
12987,141369,23541,0
12988,120610,71391,0
12989,22636,75760,0
12990,52424,40877,0
12991,154355,54752,0
12992,77514,110579,0
12993,147619,88999,0
12994,51421,11845,0
12995,116914,110444,0
12996,51957,53905,0
12997,137458,88460,0
12998,46256,6773,0
12999,101222,2936,0
13000,68639,66146,0
13001,95777,136980,0
13002,18328,126183,0
13003,65920,148171,0
13004,31034,133210,0
13005,99951,28904,0
13006,13167,34292,0
13007,141692,121014,0
13008,110432,88233,0
13009,46709,49865,0
13010,122038,53275,0
13011,56605,31345,0
13012,130220,93203,0
13013,135810,38056,0
13014,39155,46879,0
13015,2113,139069,0
13016,132072,41397,0
13017,140069,88709,0
13018,147528,137680,0
13019,103154,125381,0
13020,4960,153707,0
13021,73269,7006,0
13022,90591,67493,0
13023,132674,11784,0
13024,19052,115090,0
13025,84828,126637,0
13026,139564,117377,0
13027,128304,78024,0
13028,65970,57413,0
13029,94017,18882,0
13030,63278,126831,0
13031,77665,126766,0
13032,7815,101148,0
13033,30900,146334,0
13034,129478,90392,0
13035,116142,42070,0
13036,149444,83231,0
13037,46857,30982,0
13038,127007,56369,0
13039,23674,37622,0
13040,103056,149079,0
13041,46799,32744,0
13042,52016,134728,0
13043,16053,124065,0
13044,51888,49427,0
13045,136575,57108,0
13046,121649,77067,0
13047,84460,35874,0
13048,80788,8056,0
13049,57905,49717,0
13050,152017,64119,0
13051,143702,110573,0
13052,1081,151770,0
13053,113680,59938,0
13054,141675,140470,0
13055,128122,119056,0
13056,17108,122010,0
13057,63318,43237,0
13058,82918,6028,0
13059,94011,141088,0
13060,16767,51890,0
13061,45712,148487,0
13062,21536,100745,0
13063,77694,97827,0
13064,34286,76878,0
13065,73697,50181,0
13066,4865,71247,0
13067,99772,121164,0
13068,89335,71382,0
13069,154634,65744,0
13070,65047,49099,0
13071,42660,73499,0
13072,124688,115824,0
13073,139231,37215,0
13074,113060,23829,0
13075,138079,101453,0
13076,4771,76012,0
13077,80622,64505,0
13078,120771,18983,0
13079,51021,111777,0
13080,119399,12867,0
13081,153114,55508,0
13082,55991,34918,0
13083,11565,47866,0
13084,34715,5551,0
13085,125013,128044,0
13086,5667,22445,0
13087,142724,100755,0
13088,21430,101795,0
13089,139510,48768,0
13090,89471,115326,0
13091,127759,25044,0
13092,144625,15340,0
13093,135256,77366,0
13094,154581,98556,0
13095,77378,7743,0
13096,70228,75407,0
13097,146143,51825,0
13098,132774,125356,0
13099,40353,14882,0
13100,133796,249,0
13101,96751,24370,0
13102,98561,76671,0
13103,43656,142619,0
13104,49085,146405,0
13105,144321,94725,0
13106,56470,51702,0
13107,19969,76005,0
13108,29344,40332,0
13109,154411,153191,0
13110,106277,92231,0
13111,118354,139298,0
13112,87577,26730,0
13113,59767,134498,0
13114,31958,116127,0
13115,68517,143812,0
13116,57748,58732,0
13117,111971,79108,0
13118,16519,69582,0
13119,110072,21312,0
13120,120511,151598,0
13121,16357,131065,0
13122,24139,2328,0
13123,85504,17005,0
13124,107243,9271,0
13125,27118,86887,0
13126,26724,25643,0
13127,122641,46075,0
13128,33880,7800,0
13129,8522,145601,0
13130,94215,36449,0
13131,149384,115972,0
13132,5895,72279,0
13133,86143,50507,0
13134,48142,13734,0
13135,70370,60024,0
13136,14775,47762,0
13137,8698,31233,0
13138,102453,128106,0
13139,25916,94156,0
13140,121428,31217,0
13141,30101,100744,0
13142,87658,69185,0
13143,121228,144170,0
13144,85106,117164,0
13145,67635,103904,0
13146,20639,102473,0
13147,84805,123768,0
13148,103662,117514,0
13149,152974,93790,0
13150,137647,80349,0
13151,50149,54600,0
13152,127863,124922,0
13153,126543,118264,0
13154,132939,130309,0
13155,63962,125607,0
13156,60674,141481,0
13157,135563,98038,0
13158,138145,35161,0
13159,51886,54029,0
13160,36630,105297,0
13161,16954,88423,0
13162,5262,111684,0
13163,118042,52684,0
13164,82934,122405,0
13165,40077,87541,0
13166,115371,117165,0
13167,99361,13906,0
13168,87329,30121,0
13169,126567,119360,0
13170,27122,125681,0
13171,106844,52507,0
13172,78640,12068,0
13173,59076,139723,0
13174,89507,125062,0
13175,70625,8301,0
13176,74857,51727,0
13177,28898,91709,0
13178,13903,63012,0
13179,67795,28896,0
13180,125904,127692,0
13181,28388,135841,0
13182,71129,136173,0
13183,126826,13634,0
13184,40163,123371,0
13185,97395,77672,0
13186,17952,121782,0
13187,106697,2935,0
13188,9251,36557,0
13189,30395,75634,0
13190,8673,104835,0
13191,62137,29145,0
13192,41077,71087,0
13193,123902,32530,0
13194,27275,10117,0
13195,100271,112565,0
13196,7942,84884,0
13197,40404,58696,0
13198,108897,88046,0
13199,139076,50430,0
13200,132200,146449,0
13201,124930,107898,0
13202,14220,22060,0
13203,10323,107386,0
13204,129596,118642,0
13205,14177,119018,0
13206,87939,103733,0
13207,41268,18086,0
13208,134510,15830,0
13209,139504,116022,0
13210,94912,148922,0
13211,32802,153223,0
13212,46539,82649,0
13213,99841,80695,0
13214,77501,148894,0
13215,12809,140196,0
13216,149412,93809,0
13217,900,58339,0
13218,79227,8565,0
13219,7909,79185,0
13220,98608,67205,0
13221,44101,11106,0
13222,31799,88350,0
13223,4046,146437,0
13224,149234,104292,0
13225,18439,77321,0
13226,147258,118203,0
13227,130371,30745,0
13228,46860,107856,0
13229,79362,127814,0
13230,17134,133760,0
13231,75690,34360,0
13232,148621,21166,0
13233,89336,97582,0
13234,63868,113822,0
13235,104366,58992,0
13236,89738,6673,0
13237,127810,126752,0
13238,764,43002,0
13239,76209,68271,0
13240,140967,96253,0
13241,94869,61866,0
13242,50769,138676,0
13243,17285,71630,0
13244,108305,139013,0
13245,37793,110100,0
13246,74245,106012,0
13247,118242,89084,0
13248,136120,137977,0
13249,120178,112644,0
13250,10837,89987,0
13251,53239,60082,0
13252,138099,121953,0
13253,2845,79522,0
13254,58920,14354,0
13255,135503,142350,0
13256,102649,88106,0
13257,2913,116311,0
13258,147041,150152,0
13259,28610,112316,0
13260,104600,11444,0
13261,1785,53565,0
13262,131045,90237,0
13263,11047,8575,0
13264,75894,90407,0
13265,51074,127242,0
13266,84107,138051,0
13267,29014,144394,0
13268,82321,7345,0
13269,141809,59179,0
13270,79064,14075,0
13271,113842,146945,0
13272,45935,115074,0
13273,100178,98750,0
13274,145390,19995,0
13275,129804,106543,0
13276,92814,54331,0
13277,27689,56243,0
13278,22868,118584,0
13279,13025,43479,0
13280,100951,10623,0
13281,43979,64450,0
13282,99372,13250,0
13283,53964,86290,0
13284,62588,128233,0
13285,110721,87566,0
13286,23766,101122,0
13287,46973,112703,0
13288,82719,50438,0
13289,82713,110572,0
13290,104387,77535,0
13291,83934,16343,0
13292,32611,129366,0
13293,78319,32700,0
13294,115452,99379,0
13295,29493,132430,0
13296,57281,25126,0
13297,138055,60374,0
13298,10826,116179,0
13299,77241,119860,0
13300,90359,4966,0
13301,98276,13277,0
13302,50064,154325,0
13303,80948,146871,0
13304,87817,135780,0
13305,114469,41267,0
13306,112608,45516,0
13307,90653,16541,0
13308,133270,20977,0
13309,49943,30137,0
13310,152474,113497,0
13311,61996,49619,0
13312,84764,154300,0
13313,105611,41922,0
13314,31211,35757,0
13315,46251,80062,0
13316,96268,68764,0
13317,6608,96527,0
13318,101753,148514,0
13319,130056,3912,0
13320,15279,130486,0
13321,150028,15852,0
13322,37903,115771,0
13323,39432,9229,0
13324,5944,114057,0
13325,57040,151377,0
13326,40499,117173,0
13327,52411,12080,0
13328,80571,100303,0
13329,108783,88554,0
13330,106325,16339,0
13331,51661,81321,0
13332,83167,15134,0
13333,107606,64392,0
13334,35520,124365,0
13335,8759,92905,0
13336,85638,121382,0
13337,118356,131025,0
13338,134763,116111,0
13339,32964,22045,0
13340,146800,38646,0
13341,142260,28405,0
13342,54954,51325,0
13343,118970,98288,0
13344,54197,75347,0
13345,61947,102614,0
13346,75445,44208,0
13347,9380,86168,0
13348,33880,32993,0
13349,83110,150956,0
13350,45456,67419,0
13351,77989,82676,0
13352,90462,8158,0
13353,52145,20049,0
13354,49397,121688,0
13355,54923,81044,0
13356,48934,62236,0
13357,16486,19036,0
13358,133235,111106,0
13359,35233,107434,0
13360,73553,67723,0
13361,62664,19924,0
13362,19669,111493,0
13363,95773,108144,0
13364,144329,80939,0
13365,146635,6824,0
13366,142126,47430,0
13367,120085,20245,0
13368,148697,101718,0
13369,105785,152750,0
13370,4034,50889,0
13371,65714,53831,0
13372,63168,104448,0
13373,90609,66590,0
13374,81613,19817,0
13375,37714,39757,0
13376,30585,124144,0
13377,58550,107054,0
13378,63489,128714,0
13379,100396,116414,0
13380,25604,76237,0
13381,100857,87083,0
13382,140934,133799,0
13383,78500,63312,0
13384,36513,107291,0
13385,24767,12502,0
13386,42776,2385,0
13387,57325,4878,0
13388,94561,52270,0
13389,12514,47898,0
13390,140768,138223,0
13391,93672,46483,0
13392,75073,76625,0
13393,42051,143044,0
13394,98914,50079,0
13395,113526,10921,0
13396,6909,106803,0
13397,37541,133600,0
13398,49887,124035,0
13399,5495,75337,0
13400,148925,38601,0
13401,67652,148773,0
13402,112321,32855,0
13403,146549,6621,0
13404,74715,83577,0
13405,47996,43516,0
13406,70422,136672,0
13407,35667,119290,0
13408,10720,37221,0
13409,42135,30832,0
13410,144054,80694,0
13411,8213,124990,0
13412,116309,42614,0
13413,128007,81886,0
13414,3961,44051,0
13415,146772,361,0
13416,144226,72816,0
13417,139086,78140,0
13418,62572,140792,0
13419,139932,28461,0
13420,14180,22783,0
13421,80067,131135,0
13422,26135,120171,0
13423,111183,100699,0
13424,66524,15902,0
13425,95302,124497,0
13426,49377,127608,0
13427,62585,24872,0
13428,10123,18791,0
13429,8433,9715,0
13430,139954,21364,0
13431,89075,15314,0
13432,29874,129117,0
13433,40962,62178,0
13434,17728,103771,0
13435,93345,133519,0
13436,74363,139703,0
13437,8546,73397,0
13438,137092,44640,0
13439,123409,150383,0
13440,130454,30281,0
13441,14242,78973,0
13442,138357,106669,0
13443,11194,15824,0
13444,136503,5960,0
13445,123460,134161,0
13446,109886,150559,0
13447,9303,92900,0
13448,2952,45081,0
13449,117280,134226,0
13450,62782,45735,0
13451,110278,123544,0
13452,48490,77640,0
13453,29329,124889,0
13454,74117,85812,0
13455,148269,69222,0
13456,150101,126040,0
13457,69901,84512,0
13458,124367,41377,0
13459,17413,78234,0
13460,29985,87032,0
13461,73623,70651,0
13462,3719,65876,0
13463,80883,46283,0
13464,125532,98560,0
13465,64650,40830,0
13466,141063,16612,0
13467,29634,10788,0
13468,77255,88714,0
13469,40526,71834,0
13470,23543,22161,0
13471,3582,24193,0
13472,20271,69237,0
13473,123298,88350,0
13474,91964,74464,0
13475,129600,76953,0
13476,113587,95463,0
13477,75332,142217,0
13478,137025,79332,0
13479,105528,16431,0
13480,54494,11823,0
13481,46268,55750,0
13482,12656,113828,0
13483,150655,146849,0
13484,2269,137882,0
13485,99725,147450,0
13486,92229,131781,0
13487,3547,80054,0
13488,97820,48981,0
13489,46568,33984,0
13490,19655,37246,0
13491,151462,6138,0
13492,133032,60594,0
13493,148422,121110,0
13494,17538,63632,0
13495,120555,57500,0
13496,103847,9465,0
13497,149275,2470,0
13498,93984,148284,0
13499,132586,7840,0
13500,18876,141023,0
13501,50698,96606,0
13502,67933,19171,0
13503,138611,153742,0
13504,49006,87798,0
13505,152883,5985,0
13506,108348,100745,0
13507,144142,35156,0
13508,46705,9521,0
13509,80744,59354,0
13510,86296,115064,0
13511,134278,130443,0
13512,14180,36546,0
13513,67074,23819,0
13514,7234,101583,0
13515,85405,2392,0
13516,59577,148649,0
13517,25390,96408,0
13518,115004,148021,0
13519,63861,104506,0
13520,92732,100028,0
13521,81008,124792,0
13522,77705,26039,0
13523,144232,127589,0
13524,55285,49174,0
13525,117869,97528,0
13526,153325,14564,0
13527,12000,142369,0
13528,147288,101211,0
13529,78360,42483,0
13530,142545,83437,0
13531,60217,13356,0
13532,94133,11664,0
13533,105214,77787,0
13534,24538,49917,0
13535,30350,96825,0
13536,70517,123972,0
13537,50892,106937,0
13538,52417,92481,0
13539,38347,32371,0
13540,142989,63385,0
13541,72268,104465,0
13542,27654,101808,0
13543,75577,67491,0
13544,112415,10562,0
13545,88407,26419,0
13546,14552,144290,0
13547,41720,85674,0
13548,89466,39624,0
13549,89086,119207,0
13550,65370,8800,0
13551,130843,136334,0
13552,7518,122234,0
13553,62590,10320,0
13554,2374,88901,0
13555,37976,48178,0
13556,135237,67364,0
13557,40020,145032,0
13558,31101,64054,0
13559,130661,103750,0
13560,120111,59502,0
13561,11326,87093,0
13562,103975,42574,0
13563,11709,91846,0
13564,154124,70901,0
13565,96426,25511,0
13566,46681,91734,0
13567,106185,132081,0
13568,85743,142701,0
13569,123115,100926,0
13570,60997,73336,0
13571,55387,86015,0
13572,93886,126077,0
13573,16699,31725,0
13574,96319,126366,0
13575,63884,83467,0
13576,70735,148421,0
13577,29798,112240,0
13578,24719,109239,0
13579,37226,3740,0
13580,131061,72453,0
13581,33567,131715,0
13582,87299,55830,0
13583,25296,61615,0
13584,51070,50623,0
13585,21916,36477,0
13586,8540,42238,0
13587,101589,102869,0
13588,84199,105554,0
13589,5382,136856,0
13590,149528,36899,0
13591,48686,135081,0
13592,67508,94549,0
13593,48523,123293,0
13594,64958,58705,0
13595,135946,34731,0
13596,153122,149159,0
13597,70352,35977,0
13598,139732,128020,0
13599,57862,68445,0
13600,114823,88180,0
13601,119791,53977,0
13602,8018,75136,0
13603,104460,50636,0
13604,46897,77302,0
13605,1870,103559,0
13606,70185,69733,0
13607,110182,39991,0
13608,129332,149044,0
13609,43532,55581,0
13610,121163,91326,0
13611,151806,84293,0
13612,123573,95913,0
13613,91600,63835,0
13614,116427,59043,0
13615,146181,941,0
13616,7191,3405,0
13617,90318,94878,0
13618,61095,117323,0
13619,120873,2455,0
13620,141693,45406,0
13621,83893,145318,0
13622,2542,109615,0
13623,134511,59235,0
13624,137057,108948,0
13625,52314,132701,0
13626,82176,6049,0
13627,124712,2375,0
13628,61291,134974,0
13629,132464,110595,0
13630,60092,34956,0
13631,44316,40084,0
13632,153129,96555,0
13633,18371,78674,0
13634,30156,26562,0
13635,35463,40402,0
13636,21838,131197,0
13637,89228,33470,0
13638,35139,107083,0
13639,107761,125321,0
13640,32894,151163,0
13641,114795,60297,0
13642,11066,79747,0
13643,47272,86114,0
13644,86188,73415,0
13645,101880,24084,0
13646,57348,31502,0
13647,35485,33102,0
13648,69172,141298,0
13649,137852,102713,0
13650,120643,23761,0
13651,90822,48397,0
13652,135379,32247,0
13653,122117,122702,0
13654,9595,56836,0
13655,40166,136475,0
13656,32311,118975,0
13657,11906,24555,0
13658,38268,38092,0
13659,136510,38766,0
13660,85061,79245,0
13661,16259,9867,0
13662,138539,138317,0
13663,49785,63348,0
13664,23544,13816,0
13665,50917,148788,0
13666,63767,132967,0
13667,104822,118164,0
13668,55596,13739,0
13669,48778,135044,0
13670,106188,19523,0
13671,102841,126374,0
13672,5382,28862,0
13673,85610,12487,0
13674,85457,95898,0
13675,141485,72702,0
13676,21009,29484,0
13677,120033,106709,0
13678,118873,34649,0
13679,32278,138514,0
13680,33202,20588,0
13681,87995,66435,0
13682,139088,90808,0
13683,94775,95430,0
13684,61983,142476,0
13685,125348,152246,0
13686,69395,18767,0
13687,135263,93126,0
13688,49154,58518,0
13689,28287,90712,0
13690,83266,79591,0
13691,129888,851,0
13692,26994,100033,0
13693,15497,71509,0
13694,142683,38583,0
13695,153174,95578,0
13696,12599,87093,0
13697,146926,120477,0
13698,148436,116833,0
13699,18797,150188,0
13700,154607,74852,0
13701,138729,155044,0
13702,55664,26663,0
13703,65312,84722,0
13704,117798,144815,0
13705,122383,16791,0
13706,103836,40276,0
13707,46444,33446,0
13708,41034,149480,0
13709,101151,44052,0
13710,73461,56726,0
13711,56192,33569,0
13712,65938,106987,0
13713,2291,106549,0
13714,20574,53354,0
13715,126921,125067,0
13716,138,4324,0
13717,105307,39274,0
13718,140118,18777,0
13719,115400,55837,0
13720,168,154900,0
13721,114138,107593,0
13722,78640,114177,0
13723,150717,105061,0
13724,26389,38866,0
13725,14679,112305,0
13726,5856,75116,0
13727,154419,81636,0
13728,6133,80689,0
13729,54255,97598,0
13730,99813,146060,0
13731,152129,99351,0
13732,134246,116967,0
13733,32113,49686,0
13734,14008,51330,0
13735,84953,151076,0
13736,71338,38895,0
13737,9252,38501,0
13738,43062,81206,0
13739,52598,127939,0
13740,144323,11575,0
13741,125192,2471,0
13742,3176,120811,0
13743,74161,2258,0
13744,116501,148538,0
13745,50782,125399,0
13746,131393,101675,0
13747,125268,126017,0
13748,139053,16343,0
13749,86889,14296,0
13750,21292,135507,0
13751,18429,34545,0
13752,146993,153861,0
13753,48547,93342,0
13754,15169,16143,0
13755,104890,98456,0
13756,106270,15126,0
13757,21976,59686,0
13758,122640,129669,0
13759,14109,119693,0
13760,139748,128389,0
13761,131634,78847,0
13762,68171,54750,0
13763,126043,176,0
13764,92071,149080,0
13765,25082,119559,0
13766,136891,16366,0
13767,131609,136092,0
13768,133382,59534,0
13769,93745,120216,0
13770,109432,37672,0
13771,75086,88592,0
13772,10986,116519,0
13773,24839,49602,0
13774,77835,11953,0
13775,45351,71985,0
13776,76058,90051,0
13777,116278,125071,0
13778,5499,91444,0
13779,44075,79138,0
13780,61578,16306,0
13781,20511,106379,0
13782,80571,104228,0
13783,6912,84762,0
13784,1065,52647,0
13785,51207,96355,0
13786,127701,102422,0
13787,95251,153389,0
13788,84446,147518,0
13789,108626,55047,0
13790,74160,64930,0
13791,112134,141679,0
13792,82090,34170,0
13793,58924,5596,0
13794,127102,13673,0
13795,18288,61189,0
13796,123037,26453,0
13797,93803,82412,0
13798,90231,76879,0
13799,16075,68603,0
13800,25367,64158,0
13801,63927,9598,0
13802,148358,28043,0
13803,22101,70542,0
13804,120538,32389,0
13805,91476,55386,0
13806,44389,105403,0
13807,73173,58841,0
13808,12345,99295,0
13809,10785,108703,0
13810,2126,47744,0
13811,51733,53053,0
13812,149018,56158,0
13813,131170,98473,0
13814,91396,8412,0
13815,35689,40980,0
13816,125948,147080,0
13817,143105,50825,0
13818,145473,46117,0
13819,131170,145169,0
13820,28799,122687,0
13821,101691,145109,0
13822,154207,92368,0
13823,88784,65078,0
13824,72294,37916,0
13825,126483,11366,0
13826,101522,131022,0
13827,150091,79146,0
13828,18517,88270,0
13829,117510,127887,0
13830,104648,74632,0
13831,32982,42391,0
13832,7760,40023,0
13833,95089,3115,0
13834,106595,104565,0
13835,11855,103026,0
13836,130493,98359,0
13837,127051,137761,0
13838,14930,51134,0
13839,142323,106106,0
13840,87767,65130,0
13841,57475,39017,0
13842,105394,44634,0
13843,79562,118298,0
13844,63323,116108,0
13845,127830,95381,0
13846,89679,81206,0
13847,150858,66416,0
13848,19394,77462,0
13849,66177,140910,0
13850,137601,109969,0
13851,110150,137961,0
13852,90592,68209,0
13853,49405,154626,0
13854,20022,45718,0
13855,88955,73090,0
13856,147301,142763,0
13857,55459,5211,0
13858,85865,146956,0
13859,92721,34752,0
13860,16280,7117,0
13861,106762,42816,0
13862,89549,23538,0
13863,36842,96579,0
13864,28713,57471,0
13865,69001,129137,0
13866,153242,107744,0
13867,103194,25986,0
13868,1478,114587,0
13869,20597,123692,0
13870,131535,148242,0
13871,292,88297,0
13872,69232,120614,0
13873,28453,147495,0
13874,86486,121643,0
13875,138596,99145,0
13876,86798,69011,0
13877,140730,50576,0
13878,43871,64256,0
13879,108008,10645,0
13880,44779,23795,0
13881,31430,11776,0
13882,36528,135505,0
13883,33714,58062,0
13884,42095,52504,0
13885,40436,117131,0
13886,25762,68220,0
13887,94775,96518,0
13888,77625,113099,0
13889,153702,81968,0
13890,26067,14510,0
13891,119994,33395,0
13892,95190,18190,0
13893,81792,132763,0
13894,5922,52270,0
13895,119437,26870,0
13896,106923,37543,0
13897,52213,136918,0
13898,120242,102635,0
13899,79976,58700,0
13900,135931,16433,0
13901,23231,39599,0
13902,112207,28589,0
13903,40570,26137,0
13904,141967,13428,0
13905,4681,13231,0
13906,33696,24695,0
13907,67394,81963,0
13908,93865,133472,0
13909,39741,113955,0
13910,4946,90076,0
13911,115534,142180,0
13912,145355,108344,0
13913,83864,65827,0
13914,124810,112149,0
13915,134654,154761,0
13916,37738,83935,0
13917,84875,11298,0
13918,51599,35925,0
13919,15458,38241,0
13920,37117,5724,0
13921,120658,14214,0
13922,113950,36420,0
13923,18354,56373,0
13924,62764,79180,0
13925,123855,84291,0
13926,68081,123956,0
13927,32189,89528,0
13928,46313,106253,0
13929,59525,151159,0
13930,34887,112872,0
13931,143428,110596,0
13932,84498,123795,0
13933,13307,87851,0
13934,93666,81640,0
13935,80352,62474,0
13936,141645,55819,0
13937,113758,83027,0
13938,119692,14006,0
13939,38765,20442,0
13940,150028,117904,0
13941,12824,4987,0
13942,126826,85664,0
13943,124398,125848,0
13944,24118,139825,0
13945,135713,50100,0
13946,47186,72222,0
13947,92603,134112,0
13948,124529,63626,0
13949,61902,138740,0
13950,106319,119564,0
13951,5363,64676,0
13952,128615,132723,0
13953,53847,134267,0
13954,82744,29695,0
13955,19456,123632,0
13956,80671,93922,0
13957,97287,66592,0
13958,88813,143367,0
13959,27704,133635,0
13960,110438,4066,0
13961,120979,8200,0
13962,92536,10620,0
13963,14909,105352,0
13964,18697,121149,0
13965,87531,100879,0
13966,32311,154679,0
13967,132837,74648,0
13968,25780,10591,0
13969,74399,153914,0
13970,16293,42096,0
13971,74860,4696,0
13972,10402,116219,0
13973,136146,14786,0
13974,104485,107614,0
13975,85188,43996,0
13976,131729,21401,0
13977,154589,60596,0
13978,102591,33378,0
13979,154344,132190,0
13980,71225,97368,0
13981,147571,112493,0
13982,123289,64794,0
13983,9076,58680,0
13984,116939,8985,0
13985,88520,5748,0
13986,78078,93193,0
13987,21021,115926,0
13988,140540,52750,0
13989,125206,119690,0
13990,6152,28883,0
13991,91506,88766,0
13992,47499,112674,0
13993,119924,139557,0
13994,17268,36711,0
13995,88426,143204,0
13996,75515,68916,0
13997,46812,59284,0
13998,125042,18484,0
13999,25962,77829,0
14000,104904,1510,0
14001,13361,152395,0
14002,38305,63473,0
14003,44952,137358,0
14004,123605,71634,0
14005,119283,21662,0
14006,57050,68977,0
14007,14047,78604,0
14008,76509,96573,0
14009,107329,130301,0
14010,88900,135463,0
14011,136975,46449,0
14012,9924,144738,0
14013,104144,87849,0
14014,78384,73031,0
14015,112120,42951,0
14016,18898,17196,0
14017,55856,51457,0
14018,58768,36558,0
14019,127863,2972,0
14020,151499,137599,0
14021,27043,91311,0
14022,15807,94119,0
14023,51977,63015,0
14024,42556,122256,0
14025,11874,121936,0
14026,50215,80739,0
14027,70235,52640,0
14028,68474,124035,0
14029,104424,49326,0
14030,98768,2347,0
14031,141160,3362,0
14032,77758,146088,0
14033,129272,142321,0
14034,117549,93202,0
14035,88648,97008,0
14036,91356,102247,0
14037,3725,130817,0
14038,148858,72513,0
14039,90566,75707,0
14040,114644,132402,0
14041,56667,152322,0
14042,150263,48927,0
14043,765,44325,0
14044,26064,75807,0
14045,121977,67794,0
14046,129662,83129,0
14047,4561,117190,0
14048,94470,50385,0
14049,38184,9043,0
14050,9996,97116,0
14051,94827,61014,0
14052,82255,8487,0
14053,54547,46130,0
14054,35733,23516,0
14055,68134,130854,0
14056,50895,132232,0
14057,78208,68380,0
14058,36309,15505,0
14059,44154,146685,0
14060,130655,74784,0
14061,37688,81585,0
14062,33872,12744,0
14063,146562,118409,0
14064,98512,52794,0
14065,79927,22431,0
14066,16944,102581,0
14067,148679,11231,0
14068,63817,129494,0
14069,10345,13771,0
14070,88927,48861,0
14071,151033,5155,0
14072,76728,38620,0
14073,68534,140478,0
14074,129604,65058,0
14075,42952,122393,0
14076,353,93292,0
14077,130882,69289,0
14078,66221,55357,0
14079,118987,103825,0
14080,10583,80198,0
14081,152025,155114,0
14082,105293,145410,0
14083,65949,58475,0
14084,35642,129619,0
14085,52535,19554,0
14086,91741,126431,0
14087,120340,142023,0
14088,102309,110269,0
14089,10608,89334,0
14090,84130,30333,0
14091,121169,37119,0
14092,129426,22218,0
14093,147021,32504,0
14094,99857,12729,0
14095,153450,109351,0
14096,116781,47036,0
14097,108765,68879,0
14098,140096,102503,0
14099,81460,18269,0
14100,137783,78046,0
14101,129676,72477,0
14102,141427,50516,0
14103,3302,68497,0
14104,43404,53200,0
14105,97012,79253,0
14106,21372,39270,0
14107,132789,125303,0
14108,93067,149142,0
14109,11085,42389,0
14110,127743,16592,0
14111,2728,42446,0
14112,153533,90567,0
14113,54514,102172,0
14114,43588,76475,0
14115,136426,87652,0
14116,94681,47424,0
14117,29444,112133,0
14118,86958,83523,0
14119,112350,107213,0
14120,33029,103431,0
14121,45341,119561,0
14122,144322,87814,0
14123,13506,63462,0
14124,18433,52965,0
14125,34873,13303,0
14126,2070,81710,0
14127,103399,8042,0
14128,17552,134715,0
14129,22878,71418,0
14130,1483,34337,0
14131,36453,90391,0
14132,110558,21487,0
14133,77300,44795,0
14134,38136,55286,0
14135,71458,137884,0
14136,120996,99315,0
14137,29393,67621,0
14138,114869,108003,0
14139,46462,121683,0
14140,27974,11894,0
14141,51238,66732,0
14142,115065,33474,0
14143,154013,29243,0
14144,92310,105984,0
14145,144508,142250,0
14146,86734,119773,0
14147,78232,51656,0
14148,113082,69294,0
14149,144832,32517,0
14150,96946,42756,0
14151,87181,1077,0
14152,120199,25116,0
14153,126024,19193,0
14154,35756,81326,0
14155,39382,56540,0
14156,80437,59154,0
14157,130333,36762,0
14158,118429,107080,0
14159,5668,35833,0
14160,8225,56351,0
14161,125838,106613,0
14162,40379,17535,0
14163,85296,68872,0
14164,116184,125420,0
14165,115210,83731,0
14166,20389,76930,0
14167,128997,114009,0
14168,134780,99882,0
14169,64183,74728,0
14170,129107,62073,0
14171,24750,64825,0
14172,34790,83222,0
14173,82635,138804,0
14174,77780,51403,0
14175,123053,83614,0
14176,102409,21698,0
14177,42112,59181,0
14178,133969,90679,0
14179,115360,58788,0
14180,9274,135189,0
14181,37595,75377,0
14182,40791,143321,0
14183,26421,65309,0
14184,150093,87226,0
14185,76450,16186,0
14186,100562,55858,0
14187,152922,117166,0
14188,107725,22040,0
14189,98881,16030,0
14190,138651,122210,0
14191,140677,136951,0
14192,56017,138347,0
14193,111162,75029,0
14194,63110,43591,0
14195,98907,3430,0
14196,89336,129104,0
14197,127758,93280,0
14198,105743,97303,0
14199,65554,134313,0
14200,149601,125063,0
14201,72170,23453,0
14202,122760,73858,0
14203,4755,126158,0
14204,33174,35773,0
14205,27715,17103,0
14206,133982,28414,0
14207,5021,36601,0
14208,129036,17763,0
14209,137101,115984,0
14210,38855,126591,0
14211,27787,17994,0
14212,53115,91002,0
14213,132374,5635,0
14214,38156,4171,0
14215,94371,100121,0
14216,104569,1962,0
14217,94280,7092,0
14218,65073,136862,0
14219,137849,56856,0
14220,80462,138114,0
14221,54388,18145,0
14222,62886,49191,0
14223,116551,139446,0
14224,24192,63784,0
14225,109961,82782,0
14226,76129,34037,0
14227,89194,86332,0
14228,108601,80398,0
14229,109846,125655,0
14230,23887,64474,0
14231,64010,53678,0
14232,128742,48862,0
14233,62284,101645,0
14234,87622,148615,0
14235,20352,102684,0
14236,6329,16445,0
14237,74003,110087,0
14238,15079,58124,0
14239,147717,147906,0
14240,126638,132645,0
14241,141361,138214,0
14242,107955,90727,0
14243,134200,60466,0
14244,90738,130904,0
14245,27364,6468,0
14246,30299,92710,0
14247,154065,130790,0
14248,2970,126324,0
14249,127128,73140,0
14250,38314,82295,0
14251,71278,92996,0
14252,24854,121490,0
14253,19440,90350,0
14254,115337,62247,0
14255,71600,86586,0
14256,7445,81926,0
14257,86023,36174,0
14258,37157,49203,0
14259,81520,45525,0
14260,113621,82289,0
14261,134069,67533,0
14262,21124,10617,0
14263,144984,130337,0
14264,22693,75598,0
14265,7143,46501,0
14266,102102,58119,0
14267,131172,74257,0
14268,123059,96940,0
14269,29860,23650,0
14270,131627,6081,0
14271,88032,12323,0
14272,69841,58357,0
14273,60473,101,0
14274,183,118151,0
14275,129801,58923,0
14276,109141,67982,0
14277,49731,55920,0
14278,17736,88045,0
14279,90036,16285,0
14280,31228,40421,0
14281,92547,61640,0
14282,1354,27268,0
14283,66730,118656,0
14284,101270,55606,0
14285,63749,153538,0
14286,116217,110776,0
14287,122118,26460,0
14288,144145,130794,0
14289,7668,142142,0
14290,82579,119553,0
14291,137958,90332,0
14292,125221,54009,0
14293,47965,47080,0
14294,89287,40182,0
14295,113566,116374,0
14296,18619,104134,0
14297,5847,1073,0
14298,109220,42072,0
14299,98681,24498,0
14300,101119,4509,0
14301,123260,153556,0
14302,55620,50115,0
14303,153855,100308,0
14304,92603,37458,0
14305,51309,31788,0
14306,21252,32268,0
14307,130002,139372,0
14308,30027,14986,0
14309,132431,12496,0
14310,39014,96686,0
14311,65749,23203,0
14312,69169,67996,0
14313,1240,49793,0
14314,97700,103255,0
14315,24338,46425,0
14316,75643,43186,0
14317,150237,30325,0
14318,110043,61560,0
14319,29605,55722,0
14320,5548,115127,0
14321,116523,94294,0
14322,115501,12506,0
14323,40834,128104,0
14324,3221,122454,0
14325,15503,64747,0
14326,148856,119168,0
14327,83003,19487,0
14328,85106,27345,0
14329,74403,107892,0
14330,79375,139708,0
14331,18770,19442,0
14332,3366,54262,0
14333,60706,59787,0
14334,66425,104547,0
14335,61843,151413,0
14336,80393,102435,0
14337,26483,106469,0
14338,69330,155112,0
14339,117275,104564,0
14340,145333,21332,0
14341,56959,54992,0
14342,101351,129434,0
14343,149603,151969,0
14344,97395,41304,0
14345,146923,13869,0
14346,106546,128522,0
14347,144616,114809,0
14348,90603,102540,0
14349,64671,151641,0
14350,100470,90520,0
14351,138344,127949,0
14352,79259,104435,0
14353,31152,153476,0
14354,130891,19935,0
14355,130962,149826,0
14356,147912,152791,0
14357,14405,15837,0
14358,131193,23234,0
14359,42743,71129,0
14360,75249,2891,0
14361,29862,72974,0
14362,96975,76217,0
14363,47040,39936,0
14364,87585,96806,0
14365,69919,109217,0
14366,134457,146009,0
14367,134749,52247,0
14368,44016,33183,0
14369,41414,28137,0
14370,102032,113609,0
14371,122231,100519,0
14372,11082,99585,0
14373,109530,32598,0
14374,110502,22517,0
14375,93289,92955,0
14376,124012,96625,0
14377,75792,150681,0
14378,141373,61443,0
14379,134442,79889,0
14380,26860,12203,0
14381,5560,15980,0
14382,17296,22763,0
14383,46108,136763,0
14384,55017,130897,0
14385,149979,52028,0
14386,94011,76046,0
14387,11943,151529,0
14388,127962,121233,0
14389,123286,40341,0
14390,141566,112782,0
14391,62269,12157,0
14392,17737,58790,0
14393,23582,27234,0
14394,4583,29885,0
14395,68188,85335,0
14396,151092,36464,0
14397,55344,14865,0
14398,107168,120243,0
14399,81916,80931,0
14400,132338,94218,0
14401,148477,74212,0
14402,47619,85200,0
14403,93894,41202,0
14404,66553,91724,0
14405,83672,123419,0
14406,70257,93943,0
14407,43384,154037,0
14408,33619,4276,0
14409,106689,124333,0
14410,141423,53129,0
14411,14592,44673,0
14412,149886,89737,0
14413,39667,79929,0
14414,21997,142199,0
14415,131328,37923,0
14416,97329,16937,0
14417,63109,110826,0
14418,5887,87054,0
14419,18016,66332,0
14420,58758,60798,0
14421,45132,61318,0
14422,129906,154601,0
14423,10179,40536,0
14424,57367,134169,0
14425,142686,130608,0
14426,13993,54378,0
14427,23728,144615,0
14428,49081,71467,0
14429,8808,154677,0
14430,111695,56645,0
14431,97475,17250,0
14432,67323,113549,0
14433,49226,113877,0
14434,36792,87684,0
14435,144186,94209,0
14436,78585,103723,0
14437,111042,25187,0
14438,141129,44247,0
14439,138945,144766,0
14440,139812,72448,0
14441,116675,12782,0
14442,8469,30611,0
14443,49675,53629,0
14444,74399,146536,0
14445,110717,4612,0
14446,139765,146619,0
14447,84890,97464,0
14448,14181,48901,0
14449,82793,106146,0
14450,81044,65534,0
14451,45949,149117,0
14452,54263,99683,0
14453,70768,154552,0
14454,19131,79035,0
14455,74381,37188,0
14456,61840,86589,0
14457,24418,96431,0
14458,102550,78402,0
14459,99225,146093,0
14460,61984,107351,0
14461,125743,67359,0
14462,141486,143795,0
14463,40977,12509,0
14464,14381,143039,0
14465,767,106214,0
14466,92268,33474,0
14467,120076,71633,0
14468,40887,7547,0
14469,33427,142718,0
14470,148079,43371,0
14471,18052,33062,0
14472,149598,77681,0
14473,144197,64437,0
14474,49196,72776,0
14475,41790,103968,0
14476,64078,55155,0
14477,112776,21389,0
14478,50654,53836,0
14479,35762,121616,0
14480,62269,31399,0
14481,34093,58617,0
14482,137916,18592,0
14483,10835,92002,0
14484,69977,139321,0
14485,36378,61640,0
14486,141269,72859,0
14487,106471,102541,0
14488,100575,146960,0
14489,62583,130363,0
14490,22014,59656,0
14491,114113,104773,0
14492,143084,42852,0
14493,46177,32386,0
14494,92954,97580,0
14495,81397,91232,0
14496,7670,135965,0
14497,75979,136109,0
14498,71578,67580,0
14499,75816,144225,0
14500,47118,132403,0
14501,90586,45698,0
14502,9943,70139,0
14503,51133,18361,0
14504,49259,120676,0
14505,73008,32883,0
14506,129559,19546,0
14507,13033,129917,0
14508,43539,57198,0
14509,18461,30129,0
14510,35406,65522,0
14511,109240,97330,0
14512,133161,85694,0
14513,52964,117806,0
14514,118464,45994,0
14515,28860,74832,0
14516,150279,118325,0
14517,84043,81467,0
14518,450,21364,0
14519,79259,18091,0
14520,72245,136441,0
14521,52109,104307,0
14522,76538,66611,0
14523,147638,98899,0
14524,54272,90751,0
14525,137673,51997,0
14526,69066,67122,0
14527,38936,149032,0
14528,35280,42903,0
14529,64855,112201,0
14530,65150,142119,0
14531,113062,111886,0
14532,85318,35885,0
14533,145312,20572,0
14534,140236,152603,0
14535,34050,151003,0
14536,58526,83593,0
14537,49582,63322,0
14538,24202,71688,0
14539,72379,69122,0
14540,31667,108276,0
14541,24569,125024,0
14542,112643,65840,0
14543,7471,56101,0
14544,137737,70132,0
14545,16940,107310,0
14546,7388,75468,0
14547,46604,147063,0
14548,95135,130195,0
14549,27534,63673,0
14550,71687,63220,0
14551,39705,35076,0
14552,64513,60834,0
14553,7099,56612,0
14554,15351,81361,0
14555,15132,128523,0
14556,35548,153200,0
14557,155092,81989,0
14558,111838,117844,0
14559,133049,126713,0
14560,124441,98727,0
14561,97596,155090,0
14562,17050,90773,0
14563,90676,65128,0
14564,52771,55690,0
14565,99706,78495,0
14566,111636,2665,0
14567,64419,17003,0
14568,152055,15468,0
14569,3900,65644,0
14570,132746,100019,0
14571,123476,18258,0
14572,51259,982,0
14573,15574,124948,0
14574,86619,113036,0
14575,44337,147382,0
14576,117294,48653,0
14577,153941,60553,0
14578,56639,24758,0
14579,142348,32322,0
14580,5519,98636,0
14581,1966,41840,0
14582,7630,81752,0
14583,77606,54054,0
14584,130212,78715,0
14585,118182,77329,0
14586,108843,120249,0
14587,17589,93165,0
14588,52628,107710,0
14589,87384,128271,0
14590,117317,19832,0
14591,81677,68767,0
14592,54536,130687,0
14593,143051,44496,0
14594,43533,149594,0
14595,120600,91184,0
14596,51839,127761,0
14597,118086,22300,0
14598,57033,53938,0
14599,35481,104479,0
14600,36661,115140,0
14601,48431,28426,0
14602,34460,76781,0
14603,126206,30150,0
14604,3081,77771,0
14605,131871,20398,0
14606,20020,124369,0
14607,134282,30141,0
14608,6091,72084,0
14609,87270,145620,0
14610,34396,117748,0
14611,52703,149993,0
14612,8649,64776,0
14613,5290,123300,0
14614,86234,1049,0
14615,124840,151596,0
14616,141187,107373,0
14617,96311,81272,0
14618,45622,52775,0
14619,18328,31459,0
14620,12096,2400,0
14621,46999,26109,0
14622,81339,80999,0
14623,112436,48092,0
14624,111924,83865,0
14625,88773,143348,0
14626,102802,5482,0
14627,43767,81235,0
14628,129775,26637,0
14629,114393,112467,0
14630,79117,14054,0
14631,146425,6923,0
14632,73690,126875,0
14633,131388,88401,0
14634,88174,150494,0
14635,76729,117882,0
14636,130057,1029,0
14637,12686,92236,0
14638,73848,12337,0
14639,135875,75751,0
14640,17267,52186,0
14641,123711,25806,0
14642,40436,151930,0
14643,63603,50997,0
14644,131304,86222,0
14645,59376,125678,0
14646,109651,53523,0
14647,21529,101649,0
14648,29198,8089,0
14649,60690,135408,0
14650,146263,69672,0
14651,72570,25775,0
14652,71999,4445,0
14653,8181,40027,0
14654,8598,149143,0
14655,14945,99373,0
14656,112262,69256,0
14657,93098,134725,0
14658,15872,39421,0
14659,33071,80757,0
14660,91671,36791,0
14661,73039,146546,0
14662,147478,69501,0
14663,71754,60945,0
14664,132283,83794,0
14665,108716,5785,0
14666,121560,103589,0
14667,55710,120802,0
14668,35794,144470,0
14669,144510,23440,0
14670,95766,142959,0
14671,147435,69486,0
14672,69232,62715,0
14673,154122,77021,0
14674,71495,100252,0
14675,82849,74342,0
14676,55938,16042,0
14677,142323,101082,0
14678,139927,6337,0
14679,71426,3501,0
14680,147265,144940,0
14681,121052,149708,0
14682,5804,33641,0
14683,30268,94025,0
14684,63523,48124,0
14685,28632,154446,0
14686,7684,63327,0
14687,79260,140777,0
14688,7350,147696,0
14689,32763,42658,0
14690,116392,107647,0
14691,71433,68446,0
14692,39991,100253,0
14693,54529,92598,0
14694,75435,111446,0
14695,125054,134502,0
14696,46748,104780,0
14697,134490,19620,0
14698,108662,15298,0
14699,125670,13546,0
14700,113401,114371,0
14701,140072,62955,0
14702,132859,149212,0
14703,88553,31439,0
14704,101334,124924,0
14705,42553,48595,0
14706,21008,94917,0
14707,86092,123595,0
14708,127011,140470,0
14709,46571,151496,0
14710,2820,20156,0
14711,115662,139816,0
14712,115397,96135,0
14713,91562,118833,0
14714,3856,17119,0
14715,141839,35296,0
14716,12768,94197,0
14717,24821,13158,0
14718,30136,133491,0
14719,7229,136906,0
14720,54081,119529,0
14721,31888,97615,0
14722,12111,6071,0
14723,49072,39989,0
14724,106265,15256,0
14725,87707,16668,0
14726,6929,35511,0
14727,44768,131421,0
14728,130331,138313,0
14729,8137,147477,0
14730,144044,138740,0
14731,121458,101108,0
14732,41457,142199,0
14733,121031,130809,0
14734,63080,59799,0
14735,122295,18686,0
14736,685,11723,0
14737,66863,10469,0
14738,125763,27530,0
14739,123534,58763,0
14740,58919,91316,0
14741,12619,58923,0
14742,49575,106671,0
14743,139476,18212,0
14744,127816,148738,0
14745,9509,117033,0
14746,19212,135968,0
14747,20377,6565,0
14748,48475,10350,0
14749,55460,67387,0
14750,111332,58098,0
14751,22512,15666,0
14752,87818,128441,0
14753,66874,47765,0
14754,63869,106263,0
14755,76941,52793,0
14756,50007,54560,0
14757,77176,143296,0
14758,40698,67281,0
14759,18152,124986,0
14760,149629,19812,0
14761,35154,43356,0
14762,1240,98401,0
14763,52232,124575,0
14764,43572,26206,0
14765,36171,146184,0
14766,71554,108683,0
14767,74092,116355,0
14768,135695,82970,0
14769,33068,70365,0
14770,19077,128457,0
14771,63680,114774,0
14772,92262,36667,0
14773,105268,78198,0
14774,147600,90760,0
14775,77632,33758,0
14776,22691,30697,0
14777,139628,109138,0
14778,115969,62226,0
14779,53042,114445,0
14780,999,49773,0
14781,75691,29573,0
14782,127859,92160,0
14783,135803,1759,0
14784,445,54410,0
14785,28580,64937,0
14786,36206,135366,0
14787,76514,60098,0
14788,131460,86218,0
14789,153253,137528,0
14790,139845,100560,0
14791,80741,4641,0
14792,145388,201,0
14793,127708,131617,0
14794,106305,81511,0
14795,130778,93476,0
14796,34364,151559,0
14797,24542,117779,0
14798,75022,148840,0
14799,12109,118523,0
14800,78716,50267,0
14801,39524,6519,0
14802,62896,133960,0
14803,78676,91653,0
14804,58572,73266,0
14805,91458,53789,0
14806,62742,123226,0
14807,129439,80141,0
14808,12696,145532,0
14809,154742,153900,0
14810,56410,102440,0
14811,26275,83847,0
14812,5282,55092,0
14813,111229,13704,0
14814,114220,147431,0
14815,92255,65776,0
14816,80836,90247,0
14817,110274,110948,0
14818,86159,5193,0
14819,28569,52476,0
14820,81451,9344,0
14821,123803,76220,0
14822,50456,123238,0
14823,37256,64049,0
14824,128713,111633,0
14825,61693,81864,0
14826,6660,29273,0
14827,78385,76510,0
14828,129652,56990,0
14829,130622,151496,0
14830,90995,128220,0
14831,16673,54662,0
14832,111333,41204,0
14833,10554,92753,0
14834,68317,41263,0
14835,17352,151741,0
14836,86679,140918,0
14837,18548,152232,0
14838,146368,92666,0
14839,120717,107738,0
14840,151491,4119,0
14841,66765,91167,0
14842,54469,142041,0
14843,16432,5350,0
14844,112261,31001,0
14845,57029,100281,0
14846,103763,12539,0
14847,108746,51700,0
14848,85107,77412,0
14849,20742,80560,0
14850,55449,146685,0
14851,91106,45270,0
14852,41143,72756,0
14853,89024,10848,0
14854,131613,111114,0
14855,74519,121265,0
14856,9735,154478,0
14857,100964,70884,0
14858,19212,57930,0
14859,54148,91456,0
14860,15153,52720,0
14861,103161,130674,0
14862,77503,91734,0
14863,20034,43788,0
14864,105180,28608,0
14865,76081,86139,0
14866,48242,62973,0
14867,52446,42812,0
14868,6775,97031,0
14869,121039,41445,0
14870,20844,143915,0
14871,62702,17241,0
14872,72251,50936,0
14873,112715,12278,0
14874,111595,151903,0
14875,79848,130803,0
14876,28485,111550,0
14877,17839,1803,0
14878,85960,115691,0
14879,131423,11235,0
14880,24792,63804,0
14881,78839,27714,0
14882,39382,38719,0
14883,18811,1078,0
14884,28067,62654,0
14885,140080,35687,0
14886,128124,154086,0
14887,43357,33538,0
14888,143520,7120,0
14889,35680,41858,0
14890,87251,6422,0
14891,51831,110394,0
14892,149446,16007,0
14893,108915,55034,0
14894,135947,42345,0
14895,41170,58181,0
14896,14945,84573,0
14897,3685,86247,0
14898,125273,22187,0
14899,67861,101659,0
14900,139278,48424,0
14901,91850,139980,0
14902,104964,67720,0
14903,75718,50089,0
14904,111983,79153,0
14905,58221,74964,0
14906,97780,52136,0
14907,140923,84650,0
14908,4263,52208,0
14909,115066,63910,0
14910,134283,77633,0
14911,12532,137948,0
14912,113026,49770,0
14913,73737,47741,0
14914,47574,82974,0
14915,79239,39532,0
14916,63746,113970,0
14917,134562,98788,0
14918,62747,148019,0
14919,26408,80877,0
14920,142898,143129,0
14921,119505,139286,0
14922,148727,35917,0
14923,61191,33093,0
14924,19041,93428,0
14925,39020,37214,0
14926,17993,143693,0
14927,63558,143588,0
14928,132568,94466,0
14929,92511,17672,0
14930,81565,8204,0
14931,126181,99340,0
14932,139029,102844,0
14933,41809,96119,0
14934,29013,44200,0
14935,86752,81161,0
14936,108128,28340,0
14937,47244,67882,0
14938,60233,37750,0
14939,1558,81058,0
14940,137051,76004,0
14941,64842,3591,0
14942,138357,82743,0
14943,68107,153814,0
14944,151132,100241,0
14945,52045,25477,0
14946,43076,45459,0
14947,143602,79852,0
14948,75720,46067,0
14949,115098,71182,0
14950,81578,112044,0
14951,113725,70382,0
14952,106051,38818,0
14953,11874,111749,0
14954,16820,38823,0
14955,94816,93522,0
14956,123125,152608,0
14957,57741,130481,0
14958,7498,64968,0
14959,49358,41569,0
14960,65401,55927,0
14961,134415,43584,0
14962,60328,5337,0
14963,83226,61888,0
14964,135362,52274,0
14965,108589,113024,0
14966,2968,123794,0
14967,38551,8274,0
14968,10806,93606,0
14969,142115,47874,0
14970,146848,11457,0
14971,54845,57375,0
14972,55410,14110,0
14973,119096,53126,0
14974,91939,68988,0
14975,95124,27568,0
14976,85685,140723,0
14977,118390,25440,0
14978,134476,58072,0
14979,56606,67443,0
14980,43020,89557,0
14981,18270,94270,0
14982,42050,92341,0
14983,72501,56496,0
14984,38781,88617,0
14985,43895,108863,0
14986,5389,93054,0
14987,121302,115984,0
14988,2636,40588,0
14989,131464,83995,0
14990,101726,135711,0
14991,37973,23658,0
14992,84265,19358,0
14993,117098,504,0
14994,17607,42357,0
14995,131218,17890,0
14996,6394,131432,0
14997,51362,57364,0
14998,114090,116391,0
14999,132543,148706,0
15000,52632,72109,0
15001,74969,141257,0
15002,36373,116290,0
15003,80734,28920,0
15004,103219,42512,0
15005,89172,54410,0
15006,120232,53448,0
15007,73048,129153,0
15008,48724,142541,0
15009,13878,39999,0
15010,118603,55370,0
15011,152203,50851,0
15012,145632,41399,0
15013,93353,7775,0
15014,70344,113936,0
15015,19919,151749,0
15016,112132,76672,0
15017,2882,8990,0
15018,128938,81172,0
15019,84318,100810,0
15020,58937,22403,0
15021,135171,129957,0
15022,102279,68204,0
15023,91594,14238,0
15024,65914,79841,0
15025,103845,124171,0
15026,56949,17431,0
15027,104719,60178,0
15028,100013,22826,0
15029,137814,153197,0
15030,125000,70963,0
15031,154992,30258,0
15032,64091,56766,0
15033,87140,10073,0
15034,102312,79809,0
15035,94206,137065,0
15036,128465,79257,0
15037,118171,105488,0
15038,99053,94961,0
15039,61688,80600,0
15040,32044,57986,0
15041,56900,92738,0
15042,53915,23666,0
15043,51984,151198,0
15044,106768,753,0
15045,11952,44152,0
15046,90145,40638,0
15047,117372,91665,0
15048,39746,119259,0
15049,137250,3226,0
15050,20321,18409,0
15051,145451,137226,0
15052,120445,37694,0
15053,86021,66028,0
15054,121569,24936,0
15055,57260,99656,0
15056,143801,126641,0
15057,105915,38245,0
15058,74945,33408,0
15059,53769,83134,0
15060,119580,136158,0
15061,120808,73101,0
15062,141873,120896,0
15063,101534,18785,0
15064,37479,3115,0
15065,142960,53756,0
15066,22621,72153,0
15067,78627,125954,0
15068,138399,34700,0
15069,97897,108278,0
15070,4114,142793,0
15071,46276,134489,0
15072,58069,43324,0
15073,109576,116002,0
15074,65196,109859,0
15075,139759,13149,0
15076,43596,126895,0
15077,144434,62152,0
15078,71768,71615,0
15079,102450,123233,0
15080,97099,73514,0
15081,30320,31687,0
15082,91915,44582,0
15083,148188,83385,0
15084,114594,125782,0
15085,35016,153967,0
15086,48883,2759,0
15087,105462,49369,0
15088,134880,73768,0
15089,35359,122938,0
15090,104702,92220,0
15091,97515,121778,0
15092,22560,40342,0
15093,152661,5233,0
15094,145389,2830,0
15095,8589,126040,0
15096,137015,33555,0
15097,2432,101588,0
15098,33727,20328,0
15099,2204,107773,0
15100,151050,110781,0
15101,151590,36738,0
15102,105061,92975,0
15103,45345,154156,0
15104,139145,8380,0
15105,64559,13250,0
15106,96532,11998,0
15107,154564,151694,0
15108,103838,96875,0
15109,147391,54218,0
15110,41642,71292,0
15111,150243,126655,0
15112,127569,38577,0
15113,121401,2740,0
15114,149756,31425,0
15115,116875,13341,0
15116,99664,44956,0
15117,109060,19705,0
15118,119142,136627,0
15119,153251,2465,0
15120,3771,151005,0
15121,151264,17562,0
15122,46418,1768,0
15123,122722,133940,0
15124,45356,53321,0
15125,142683,92179,0
15126,79397,38537,0
15127,79492,9921,0
15128,41761,4679,0
15129,51893,2612,0
15130,1337,148481,0
15131,19310,99170,0
15132,33699,1250,0
15133,149987,153642,0
15134,27389,143251,0
15135,79286,104613,0
15136,97012,63420,0
15137,134131,89242,0
15138,12421,102905,0
15139,6079,33973,0
15140,95283,124681,0
15141,19496,86600,0
15142,100879,133014,0
15143,106546,60271,0
15144,108564,154611,0
15145,32921,140529,0
15146,127241,493,0
15147,27979,137160,0
15148,8323,129840,0
15149,58829,57663,0
15150,4050,5521,0
15151,72222,100851,0
15152,93125,106933,0
15153,150306,123983,0
15154,32058,49308,0
15155,74160,122246,0
15156,78616,111696,0
15157,27974,50646,0
15158,23878,36586,0
15159,61569,83605,0
15160,92799,109185,0
15161,74211,13103,0
15162,38293,87460,0
15163,153612,83822,0
15164,125487,63948,0
15165,124046,142378,0
15166,90142,7026,0
15167,36461,121295,0
15168,62599,71673,0
15169,116028,10191,0
15170,12548,110020,0
15171,153439,10342,0
15172,118380,108095,0
15173,20680,133739,0
15174,118339,3663,0
15175,79844,102338,0
15176,33049,99635,0
15177,84424,109101,0
15178,147392,112199,0
15179,85558,144159,0
15180,26266,39605,0
15181,111869,12980,0
15182,90939,46197,0
15183,49115,2078,0
15184,46961,129856,0
15185,72409,534,0
15186,139875,92271,0
15187,6394,6804,0
15188,26301,53934,0
15189,47142,35042,0
15190,41586,79497,0
15191,13312,36712,0
15192,65446,85796,0
15193,134820,125356,0
15194,115430,11054,0
15195,88341,137635,0
15196,145789,118240,0
15197,67353,54849,0
15198,81735,141159,0
15199,64043,120285,0
15200,2530,76823,0
15201,91706,94424,0
15202,111667,137910,0
15203,89783,79570,0
15204,93825,21824,0
15205,112667,59383,0
15206,141685,59113,0
15207,31024,33670,0
15208,129887,43287,0
15209,116072,123565,0
15210,16710,27522,0
15211,124103,31076,0
15212,97497,24106,0
15213,57153,145664,0
15214,146566,131337,0
15215,10379,102571,0
15216,87338,147030,0
15217,117581,27211,0
15218,65950,19934,0
15219,93053,106660,0
15220,1541,150021,0
15221,34211,12467,0
15222,129195,98898,0
15223,127949,149126,0
15224,21232,121577,0
15225,84416,67967,0
15226,98115,52687,0
15227,97450,25844,0
15228,112248,56033,0
15229,64650,48234,0
15230,21565,61121,0
15231,135032,113442,0
15232,128422,106100,0
15233,47958,97953,0
15234,11565,126139,0
15235,103486,86062,0
15236,93921,117712,0
15237,146400,69544,0
15238,119934,88077,0
15239,149390,12963,0
15240,66643,133714,0
15241,26430,111559,0
15242,130989,24864,0
15243,116015,6076,0
15244,22669,124371,0
15245,142491,38047,0
15246,63877,139136,0
15247,16217,11266,0
15248,147480,139479,0
15249,105000,55880,0
15250,10819,83147,0
15251,141438,34393,0
15252,29784,11872,0
15253,106562,126054,0
15254,91552,34222,0
15255,139013,100817,0
15256,113454,58098,0
15257,32453,127717,0
15258,43738,96675,0
15259,13374,73597,0
15260,36672,107299,0
15261,18891,68108,0
15262,39486,92060,0
15263,133035,113921,0
15264,72297,18034,0
15265,36434,13772,0
15266,30987,111445,0
15267,146454,72142,0
15268,29462,72381,0
15269,40198,2290,0
15270,7299,75167,0
15271,119273,81876,0
15272,45341,87435,0
15273,28422,49082,0
15274,9189,44439,0
15275,65371,37393,0
15276,7653,41948,0
15277,101582,21371,0
15278,58525,148521,0
15279,116589,61214,0
15280,68745,84521,0
15281,70684,133728,0
15282,125217,59939,0
15283,129778,63956,0
15284,75415,76220,0
15285,69157,105619,0
15286,118067,123028,0
15287,117473,54229,0
15288,135291,16556,0
15289,45431,83378,0
15290,77761,32062,0
15291,76319,108088,0
15292,63731,77571,0
15293,74030,37934,0
15294,105000,145077,0
15295,93882,122998,0
15296,17349,122331,0
15297,26957,42557,0
15298,105731,77168,0
15299,76116,14330,0
15300,64035,22771,0
15301,78203,7810,0
15302,144846,28148,0
15303,138788,68067,0
15304,47127,43253,0
15305,143267,123120,0
15306,143650,8402,0
15307,4723,23698,0
15308,80957,36984,0
15309,109000,107297,0
15310,17140,63315,0
15311,46977,88139,0
15312,37296,35596,0
15313,35667,35457,0
15314,114354,118961,0
15315,50941,22382,0
15316,58618,68116,0
15317,102395,100017,0
15318,59307,65568,0
15319,40151,29477,0
15320,134341,123834,0
15321,135530,104992,0
15322,36305,137578,0
15323,141143,6355,0
15324,28185,115076,0
15325,56194,48281,0
15326,19062,89742,0
15327,16471,140308,0
15328,146711,118940,0
15329,77034,74440,0
15330,85597,86331,0
15331,75950,60498,0
15332,82039,105509,0
15333,152463,13262,0
15334,97451,152093,0
15335,105531,47045,0
15336,116659,133896,0
15337,49253,44246,0
15338,80530,129115,0
15339,34120,8997,0
15340,3741,105326,0
15341,144856,118629,0
15342,71746,111356,0
15343,790,42132,0
15344,82922,67473,0
15345,133139,112692,0
15346,14056,48523,0
15347,47729,105341,0
15348,36026,139455,0
15349,99184,141185,0
15350,32488,4827,0
15351,153175,55562,0
15352,130117,44641,0
15353,32705,95595,0
15354,148554,37666,0
15355,49969,8190,0
15356,82675,57273,0
15357,10819,28024,0
15358,90820,86295,0
15359,86339,56583,0
15360,42809,56667,0
15361,109524,111055,0
15362,10835,55313,0
15363,42228,78885,0
15364,83690,18113,0
15365,148624,112794,0
15366,132965,107472,0
15367,141794,149078,0
15368,109238,93283,0
15369,58971,79104,0
15370,133917,48045,0
15371,139257,39371,0
15372,29300,41840,0
15373,62923,45468,0
15374,139053,113780,0
15375,77398,68296,0
15376,60337,141451,0
15377,82498,138069,0
15378,56747,74901,0
15379,72735,75352,0
15380,5200,33886,0
15381,35577,9715,0
15382,51738,27584,0
15383,69858,92885,0
15384,118242,32606,0
15385,114795,77502,0
15386,111948,39936,0
15387,94558,63829,0
15388,144701,153539,0
15389,76962,100792,0
15390,70927,17439,0
15391,54001,61245,0
15392,87702,18651,0
15393,47570,98327,0
15394,123385,123198,0
15395,28664,83892,0
15396,1454,48815,0
15397,3125,80380,0
15398,131822,135989,0
15399,91159,15335,0
15400,14434,30950,0
15401,23898,42871,0
15402,148208,2467,0
15403,21569,104362,0
15404,116729,2282,0
15405,70849,81528,0
15406,37336,120033,0
15407,71005,139598,0
15408,130494,57357,0
15409,78958,25366,0
15410,59406,123205,0
15411,130614,101263,0
15412,103132,110387,0
15413,5161,39559,0
15414,42167,20822,0
15415,154124,109698,0
15416,118458,139793,0
15417,80564,9233,0
15418,68161,56667,0
15419,86671,20353,0
15420,49291,16866,0
15421,32374,90369,0
15422,43018,23945,0
15423,55649,138427,0
15424,70746,65945,0
15425,38275,12734,0
15426,145963,117047,0
15427,149451,82722,0
15428,144757,61232,0
15429,3708,41920,0
15430,94064,91317,0
15431,98866,61010,0
15432,120794,105310,0
15433,104967,70756,0
15434,39427,72254,0
15435,86188,9472,0
15436,83209,124354,0
15437,52578,108116,0
15438,47269,98308,0
15439,41655,108837,0
15440,58094,28365,0
15441,44393,56422,0
15442,112711,12218,0
15443,7481,25425,0
15444,41656,138775,0
15445,60735,100895,0
15446,154474,2960,0
15447,35517,95886,0
15448,132247,9029,0
15449,45334,71557,0
15450,22423,61194,0
15451,128236,29382,0
15452,87228,123572,0
15453,68547,141189,0
15454,21493,127356,0
15455,82917,35515,0
15456,79994,71066,0
15457,61471,39143,0
15458,114732,65369,0
15459,123703,512,0
15460,80409,101980,0
15461,44636,27854,0
15462,139363,3522,0
15463,120712,129007,0
15464,129109,91287,0
15465,58919,10401,0
15466,152193,138019,0
15467,24576,23816,0
15468,62556,146381,0
15469,146512,101558,0
15470,81709,45001,0
15471,53329,126136,0
15472,38515,110830,0
15473,30480,19781,0
15474,69718,3274,0
15475,136778,146409,0
15476,34584,129345,0
15477,151798,139091,0
15478,12264,115213,0
15479,138559,71073,0
15480,147851,110917,0
15481,144581,12535,0
15482,24751,140251,0
15483,6309,30630,0
15484,61066,23028,0
15485,11929,122350,0
15486,27258,46032,0
15487,18398,76852,0
15488,114314,35798,0
15489,42677,29248,0
15490,71984,14116,0
15491,108436,152651,0
15492,65175,120536,0
15493,35602,25436,0
15494,56106,1482,0
15495,25609,44729,0
15496,94821,12504,0
15497,51705,37173,0
15498,152117,19278,0
15499,2509,65692,0
15500,126272,29505,0
15501,119442,55275,0
15502,134346,149604,0
15503,2598,150876,0
15504,13394,10352,0
15505,79129,117764,0
15506,83630,110953,0
15507,142759,137055,0
15508,79339,49564,0
15509,65282,13996,0
15510,50609,104959,0
15511,40651,51658,0
15512,115158,3350,0
15513,116561,119073,0
15514,81946,14746,0
15515,15709,132876,0
15516,93523,7554,0
15517,115949,219,0
15518,107370,7958,0
15519,15765,147850,0
15520,82131,95137,0
15521,57189,123005,0
15522,75394,154872,0
15523,34854,10296,0
15524,71164,90208,0
15525,120219,58304,0
15526,121660,10146,0
15527,140815,107523,0
15528,16160,150604,0
15529,58246,107871,0
15530,37257,136519,0
15531,121356,28797,0
15532,96582,94847,0
15533,79889,47134,0
15534,35813,21228,0
15535,70177,131182,0
15536,112433,117279,0
15537,135284,118389,0
15538,67496,63306,0
15539,154997,1027,0
15540,119924,107964,0
15541,76288,57902,0
15542,146410,32213,0
15543,12180,3909,0
15544,33732,39716,0
15545,118659,13598,0
15546,85849,111930,0
15547,105592,120505,0
15548,81852,63481,0
15549,25985,138905,0
15550,4123,140991,0
15551,53912,122593,0
15552,14763,146450,0
15553,68462,73994,0
15554,26068,120019,0
15555,135776,140194,0
15556,90119,98693,0
15557,17382,103672,0
15558,108181,96157,0
15559,37962,18775,0
15560,131736,75211,0
15561,46787,1308,0
15562,31228,149051,0
15563,54574,25368,0
15564,1489,133593,0
15565,121045,17591,0
15566,127864,12810,0
15567,30649,64033,0
15568,80468,103360,0
15569,7017,99442,0
15570,50520,130070,0
15571,48719,137126,0
15572,21743,128818,0
15573,77245,104896,0
15574,43933,121589,0
15575,59423,131021,0
15576,2763,118021,0
15577,148114,13430,0
15578,30420,110882,0
15579,119487,35465,0
15580,65175,3788,0
15581,153820,56977,0
15582,89611,72165,0
15583,2765,57673,0
15584,153903,125539,0
15585,81997,48630,0
15586,95953,5420,0
15587,132138,82090,0
15588,71036,69753,0
15589,92123,153220,0
15590,101518,38719,0
15591,130151,145651,0
15592,13034,41398,0
15593,60242,38989,0
15594,20992,40667,0
15595,13528,131453,0
15596,64146,127643,0
15597,80454,75224,0
15598,94849,109108,0
15599,90704,10982,0
15600,133973,89807,0
15601,127698,125891,0
15602,20135,72003,0
15603,80594,64074,0
15604,28681,103584,0
15605,129311,95003,0
15606,4907,125255,0
15607,69349,93403,0
15608,7317,144511,0
15609,46348,15061,0
15610,122315,43437,0
15611,101393,12152,0
15612,122224,61508,0
15613,134838,84209,0
15614,114250,93092,0
15615,143913,133014,0
15616,44207,63970,0
15617,52839,74119,0
15618,28168,136027,0
15619,92907,68354,0
15620,55518,139928,0
15621,133227,60177,0
15622,134306,119295,0
15623,154474,13848,0
15624,28039,21266,0
15625,95470,139538,0
15626,37268,30668,0
15627,20304,57172,0
15628,45813,44006,0
15629,106481,114554,0
15630,21635,89543,0
15631,52326,116516,0
15632,62718,771,0
15633,145295,13319,0
15634,150188,71183,0
15635,143524,114466,0
15636,128998,139754,0
15637,2552,53192,0
15638,112281,52345,0
15639,104844,47901,0
15640,101485,5171,0
15641,2252,140093,0
15642,61436,73587,0
15643,81792,55480,0
15644,22591,13949,0
15645,25815,45598,0
15646,14733,107166,0
15647,61679,119056,0
15648,2813,115899,0
15649,119514,48299,0
15650,66542,47804,0
15651,137337,34554,0
15652,152662,112566,0
15653,106705,122331,0
15654,107722,40320,0
15655,88726,40882,0
15656,58838,147815,0
15657,9314,51285,0
15658,63970,99357,0
15659,137762,16677,0
15660,24486,106604,0
15661,12715,153916,0
15662,141836,133014,0
15663,49851,143773,0
15664,24776,152829,0
15665,70027,53665,0
15666,39339,38830,0
15667,26569,45950,0
15668,34332,123300,0
15669,136828,57320,0
15670,155160,45118,0
15671,12228,116338,0
15672,75043,39978,0
15673,30330,8237,0
15674,108549,74638,0
15675,32765,103204,0
15676,114641,48249,0
15677,5112,33393,0
15678,8243,121912,0
15679,47979,145633,0
15680,55465,19962,0
15681,48728,106164,0
15682,97574,124506,0
15683,1826,75803,0
15684,153583,77709,0
15685,73290,150087,0
15686,82821,66372,0
15687,36859,135043,0
15688,51326,17406,0
15689,119030,119271,0
15690,30864,64820,0
15691,25016,110880,0
15692,116657,126423,0
15693,72604,28912,0
15694,118810,44068,0
15695,23159,108328,0
15696,133068,111482,0
15697,49507,75387,0
15698,274,124313,0
15699,115574,132621,0
15700,124743,63117,0
15701,42750,2378,0
15702,54163,129891,0
15703,146587,3297,0
15704,91717,150704,0
15705,146078,29388,0
15706,96995,151197,0
15707,235,148659,0
15708,34404,3714,0
15709,108924,101076,0
15710,54829,104739,0
15711,143826,8222,0
15712,136125,114679,0
15713,36225,140820,0
15714,135083,116950,0
15715,95534,100216,0
15716,61822,146180,0
15717,25449,30923,0
15718,69192,58975,0
15719,66066,126159,0
15720,117881,48969,0
15721,152617,20713,0
15722,127731,20374,0
15723,31862,97969,0
15724,12252,1517,0
15725,28950,55513,0
15726,52055,67953,0
15727,124643,99006,0
15728,106532,117502,0
15729,121949,127278,0
15730,96661,7095,0
15731,80274,19903,0
15732,77280,57024,0
15733,99726,142901,0
15734,29101,14500,0
15735,50300,59961,0
15736,41398,21170,0
15737,39382,17838,0
15738,145980,13606,0
15739,64233,11588,0
15740,27210,145603,0
15741,135062,2701,0
15742,8921,111461,0
15743,21940,33453,0
15744,16378,69108,0
15745,63547,31753,0
15746,73726,112005,0
15747,151346,142560,0
15748,45073,17434,0
15749,79996,133113,0
15750,108395,30347,0
15751,13776,78669,0
15752,58494,123349,0
15753,154670,146297,0
15754,146014,59144,0
15755,47991,55570,0
15756,57444,87238,0
15757,81286,29639,0
15758,124304,42873,0
15759,107203,92931,0
15760,57857,84819,0
15761,44822,154927,0
15762,16742,94908,0
15763,45517,136107,0
15764,114787,2696,0
15765,78171,89261,0
15766,130878,23525,0
15767,116971,139019,0
15768,147781,47879,0
15769,86865,67593,0
15770,25051,72003,0
15771,39072,43033,0
15772,154619,146275,0
15773,115788,79472,0
15774,7065,154510,0
15775,129216,138464,0
15776,98630,5335,0
15777,26249,129028,0
15778,14862,105839,0
15779,103288,22765,0
15780,18541,140521,0
15781,19945,105697,0
15782,46552,143776,0
15783,76055,65766,0
15784,22691,42501,0
15785,54813,65195,0
15786,84011,131474,0
15787,19397,54493,0
15788,100276,108688,0
15789,28897,104995,0
15790,34123,85723,0
15791,40244,62842,0
15792,16367,3509,0
15793,133765,21746,0
15794,113224,17381,0
15795,9740,153177,0
15796,46966,130639,0
15797,99542,117176,0
15798,32330,89989,0
15799,127508,65870,0
15800,123004,55637,0
15801,94887,88975,0
15802,125974,140738,0
15803,110923,128665,0
15804,107059,48051,0
15805,46469,93488,0
15806,129897,3321,0
15807,43193,68519,0
15808,23281,140520,0
15809,149181,44482,0
15810,20349,140653,0
15811,111682,61798,0
15812,98367,10532,0
15813,54234,38966,0
15814,66449,61099,0
15815,20170,113511,0
15816,17322,71918,0
15817,8717,130287,0
15818,84830,48379,0
15819,49497,17846,0
15820,83546,117209,0
15821,106334,79718,0
15822,100893,123988,0
15823,64290,48529,0
15824,7335,92780,0
15825,50120,53297,0
15826,101524,20008,0
15827,43734,86372,0
15828,7263,129754,0
15829,64022,92439,0
15830,150452,37174,0
15831,103316,65916,0
15832,43562,124086,0
15833,31878,137711,0
15834,1635,113382,0
15835,64020,33436,0
15836,124693,111613,0
15837,30898,24706,0
15838,89466,78920,0
15839,59568,440,0
15840,125217,108813,0
15841,84470,129814,0
15842,70897,21622,0
15843,107475,33959,0
15844,12870,44861,0
15845,115719,3241,0
15846,115672,96429,0
15847,32061,56549,0
15848,126251,74983,0
15849,33210,81318,0
15850,32124,104328,0
15851,27645,92615,0
15852,85418,110988,0
15853,65360,102627,0
15854,36993,56586,0
15855,67171,23110,0
15856,29886,63007,0
15857,92217,94383,0
15858,6979,38555,0
15859,126116,70393,0
15860,10758,87296,0
15861,61647,136548,0
15862,121315,119125,0
15863,120246,62919,0
15864,13205,129934,0
15865,99542,80422,0
15866,17150,9420,0
15867,1057,61023,0
15868,141809,74049,0
15869,79416,106725,0
15870,121887,43048,0
15871,129857,132880,0
15872,1628,50514,0
15873,76321,66345,0
15874,91036,128219,0
15875,101241,133829,0
15876,18661,120214,0
15877,81330,19024,0
15878,118013,43467,0
15879,68363,137161,0
15880,70248,126306,0
15881,46773,36666,0
15882,137574,63850,0
15883,81388,12514,0
15884,30818,104215,0
15885,19786,31126,0
15886,14107,93250,0
15887,32,14821,0
15888,107631,11755,0
15889,111983,139756,0
15890,21193,73894,0
15891,131227,16933,0
15892,17215,109923,0
15893,46724,138195,0
15894,45103,95391,0
15895,37267,52322,0
15896,95746,10411,0
15897,22591,121178,0
15898,90790,19133,0
15899,12407,152193,0
15900,63364,6879,0
15901,102628,102404,0
15902,92937,45726,0
15903,39163,111084,0
15904,47459,128757,0
15905,51784,16704,0
15906,11522,37928,0
15907,151,5778,0
15908,72760,10667,0
15909,88161,100325,0
15910,116082,115323,0
15911,117376,17506,0
15912,81457,47825,0
15913,37096,53189,0
15914,31493,142237,0
15915,6994,142488,0
15916,67394,56341,0
15917,3793,126284,0
15918,138402,119778,0
15919,76159,128034,0
15920,129172,5026,0
15921,11861,52052,0
15922,114221,31717,0
15923,38058,34947,0
15924,59580,92508,0
15925,147508,137235,0
15926,69641,110481,0
15927,24472,153215,0
15928,113977,95626,0
15929,16370,30349,0
15930,129800,52401,0
15931,57561,153529,0
15932,8304,93845,0
15933,143269,9661,0
15934,79710,153762,0
15935,90107,15956,0
15936,115421,116230,0
15937,128373,101603,0
15938,67404,76632,0
15939,28679,143069,0
15940,40470,38631,0
15941,65194,93933,0
15942,92515,67502,0
15943,30029,50953,0
15944,96018,111447,0
15945,78229,51640,0
15946,72028,133412,0
15947,89694,11408,0
15948,18891,13582,0
15949,14324,37938,0
15950,150024,121391,0
15951,38468,100174,0
15952,38312,21844,0
15953,140500,82270,0
15954,141012,38914,0
15955,88614,9496,0
15956,139775,113251,0
15957,81149,126853,0
15958,119397,22602,0
15959,53365,204,0
15960,97455,53423,0
15961,90285,105162,0
15962,93266,99553,0
15963,26905,78044,0
15964,104045,17187,0
15965,51213,42695,0
15966,61415,20361,0
15967,75781,139173,0
15968,23113,79041,0
15969,106799,94310,0
15970,101244,83013,0
15971,92726,87091,0
15972,43539,138383,0
15973,143365,48058,0
15974,22252,53476,0
15975,13405,54817,0
15976,125801,11145,0
15977,122192,3638,0
15978,26099,67097,0
15979,55912,64472,0
15980,63022,42796,0
15981,74267,117076,0
15982,146555,95875,0
15983,51895,154433,0
15984,125725,74579,0
15985,144865,50953,0
15986,30192,24689,0
15987,75738,81760,0
15988,44843,135723,0
15989,82537,8499,0
15990,137716,91089,0
15991,18995,20996,0
15992,53482,33209,0
15993,100307,111223,0
15994,81568,54557,0
15995,77530,81501,0
15996,79848,31495,0
15997,137248,72134,0
15998,24068,111102,0
15999,135375,51878,0
16000,115820,97117,0
16001,131517,63986,0
16002,132024,27953,0
16003,146344,90381,0
16004,97188,134897,0
16005,146738,43051,0
16006,61364,116961,0
16007,76977,101767,0
16008,56686,129029,0
16009,149110,73527,0
16010,2698,87060,0
16011,57368,41663,0
16012,29975,154400,0
16013,41930,137304,0
16014,67930,137922,0
16015,24425,93409,0
16016,67801,117710,0
16017,95196,51946,0
16018,29566,14156,0
16019,3721,121187,0
16020,114444,53070,0
16021,81917,91338,0
16022,50751,116260,0
16023,51407,124966,0
16024,139696,68681,0
16025,39168,152949,0
16026,34511,94932,0
16027,111911,19679,0
16028,68990,118040,0
16029,47608,70491,0
16030,72460,134224,0
16031,135951,94335,0
16032,24080,16106,0
16033,38793,111193,0
16034,129511,54981,0
16035,114798,119493,0
16036,78993,146965,0
16037,17088,410,0
16038,133424,40818,0
16039,51418,83589,0
16040,60473,77639,0
16041,37048,7711,0
16042,42999,138898,0
16043,17979,51342,0
16044,153437,62938,0
16045,5918,44825,0
16046,72252,111348,0
16047,13524,74544,0
16048,64902,24655,0
16049,21940,140829,0
16050,70494,39850,0
16051,119863,8104,0
16052,38367,144821,0
16053,124882,4349,0
16054,96251,122044,0
16055,69950,84610,0
16056,102789,7505,0
16057,147729,81268,0
16058,136795,79748,0
16059,1162,58310,0
16060,121637,62221,0
16061,44516,91009,0
16062,90608,16247,0
16063,21664,84152,0
16064,85085,17213,0
16065,86291,31592,0
16066,10896,123984,0
16067,107805,63872,0
16068,24643,15523,0
16069,45984,153956,0
16070,112172,126882,0
16071,36785,48239,0
16072,42242,141347,0
16073,14345,147117,0
16074,44126,59600,0
16075,18909,39773,0
16076,97327,52043,0
16077,75583,100044,0
16078,154297,147030,0
16079,18054,81134,0
16080,95423,38811,0
16081,108346,96494,0
16082,49095,73830,0
16083,149287,18168,0
16084,47635,5541,0
16085,98103,63774,0
16086,33765,118575,0
16087,132756,34357,0
16088,14934,70049,0
16089,65477,125360,0
16090,118779,58788,0
16091,28465,93343,0
16092,65788,146106,0
16093,90359,94851,0
16094,63758,111282,0
16095,32199,115755,0
16096,72075,38398,0
16097,100396,99561,0
16098,84468,63664,0
16099,76339,143459,0
16100,126404,151193,0
16101,124916,93427,0
16102,45111,91621,0
16103,32309,145962,0
16104,45062,100197,0
16105,21300,74664,0
16106,111995,140832,0
16107,23886,94565,0
16108,75084,39168,0
16109,15004,62250,0
16110,104195,141407,0
16111,11912,76269,0
16112,23231,135574,0
16113,142883,130040,0
16114,91515,118408,0
16115,86210,111135,0
16116,132930,35257,0
16117,9189,125202,0
16118,6329,97222,0
16119,121752,14296,0
16120,49188,36257,0
16121,16225,148000,0
16122,93784,89958,0
16123,47696,49579,0
16124,103552,69043,0
16125,37254,1514,0
16126,108548,70332,0
16127,51779,13604,0
16128,141314,78826,0
16129,73588,25523,0
16130,25291,12943,0
16131,54556,61940,0
16132,35598,136658,0
16133,144059,120969,0
16134,60690,149336,0
16135,150189,37477,0
16136,53563,215,0
16137,154420,91682,0
16138,135375,105072,0
16139,154527,8335,0
16140,18555,74643,0
16141,150327,20418,0
16142,79344,13075,0
16143,153202,97915,0
16144,106477,21266,0
16145,151937,43181,0
16146,143970,8515,0
16147,37881,147489,0
16148,83493,8590,0
16149,44316,86696,0
16150,36542,105139,0
16151,379,90596,0
16152,95847,7968,0
16153,55742,9800,0
16154,84619,59132,0
16155,85620,55108,0
16156,106066,40191,0
16157,39163,65492,0
16158,50704,45218,0
16159,154762,127662,0
16160,108118,92381,0
16161,4471,141747,0
16162,64881,102238,0
16163,62362,83224,0
16164,39921,91629,0
16165,91599,27450,0
16166,135947,27268,0
16167,98843,72019,0
16168,49445,129098,0
16169,49507,6164,0
16170,33847,1236,0
16171,12953,48219,0
16172,33210,8579,0
16173,27201,45543,0
16174,22104,153306,0
16175,56840,90286,0
16176,130023,25414,0
16177,74571,45245,0
16178,60884,146128,0
16179,88278,25454,0
16180,3302,137481,0
16181,116886,74852,0
16182,92964,66948,0
16183,73052,5751,0
16184,82389,107972,0
16185,91944,47908,0
16186,30749,25712,0
16187,86330,29378,0
16188,97885,145448,0
16189,26771,67002,0
16190,130829,150879,0
16191,55145,45211,0
16192,78269,121833,0
16193,6968,88331,0
16194,153419,140887,0
16195,43444,105610,0
16196,7293,22210,0
16197,151619,132964,0
16198,71229,43112,0
16199,114469,30469,0
16200,125740,41056,0
16201,24118,138392,0
16202,154540,123952,0
16203,133631,28978,0
16204,87163,114560,0
16205,26486,68091,0
16206,87056,101384,0
16207,19670,145954,0
16208,9293,11043,0
16209,36672,31098,0
16210,65689,110666,0
16211,143928,62853,0
16212,2950,71596,0
16213,23574,47952,0
16214,71835,13062,0
16215,124795,133248,0
16216,55564,129752,0
16217,113603,117469,0
16218,112998,37149,0
16219,54900,37237,0
16220,142203,89241,0
16221,121496,123096,0
16222,71325,44578,0
16223,115290,1693,0
16224,58541,90221,0
16225,153789,93310,0
16226,37982,98427,0
16227,24576,20811,0
16228,60822,88365,0
16229,63115,15195,0
16230,67602,60046,0
16231,19728,12852,0
16232,119195,38383,0
16233,140490,155106,0
16234,109000,43743,0
16235,63792,54592,0
16236,112065,72508,0
16237,44665,151610,0
16238,130285,135240,0
16239,67698,134330,0
16240,123828,115887,0
16241,6450,32490,0
16242,132750,106460,0
16243,85752,7941,0
16244,140577,34579,0
16245,33500,44897,0
16246,121904,137352,0
16247,307,30736,0
16248,101460,7341,0
16249,74876,62190,0
16250,71656,48540,0
16251,97654,95935,0
16252,76648,49983,0
16253,62440,89149,0
16254,132626,60546,0
16255,63767,127699,0
16256,33467,47515,0
16257,93727,21271,0
16258,29027,44054,0
16259,63500,148365,0
16260,55405,28720,0
16261,144673,125479,0
16262,49154,118673,0
16263,26905,109008,0
16264,39699,90304,0
16265,19338,87115,0
16266,58948,136660,0
16267,36529,44958,0
16268,135932,117393,0
16269,152764,154144,0
16270,4250,41217,0
16271,89718,53953,0
16272,151387,46314,0
16273,77727,5664,0
16274,71209,91269,0
16275,10601,45830,0
16276,21300,84462,0
16277,106731,67929,0
16278,17324,133216,0
16279,88204,94721,0
16280,151482,151769,0
16281,110977,149732,0
16282,123191,16816,0
16283,154016,153954,0
16284,138175,96373,0
16285,2866,21867,0
16286,74458,54929,0
16287,28047,15022,0
16288,74086,130406,0
16289,151233,64581,0
16290,149128,39975,0
16291,147503,56447,0
16292,102110,91344,0
16293,152944,147927,0
16294,146183,104288,0
16295,62440,85190,0
16296,110736,55600,0
16297,80021,133293,0
16298,36262,20967,0
16299,154093,137111,0
16300,11177,26907,0
16301,44146,126872,0
16302,79142,6873,0
16303,44413,98214,0
16304,50309,123010,0
16305,105211,25143,0
16306,135804,18412,0
16307,51062,129904,0
16308,132386,43133,0
16309,31091,109940,0
16310,93433,25041,0
16311,135171,122519,0
16312,85957,143972,0
16313,70723,123245,0
16314,149845,54498,0
16315,125615,65062,0
16316,146298,80603,0
16317,146183,10080,0
16318,34460,127075,0
16319,149979,113239,0
16320,142924,126459,0
16321,74147,82836,0
16322,138175,98679,0
16323,25344,94127,0
16324,5783,51864,0
16325,16423,122563,0
16326,106391,5023,0
16327,116447,18871,0
16328,45980,7178,0
16329,57820,93887,0
16330,25727,17325,0
16331,61304,84641,0
16332,3331,34676,0
16333,33734,19152,0
16334,24302,136120,0
16335,114932,19455,0
16336,19611,101540,0
16337,114110,31515,0
16338,18398,126569,0
16339,149503,21844,0
16340,111281,91051,0
16341,72503,140044,0
16342,58436,36170,0
16343,274,48141,0
16344,43014,33868,0
16345,124227,7696,0
16346,154848,96233,0
16347,148777,152204,0
16348,43397,132109,0
16349,140491,91466,0
16350,78108,91684,0
16351,125787,23275,0
16352,1275,125683,0
16353,47118,7731,0
16354,96069,78998,0
16355,34185,33938,0
16356,152816,142517,0
16357,108742,94061,0
16358,11827,34806,0
16359,72297,143287,0
16360,147724,95910,0
16361,103874,52096,0
16362,74219,45507,0
16363,93526,48260,0
16364,105437,28161,0
16365,37134,15808,0
16366,12796,109897,0
16367,105067,80907,0
16368,15692,101229,0
16369,149916,34239,0
16370,101195,1492,0
16371,92358,61056,0
16372,24168,145338,0
16373,154437,94142,0
16374,101393,36857,0
16375,61857,117443,0
16376,112946,40968,0
16377,49760,41138,0
16378,138391,24887,0
16379,139029,20782,0
16380,89627,119665,0
16381,79031,38,0
16382,70506,117078,0
16383,31250,72219,0
16384,133713,108725,0
16385,71896,114614,0
16386,64030,101459,0
16387,74828,134605,0
16388,99516,7543,0
16389,105234,28116,0
16390,5469,100506,0
16391,152295,21156,0
16392,43045,100026,0
16393,38342,83564,0
16394,112034,103366,0
16395,40216,117718,0
16396,6317,105408,0
16397,26915,97762,0
16398,123385,24869,0
16399,41914,136935,0
16400,70062,8852,0
16401,47747,40004,0
16402,35809,100604,0
16403,33623,25357,0
16404,42569,101713,0
16405,16925,81865,0
16406,77864,99902,0
16407,112530,64623,0
16408,83395,133266,0
16409,30472,122771,0
16410,20135,59621,0
16411,116501,74353,0
16412,46935,93295,0
16413,51279,90361,0
16414,9500,119561,0
16415,105646,62824,0
16416,76581,99620,0
16417,43058,154885,0
16418,47932,61435,0
16419,79975,102342,0
16420,108475,90509,0
16421,56060,118455,0
16422,146925,92832,0
16423,127145,65408,0
16424,72774,44622,0
16425,121347,147383,0
16426,154502,49098,0
16427,82870,152668,0
16428,80956,63730,0
16429,71407,39747,0
16430,18975,139926,0
16431,136387,93346,0
16432,113396,67031,0
16433,115188,31150,0
16434,790,50397,0
16435,51384,104256,0
16436,937,5045,0
16437,106971,142057,0
16438,39493,13360,0
16439,32602,3746,0
16440,10844,106108,0
16441,34597,19371,0
16442,26030,22218,0
16443,23230,111707,0
16444,87864,73543,0
16445,34757,44033,0
16446,143927,128850,0
16447,10410,138680,0
16448,109042,51268,0
16449,70163,24594,0
16450,146771,116787,0
16451,95635,121915,0
16452,125156,17652,0
16453,10262,37304,0
16454,84853,24827,0
16455,67725,70348,0
16456,9972,95180,0
16457,121857,151126,0
16458,20589,154429,0
16459,23766,77093,0
16460,111089,55970,0
16461,41556,76825,0
16462,66077,67699,0
16463,44705,78525,0
16464,100758,1644,0
16465,128097,154323,0
16466,154279,81165,0
16467,59710,146226,0
16468,138491,42505,0
16469,89145,96073,0
16470,137265,127895,0
16471,135848,109233,0
16472,93786,26367,0
16473,148983,47228,0
16474,100590,41582,0
16475,111808,104307,0
16476,75776,19949,0
16477,80894,1967,0
16478,61587,79625,0
16479,109324,111270,0
16480,31837,128387,0
16481,48854,76863,0
16482,92190,89098,0
16483,29786,12828,0
16484,154602,5113,0
16485,17038,112510,0
16486,92028,88280,0
16487,66798,61905,0
16488,93464,76621,0
16489,49675,148056,0
16490,109760,154489,0
16491,27795,123099,0
16492,48680,144880,0
16493,353,84411,0
16494,37760,69813,0
16495,153704,77705,0
16496,10043,84480,0
16497,98366,18177,0
16498,136296,46651,0
16499,92485,51440,0
16500,148731,143220,0
16501,83888,31271,0
16502,487,93348,0
16503,119536,107773,0
16504,76576,15160,0
16505,25728,79719,0
16506,149916,142895,0
16507,67315,125104,0
16508,56029,137826,0
16509,94612,14935,0
16510,57148,154313,0
16511,21285,127491,0
16512,32445,79802,0
16513,95128,92516,0
16514,76972,66891,0
16515,49229,68528,0
16516,134291,43041,0
16517,3813,149984,0
16518,52999,146951,0
16519,88958,110724,0
16520,31635,77616,0
16521,44997,80422,0
16522,80775,145094,0
16523,14832,36327,0
16524,17118,88649,0
16525,134256,118362,0
16526,8393,64234,0
16527,16392,134255,0
16528,135926,35006,0
16529,69505,154909,0
16530,84012,106090,0
16531,132365,40275,0
16532,45984,108124,0
16533,58574,4585,0
16534,68203,79075,0
16535,136667,118316,0
16536,75371,12979,0
16537,113202,13469,0
16538,35750,116093,0
16539,46799,78118,0
16540,72841,35690,0
16541,111134,30386,0
16542,26050,121355,0
16543,132456,118610,0
16544,29917,71130,0
16545,125544,130157,0
16546,78453,24062,0
16547,42034,153316,0
16548,10421,61701,0
16549,64052,146428,0
16550,17568,72735,0
16551,136262,87488,0
16552,88048,120902,0
16553,13655,23770,0
16554,18563,133120,0
16555,84701,135010,0
16556,79927,89286,0
16557,60583,80533,0
16558,65800,116159,0
16559,107839,147063,0
16560,8066,30630,0
16561,129476,150655,0
16562,131700,133467,0
16563,150815,71155,0
16564,44592,150409,0
16565,45278,127509,0
16566,127734,43769,0
16567,143290,22543,0
16568,79219,57906,0
16569,22568,59519,0
16570,72221,80949,0
16571,136510,83894,0
16572,85751,86822,0
16573,68081,42323,0
16574,146564,83488,0
16575,23627,128205,0
16576,109079,38498,0
16577,12549,59625,0
16578,19249,112330,0
16579,44198,129027,0
16580,145432,138979,0
16581,133064,57649,0
16582,120101,124508,0
16583,65622,32129,0
16584,121489,98353,0
16585,135234,46372,0
16586,28919,129212,0
16587,51033,86467,0
16588,47335,109,0
16589,143390,47072,0
16590,26618,88996,0
16591,102314,88987,0
16592,119950,25972,0
16593,141074,115547,0
16594,24420,21685,0
16595,17986,154056,0
16596,18633,59353,0
16597,57760,94397,0
16598,114765,108409,0
16599,64155,62910,0
16600,85229,105778,0
16601,102726,5911,0
16602,85316,8936,0
16603,28067,133355,0
16604,27275,17289,0
16605,6419,54590,0
16606,116810,120616,0
16607,44833,11830,0
16608,149916,120382,0
16609,9417,2174,0
16610,23364,65853,0
16611,97830,86010,0
16612,123294,125111,0
16613,97362,88418,0
16614,17255,127933,0
16615,69149,11112,0
16616,82491,17935,0
16617,70215,5347,0
16618,63266,74714,0
16619,76944,43136,0
16620,83569,80188,0
16621,106799,42716,0
16622,86055,102045,0
16623,153526,119214,0
16624,45075,85807,0
16625,19553,4288,0
16626,5554,10477,0
16627,88600,18968,0
16628,102692,61222,0
16629,23364,3168,0
16630,64564,46009,0
16631,60021,64939,0
16632,148303,65219,0
16633,63606,133894,0
16634,2391,19680,0
16635,29245,48797,0
16636,96451,61629,0
16637,112734,107469,0
16638,90108,7641,0
16639,64792,48486,0
16640,14990,19042,0
16641,101844,144876,0
16642,29287,28599,0
16643,100016,64943,0
16644,86401,149824,0
16645,2045,125127,0
16646,84470,88049,0
16647,66812,81714,0
16648,112913,108073,0
16649,82719,115993,0
16650,18482,34564,0
16651,84256,120133,0
16652,104457,109332,0
16653,29871,144680,0
16654,47608,72979,0
16655,73870,141713,0
16656,133320,113393,0
16657,97771,88126,0
16658,137713,36457,0
16659,151719,150268,0
16660,119009,142276,0
16661,124421,91012,0
16662,143554,123407,0
16663,80626,120268,0
16664,93229,78580,0
16665,89003,141435,0
16666,143102,31277,0
16667,77960,38139,0
16668,49718,96138,0
16669,93459,101363,0
16670,147043,54542,0
16671,42251,64267,0
16672,81047,132397,0
16673,36635,140848,0
16674,57405,71238,0
16675,130858,144262,0
16676,115932,68154,0
16677,86696,12079,0
16678,49535,948,0
16679,71396,63692,0
16680,14787,34840,0
16681,79031,17236,0
16682,140542,128374,0
16683,43130,20424,0
16684,125612,28313,0
16685,100404,84752,0
16686,42928,138061,0
16687,61822,85857,0
16688,138653,109861,0
16689,123357,4860,0
16690,8112,117901,0
16691,139231,3257,0
16692,109658,7127,0
16693,119930,10755,0
16694,45970,147184,0
16695,100430,117973,0
16696,58891,102657,0
16697,5760,69742,0
16698,128894,58777,0
16699,25911,12054,0
16700,33939,152325,0
16701,38941,127954,0
16702,28305,46296,0
16703,21193,43381,0
16704,52413,83559,0
16705,71842,26103,0
16706,92718,39515,0
16707,105211,48141,0
16708,153142,21662,0
16709,148640,128861,0
16710,46058,7467,0
16711,32745,121753,0
16712,132291,56985,0
16713,71197,21587,0
16714,152080,69929,0
16715,96072,101629,0
16716,80467,115832,0
16717,117503,147933,0
16718,95500,37503,0
16719,77286,20418,0
16720,60735,43902,0
16721,141558,17369,0
16722,34454,101530,0
16723,74116,48833,0
16724,153710,102947,0
16725,1945,144447,0
16726,24776,81100,0
16727,38756,102100,0
16728,532,140811,0
16729,117396,133283,0
16730,112778,129377,0
16731,78412,129843,0
16732,136579,17110,0
16733,132298,122258,0
16734,133206,129980,0
16735,118304,131948,0
16736,127409,132688,0
16737,113806,63948,0
16738,81333,93384,0
16739,152475,16598,0
16740,149804,116082,0
16741,18812,112339,0
16742,107232,72328,0
16743,132440,36633,0
16744,103687,129711,0
16745,61927,85575,0
16746,73635,84405,0
16747,130694,46606,0
16748,30646,132551,0
16749,95894,115218,0
16750,97451,145072,0
16751,36116,29115,0
16752,13624,144528,0
16753,95818,69351,0
16754,106123,64657,0
16755,152268,91895,0
16756,147469,115577,0
16757,80914,103394,0
16758,14572,9651,0
16759,57352,142038,0
16760,46843,147467,0
16761,123602,113649,0
16762,148595,146518,0
16763,6927,20097,0
16764,145131,124223,0
16765,30604,30751,0
16766,38864,94435,0
16767,123854,78134,0
16768,19068,46703,0
16769,80137,114207,0
16770,103166,136266,0
16771,64151,114438,0
16772,112516,72318,0
16773,80288,143023,0
16774,50157,153592,0
16775,114998,109164,0
16776,103147,85964,0
16777,128249,113247,0
16778,40841,22535,0
16779,153353,61852,0
16780,36496,124188,0
16781,74619,78690,0
16782,51292,43377,0
16783,6989,3275,0
16784,132632,53214,0
16785,30173,148381,0
16786,25657,16902,0
16787,133280,144237,0
16788,87255,26346,0
16789,124617,125996,0
16790,96660,137433,0
16791,96639,111907,0
16792,26217,128447,0
16793,43869,100876,0
16794,63846,33480,0
16795,62806,52475,0
16796,141100,145519,0
16797,99191,93714,0
16798,129655,57799,0
16799,108904,100848,0
16800,131872,90496,0
16801,34556,22756,0
16802,122076,134001,0
16803,33985,120447,0
16804,134066,127598,0
16805,130290,152123,0
16806,26050,117028,0
16807,92125,12790,0
16808,4925,88248,0
16809,95643,7156,0
16810,11788,45825,0
16811,137526,151215,0
16812,33156,362,0
16813,111799,57651,0
16814,35490,50405,0
16815,132458,98546,0
16816,127583,32552,0
16817,6167,73,0
16818,49508,126336,0
16819,123935,77847,0
16820,94777,97504,0
16821,105782,52326,0
16822,120151,6180,0
16823,80306,66680,0
16824,587,131326,0
16825,49746,104973,0
16826,26275,132500,0
16827,22724,43928,0
16828,75445,140081,0
16829,45300,142825,0
16830,132480,80213,0
16831,86153,134885,0
16832,155190,32773,0
16833,39010,140675,0
16834,153210,57816,0
16835,15794,13593,0
16836,129699,150663,0
16837,61256,129394,0
16838,113819,55758,0
16839,25553,136293,0
16840,23149,6114,0
16841,116216,117620,0
16842,57671,90973,0
16843,49315,150528,0
16844,56215,76140,0
16845,154330,50146,0
16846,108440,40801,0
16847,42530,72887,0
16848,40283,91111,0
16849,75405,55287,0
16850,106953,39013,0
16851,116307,134111,0
16852,54196,57772,0
16853,93489,48127,0
16854,79513,2385,0
16855,129857,122982,0
16856,38579,34465,0
16857,34693,68395,0
16858,110035,93814,0
16859,125634,849,0
16860,104002,15286,0
16861,146231,10267,0
16862,19556,125227,0
16863,69936,19537,0
16864,128770,8675,0
16865,129543,113393,0
16866,145380,137632,0
16867,78456,132938,0
16868,133388,8186,0
16869,31951,36315,0
16870,26068,118620,0
16871,74170,83744,0
16872,140876,103800,0
16873,129838,32702,0
16874,133336,100746,0
16875,92774,119512,0
16876,144876,103647,0
16877,33611,130591,0
16878,135476,105012,0
16879,135145,48163,0
16880,49316,94721,0
16881,71101,70630,0
16882,19283,39440,0
16883,95431,73423,0
16884,2481,76411,0
16885,18107,130451,0
16886,109824,94348,0
16887,86107,49015,0
16888,68396,42883,0
16889,117032,144419,0
16890,89770,13824,0
16891,141304,139821,0
16892,134638,33499,0
16893,10065,21093,0
16894,142910,51195,0
16895,130778,90249,0
16896,125079,42924,0
16897,112840,52788,0
16898,147363,87141,0
16899,140892,135385,0
16900,89803,29720,0
16901,29724,47396,0
16902,72512,8183,0
16903,29724,140488,0
16904,128967,118500,0
16905,17445,29051,0
16906,125337,26464,0
16907,12153,46608,0
16908,137139,105433,0
16909,1855,129419,0
16910,87986,123120,0
16911,14637,132485,0
16912,5990,65314,0
16913,146549,83435,0
16914,84813,35859,0
16915,77989,57407,0
16916,121369,72893,0
16917,35126,1248,0
16918,53257,36375,0
16919,97348,11901,0
16920,86917,99348,0
16921,74733,71159,0
16922,11325,68643,0
16923,42783,76108,0
16924,128770,154260,0
16925,67795,135246,0
16926,80499,92712,0
16927,46395,53189,0
16928,24161,39910,0
16929,2202,28718,0
16930,57797,112679,0
16931,54105,102764,0
16932,84757,82337,0
16933,35824,15432,0
16934,112988,52357,0
16935,72804,123749,0
16936,12269,86495,0
16937,111181,2574,0
16938,152092,144155,0
16939,44736,146149,0
16940,14099,2235,0
16941,142611,103856,0
16942,129728,12450,0
16943,72699,129274,0
16944,9507,126406,0
16945,74667,148423,0
16946,94445,133698,0
16947,142269,128174,0
16948,53953,130494,0
16949,61875,131602,0
16950,39918,35174,0
16951,12291,127715,0
16952,146498,148514,0
16953,35519,91636,0
16954,127658,34410,0
16955,62588,56524,0
16956,102822,38102,0
16957,56939,55132,0
16958,144036,124972,0
16959,15997,89208,0
16960,61953,51119,0
16961,101015,71129,0
16962,90293,70251,0
16963,68422,83286,0
16964,36661,14861,0
16965,139638,118387,0
16966,87119,45671,0
16967,7745,113297,0
16968,123460,41714,0
16969,52058,61394,0
16970,5161,28949,0
16971,80440,119482,0
16972,51762,67858,0
16973,61852,32075,0
16974,150744,117604,0
16975,6200,10242,0
16976,54403,53642,0
16977,128860,11554,0
16978,103225,79697,0
16979,64986,22187,0
16980,142579,29163,0
16981,13002,138047,0
16982,35470,108737,0
16983,95161,7262,0
16984,119019,83337,0
16985,151684,21725,0
16986,116943,4813,0
16987,76582,129799,0
16988,122849,40342,0
16989,67318,25913,0
16990,79249,125227,0
16991,6328,129967,0
16992,123899,66981,0
16993,145431,87257,0
16994,40740,127008,0
16995,39426,148039,0
16996,15479,88507,0
16997,95691,73277,0
16998,137281,142900,0
16999,126328,134917,0
17000,146150,94627,0
17001,148370,100974,0
17002,19912,152390,0
17003,26114,3424,0
17004,130159,27440,0
17005,122973,27992,0
17006,149457,28806,0
17007,34102,7469,0
17008,95373,31550,0
17009,131598,147676,0
17010,64041,118880,0
17011,5948,84731,0
17012,86369,83690,0
17013,104166,116823,0
17014,100129,142070,0
17015,22491,15278,0
17016,76369,1211,0
17017,72601,57721,0
17018,106705,86260,0
17019,10176,95990,0
17020,81742,151891,0
17021,48706,90298,0
17022,57347,134650,0
17023,71311,68555,0
17024,17998,132897,0
17025,63750,13745,0
17026,48142,59160,0
17027,46894,23677,0
17028,107100,100308,0
17029,26016,48340,0
17030,68246,113185,0
17031,22701,116419,0
17032,148881,33741,0
17033,55133,85028,0
17034,10654,115460,0
17035,36956,118224,0
17036,4626,149487,0
17037,4771,95020,0
17038,127584,36988,0
17039,61849,114272,0
17040,50719,57566,0
17041,107418,148386,0
17042,38554,67402,0
17043,37482,114734,0
17044,81958,71008,0
17045,84760,101800,0
17046,119034,61330,0
17047,133520,26274,0
17048,127787,116608,0
17049,121169,141722,0
17050,3073,138881,0
17051,87773,79861,0
17052,130220,120315,0
17053,138515,3687,0
17054,81283,86728,0
17055,145648,78695,0
17056,55253,105860,0
17057,35836,126713,0
17058,151844,44896,0
17059,101089,134439,0
17060,75872,123619,0
17061,74011,1410,0
17062,150079,47894,0
17063,18092,120179,0
17064,25946,105810,0
17065,120144,101315,0
17066,108005,78708,0
17067,16487,67500,0
17068,99046,9233,0
17069,6978,123919,0
17070,131822,7872,0
17071,58474,125683,0
17072,16280,47420,0
17073,8717,143661,0
17074,7243,116260,0
17075,30360,149792,0
17076,38003,90004,0
17077,79833,133185,0
17078,112380,97544,0
17079,28723,64684,0
17080,64030,101527,0
17081,139144,59152,0
17082,25707,10725,0
17083,72062,129552,0
17084,22762,6046,0
17085,27186,13414,0
17086,502,145376,0
17087,79800,98607,0
17088,26083,5083,0
17089,101668,107590,0
17090,118356,105232,0
17091,76120,127761,0
17092,70788,87581,0
17093,74760,72345,0
17094,104442,114937,0
17095,133392,20245,0
17096,63776,103908,0
17097,149612,128985,0
17098,119723,75466,0
17099,154578,34832,0
17100,109413,60405,0
17101,61448,146364,0
17102,6244,83581,0
17103,95374,45166,0
17104,131394,141504,0
17105,95277,139440,0
17106,144833,138349,0
17107,133520,147517,0
17108,145386,117617,0
17109,16672,147455,0
17110,124346,41648,0
17111,47244,55033,0
17112,56480,87598,0
17113,92419,66705,0
17114,134252,20539,0
17115,102071,98657,0
17116,154583,59032,0
17117,89331,139073,0
17118,38997,115238,0
17119,143177,42173,0
17120,154925,44903,0
17121,35485,90369,0
17122,66428,101520,0
17123,17583,11718,0
17124,149348,83101,0
17125,7834,124522,0
17126,131531,135685,0
17127,143843,130707,0
17128,97494,39847,0
17129,3818,5700,0
17130,60578,118599,0
17131,70792,151703,0
17132,124120,127965,0
17133,11087,28035,0
17134,16627,122879,0
17135,15161,145702,0
17136,83349,46483,0
17137,139934,101357,0
17138,28924,16941,0
17139,82209,125830,0
17140,7806,14288,0
17141,65332,106083,0
17142,143013,151460,0
17143,50211,104178,0
17144,92501,13715,0
17145,63671,111195,0
17146,56031,38560,0
17147,56314,71082,0
17148,61483,114249,0
17149,120557,126735,0
17150,14322,37990,0
17151,130735,146163,0
17152,123756,70650,0
17153,91538,90672,0
17154,155049,48192,0
17155,130143,96401,0
17156,3966,14029,0
17157,144817,147572,0
17158,113702,124744,0
17159,24493,4003,0
17160,44450,120562,0
17161,51915,80271,0
17162,22670,123614,0
17163,19758,150052,0
17164,5344,100294,0
17165,88836,152046,0
17166,120588,150419,0
17167,145159,3197,0
17168,32059,76160,0
17169,69993,150174,0
17170,129299,50468,0
17171,35750,11322,0
17172,8691,41892,0
17173,45770,29914,0
17174,80747,12112,0
17175,86240,153885,0
17176,30995,41645,0
17177,44593,54938,0
17178,47040,142811,0
17179,33734,11236,0
17180,41371,108261,0
17181,145277,10892,0
17182,110177,10206,0
17183,83304,71709,0
17184,12173,140158,0
17185,52195,20193,0
17186,153252,1596,0
17187,107560,106895,0
17188,15618,89447,0
17189,82019,6556,0
17190,33659,15725,0
17191,20564,131955,0
17192,75291,8658,0
17193,20403,141809,0
17194,66271,154238,0
17195,74917,49024,0
17196,32705,93757,0
17197,108904,13435,0
17198,147601,107250,0
17199,52115,19150,0
17200,138563,9811,0
17201,24859,131308,0
17202,131544,101451,0
17203,34470,142369,0
17204,103828,136658,0
17205,54915,62581,0
17206,32493,13224,0
17207,42545,122010,0
17208,41442,58113,0
17209,99213,37210,0
17210,100540,81973,0
17211,82996,122844,0
17212,91869,36518,0
17213,60285,112604,0
17214,18365,60272,0
17215,80781,8295,0
17216,16954,86425,0
17217,131466,5732,0
17218,8960,153988,0
17219,154602,98615,0
17220,98282,151161,0
17221,95923,50608,0
17222,89298,96648,0
17223,74061,98799,0
17224,78799,26255,0
17225,127137,8020,0
17226,13320,89810,0
17227,46582,109200,0
17228,37286,32622,0
17229,61264,21324,0
17230,152515,150970,0
17231,14401,26462,0
17232,45220,92561,0
17233,62148,24174,0
17234,44731,77412,0
17235,62813,126552,0
17236,68228,19844,0
17237,100857,130284,0
17238,75773,68272,0
17239,67203,35597,0
17240,60072,21570,0
17241,7724,28809,0
17242,106007,76308,0
17243,20331,103168,0
17244,10199,135788,0
17245,112971,151584,0
17246,133335,52985,0
17247,69485,23441,0
17248,3533,63922,0
17249,80995,95541,0
17250,4073,134717,0
17251,66472,133896,0
17252,43652,61710,0
17253,50777,145063,0
17254,26478,46078,0
17255,107985,138869,0
17256,72665,90215,0
17257,118366,90877,0
17258,39520,106439,0
17259,144082,107241,0
17260,89372,48010,0
17261,99792,62523,0
17262,152308,50353,0
17263,11992,110592,0
17264,86884,75977,0
17265,153941,51160,0
17266,148303,115231,0
17267,143609,55985,0
17268,39861,79383,0
17269,86693,7127,0
17270,52114,125874,0
17271,129816,63996,0
17272,147058,29261,0
17273,49623,45608,0
17274,10440,9976,0
17275,104963,122719,0
17276,146047,42335,0
17277,72957,143251,0
17278,110620,115957,0
17279,150083,53921,0
17280,143418,53256,0
17281,121535,70372,0
17282,136942,115445,0
17283,18554,43427,0
17284,112904,4672,0
17285,120868,47793,0
17286,105886,3680,0
17287,61500,20872,0
17288,28930,50500,0
17289,99249,52362,0
17290,126794,121763,0
17291,31629,43094,0
17292,72804,31136,0
17293,74620,79607,0
17294,41083,137204,0
17295,126878,94770,0
17296,132878,144448,0
17297,131792,117171,0
17298,3131,29315,0
17299,96006,119786,0
17300,128124,65158,0
17301,37584,20295,0
17302,103957,61922,0
17303,51199,125314,0
17304,33150,71204,0
17305,14878,6633,0
17306,73510,27550,0
17307,57947,21035,0
17308,11487,1795,0
17309,116059,47171,0
17310,39127,2436,0
17311,97228,134207,0
17312,51264,6851,0
17313,100274,74218,0
17314,23587,152349,0
17315,30953,91081,0
17316,103126,6875,0
17317,117433,29980,0
17318,49337,118773,0
17319,56489,58478,0
17320,16729,5946,0
17321,61711,100722,0
17322,137285,63100,0
17323,79754,78635,0
17324,127722,136750,0
17325,145065,114820,0
17326,106929,45500,0
17327,24001,62034,0
17328,98366,153081,0
17329,15382,155080,0
17330,117310,135212,0
17331,53375,137768,0
17332,81909,94127,0
17333,111779,11592,0
17334,119998,42762,0
17335,44075,113033,0
17336,39009,42462,0
17337,143678,135404,0
17338,3708,67252,0
17339,16065,112368,0
17340,45025,31364,0
17341,128582,126885,0
17342,59193,30679,0
17343,123841,151584,0
17344,88760,91011,0
17345,138406,145503,0
17346,133374,119214,0
17347,68812,83213,0
17348,64966,136723,0
17349,67241,128369,0
17350,60410,46570,0
17351,150141,104692,0
17352,98697,84586,0
17353,121983,84291,0
17354,117889,132625,0
17355,5812,96621,0
17356,12806,85385,0
17357,20062,15045,0
17358,98109,143860,0
17359,114447,101959,0
17360,69633,35581,0
17361,80245,125865,0
17362,18257,137562,0
17363,113097,58297,0
17364,54170,78744,0
17365,7760,120089,0
17366,13518,147749,0
17367,83099,73170,0
17368,57166,134553,0
17369,115031,81318,0
17370,151345,19799,0
17371,11276,35393,0
17372,106232,86345,0
17373,108503,13763,0
17374,87240,23425,0
17375,101208,64298,0
17376,117862,60664,0
17377,39889,133630,0
17378,120411,78924,0
17379,73498,15557,0
17380,21922,70455,0
17381,122449,9357,0
17382,54426,28786,0
17383,6185,102052,0
17384,72850,67282,0
17385,82715,20964,0
17386,106447,52577,0
17387,22303,129624,0
17388,134674,129945,0
17389,3697,107300,0
17390,134501,154975,0
17391,137620,41318,0
17392,86301,120624,0
17393,152354,117094,0
17394,36255,104078,0
17395,134526,35793,0
17396,29131,40115,0
17397,60021,126089,0
17398,103594,3558,0
17399,74830,99978,0
17400,38375,137835,0
17401,91474,53869,0
17402,50769,61031,0
17403,138372,52792,0
17404,106335,57532,0
17405,9648,48615,0
17406,99633,136796,0
17407,92875,81182,0
17408,128022,127428,0
17409,143751,35455,0
17410,14906,91856,0
17411,31686,129950,0
17412,33140,9365,0
17413,90538,11813,0
17414,42559,77973,0
17415,55740,16945,0
17416,141261,114719,0
17417,97479,80383,0
17418,38274,127445,0
17419,115601,88782,0
17420,33278,138340,0
17421,99337,83225,0
17422,149503,48122,0
17423,42541,12256,0
17424,81851,105360,0
17425,100992,16289,0
17426,76699,90963,0
17427,85791,137804,0
17428,104411,27737,0
17429,55575,154549,0
17430,68885,110105,0
17431,36909,69634,0
17432,35473,3626,0
17433,105173,45301,0
17434,83886,47679,0
17435,67707,66832,0
17436,80998,83053,0
17437,136587,48287,0
17438,48475,79193,0
17439,40979,121445,0
17440,15100,17709,0
17441,147758,44887,0
17442,54980,104610,0
17443,83102,33605,0
17444,91175,15532,0
17445,11322,35202,0
17446,86975,15593,0
17447,135898,88182,0
17448,22191,13433,0
17449,3182,13356,0
17450,37168,2118,0
17451,68941,145871,0
17452,36165,38956,0
17453,142573,76874,0
17454,115623,116388,0
17455,153098,73862,0
17456,40239,85359,0
17457,123297,20526,0
17458,59760,131815,0
17459,143355,15293,0
17460,113520,12485,0
17461,20910,32517,0
17462,132808,109135,0
17463,93444,85429,0
17464,72368,120944,0
17465,37076,115639,0
17466,22818,125409,0
17467,21408,69533,0
17468,89202,123949,0
17469,115287,142144,0
17470,28624,62298,0
17471,74560,150323,0
17472,120036,76490,0
17473,131986,94741,0
17474,97866,49972,0
17475,155155,145678,0
17476,134378,60484,0
17477,20136,102064,0
17478,128316,29053,0
17479,4829,152026,0
17480,88754,6770,0
17481,119330,68773,0
17482,120713,29468,0
17483,17172,96839,0
17484,98036,3001,0
17485,103035,20748,0
17486,44950,114101,0
17487,120449,9159,0
17488,56641,5314,0
17489,139759,97740,0
17490,129431,64699,0
17491,52389,92263,0
17492,146262,32751,0
17493,146283,115824,0
17494,75382,83035,0
17495,109943,91057,0
17496,73571,48479,0
17497,153655,75620,0
17498,21493,55908,0
17499,778,89329,0
17500,130075,51854,0
17501,12653,32308,0
17502,148297,107586,0
17503,43420,91341,0
17504,122484,5311,0
17505,88334,33110,0
17506,154180,124706,0
17507,28800,137905,0
17508,127386,112718,0
17509,1023,78820,0
17510,17209,18272,0
17511,19038,104280,0
17512,33308,104721,0
17513,4295,37052,0
17514,66312,96310,0
17515,127140,118680,0
17516,48157,81390,0
17517,143542,91332,0
17518,146153,19434,0
17519,138316,1809,0
17520,103031,33498,0
17521,106744,5638,0
17522,68687,135786,0
17523,101536,111545,0
17524,1810,50544,0
17525,13366,20407,0
17526,109330,46828,0
17527,118538,8980,0
17528,114961,143832,0
17529,70416,80089,0
17530,110526,62034,0
17531,36962,64562,0
17532,19467,44326,0
17533,96365,108476,0
17534,134173,85128,0
17535,141230,124350,0
17536,22259,7170,0
17537,48987,112334,0
17538,80235,67721,0
17539,10955,122625,0
17540,132840,135595,0
17541,115171,55963,0
17542,29572,61363,0
17543,58708,51975,0
17544,56938,76171,0
17545,35460,47105,0
17546,155075,21989,0
17547,65433,148588,0
17548,144791,69046,0
17549,93702,108409,0
17550,130532,1402,0
17551,138682,56505,0
17552,151167,95492,0
17553,2195,78474,0
17554,129347,132192,0
17555,63226,79646,0
17556,76925,132483,0
17557,142202,99613,0
17558,73768,77814,0
17559,13910,149124,0
17560,25335,15183,0
17561,55304,7011,0
17562,8005,96251,0
17563,72185,89030,0
17564,151166,90369,0
17565,139844,42672,0
17566,4094,86216,0
17567,21033,77242,0
17568,102823,143693,0
17569,99395,142440,0
17570,143885,134389,0
17571,139775,94294,0
17572,153886,30562,0
17573,118733,129198,0
17574,90425,35532,0
17575,59594,91888,0
17576,26338,81040,0
17577,49330,103017,0
17578,73269,148606,0
17579,129636,140699,0
17580,53978,14675,0
17581,127646,80837,0
17582,140698,48705,0
17583,142801,10440,0
17584,91770,105542,0
17585,151351,135385,0
17586,135316,22675,0
17587,37881,44869,0
17588,67508,70583,0
17589,115073,81880,0
17590,154320,54685,0
17591,148593,139112,0
17592,152192,42833,0
17593,150499,62413,0
17594,94900,51215,0
17595,38523,121847,0
17596,114393,112823,0
17597,9102,61310,0
17598,149251,132617,0
17599,11940,4100,0
17600,100916,34179,0
17601,83880,39136,0
17602,153708,79383,0
17603,137408,100630,0
17604,115052,154451,0
17605,112636,129749,0
17606,45450,68245,0
17607,96094,16906,0
17608,14452,3805,0
17609,45523,92211,0
17610,19695,145025,0
17611,3970,133896,0
17612,65545,78161,0
17613,73304,108995,0
17614,147887,76692,0
17615,90385,137728,0
17616,7595,43718,0
17617,3762,58594,0
17618,36818,39594,0
17619,141491,150503,0
17620,66743,39049,0
17621,114711,891,0
17622,118654,36634,0
17623,26142,8078,0
17624,32533,4616,0
17625,68332,29927,0
17626,66454,6321,0
17627,13495,141580,0
17628,82172,90727,0
17629,50510,10760,0
17630,124611,112108,0
17631,70357,64351,0
17632,150124,17272,0
17633,130662,35816,0
17634,145817,123381,0
17635,125441,76611,0
17636,81722,111740,0
17637,73800,1911,0
17638,5015,7531,0
17639,79064,129049,0
17640,144939,92157,0
17641,43721,139627,0
17642,40755,54330,0
17643,26840,1921,0
17644,115811,34153,0
17645,32138,62714,0
17646,23100,15271,0
17647,24223,72849,0
17648,63817,120191,0
17649,106144,29324,0
17650,106266,91243,0
17651,50706,147262,0
17652,134676,34935,0
17653,30473,31509,0
17654,128654,27152,0
17655,58055,127349,0
17656,112765,108713,0
17657,22976,51421,0
17658,8448,30147,0
17659,2080,147012,0
17660,95954,37491,0
17661,117596,98899,0
17662,46363,87929,0
17663,86544,141229,0
17664,31494,110678,0
17665,136938,98309,0
17666,113899,133699,0
17667,93174,108566,0
17668,83981,95836,0
17669,117140,74442,0
17670,6940,42216,0
17671,12228,87342,0
17672,122251,101285,0
17673,74422,148626,0
17674,30560,55111,0
17675,70685,125786,0
17676,27861,40645,0
17677,49839,138446,0
17678,7953,126043,0
17679,109568,793,0
17680,101500,90639,0
17681,95037,155106,0
17682,15411,32616,0
17683,126331,61530,0
17684,17367,85333,0
17685,21987,9919,0
17686,130675,35959,0
17687,11378,89201,0
17688,111667,91394,0
17689,21609,36373,0
17690,40034,91097,0
17691,37525,21892,0
17692,76899,111795,0
17693,79479,109273,0
17694,94251,6174,0
17695,71408,21025,0
17696,38981,72453,0
17697,109307,34592,0
17698,32138,54435,0
17699,93773,101354,0
17700,62019,48198,0
17701,63959,97842,0
17702,72788,9524,0
17703,8559,31470,0
17704,47838,145472,0
17705,105998,21346,0
17706,108074,116476,0
17707,144105,138439,0
17708,19353,125452,0
17709,152691,140746,0
17710,79203,150275,0
17711,85733,25398,0
17712,36832,71059,0
17713,125083,72617,0
17714,143311,44197,0
17715,20472,63498,0
17716,145253,112163,0
17717,142670,150734,0
17718,148816,150687,0
17719,12857,16890,0
17720,23060,143420,0
17721,69476,31930,0
17722,126757,3715,0
17723,82609,14745,0
17724,66950,125536,0
17725,86487,205,0
17726,44373,2307,0
17727,130678,78157,0
17728,155136,119645,0
17729,28563,32923,0
17730,107246,70490,0
17731,71803,61130,0
17732,50013,90716,0
17733,136142,34517,0
17734,146389,115174,0
17735,81286,24305,0
17736,130439,70283,0
17737,128808,71780,0
17738,147078,83412,0
17739,82344,46384,0
17740,21826,91711,0
17741,97848,78824,0
17742,97493,16276,0
17743,144904,24614,0
17744,29144,121355,0
17745,91094,110674,0
17746,21629,59788,0
17747,25671,75711,0
17748,154316,23360,0
17749,1483,127980,0
17750,55933,26819,0
17751,20439,49886,0
17752,68136,95499,0
17753,61587,126580,0
17754,73908,37370,0
17755,147446,63262,0
17756,8157,95413,0
17757,38913,126583,0
17758,117874,99997,0
17759,107790,7819,0
17760,134386,70799,0
17761,41753,131760,0
17762,115869,143055,0
17763,153501,40057,0
17764,149391,79373,0
17765,19257,134841,0
17766,47829,50057,0
17767,14961,125310,0
17768,31857,51838,0
17769,68599,95863,0
17770,93336,86036,0
17771,51149,2295,0
17772,111739,98096,0
17773,103568,111272,0
17774,144726,106442,0
17775,35802,126588,0
17776,109714,100458,0
17777,4576,129243,0
17778,82484,98496,0
17779,113248,1851,0
17780,32046,17723,0
17781,21997,111629,0
17782,21033,7134,0
17783,56868,80816,0
17784,6144,66764,0
17785,64421,146529,0
17786,153201,24117,0
17787,52346,87121,0
17788,87853,13094,0
17789,26971,150102,0
17790,69193,108313,0
17791,132567,145203,0
17792,148016,10860,0
17793,5047,25913,0
17794,55674,24694,0
17795,76717,95163,0
17796,137503,67935,0
17797,1417,136761,0
17798,48970,56524,0
17799,106823,133024,0
17800,15891,93630,0
17801,44417,45167,0
17802,54053,106979,0
17803,150279,129477,0
17804,151491,64555,0
17805,144371,52461,0
17806,80306,25986,0
17807,154119,460,0
17808,139486,44444,0
17809,98821,106050,0
17810,36334,24004,0
17811,146390,123058,0
17812,79609,132593,0
17813,9642,128250,0
17814,56436,119272,0
17815,104958,87130,0
17816,125426,66311,0
17817,26552,119210,0
17818,134456,27719,0
17819,62682,39951,0
17820,125285,132269,0
17821,88774,68231,0
17822,58999,7492,0
17823,70801,43935,0
17824,132895,148903,0
17825,95509,126629,0
17826,58785,122233,0
17827,25447,83745,0
17828,65388,103864,0
17829,113173,72152,0
17830,74312,5588,0
17831,70914,127585,0
17832,92198,63580,0
17833,21495,129526,0
17834,101132,87352,0
17835,70931,50759,0
17836,8666,55686,0
17837,72646,83900,0
17838,124613,87312,0
17839,38098,8700,0
17840,140997,41306,0
17841,90580,115971,0
17842,51836,128476,0
17843,138044,65487,0
17844,47569,89846,0
17845,31380,64459,0
17846,115980,98072,0
17847,65649,92753,0
17848,18125,112214,0
17849,47514,149993,0
17850,106471,52167,0
17851,87420,100638,0
17852,136905,6369,0
17853,154684,133685,0
17854,133802,87161,0
17855,61127,134758,0
17856,80205,112175,0
17857,128730,37344,0
17858,131607,95928,0
17859,63651,149880,0
17860,105986,130597,0
17861,133393,148151,0
17862,117022,105833,0
17863,30873,18841,0
17864,6738,112003,0
17865,121335,148734,0
17866,132097,107291,0
17867,60416,135631,0
17868,72194,2873,0
17869,66091,113822,0
17870,76293,37131,0
17871,120022,83139,0
17872,117016,67099,0
17873,106652,2149,0
17874,6875,68443,0
17875,49357,75508,0
17876,24378,31192,0
17877,46848,51308,0
17878,59210,105002,0
17879,136575,16611,0
17880,23132,129034,0
17881,44789,146607,0
17882,92420,102666,0
17883,37930,130796,0
17884,10766,140891,0
17885,100762,83725,0
17886,37794,138113,0
17887,70717,67904,0
17888,4574,120314,0
17889,85344,135398,0
17890,40804,104957,0
17891,46681,155107,0
17892,7742,59186,0
17893,75354,136781,0
17894,62613,145075,0
17895,13495,96097,0
17896,74629,72514,0
17897,132238,2301,0
17898,29742,45676,0
17899,7829,33478,0
17900,18909,151724,0
17901,38653,42679,0
17902,40560,133894,0
17903,102529,109437,0
17904,75511,144966,0
17905,138404,84600,0
17906,26961,97006,0
17907,6071,88433,0
17908,59272,78463,0
17909,132746,95555,0
17910,81344,121586,0
17911,35758,133437,0
17912,67764,90978,0
17913,63605,81476,0
17914,19358,72827,0
17915,117544,107096,0
17916,415,11261,0
17917,147335,16372,0
17918,86291,135088,0
17919,113216,101325,0
17920,98227,113416,0
17921,137790,70887,0
17922,15672,90667,0
17923,137526,57639,0
17924,14803,154343,0
17925,91048,32151,0
17926,65643,25200,0
17927,128001,133309,0
17928,22789,103129,0
17929,59450,104943,0
17930,121090,125960,0
17931,80526,501,0
17932,148577,37104,0
17933,106369,154430,0
17934,71650,12575,0
17935,126531,145967,0
17936,23436,116955,0
17937,99220,19788,0
17938,112215,77938,0
17939,63161,36725,0
17940,134661,72516,0
17941,18139,122129,0
17942,108416,10032,0
17943,41059,139953,0
17944,83690,145220,0
17945,13273,127991,0
17946,21404,105076,0
17947,23376,24953,0
17948,105796,53278,0
17949,82598,53183,0
17950,1191,111852,0
17951,49921,138308,0
17952,54583,29263,0
17953,128366,107045,0
17954,4274,30601,0
17955,68421,71109,0
17956,91358,132164,0
17957,115482,50206,0
17958,96142,144194,0
17959,80937,112441,0
17960,143791,138974,0
17961,72271,35390,0
17962,60856,137847,0
17963,125734,137991,0
17964,8142,135797,0
17965,140730,39964,0
17966,117396,41567,0
17967,17711,22663,0
17968,78309,48924,0
17969,76857,11557,0
17970,78726,97511,0
17971,50451,102234,0
17972,25056,139652,0
17973,107659,105440,0
17974,4630,16559,0
17975,36206,66285,0
17976,113945,111973,0
17977,120922,150285,0
17978,41919,57882,0
17979,72409,63196,0
17980,55334,122785,0
17981,47282,147683,0
17982,140204,126610,0
17983,65800,16550,0
17984,9526,50147,0
17985,134967,92368,0
17986,63392,151512,0
17987,41237,10067,0
17988,21910,39665,0
17989,87354,69803,0
17990,91618,45830,0
17991,93711,116821,0
17992,118098,84554,0
17993,93316,113745,0
17994,144080,67094,0
17995,111172,63879,0
17996,84206,55851,0
17997,62472,138192,0
17998,33916,109195,0
17999,76596,114189,0
18000,58924,12092,0
18001,80724,134450,0
18002,132859,23018,0
18003,141872,149658,0
18004,122626,137085,0
18005,100860,155171,0
18006,77776,60482,0
18007,67063,31960,0
18008,57142,2581,0
18009,138897,53015,0
18010,33334,143483,0
18011,93101,115841,0
18012,61416,73287,0
18013,90927,61640,0
18014,153567,107480,0
18015,8586,102129,0
18016,87163,64859,0
18017,136942,137869,0
18018,3320,124953,0
18019,104794,145679,0
18020,33347,146251,0
18021,62242,118239,0
18022,65991,121462,0
18023,98075,153087,0
18024,73908,146167,0
18025,93069,149872,0
18026,93125,118177,0
18027,129643,119815,0
18028,148877,56024,0
18029,63612,114462,0
18030,21696,148438,0
18031,126472,112842,0
18032,109278,46807,0
18033,96489,103522,0
18034,74236,69285,0
18035,75160,75549,0
18036,85616,95808,0
18037,15261,15608,0
18038,94475,18199,0
18039,85030,52886,0
18040,117903,119390,0
18041,87804,62180,0
18042,75617,3258,0
18043,150297,88937,0
18044,34587,70088,0
18045,1208,87560,0
18046,120284,73788,0
18047,134228,3792,0
18048,127624,84961,0
18049,5532,103477,0
18050,41059,137523,0
18051,64954,139072,0
18052,94705,147366,0
18053,6362,140499,0
18054,2686,7002,0
18055,24108,58647,0
18056,52602,26800,0
18057,2270,44814,0
18058,128172,118966,0
18059,57759,28333,0
18060,81250,110056,0
18061,82932,119054,0
18062,136037,124480,0
18063,78939,89426,0
18064,51979,41869,0
18065,40424,26226,0
18066,79013,1124,0
18067,59506,144782,0
18068,130620,69072,0
18069,25100,141466,0
18070,86358,89315,0
18071,29083,23513,0
18072,110613,122977,0
18073,43213,141400,0
18074,41803,14471,0
18075,124632,135796,0
18076,45091,5747,0
18077,132405,139563,0
18078,17762,75342,0
18079,121548,57337,0
18080,66135,133451,0
18081,82364,147422,0
18082,150631,150285,0
18083,47965,108767,0
18084,58227,152712,0
18085,72940,76012,0
18086,104800,83553,0
18087,26263,121731,0
18088,24288,81821,0
18089,68761,120802,0
18090,61699,5020,0
18091,8049,85772,0
18092,88410,113151,0
18093,132111,30632,0
18094,78009,147313,0
18095,150995,46839,0
18096,104522,74378,0
18097,94442,55167,0
18098,119379,123830,0
18099,90702,105753,0
18100,77712,55700,0
18101,87986,15832,0
18102,125812,47178,0
18103,21565,126610,0
18104,37021,147393,0
18105,65554,96904,0
18106,69345,39028,0
18107,19271,76619,0
18108,31415,36639,0
18109,92663,137215,0
18110,140580,75217,0
18111,90804,58089,0
18112,28804,87078,0
18113,147138,105977,0
18114,20593,23033,0
18115,88175,2461,0
18116,47809,30777,0
18117,43858,35217,0
18118,54478,141054,0
18119,13016,51176,0
18120,35593,71354,0
18121,123002,22371,0
18122,90397,34352,0
18123,64160,69746,0
18124,109023,124955,0
18125,59086,137847,0
18126,154308,151986,0
18127,134535,51731,0
18128,115321,12415,0
18129,59273,127283,0
18130,3928,34380,0
18131,16671,16267,0
18132,119174,77118,0
18133,97636,49171,0
18134,36609,57104,0
18135,109866,9821,0
18136,129120,136688,0
18137,72095,3622,0
18138,128641,91516,0
18139,2581,88133,0
18140,124264,25623,0
18141,17260,85401,0
18142,46571,9938,0
18143,74081,78579,0
18144,149206,67938,0
18145,142152,25469,0
18146,30121,49177,0
18147,117339,146574,0
18148,108282,126383,0
18149,116451,12432,0
18150,45647,53888,0
18151,71983,139188,0
18152,106047,65110,0
18153,104108,153679,0
18154,31513,137923,0
18155,135291,76830,0
18156,41108,88356,0
18157,137572,134025,0
18158,56530,126358,0
18159,87799,77739,0
18160,121663,64062,0
18161,127049,62118,0
18162,81652,80432,0
18163,4835,19155,0
18164,36841,142636,0
18165,96152,8203,0
18166,61902,141257,0
18167,12500,132394,0
18168,138142,38437,0
18169,13818,72824,0
18170,117539,8035,0
18171,49006,103967,0
18172,115868,37017,0
18173,97172,59390,0
18174,115764,141848,0
18175,26161,45342,0
18176,92361,67799,0
18177,96819,140043,0
18178,96748,60361,0
18179,53139,94498,0
18180,31127,145521,0
18181,61748,107577,0
18182,57009,30865,0
18183,63265,66665,0
18184,9047,130445,0
18185,119185,53645,0
18186,139148,120825,0
18187,89066,123894,0
18188,127390,137022,0
18189,52351,13854,0
18190,132097,54384,0
18191,39961,61545,0
18192,128965,109869,0
18193,36492,101770,0
18194,132897,79151,0
18195,44204,50416,0
18196,81285,119678,0
18197,63433,139409,0
18198,45300,121420,0
18199,19567,9381,0
18200,124891,19341,0
18201,59754,73026,0
18202,149235,8186,0
18203,117161,54096,0
18204,10489,105008,0
18205,34774,58255,0
18206,152948,74276,0
18207,127443,88065,0
18208,6100,124026,0
18209,65977,6547,0
18210,104130,135125,0
18211,118919,67179,0
18212,47422,41287,0
18213,99693,125443,0
18214,2732,18923,0
18215,101911,94419,0
18216,80412,121749,0
18217,124103,59787,0
18218,54108,34690,0
18219,4852,18546,0
18220,37471,77235,0
18221,4076,24933,0
18222,21500,11118,0
18223,147170,73931,0
18224,27868,35425,0
18225,148266,44421,0
18226,111323,23564,0
18227,112658,25042,0
18228,31160,152896,0
18229,63459,147238,0
18230,79920,96557,0
18231,119728,119989,0
18232,128495,8552,0
18233,106974,31046,0
18234,90766,84266,0
18235,128278,99599,0
18236,10370,143234,0
18237,123765,3884,0
18238,149178,38298,0
18239,88116,128589,0
18240,70504,129928,0
18241,37296,98328,0
18242,53717,16616,0
18243,108290,715,0
18244,53619,150549,0
18245,5794,93661,0
18246,118379,16261,0
18247,105313,18826,0
18248,7518,4554,0
18249,16460,134176,0
18250,97440,114472,0
18251,73557,129812,0
18252,80701,50713,0
18253,138718,92369,0
18254,71211,15903,0
18255,37110,601,0
18256,42004,31499,0
18257,121314,62931,0
18258,88836,67803,0
18259,86468,22162,0
18260,66857,89118,0
18261,19589,148668,0
18262,22605,41973,0
18263,94165,109726,0
18264,141416,48923,0
18265,101595,125479,0
18266,121943,54400,0
18267,89240,70613,0
18268,5232,72800,0
18269,66624,118163,0
18270,101425,7460,0
18271,125269,100073,0
18272,15436,15242,0
18273,125651,114355,0
18274,4129,137534,0
18275,83238,155114,0
18276,16427,11158,0
18277,126689,34379,0
18278,71608,66451,0
18279,71410,105620,0
18280,96380,117747,0
18281,33734,148896,0
18282,106352,60294,0
18283,147632,91102,0
18284,8490,32512,0
18285,84500,21544,0
18286,25223,99814,0
18287,61147,101913,0
18288,105413,54582,0
18289,36582,61617,0
18290,119057,145671,0
18291,71751,22678,0
18292,132273,60975,0
18293,67673,45250,0
18294,141895,97791,0
18295,97754,102536,0
18296,150749,93612,0
18297,105893,51156,0
18298,56145,92402,0
18299,133428,151105,0
18300,87710,62967,0
18301,94503,147801,0
18302,16225,87758,0
18303,142109,132014,0
18304,84310,36559,0
18305,113093,73499,0
18306,61597,91181,0
18307,141232,52599,0
18308,110888,113715,0
18309,51509,53956,0
18310,83243,76994,0
18311,218,46947,0
18312,100626,135185,0
18313,150787,152598,0
18314,144291,117623,0
18315,144138,69563,0
18316,27014,106175,0
18317,82464,43831,0
18318,82020,131357,0
18319,38000,33382,0
18320,13631,73952,0
18321,102168,113630,0
18322,103075,116700,0
18323,42597,146554,0
18324,4077,110179,0
18325,77523,9073,0
18326,152626,78375,0
18327,41125,79514,0
18328,28819,117120,0
18329,57583,20853,0
18330,35153,62974,0
18331,134689,11675,0
18332,52166,154854,0
18333,134083,119491,0
18334,123889,64507,0
18335,96816,82471,0
18336,91336,90508,0
18337,137939,3799,0
18338,88844,86488,0
18339,80942,67470,0
18340,102961,136893,0
18341,23828,73007,0
18342,129924,92388,0
18343,95494,116000,0
18344,65931,69296,0
18345,15497,130938,0
18346,144916,145863,0
18347,90040,44960,0
18348,53537,111482,0
18349,130096,114911,0
18350,108671,26623,0
18351,126064,10211,0
18352,78749,32916,0
18353,61918,78282,0
18354,38089,152721,0
18355,139630,150953,0
18356,43606,8665,0
18357,97461,143127,0
18358,131714,39345,0
18359,34839,25711,0
18360,102654,103024,0
18361,20461,26539,0
18362,148806,108888,0
18363,126304,134132,0
18364,62389,52772,0
18365,8399,26906,0
18366,79169,95890,0
18367,67226,78600,0
18368,143857,148229,0
18369,141446,120292,0
18370,142529,33748,0
18371,115459,20488,0
18372,37481,27524,0
18373,50698,41541,0
18374,119379,25397,0
18375,125787,55357,0
18376,113176,1360,0
18377,42754,2235,0
18378,97471,62755,0
18379,71800,137807,0
18380,24043,147412,0
18381,41441,102451,0
18382,19554,64197,0
18383,129047,78762,0
18384,53943,113101,0
18385,5922,90683,0
18386,24280,15489,0
18387,146288,16532,0
18388,61607,128871,0
18389,13910,128781,0
18390,98807,126057,0
18391,7346,37004,0
18392,137248,153173,0
18393,61510,33390,0
18394,149891,68176,0
18395,26348,152617,0
18396,30029,72234,0
18397,122798,115927,0
18398,37176,32981,0
18399,38728,98666,0
18400,138900,109754,0
18401,70505,83526,0
18402,86805,11752,0
18403,16764,117368,0
18404,90822,109291,0
18405,3519,27435,0
18406,50502,84465,0
18407,129657,96253,0
18408,54619,94545,0
18409,110659,42947,0
18410,22400,41478,0
18411,32246,10869,0
18412,108671,53596,0
18413,62010,139019,0
18414,76985,100977,0
18415,139735,101483,0
18416,5638,91724,0
18417,52945,108026,0
18418,81205,68068,0
18419,46973,87689,0
18420,136068,36297,0
18421,135681,99676,0
18422,107367,151955,0
18423,52098,98916,0
18424,39083,25779,0
18425,121145,95388,0
18426,143322,154208,0
18427,53355,83515,0
18428,27537,145237,0
18429,149237,63035,0
18430,129063,105028,0
18431,92142,81856,0
18432,94966,12361,0
18433,7951,66017,0
18434,34598,46055,0
18435,46774,114498,0
18436,46951,122838,0
18437,95164,126633,0
18438,132878,104878,0
18439,2977,76961,0
18440,46319,145569,0
18441,24851,120953,0
18442,32864,100437,0
18443,140418,7913,0
18444,48454,74672,0
18445,9319,7619,0
18446,101310,58669,0
18447,106019,137326,0
18448,47926,5214,0
18449,39946,55084,0
18450,47728,120011,0
18451,59445,95763,0
18452,97069,13355,0
18453,135890,32332,0
18454,711,5137,0
18455,122614,42347,0
18456,41525,68742,0
18457,6803,93133,0
18458,146950,59249,0
18459,139199,66633,0
18460,95320,56969,0
18461,57100,32112,0
18462,45127,126669,0
18463,7368,119824,0
18464,125109,130476,0
18465,67870,133483,0
18466,10100,66533,0
18467,47413,112759,0
18468,105827,3234,0
18469,43652,84788,0
18470,132667,56042,0
18471,41445,89246,0
18472,7572,65742,0
18473,94075,56033,0
18474,85551,7005,0
18475,91877,11337,0
18476,7645,59680,0
18477,35134,15325,0
18478,148683,15593,0
18479,25506,61499,0
18480,19486,5693,0
18481,146927,53445,0
18482,148236,3767,0
18483,85898,120814,0
18484,91334,66429,0
18485,116463,102347,0
18486,90462,81046,0
18487,127335,8158,0
18488,69200,55113,0
18489,13954,20559,0
18490,130899,128647,0
18491,72270,10295,0
18492,5771,101969,0
18493,123624,24061,0
18494,150436,30327,0
18495,116314,124365,0
18496,66461,105848,0
18497,94556,4517,0
18498,119749,104515,0
18499,82216,124544,0
18500,28877,59633,0
18501,91528,138182,0
18502,73052,916,0
18503,148776,154145,0
18504,72774,151327,0
18505,12103,51389,0
18506,147785,35641,0
18507,49961,99507,0
18508,112103,73530,0
18509,149866,12301,0
18510,56527,47848,0
18511,23999,13271,0
18512,132139,72577,0
18513,113620,120989,0
18514,99136,124267,0
18515,12655,3572,0
18516,146576,8903,0
18517,4485,132491,0
18518,123817,15180,0
18519,118774,51932,0
18520,39665,59013,0
18521,126398,39877,0
18522,95920,39164,0
18523,77369,109691,0
18524,14067,94846,0
18525,86044,117083,0
18526,110590,58782,0
18527,150202,44315,0
18528,115067,146460,0
18529,5871,118215,0
18530,60251,11340,0
18531,77229,32918,0
18532,105507,111543,0
18533,153269,18350,0
18534,40656,97537,0
18535,9866,136991,0
18536,47688,127666,0
18537,37548,111328,0
18538,72075,13479,0
18539,62923,130753,0
18540,144140,112965,0
18541,134189,19240,0
18542,11690,53977,0
18543,105256,97605,0
18544,37920,133501,0
18545,130038,141805,0
18546,53337,142893,0
18547,121329,86214,0
18548,25395,116963,0
18549,109102,152425,0
18550,23964,135816,0
18551,59645,148810,0
18552,128002,22633,0
18553,8532,17348,0
18554,118592,153030,0
18555,46977,114867,0
18556,124996,126152,0
18557,107889,89837,0
18558,13451,36731,0
18559,47603,116927,0
18560,130436,145607,0
18561,113691,74115,0
18562,93274,152990,0
18563,60881,135112,0
18564,97870,10870,0
18565,28518,121906,0
18566,35031,121449,0
18567,804,123282,0
18568,34339,36083,0
18569,153104,118147,0
18570,5116,57005,0
18571,41745,4533,0
18572,54845,80398,0
18573,25714,29928,0
18574,98691,138382,0
18575,122957,75000,0
18576,21211,129966,0
18577,96588,57426,0
18578,107901,121828,0
18579,7490,146741,0
18580,107234,31999,0
18581,69690,12414,0
18582,143400,151251,0
18583,45802,30961,0
18584,108499,9061,0
18585,22804,64494,0
18586,95318,65082,0
18587,103600,147154,0
18588,87778,108541,0
18589,104358,105552,0
18590,29933,65528,0
18591,83624,59074,0
18592,4923,5415,0
18593,66523,76913,0
18594,91293,72978,0
18595,154894,105995,0
18596,78151,113377,0
18597,63685,84961,0
18598,8131,110888,0
18599,15702,22121,0
18600,34776,107383,0
18601,28158,129928,0
18602,8506,102880,0
18603,75288,17881,0
18604,35031,9782,0
18605,23925,132842,0
18606,13150,22136,0
18607,16633,55892,0
18608,68490,144920,0
18609,92483,54461,0
18610,128047,135348,0
18611,95289,285,0
18612,14056,61781,0
18613,105640,130416,0
18614,42837,90936,0
18615,140508,12427,0
18616,80654,41378,0
18617,37799,144234,0
18618,36236,65360,0
18619,130071,67501,0
18620,115357,124334,0
18621,49863,128741,0
18622,97186,120010,0
18623,16863,6527,0
18624,39965,154767,0
18625,32244,106284,0
18626,70668,40359,0
18627,43194,130186,0
18628,22290,88853,0
18629,127797,128868,0
18630,20445,42397,0
18631,127827,19806,0
18632,44712,5889,0
18633,150611,33515,0
18634,85177,80889,0
18635,23603,3164,0
18636,30357,131169,0
18637,69776,135500,0
18638,48226,12270,0
18639,123385,33272,0
18640,125896,140843,0
18641,114094,55264,0
18642,42212,116978,0
18643,95528,90064,0
18644,98060,136186,0
18645,28100,75204,0
18646,73094,19952,0
18647,130380,99179,0
18648,130477,54295,0
18649,70323,93612,0
18650,135083,50918,0
18651,72478,102636,0
18652,119438,69660,0
18653,97853,8171,0
18654,67147,6919,0
18655,22143,44105,0
18656,91011,107968,0
18657,52946,152569,0
18658,97126,16429,0
18659,99020,35516,0
18660,44833,2295,0
18661,2208,36963,0
18662,98821,98664,0
18663,109312,110376,0
18664,38136,74336,0
18665,147571,1180,0
18666,122745,119013,0
18667,31459,55617,0
18668,42170,117487,0
18669,94050,134990,0
18670,60080,12081,0
18671,28402,151458,0
18672,40561,106448,0
18673,112288,26623,0
18674,108601,136181,0
18675,64986,20730,0
18676,122084,95501,0
18677,51984,122591,0
18678,94621,43641,0
18679,117430,141418,0
18680,149619,148888,0
18681,119924,26511,0
18682,99721,109855,0
18683,97120,131343,0
18684,103123,76163,0
18685,22089,69888,0
18686,103478,86688,0
18687,30146,28802,0
18688,123654,9248,0
18689,54669,83138,0
18690,108639,1743,0
18691,84691,116831,0
18692,34140,153040,0
18693,123501,86652,0
18694,143253,83145,0
18695,77661,81800,0
18696,67083,112692,0
18697,145894,100405,0
18698,38595,11649,0
18699,96877,51147,0
18700,138749,58374,0
18701,112255,29615,0
18702,32472,88307,0
18703,127975,138753,0
18704,131019,74002,0
18705,63364,6376,0
18706,11240,88328,0
18707,106975,121326,0
18708,7724,90817,0
18709,137051,52202,0
18710,31386,62443,0
18711,98847,142712,0
18712,43256,86354,0
18713,99682,133488,0
18714,154384,116540,0
18715,93550,114650,0
18716,134563,14742,0
18717,85751,119843,0
18718,8431,95561,0
18719,111776,29922,0
18720,80022,56904,0
18721,137316,39935,0
18722,100408,43953,0
18723,47135,117996,0
18724,117505,87345,0
18725,63675,13726,0
18726,50099,6805,0
18727,128229,68088,0
18728,94836,121918,0
18729,49640,90459,0
18730,41609,51646,0
18731,139551,80018,0
18732,87654,38395,0
18733,48359,36358,0
18734,134058,56957,0
18735,25289,40899,0
18736,83065,152713,0
18737,154028,141741,0
18738,149709,40845,0
18739,132404,54056,0
18740,110699,115842,0
18741,46496,20267,0
18742,23546,27493,0
18743,30082,119169,0
18744,99762,770,0
18745,41903,116445,0
18746,30210,112921,0
18747,35362,117378,0
18748,21149,123638,0
18749,114366,10801,0
18750,127047,16594,0
18751,113503,52449,0
18752,57205,140609,0
18753,134379,83381,0
18754,79903,4787,0
18755,48906,94279,0
18756,136673,10032,0
18757,58213,814,0
18758,69481,130088,0
18759,122548,115835,0
18760,24075,98551,0
18761,26982,57898,0
18762,14000,15028,0
18763,60581,21204,0
18764,61759,22531,0
18765,35955,127290,0
18766,138049,105950,0
18767,71587,113463,0
18768,109679,144272,0
18769,85104,42185,0
18770,111731,42679,0
18771,78587,142794,0
18772,135563,37034,0
18773,67168,145495,0
18774,143291,85871,0
18775,137268,74820,0
18776,42876,63748,0
18777,129804,140449,0
18778,114292,125556,0
18779,5195,16169,0
18780,55874,5758,0
18781,8799,98554,0
18782,134935,46989,0
18783,15928,102136,0
18784,54890,140385,0
18785,71450,72899,0
18786,120490,44387,0
18787,38741,70207,0
18788,41358,11347,0
18789,118935,36900,0
18790,67503,124971,0
18791,90804,33190,0
18792,8386,136239,0
18793,57210,110191,0
18794,6835,128425,0
18795,58285,9616,0
18796,3478,87835,0
18797,140011,99009,0
18798,14790,85546,0
18799,22259,17439,0
18800,53887,154234,0
18801,103354,18530,0
18802,141853,133070,0
18803,145545,109188,0
18804,51509,23851,0
18805,62289,146438,0
18806,71836,141278,0
18807,116105,105958,0
18808,126158,42529,0
18809,38570,64341,0
18810,118883,106444,0
18811,123784,29267,0
18812,27576,50734,0
18813,120641,121202,0
18814,103625,73043,0
18815,81947,121490,0
18816,42933,133985,0
18817,89018,42089,0
18818,107468,98354,0
18819,119046,1440,0
18820,26436,143095,0
18821,42674,18695,0
18822,148918,127001,0
18823,153732,110425,0
18824,85001,110424,0
18825,43556,48856,0
18826,114859,82834,0
18827,91931,130998,0
18828,117918,35194,0
18829,104558,62303,0
18830,98425,14566,0
18831,7707,130215,0
18832,65810,136222,0
18833,63297,10132,0
18834,108364,140772,0
18835,44959,144272,0
18836,15688,12878,0
18837,38557,18189,0
18838,104839,122244,0
18839,17057,71735,0
18840,150322,61193,0
18841,59925,63416,0
18842,14059,86714,0
18843,4245,67870,0
18844,12616,37034,0
18845,98619,106047,0
18846,94461,144684,0
18847,131842,108811,0
18848,88499,122476,0
18849,93890,63112,0
18850,63199,72689,0
18851,78743,143256,0
18852,112261,152803,0
18853,13076,152680,0
18854,102575,67176,0
18855,28448,70252,0
18856,55298,110229,0
18857,104773,104873,0
18858,11418,58789,0
18859,55533,62918,0
18860,127688,24758,0
18861,90008,5374,0
18862,69359,103068,0
18863,90619,80508,0
18864,57947,121442,0
18865,144847,107727,0
18866,121735,25174,0
18867,133035,137320,0
18868,38728,17465,0
18869,138231,135553,0
18870,36713,103042,0
18871,13365,53084,0
18872,31723,70718,0
18873,50986,4791,0
18874,99575,142483,0
18875,55644,85972,0
18876,80002,152089,0
18877,63635,95093,0
18878,82383,119419,0
18879,6951,40596,0
18880,24856,4841,0
18881,27353,38183,0
18882,2424,54266,0
18883,55816,99210,0
18884,142583,51944,0
18885,100278,139825,0
18886,147378,102571,0
18887,134917,154405,0
18888,58429,123197,0
18889,113387,25643,0
18890,133238,37616,0
18891,30263,121222,0
18892,85295,86518,0
18893,98364,51884,0
18894,41676,89486,0
18895,79140,143068,0
18896,26867,152141,0
18897,78286,126885,0
18898,13076,123988,0
18899,38131,116603,0
18900,114622,118258,0
18901,86349,55570,0
18902,40965,48716,0
18903,14195,98485,0
18904,128215,19283,0
18905,133741,81721,0
18906,125904,52301,0
18907,150620,131962,0
18908,51737,99854,0
18909,110280,32997,0
18910,47958,59214,0
18911,60052,36121,0
18912,61463,140374,0
18913,150839,33216,0
18914,69956,126620,0
18915,61559,100174,0
18916,13978,121643,0
18917,43943,71356,0
18918,154383,102737,0
18919,48190,38711,0
18920,93550,141961,0
18921,95671,92467,0
18922,145386,140949,0
18923,110493,66219,0
18924,143150,78882,0
18925,32756,46366,0
18926,33780,11098,0
18927,115724,41483,0
18928,119020,83794,0
18929,105731,104758,0
18930,134949,29209,0
18931,73308,131265,0
18932,136135,99822,0
18933,140082,29659,0
18934,2646,151428,0
18935,84128,48439,0
18936,146979,1344,0
18937,47816,91728,0
18938,53495,103675,0
18939,79195,83673,0
18940,34450,67719,0
18941,143301,72150,0
18942,86855,46544,0
18943,23916,148841,0
18944,106861,16769,0
18945,43267,98463,0
18946,70071,7908,0
18947,100158,145147,0
18948,31917,9929,0
18949,107929,81438,0
18950,122295,13479,0
18951,24230,53014,0
18952,149709,4198,0
18953,81781,111625,0
18954,91231,84441,0
18955,143582,2131,0
18956,24871,104310,0
18957,152220,37989,0
18958,150754,10665,0
18959,25278,138257,0
18960,38990,33573,0
18961,122800,73769,0
18962,109573,1817,0
18963,46950,78034,0
18964,17438,80230,0
18965,86487,81000,0
18966,80834,21156,0
18967,76520,109233,0
18968,134495,58278,0
18969,74294,97003,0
18970,144917,47440,0
18971,27516,6995,0
18972,142012,99624,0
18973,63080,149490,0
18974,39709,125737,0
18975,140250,72824,0
18976,132118,88333,0
18977,54305,121310,0
18978,42350,20603,0
18979,143713,111048,0
18980,38370,72250,0
18981,85483,152137,0
18982,133059,140030,0
18983,16642,7748,0
18984,150875,86934,0
18985,154718,104228,0
18986,39895,119753,0
18987,134270,41103,0
18988,9076,54506,0
18989,124339,18957,0
18990,28142,1020,0
18991,95636,122804,0
18992,8418,127180,0
18993,53256,148553,0
18994,107838,76096,0
18995,117633,50236,0
18996,83703,120761,0
18997,64792,62460,0
18998,20619,451,0
18999,40648,114187,0
19000,67731,105182,0
19001,151982,57674,0
19002,61748,41617,0
19003,99560,123994,0
19004,16020,9787,0
19005,53598,56382,0
19006,142526,27664,0
19007,88911,75619,0
19008,135929,4765,0
19009,67801,65776,0
19010,97877,63015,0
19011,28362,5730,0
19012,22581,102645,0
19013,3881,94185,0
19014,137201,123531,0
19015,22722,69789,0
19016,98197,116650,0
19017,124840,53668,0
19018,119340,63169,0
19019,92896,71688,0
19020,93940,74902,0
19021,152500,90898,0
19022,31228,36183,0
19023,68427,13420,0
19024,26915,68396,0
19025,51001,32638,0
19026,139510,68400,0
19027,128083,19484,0
19028,107791,28040,0
19029,2955,95507,0
19030,93854,147729,0
19031,24039,15276,0
19032,14915,82230,0
19033,72299,69361,0
19034,102453,67328,0
19035,51573,14742,0
19036,28596,25822,0
19037,25075,53784,0
19038,134319,7218,0
19039,12510,18376,0
19040,32357,28560,0
19041,116510,109987,0
19042,82454,31240,0
19043,132727,20417,0
19044,109194,120625,0
19045,82347,90561,0
19046,15436,123504,0
19047,127960,98771,0
19048,58630,76348,0
19049,59577,47643,0
19050,113359,48699,0
19051,71266,132742,0
19052,8262,3251,0
19053,133503,33083,0
19054,38477,3734,0
19055,26074,47930,0
19056,36181,117927,0
19057,126993,148288,0
19058,90050,44249,0
19059,36316,117127,0
19060,57233,4261,0
19061,27974,31199,0
19062,45727,144994,0
19063,153800,23438,0
19064,115860,52576,0
19065,143291,144334,0
19066,87304,96102,0
19067,87734,75910,0
19068,123106,90661,0
19069,35605,51035,0
19070,41225,136929,0
19071,80713,110599,0
19072,6113,16272,0
19073,125403,51257,0
19074,124882,127668,0
19075,60408,2755,0
19076,31102,54924,0
19077,15516,27209,0
19078,154448,66357,0
19079,31114,128904,0
19080,16176,34051,0
19081,19160,105970,0
19082,20519,39899,0
19083,27098,23298,0
19084,56143,131071,0
19085,16291,25174,0
19086,40431,45652,0
19087,63884,152772,0
19088,107819,142079,0
19089,19513,32907,0
19090,152456,54725,0
19091,70121,55445,0
19092,131438,146460,0
19093,32824,113207,0
19094,103046,109074,0
19095,45741,6003,0
19096,152274,15481,0
19097,38373,94080,0
19098,154987,51549,0
19099,102488,55476,0
19100,66994,29608,0
19101,60110,9540,0
19102,109102,72664,0
19103,151317,35054,0
19104,101508,97222,0
19105,57286,97661,0
19106,138,124596,0
19107,139971,101425,0
19108,99781,34252,0
19109,28456,89379,0
19110,1712,69176,0
19111,116342,32116,0
19112,73340,56514,0
19113,91787,32488,0
19114,81847,44778,0
19115,122221,112168,0
19116,47684,45631,0
19117,124760,153022,0
19118,149588,29528,0
19119,70103,110152,0
19120,46175,127565,0
19121,45707,29673,0
19122,38523,61067,0
19123,132805,39658,0
19124,34155,141287,0
19125,11766,90743,0
19126,69076,107726,0
19127,3933,70738,0
19128,77897,103087,0
19129,20508,115088,0
19130,147600,67489,0
19131,11318,146217,0
19132,134559,67014,0
19133,82039,71888,0
19134,66183,20150,0
19135,139006,80148,0
19136,53901,114472,0
19137,1264,132022,0
19138,54208,90808,0
19139,5593,151292,0
19140,77644,61400,0
19141,78093,28466,0
19142,18254,25968,0
19143,148616,109151,0
19144,82800,147616,0
19145,22789,140685,0
19146,144621,106020,0
19147,66595,104354,0
19148,113087,74310,0
19149,10640,87453,0
19150,138011,134527,0
19151,36591,37170,0
19152,30792,112702,0
19153,89026,55960,0
19154,146643,134875,0
19155,86360,147089,0
19156,68418,147085,0
19157,90197,124162,0
19158,93503,89002,0
19159,136864,105272,0
19160,153354,120477,0
19161,37575,25483,0
19162,120057,39445,0
19163,31578,101537,0
19164,100174,38779,0
19165,81524,2982,0
19166,117618,133644,0
19167,16456,151783,0
19168,103159,81297,0
19169,76166,45561,0
19170,142113,35516,0
19171,41848,2364,0
19172,113790,152319,0
19173,58990,138816,0
19174,24334,7837,0
19175,145918,100428,0
19176,147591,130795,0
19177,148776,40650,0
19178,147373,109408,0
19179,15668,92461,0
19180,96832,10692,0
19181,46890,95872,0
19182,25228,529,0
19183,102676,44283,0
19184,68812,31197,0
19185,43159,98427,0
19186,78264,66036,0
19187,136813,13564,0
19188,80718,37108,0
19189,128327,30693,0
19190,40794,64329,0
19191,90274,104594,0
19192,121646,38534,0
19193,57879,104901,0
19194,45867,91924,0
19195,30450,111617,0
19196,123757,81048,0
19197,147816,134460,0
19198,135337,127170,0
19199,44308,44149,0
19200,146815,57448,0
19201,57546,140370,0
19202,79142,43908,0
19203,90267,134650,0
19204,77628,50073,0
19205,79059,111831,0
19206,101560,150715,0
19207,24451,56611,0
19208,40954,21760,0
19209,50359,152586,0
19210,22380,123814,0
19211,62704,109650,0
19212,122902,54154,0
19213,19647,117424,0
19214,104458,35977,0
19215,126811,30376,0
19216,39859,53065,0
19217,117900,15415,0
19218,115766,65104,0
19219,30905,5626,0
19220,82416,64369,0
19221,60199,151971,0
19222,26308,12943,0
19223,53298,99712,0
19224,33334,29626,0
19225,61025,68863,0
19226,21992,42969,0
19227,29164,19236,0
19228,109397,98202,0
19229,155023,21492,0
19230,115959,67476,0
19231,65073,148374,0
19232,33728,36555,0
19233,92395,29571,0
19234,123297,51165,0
19235,64935,100780,0
19236,104286,9171,0
19237,127732,78831,0
19238,104518,31798,0
19239,97575,43008,0
19240,120533,7679,0
19241,18993,154909,0
19242,128668,129219,0
19243,18260,127344,0
19244,19519,140867,0
19245,143479,137468,0
19246,56652,21782,0
19247,8721,152255,0
19248,119378,100341,0
19249,94621,56655,0
19250,120627,66036,0
19251,90660,142014,0
19252,126318,35048,0
19253,55533,54949,0
19254,150876,133651,0
19255,150472,140307,0
19256,142456,23940,0
19257,83162,96663,0
19258,128711,153958,0
19259,75042,24141,0
19260,104818,104124,0
19261,2917,97067,0
19262,47141,92924,0
19263,154258,35404,0
19264,145515,50631,0
19265,69984,8367,0
19266,101385,154356,0
19267,33224,99373,0
19268,116266,99279,0
19269,116045,77783,0
19270,146774,40955,0
19271,35712,49399,0
19272,62307,143863,0
19273,39435,149838,0
19274,57173,54006,0
19275,5258,59068,0
19276,14088,145825,0
19277,44994,97352,0
19278,20154,90693,0
19279,66301,41162,0
19280,16342,152777,0
19281,36338,100571,0
19282,260,149985,0
19283,116957,76059,0
19284,143398,97827,0
19285,9730,71228,0
19286,55146,22785,0
19287,24479,58821,0
19288,8455,124878,0
19289,147869,7505,0
19290,57806,107609,0
19291,411,50253,0
19292,15290,10219,0
19293,149492,73023,0
19294,56790,110231,0
19295,61655,50906,0
19296,91593,129953,0
19297,90581,32337,0
19298,107393,55563,0
19299,151522,27724,0
19300,73616,86439,0
19301,142579,127885,0
19302,119263,2241,0
19303,136361,115963,0
19304,97221,15540,0
19305,150229,37047,0
19306,65658,84550,0
19307,39814,25315,0
19308,92277,52409,0
19309,29989,134836,0
19310,57553,22839,0
19311,14823,63215,0
19312,78095,37574,0
19313,32957,102400,0
19314,51648,37165,0
19315,136188,152136,0
19316,88062,100827,0
19317,31656,56668,0
19318,145497,34412,0
19319,138316,51306,0
19320,84320,90265,0
19321,83607,64084,0
19322,94708,35931,0
19323,90478,47713,0
19324,82687,148927,0
19325,136718,87083,0
19326,71632,150569,0
19327,73427,25455,0
19328,4631,125628,0
19329,134084,83109,0
19330,131875,86101,0
19331,55840,48386,0
19332,100679,6751,0
19333,52802,105118,0
19334,43572,109884,0
19335,68330,17709,0
19336,58970,83379,0
19337,46731,46025,0
19338,19076,28349,0
19339,94280,32539,0
19340,99074,40303,0
19341,138991,109171,0
19342,108290,50649,0
19343,14726,72323,0
19344,47635,28292,0
19345,66800,132463,0
19346,109413,128640,0
19347,120760,63960,0
19348,98897,79686,0
19349,126071,58902,0
19350,52902,51496,0
19351,43358,151380,0
19352,56221,106717,0
19353,574,101440,0
19354,48238,95016,0
19355,120500,12353,0
19356,68666,87568,0
19357,142302,122394,0
19358,39603,118114,0
19359,94447,56516,0
19360,135446,35911,0
19361,75269,88596,0
19362,151462,141676,0
19363,56946,45544,0
19364,118247,89204,0
19365,88973,120937,0
19366,93024,8556,0
19367,82500,59110,0
19368,20653,89814,0
19369,20327,95991,0
19370,56031,76338,0
19371,140180,29976,0
19372,30500,46240,0
19373,154186,42812,0
19374,94606,13873,0
19375,5791,77774,0
19376,116531,85379,0
19377,33667,96091,0
19378,145915,71013,0
19379,93858,137701,0
19380,145399,97214,0
19381,115330,51222,0
19382,107082,111548,0
19383,92989,142571,0
19384,118566,104342,0
19385,141443,81259,0
19386,90178,55440,0
19387,115395,111895,0
19388,82370,116207,0
19389,64713,62429,0
19390,12003,30045,0
19391,25142,64572,0
19392,103056,13367,0
19393,118129,136992,0
19394,74693,83267,0
19395,54101,31459,0
19396,32189,127670,0
19397,53421,83471,0
19398,86879,140052,0
19399,40698,23521,0
19400,129332,48601,0
19401,130981,14103,0
19402,40198,40171,0
19403,133170,5441,0
19404,52424,148223,0
19405,76714,89530,0
19406,110761,115476,0
19407,28969,117603,0
19408,154308,112520,0
19409,93390,23929,0
19410,61385,25130,0
19411,149180,6444,0
19412,153859,79198,0
19413,97715,2732,0
19414,91301,93664,0
19415,125501,148949,0
19416,57370,13813,0
19417,137506,98278,0
19418,4126,78869,0
19419,13566,94436,0
19420,55151,149394,0
19421,22790,36483,0
19422,35985,16957,0
19423,64515,152321,0
19424,120712,12485,0
19425,99815,7711,0
19426,20787,32778,0
19427,135092,140348,0
19428,22501,150061,0
19429,145024,26711,0
19430,23803,88555,0
19431,24785,67502,0
19432,70219,113409,0
19433,75541,31157,0
19434,46391,75402,0
19435,66562,24544,0
19436,82332,47139,0
19437,51523,131803,0
19438,40621,37382,0
19439,38187,2795,0
19440,10089,52136,0
19441,138920,127775,0
19442,80875,39498,0
19443,115063,124762,0
19444,33710,43266,0
19445,151501,80398,0
19446,33665,112249,0
19447,11295,103297,0
19448,138789,27448,0
19449,103751,145837,0
19450,99226,81803,0
19451,555,79839,0
19452,29027,46199,0
19453,113243,40200,0
19454,61902,45977,0
19455,85249,149825,0
19456,150403,36053,0
19457,67103,6882,0
19458,23040,51978,0
19459,90814,93765,0
19460,109869,95725,0
19461,44966,26361,0
19462,121564,48809,0
19463,23364,134142,0
19464,92452,58734,0
19465,8330,52070,0
19466,51392,80660,0
19467,138178,129719,0
19468,22666,91414,0
19469,94317,108249,0
19470,16315,31368,0
19471,46037,47683,0
19472,13334,111457,0
19473,116047,52785,0
19474,71346,77303,0
19475,124795,94184,0
19476,90498,64191,0
19477,69841,51687,0
19478,125163,41230,0
19479,78078,74260,0
19480,67980,145168,0
19481,71409,84955,0
19482,104517,102218,0
19483,56723,98930,0
19484,94655,140195,0
19485,51907,141681,0
19486,129292,147442,0
19487,121307,112663,0
19488,44954,10596,0
19489,84410,37019,0
19490,154368,105755,0
19491,57667,130055,0
19492,21109,24909,0
19493,23600,43783,0
19494,109216,129584,0
19495,139979,107697,0
19496,70072,84857,0
19497,144933,131053,0
19498,10851,78376,0
19499,72335,50283,0
19500,59662,47481,0
19501,88924,102919,0
19502,68518,98220,0
19503,145625,110423,0
19504,128677,32762,0
19505,97754,28045,0
19506,90804,152410,0
19507,45917,66608,0
19508,111803,113092,0
19509,107346,120764,0
19510,31624,58793,0
19511,59552,84721,0
19512,5959,40116,0
19513,133292,42713,0
19514,14937,151397,0
19515,137448,149241,0
19516,71670,100072,0
19517,133928,63860,0
19518,59935,130289,0
19519,133708,152243,0
19520,71764,7819,0
19521,10328,26076,0
19522,97701,62754,0
19523,153683,49145,0
19524,113603,6681,0
19525,112950,58371,0
19526,14957,125609,0
19527,9222,75688,0
19528,77831,72998,0
19529,64195,48291,0
19530,30698,113838,0
19531,122611,31708,0
19532,135843,3466,0
19533,132858,151143,0
19534,35478,71998,0
19535,107937,43984,0
19536,130735,140163,0
19537,133000,14141,0
19538,54704,97046,0
19539,118980,102334,0
19540,52680,78925,0
19541,61783,76472,0
19542,152788,146601,0
19543,120246,82291,0
19544,58359,119113,0
19545,137677,86266,0
19546,44166,12293,0
19547,71396,11871,0
19548,132247,10768,0
19549,109914,52717,0
19550,66976,60905,0
19551,86795,151556,0
19552,8352,16802,0
19553,39236,93026,0
19554,151009,56029,0
19555,100957,9161,0
19556,125221,152674,0
19557,29401,38857,0
19558,24951,75898,0
19559,129244,64900,0
19560,24253,59631,0
19561,128549,77204,0
19562,48338,88734,0
19563,32032,120092,0
19564,134774,18717,0
19565,97540,59824,0
19566,42107,61872,0
19567,147738,64255,0
19568,76407,91012,0
19569,34910,51471,0
19570,7149,64011,0
19571,32061,120320,0
19572,95636,108528,0
19573,90283,85928,0
19574,57760,789,0
19575,56804,145714,0
19576,133970,59409,0
19577,100030,17192,0
19578,24336,44023,0
19579,4967,126126,0
19580,135337,27742,0
19581,36809,131493,0
19582,91929,141691,0
19583,146614,37106,0
19584,63634,22576,0
19585,141796,106863,0
19586,101627,131741,0
19587,6656,19248,0
19588,10271,152223,0
19589,82200,50352,0
19590,50424,11278,0
19591,150732,32027,0
19592,61199,26398,0
19593,32532,98797,0
19594,23040,29953,0
19595,137781,59577,0
19596,44480,10311,0
19597,10641,132338,0
19598,118218,87059,0
19599,32897,92521,0
19600,125058,127148,0
19601,21145,66908,0
19602,151752,122517,0
19603,15465,36480,0
19604,114860,28621,0
19605,109912,18055,0
19606,141106,115841,0
19607,1674,117010,0
19608,27857,3566,0
19609,53739,101046,0
19610,118218,44253,0
19611,99236,27226,0
19612,93128,110490,0
19613,128998,35336,0
19614,114961,26511,0
19615,81775,44693,0
19616,107060,124090,0
19617,50432,71073,0
19618,98508,80563,0
19619,70121,146850,0
19620,87713,109595,0
19621,685,2949,0
19622,113359,41048,0
19623,55344,30988,0
19624,113674,40049,0
19625,21487,54591,0
19626,2817,89988,0
19627,139612,23817,0
19628,9750,48528,0
19629,76300,66750,0
19630,126981,18929,0
19631,30625,66944,0
19632,5461,147204,0
19633,78078,63085,0
19634,67246,113807,0
19635,142721,34215,0
19636,147582,97089,0
19637,55219,138500,0
19638,128578,140596,0
19639,41881,154189,0
19640,137094,104934,0
19641,97698,76843,0
19642,40048,54033,0
19643,40250,111446,0
19644,39582,27669,0
19645,134537,76279,0
19646,22149,127182,0
19647,41580,99180,0
19648,59737,91576,0
19649,21874,45464,0
19650,28846,62511,0
19651,133101,31197,0
19652,18439,100014,0
19653,892,84086,0
19654,140055,1418,0
19655,3142,12448,0
19656,116805,108100,0
19657,132674,128480,0
19658,10719,25834,0
19659,62587,149005,0
19660,93497,906,0
19661,116408,107900,0
19662,31659,70201,0
19663,108147,119064,0
19664,112648,103281,0
19665,130334,108225,0
19666,40119,40021,0
19667,43189,120676,0
19668,55649,17480,0
19669,143355,43490,0
19670,93951,28852,0
19671,1383,149343,0
19672,73815,81829,0
19673,63082,63899,0
19674,104759,145343,0
19675,35932,11570,0
19676,31446,17119,0
19677,76972,118713,0
19678,1150,29111,0
19679,144911,151267,0
19680,92327,97520,0
19681,108330,5686,0
19682,88438,27375,0
19683,24189,27739,0
19684,28373,98590,0
19685,4331,79025,0
19686,31549,88269,0
19687,136348,89776,0
19688,62294,10282,0
19689,87207,109991,0
19690,25924,148507,0
19691,40765,127889,0
19692,77923,133777,0
19693,131057,138845,0
19694,60764,43712,0
19695,56171,118928,0
19696,102572,122931,0
19697,100124,97477,0
19698,62567,79025,0
19699,1750,124679,0
19700,83549,80048,0
19701,44056,150238,0
19702,49295,137301,0
19703,118410,7274,0
19704,103208,112335,0
19705,33061,118519,0
19706,100583,56616,0
19707,148567,78675,0
19708,154090,14500,0
19709,91020,144266,0
19710,30966,37476,0
19711,91836,49107,0
19712,35501,35220,0
19713,26910,8250,0
19714,82803,120675,0
19715,114207,13940,0
19716,117052,70864,0
19717,118642,27018,0
19718,151219,62632,0
19719,10641,2559,0
19720,15923,76331,0
19721,135145,101814,0
19722,49352,44090,0
19723,99790,38555,0
19724,60435,129633,0
19725,104707,58420,0
19726,143503,26555,0
19727,13817,27771,0
19728,146936,114630,0
19729,52089,57328,0
19730,154973,138439,0
19731,144271,37171,0
19732,147745,5759,0
19733,144182,66506,0
19734,26823,56102,0
19735,26925,73798,0
19736,137198,77842,0
19737,95783,32967,0
19738,97821,144928,0
19739,150678,37615,0
19740,130635,52208,0
19741,122287,46487,0
19742,2172,110967,0
19743,26444,97164,0
19744,95686,2957,0
19745,9242,130581,0
19746,48410,35862,0
19747,44513,127111,0
19748,17932,68703,0
19749,134976,137859,0
19750,125777,119135,0
19751,53530,62747,0
19752,115956,17821,0
19753,7550,133929,0
19754,2038,99953,0
19755,148080,49816,0
19756,123210,90501,0
19757,104469,61070,0
19758,97885,144264,0
19759,109056,82278,0
19760,120525,2701,0
19761,44625,45502,0
19762,107705,62387,0
19763,141620,121035,0
19764,17433,1338,0
19765,116423,154243,0
19766,145544,31654,0
19767,50899,78536,0
19768,145382,147728,0
19769,130028,1211,0
19770,117805,119015,0
19771,41193,135880,0
19772,17578,61358,0
19773,138443,72020,0
19774,153468,30058,0
19775,42750,137082,0
19776,43868,40866,0
19777,124805,140364,0
19778,37260,100047,0
19779,13361,50113,0
19780,31614,23235,0
19781,22702,133451,0
19782,71727,85567,0
19783,92125,149775,0
19784,86509,79774,0
19785,60176,42142,0
19786,124547,66590,0
19787,131630,116310,0
19788,36681,106425,0
19789,49072,83453,0
19790,38313,82242,0
19791,125489,67357,0
19792,27700,138798,0
19793,137719,27435,0
19794,40807,132367,0
19795,128559,46401,0
19796,89844,5204,0
19797,31563,137354,0
19798,31477,94839,0
19799,105908,111447,0
19800,43989,79046,0
19801,138203,143059,0
19802,65288,86402,0
19803,88207,27471,0
19804,135933,97826,0
19805,137110,146077,0
19806,106578,33144,0
19807,84911,122053,0
19808,63142,88623,0
19809,18073,12059,0
19810,90845,23552,0
19811,22487,87948,0
19812,143771,89516,0
19813,115086,143929,0
19814,123910,115159,0
19815,61135,19380,0
19816,25046,107538,0
19817,147724,76878,0
19818,121027,72505,0
19819,139628,68193,0
19820,87241,24587,0
19821,14723,146381,0
19822,37734,117871,0
19823,144249,53858,0
19824,73788,55004,0
19825,117941,142243,0
19826,91440,351,0
19827,50511,154803,0
19828,120429,76038,0
19829,15409,99665,0
19830,109466,20885,0
19831,118666,111535,0
19832,116823,60615,0
19833,145625,116239,0
19834,18537,145537,0
19835,39677,36221,0
19836,62725,59433,0
19837,5665,103139,0
19838,4950,8495,0
19839,132962,143545,0
19840,34993,88594,0
19841,47587,20013,0
19842,4487,108472,0
19843,96742,56827,0
19844,72287,107394,0
19845,80936,95153,0
19846,140932,52605,0
19847,53421,109327,0
19848,93928,51050,0
19849,32166,136664,0
19850,79938,146659,0
19851,13884,44458,0
19852,34954,89547,0
19853,27201,78557,0
19854,34294,6784,0
19855,73907,146867,0
19856,2689,126569,0
19857,59837,26278,0
19858,125066,113613,0
19859,147747,60557,0
19860,50928,22823,0
19861,78980,17195,0
19862,141573,23305,0
19863,123474,90448,0
19864,20397,44348,0
19865,78090,20575,0
19866,126235,109867,0
19867,81049,31973,0
19868,123178,25254,0
19869,109805,46515,0
19870,104198,129106,0
19871,36494,112163,0
19872,17075,43532,0
19873,133741,81110,0
19874,1433,67512,0
19875,95373,123182,0
19876,32643,23287,0
19877,47836,58011,0
19878,32423,8622,0
19879,19736,12963,0
19880,30803,109575,0
19881,56664,39697,0
19882,89377,134934,0
19883,102183,75107,0
19884,62015,125054,0
19885,104056,2427,0
19886,132436,41437,0
19887,100247,10872,0
19888,77029,13221,0
19889,39766,15171,0
19890,92690,54014,0
19891,116879,1152,0
19892,129695,53531,0
19893,49616,32769,0
19894,141502,151794,0
19895,131062,79066,0
19896,51833,111209,0
19897,153171,31744,0
19898,87956,49195,0
19899,33314,105408,0
19900,139126,153696,0
19901,111529,34158,0
19902,138055,59861,0
19903,109004,141276,0
19904,51740,106954,0
19905,75339,71526,0
19906,71710,63871,0
19907,65444,139380,0
19908,39106,72840,0
19909,97411,67500,0
19910,5491,18782,0
19911,150787,117744,0
19912,68188,47571,0
19913,13097,22044,0
19914,27863,147339,0
19915,63110,6022,0
19916,74493,153528,0
19917,46539,89255,0
19918,117132,95713,0
19919,148037,154377,0
19920,83194,131470,0
19921,41062,10626,0
19922,64247,10013,0
19923,58277,18176,0
19924,93920,73539,0
19925,123966,51843,0
19926,127909,111167,0
19927,103702,33788,0
19928,86073,100249,0
19929,52953,61781,0
19930,55146,21873,0
19931,11329,136154,0
19932,3813,41404,0
19933,26925,56090,0
19934,113354,61971,0
19935,143928,38954,0
19936,82908,92370,0
19937,137962,33434,0
19938,32869,106252,0
19939,121882,85046,0
19940,141928,119443,0
19941,117482,98413,0
19942,33610,78365,0
19943,1915,124238,0
19944,152882,103157,0
19945,33202,84345,0
19946,142650,134755,0
19947,78898,98986,0
19948,76702,37381,0
19949,87840,57085,0
19950,82086,132911,0
19951,18232,21266,0
19952,75883,69220,0
19953,100023,71695,0
19954,91412,14002,0
19955,89966,86066,0
19956,3060,846,0
19957,6491,45650,0
19958,82416,9046,0
19959,102412,59289,0
19960,145994,3566,0
19961,26426,62758,0
19962,106872,23096,0
19963,134189,71032,0
19964,18433,133795,0
19965,149574,135387,0
19966,120348,26208,0
19967,109264,121746,0
19968,61055,35788,0
19969,75658,74382,0
19970,7758,75832,0
19971,154835,17264,0
19972,54575,1,0
19973,125404,129110,0
19974,20126,63057,0
19975,8112,152022,0
19976,113551,113073,0
19977,51127,146343,0
19978,109699,80710,0
19979,115543,136736,0
19980,44492,123523,0
19981,35362,44697,0
19982,120568,38356,0
19983,54053,62800,0
19984,45127,91690,0
19985,68202,42160,0
19986,28586,147653,0
19987,63343,89937,0
19988,121834,25844,0
19989,64564,147074,0
19990,118931,125832,0
19991,110736,6346,0
19992,63060,55104,0
19993,99785,92210,0
19994,9230,85657,0
19995,118468,150958,0
19996,23091,46318,0
19997,88439,108090,0
19998,113918,81363,0
19999,130681,29064,0
20000,129559,127570,0
20001,126100,60165,0
20002,34291,143744,0
20003,79319,122123,0
20004,111750,7918,0
20005,119158,70102,0
20006,151147,98266,0
20007,74535,85487,0
20008,131059,131103,0
20009,37937,4778,0
20010,44125,35137,0
20011,78640,76205,0
20012,2707,60831,0
20013,113941,89691,0
20014,92084,6853,0
20015,109876,108034,0
20016,57677,15003,0
20017,74595,92691,0
20018,20069,59705,0
20019,118407,74587,0
20020,58383,83096,0
20021,130678,61504,0
20022,117994,85846,0
20023,105806,68359,0
20024,130418,150189,0
20025,105430,152173,0
20026,113999,3420,0
20027,123858,84731,0
20028,1416,20254,0
20029,139108,106245,0
20030,65903,117074,0
20031,12187,108028,0
20032,90353,38839,0
20033,2799,78921,0
20034,121322,107058,0
20035,31370,88936,0
20036,60359,102644,0
20037,134153,36040,0
20038,18059,149379,0
20039,40026,119749,0
20040,60205,89710,0
20041,132217,83634,0
20042,130567,11044,0
20043,44854,117033,0
20044,58207,57636,0
20045,138155,42976,0
20046,42406,90109,0
20047,72858,115715,0
20048,89377,93191,0
20049,15428,41920,0
20050,65903,62665,0
20051,91965,117118,0
20052,12173,141042,0
20053,63172,94305,0
20054,68403,94633,0
20055,8303,28621,0
20056,11094,115537,0
20057,51988,85853,0
20058,121603,35477,0
20059,63129,48280,0
20060,101111,98444,0
20061,101518,63625,0
20062,2137,42057,0
20063,24878,115527,0
20064,94445,124984,0
20065,36325,153329,0
20066,61304,152181,0
20067,144415,3133,0
20068,30918,64108,0
20069,33966,123092,0
20070,17980,121112,0
20071,114158,136185,0
20072,121242,94604,0
20073,141588,81698,0
20074,82056,75237,0
20075,136330,152845,0
20076,4764,129293,0
20077,84025,106840,0
20078,51777,98044,0
20079,47514,117012,0
20080,113790,47012,0
20081,86327,123360,0
20082,77306,78937,0
20083,88217,79294,0
20084,19397,131166,0
20085,84057,148772,0
20086,4307,132865,0
20087,76431,90511,0
20088,31734,16890,0
20089,121201,82159,0
20090,123289,139682,0
20091,127476,84443,0
20092,58027,91468,0
20093,53615,145348,0
20094,49257,133160,0
20095,62965,51093,0
20096,6918,91986,0
20097,108226,47208,0
20098,48504,149010,0
20099,45560,2164,0
20100,71975,53918,0
20101,142270,56667,0
20102,41602,43490,0
20103,55202,2233,0
20104,104639,115200,0
20105,45520,42311,0
20106,142339,17017,0
20107,36003,15584,0
20108,147435,39420,0
20109,128455,87803,0
20110,45860,4215,0
20111,88324,70993,0
20112,12500,121084,0
20113,151169,120310,0
20114,11494,69295,0
20115,61589,64949,0
20116,24621,90018,0
20117,107911,153515,0
20118,28483,5349,0
20119,96116,132625,0
20120,147866,145264,0
20121,26207,128257,0
20122,151888,124891,0
20123,18198,129444,0
20124,143434,1924,0
20125,130065,105279,0
20126,32138,117935,0
20127,136902,6619,0
20128,43884,79822,0
20129,29995,63100,0
20130,73059,99890,0
20131,69368,68090,0
20132,89622,73823,0
20133,3144,27605,0
20134,12867,123040,0
20135,77448,4246,0
20136,8511,106338,0
20137,26804,101369,0
20138,79961,152380,0
20139,62167,18957,0
20140,50695,63231,0
20141,41034,133003,0
20142,8811,94203,0
20143,95044,128554,0
20144,99895,99878,0
20145,11634,128417,0
20146,125430,145063,0
20147,59620,88019,0
20148,14946,61457,0
20149,66055,70074,0
20150,11308,115927,0
20151,52399,14770,0
20152,144759,82127,0
20153,64050,69288,0
20154,6810,46245,0
20155,110189,62882,0
20156,129074,100485,0
20157,95636,21086,0
20158,117559,137435,0
20159,83604,66940,0
20160,149730,37776,0
20161,118364,16899,0
20162,99861,41464,0
20163,30447,150211,0
20164,136914,7683,0
20165,103001,117091,0
20166,75043,107248,0
20167,92719,104637,0
20168,80270,145074,0
20169,85203,152741,0
20170,113711,38473,0
20171,81285,132019,0
20172,91941,2729,0
20173,57073,68822,0
20174,67933,16305,0
20175,102818,1389,0
20176,24949,118342,0
20177,90315,74673,0
20178,89791,132163,0
20179,17525,121386,0
20180,104655,82489,0
20181,125130,68316,0
20182,52288,47008,0
20183,49772,23446,0
20184,52286,61814,0
20185,22514,93097,0
20186,97856,6980,0
20187,148328,79061,0
20188,11071,74743,0
20189,120321,77449,0
20190,40353,96678,0
20191,139557,71262,0
20192,76985,132875,0
20193,154344,106183,0
20194,101480,81778,0
20195,120506,121073,0
20196,90546,144653,0
20197,71655,26650,0
20198,133832,93781,0
20199,84149,126693,0
20200,3729,87892,0
20201,98348,79049,0
20202,111208,10775,0
20203,61199,97035,0
20204,31996,126334,0
20205,104678,124739,0
20206,63417,81729,0
20207,96618,78709,0
20208,65924,97645,0
20209,152582,7621,0
20210,139373,146066,0
20211,121048,137597,0
20212,141063,113413,0
20213,119956,53946,0
20214,119467,66922,0
20215,17390,119073,0
20216,83855,89372,0
20217,3303,7194,0
20218,142317,137936,0
20219,91821,80197,0
20220,124830,146048,0
20221,70468,21560,0
20222,22905,149199,0
20223,7664,112280,0
20224,109249,102063,0
20225,120437,18243,0
20226,52575,20713,0
20227,153309,125197,0
20228,535,32919,0
20229,74595,78059,0
20230,123252,90604,0
20231,43470,147363,0
20232,10660,147103,0
20233,9446,137338,0
20234,57383,153841,0
20235,106431,4802,0
20236,13301,75736,0
20237,152117,32497,0
20238,76224,24210,0
20239,49094,48069,0
20240,49095,127297,0
20241,19841,121212,0
20242,7003,33971,0
20243,153280,34177,0
20244,87496,126066,0
20245,20321,114773,0
20246,146912,69931,0
20247,111162,85253,0
20248,126523,114156,0
20249,70025,89671,0
20250,27948,153067,0
20251,89244,20628,0
20252,120492,74941,0
20253,14847,66496,0
20254,63233,63417,0
20255,964,103118,0
20256,65059,117906,0
20257,47955,139630,0
20258,31250,89089,0
20259,65393,143785,0
20260,20508,18047,0
20261,31946,92249,0
20262,31253,141754,0
20263,82866,127485,0
20264,31119,69844,0
20265,63598,76713,0
20266,84145,140391,0
20267,115418,85775,0
20268,62369,61094,0
20269,150059,125537,0
20270,13357,137605,0
20271,76568,1890,0
20272,153706,120897,0
20273,142251,139826,0
20274,41358,14901,0
20275,33197,37938,0
20276,89563,42287,0
20277,137116,56588,0
20278,7272,9890,0
20279,99337,47823,0
20280,13931,23859,0
20281,38163,137639,0
20282,21664,16488,0
20283,13034,59367,0
20284,50614,153429,0
20285,56865,78001,0
20286,17809,78746,0
20287,103796,137186,0
20288,80265,91519,0
20289,38312,123612,0
20290,221,96356,0
20291,116375,19111,0
20292,126485,62738,0
20293,36754,108885,0
20294,57263,42853,0
20295,96474,98629,0
20296,87343,123120,0
20297,134512,111872,0
20298,155120,150478,0
20299,52119,70831,0
20300,150876,31769,0
20301,9236,10131,0
20302,34012,108958,0
20303,126196,64616,0
20304,83395,20503,0
20305,35368,125712,0
20306,89127,93213,0
20307,21733,102497,0
20308,57690,14225,0
20309,6193,144447,0
20310,142048,61579,0
20311,97993,33117,0
20312,110809,32580,0
20313,23464,72117,0
20314,2351,3655,0
20315,56630,128681,0
20316,50043,77815,0
20317,76783,42373,0
20318,47366,32131,0
20319,94337,27889,0
20320,98687,94786,0
20321,34889,16244,0
20322,105714,77635,0
20323,106029,35607,0
20324,3178,45692,0
20325,72092,109009,0
20326,61373,5998,0
20327,116558,123715,0
20328,82172,83578,0
20329,29819,45901,0
20330,118291,92562,0
20331,107621,114689,0
20332,115203,39789,0
20333,117469,121316,0
20334,149994,80851,0
20335,11487,122256,0
20336,25741,104053,0
20337,37957,73014,0
20338,7689,104223,0
20339,82574,100512,0
20340,103865,40045,0
20341,143666,322,0
20342,87771,138516,0
20343,107418,84627,0
20344,102954,63357,0
20345,54945,149347,0
20346,107876,97343,0
20347,39240,117766,0
20348,85579,102880,0
20349,139634,42134,0
20350,48499,98953,0
20351,1036,523,0
20352,154373,51334,0
20353,58191,271,0
20354,27389,76531,0
20355,144152,152457,0
20356,75797,2628,0
20357,76511,97967,0
20358,65929,68287,0
20359,80708,154651,0
20360,128103,146641,0
20361,61286,128354,0
20362,140898,20095,0
20363,21673,75226,0
20364,82412,14284,0
20365,76683,134129,0
20366,73954,118776,0
20367,57561,92654,0
20368,49443,99668,0
20369,69681,126057,0
20370,59955,79453,0
20371,103997,123003,0
20372,152880,85673,0
20373,32873,38703,0
20374,128218,59014,0
20375,46405,91631,0
20376,112877,140681,0
20377,107613,44229,0
20378,30524,62118,0
20379,99591,149088,0
20380,85097,143906,0
20381,96174,76093,0
20382,131933,33851,0
20383,111905,100645,0
20384,149900,121035,0
20385,33740,11270,0
20386,113832,119088,0
20387,142193,115114,0
20388,39250,107069,0
20389,103103,10652,0
20390,110946,16255,0
20391,76312,140088,0
20392,75329,47293,0
20393,98695,107528,0
20394,123309,6218,0
20395,7489,2360,0
20396,141984,54284,0
20397,49349,58523,0
20398,71651,131697,0
20399,101635,109304,0
20400,132072,93097,0
20401,89992,42886,0
20402,36255,16386,0
20403,48454,25658,0
20404,34223,61446,0
20405,26945,147784,0
20406,83871,10399,0
20407,23135,141264,0
20408,97591,139768,0
20409,12775,141244,0
20410,154164,96436,0
20411,139636,80244,0
20412,84359,95958,0
20413,42341,151327,0
20414,143175,55215,0
20415,100023,104928,0
20416,24236,139247,0
20417,84157,33521,0
20418,137263,86712,0
20419,80553,60225,0
20420,114666,133707,0
20421,51662,150659,0
20422,24237,31295,0
20423,112198,64262,0
20424,33221,107068,0
20425,47534,9188,0
20426,137710,154227,0
20427,11282,26157,0
20428,134893,32489,0
20429,129349,62853,0
20430,41073,103699,0
20431,147864,113894,0
20432,121153,22136,0
20433,112145,18860,0
20434,122738,106611,0
20435,101874,71061,0
20436,143886,134223,0
20437,39443,24934,0
20438,23838,2501,0
20439,33765,75939,0
20440,57319,133135,0
20441,152614,58518,0
20442,112667,91602,0
20443,41491,116550,0
20444,72100,136299,0
20445,153769,54190,0
20446,15361,29593,0
20447,140576,17095,0
20448,145782,7199,0
20449,4835,56168,0
20450,39210,13650,0
20451,124389,74591,0
20452,143094,82987,0
20453,6648,141313,0
20454,63757,132624,0
20455,139044,44795,0
20456,4752,69226,0
20457,100569,110135,0
20458,121511,138229,0
20459,37410,137409,0
20460,78941,107017,0
20461,54618,8890,0
20462,85835,104578,0
20463,689,25352,0
20464,45560,78194,0
20465,46163,50233,0
20466,145042,87834,0
20467,73826,16775,0
20468,16039,147113,0
20469,28362,83768,0
20470,62166,34501,0
20471,133192,60459,0
20472,67528,80667,0
20473,88190,117050,0
20474,148567,110839,0
20475,8084,86774,0
20476,55520,79399,0
20477,67931,14335,0
20478,145732,78492,0
20479,72821,19995,0
20480,128562,39447,0
20481,67086,114800,0
20482,131218,83286,0
20483,64350,95636,0
20484,26484,45234,0
20485,113165,124155,0
20486,71707,32292,0
20487,24998,2338,0
20488,53830,68156,0
20489,114852,96442,0
20490,66221,119222,0
20491,37062,92236,0
20492,140508,65830,0
20493,99948,81485,0
20494,127922,27421,0
20495,57897,133482,0
20496,69474,88617,0
20497,90544,100924,0
20498,48929,56944,0
20499,128856,79148,0
20500,64304,150511,0
20501,65622,56385,0
20502,15891,66565,0
20503,141110,155005,0
20504,153413,9585,0
20505,35602,92983,0
20506,116394,43988,0
20507,51675,28683,0
20508,35929,55818,0
20509,134706,16483,0
20510,133059,90120,0
20511,91964,75475,0
20512,101815,99563,0
20513,47092,3217,0
20514,28407,53336,0
20515,38388,81278,0
20516,26904,104956,0
20517,2139,62515,0
20518,11300,149006,0
20519,100411,54554,0
20520,111450,143137,0
20521,105134,58577,0
20522,36128,44554,0
20523,5870,57760,0
20524,151782,31464,0
20525,149835,122623,0
20526,92700,45035,0
20527,145749,4090,0
20528,41245,41648,0
20529,91712,43103,0
20530,16767,89081,0
20531,24886,96872,0
20532,40109,89637,0
20533,75878,116358,0
20534,52617,98683,0
20535,89835,76531,0
20536,117568,140348,0
20537,104533,114633,0
20538,19382,8552,0
20539,114824,11290,0
20540,119137,32999,0
20541,47697,8682,0
20542,60044,67386,0
20543,119260,88,0
20544,68933,48029,0
20545,122084,121566,0
20546,149868,116826,0
20547,145726,81020,0
20548,90934,89409,0
20549,154817,26846,0
20550,103151,152223,0
20551,5052,71464,0
20552,134551,120451,0
20553,116530,118862,0
20554,20440,31067,0
20555,68516,149674,0
20556,39313,37496,0
20557,69119,8642,0
20558,7033,43039,0
20559,152854,41513,0
20560,30236,15013,0
20561,100475,17852,0
20562,35741,68466,0
20563,154466,114249,0
20564,68171,93271,0
20565,48673,78017,0
20566,133171,118904,0
20567,53999,148437,0
20568,61684,78068,0
20569,83235,36982,0
20570,150888,88460,0
20571,102371,84947,0
20572,141863,12975,0
20573,63652,60229,0
20574,42891,77139,0
20575,79059,152005,0
20576,99122,153132,0
20577,152756,127647,0
20578,138628,18858,0
20579,87983,150997,0
20580,120269,138698,0
20581,85570,91247,0
20582,21208,43083,0
20583,153571,119302,0
20584,87795,12672,0
20585,93765,125392,0
20586,70383,70031,0
20587,37522,127750,0
20588,58161,18295,0
20589,129457,105716,0
20590,104780,7592,0
20591,69688,1626,0
20592,55145,61184,0
20593,49433,44795,0
20594,138713,204,0
20595,112403,66286,0
20596,133864,86268,0
20597,20324,73872,0
20598,155082,101993,0
20599,14803,84322,0
20600,117592,149468,0
20601,138610,115558,0
20602,30892,115536,0
20603,120000,102672,0
20604,113620,5219,0
20605,138477,5304,0
20606,143072,148322,0
20607,119580,1177,0
20608,128156,109209,0
20609,94737,61380,0
20610,112092,45545,0
20611,102676,2574,0
20612,125970,134965,0
20613,113062,1748,0
20614,101011,70455,0
20615,68218,90775,0
20616,53405,119409,0
20617,53004,46043,0
20618,78158,126159,0
20619,16323,51624,0
20620,67063,30069,0
20621,7225,7845,0
20622,60396,104187,0
20623,73632,23077,0
20624,131873,129616,0
20625,28279,50908,0
20626,37663,80219,0
20627,11550,45928,0
20628,92251,28288,0
20629,134154,82989,0
20630,7708,53382,0
20631,147585,58854,0
20632,78173,102881,0
20633,24763,130140,0
20634,133655,76143,0
20635,49578,99993,0
20636,58112,79782,0
20637,9268,49284,0
20638,72554,14721,0
20639,36788,128050,0
20640,141989,4766,0
20641,87731,105721,0
20642,60247,60658,0
20643,106251,3626,0
20644,2968,104674,0
20645,6906,122218,0
20646,53241,24062,0
20647,131782,67920,0
20648,12335,103769,0
20649,28265,145177,0
20650,79234,116716,0
20651,144516,80749,0
20652,145432,116678,0
20653,21538,79693,0
20654,75708,114514,0
20655,76670,20982,0
20656,76062,149483,0
20657,133983,128425,0
20658,108875,41860,0
20659,105358,93858,0
20660,57078,60390,0
20661,34332,101314,0
20662,130091,45414,0
20663,97577,11384,0
20664,5557,103583,0
20665,148408,52481,0
20666,37488,96964,0
20667,93433,36150,0
20668,100711,48981,0
20669,6076,60200,0
20670,105899,28186,0
20671,47154,17819,0
20672,133941,134503,0
20673,12044,147208,0
20674,4238,132092,0
20675,42662,80702,0
20676,125901,2413,0
20677,31732,15343,0
20678,64242,102461,0
20679,115025,95360,0
20680,49077,102775,0
20681,43462,133972,0
20682,132301,15433,0
20683,68940,119192,0
20684,77133,60868,0
20685,126757,37084,0
20686,84400,150235,0
20687,36713,24304,0
20688,70830,18691,0
20689,52173,3124,0
20690,142415,6809,0
20691,4356,62066,0
20692,56789,123558,0
20693,106758,2061,0
20694,44311,118353,0
20695,26130,97376,0
20696,39699,69753,0
20697,21350,18130,0
20698,91171,56234,0
20699,96600,7612,0
20700,128664,140462,0
20701,120951,76825,0
20702,30357,34388,0
20703,60051,128307,0
20704,36151,78617,0
20705,108790,83657,0
20706,45614,42319,0
20707,130465,87076,0
20708,71111,152304,0
20709,101125,92542,0
20710,53188,110596,0
20711,85813,45006,0
20712,38698,77067,0
20713,109975,85582,0
20714,19081,127286,0
20715,127289,17974,0
20716,73048,123928,0
20717,131498,77733,0
20718,3269,94513,0
20719,99623,131084,0
20720,120687,40070,0
20721,133818,39420,0
20722,123971,129617,0
20723,69422,22254,0
20724,27320,595,0
20725,137348,110976,0
20726,3283,90957,0
20727,70080,28115,0
20728,71957,36665,0
20729,132003,61881,0
20730,129373,35798,0
20731,140373,117208,0
20732,136399,149078,0
20733,34668,142864,0
20734,130598,88432,0
20735,812,17821,0
20736,93964,141220,0
20737,40686,92958,0
20738,14582,3833,0
20739,827,63833,0
20740,114140,151397,0
20741,119648,31344,0
20742,4694,87007,0
20743,101547,22554,0
20744,59254,111193,0
20745,105681,15941,0
20746,33153,36221,0
20747,35576,110864,0
20748,45067,145140,0
20749,147833,131283,0
20750,127224,131481,0
20751,38096,79668,0
20752,72107,60335,0
20753,70649,151318,0
20754,77000,37571,0
20755,79750,141510,0
20756,137180,65289,0
20757,65370,118746,0
20758,146624,47689,0
20759,140587,109846,0
20760,75440,150099,0
20761,84507,62584,0
20762,58610,20335,0
20763,52759,153285,0
20764,64006,68263,0
20765,742,14744,0
20766,83236,153666,0
20767,16904,58531,0
20768,91388,123562,0
20769,140395,82442,0
20770,45890,23286,0
20771,102386,122281,0
20772,111774,77244,0
20773,43027,106078,0
20774,109651,43292,0
20775,47253,22608,0
20776,118979,4701,0
20777,36018,56885,0
20778,126361,102220,0
20779,88876,87685,0
20780,84468,130373,0
20781,60785,28178,0
20782,45415,150971,0
20783,138399,116997,0
20784,17542,103671,0
20785,141949,60697,0
20786,90659,27221,0
20787,21352,143895,0
20788,134599,136503,0
20789,47671,82563,0
20790,61948,54919,0
20791,16190,47930,0
20792,80951,101452,0
20793,62169,127490,0
20794,54549,92503,0
20795,35897,151272,0
20796,94626,112408,0
20797,21739,106572,0
20798,33679,9498,0
20799,114741,88894,0
20800,113702,49173,0
20801,52889,47283,0
20802,55191,60277,0
20803,10238,32608,0
20804,100484,53897,0
20805,99515,90975,0
20806,27527,50328,0
20807,54741,106149,0
20808,75331,12307,0
20809,62167,71553,0
20810,141027,91242,0
20811,107097,61589,0
20812,111275,125086,0
20813,46760,73988,0
20814,115722,155123,0
20815,136787,95951,0
20816,103038,126559,0
20817,131251,97076,0
20818,10994,52257,0
20819,144643,94519,0
20820,120055,7198,0
20821,39011,126074,0
20822,28496,4746,0
20823,5792,130783,0
20824,38443,74611,0
20825,25582,112367,0
20826,135298,138368,0
20827,148379,4009,0
20828,33292,85535,0
20829,68481,128100,0
20830,88439,52700,0
20831,18011,60579,0
20832,49893,69272,0
20833,110834,16036,0
20834,18185,71876,0
20835,101111,118629,0
20836,144083,111969,0
20837,130466,136971,0
20838,138448,34886,0
20839,65377,111696,0
20840,25040,44358,0
20841,77732,78241,0
20842,124985,19026,0
20843,115750,67684,0
20844,109395,46078,0
20845,63065,129453,0
20846,19021,147332,0
20847,90997,59542,0
20848,79202,114594,0
20849,99025,42922,0
20850,116461,74564,0
20851,79461,23400,0
20852,109189,62695,0
20853,20855,4905,0
20854,25704,105352,0
20855,63826,66276,0
20856,85805,149793,0
20857,58227,98342,0
20858,39031,129485,0
20859,83723,104287,0
20860,110434,103592,0
20861,98909,96964,0
20862,96717,41694,0
20863,75883,494,0
20864,29644,121553,0
20865,120600,55968,0
20866,92233,45983,0
20867,117532,112362,0
20868,112138,24615,0
20869,54529,33542,0
20870,50149,82970,0
20871,40408,92488,0
20872,103511,130814,0
20873,90213,116782,0
20874,3052,75780,0
20875,53644,66456,0
20876,109762,23127,0
20877,97432,68078,0
20878,121053,132329,0
20879,12846,150958,0
20880,132879,99454,0
20881,64540,114777,0
20882,144421,95282,0
20883,151465,40306,0
20884,94819,75260,0
20885,117414,133025,0
20886,137334,27833,0
20887,125792,68256,0
20888,45310,45623,0
20889,147083,894,0
20890,115369,33120,0
20891,113337,60004,0
20892,66663,83692,0
20893,98901,47237,0
20894,79307,23624,0
20895,37692,126178,0
20896,139332,69542,0
20897,104281,38818,0
20898,114644,15773,0
20899,110945,36263,0
20900,139786,64560,0
20901,55219,71376,0
20902,47581,3994,0
20903,30130,78408,0
20904,43411,110051,0
20905,9702,81953,0
20906,119047,111633,0
20907,44744,26472,0
20908,87577,136304,0
20909,98385,136601,0
20910,58159,71213,0
20911,28527,69821,0
20912,81895,117030,0
20913,29325,65219,0
20914,127937,128417,0
20915,7556,100901,0
20916,67951,24040,0
20917,79403,73002,0
20918,137197,93636,0
20919,96093,40763,0
20920,84151,3935,0
20921,100545,6851,0
20922,135617,3349,0
20923,29860,78800,0
20924,120383,34240,0
20925,13259,135222,0
20926,20270,35588,0
20927,14349,29525,0
20928,9495,58837,0
20929,104140,132548,0
20930,13897,62162,0
20931,146422,139755,0
20932,59983,32260,0
20933,59577,22047,0
20934,841,118183,0
20935,32456,107508,0
20936,101500,67437,0
20937,17617,25413,0
20938,85318,106034,0
20939,97327,72190,0
20940,106089,51680,0
20941,112501,155172,0
20942,11951,56773,0
20943,99301,119479,0
20944,18332,67153,0
20945,152669,117709,0
20946,7842,565,0
20947,107967,39033,0
20948,62897,61418,0
20949,11127,106093,0
20950,74693,77477,0
20951,78489,90624,0
20952,99552,94381,0
20953,15241,153073,0
20954,80109,78807,0
20955,135390,75303,0
20956,73567,108558,0
20957,93865,46998,0
20958,154561,676,0
20959,87697,96549,0
20960,74954,17465,0
20961,97432,62333,0
20962,60204,56678,0
20963,124613,152334,0
20964,39328,23653,0
20965,43336,20978,0
20966,122037,29556,0
20967,144828,135628,0
20968,70537,21330,0
20969,105466,4170,0
20970,96250,47828,0
20971,143906,141306,0
20972,44286,94619,0
20973,48934,8222,0
20974,109729,10413,0
20975,118323,47837,0
20976,32072,134939,0
20977,138686,66126,0
20978,40208,52032,0
20979,83271,55171,0
20980,104702,93320,0
20981,20930,132764,0
20982,139800,102926,0
20983,108803,96087,0
20984,97072,93416,0
20985,122890,111926,0
20986,73311,132504,0
20987,121111,75597,0
20988,51233,85514,0
20989,17038,55560,0
20990,132024,58844,0
20991,109922,42208,0
20992,72660,142139,0
20993,10811,37323,0
20994,96640,15575,0
20995,131261,34708,0
20996,3725,103438,0
20997,23931,46125,0
20998,18179,74235,0
20999,43159,93479,0
21000,17371,137063,0
21001,85328,139354,0
21002,37179,146161,0
21003,102546,67717,0
21004,136962,5113,0
21005,77923,38186,0
21006,71664,131258,0
21007,145542,137521,0
21008,14318,92581,0
21009,71146,44568,0
21010,42962,46106,0
21011,96127,148120,0
21012,134813,146052,0
21013,5624,36781,0
21014,103781,128879,0
21015,132640,148466,0
21016,150263,12971,0
21017,14072,121566,0
21018,70956,147181,0
21019,24896,43061,0
21020,63261,124197,0
21021,31043,118867,0
21022,27107,8349,0
21023,28462,53252,0
21024,149625,124580,0
21025,127200,100364,0
21026,93161,61505,0
21027,36281,19217,0
21028,20837,5326,0
21029,55177,73180,0
21030,35769,34667,0
21031,16284,26617,0
21032,109170,21214,0
21033,123615,42392,0
21034,131811,116099,0
21035,112157,143906,0
21036,110137,123771,0
21037,79975,145313,0
21038,114435,73002,0
21039,85897,125223,0
21040,590,53510,0
21041,98263,32178,0
21042,93773,115973,0
21043,126202,106526,0
21044,43286,113837,0
21045,123636,38596,0
21046,69262,90729,0
21047,23189,25351,0
21048,121890,131699,0
21049,137193,12395,0
21050,59834,48862,0
21051,50832,110655,0
21052,148347,1500,0
21053,151381,63421,0
21054,105061,1313,0
21055,101765,138970,0
21056,3365,147308,0
21057,64220,98288,0
21058,154625,35342,0
21059,129530,63177,0
21060,65765,28931,0
21061,79612,137460,0
21062,73565,33716,0
21063,34547,128451,0
21064,3736,55230,0
21065,111967,145214,0
21066,90417,47638,0
21067,121494,116789,0
21068,67699,86493,0
21069,41418,68924,0
21070,123178,49419,0
21071,59886,131017,0
21072,115347,142866,0
21073,74066,108390,0
21074,66905,25797,0
21075,83468,67757,0
21076,51861,145040,0
21077,33719,56476,0
21078,96681,57676,0
21079,98379,96904,0
21080,22988,127309,0
21081,22489,61914,0
21082,79158,141893,0
21083,106258,108749,0
21084,98060,3693,0
21085,55616,27415,0
21086,103928,142200,0
21087,75704,153154,0
21088,12922,75870,0
21089,97098,132352,0
21090,20824,3136,0
21091,48795,100468,0
21092,132261,43402,0
21093,7268,3994,0
21094,64883,151192,0
21095,61016,17210,0
21096,140846,86112,0
21097,125026,63644,0
21098,81201,12068,0
21099,24624,8148,0
21100,118846,70431,0
21101,19115,9453,0
21102,67256,111601,0
21103,88603,91898,0
21104,106866,123389,0
21105,26863,126707,0
21106,33232,122493,0
21107,119918,126858,0
21108,12598,143357,0
21109,58909,88621,0
21110,50626,2991,0
21111,128293,101030,0
21112,22124,73640,0
21113,42411,39343,0
21114,102412,102142,0
21115,16238,43311,0
21116,31640,92820,0
21117,115159,101043,0
21118,142690,23601,0
21119,71667,127957,0
21120,14615,6221,0
21121,145790,124535,0
21122,63165,78822,0
21123,26196,147354,0
21124,123631,119879,0
21125,133224,147904,0
21126,138793,60201,0
21127,111587,44765,0
21128,9911,41570,0
21129,56970,106393,0
21130,16742,9406,0
21131,1108,75533,0
21132,112796,88637,0
21133,125245,49660,0
21134,6597,48744,0
21135,66518,67559,0
21136,1483,50087,0
21137,44577,120828,0
21138,149891,73297,0
21139,120913,101824,0
21140,105785,22284,0
21141,7436,56656,0
21142,42200,107692,0
21143,111725,56881,0
21144,59834,90203,0
21145,49013,40615,0
21146,113139,98424,0
21147,98320,144736,0
21148,138820,10933,0
21149,34128,125561,0
21150,98194,55818,0
21151,54196,137103,0
21152,1257,35304,0
21153,99028,37258,0
21154,27376,148445,0
21155,2167,148896,0
21156,58795,95099,0
21157,56041,64582,0
21158,152605,13936,0
21159,9226,53649,0
21160,63750,149563,0
21161,108786,65926,0
21162,115194,110216,0
21163,62404,42589,0
21164,129211,143284,0
21165,8680,137834,0
21166,27331,68703,0
21167,8468,15444,0
21168,8315,2525,0
21169,94879,38294,0
21170,43397,151645,0
21171,144647,70839,0
21172,87444,87131,0
21173,100581,91782,0
21174,3741,71925,0
21175,94745,59268,0
21176,27537,98805,0
21177,66131,53579,0
21178,113835,35080,0
21179,19073,19110,0
21180,67626,97217,0
21181,145552,14544,0
21182,138770,110923,0
21183,99942,47384,0
21184,115764,61268,0
21185,95410,36185,0
21186,78086,116750,0
21187,119439,122093,0
21188,116012,63927,0
21189,2060,118074,0
21190,141012,113904,0
21191,69612,36398,0
21192,145186,129182,0
21193,111099,14013,0
21194,18512,129220,0
21195,38665,5663,0
21196,91650,91642,0
21197,25621,54805,0
21198,118731,105682,0
21199,11334,20933,0
21200,53854,49298,0
21201,23580,105270,0
21202,86582,82473,0
21203,42702,140936,0
21204,69368,46409,0
21205,9266,108493,0
21206,129731,92457,0
21207,123004,137403,0
21208,44692,123446,0
21209,91395,97542,0
21210,9276,18457,0
21211,24993,122312,0
21212,72547,110234,0
21213,41059,139725,0
21214,67993,46777,0
21215,30199,70606,0
21216,10883,78257,0
21217,92551,132678,0
21218,1247,46460,0
21219,45798,5304,0
21220,150994,70328,0
21221,137163,146500,0
21222,5280,1042,0
21223,66426,148709,0
21224,42012,62937,0
21225,9228,144010,0
21226,53971,117401,0
21227,128454,59702,0
21228,146952,113434,0
21229,21578,84356,0
21230,132141,23655,0
21231,147639,149385,0
21232,6996,32020,0
21233,76329,99468,0
21234,39129,147227,0
21235,148201,128393,0
21236,87760,109549,0
21237,146841,152214,0
21238,79978,85513,0
21239,66545,12822,0
21240,36389,126704,0
21241,93716,110163,0
21242,71660,25941,0
21243,120055,40546,0
21244,53345,94186,0
21245,4713,148098,0
21246,16877,27929,0
21247,29509,110891,0
21248,110219,63600,0
21249,121484,58321,0
21250,107565,96606,0
21251,138418,154714,0
21252,100889,47604,0
21253,70502,112726,0
21254,37998,62147,0
21255,52067,47523,0
21256,118659,5159,0
21257,105331,100524,0
21258,32864,147015,0
21259,9539,144295,0
21260,24911,63778,0
21261,142075,148426,0
21262,1432,77573,0
21263,7478,14735,0
21264,57166,120800,0
21265,70735,23296,0
21266,36872,108402,0
21267,33545,139310,0
21268,91138,12726,0
21269,80324,93051,0
21270,17255,97310,0
21271,120134,146598,0
21272,35886,137502,0
21273,63242,120829,0
21274,147148,6915,0
21275,86811,39091,0
21276,53673,95730,0
21277,46003,13926,0
21278,149301,33403,0
21279,143754,56599,0
21280,136147,72541,0
21281,126292,99686,0
21282,35084,115143,0
21283,81418,89344,0
21284,59907,49983,0
21285,79557,150048,0
21286,33389,90089,0
21287,62628,44510,0
21288,22132,93044,0
21289,13878,61124,0
21290,20152,86058,0
21291,119521,51538,0
21292,116389,152735,0
21293,82191,98239,0
21294,148344,17951,0
21295,109686,114992,0
21296,77384,124304,0
21297,33576,130863,0
21298,4464,95884,0
21299,58246,113327,0
21300,152211,134201,0
21301,132566,51694,0
21302,154948,135525,0
21303,50502,154385,0
21304,130639,108081,0
21305,147536,3636,0
21306,71752,100420,0
21307,68203,8287,0
21308,68548,38404,0
21309,120990,98715,0
21310,61513,123312,0
21311,92763,108004,0
21312,5941,6754,0
21313,94180,31756,0
21314,132595,89972,0
21315,108454,77080,0
21316,28449,149741,0
21317,138906,3396,0
21318,13235,100674,0
21319,42937,16009,0
21320,1971,125013,0
21321,87791,141034,0
21322,65065,147693,0
21323,138916,22743,0
21324,120526,73938,0
21325,46391,61474,0
21326,96985,38259,0
21327,141304,106439,0
21328,127505,140796,0
21329,16631,84111,0
21330,35120,18463,0
21331,14787,59040,0
21332,113248,126451,0
21333,61946,119484,0
21334,27911,32903,0
21335,25743,28421,0
21336,108794,153623,0
21337,55207,30186,0
21338,81922,40066,0
21339,136408,149430,0
21340,62265,10001,0
21341,50675,141947,0
21342,124380,141727,0
21343,19085,65015,0
21344,39152,98948,0
21345,42760,46101,0
21346,116431,75397,0
21347,69026,34384,0
21348,88774,38107,0
21349,2826,104218,0
21350,25974,73520,0
21351,148135,10540,0
21352,81852,95821,0
21353,86925,93587,0
21354,32537,80004,0
21355,105516,73202,0
21356,60470,131355,0
21357,149633,50883,0
21358,101271,103697,0
21359,74980,137230,0
21360,9002,154081,0
21361,19160,105540,0
21362,113615,23716,0
21363,39659,133436,0
21364,43202,20095,0
21365,96979,57682,0
21366,16392,33687,0
21367,136343,108099,0
21368,145672,116330,0
21369,33324,72117,0
21370,37200,87666,0
21371,106314,154960,0
21372,145794,148099,0
21373,106879,142462,0
21374,42271,38685,0
21375,9145,139280,0
21376,127778,140272,0
21377,139981,79606,0
21378,131042,7855,0
21379,87103,27471,0
21380,55677,92149,0
21381,31145,35310,0
21382,25978,139046,0
21383,26807,115413,0
21384,18828,123630,0
21385,71002,11012,0
21386,103543,78867,0
21387,104179,72130,0
21388,81779,119774,0
21389,146628,104613,0
21390,143634,129310,0
21391,68347,41654,0
21392,43612,104859,0
21393,127701,42091,0
21394,102599,5481,0
21395,45993,56444,0
21396,127673,111294,0
21397,88625,106986,0
21398,130520,153226,0
21399,142036,77449,0
21400,13223,64172,0
21401,71639,87708,0
21402,21717,107617,0
21403,142567,140899,0
21404,148616,59777,0
21405,116939,102687,0
21406,52376,132224,0
21407,88744,134769,0
21408,137156,47132,0
21409,67458,6576,0
21410,3881,85919,0
21411,12566,140930,0
21412,148377,154884,0
21413,22033,77607,0
21414,3688,102250,0
21415,15626,140834,0
21416,1910,84142,0
21417,21033,100150,0
21418,5657,39578,0
21419,54335,77183,0
21420,33781,135332,0
21421,138931,120715,0
21422,110216,138441,0
21423,97754,64669,0
21424,21276,114861,0
21425,144911,1463,0
21426,72837,139305,0
21427,90197,43179,0
21428,150141,103410,0
21429,117784,112101,0
21430,35377,142616,0
21431,96995,74998,0
21432,137849,147291,0
21433,138786,146872,0
21434,11606,23622,0
21435,12515,21748,0
21436,125781,149339,0
21437,27713,97217,0
21438,154330,150544,0
21439,150801,135229,0
21440,62354,100217,0
21441,44420,89029,0
21442,116016,128398,0
21443,63758,70141,0
21444,65810,37567,0
21445,141453,38940,0
21446,121269,75754,0
21447,80763,44234,0
21448,6111,153033,0
21449,76793,75229,0
21450,136374,97617,0
21451,144778,132865,0
21452,155186,126665,0
21453,108128,36587,0
21454,81820,29553,0
21455,129672,65029,0
21456,13023,141213,0
21457,39325,66324,0
21458,125079,89695,0
21459,607,66520,0
21460,21176,135283,0
21461,66336,15979,0
21462,65101,114004,0
21463,59622,94814,0
21464,10474,37819,0
21465,41018,17949,0
21466,14584,21714,0
21467,140591,109,0
21468,119598,128043,0
21469,115735,82984,0
21470,88952,76995,0
21471,76327,28481,0
21472,11912,19949,0
21473,76431,116508,0
21474,136007,22598,0
21475,120622,8552,0
21476,132710,109812,0
21477,120142,19162,0
21478,83065,52381,0
21479,107437,123543,0
21480,154368,139566,0
21481,73054,19991,0
21482,120180,54301,0
21483,119343,124938,0
21484,124944,142326,0
21485,150688,103647,0
21486,90296,44857,0
21487,25445,83062,0
21488,116745,24804,0
21489,66425,75191,0
21490,47075,129179,0
21491,66770,101037,0
21492,17477,67587,0
21493,7959,146147,0
21494,132612,120372,0
21495,6766,79383,0
21496,15657,58392,0
21497,69505,98179,0
21498,46617,114720,0
21499,129916,38321,0
21500,120035,143236,0
21501,42036,77160,0
21502,6007,87391,0
21503,80714,106023,0
21504,2053,119917,0
21505,109665,23596,0
21506,132412,117753,0
21507,19797,39148,0
21508,12264,136626,0
21509,114394,94493,0
21510,45887,47985,0
21511,142681,55413,0
21512,122777,59689,0
21513,33413,24568,0
21514,34334,145418,0
21515,125948,12465,0
21516,50785,33511,0
21517,101978,76642,0
21518,49658,29330,0
21519,113074,2095,0
21520,38682,61727,0
21521,60923,68950,0
21522,127476,14190,0
21523,142589,109311,0
21524,16424,17160,0
21525,30731,84517,0
21526,27233,113409,0
21527,141242,3156,0
21528,19091,54703,0
21529,51923,153810,0
21530,136552,9470,0
21531,29514,96053,0
21532,76421,84837,0
21533,104198,20208,0
21534,31118,34927,0
21535,14584,118632,0
21536,39363,89663,0
21537,16551,136639,0
21538,44933,19117,0
21539,114453,35319,0
21540,139696,112468,0
21541,67430,104218,0
21542,2374,29307,0
21543,24276,139854,0
21544,79656,120291,0
21545,97816,114050,0
21546,76176,71616,0
21547,88763,141943,0
21548,91832,49416,0
21549,22119,1115,0
21550,49919,2175,0
21551,30223,117558,0
21552,63895,48540,0
21553,80095,149386,0
21554,118105,135198,0
21555,92464,42953,0
21556,42745,139186,0
21557,37479,136791,0
21558,123534,99797,0
21559,77720,9178,0
21560,99734,50343,0
21561,10841,25533,0
21562,18114,59362,0
21563,74423,114631,0
21564,112998,65130,0
21565,146950,4006,0
21566,125963,15056,0
21567,23169,149283,0
21568,20799,131984,0
21569,24514,36853,0
21570,64406,86632,0
21571,10609,76472,0
21572,87078,121683,0
21573,33679,7213,0
21574,40822,68776,0
21575,128525,94397,0
21576,66152,95508,0
21577,92866,108315,0
21578,114677,28985,0
21579,37864,25496,0
21580,70925,110323,0
21581,90484,66761,0
21582,7331,47219,0
21583,139437,104847,0
21584,124788,131878,0
21585,81986,123770,0
21586,30839,123405,0
21587,20965,97823,0
21588,145333,151041,0
21589,150904,79969,0
21590,36471,98281,0
21591,44137,18900,0
21592,47673,130789,0
21593,107828,65683,0
21594,151042,148175,0
21595,151615,89458,0
21596,94584,66767,0
21597,32471,27798,0
21598,140579,151122,0
21599,37609,11845,0
21600,9605,30424,0
21601,67600,107342,0
21602,80908,125393,0
21603,115517,141133,0
21604,154050,56288,0
21605,128396,100709,0
21606,146424,117492,0
21607,24821,129003,0
21608,106350,94120,0
21609,47820,97008,0
21610,58858,30829,0
21611,118186,64287,0
21612,73302,130195,0
21613,25212,130044,0
21614,29665,14094,0
21615,84844,154156,0
21616,71994,108836,0
21617,137879,40714,0
21618,133582,14475,0
21619,149412,86217,0
21620,20593,88344,0
21621,2569,78014,0
21622,50899,104325,0
21623,61113,99720,0
21624,43441,32313,0
21625,145219,66124,0
21626,116874,24999,0
21627,96413,105132,0
21628,137106,47653,0
21629,75639,10231,0
21630,89183,95312,0
21631,70858,117788,0
21632,143687,65040,0
21633,97125,1295,0
21634,52790,119479,0
21635,74703,79154,0
21636,120353,4081,0
21637,95480,2893,0
21638,11995,13687,0
21639,40539,9693,0
21640,118133,94123,0
21641,27279,14362,0
21642,154755,88302,0
21643,72316,17931,0
21644,44364,87557,0
21645,69129,146875,0
21646,68566,133346,0
21647,28443,83165,0
21648,38365,57235,0
21649,92656,35717,0
21650,44248,65968,0
21651,123887,100673,0
21652,44137,90549,0
21653,57506,126357,0
21654,65059,105845,0
21655,71283,102394,0
21656,117008,113436,0
21657,120228,4483,0
21658,122976,58106,0
21659,3375,23164,0
21660,87326,139854,0
21661,26697,53640,0
21662,131016,135843,0
21663,147067,130569,0
21664,89844,80280,0
21665,130605,41133,0
21666,126428,23061,0
21667,116989,63138,0
21668,85558,88956,0
21669,36245,37109,0
21670,81554,119089,0
21671,154683,110997,0
21672,77664,143196,0
21673,105519,92552,0
21674,25104,120830,0
21675,122470,91841,0
21676,46047,102748,0
21677,21446,58672,0
21678,39217,64911,0
21679,52718,97719,0
21680,150564,40818,0
21681,18529,14924,0
21682,106540,52513,0
21683,32242,150365,0
21684,148624,693,0
21685,64238,99925,0
21686,67100,150573,0
21687,12947,22776,0
21688,31472,146147,0
21689,25733,141238,0
21690,47793,32882,0
21691,55284,19811,0
21692,149679,25305,0
21693,12221,72345,0
21694,33557,2982,0
21695,134891,30382,0
21696,69761,152946,0
21697,56215,62575,0
21698,37135,97614,0
21699,91185,25250,0
21700,109179,71893,0
21701,14447,137125,0
21702,81759,45086,0
21703,127909,144085,0
21704,147737,25895,0
21705,46319,69824,0
21706,66851,126983,0
21707,10038,95899,0
21708,85480,110306,0
21709,44393,134487,0
21710,18808,26819,0
21711,118856,8967,0
21712,92587,49464,0
21713,46190,76642,0
21714,27610,117799,0
21715,28473,51095,0
21716,97290,63319,0
21717,22589,85777,0
21718,142687,150644,0
21719,64109,125609,0
21720,95671,127577,0
21721,130441,35788,0
21722,130646,132228,0
21723,33340,145975,0
21724,11154,49650,0
21725,106737,66479,0
21726,136453,123647,0
21727,49071,56812,0
21728,82549,133074,0
21729,136536,154679,0
21730,77430,4463,0
21731,101015,583,0
21732,31166,83529,0
21733,145745,113252,0
21734,45967,21707,0
21735,142260,125154,0
21736,133657,141699,0
21737,134626,151773,0
21738,77720,61379,0
21739,8031,8164,0
21740,32185,54569,0
21741,76289,81178,0
21742,123938,118110,0
21743,150555,115365,0
21744,93614,75786,0
21745,98988,138616,0
21746,61852,141002,0
21747,21285,52950,0
21748,94229,141037,0
21749,36171,141596,0
21750,141044,95282,0
21751,55081,43224,0
21752,91903,71977,0
21753,19302,153424,0
21754,141232,40511,0
21755,105718,72456,0
21756,126247,76525,0
21757,5769,37114,0
21758,65965,122313,0
21759,33636,5660,0
21760,70641,20447,0
21761,45082,151430,0
21762,31479,13629,0
21763,82995,89947,0
21764,59208,121793,0
21765,147234,103163,0
21766,11820,121703,0
21767,62910,150326,0
21768,147593,65246,0
21769,68351,68390,0
21770,75648,65996,0
21771,123448,94334,0
21772,147414,3877,0
21773,98050,146690,0
21774,51280,70437,0
21775,125901,68971,0
21776,142048,28458,0
21777,126528,14760,0
21778,111208,322,0
21779,56820,87990,0
21780,47617,101101,0
21781,14728,154069,0
21782,91861,33489,0
21783,110227,142397,0
21784,143090,122294,0
21785,15360,3832,0
21786,137402,123544,0
21787,2937,110163,0
21788,92304,98617,0
21789,99616,34795,0
21790,130359,145275,0
21791,74413,18687,0
21792,24513,137169,0
21793,94607,44500,0
21794,66516,154904,0
21795,82423,78246,0
21796,129430,65890,0
21797,49034,55331,0
21798,70896,148424,0
21799,60996,83884,0
21800,18480,56627,0
21801,46276,130459,0
21802,102735,31927,0
21803,59167,47458,0
21804,17947,46241,0
21805,29985,85336,0
21806,102345,79862,0
21807,33112,143805,0
21808,140978,26208,0
21809,77340,7130,0
21810,33464,127973,0
21811,37522,113156,0
21812,140815,45665,0
21813,6650,120443,0
21814,98032,117302,0
21815,63109,88976,0
21816,90869,15562,0
21817,46496,19144,0
21818,64350,42727,0
21819,135448,11584,0
21820,151858,127012,0
21821,66020,56925,0
21822,153523,71875,0
21823,4996,55695,0
21824,77700,38206,0
21825,116632,9716,0
21826,129657,11551,0
21827,83743,90111,0
21828,81291,106877,0
21829,27537,10397,0
21830,32599,114963,0
21831,21719,139303,0
21832,75795,46343,0
21833,91982,142438,0
21834,153839,121889,0
21835,88608,67614,0
21836,44513,41549,0
21837,154807,32848,0
21838,37121,69745,0
21839,148834,65661,0
21840,145441,3509,0
21841,79834,116129,0
21842,73735,48428,0
21843,121494,68732,0
21844,11245,102662,0
21845,132074,70360,0
21846,10281,15319,0
21847,38791,133248,0
21848,63875,59037,0
21849,120157,104900,0
21850,51190,75353,0
21851,66498,18985,0
21852,81002,48993,0
21853,142967,31943,0
21854,114644,118600,0
21855,140522,99045,0
21856,19196,135547,0
21857,777,3129,0
21858,123346,55560,0
21859,93500,22185,0
21860,96241,145467,0
21861,58218,146046,0
21862,17697,90923,0
21863,82537,145442,0
21864,104827,93902,0
21865,9947,136071,0
21866,19651,27600,0
21867,65507,96468,0
21868,85521,96974,0
21869,30701,98816,0
21870,122251,17382,0
21871,2751,64639,0
21872,4120,120363,0
21873,142300,83953,0
21874,107152,56664,0
21875,117374,39730,0
21876,125461,137459,0
21877,50532,21944,0
21878,33642,116896,0
21879,8587,89022,0
21880,4447,101200,0
21881,43168,59492,0
21882,63308,34811,0
21883,118865,31759,0
21884,107651,58880,0
21885,74300,108206,0
21886,101282,26565,0
21887,120257,69691,0
21888,153174,45976,0
21889,111320,89685,0
21890,11391,2049,0
21891,55499,149383,0
21892,50198,106692,0
21893,1804,36280,0
21894,109845,59266,0
21895,9950,82840,0
21896,113381,73229,0
21897,76381,94290,0
21898,92834,14242,0
21899,101563,66459,0
21900,118999,104863,0
21901,113803,85569,0
21902,132236,46640,0
21903,36516,25227,0
21904,128533,34640,0
21905,100693,82853,0
21906,122354,61995,0
21907,105106,67262,0
21908,47786,146411,0
21909,146927,65378,0
21910,65017,145139,0
21911,148418,125494,0
21912,82296,77165,0
21913,73463,96019,0
21914,1790,98747,0
21915,34912,24674,0
21916,77470,34832,0
21917,6246,118047,0
21918,115928,140353,0
21919,94375,138359,0
21920,137,49970,0
21921,115490,79466,0
21922,79776,3000,0
21923,17613,50428,0
21924,141284,102423,0
21925,34093,55993,0
21926,6098,11843,0
21927,24798,78072,0
21928,100641,44290,0
21929,19460,102159,0
21930,127508,110270,0
21931,68120,129808,0
21932,60535,47153,0
21933,123067,134291,0
21934,53978,71476,0
21935,23677,124228,0
21936,78158,150909,0
21937,93604,152668,0
21938,149512,23489,0
21939,84490,97045,0
21940,78673,109490,0
21941,144995,36480,0
21942,79662,12005,0
21943,111494,6026,0
21944,61655,31100,0
21945,46051,51651,0
21946,144242,96399,0
21947,118989,117105,0
21948,46646,77803,0
21949,125539,76622,0
21950,126202,43586,0
21951,13309,112848,0
21952,152956,109401,0
21953,32449,62531,0
21954,136637,141846,0
21955,75982,94196,0
21956,96374,12888,0
21957,108474,73283,0
21958,148020,2574,0
21959,128663,100452,0
21960,129035,39186,0
21961,117811,42466,0
21962,111027,62885,0
21963,91176,68483,0
21964,117802,59819,0
21965,19345,85684,0
21966,41405,55896,0
21967,122840,20406,0
21968,26782,120978,0
21969,109956,3852,0
21970,53509,11532,0
21971,133706,76227,0
21972,37497,103709,0
21973,136156,72585,0
21974,106393,36929,0
21975,50358,10352,0
21976,100911,150773,0
21977,51279,5458,0
21978,55869,44639,0
21979,149152,131595,0
21980,33450,99780,0
21981,1304,133115,0
21982,77534,71183,0
21983,139358,5779,0
21984,16836,122748,0
21985,26121,112143,0
21986,51954,100707,0
21987,117955,74887,0
21988,99708,127717,0
21989,110383,68576,0
21990,36975,115372,0
21991,123367,33647,0
21992,152652,59961,0
21993,72429,82991,0
21994,120479,101213,0
21995,57690,34726,0
21996,82977,127789,0
21997,25863,60848,0
21998,44864,146069,0
21999,18938,5388,0
22000,40159,68738,0
22001,108608,77088,0
22002,18048,72325,0
22003,43390,72102,0
22004,36854,90777,0
22005,1922,8832,0
22006,118248,79108,0
22007,98277,136073,0
22008,18199,102013,0
22009,81155,46868,0
22010,45040,131520,0
22011,96661,150863,0
22012,25859,106750,0
22013,1707,118782,0
22014,83158,143553,0
22015,49268,2794,0
22016,72803,98792,0
22017,48334,73469,0
22018,134903,44695,0
22019,46201,21736,0
22020,40539,48796,0
22021,75053,58194,0
22022,86144,114137,0
22023,23802,136537,0
22024,17245,130198,0
22025,146042,23684,0
22026,87828,24343,0
22027,142036,88651,0
22028,40804,104338,0
22029,118218,33128,0
22030,78088,107928,0
22031,3227,12180,0
22032,21835,36853,0
22033,20223,133985,0
22034,6619,96789,0
22035,65729,117218,0
22036,75484,146535,0
22037,19679,119459,0
22038,149695,151216,0
22039,95037,88165,0
22040,119181,83683,0
22041,109183,72150,0
22042,127573,58594,0
22043,83325,35280,0
22044,80715,59889,0
22045,52714,140188,0
22046,18251,112414,0
22047,30960,28474,0
22048,7533,47867,0
22049,138251,3707,0
22050,34954,123245,0
22051,75936,40199,0
22052,102654,79090,0
22053,124085,99598,0
22054,134615,118053,0
22055,50362,128818,0
22056,5834,100668,0
22057,138149,123575,0
22058,58643,89509,0
22059,94216,86065,0
22060,27266,51639,0
22061,38754,70498,0
22062,54134,17070,0
22063,107735,88596,0
22064,7936,103805,0
22065,114079,110525,0
22066,39443,9594,0
22067,14418,100361,0
22068,81840,131413,0
22069,67472,47206,0
22070,96607,85007,0
22071,42368,80754,0
22072,60979,102862,0
22073,11253,34747,0
22074,138561,19817,0
22075,113694,113341,0
22076,108779,143033,0
22077,89032,134889,0
22078,30033,139179,0
22079,99136,24766,0
22080,23971,40772,0
22081,101374,80172,0
22082,51700,151681,0
22083,129411,35496,0
22084,77940,94757,0
22085,149781,68295,0
22086,146789,114642,0
22087,122631,137498,0
22088,15248,89053,0
22089,31528,13572,0
22090,104640,129123,0
22091,136085,70546,0
22092,151804,37606,0
22093,16027,77320,0
22094,26804,21665,0
22095,8595,51091,0
22096,56710,81625,0
22097,10835,29434,0
22098,32468,112637,0
22099,32071,51946,0
22100,83293,8445,0
22101,122225,152955,0
22102,91997,71939,0
22103,12604,18010,0
22104,97720,90817,0
22105,154229,114954,0
22106,131452,103730,0
22107,90913,41434,0
22108,38148,13947,0
22109,66096,90022,0
22110,50523,69268,0
22111,37635,89429,0
22112,145676,50703,0
22113,65463,117540,0
22114,125722,59884,0
22115,87144,24095,0
22116,22095,84061,0
22117,24635,90149,0
22118,125662,104820,0
22119,140289,47845,0
22120,132378,139016,0
22121,47637,119825,0
22122,27188,132089,0
22123,110767,132068,0
22124,900,84731,0
22125,101317,39742,0
22126,87617,60505,0
22127,98116,100052,0
22128,98677,131226,0
22129,141523,68554,0
22130,104118,34136,0
22131,148555,31471,0
22132,73137,29459,0
22133,2546,35056,0
22134,109043,152222,0
22135,46086,74544,0
22136,110102,46389,0
22137,22100,19330,0
22138,142681,35455,0
22139,133724,23138,0
22140,33379,129023,0
22141,36362,25535,0
22142,37601,3657,0
22143,90184,16278,0
22144,134933,90565,0
22145,92648,130228,0
22146,134579,32804,0
22147,41434,107368,0
22148,34942,95218,0
22149,15416,5707,0
22150,61711,107738,0
22151,49591,93585,0
22152,123398,18520,0
22153,145231,29377,0
22154,90954,67210,0
22155,122316,35234,0
22156,135368,53077,0
22157,138840,37602,0
22158,32092,123261,0
22159,140222,74573,0
22160,96406,84311,0
22161,124419,35423,0
22162,77189,147885,0
22163,144666,89568,0
22164,137593,143983,0
22165,58248,36987,0
22166,18061,75625,0
22167,132241,98026,0
22168,129727,93035,0
22169,51338,3496,0
22170,84518,159,0
22171,116415,42952,0
22172,120922,130198,0
22173,77608,137595,0
22174,103488,36468,0
22175,102425,64497,0
22176,108459,57266,0
22177,83885,32238,0
22178,138745,93546,0
22179,23604,130004,0
22180,78571,139801,0
22181,70479,13475,0
22182,120446,136791,0
22183,65099,45203,0
22184,111452,56087,0
22185,131024,100967,0
22186,125376,11481,0
22187,145093,82809,0
22188,153460,25922,0
22189,65807,63101,0
22190,96879,82884,0
22191,143243,123230,0
22192,95237,48771,0
22193,75704,15234,0
22194,118085,146546,0
22195,126982,72286,0
22196,57763,69198,0
22197,97877,101662,0
22198,72838,84327,0
22199,13708,77632,0
22200,147689,98840,0
22201,98868,122900,0
22202,117401,57922,0
22203,36131,110448,0
22204,101342,97879,0
22205,32124,56185,0
22206,154984,79119,0
22207,44124,141246,0
22208,15385,135010,0
22209,1039,37035,0
22210,131499,1754,0
22211,98499,143676,0
22212,41408,141828,0
22213,43742,131921,0
22214,134749,70158,0
22215,96200,85295,0
22216,134473,128224,0
22217,29234,45484,0
22218,78081,76800,0
22219,64406,130562,0
22220,78585,10244,0
22221,123416,131802,0
22222,93983,128871,0
22223,103379,140511,0
22224,132571,103343,0
22225,112770,8711,0
22226,51487,17041,0
22227,10474,22547,0
22228,5351,2453,0
22229,92974,75113,0
22230,11177,118086,0
22231,114453,31567,0
22232,129135,16480,0
22233,7116,110863,0
22234,101897,117078,0
22235,81679,15343,0
22236,8005,105757,0
22237,146296,116340,0
22238,14251,43459,0
22239,147424,32352,0
22240,14763,63578,0
22241,10068,117890,0
22242,102792,17624,0
22243,101374,104200,0
22244,34512,105543,0
22245,153557,99378,0
22246,31181,143192,0
22247,129056,4008,0
22248,121443,31299,0
22249,105467,112550,0
22250,94842,153522,0
22251,41238,79639,0
22252,97990,123718,0
22253,144320,99052,0
22254,124821,51356,0
22255,102457,143988,0
22256,118842,151164,0
22257,54161,89288,0
22258,107974,109274,0
22259,4073,78337,0
22260,3632,101080,0
22261,117446,35111,0
22262,112453,127515,0
22263,44163,33514,0
22264,41865,49826,0
22265,131986,34250,0
22266,30884,84557,0
22267,43912,54938,0
22268,64244,66688,0
22269,17559,86276,0
22270,113484,144920,0
22271,90660,39748,0
22272,119378,11288,0
22273,19168,112296,0
22274,19253,106135,0
22275,92575,68079,0
22276,113714,22778,0
22277,40846,98801,0
22278,59671,20774,0
22279,142043,119628,0
22280,84992,94495,0
22281,59735,145328,0
22282,22134,96255,0
22283,149625,112260,0
22284,54274,34967,0
22285,28555,86941,0
22286,112045,4651,0
22287,68178,104871,0
22288,74160,2902,0
22289,46256,133143,0
22290,110834,242,0
22291,66707,80885,0
22292,53324,81865,0
22293,83246,37195,0
22294,550,111834,0
22295,99470,58736,0
22296,55688,49886,0
22297,133678,123967,0
22298,20556,21165,0
22299,135596,24737,0
22300,11377,103588,0
22301,68185,79859,0
22302,63720,154893,0
22303,71331,110614,0
22304,12270,70643,0
22305,148818,85594,0
22306,95616,55707,0
22307,106607,128196,0
22308,133468,96290,0
22309,59167,637,0
22310,121976,112150,0
22311,91447,118367,0
22312,134998,141556,0
22313,132547,117082,0
22314,135092,153616,0
22315,35656,118700,0
22316,147361,79221,0
22317,78697,150281,0
22318,58735,112063,0
22319,154893,93420,0
22320,59094,133160,0
22321,135168,134947,0
22322,25395,118192,0
22323,41900,123132,0
22324,100734,126422,0
22325,36597,106874,0
22326,95164,91154,0
22327,127352,52765,0
22328,28974,41530,0
22329,106451,64150,0
22330,103381,102666,0
22331,74502,125857,0
22332,137382,37752,0
22333,124286,143422,0
22334,31501,129452,0
22335,108761,115647,0
22336,70468,72214,0
22337,93450,152091,0
22338,118463,112089,0
22339,91414,127210,0
22340,90325,24274,0
22341,46220,130450,0
22342,68157,146204,0
22343,84029,97219,0
22344,44339,6029,0
22345,44915,97841,0
22346,113018,5609,0
22347,109793,152747,0
22348,99869,144460,0
22349,136544,85636,0
22350,68010,55114,0
22351,54916,101692,0
22352,130602,146696,0
22353,74337,95254,0
22354,99334,70384,0
22355,9831,118772,0
22356,121660,28244,0
22357,934,46831,0
22358,82669,22486,0
22359,36664,120614,0
22360,102878,92614,0
22361,2141,106176,0
22362,112521,83145,0
22363,9110,42918,0
22364,73612,110771,0
22365,61291,56554,0
22366,41405,69828,0
22367,65726,67738,0
22368,68474,123701,0
22369,149346,72982,0
22370,112314,97201,0
22371,121564,47657,0
22372,114141,15543,0
22373,92875,51405,0
22374,147751,59110,0
22375,4680,131166,0
22376,153275,125064,0
22377,14999,69574,0
22378,85717,111966,0
22379,70204,133596,0
22380,14120,46148,0
22381,106039,150308,0
22382,26282,100861,0
22383,142879,61235,0
22384,108660,133210,0
22385,112235,91455,0
22386,57148,98556,0
22387,13300,127887,0
22388,143173,68736,0
22389,102110,104723,0
22390,131370,148425,0
22391,125567,16131,0
22392,3612,56047,0
22393,20346,103972,0
22394,33191,135844,0
22395,36496,15393,0
22396,51624,75645,0
22397,68273,2897,0
22398,125424,25289,0
22399,2337,125869,0
22400,25803,62527,0
22401,130152,10800,0
22402,124735,122078,0
22403,90189,13469,0
22404,113144,82954,0
22405,143322,109822,0
22406,130605,62980,0
22407,66418,55944,0
22408,94978,88181,0
22409,131792,68586,0
22410,28945,126309,0
22411,31406,129473,0
22412,150427,144996,0
22413,76164,44975,0
22414,107767,88994,0
22415,149869,103738,0
22416,115219,100825,0
22417,4120,28133,0
22418,10186,13927,0
22419,12253,135350,0
22420,52138,56034,0
22421,37210,109244,0
22422,90766,114355,0
22423,38300,21655,0
22424,98227,125767,0
22425,29029,69643,0
22426,39231,25768,0
22427,50548,93536,0
22428,67676,55274,0
22429,142851,59206,0
22430,120832,122131,0
22431,15596,16276,0
22432,90112,133266,0
22433,142978,53224,0
22434,125000,13864,0
22435,45913,30176,0
22436,90846,98497,0
22437,43115,95202,0
22438,87654,69198,0
22439,68008,116305,0
22440,102323,84989,0
22441,4268,54215,0
22442,78483,12014,0
22443,129190,77778,0
22444,76351,79708,0
22445,37772,47799,0
22446,129612,65842,0
22447,111846,54584,0
22448,8056,149372,0
22449,141942,138273,0
22450,94865,19044,0
22451,107673,99746,0
22452,142837,43782,0
22453,108188,153972,0
22454,2486,93700,0
22455,63116,122693,0
22456,25632,146274,0
22457,150964,119858,0
22458,88141,35214,0
22459,134651,64429,0
22460,46681,4760,0
22461,66293,21502,0
22462,39011,55111,0
22463,57542,87825,0
22464,27972,153727,0
22465,80576,40305,0
22466,113600,108747,0
22467,116441,105560,0
22468,32814,42492,0
22469,48854,2997,0
22470,110042,53811,0
22471,70338,46312,0
22472,64973,51528,0
22473,77326,5901,0
22474,50089,128205,0
22475,4456,14374,0
22476,30239,34439,0
22477,138003,110373,0
22478,58860,36367,0
22479,7087,131919,0
22480,115809,147690,0
22481,103473,65183,0
22482,143012,51862,0
22483,81623,23530,0
22484,74305,87027,0
22485,141700,68831,0
22486,39901,86058,0
22487,97728,138487,0
22488,140562,23527,0
22489,2829,72138,0
22490,24632,41244,0
22491,50366,62535,0
22492,142520,61556,0
22493,103787,18338,0
22494,84060,68717,0
22495,47634,96303,0
22496,5469,26601,0
22497,97295,97617,0
22498,87151,32064,0
22499,140546,109449,0
22500,153086,31822,0
22501,151750,95305,0
22502,52030,90023,0
22503,10328,67599,0
22504,53723,74992,0
22505,122505,138325,0
22506,26923,109858,0
22507,89911,11535,0
22508,122585,127486,0
22509,80992,30005,0
22510,147041,84485,0
22511,125054,140642,0
22512,136492,11316,0
22513,81588,29431,0
22514,27952,18210,0
22515,3200,138888,0
22516,4875,121700,0
22517,113531,42091,0
22518,99163,81828,0
22519,135515,9973,0
22520,154920,126392,0
22521,96685,21999,0
22522,15282,23232,0
22523,1844,50799,0
22524,98815,37995,0
22525,85162,75816,0
22526,147215,94420,0
22527,8065,72175,0
22528,5041,20195,0
22529,152030,21361,0
22530,85994,53260,0
22531,143448,72152,0
22532,145851,64946,0
22533,59432,142276,0
22534,4637,152332,0
22535,45934,100298,0
22536,131975,105593,0
22537,114405,7875,0
22538,38642,1548,0
22539,123391,7795,0
22540,132280,13438,0
22541,92016,151432,0
22542,136028,134147,0
22543,124308,132938,0
22544,76614,34595,0
22545,23330,92919,0
22546,2899,58498,0
22547,102755,57545,0
22548,44178,62473,0
22549,91448,69557,0
22550,31524,35737,0
22551,3312,109002,0
22552,24375,99240,0
22553,112580,85284,0
22554,106299,81185,0
22555,53377,128579,0
22556,74814,43131,0
22557,107977,36566,0
22558,40118,147169,0
22559,140181,116366,0
22560,30574,55051,0
22561,24998,96781,0
22562,81236,107200,0
22563,16095,60972,0
22564,93291,85636,0
22565,20007,15230,0
22566,73846,24180,0
22567,134366,583,0
22568,108627,46723,0
22569,32036,104185,0
22570,73478,57332,0
22571,83221,101451,0
22572,107075,5188,0
22573,39552,93283,0
22574,16892,144738,0
22575,102643,109848,0
22576,99479,23298,0
22577,119684,117579,0
22578,32682,28309,0
22579,55533,117580,0
22580,94753,133925,0
22581,128936,109746,0
22582,121235,130512,0
22583,5353,1556,0
22584,127887,34967,0
22585,74100,51682,0
22586,57935,10213,0
22587,129825,62346,0
22588,72797,11739,0
22589,141392,89744,0
22590,29482,90826,0
22591,18765,100759,0
22592,125186,10869,0
22593,147454,36756,0
22594,118701,71315,0
22595,36706,42146,0
22596,97243,35533,0
22597,84244,68525,0
22598,123512,81516,0
22599,110963,116500,0
22600,41628,121884,0
22601,121745,56877,0
22602,149140,23882,0
22603,73657,32278,0
22604,3524,154188,0
22605,86487,72294,0
22606,144714,109391,0
22607,51006,59609,0
22608,117034,84636,0
22609,74504,89543,0
22610,138918,138723,0
22611,140997,41974,0
22612,126316,53556,0
22613,43977,32498,0
22614,122707,6990,0
22615,41062,126678,0
22616,106964,57871,0
22617,134289,32235,0
22618,135804,140620,0
22619,87444,127521,0
22620,73721,146694,0
22621,145333,80153,0
22622,34582,124550,0
22623,3076,86756,0
22624,74110,148245,0
22625,91301,10080,0
22626,107474,65299,0
22627,144063,75869,0
22628,93858,62450,0
22629,71549,15673,0
22630,52271,75387,0
22631,58572,12981,0
22632,114477,72480,0
22633,134039,22019,0
22634,60418,48020,0
22635,74576,78835,0
22636,142339,139475,0
22637,67653,16810,0
22638,145390,10319,0
22639,11108,28097,0
22640,98828,10058,0
22641,37451,69945,0
22642,143105,21702,0
22643,58009,38864,0
22644,56148,21443,0
22645,149961,122557,0
22646,14533,80927,0
22647,87293,152595,0
22648,96470,153748,0
22649,91083,8962,0
22650,146273,42208,0
22651,99267,62306,0
22652,89251,51075,0
22653,118416,93746,0
22654,114340,105737,0
22655,51606,22308,0
22656,114768,6250,0
22657,13353,87783,0
22658,17514,179,0
22659,68025,28082,0
22660,31987,46267,0
22661,45082,44974,0
22662,61025,141514,0
22663,83479,135693,0
22664,25949,44613,0
22665,139117,44239,0
22666,21751,17692,0
22667,77342,76527,0
22668,79620,89955,0
22669,47117,92078,0
22670,83217,128268,0
22671,96718,72545,0
22672,46709,56581,0
22673,22818,147522,0
22674,58221,59222,0
22675,154789,82103,0
22676,104105,82625,0
22677,80908,802,0
22678,37894,133630,0
22679,39552,144808,0
22680,7927,15721,0
22681,132121,107241,0
22682,6549,95958,0
22683,51102,130,0
22684,105949,128581,0
22685,125178,46511,0
22686,143950,141003,0
22687,37605,142856,0
22688,14129,85864,0
22689,106887,22395,0
22690,67654,138579,0
22691,95457,71361,0
22692,26270,51820,0
22693,149637,73128,0
22694,143380,91006,0
22695,108634,76912,0
22696,23893,119066,0
22697,50329,115583,0
22698,15672,145773,0
22699,17768,32872,0
22700,138983,15391,0
22701,44769,105236,0
22702,32464,70481,0
22703,55064,72827,0
22704,1910,88777,0
22705,2801,82625,0
22706,104525,44749,0
22707,146268,128091,0
22708,69784,66795,0
22709,104285,15881,0
22710,124139,83560,0
22711,110714,61907,0
22712,109491,84584,0
22713,88856,26122,0
22714,105390,133045,0
22715,64753,68726,0
22716,100132,103078,0
22717,111733,142613,0
22718,87047,41806,0
22719,78069,18225,0
22720,115790,24874,0
22721,97645,154554,0
22722,23768,40937,0
22723,90685,41255,0
22724,147333,47415,0
22725,1110,56678,0
22726,93419,23771,0
22727,66589,149463,0
22728,29052,42141,0
22729,28756,132162,0
22730,129353,119698,0
22731,62232,70213,0
22732,33328,87186,0
22733,133422,120819,0
22734,38620,104746,0
22735,76688,124859,0
22736,40009,126916,0
22737,142885,59826,0
22738,144629,69309,0
22739,28850,79517,0
22740,110417,97032,0
22741,140955,19781,0
22742,42880,146630,0
22743,111436,148778,0
22744,145583,152699,0
22745,16635,144831,0
22746,100908,61295,0
22747,63075,74851,0
22748,26828,38206,0
22749,121163,106629,0
22750,20250,33095,0
22751,30121,104490,0
22752,95078,105569,0
22753,70985,126694,0
22754,148892,135708,0
22755,136188,150933,0
22756,114175,147795,0
22757,41293,5851,0
22758,37032,133732,0
22759,45668,30980,0
22760,117668,28312,0
22761,119191,123290,0
22762,15341,109622,0
22763,75972,60738,0
22764,127153,50316,0
22765,7634,39374,0
22766,45196,48384,0
22767,66071,89112,0
22768,43035,135730,0
22769,143183,44245,0
22770,44009,10152,0
22771,78811,44325,0
22772,28408,1890,0
22773,26668,44821,0
22774,12334,22554,0
22775,75375,90158,0
22776,62736,70989,0
22777,67903,37984,0
22778,104893,13797,0
22779,54406,61601,0
22780,98718,24841,0
22781,49758,24539,0
22782,67445,40596,0
22783,74016,149698,0
22784,86016,36323,0
22785,113189,152233,0
22786,60494,19430,0
22787,114088,43849,0
22788,82806,68998,0
22789,20310,74058,0
22790,132083,133935,0
22791,152793,121626,0
22792,93242,54441,0
22793,51673,93395,0
22794,72774,70071,0
22795,31050,83652,0
22796,6644,75819,0
22797,6497,46076,0
22798,100051,10081,0
22799,135537,40979,0
22800,150004,8478,0
22801,53489,87583,0
22802,43340,3004,0
22803,112966,101071,0
22804,149764,7475,0
22805,116851,120590,0
22806,120821,2604,0
22807,76203,112216,0
22808,54073,81262,0
22809,71120,71705,0
22810,7694,7358,0
22811,126092,103715,0
22812,81713,62272,0
22813,100370,63248,0
22814,152168,103426,0
22815,66418,138114,0
22816,646,11926,0
22817,46751,122301,0
22818,39323,53793,0
22819,113094,47970,0
22820,124774,3362,0
22821,56667,102218,0
22822,9085,20207,0
22823,83765,43764,0
22824,6032,64096,0
22825,56922,58100,0
22826,148906,20537,0
22827,135926,109417,0
22828,10720,75576,0
22829,111739,105980,0
22830,147282,1883,0
22831,53913,19380,0
22832,31491,19381,0
22833,103957,14176,0
22834,58204,128844,0
22835,72663,89490,0
22836,146249,101981,0
22837,21012,90847,0
22838,67626,3932,0
22839,69950,49534,0
22840,72157,35509,0
22841,47100,3716,0
22842,89274,121596,0
22843,58728,92723,0
22844,1553,49157,0
22845,67256,46827,0
22846,152030,23222,0
22847,13036,11209,0
22848,136375,36280,0
22849,96267,121378,0
22850,87010,61580,0
22851,73510,135425,0
22852,55117,99389,0
22853,64852,110350,0
22854,141742,138870,0
22855,25908,142169,0
22856,90202,111637,0
22857,21411,50233,0
22858,35140,101690,0
22859,35335,100942,0
22860,17199,14525,0
22861,142156,121705,0
22862,145987,28908,0
22863,7970,51868,0
22864,85424,8876,0
22865,14649,68167,0
22866,68706,88185,0
22867,44990,147209,0
22868,42799,109966,0
22869,101495,136351,0
22870,148842,65933,0
22871,116559,139466,0
22872,124668,12666,0
22873,34585,43875,0
22874,101957,84621,0
22875,68008,111317,0
22876,13364,29783,0
22877,123849,61599,0
22878,141657,147889,0
22879,27972,124987,0
22880,51166,142929,0
22881,40198,39478,0
22882,49800,64321,0
22883,103947,152357,0
22884,57347,100820,0
22885,112511,13939,0
22886,102818,56549,0
22887,73899,91721,0
22888,81067,147981,0
22889,20175,13606,0
22890,151091,85854,0
22891,103930,23511,0
22892,136636,94070,0
22893,58038,85075,0
22894,19116,117245,0
22895,130957,138578,0
22896,102314,19457,0
22897,1266,110616,0
22898,19554,38928,0
22899,154581,148521,0
22900,39020,55246,0
22901,45286,97972,0
22902,119537,29752,0
22903,68,28893,0
22904,127409,36690,0
22905,50013,153363,0
22906,9736,9216,0
22907,117739,31801,0
22908,87583,96312,0
22909,76363,16070,0
22910,45586,143213,0
22911,107232,153810,0
22912,146523,136494,0
22913,129610,24660,0
22914,23019,139928,0
22915,52220,110580,0
22916,33782,153735,0
22917,34763,105600,0
22918,18291,143015,0
22919,75429,117215,0
22920,101988,70645,0
22921,122316,37661,0
22922,68048,126626,0
22923,77999,104684,0
22924,69607,102484,0
22925,75378,14907,0
22926,142449,111019,0
22927,130214,23791,0
22928,120004,16869,0
22929,103280,70845,0
22930,23580,16066,0
22931,35994,46480,0
22932,154311,86594,0
22933,114260,52895,0
22934,151189,108,0
22935,127915,110336,0
22936,142808,54015,0
22937,20704,63987,0
22938,24493,87630,0
22939,23285,110835,0
22940,143688,79814,0
22941,145832,133713,0
22942,146057,113666,0
22943,24062,40358,0
22944,113010,145771,0
22945,59467,64884,0
22946,4722,44175,0
22947,38465,147736,0
22948,18073,113624,0
22949,62367,50134,0
22950,110311,34424,0
22951,131003,84822,0
22952,45741,143992,0
22953,22023,146876,0
22954,85230,140820,0
22955,29206,27154,0
22956,86383,35621,0
22957,45814,129263,0
22958,147729,88476,0
22959,141483,153022,0
22960,154425,4268,0
22961,87925,101431,0
22962,77386,71108,0
22963,121687,104931,0
22964,35535,10596,0
22965,14640,70249,0
22966,4549,87328,0
22967,41321,41421,0
22968,10176,72108,0
22969,54361,145133,0
22970,36515,132966,0
22971,102901,28254,0
22972,57396,101139,0
22973,75473,104905,0
22974,70157,71244,0
22975,147152,20841,0
22976,53964,113837,0
22977,96079,72102,0
22978,109478,106140,0
22979,26738,15415,0
22980,43772,82028,0
22981,45351,33524,0
22982,42553,73110,0
22983,84725,14683,0
22984,30783,87494,0
22985,95208,120196,0
22986,62165,115358,0
22987,61108,76579,0
22988,85111,118106,0
22989,114573,41229,0
22990,8678,79014,0
22991,104477,38067,0
22992,16293,120885,0
22993,103327,129192,0
22994,78940,101061,0
22995,16635,24795,0
22996,59059,711,0
22997,82513,8328,0
22998,115486,24417,0
22999,31252,14048,0
23000,52971,93814,0
23001,105673,43757,0
23002,43235,48000,0
23003,154589,117356,0
23004,54905,69450,0
23005,53821,105719,0
23006,81969,118578,0
23007,101273,75542,0
23008,3287,96312,0
23009,133360,52102,0
23010,102425,152264,0
23011,46611,127129,0
23012,87912,32954,0
23013,112058,43986,0
23014,62965,140368,0
23015,85079,101133,0
23016,101409,105423,0
23017,136712,73421,0
23018,105355,100657,0
23019,75429,21088,0
23020,50195,153055,0
23021,22786,74834,0
23022,108226,100128,0
23023,55210,94117,0
23024,138689,36652,0
23025,87398,85567,0
23026,103025,76167,0
23027,70843,119315,0
23028,1728,57938,0
23029,19450,51993,0
23030,97486,109002,0
23031,33417,79649,0
23032,115589,72551,0
23033,146500,149801,0
23034,20403,29483,0
23035,60971,108982,0
23036,35461,140478,0
23037,88062,109270,0
23038,32599,6851,0
23039,125465,81086,0
23040,109960,83619,0
23041,62243,56397,0
23042,89836,51592,0
23043,66723,112923,0
23044,13272,136425,0
23045,40074,20368,0
23046,75599,51844,0
23047,56897,35679,0
23048,122534,107775,0
23049,34470,150337,0
23050,138409,23414,0
23051,145943,73032,0
23052,65632,34171,0
23053,39435,58647,0
23054,86795,53120,0
23055,87535,47945,0
23056,100797,120390,0
23057,145631,119816,0
23058,5361,85922,0
23059,146158,48576,0
23060,82067,135646,0
23061,110820,145087,0
23062,36597,38951,0
23063,76969,51364,0
23064,116215,13085,0
23065,62170,137373,0
23066,6813,60681,0
23067,11642,153964,0
23068,76915,22207,0
23069,142202,3619,0
23070,66704,154898,0
23071,86719,59515,0
23072,88725,86766,0
23073,26683,119809,0
23074,148048,1921,0
23075,23674,66222,0
23076,143846,90343,0
23077,28623,40603,0
23078,127881,6809,0
23079,33981,17880,0
23080,83638,36604,0
23081,92759,60489,0
23082,88175,27018,0
23083,71786,87772,0
23084,59964,5989,0
23085,90180,49972,0
23086,9476,135357,0
23087,76421,60618,0
23088,70246,6459,0
23089,74236,117801,0
23090,88599,40243,0
23091,137598,151531,0
23092,129557,118208,0
23093,120097,50699,0
23094,81618,63672,0
23095,125905,82730,0
23096,85639,107932,0
23097,126905,136827,0
23098,115000,130931,0
23099,24682,8711,0
23100,62620,121980,0
23101,6847,150189,0
23102,4385,123689,0
23103,126540,29051,0
23104,73651,105228,0
23105,56600,59949,0
23106,40774,91073,0
23107,123306,83866,0
23108,132790,94917,0
23109,13515,97921,0
23110,123757,57840,0
23111,147062,7514,0
23112,150197,108385,0
23113,133949,5206,0
23114,14240,86331,0
23115,73954,4738,0
23116,146135,59635,0
23117,43004,5784,0
23118,11398,75908,0
23119,40887,134345,0
23120,73207,3630,0
23121,128499,14352,0
23122,81564,89716,0
23123,35560,52028,0
23124,145159,88947,0
23125,47928,91067,0
23126,34083,123388,0
23127,11992,56807,0
23128,86403,90009,0
23129,146132,48698,0
23130,7482,73218,0
23131,57697,138848,0
23132,83166,51157,0
23133,53870,6673,0
23134,134905,153669,0
23135,44905,23180,0
23136,108039,50994,0
23137,12476,104116,0
23138,77597,39566,0
23139,121085,23055,0
23140,133359,127155,0
23141,145987,85284,0
23142,151090,97014,0
23143,101474,35958,0
23144,85254,4418,0
23145,71045,28931,0
23146,2112,127280,0
23147,104458,91808,0
23148,52779,49911,0
23149,96613,145088,0
23150,55872,126904,0
23151,9597,96839,0
23152,26629,119029,0
23153,75248,116675,0
23154,6869,64064,0
23155,117810,75148,0
23156,107790,146097,0
23157,32202,134141,0
23158,137068,81302,0
23159,89298,27421,0
23160,57775,93044,0
23161,14236,128351,0
23162,35742,62130,0
23163,92524,48685,0
23164,88144,120705,0
23165,88364,135271,0
23166,36349,56793,0
23167,22432,27123,0
23168,38819,120308,0
23169,32707,138431,0
23170,100470,11858,0
23171,101205,58035,0
23172,126024,102978,0
23173,102306,89242,0
23174,123298,46244,0
23175,110186,125977,0
23176,107757,29354,0
23177,26525,139671,0
23178,27035,65193,0
23179,143387,150061,0
23180,96907,136930,0
23181,80409,19023,0
23182,47052,25405,0
23183,104771,44537,0
23184,145320,19876,0
23185,127132,12258,0
23186,94041,152458,0
23187,75061,131760,0
23188,36141,39943,0
23189,2370,63879,0
23190,69057,88133,0
23191,18960,26742,0
23192,571,60927,0
23193,4615,123264,0
23194,53220,62087,0
23195,126483,149190,0
23196,2913,115864,0
23197,42244,46019,0
23198,118100,152321,0
23199,128936,22078,0
23200,152076,154959,0
23201,60514,42536,0
23202,2025,116532,0
23203,6909,17629,0
23204,8717,78830,0
23205,17844,139072,0
23206,38094,62754,0
23207,48490,72805,0
23208,133319,27391,0
23209,106011,141240,0
23210,73008,3945,0
23211,123936,25804,0
23212,3320,145525,0
23213,135530,50732,0
23214,74236,132941,0
23215,123173,20977,0
23216,55841,28292,0
23217,95481,72985,0
23218,124041,34697,0
23219,121004,21834,0
23220,9312,86665,0
23221,19280,138950,0
23222,42837,58268,0
23223,116946,55119,0
23224,12513,147172,0
23225,69754,58669,0
23226,142693,31033,0
23227,24275,132826,0
23228,85920,110863,0
23229,129978,35615,0
23230,71015,67844,0
23231,77717,62536,0
23232,48465,92885,0
23233,99189,12077,0
23234,130103,14911,0
23235,82639,32145,0
23236,141735,69342,0
23237,85030,120105,0
23238,39284,121200,0
23239,52873,85087,0
23240,34582,149263,0
23241,138517,46501,0
23242,88376,33687,0
23243,48632,123160,0
23244,68688,116722,0
23245,92904,49634,0
23246,131957,149801,0
23247,113784,31274,0
23248,148260,91177,0
23249,59467,129945,0
23250,134205,137535,0
23251,100353,106090,0
23252,8754,9618,0
23253,35917,109452,0
23254,46060,150064,0
23255,64333,23453,0
23256,68947,15879,0
23257,139029,139717,0
23258,26587,142466,0
23259,28679,100698,0
23260,102089,39480,0
23261,70926,133210,0
23262,83198,90681,0
23263,104867,119271,0
23264,57323,32427,0
23265,41914,116333,0
23266,10867,78245,0
23267,110534,66922,0
23268,95540,53125,0
23269,8750,66161,0
23270,141383,127570,0
23271,144024,112344,0
23272,113952,6701,0
23273,12512,77884,0
23274,127186,149458,0
23275,52067,65476,0
23276,46613,4602,0
23277,39066,152552,0
23278,152790,24497,0
23279,78177,83622,0
23280,572,138082,0
23281,83217,36902,0
23282,2168,143189,0
23283,26831,96639,0
23284,54358,57641,0
23285,117881,100476,0
23286,67296,63464,0
23287,115455,96128,0
23288,51171,88147,0
23289,126534,58687,0
23290,56815,65820,0
23291,28547,2599,0
23292,36571,58317,0
23293,33169,39159,0
23294,36296,88884,0
23295,69858,112754,0
23296,66236,92978,0
23297,84422,107338,0
23298,100531,49536,0
23299,128690,74406,0
23300,113846,63286,0
23301,78528,2345,0
23302,116106,47482,0
23303,45177,133352,0
23304,77225,120953,0
23305,82552,135445,0
23306,24785,22441,0
23307,91934,104647,0
23308,69465,151069,0
23309,9276,30580,0
23310,56706,64721,0
23311,144039,104643,0
23312,95843,15796,0
23313,14137,15611,0
23314,63367,150694,0
23315,64003,138070,0
23316,89863,105570,0
23317,78576,16299,0
23318,149019,134621,0
23319,9729,33999,0
23320,9218,58926,0
23321,21394,100450,0
23322,100396,9582,0
23323,135703,139247,0
23324,54798,100481,0
23325,82912,112077,0
23326,57994,399,0
23327,137400,65938,0
23328,57834,150286,0
23329,88294,5104,0
23330,73624,79638,0
23331,19397,73989,0
23332,78711,94989,0
23333,57038,106094,0
23334,26347,128658,0
23335,146845,30039,0
23336,131599,83838,0
23337,36656,2890,0
23338,51648,144785,0
23339,50755,80162,0
23340,139273,86584,0
23341,54148,3204,0
23342,77429,128892,0
23343,41353,54326,0
23344,2346,2052,0
23345,37823,44327,0
23346,46426,93396,0
23347,87137,29092,0
23348,40119,89839,0
23349,70279,148997,0
23350,72313,31668,0
23351,70193,55967,0
23352,56501,35865,0
23353,141243,144058,0
23354,54806,23901,0
23355,41356,91790,0
23356,54040,145888,0
23357,83167,70235,0
23358,148671,4192,0
23359,47088,73336,0
23360,129410,150556,0
23361,40745,55571,0
23362,88190,20142,0
23363,122192,99475,0
23364,135156,118801,0
23365,142194,150027,0
23366,45490,76867,0
23367,55081,73190,0
23368,91889,71990,0
23369,37647,94736,0
23370,100075,42646,0
23371,72740,113973,0
23372,93513,3470,0
23373,39875,133543,0
23374,130572,136172,0
23375,130191,67689,0
23376,154458,65981,0
23377,39235,92653,0
23378,111730,22356,0
23379,150711,9483,0
23380,7827,13356,0
23381,101657,46559,0
23382,28279,18173,0
23383,111500,10192,0
23384,38196,4601,0
23385,7960,92493,0
23386,52452,118264,0
23387,141763,28598,0
23388,52126,29925,0
23389,136942,41986,0
23390,87157,37726,0
23391,5280,33320,0
23392,88842,129344,0
23393,19100,84450,0
23394,32926,116037,0
23395,148919,39143,0
23396,68889,149093,0
23397,61687,87183,0
23398,44835,154118,0
23399,129129,30851,0
23400,121460,65664,0
23401,14922,96955,0
23402,49039,19843,0
23403,40741,99327,0
23404,54471,121257,0
23405,64847,37125,0
23406,115875,29733,0
23407,68086,144810,0
23408,73557,132095,0
23409,113395,38139,0
23410,29643,24614,0
23411,54695,147544,0
23412,45351,102276,0
23413,87268,147495,0
23414,97492,74250,0
23415,86514,44474,0
23416,78086,104254,0
23417,63256,8183,0
23418,123963,12003,0
23419,84871,11167,0
23420,73396,13362,0
23421,30673,7473,0
23422,111665,152408,0
23423,126481,76778,0
23424,113178,104754,0
23425,89487,141513,0
23426,10155,78258,0
23427,90349,91095,0
23428,316,75745,0
23429,92453,134634,0
23430,60742,12035,0
23431,97105,24032,0
23432,19385,102348,0
23433,4218,49038,0
23434,55517,29307,0
23435,110395,75939,0
23436,135451,79341,0
23437,23097,33164,0
23438,7757,62575,0
23439,69779,153238,0
23440,152669,59764,0
23441,52617,95020,0
23442,4739,66872,0
23443,48887,151021,0
23444,49015,142325,0
23445,90145,39006,0
23446,129892,69228,0
23447,125121,47056,0
23448,96687,70397,0
23449,17223,4246,0
23450,94763,1176,0
23451,97635,76933,0
23452,153488,34929,0
23453,66212,132812,0
23454,81574,32273,0
23455,61281,135068,0
23456,113374,23789,0
23457,82770,153179,0
23458,131239,84575,0
23459,136152,154803,0
23460,71184,151495,0
23461,98752,98925,0
23462,11194,15642,0
23463,97158,12250,0
23464,120489,44541,0
23465,3523,155188,0
23466,8749,94630,0
23467,3369,71518,0
23468,21504,18258,0
23469,66460,24991,0
23470,153569,136973,0
23471,127033,145762,0
23472,153027,105087,0
23473,31715,36320,0
23474,139912,11804,0
23475,27297,73817,0
23476,135375,150106,0
23477,61582,123671,0
23478,86380,95205,0
23479,84961,6114,0
23480,141039,146784,0
23481,61662,5656,0
23482,57418,132741,0
23483,12405,109865,0
23484,986,114566,0
23485,116328,83444,0
23486,133840,25642,0
23487,115004,133336,0
23488,19848,90897,0
23489,76290,145549,0
23490,122976,34206,0
23491,25977,47863,0
23492,104426,66896,0
23493,24986,49653,0
23494,42218,63564,0
23495,114427,64464,0
23496,56607,45522,0
23497,29458,63924,0
23498,118562,26072,0
23499,109912,87050,0
23500,1459,52317,0
23501,101310,117204,0
23502,39231,32809,0
23503,116146,47474,0
23504,11454,111862,0
23505,138120,104403,0
23506,77928,4543,0
23507,101255,53342,0
23508,146739,26379,0
23509,46058,121563,0
23510,121783,98810,0
23511,57947,30994,0
23512,96624,5874,0
23513,112464,140897,0
23514,61825,98063,0
23515,75456,52602,0
23516,34395,112107,0
23517,67366,148121,0
23518,122535,35055,0
23519,17262,37210,0
23520,56860,69431,0
23521,69784,123738,0
23522,97755,50794,0
23523,87331,90835,0
23524,103916,61653,0
23525,87021,99904,0
23526,77487,151775,0
23527,7366,32179,0
23528,102321,95604,0
23529,7089,134351,0
23530,92156,122197,0
23531,98503,109552,0
23532,48377,5124,0
23533,80325,96604,0
23534,40730,83602,0
23535,29585,49826,0
23536,36171,129385,0
23537,88042,14559,0
23538,54316,3643,0
23539,142677,123943,0
23540,39857,78694,0
23541,24826,85207,0
23542,130359,66972,0
23543,42492,89290,0
23544,149249,21559,0
23545,55207,17935,0
23546,129172,48624,0
23547,65722,57634,0
23548,119041,65871,0
23549,115163,58131,0
23550,37137,22663,0
23551,64100,31466,0
23552,131872,93741,0
23553,51015,37617,0
23554,118751,64274,0
23555,26566,129531,0
23556,102009,135180,0
23557,72236,121140,0
23558,32147,38218,0
23559,67475,92716,0
23560,37134,103647,0
23561,10782,51223,0
23562,76890,5400,0
23563,147619,83711,0
23564,27913,46465,0
23565,23912,26620,0
23566,95719,136660,0
23567,104865,109033,0
23568,59463,67419,0
23569,5429,56818,0
23570,75611,105661,0
23571,40969,114155,0
23572,4903,152,0
23573,13805,107551,0
23574,142323,35511,0
23575,145927,43185,0
23576,31652,16390,0
23577,25654,76703,0
23578,65516,85665,0
23579,32588,40361,0
23580,76056,42925,0
23581,77557,100821,0
23582,25073,24891,0
23583,56070,33028,0
23584,22509,91420,0
23585,8224,15231,0
23586,17159,49542,0
23587,154421,91060,0
23588,49723,71339,0
23589,143281,7310,0
23590,104357,79941,0
23591,147771,20926,0
23592,44160,65979,0
23593,9091,149506,0
23594,28117,62139,0
23595,68384,12240,0
23596,7137,31806,0
23597,76069,21458,0
23598,46382,117746,0
23599,118526,107425,0
23600,103035,48923,0
23601,10806,35566,0
23602,126570,134454,0
23603,49598,120817,0
23604,26837,121757,0
23605,49041,25108,0
23606,53993,43709,0
23607,141144,106533,0
23608,152724,43478,0
23609,31066,155131,0
23610,34547,75126,0
23611,24842,98019,0
23612,93990,111572,0
23613,12290,36020,0
23614,111464,26352,0
23615,1785,116569,0
23616,112141,151008,0
23617,107511,130158,0
23618,57585,135157,0
23619,45061,119939,0
23620,136061,102706,0
23621,18084,154311,0
23622,54075,124912,0
23623,64448,9995,0
23624,58738,114190,0
23625,8310,143548,0
23626,109402,61061,0
23627,16312,151331,0
23628,55527,93169,0
23629,89794,76929,0
23630,45196,117074,0
23631,113820,70175,0
23632,40663,142919,0
23633,410,105898,0
23634,73316,45596,0
23635,43453,34236,0
23636,138551,18920,0
23637,73524,23697,0
23638,127367,20283,0
23639,57846,63534,0
23640,21013,63695,0
23641,28223,15424,0
23642,11303,82151,0
23643,76170,36929,0
23644,119586,16852,0
23645,84530,77746,0
23646,42524,69461,0
23647,88553,44402,0
23648,39493,75184,0
23649,16454,49538,0
23650,50152,49029,0
23651,953,132626,0
23652,5548,148163,0
23653,119611,112692,0
23654,120622,126879,0
23655,57444,8809,0
23656,131321,88230,0
23657,82364,2676,0
23658,125384,12552,0
23659,139719,63216,0
23660,11696,90191,0
23661,20645,107639,0
23662,144730,29401,0
23663,16944,60883,0
23664,122970,82413,0
23665,48672,36486,0
23666,111013,18002,0
23667,103034,37083,0
23668,124304,83811,0
23669,154918,30692,0
23670,25175,105819,0
23671,25019,82764,0
23672,111350,149836,0
23673,44915,49902,0
23674,139015,17175,0
23675,135344,27891,0
23676,55526,111051,0
23677,32521,121501,0
23678,34119,3235,0
23679,91430,140990,0
23680,80767,110229,0
23681,74014,84044,0
23682,143848,77279,0
23683,130461,131055,0
23684,57568,120915,0
23685,127727,80926,0
23686,35014,120902,0
23687,137682,50486,0
23688,141071,119518,0
23689,148983,134211,0
23690,70749,57889,0
23691,142634,45983,0
23692,121511,5925,0
23693,121198,120299,0
23694,37845,1905,0
23695,132906,144109,0
23696,128676,90218,0
23697,118410,70320,0
23698,4368,116574,0
23699,136975,110524,0
23700,152135,907,0
23701,91492,50920,0
23702,5292,106132,0
23703,49222,63644,0
23704,135802,66229,0
23705,121950,101863,0
23706,131323,101762,0
23707,80644,91699,0
23708,41434,58853,0
23709,41524,107105,0
23710,649,25499,0
23711,60727,23470,0
23712,42034,144799,0
23713,13135,98833,0
23714,143263,62004,0
23715,149565,4040,0
23716,154124,67466,0
23717,10889,121912,0
23718,46270,154319,0
23719,75215,92565,0
23720,149385,100232,0
23721,74989,33702,0
23722,81552,13999,0
23723,57368,123920,0
23724,8419,119082,0
23725,73762,14665,0
23726,89713,138520,0
23727,35435,106078,0
23728,56477,22341,0
23729,130469,123042,0
23730,41689,7934,0
23731,6191,77881,0
23732,24810,52073,0
23733,27904,21676,0
23734,103390,111354,0
23735,25438,91627,0
23736,59964,84513,0
23737,415,140456,0
23738,28476,141530,0
23739,90803,18093,0
23740,150915,85834,0
23741,39040,66075,0
23742,84080,138615,0
23743,23934,126165,0
23744,56638,143148,0
23745,92405,39337,0
23746,134596,41618,0
23747,81902,13459,0
23748,5937,68140,0
23749,63173,99105,0
23750,151698,34063,0
23751,94264,100937,0
23752,114283,126940,0
23753,102425,83562,0
23754,65969,73651,0
23755,131472,148258,0
23756,38567,80721,0
23757,114218,52608,0
23758,145731,83411,0
23759,137704,62174,0
23760,102462,72668,0
23761,8353,38223,0
23762,91677,103652,0
23763,114323,78464,0
23764,72311,65778,0
23765,33162,48562,0
23766,96304,45736,0
23767,15939,19979,0
23768,148598,109173,0
23769,78548,106170,0
23770,40948,111682,0
23771,128593,146236,0
23772,142881,35487,0
23773,129210,27759,0
23774,65215,84785,0
23775,121133,67885,0
23776,152910,85447,0
23777,61260,87334,0
23778,27719,49915,0
23779,67346,44791,0
23780,131977,153265,0
23781,74294,67607,0
23782,26577,112978,0
23783,18597,108174,0
23784,57127,101034,0
23785,134406,57414,0
23786,154861,95907,0
23787,46546,41597,0
23788,98230,138247,0
23789,104989,94808,0
23790,12082,125386,0
23791,22531,101355,0
23792,119062,133375,0
23793,60774,39307,0
23794,120483,75373,0
23795,153741,108885,0
23796,28060,26231,0
23797,14724,135194,0
23798,12776,41566,0
23799,90779,58960,0
23800,110988,31711,0
23801,107354,122390,0
23802,139290,108323,0
23803,56780,3673,0
23804,2459,154216,0
23805,6436,70068,0
23806,92615,48582,0
23807,9247,35933,0
23808,43999,54854,0
23809,150581,99288,0
23810,83005,137370,0
23811,43312,85614,0
23812,119776,78133,0
23813,18461,38634,0
23814,89326,101355,0
23815,68706,119252,0
23816,95930,136192,0
23817,86816,79603,0
23818,69884,54636,0
23819,128924,47275,0
23820,127198,65024,0
23821,144543,136623,0
23822,71330,25436,0
23823,11741,105521,0
23824,94453,85775,0
23825,44124,43479,0
23826,8750,12377,0
23827,140504,73726,0
23828,64184,61761,0
23829,91448,140547,0
23830,128887,78672,0
23831,51662,32079,0
23832,51857,143378,0
23833,132565,106165,0
23834,106964,109189,0
23835,133999,115630,0
23836,133345,111085,0
23837,153267,77974,0
23838,14224,63444,0
23839,139407,18668,0
23840,76606,73840,0
23841,149385,1132,0
23842,55786,63314,0
23843,116114,140414,0
23844,79019,27922,0
23845,60713,93416,0
23846,147832,22668,0
23847,34555,35279,0
23848,48517,32427,0
23849,66641,115628,0
23850,126530,67941,0
23851,46951,151569,0
23852,28081,71635,0
23853,136828,50101,0
23854,114048,54157,0
23855,4646,42534,0
23856,141073,119758,0
23857,96947,153328,0
23858,132455,137751,0
23859,80732,28274,0
23860,39458,5253,0
23861,154734,82360,0
23862,58273,75,0
23863,90771,105625,0
23864,28273,70728,0
23865,105512,118516,0
23866,58604,135319,0
23867,73800,154045,0
23868,153039,95492,0
23869,82214,5675,0
23870,81201,50155,0
23871,87500,9317,0
23872,14404,49393,0
23873,102038,1062,0
23874,121157,68057,0
23875,64920,96603,0
23876,60999,5037,0
23877,115740,78301,0
23878,132902,59327,0
23879,99455,35321,0
23880,8304,48555,0
23881,138009,76868,0
23882,1827,140899,0
23883,72791,106063,0
23884,53199,69185,0
23885,106526,93233,0
23886,19828,138960,0
23887,85633,120860,0
23888,119313,20317,0
23889,103916,7957,0
23890,53162,21615,0
23891,127510,100637,0
23892,22452,123972,0
23893,76651,94189,0
23894,72252,89585,0
23895,57513,126156,0
23896,44925,95097,0
23897,3621,125574,0
23898,19990,153371,0
23899,107038,73365,0
23900,111990,139522,0
23901,54450,95519,0
23902,452,94006,0
23903,82415,63341,0
23904,114837,51460,0
23905,69200,64918,0
23906,7628,4815,0
23907,33039,29091,0
23908,125267,53347,0
23909,83291,47000,0
23910,79346,11405,0
23911,90151,119970,0
23912,27319,31526,0
23913,127433,118345,0
23914,112321,129998,0
23915,68509,152431,0
23916,135311,77013,0
23917,90625,125187,0
23918,115347,104112,0
23919,60251,95404,0
23920,58572,53423,0
23921,45889,139909,0
23922,70898,90644,0
23923,116510,42521,0
23924,16334,131802,0
23925,24945,152313,0
23926,73693,135079,0
23927,23021,114066,0
23928,27720,75060,0
23929,149818,24152,0
23930,131081,98236,0
23931,140168,123482,0
23932,69134,83307,0
23933,18319,77317,0
23934,101216,64325,0
23935,101574,126111,0
23936,149316,155139,0
23937,87804,17455,0
23938,153726,30747,0
23939,62522,27841,0
23940,49636,85437,0
23941,128384,5079,0
23942,62579,31169,0
23943,21374,129653,0
23944,154630,19424,0
23945,12515,109872,0
23946,108336,109993,0
23947,51541,26325,0
23948,55596,115835,0
23949,87172,25397,0
23950,149942,50196,0
23951,44027,57190,0
23952,101447,121769,0
23953,145309,19320,0
23954,60650,88199,0
23955,83463,136793,0
23956,19486,127806,0
23957,51559,52342,0
23958,55922,43184,0
23959,19202,32612,0
23960,71896,107632,0
23961,108970,72055,0
23962,146564,43854,0
23963,5093,59087,0
23964,79367,48396,0
23965,106076,130070,0
23966,20829,53501,0
23967,132732,38080,0
23968,108772,76816,0
23969,106819,59563,0
23970,83140,51055,0
23971,133235,106356,0
23972,81300,10939,0
23973,72851,77733,0
23974,106217,96904,0
23975,29521,13012,0
23976,68903,118977,0
23977,93791,83750,0
23978,63919,9082,0
23979,102015,123570,0
23980,17966,102282,0
23981,17657,15064,0
23982,72291,92038,0
23983,145734,81189,0
23984,117508,131231,0
23985,65149,107630,0
23986,30974,143704,0
23987,104251,120549,0
23988,97795,147551,0
23989,36627,7783,0
23990,46158,124674,0
23991,71701,146670,0
23992,2333,124634,0
23993,37094,137850,0
23994,78726,57566,0
23995,110845,84172,0
23996,43827,18376,0
23997,83413,93008,0
23998,31585,114779,0
23999,116926,8404,0
24000,57760,143908,0
24001,96618,28666,0
24002,137284,77664,0
24003,75523,70244,0
24004,90905,88807,0
24005,13016,71042,0
24006,12489,7475,0
24007,24250,141121,0
24008,11186,147621,0
24009,2110,116433,0
24010,103037,61496,0
24011,47433,48335,0
24012,1826,133828,0
24013,55580,1732,0
24014,117478,151036,0
24015,72788,72223,0
24016,114990,5651,0
24017,30609,105733,0
24018,14251,86373,0
24019,128590,138301,0
24020,9634,74049,0
24021,74896,103843,0
24022,12227,67013,0
24023,29617,84533,0
24024,27960,32079,0
24025,110459,120607,0
24026,56233,10897,0
24027,12111,15149,0
24028,1901,69742,0
24029,22059,90508,0
24030,60066,78962,0
24031,22152,73950,0
24032,100246,143415,0
24033,143855,71577,0
24034,111058,62535,0
24035,43424,33942,0
24036,12749,124982,0
24037,3406,38676,0
24038,68566,60159,0
24039,89604,77571,0
24040,68754,127784,0
24041,121375,132371,0
24042,136905,120825,0
24043,38342,74336,0
24044,143205,26254,0
24045,80028,15514,0
24046,108270,29748,0
24047,129760,36945,0
24048,65893,46386,0
24049,143084,142330,0
24050,142819,38126,0
24051,58037,88832,0
24052,71390,134336,0
24053,96495,57490,0
24054,13526,152314,0
24055,146225,147469,0
24056,66994,89064,0
24057,142757,4037,0
24058,145696,51203,0
24059,111971,41724,0
24060,64501,20615,0
24061,145106,82792,0
24062,16190,20985,0
24063,42998,44495,0
24064,61383,132951,0
24065,148422,115208,0
24066,29798,42870,0
24067,118339,40382,0
24068,37360,71273,0
24069,61437,128471,0
24070,84816,118000,0
24071,66853,45390,0
24072,106229,44472,0
24073,60719,121891,0
24074,99066,98421,0
24075,102770,31451,0
24076,115119,73326,0
24077,138581,153982,0
24078,14830,124491,0
24079,481,76556,0
24080,132630,145643,0
24081,36506,104333,0
24082,109092,128499,0
24083,124046,98237,0
24084,154513,88859,0
24085,22808,147818,0
24086,18197,83336,0
24087,144432,38752,0
24088,78510,115143,0
24089,101171,27931,0
24090,26807,57309,0
24091,54869,122759,0
24092,148802,71,0
24093,89851,106591,0
24094,109725,114980,0
24095,152749,32481,0
24096,138768,53837,0
24097,11286,141610,0
24098,123111,40973,0
24099,143517,52224,0
24100,142907,119178,0
24101,107908,5818,0
24102,26604,153717,0
24103,138219,35912,0
24104,87217,18322,0
24105,112012,69323,0
24106,29008,97655,0
24107,147485,80533,0
24108,121496,59211,0
24109,109968,45072,0
24110,63239,66254,0
24111,74447,121382,0
24112,96250,26644,0
24113,65563,95966,0
24114,12530,95194,0
24115,60514,147505,0
24116,47253,6149,0
24117,144707,588,0
24118,19394,99420,0
24119,47177,141288,0
24120,50112,3419,0
24121,59756,30770,0
24122,67633,134296,0
24123,47057,126522,0
24124,95169,25139,0
24125,1730,149033,0
24126,117253,29852,0
24127,107901,101223,0
24128,129498,147110,0
24129,61915,97143,0
24130,116258,26487,0
24131,43519,76765,0
24132,89916,135490,0
24133,27230,51513,0
24134,96713,82100,0
24135,138290,94521,0
24136,69992,140299,0
24137,78819,80320,0
24138,119485,151141,0
24139,56991,137531,0
24140,146645,68375,0
24141,61376,143886,0
24142,33364,108822,0
24143,114768,38516,0
24144,51836,20736,0
24145,86107,102119,0
24146,83880,22802,0
24147,115113,60582,0
24148,112166,104635,0
24149,72927,128385,0
24150,60252,15844,0
24151,73131,128310,0
24152,29521,7938,0
24153,32459,1142,0
24154,120747,26649,0
24155,27329,74662,0
24156,149837,137913,0
24157,86131,63900,0
24158,44029,84195,0
24159,132133,22949,0
24160,113229,76501,0
24161,64645,150415,0
24162,115931,36024,0
24163,146345,112632,0
24164,120853,49121,0
24165,91404,39400,0
24166,48854,109915,0
24167,148612,94480,0
24168,4922,107664,0
24169,112584,110738,0
24170,130233,57106,0
24171,124667,17185,0
24172,59457,111513,0
24173,113372,71726,0
24174,154715,79578,0
24175,124774,13687,0
24176,139832,46452,0
24177,10811,145453,0
24178,2758,26219,0
24179,91296,3693,0
24180,6992,42952,0
24181,51184,32364,0
24182,63758,121038,0
24183,78844,39971,0
24184,122308,1642,0
24185,144665,137438,0
24186,154034,87026,0
24187,7490,14430,0
24188,29603,80258,0
24189,21351,127641,0
24190,69940,45738,0
24191,89694,17275,0
24192,68790,66030,0
24193,71229,146957,0
24194,26689,17850,0
24195,68099,25877,0
24196,6845,142300,0
24197,90003,151583,0
24198,148713,73872,0
24199,9771,11718,0
24200,127470,154288,0
24201,151585,114271,0
24202,116088,130,0
24203,52636,22438,0
24204,146439,148003,0
24205,66407,51654,0
24206,40412,110687,0
24207,7884,106772,0
24208,154573,60601,0
24209,72663,63481,0
24210,90197,4198,0
24211,120115,10259,0
24212,113087,10287,0
24213,18620,77612,0
24214,51399,88404,0
24215,111373,70367,0
24216,130755,70240,0
24217,6394,137021,0
24218,72554,24917,0
24219,697,92887,0
24220,3728,149431,0
24221,148908,87083,0
24222,56188,141400,0
24223,53330,38144,0
24224,14715,77074,0
24225,13767,143972,0
24226,65517,124911,0
24227,7467,15193,0
24228,38665,65489,0
24229,12292,36746,0
24230,104270,82780,0
24231,68424,140548,0
24232,108543,126801,0
24233,35741,42711,0
24234,47502,78310,0
24235,16175,61770,0
24236,32997,92646,0
24237,71974,26820,0
24238,134869,12226,0
24239,70072,81451,0
24240,78121,115205,0
24241,56909,55178,0
24242,97717,73670,0
24243,137507,95187,0
24244,142479,88432,0
24245,154269,90955,0
24246,145871,134470,0
24247,28490,120593,0
24248,150107,118261,0
24249,61953,94785,0
24250,135099,11728,0
24251,153206,119393,0
24252,57383,138124,0
24253,102436,14043,0
24254,12871,152635,0
24255,102693,135516,0
24256,71129,56983,0
24257,146015,127267,0
24258,76944,104478,0
24259,54820,4454,0
24260,152421,49091,0
24261,13058,48468,0
24262,80596,144266,0
24263,117530,80729,0
24264,30564,24421,0
24265,92608,11171,0
24266,112872,85665,0
24267,21646,22464,0
24268,149161,148784,0
24269,118364,89153,0
24270,99191,146086,0
24271,55604,109351,0
24272,113656,151306,0
24273,150864,111903,0
24274,6808,46315,0
24275,154526,63319,0
24276,15141,4721,0
24277,121745,25831,0
24278,119329,49565,0
24279,18473,61316,0
24280,116815,16347,0
24281,11239,113392,0
24282,9698,153595,0
24283,131893,126068,0
24284,46731,47525,0
24285,110116,153244,0
24286,152211,34177,0
24287,31937,80797,0
24288,129646,129473,0
24289,103195,2600,0
24290,118712,146348,0
24291,3651,141429,0
24292,55849,46016,0
24293,149918,14067,0
24294,133831,18356,0
24295,145263,46803,0
24296,65410,144219,0
24297,60398,152884,0
24298,62886,14610,0
24299,150709,108797,0
24300,125749,128776,0
24301,13515,73132,0
24302,146417,142836,0
24303,98315,80383,0
24304,53544,122167,0
24305,123950,17602,0
24306,139488,33380,0
24307,11089,92826,0
24308,25393,6057,0
24309,25543,102562,0
24310,128596,142354,0
24311,55971,142276,0
24312,148409,56839,0
24313,10128,46677,0
24314,23,150075,0
24315,22510,24841,0
24316,133648,20541,0
24317,59277,71578,0
24318,53112,129358,0
24319,74355,88402,0
24320,76596,51847,0
24321,65261,88390,0
24322,135468,42872,0
24323,65929,15293,0
24324,147887,108438,0
24325,25392,114090,0
24326,56866,85838,0
24327,15907,26536,0
24328,42028,73413,0
24329,116598,76601,0
24330,116586,4998,0
24331,40334,121152,0
24332,85055,21586,0
24333,17364,32749,0
24334,46739,12641,0
24335,34570,18005,0
24336,82963,9220,0
24337,58943,122720,0
24338,67707,62136,0
24339,96545,21904,0
24340,34927,58570,0
24341,15147,85069,0
24342,26430,83823,0
24343,146967,8007,0
24344,133764,59,0
24345,11299,49155,0
24346,863,150099,0
24347,10422,53893,0
24348,132264,92717,0
24349,14712,109720,0
24350,84454,23731,0
24351,19083,105190,0
24352,103050,91865,0
24353,87782,151729,0
24354,150472,72976,0
24355,66517,20501,0
24356,150477,140228,0
24357,80023,71135,0
24358,5279,78113,0
24359,113659,62202,0
24360,149699,142957,0
24361,40273,120745,0
24362,43777,109525,0
24363,79267,100384,0
24364,20583,35331,0
24365,103848,133081,0
24366,91181,119550,0
24367,4822,123279,0
24368,17597,82177,0
24369,10627,129298,0
24370,55031,19377,0
24371,147986,109047,0
24372,76568,88276,0
24373,139561,119099,0
24374,17806,2397,0
24375,81696,67466,0
24376,2384,72172,0
24377,88564,149521,0
24378,27323,82371,0
24379,104044,81976,0
24380,59634,99197,0
24381,60516,90466,0
24382,77717,67085,0
24383,138243,15266,0
24384,123953,19002,0
24385,42647,103952,0
24386,126509,65661,0
24387,25581,34917,0
24388,15478,1546,0
24389,54233,41205,0
24390,132943,24988,0
24391,81282,23908,0
24392,154857,6493,0
24393,79930,130976,0
24394,2959,10101,0
24395,133422,128289,0
24396,144647,89203,0
24397,134853,96100,0
24398,154344,17955,0
24399,43676,59024,0
24400,101937,70703,0
24401,85934,83649,0
24402,67842,48980,0
24403,67652,119295,0
24404,52156,4860,0
24405,56778,153405,0
24406,37536,75812,0
24407,6934,127030,0
24408,61412,285,0
24409,26,129193,0
24410,122703,150332,0
24411,15794,81760,0
24412,10603,38562,0
24413,103959,72916,0
24414,146722,107551,0
24415,83375,135277,0
24416,66686,92723,0
24417,7909,137795,0
24418,52187,40210,0
24419,124169,94382,0
24420,39615,14422,0
24421,151469,106596,0
24422,15153,111928,0
24423,95982,12307,0
24424,123375,77455,0
24425,50499,135385,0
24426,110029,108636,0
24427,114912,5234,0
24428,29534,35055,0
24429,119276,137575,0
24430,134467,148381,0
24431,128156,10530,0
24432,89518,78036,0
24433,81623,129965,0
24434,107790,65013,0
24435,129404,92218,0
24436,23952,40106,0
24437,139382,102212,0
24438,31127,12354,0
24439,2138,125192,0
24440,137013,109606,0
24441,58923,53316,0
24442,42776,26619,0
24443,65779,52977,0
24444,25773,125703,0
24445,83713,47869,0
24446,38504,51414,0
24447,13217,118070,0
24448,71967,6737,0
24449,154164,77922,0
24450,56807,34487,0
24451,28383,129794,0
24452,115849,109892,0
24453,6774,74074,0
24454,515,139428,0
24455,90830,202,0
24456,75732,140264,0
24457,10376,104645,0
24458,35399,47202,0
24459,25292,111676,0
24460,131291,140569,0
24461,61450,150685,0
24462,10785,79753,0
24463,138256,43750,0
24464,56897,118442,0
24465,91137,85301,0
24466,51762,130050,0
24467,14027,147546,0
24468,77924,105817,0
24469,138315,82710,0
24470,139674,44402,0
24471,105494,68484,0
24472,45749,69806,0
24473,122315,48153,0
24474,103025,147103,0
24475,70338,57498,0
24476,11932,8384,0
24477,43055,82881,0
24478,72397,40941,0
24479,110859,32075,0
24480,119552,124224,0
24481,98853,79353,0
24482,99143,76531,0
24483,7924,76510,0
24484,89582,135289,0
24485,111776,149497,0
24486,27180,119111,0
24487,46959,55962,0
24488,94789,110301,0
24489,102692,22468,0
24490,26587,138398,0
24491,16225,92478,0
24492,129066,98731,0
24493,153521,4199,0
24494,145233,37777,0
24495,146654,98543,0
24496,96636,107434,0
24497,99879,88056,0
24498,34854,129124,0
24499,124041,27091,0
24500,93935,90127,0
24501,75626,17788,0
24502,92244,51319,0
24503,117577,117495,0
24504,125163,27953,0
24505,99818,10082,0
24506,73461,23192,0
24507,152499,65318,0
24508,90574,58025,0
24509,53127,21776,0
24510,25982,40654,0
24511,148902,137549,0
24512,72497,29597,0
24513,40663,61707,0
24514,68842,25312,0
24515,93791,71461,0
24516,9425,74520,0
24517,113974,136154,0
24518,120185,119631,0
24519,140035,123307,0
24520,133766,53649,0
24521,18761,111294,0
24522,39406,82814,0
24523,8138,34765,0
24524,19253,50495,0
24525,63591,90785,0
24526,129648,24511,0
24527,95269,124673,0
24528,151626,39968,0
24529,153255,85922,0
24530,135128,21462,0
24531,25305,137998,0
24532,147140,3367,0
24533,150867,21214,0
24534,53491,34447,0
24535,56744,30978,0
24536,134722,72710,0
24537,41491,108606,0
24538,33935,46143,0
24539,75175,91998,0
24540,11308,148350,0
24541,70594,19569,0
24542,92142,135711,0
24543,53750,77296,0
24544,99510,111405,0
24545,43647,60227,0
24546,146472,39852,0
24547,272,152836,0
24548,16630,88582,0
24549,8799,105609,0
24550,37572,105398,0
24551,11594,120733,0
24552,95591,142438,0
24553,100835,78719,0
24554,66594,85716,0
24555,36424,141434,0
24556,84110,90282,0
24557,33361,83776,0
24558,56995,5238,0
24559,99700,44182,0
24560,34330,34892,0
24561,112145,8993,0
24562,53807,27968,0
24563,100641,73879,0
24564,42137,5263,0
24565,28049,38125,0
24566,6829,17015,0
24567,113198,53093,0
24568,93990,15363,0
24569,114346,41132,0
24570,141328,121488,0
24571,37488,25850,0
24572,134697,46100,0
24573,22976,53506,0
24574,55144,79206,0
24575,56134,45032,0
24576,12462,1414,0
24577,44026,39624,0
24578,67196,153015,0
24579,35229,117183,0
24580,100971,17101,0
24581,98446,96870,0
24582,40919,117772,0
24583,137941,137577,0
24584,21065,70198,0
24585,91991,97485,0
24586,27210,101061,0
24587,83446,33215,0
24588,109725,53121,0
24589,111331,132797,0
24590,29518,46640,0
24591,107279,43753,0
24592,154003,55669,0
24593,64265,11573,0
24594,55163,130398,0
24595,127255,43428,0
24596,27828,82894,0
24597,104043,145952,0
24598,51250,54003,0
24599,73563,105336,0
24600,34445,123358,0
24601,32496,123507,0
24602,85426,144296,0
24603,68442,40809,0
24604,114950,21202,0
24605,39438,123194,0
24606,144096,108884,0
24607,32789,129222,0
24608,148700,27282,0
24609,126046,37092,0
24610,61648,138867,0
24611,144504,150505,0
24612,32184,14666,0
24613,111190,154143,0
24614,45626,32041,0
24615,131785,16846,0
24616,153267,70205,0
24617,105943,106822,0
24618,4476,97219,0
24619,149874,31121,0
24620,71429,137349,0
24621,69216,83868,0
24622,60764,32834,0
24623,95842,75951,0
24624,57676,25176,0
24625,84141,19632,0
24626,142018,15565,0
24627,109516,37773,0
24628,42763,83626,0
24629,23573,139556,0
24630,116619,143367,0
24631,142837,86728,0
24632,139655,47063,0
24633,50557,36994,0
24634,31917,64357,0
24635,77703,61195,0
24636,67202,52249,0
24637,75189,45955,0
24638,97769,92082,0
24639,28835,95523,0
24640,100087,33452,0
24641,26989,147798,0
24642,149551,69785,0
24643,71672,148466,0
24644,1657,85582,0
24645,106466,137121,0
24646,24067,124283,0
24647,33116,24559,0
24648,154316,115134,0
24649,123304,511,0
24650,72454,118839,0
24651,119904,82247,0
24652,118807,147445,0
24653,90975,90476,0
24654,88886,32780,0
24655,137299,31115,0
24656,33772,77581,0
24657,14091,84837,0
24658,28705,52332,0
24659,127355,100461,0
24660,3073,19797,0
24661,136535,82083,0
24662,107412,8599,0
24663,116638,139831,0
24664,123375,52743,0
24665,140845,95382,0
24666,110261,63839,0
24667,23674,44649,0
24668,68069,58644,0
24669,149082,119404,0
24670,15267,110033,0
24671,2728,93832,0
24672,111038,142179,0
24673,7093,141374,0
24674,6935,79726,0
24675,69515,153469,0
24676,7937,116934,0
24677,810,54487,0
24678,34699,22304,0
24679,83572,11385,0
24680,28967,48873,0
24681,41386,56097,0
24682,117497,153036,0
24683,64312,123425,0
24684,149113,48944,0
24685,20972,83813,0
24686,134675,27627,0
24687,64193,32349,0
24688,60267,107561,0
24689,109814,119798,0
24690,133121,96778,0
24691,142889,109592,0
24692,43925,3697,0
24693,109316,51638,0
24694,29119,95329,0
24695,128407,154503,0
24696,103497,25919,0
24697,95318,34516,0
24698,124151,82366,0
24699,107705,84783,0
24700,53361,113404,0
24701,138355,305,0
24702,69107,97487,0
24703,94222,119730,0
24704,135228,85750,0
24705,133360,10485,0
24706,106267,127844,0
24707,47186,71179,0
24708,151854,64213,0
24709,103347,137974,0
24710,50193,10396,0
24711,56189,21032,0
24712,79860,73177,0
24713,82828,58681,0
24714,15348,82567,0
24715,80084,13819,0
24716,49581,115558,0
24717,117336,46583,0
24718,60043,44539,0
24719,138137,13013,0
24720,128075,70520,0
24721,118269,131342,0
24722,66258,38996,0
24723,114120,44071,0
24724,113078,21831,0
24725,11656,77954,0
24726,60720,110091,0
24727,139354,114619,0
24728,59148,61428,0
24729,127548,60754,0
24730,79381,154674,0
24731,127989,111210,0
24732,105480,103984,0
24733,22553,134953,0
24734,74167,26495,0
24735,52067,20942,0
24736,10247,92796,0
24737,132480,29587,0
24738,324,68308,0
24739,118100,119713,0
24740,108270,27932,0
24741,31477,21201,0
24742,37002,86172,0
24743,13659,90831,0
24744,74733,77959,0
24745,122221,89443,0
24746,145973,93649,0
24747,117357,74465,0
24748,18853,14374,0
24749,7874,122537,0
24750,89012,79476,0
24751,115268,73252,0
24752,56031,129031,0
24753,69262,85083,0
24754,145806,3026,0
24755,89845,9932,0
24756,91476,24716,0
24757,33305,109513,0
24758,113081,26511,0
24759,26164,115377,0
24760,84943,135485,0
24761,74209,51624,0
24762,81103,111511,0
24763,89757,77846,0
24764,46630,93366,0
24765,88468,882,0
24766,82726,151285,0
24767,16783,116362,0
24768,98136,47872,0
24769,85396,13462,0
24770,5024,85279,0
24771,152545,129911,0
24772,81492,92552,0
24773,40307,98618,0
24774,121817,57698,0
24775,46546,52588,0
24776,31877,41415,0
24777,135632,28748,0
24778,12704,7649,0
24779,86915,44006,0
24780,89312,41710,0
24781,33576,38599,0
24782,84646,37321,0
24783,54170,15149,0
24784,5237,13599,0
24785,320,96389,0
24786,30872,16597,0
24787,82094,99514,0
24788,139220,145970,0
24789,145515,88583,0
24790,151019,95344,0
24791,103086,116791,0
24792,51523,24465,0
24793,93188,27714,0
24794,29155,5641,0
24795,140136,133458,0
24796,141453,101477,0
24797,81285,86673,0
24798,150848,136995,0
24799,116540,18307,0
24800,89258,6823,0
24801,145303,117036,0
24802,57114,137087,0
24803,129476,122928,0
24804,57244,53065,0
24805,110159,129316,0
24806,134237,101934,0
24807,43244,112048,0
24808,45417,146416,0
24809,131609,56636,0
24810,111624,82780,0
24811,34867,68153,0
24812,93459,122461,0
24813,33709,84832,0
24814,66980,34967,0
24815,74493,82466,0
24816,112452,40526,0
24817,93750,36802,0
24818,47442,102020,0
24819,68226,152841,0
24820,153175,109983,0
24821,58320,86790,0
24822,35105,59665,0
24823,70602,102476,0
24824,54109,83457,0
24825,710,36094,0
24826,95798,103067,0
24827,103169,14849,0
24828,37020,24028,0
24829,154637,83048,0
24830,68825,152481,0
24831,25322,48527,0
24832,76566,10027,0
24833,24522,90269,0
24834,152798,23235,0
24835,97678,82041,0
24836,42715,146120,0
24837,80741,96,0
24838,31877,78437,0
24839,44866,122242,0
24840,129941,7837,0
24841,72770,70262,0
24842,41340,143396,0
24843,80364,112404,0
24844,123230,64807,0
24845,93299,37600,0
24846,66085,127194,0
24847,149890,49891,0
24848,12355,107557,0
24849,147391,20492,0
24850,44679,135472,0
24851,150856,75178,0
24852,90195,98872,0
24853,103057,133808,0
24854,34028,154141,0
24855,32756,41760,0
24856,138944,109137,0
24857,72974,121555,0
24858,31683,154463,0
24859,4123,121664,0
24860,23600,135250,0
24861,39718,36520,0
24862,94918,46056,0
24863,11793,8715,0
24864,142853,121491,0
24865,22928,53704,0
24866,67109,105486,0
24867,107560,60677,0
24868,26202,53775,0
24869,142251,105541,0
24870,4400,93630,0
24871,144775,135424,0
24872,5022,38031,0
24873,90992,100335,0
24874,91296,7795,0
24875,83285,62739,0
24876,87118,50072,0
24877,102401,30341,0
24878,52703,81196,0
24879,72085,88206,0
24880,30623,70954,0
24881,85316,124199,0
24882,106511,152798,0
24883,149445,51949,0
24884,104365,55182,0
24885,150122,133162,0
24886,137677,89846,0
24887,101162,44992,0
24888,55574,89052,0
24889,97687,30102,0
24890,76191,91990,0
24891,145475,72378,0
24892,119132,75576,0
24893,111366,70758,0
24894,34589,86998,0
24895,82290,26388,0
24896,56872,115654,0
24897,63201,100921,0
24898,86521,24148,0
24899,141985,89630,0
24900,8359,119039,0
24901,45144,135760,0
24902,15049,11789,0
24903,25729,99800,0
24904,79443,71305,0
24905,123044,123165,0
24906,121138,80796,0
24907,51650,87525,0
24908,90804,46157,0
24909,113465,22353,0
24910,380,119127,0
24911,111819,68468,0
24912,14107,41437,0
24913,44937,48790,0
24914,77164,23446,0
24915,127731,91150,0
24916,84942,100214,0
24917,68599,72552,0
24918,29285,5839,0
24919,58048,106793,0
24920,91588,82775,0
24921,56477,49218,0
24922,125453,36700,0
24923,57900,8932,0
24924,120423,86623,0
24925,125142,48626,0
24926,69001,28244,0
24927,85085,28344,0
24928,74782,59178,0
24929,97400,52996,0
24930,117888,85212,0
24931,10139,43560,0
24932,142105,39168,0
24933,10545,1351,0
24934,142327,122499,0
24935,149109,93766,0
24936,67821,59314,0
24937,53509,118049,0
24938,36215,5954,0
24939,2553,24662,0
24940,5816,42822,0
24941,141870,36949,0
24942,142982,59951,0
24943,47810,33404,0
24944,61267,145630,0
24945,53998,60383,0
24946,5194,51098,0
24947,29521,138415,0
24948,11881,66531,0
24949,84973,123389,0
24950,34043,46840,0
24951,100607,57157,0
24952,143662,128060,0
24953,138857,59349,0
24954,98907,32218,0
24955,92139,23819,0
24956,84422,59173,0
24957,91786,56004,0
24958,16478,44591,0
24959,21078,111683,0
24960,56106,149230,0
24961,41914,98275,0
24962,29708,58030,0
24963,122752,133508,0
24964,4591,107071,0
24965,6686,99543,0
24966,7023,136729,0
24967,137302,42728,0
24968,125544,111857,0
24969,15872,95115,0
24970,19776,67238,0
24971,121737,59560,0
24972,61397,131843,0
24973,34512,76801,0
24974,68008,6387,0
24975,72291,78141,0
24976,75868,64237,0
24977,99967,107882,0
24978,32286,100121,0
24979,16796,73031,0
24980,109871,70847,0
24981,15535,23490,0
24982,1474,74155,0
24983,146752,118233,0
24984,20596,109394,0
24985,94485,141544,0
24986,128693,54827,0
24987,77311,51398,0
24988,135727,124720,0
24989,32066,111939,0
24990,130148,35984,0
24991,16375,128158,0
24992,153779,14411,0
24993,80010,17248,0
24994,12526,61696,0
24995,60727,88356,0
24996,67696,30611,0
24997,55996,117147,0
24998,2613,20919,0
24999,109064,152448,0
25000,147817,59857,0
25001,123621,101613,0
25002,101641,144279,0
25003,17445,90750,0
25004,19373,110680,0
25005,46116,121785,0
25006,41462,72556,0
25007,64129,79096,0
25008,56538,123824,0
25009,16504,137582,0
25010,93352,89697,0
25011,111560,46182,0
25012,129190,78504,0
25013,9911,54731,0
25014,61223,71201,0
25015,124057,110915,0
25016,42645,82317,0
25017,142035,72022,0
25018,102832,83665,0
25019,152693,55989,0
25020,105448,71504,0
25021,25015,103305,0
25022,121362,153087,0
25023,94470,104835,0
25024,147582,127604,0
25025,67302,75128,0
25026,48866,119917,0
25027,47118,53624,0
25028,32488,49886,0
25029,116939,97781,0
25030,142029,124479,0
25031,47009,154254,0
25032,49694,57245,0
25033,133741,31133,0
25034,33088,119345,0
25035,97418,23373,0
25036,95641,93992,0
25037,82964,143516,0
25038,61844,106912,0
25039,65316,8652,0
25040,123269,59199,0
25041,10066,102489,0
25042,107279,93188,0
25043,45310,121748,0
25044,110745,81651,0
25045,28219,19111,0
25046,9421,100934,0
25047,697,44428,0
25048,82087,15919,0
25049,3437,16930,0
25050,141928,38151,0
25051,9000,90401,0
25052,25911,91242,0
25053,3933,89342,0
25054,53807,10639,0
25055,85497,133519,0
25056,13640,19384,0
25057,123002,120393,0
25058,48586,146376,0
25059,148768,22809,0
25060,146418,25663,0
25061,131327,122462,0
25062,55317,110495,0
25063,133632,32939,0
25064,53980,69244,0
25065,151286,140244,0
25066,82804,67856,0
25067,70717,24217,0
25068,26239,18278,0
25069,20589,56895,0
25070,56285,144340,0
25071,44667,92556,0
25072,95930,66957,0
25073,144501,92971,0
25074,57284,147062,0
25075,27952,58092,0
25076,78467,40498,0
25077,37286,98808,0
25078,67623,78085,0
25079,39019,134885,0
25080,91220,85589,0
25081,9404,112515,0
25082,65184,84921,0
25083,57346,125768,0
25084,78007,125731,0
25085,130958,136345,0
25086,10519,133138,0
25087,74374,101176,0
25088,129189,37835,0
25089,58652,104298,0
25090,60663,50221,0
25091,107967,129212,0
25092,125323,155113,0
25093,73721,138882,0
25094,28045,111402,0
25095,144084,138149,0
25096,124686,46862,0
25097,88408,101137,0
25098,6640,90030,0
25099,82498,47834,0
25100,90204,125831,0
25101,78478,14323,0
25102,91231,51045,0
25103,52778,154636,0
25104,71474,13940,0
25105,11308,18626,0
25106,75213,81189,0
25107,71269,95282,0
25108,24842,70382,0
25109,145510,34385,0
25110,13624,146664,0
25111,93831,143426,0
25112,12630,49102,0
25113,59345,14465,0
25114,20989,61378,0
25115,108738,9553,0
25116,118354,17395,0
25117,32790,22426,0
25118,134547,118782,0
25119,55144,26923,0
25120,16171,123641,0
25121,57900,5894,0
25122,107444,105270,0
25123,96204,66343,0
25124,112658,7770,0
25125,44744,98945,0
25126,113514,91763,0
25127,95623,63963,0
25128,101728,143915,0
25129,42050,74928,0
25130,63758,88321,0
25131,134849,52279,0
25132,24096,46405,0
25133,99662,4184,0
25134,121909,20926,0
25135,50432,83563,0
25136,59489,55619,0
25137,74528,40305,0
25138,52779,143537,0
25139,104003,76013,0
25140,1752,27380,0
25141,91714,79567,0
25142,93299,11970,0
25143,87464,38010,0
25144,138871,84902,0
25145,70621,96325,0
25146,146188,110531,0
25147,6222,54103,0
25148,69259,80606,0
25149,14567,51157,0
25150,123563,52194,0
25151,50785,98590,0
25152,120304,74114,0
25153,125725,65988,0
25154,27377,135096,0
25155,121882,37389,0
25156,100857,105033,0
25157,87596,18065,0
25158,77989,87180,0
25159,11318,91148,0
25160,4277,64175,0
25161,50470,10968,0
25162,15506,139335,0
25163,70919,91835,0
25164,47911,151199,0
25165,336,17796,0
25166,94272,45303,0
25167,125441,143964,0
25168,97461,2696,0
25169,19947,105216,0
25170,50895,58176,0
25171,46150,72224,0
25172,60617,104399,0
25173,50849,90014,0
25174,96812,401,0
25175,93672,134982,0
25176,122860,105889,0
25177,65122,135885,0
25178,118165,12640,0
25179,84710,28975,0
25180,133249,151374,0
25181,100222,81863,0
25182,116451,62909,0
25183,8096,24796,0
25184,125452,28088,0
25185,66785,74676,0
25186,126607,151369,0
25187,150732,67117,0
25188,105913,133305,0
25189,64552,35815,0
25190,33516,28843,0
25191,142874,57440,0
25192,124041,75535,0
25193,149937,84134,0
25194,52492,69504,0
25195,119759,69723,0
25196,140340,3497,0
25197,69159,98855,0
25198,79256,53258,0
25199,153960,103708,0
25200,9633,51944,0
25201,7985,16060,0
25202,21934,104499,0
25203,117672,57168,0
25204,116370,31324,0
25205,43340,125906,0
25206,112978,139626,0
25207,38221,150130,0
25208,72501,99712,0
25209,60674,9863,0
25210,71753,90196,0
25211,127900,57053,0
25212,105683,59450,0
25213,109483,63919,0
25214,123155,146107,0
25215,39412,140488,0
25216,58147,109106,0
25217,5725,117331,0
25218,10555,151867,0
25219,149181,107934,0
25220,138537,83423,0
25221,153129,134076,0
25222,51787,89841,0
25223,3826,142850,0
25224,147976,81451,0
25225,42013,9101,0
25226,58643,14547,0
25227,133625,15633,0
25228,35102,28966,0
25229,144507,72106,0
25230,16469,130397,0
25231,125002,14924,0
25232,43807,153292,0
25233,98768,10663,0
25234,65287,80865,0
25235,56439,110644,0
25236,122503,28476,0
25237,5822,71634,0
25238,132746,42762,0
25239,17088,92565,0
25240,121724,32464,0
25241,152200,61254,0
25242,43244,87759,0
25243,25438,149025,0
25244,116962,123301,0
25245,126951,40234,0
25246,11992,43163,0
25247,5763,104178,0
25248,75555,103908,0
25249,114378,72782,0
25250,67036,71024,0
25251,143933,33429,0
25252,28303,146689,0
25253,29087,117233,0
25254,12763,94147,0
25255,115501,11936,0
25256,83333,57731,0
25257,83072,72384,0
25258,149719,9503,0
25259,96057,116480,0
25260,112276,33114,0
25261,147993,155096,0
25262,17324,31579,0
25263,125845,137792,0
25264,13526,61259,0
25265,8391,145425,0
25266,26655,31116,0
25267,35881,12387,0
25268,26788,11997,0
25269,65333,16233,0
25270,106626,102282,0
25271,68850,64838,0
25272,115341,47396,0
25273,57879,59220,0
25274,79942,95253,0
25275,111517,21550,0
25276,43178,22183,0
25277,150059,125090,0
25278,60785,81221,0
25279,86824,151234,0
25280,53037,24760,0
25281,135033,142477,0
25282,143745,52215,0
25283,74092,7717,0
25284,103802,26725,0
25285,153143,5023,0
25286,59051,40158,0
25287,63606,3711,0
25288,111433,44734,0
25289,41169,102122,0
25290,104811,115721,0
25291,55444,79399,0
25292,13168,131504,0
25293,3683,19077,0
25294,44824,143454,0
25295,40886,14784,0
25296,73728,148507,0
25297,87173,28480,0
25298,8506,120486,0
25299,139376,143616,0
25300,94192,91285,0
25301,95084,24782,0
25302,82020,151754,0
25303,50153,72303,0
25304,109594,149772,0
25305,84896,71258,0
25306,55387,78580,0
25307,78073,48749,0
25308,1740,65661,0
25309,46529,108689,0
25310,58785,6735,0
25311,99400,86217,0
25312,79414,44814,0
25313,61715,76656,0
25314,53463,50949,0
25315,148144,43225,0
25316,137593,94949,0
25317,65503,117283,0
25318,44947,101334,0
25319,108131,78972,0
25320,134484,73195,0
25321,57420,65644,0
25322,134765,83629,0
25323,46765,101580,0
25324,39560,117319,0
25325,34921,72295,0
25326,154934,28064,0
25327,145641,118521,0
25328,50751,76992,0
25329,11900,82076,0
25330,146180,38835,0
25331,124080,122788,0
25332,88625,8308,0
25333,9028,43602,0
25334,15497,53516,0
25335,109076,5476,0
25336,55150,116487,0
25337,61376,19956,0
25338,11852,138032,0
25339,58195,86344,0
25340,84758,96399,0
25341,91245,38871,0
25342,19291,3315,0
25343,137671,148639,0
25344,46680,110923,0
25345,63449,140596,0
25346,110834,22623,0
25347,131839,77118,0
25348,27266,88972,0
25349,78111,12626,0
25350,31785,129609,0
25351,105806,93065,0
25352,7188,16942,0
25353,82828,95603,0
25354,68666,110239,0
25355,62161,72018,0
25356,96383,90075,0
25357,3833,27465,0
25358,110012,36794,0
25359,81124,51045,0
25360,74444,96747,0
25361,89758,122858,0
25362,124498,118066,0
25363,140504,43779,0
25364,891,46440,0
25365,53188,14904,0
25366,98390,12086,0
25367,111803,154386,0
25368,96688,108837,0
25369,104286,98553,0
25370,61954,56688,0
25371,17559,138752,0
25372,98078,71658,0
25373,103294,81856,0
25374,56596,102221,0
25375,11127,90177,0
25376,135669,53827,0
25377,137250,70881,0
25378,21805,50085,0
25379,35949,148885,0
25380,116994,64559,0
25381,84543,113247,0
25382,143612,57416,0
25383,58406,101512,0
25384,54683,76138,0
25385,65707,12987,0
25386,37752,100393,0
25387,26354,38461,0
25388,42859,143515,0
25389,15516,68961,0
25390,64112,138695,0
25391,89379,123551,0
25392,109709,147177,0
25393,114893,133543,0
25394,106430,104456,0
25395,9588,128225,0
25396,69953,9564,0
25397,40771,115536,0
25398,105579,86278,0
25399,61908,31175,0
25400,1032,124700,0
25401,56688,131913,0
25402,132441,125439,0
25403,62097,34151,0
25404,141363,105251,0
25405,103985,130626,0
25406,72601,23015,0
25407,64041,54908,0
25408,36107,118063,0
25409,112029,1505,0
25410,10782,21323,0
25411,34693,13415,0
25412,152906,152300,0
25413,120098,6014,0
25414,115845,121592,0
25415,35500,69928,0
25416,13146,11426,0
25417,9162,8222,0
25418,112928,58382,0
25419,150779,149321,0
25420,112439,40590,0
25421,96569,102751,0
25422,104462,38394,0
25423,116435,111402,0
25424,50290,46565,0
25425,69887,19600,0
25426,21751,25949,0
25427,82110,14350,0
25428,139583,23466,0
25429,120205,125649,0
25430,144572,109122,0
25431,153999,61391,0
25432,149225,18632,0
25433,68139,15960,0
25434,33808,109052,0
25435,145158,61241,0
25436,117561,113895,0
25437,18316,142155,0
25438,17871,73067,0
25439,116645,65135,0
25440,51922,38321,0
25441,43908,131483,0
25442,115563,42533,0
25443,151468,81064,0
25444,124546,139128,0
25445,121549,150178,0
25446,39778,129229,0
25447,139373,130939,0
25448,114967,84610,0
25449,671,460,0
25450,47522,86255,0
25451,68852,133251,0
25452,1105,96950,0
25453,80028,122681,0
25454,44168,42566,0
25455,8703,147163,0
25456,149964,67494,0
25457,54812,66056,0
25458,43380,94684,0
25459,21002,11963,0
25460,122913,88762,0
25461,32241,78785,0
25462,152294,86931,0
25463,54945,63593,0
25464,84747,82394,0
25465,60478,61417,0
25466,124258,110343,0
25467,22149,19676,0
25468,83396,140303,0
25469,63826,99306,0
25470,114683,135514,0
25471,82004,146500,0
25472,123653,87324,0
25473,139834,131870,0
25474,543,114545,0
25475,153187,76842,0
25476,39181,21924,0
25477,79848,65380,0
25478,114629,119757,0
25479,63034,39550,0
25480,90215,86552,0
25481,111577,149342,0
25482,148621,97144,0
25483,18248,15644,0
25484,42334,16269,0
25485,65388,60348,0
25486,3176,44732,0
25487,143694,26549,0
25488,101908,57045,0
25489,126295,44283,0
25490,1257,34891,0
25491,149308,119649,0
25492,134749,33367,0
25493,140373,71128,0
25494,37993,113319,0
25495,5252,88106,0
25496,106758,59211,0
25497,46324,35078,0
25498,92408,154937,0
25499,6151,140439,0
25500,16858,107689,0
25501,149222,103662,0
25502,69656,133777,0
25503,101504,5096,0
25504,1901,35235,0
25505,19202,93423,0
25506,32362,152598,0
25507,53103,71224,0
25508,111595,144859,0
25509,2927,4312,0
25510,77835,34930,0
25511,7776,141621,0
25512,154373,131071,0
25513,137368,30658,0
25514,3131,44549,0
25515,39639,58363,0
25516,50624,46550,0
25517,15788,107710,0
25518,25714,9676,0
25519,135312,12691,0
25520,50782,115088,0
25521,108901,102495,0
25522,12780,95775,0
25523,122878,83390,0
25524,131145,153975,0
25525,34369,51687,0
25526,102634,54205,0
25527,99876,21755,0
25528,133982,143157,0
25529,39226,120870,0
25530,38478,2496,0
25531,74055,108264,0
25532,53438,150355,0
25533,90169,95642,0
25534,125012,89814,0
25535,137258,49165,0
25536,27552,136471,0
25537,35359,32109,0
25538,114349,23418,0
25539,142899,25328,0
25540,82566,54716,0
25541,97764,85259,0
25542,11749,150128,0
25543,44999,62144,0
25544,93660,21958,0
25545,65955,152584,0
25546,69481,106520,0
25547,133275,66073,0
25548,33054,50885,0
25549,100327,141978,0
25550,140823,121567,0
25551,29462,134594,0
25552,73166,21853,0
25553,22373,112468,0
25554,47857,2592,0
25555,119375,96550,0
25556,33811,139014,0
25557,81483,119484,0
25558,76959,123913,0
25559,142101,7826,0
25560,115862,108889,0
25561,93601,87372,0
25562,128690,39862,0
25563,101694,12238,0
25564,44935,105733,0
25565,128194,53409,0
25566,55362,41665,0
25567,111735,105858,0
25568,12205,33487,0
25569,30091,28159,0
25570,134952,44516,0
25571,47948,130993,0
25572,34878,109563,0
25573,149623,52478,0
25574,65255,125157,0
25575,139201,101920,0
25576,1614,26722,0
25577,2634,46329,0
25578,27530,99146,0
25579,144136,51922,0
25580,48708,67720,0
25581,92358,105979,0
25582,10772,148393,0
25583,112771,123742,0
25584,4630,89970,0
25585,108722,46360,0
25586,91676,137045,0
25587,99186,54035,0
25588,113365,74177,0
25589,116092,68446,0
25590,120977,15995,0
25591,24260,137421,0
25592,29166,82807,0
25593,99632,82018,0
25594,88176,60139,0
25595,62588,1144,0
25596,145396,79561,0
25597,29325,141275,0
25598,145918,138978,0
25599,4592,12314,0
25600,14824,62489,0
25601,145716,141778,0
25602,42577,9580,0
25603,120559,74406,0
25604,35801,131726,0
25605,37218,72841,0
25606,26866,123917,0
25607,51914,83048,0
25608,124622,25012,0
25609,18811,151497,0
25610,17315,104681,0
25611,10642,28356,0
25612,25479,39280,0
25613,41171,5223,0
25614,96365,125003,0
25615,33885,23152,0
25616,133540,63503,0
25617,65239,116888,0
25618,102859,127288,0
25619,15011,112494,0
25620,1966,147126,0
25621,109767,131352,0
25622,72503,113460,0
25623,150625,60622,0
25624,24486,149240,0
25625,38822,47014,0
25626,23962,135780,0
25627,17966,85093,0
25628,50198,93282,0
25629,134997,34398,0
25630,20136,106942,0
25631,112608,152540,0
25632,98257,17593,0
25633,24422,84729,0
25634,122762,34950,0
25635,63758,36782,0
25636,1512,77059,0
25637,107568,57268,0
25638,53173,27110,0
25639,74244,140774,0
25640,34585,35119,0
25641,35834,76623,0
25642,143243,139028,0
25643,44567,133301,0
25644,122293,152617,0
25645,42825,75849,0
25646,130145,72395,0
25647,18222,35325,0
25648,66641,7198,0
25649,144842,120416,0
25650,18889,56221,0
25651,41430,154887,0
25652,19373,36794,0
25653,135962,48657,0
25654,27561,20788,0
25655,120545,16506,0
25656,47546,2435,0
25657,95482,97808,0
25658,137660,95068,0
25659,52058,24952,0
25660,98608,22981,0
25661,124229,418,0
25662,150033,104046,0
25663,31279,37305,0
25664,105549,148513,0
25665,17522,25289,0
25666,139954,10763,0
25667,141481,94319,0
25668,46313,104801,0
25669,19172,93260,0
25670,99806,47940,0
25671,144388,104308,0
25672,39659,91977,0
25673,48277,8477,0
25674,77907,78543,0
25675,6052,75264,0
25676,27764,92180,0
25677,113090,154645,0
25678,75891,110723,0
25679,18725,76167,0
25680,152847,35616,0
25681,28,21505,0
25682,48059,70748,0
25683,116629,44414,0
25684,97334,19444,0
25685,149382,147113,0
25686,154373,149562,0
25687,31562,96551,0
25688,124727,27694,0
25689,20700,34667,0
25690,138973,145162,0
25691,62182,66473,0
25692,104675,130339,0
25693,38838,60028,0
25694,35743,80857,0
25695,104723,40759,0
25696,53127,69427,0
25697,18478,102021,0
25698,117639,4340,0
25699,64867,26543,0
25700,153863,98530,0
25701,85932,46807,0
25702,55640,142778,0
25703,46362,20066,0
25704,68155,108517,0
25705,33980,72700,0
25706,19955,155157,0
25707,130578,133220,0
25708,31256,36243,0
25709,114128,145340,0
25710,122293,96284,0
25711,68639,154222,0
25712,29311,92366,0
25713,138420,18039,0
25714,17654,14080,0
25715,50772,148311,0
25716,36545,65731,0
25717,37040,1116,0
25718,20400,108469,0
25719,58280,107321,0
25720,124774,62600,0
25721,105061,118089,0
25722,8264,92302,0
25723,21721,56062,0
25724,130715,85492,0
25725,106077,51885,0
25726,112731,80966,0
25727,107595,42474,0
25728,107572,80455,0
25729,35470,75042,0
25730,106228,118459,0
25731,913,3657,0
25732,40670,57129,0
25733,25038,2470,0
25734,19153,114929,0
25735,57038,62976,0
25736,39202,30109,0
25737,8751,43618,0
25738,33088,11961,0
25739,48715,136798,0
25740,3318,110244,0
25741,109811,131595,0
25742,58801,152609,0
25743,152403,52668,0
25744,137939,77746,0
25745,61020,150168,0
25746,79043,125819,0
25747,590,139150,0
25748,135939,138495,0
25749,140890,52209,0
25750,68171,7784,0
25751,155048,72565,0
25752,27188,44632,0
25753,93493,115994,0
25754,118941,74726,0
25755,6631,105478,0
25756,76528,58060,0
25757,26354,21816,0
25758,93896,122625,0
25759,25799,22357,0
25760,110701,84647,0
25761,75620,80172,0
25762,86060,147227,0
25763,94866,119288,0
25764,114336,25199,0
25765,71202,125431,0
25766,72215,113070,0
25767,146622,120978,0
25768,59992,48406,0
25769,108831,2066,0
25770,48099,12790,0
25771,72337,62773,0
25772,120901,22963,0
25773,152556,64546,0
25774,153414,126057,0
25775,7116,129248,0
25776,116676,5407,0
25777,120790,95158,0
25778,128269,6499,0
25779,71408,104413,0
25780,6246,3596,0
25781,110214,87117,0
25782,112112,141392,0
25783,152114,97902,0
25784,149275,106846,0
25785,38873,56594,0
25786,129589,31222,0
25787,65063,132320,0
25788,27811,73734,0
25789,41609,90569,0
25790,53094,33414,0
25791,43973,62711,0
25792,57284,36008,0
25793,58978,108371,0
25794,24476,100350,0
25795,19952,135095,0
25796,125779,101253,0
25797,9951,49403,0
25798,19583,75984,0
25799,2655,119987,0
25800,77357,57992,0
25801,75305,3289,0
25802,97139,96206,0
25803,52481,122862,0
25804,56607,117899,0
25805,45951,38039,0
25806,142460,151969,0
25807,87524,128707,0
25808,111789,116240,0
25809,54257,83177,0
25810,147902,75482,0
25811,1730,6566,0
25812,27742,41568,0
25813,27045,42088,0
25814,147635,114011,0
25815,57127,44391,0
25816,61707,146935,0
25817,47852,119688,0
25818,147622,78381,0
25819,13587,127095,0
25820,115385,8338,0
25821,139429,136617,0
25822,136807,153359,0
25823,69320,4588,0
25824,26971,107492,0
25825,104735,10925,0
25826,48435,64804,0
25827,22028,91865,0
25828,97698,44086,0
25829,76534,70313,0
25830,99664,117110,0
25831,40521,149484,0
25832,14824,36559,0
25833,56405,88221,0
25834,120559,36135,0
25835,79218,81881,0
25836,998,35557,0
25837,128922,17543,0
25838,153992,9247,0
25839,93787,23920,0
25840,16476,6727,0
25841,151114,110958,0
25842,74337,52569,0
25843,2871,130189,0
25844,125842,77638,0
25845,108794,37114,0
25846,3725,133172,0
25847,98357,9998,0
25848,77575,12974,0
25849,46902,102748,0
25850,11398,64702,0
25851,152228,109073,0
25852,126130,46579,0
25853,2076,81042,0
25854,121090,115481,0
25855,16396,119039,0
25856,111991,111050,0
25857,34794,27640,0
25858,10075,137931,0
25859,53202,79695,0
25860,52757,97386,0
25861,40244,143808,0
25862,46346,12170,0
25863,64791,23228,0
25864,82229,89577,0
25865,84324,132005,0
25866,55972,45129,0
25867,39556,7095,0
25868,73768,22008,0
25869,102156,117938,0
25870,22764,155086,0
25871,43889,49091,0
25872,126287,75954,0
25873,104639,123778,0
25874,64160,108143,0
25875,58582,15709,0
25876,52137,77327,0
25877,50396,118500,0
25878,144512,54748,0
25879,106651,86767,0
25880,150741,134623,0
25881,112928,150951,0
25882,134617,2020,0
25883,113423,29467,0
25884,27570,144013,0
25885,21923,42232,0
25886,82886,53637,0
25887,77683,104708,0
25888,11619,37979,0
25889,57227,24558,0
25890,50344,19755,0
25891,4236,104643,0
25892,63809,69209,0
25893,36292,27731,0
25894,88935,99957,0
25895,99664,92413,0
25896,10281,28720,0
25897,120365,67133,0
25898,9424,730,0
25899,88484,105322,0
25900,67321,21830,0
25901,80038,76760,0
25902,124916,9164,0
25903,10055,125305,0
25904,7489,66337,0
25905,95453,147164,0
25906,122237,68832,0
25907,86045,78390,0
25908,30210,66983,0
25909,36403,99254,0
25910,48227,141632,0
25911,44198,150674,0
25912,92123,154849,0
25913,95251,120179,0
25914,144099,68159,0
25915,8631,110191,0
25916,24775,58910,0
25917,2625,38032,0
25918,139126,153223,0
25919,83184,39572,0
25920,25733,6579,0
25921,106353,96824,0
25922,4773,121710,0
25923,50356,130302,0
25924,131793,52576,0
25925,118292,147344,0
25926,142290,52788,0
25927,105255,5776,0
25928,154401,82045,0
25929,133958,14892,0
25930,145722,30400,0
25931,135933,31144,0
25932,74166,75441,0
25933,12950,3025,0
25934,78000,96224,0
25935,2204,114755,0
25936,38076,89176,0
25937,73011,30894,0
25938,27269,20920,0
25939,13846,77217,0
25940,53721,46501,0
25941,43742,59971,0
25942,75120,81496,0
25943,63927,91819,0
25944,51369,68725,0
25945,56017,36053,0
25946,10292,53416,0
25947,70665,128118,0
25948,147832,90380,0
25949,126539,18958,0
25950,115119,46862,0
25951,30168,95576,0
25952,60849,104933,0
25953,105532,112985,0
25954,141601,49214,0
25955,43976,122700,0
25956,39520,17562,0
25957,46532,29106,0
25958,97348,83062,0
25959,139000,21544,0
25960,151188,66059,0
25961,44052,66525,0
25962,75206,23989,0
25963,143702,100954,0
25964,140956,26907,0
25965,150263,40259,0
25966,47714,37043,0
25967,56011,34177,0
25968,45899,115559,0
25969,45216,120094,0
25970,31021,110010,0
25971,151310,30163,0
25972,66428,143716,0
25973,126647,117090,0
25974,150579,107625,0
25975,72063,18730,0
25976,37525,7726,0
25977,132900,46371,0
25978,344,11929,0
25979,101231,82380,0
25980,50881,68905,0
25981,60288,138782,0
25982,5715,15885,0
25983,74026,133338,0
25984,57058,46734,0
25985,58723,64303,0
25986,38301,46859,0
25987,58033,109742,0
25988,134046,90988,0
25989,18192,8735,0
25990,23634,110989,0
25991,44340,132497,0
25992,73327,55736,0
25993,28775,12263,0
25994,99184,145863,0
25995,81852,65126,0
25996,128803,126200,0
25997,96684,144940,0
25998,135179,19748,0
25999,82336,149334,0
26000,120419,110427,0
26001,57897,83096,0
26002,102110,80484,0
26003,37387,43584,0
26004,36737,99786,0
26005,92061,125068,0
26006,114349,27845,0
26007,139270,78645,0
26008,54642,96671,0
26009,10713,114038,0
26010,49890,3036,0
26011,3463,4201,0
26012,23,88920,0
26013,61087,60820,0
26014,41344,118904,0
26015,124738,143553,0
26016,112250,84268,0
26017,155115,124798,0
26018,3167,67183,0
26019,99640,64726,0
26020,147687,85435,0
26021,65349,104905,0
26022,110527,89328,0
26023,41680,85515,0
26024,116141,21255,0
26025,35416,55570,0
26026,134518,61668,0
26027,91298,122098,0
26028,54701,80755,0
26029,74770,77964,0
26030,80190,95910,0
26031,103251,16714,0
26032,113977,146214,0
26033,147414,451,0
26034,52364,113008,0
26035,25780,84189,0
26036,6679,97394,0
26037,154625,102547,0
26038,48776,113553,0
26039,6553,40062,0
26040,100044,64177,0
26041,30713,121584,0
26042,106953,102395,0
26043,47536,110675,0
26044,109920,116990,0
26045,115255,102627,0
26046,120832,29023,0
26047,36038,125402,0
26048,14875,6080,0
26049,248,3630,0
26050,138128,99373,0
26051,143535,128098,0
26052,132221,67431,0
26053,25104,110454,0
26054,151486,102926,0
26055,106445,60560,0
26056,71871,51475,0
26057,121568,53958,0
26058,34881,94005,0
26059,5765,145182,0
26060,137382,102242,0
26061,60001,138722,0
26062,27238,9208,0
26063,53913,40255,0
26064,147897,68415,0
26065,65636,630,0
26066,58145,29279,0
26067,134203,124270,0
26068,146010,32672,0
26069,18909,26215,0
26070,1565,14126,0
26071,86243,99601,0
26072,128562,77051,0
26073,92291,74689,0
26074,24457,153220,0
26075,43868,62962,0
26076,118234,71998,0
26077,75082,109808,0
26078,67687,92825,0
26079,8277,122151,0
26080,3030,107646,0
26081,49133,92533,0
26082,15657,99012,0
26083,33780,128797,0
26084,82540,151204,0
26085,111597,53513,0
26086,41771,4569,0
26087,140498,106375,0
26088,116431,88393,0
26089,52425,75696,0
26090,58191,102069,0
26091,154540,71938,0
26092,57216,45508,0
26093,144984,147890,0
26094,154403,100584,0
26095,1983,131580,0
26096,128339,59153,0
26097,95641,11811,0
26098,109786,152712,0
26099,49759,82982,0
26100,140859,135813,0
26101,59931,24879,0
26102,143751,117256,0
26103,16770,92848,0
26104,114939,65317,0
26105,134793,90735,0
26106,112248,57358,0
26107,75999,141653,0
26108,12401,107246,0
26109,84083,46219,0
26110,51561,115611,0
26111,23495,10674,0
26112,24969,151751,0
26113,59024,44312,0
26114,108533,40642,0
26115,18816,124368,0
26116,67322,147183,0
26117,26042,38998,0
26118,151317,95110,0
26119,68196,140152,0
26120,58605,19226,0
26121,151799,56184,0
26122,58697,92608,0
26123,136058,146629,0
26124,72591,32817,0
26125,128007,71161,0
26126,144901,77686,0
26127,122238,23658,0
26128,92192,119510,0
26129,124575,42472,0
26130,142548,53323,0
26131,33152,18215,0
26132,83965,39661,0
26133,15612,37871,0
26134,144252,141192,0
26135,133669,107670,0
26136,89775,18105,0
26137,13905,30786,0
26138,135437,67106,0
26139,95909,143541,0
26140,43839,68479,0
26141,82947,91682,0
26142,145489,80678,0
26143,66458,91193,0
26144,106931,68272,0
26145,146706,41512,0
26146,99465,46057,0
26147,14001,14350,0
26148,76106,61394,0
26149,136974,34183,0
26150,41074,123663,0
26151,144550,24657,0
26152,47513,147084,0
26153,77141,150075,0
26154,38876,73445,0
26155,110308,52768,0
26156,49991,56401,0
26157,111519,50213,0
26158,27287,130423,0
26159,59629,37570,0
26160,46173,140004,0
26161,112675,17341,0
26162,80468,23976,0
26163,31224,92728,0
26164,81458,28817,0
26165,54263,108592,0
26166,85127,42177,0
26167,107705,85686,0
26168,149588,53690,0
26169,128515,20992,0
26170,125544,7106,0
26171,50865,52458,0
26172,88702,69828,0
26173,62613,74132,0
26174,73288,24675,0
26175,148333,55216,0
26176,107649,2461,0
26177,55964,6797,0
26178,43619,105701,0
26179,118858,8369,0
26180,146042,7264,0
26181,38591,21840,0
26182,152895,39947,0
26183,75494,98772,0
26184,19037,69184,0
26185,45063,32728,0
26186,28308,54831,0
26187,78552,33574,0
26188,82770,55225,0
26189,1105,81016,0
26190,9002,95671,0
26191,71142,125289,0
26192,142561,66119,0
26193,32344,2659,0
26194,47955,50806,0
26195,140381,131318,0
26196,100553,6571,0
26197,39451,129448,0
26198,151516,40905,0
26199,147982,68337,0
26200,86847,16605,0
26201,120850,51585,0
26202,85194,63324,0
26203,41676,121605,0
26204,15009,47575,0
26205,97755,24525,0
26206,117539,29092,0
26207,104732,153422,0
26208,148003,70990,0
26209,84836,130906,0
26210,37482,130011,0
26211,123629,87592,0
26212,43977,130978,0
26213,129185,37526,0
26214,84607,38308,0
26215,137087,53278,0
26216,33913,56572,0
26217,149130,4837,0
26218,120204,38877,0
26219,154625,85414,0
26220,134917,131372,0
26221,50594,108570,0
26222,2161,107669,0
26223,124447,65079,0
26224,143708,130033,0
26225,63428,23611,0
26226,82407,42820,0
26227,122467,81978,0
26228,147465,82745,0
26229,34901,147862,0
26230,13062,22154,0
26231,110544,92691,0
26232,139773,57930,0
26233,98902,99194,0
26234,114059,4279,0
26235,77014,120886,0
26236,80247,69511,0
26237,142004,116550,0
26238,86985,139388,0
26239,148464,83089,0
26240,117445,73751,0
26241,113180,56014,0
26242,37376,103105,0
26243,40704,135618,0
26244,123458,143126,0
26245,17214,68633,0
26246,858,150150,0
26247,14369,143174,0
26248,20711,122810,0
26249,81455,67,0
26250,63261,99315,0
26251,122791,13604,0
26252,9320,102562,0
26253,100882,125638,0
26254,74657,17934,0
26255,143479,29633,0
26256,124196,68431,0
26257,33806,10692,0
26258,82844,119693,0
26259,24649,91742,0
26260,151348,11021,0
26261,119010,68340,0
26262,71468,82226,0
26263,75492,25853,0
26264,13198,141282,0
26265,93515,54151,0
26266,78216,64789,0
26267,17609,7130,0
26268,16633,56062,0
26269,698,19265,0
26270,11259,26726,0
26271,111612,84367,0
26272,144292,8924,0
26273,140025,90881,0
26274,61147,3203,0
26275,42169,127526,0
26276,48350,22371,0
26277,134774,83039,0
26278,124787,69599,0
26279,4889,101921,0
26280,72380,51044,0
26281,112966,141691,0
26282,64380,108447,0
26283,47433,36816,0
26284,82598,17716,0
26285,9438,106138,0
26286,112072,6630,0
26287,108849,24255,0
26288,90696,99702,0
26289,47413,52301,0
26290,11159,123523,0
26291,18918,99735,0
26292,60066,40872,0
26293,10837,99517,0
26294,41642,85446,0
26295,10222,153428,0
26296,47697,95353,0
26297,23503,67895,0
26298,103034,14428,0
26299,78348,57477,0
26300,91381,49300,0
26301,7585,10495,0
26302,37021,24213,0
26303,96992,81262,0
26304,19308,523,0
26305,43037,13769,0
26306,9637,139286,0
26307,27860,147609,0
26308,40765,8523,0
26309,119389,2579,0
26310,26154,22074,0
26311,64540,9777,0
26312,65278,138440,0
26313,17971,130950,0
26314,79351,59459,0
26315,139257,152648,0
26316,150596,145358,0
26317,22473,135266,0
26318,41928,43006,0
26319,51796,103185,0
26320,47340,30522,0
26321,110309,72348,0
26322,26598,152462,0
26323,57619,118938,0
26324,141960,150407,0
26325,25037,60973,0
26326,112578,101153,0
26327,28546,92370,0
26328,29497,116909,0
26329,124625,136373,0
26330,70794,140513,0
26331,139510,49494,0
26332,100156,117539,0
26333,82346,3561,0
26334,97112,59367,0
26335,65181,54253,0
26336,153567,76059,0
26337,150077,67062,0
26338,28435,83197,0
26339,88177,77805,0
26340,20434,89928,0
26341,129052,150178,0
26342,23706,39109,0
26343,86007,15674,0
26344,76056,31625,0
26345,27607,23347,0
26346,125430,58606,0
26347,63566,105709,0
26348,94568,134123,0
26349,153898,37778,0
26350,23066,79327,0
26351,37993,18858,0
26352,105010,46810,0
26353,133765,93140,0
26354,10020,70718,0
26355,7528,11885,0
26356,123103,5172,0
26357,128872,41385,0
26358,138562,155101,0
26359,144375,49416,0
26360,89489,84249,0
26361,78082,46957,0
26362,91028,132852,0
26363,95550,83603,0
26364,141346,74898,0
26365,122064,38748,0
26366,74211,36068,0
26367,65322,62391,0
26368,36403,118201,0
26369,110141,126985,0
26370,63803,153563,0
26371,104458,42757,0
26372,75269,69833,0
26373,41766,145335,0
26374,29876,112461,0
26375,109063,16293,0
26376,87034,1572,0
26377,8264,87162,0
26378,48942,119774,0
26379,89427,145,0
26380,52598,117322,0
26381,47609,138394,0
26382,39754,79970,0
26383,9201,85342,0
26384,127402,90109,0
26385,2110,154602,0
26386,14233,115700,0
26387,105748,31138,0
26388,106188,47813,0
26389,130293,145023,0
26390,95964,146472,0
26391,36158,15570,0
26392,135687,2755,0
26393,107722,58698,0
26394,98141,128357,0
26395,56413,79415,0
26396,103067,116523,0
26397,58383,107852,0
26398,144223,61078,0
26399,76176,52308,0
26400,82832,144309,0
26401,5761,51353,0
26402,51414,33102,0
26403,143758,56875,0
26404,146992,110257,0
26405,110321,855,0
26406,81354,134451,0
26407,93667,98178,0
26408,42663,98885,0
26409,138405,18069,0
26410,101319,104421,0
26411,103781,153268,0
26412,64856,18027,0
26413,39673,68505,0
26414,88213,115524,0
26415,118104,78515,0
26416,94515,28802,0
26417,649,35936,0
26418,124362,101181,0
26419,103667,27240,0
26420,86143,50756,0
26421,39959,40163,0
26422,6365,5795,0
26423,60779,111965,0
26424,29262,107657,0
26425,48144,154244,0
26426,4618,112283,0
26427,79280,136910,0
26428,21085,109075,0
26429,125424,21235,0
26430,124743,155081,0
26431,141427,113059,0
26432,20960,46432,0
26433,87866,140175,0
26434,80,46777,0
26435,154027,92734,0
26436,37133,76202,0
26437,128657,96395,0
26438,95250,139475,0
26439,903,150656,0
26440,86358,103825,0
26441,79258,22893,0
26442,63417,65305,0
26443,108626,96606,0
26444,27861,39494,0
26445,62198,62368,0
26446,73893,8647,0
26447,70578,9342,0
26448,74446,69512,0
26449,116139,134588,0
26450,29350,60733,0
26451,47580,32931,0
26452,40009,109299,0
26453,92214,5418,0
26454,114917,87717,0
26455,23281,108187,0
26456,83691,55171,0
26457,115996,3460,0
26458,119882,124157,0
26459,39509,77841,0
26460,112085,129352,0
26461,52,63178,0
26462,74194,27968,0
26463,80036,130549,0
26464,42028,117740,0
26465,41410,10760,0
26466,53898,12479,0
26467,114638,50254,0
26468,88763,100375,0
26469,138372,32097,0
26470,16080,111080,0
26471,99103,116694,0
26472,79621,131392,0
26473,154513,27710,0
26474,133460,141652,0
26475,142735,128628,0
26476,33081,56772,0
26477,110290,117712,0
26478,97540,87012,0
26479,77608,148531,0
26480,109817,152145,0
26481,28408,82429,0
26482,39245,95174,0
26483,89603,144804,0
26484,74284,69170,0
26485,13690,121112,0
26486,83128,73817,0
26487,76729,140366,0
26488,26207,154878,0
26489,114035,112750,0
26490,115883,86693,0
26491,45519,104161,0
26492,103336,2589,0
26493,124625,22995,0
26494,90773,94836,0
26495,145864,7374,0
26496,108277,33574,0
26497,154466,106210,0
26498,91886,54842,0
26499,20224,134857,0
26500,66792,104313,0
26501,51102,16865,0
26502,65606,150261,0
26503,148273,15757,0
26504,74124,105745,0
26505,91908,83364,0
26506,820,68545,0
26507,60258,35872,0
26508,12051,51323,0
26509,62892,60412,0
26510,60278,68177,0
26511,7467,47753,0
26512,54526,40664,0
26513,53283,38948,0
26514,103776,126183,0
26515,71822,54530,0
26516,140676,77882,0
26517,1870,121294,0
26518,90368,62299,0
26519,1577,110282,0
26520,125661,76208,0
26521,150525,72109,0
26522,51913,30076,0
26523,47706,114508,0
26524,113225,32622,0
26525,120683,94316,0
26526,37448,117576,0
26527,11238,84324,0
26528,34077,68056,0
26529,56490,101740,0
26530,49494,78622,0
26531,88286,30221,0
26532,6708,142656,0
26533,118250,38825,0
26534,94140,29539,0
26535,73151,42566,0
26536,38626,76199,0
26537,81002,113042,0
26538,145577,11098,0
26539,116727,52970,0
26540,47779,129159,0
26541,54388,54775,0
26542,6803,35513,0
26543,66669,130224,0
26544,142997,56861,0
26545,32702,48502,0
26546,121968,26943,0
26547,101047,29806,0
26548,82851,8961,0
26549,35576,128418,0
26550,33212,70810,0
26551,60888,149852,0
26552,61342,34890,0
26553,109025,137412,0
26554,98232,31586,0
26555,74873,145220,0
26556,145430,140763,0
26557,5962,42466,0
26558,138857,7561,0
26559,104003,149193,0
26560,133282,24255,0
26561,4680,55331,0
26562,48545,84868,0
26563,86735,101825,0
26564,142645,92086,0
26565,54932,1442,0
26566,38549,43015,0
26567,63403,46477,0
26568,28510,85734,0
26569,88784,119928,0
26570,64176,117829,0
26571,95048,89850,0
26572,87475,28938,0
26573,85815,110350,0
26574,133672,101802,0
26575,114378,42119,0
26576,90270,95707,0
26577,108980,74417,0
26578,24279,101366,0
26579,106397,59,0
26580,150992,118015,0
26581,14127,106908,0
26582,91251,41789,0
26583,68698,111340,0
26584,108677,147518,0
26585,11906,125286,0
26586,115956,63964,0
26587,41800,71493,0
26588,34086,86673,0
26589,135763,43937,0
26590,27868,141177,0
26591,32253,100794,0
26592,22298,143827,0
26593,39633,49090,0
26594,69950,55164,0
26595,46838,31887,0
26596,112625,106683,0
26597,3015,27530,0
26598,98145,82974,0
26599,118167,8533,0
26600,14530,111890,0
26601,110063,153518,0
26602,104902,13727,0
26603,145320,66193,0
26604,3647,81891,0
26605,100918,6135,0
26606,35038,59069,0
26607,70493,119870,0
26608,82750,46110,0
26609,15323,101052,0
26610,65455,78026,0
26611,60100,26092,0
26612,101337,26804,0
26613,127903,134115,0
26614,153539,62881,0
26615,54839,118168,0
26616,105109,114862,0
26617,84502,117843,0
26618,95135,58892,0
26619,154155,52816,0
26620,2346,5853,0
26621,88015,104746,0
26622,133144,84655,0
26623,99212,17110,0
26624,103509,22020,0
26625,120337,32633,0
26626,112881,62076,0
26627,71369,7073,0
26628,1180,67938,0
26629,41368,71044,0
26630,43656,41141,0
26631,2390,30669,0
26632,22558,119123,0
26633,29006,77394,0
26634,150844,120746,0
26635,10138,71962,0
26636,99455,110792,0
26637,39360,82867,0
26638,29208,113778,0
26639,97319,122987,0
26640,97107,74152,0
26641,101771,10605,0
26642,21390,108016,0
26643,112464,50543,0
26644,128552,35237,0
26645,35942,148814,0
26646,68575,22270,0
26647,8018,124318,0
26648,28937,8533,0
26649,105605,91300,0
26650,72161,19433,0
26651,81289,5849,0
26652,80978,19320,0
26653,123854,128375,0
26654,133946,144696,0
26655,20272,147387,0
26656,25506,2135,0
26657,79533,112003,0
26658,71296,34706,0
26659,110785,144720,0
26660,134486,58267,0
26661,36310,146697,0
26662,88897,69593,0
26663,50965,36953,0
26664,148778,33148,0
26665,76694,43600,0
26666,24969,94961,0
26667,64231,66930,0
26668,49616,124118,0
26669,17096,102025,0
26670,98460,93487,0
26671,83091,140167,0
26672,22585,137361,0
26673,73518,56899,0
26674,52778,3163,0
26675,148610,139624,0
26676,135727,71941,0
26677,138216,40766,0
26678,79184,95839,0
26679,36389,91628,0
26680,59384,135338,0
26681,149091,119022,0
26682,98516,142253,0
26683,18495,11612,0
26684,53792,38597,0
26685,27452,58111,0
26686,66014,1490,0
26687,81472,103922,0
26688,27034,53934,0
26689,27157,52405,0
26690,4511,62162,0
26691,18283,45901,0
26692,2459,121223,0
26693,120634,154989,0
26694,36764,20613,0
26695,53180,95554,0
26696,67409,48519,0
26697,109098,149062,0
26698,49657,77213,0
26699,121219,151129,0
26700,88794,119823,0
26701,52024,19804,0
26702,127146,45249,0
26703,28004,120083,0
26704,27344,22527,0
26705,48282,29417,0
26706,153747,29765,0
26707,11852,83671,0
26708,107952,152125,0
26709,59610,86940,0
26710,32605,77770,0
26711,6597,34674,0
26712,62360,40438,0
26713,92880,74329,0
26714,51357,15289,0
26715,125601,62399,0
26716,26468,45458,0
26717,51540,79928,0
26718,130066,153293,0
26719,53583,117092,0
26720,28846,145560,0
26721,74615,26547,0
26722,99623,109667,0
26723,95410,155008,0
26724,59610,94725,0
26725,109798,49915,0
26726,99457,154477,0
26727,72206,139455,0
26728,2933,79470,0
26729,56823,110370,0
26730,26557,58853,0
26731,57994,9400,0
26732,93840,104528,0
26733,106447,15932,0
26734,139054,47020,0
26735,145357,97827,0
26736,129019,77621,0
26737,80520,123943,0
26738,22083,5253,0
26739,16886,50192,0
26740,227,8675,0
26741,123563,121892,0
26742,147561,63680,0
26743,4957,116376,0
26744,130226,149778,0
26745,55431,106149,0
26746,154833,123721,0
26747,49557,147101,0
26748,96855,98336,0
26749,23033,141176,0
26750,135062,28970,0
26751,42209,105644,0
26752,56498,67746,0
26753,1875,137913,0
26754,136402,82270,0
26755,45062,50316,0
26756,137941,73790,0
26757,49364,151980,0
26758,127439,143496,0
26759,69348,152572,0
26760,114845,30388,0
26761,140306,100386,0
26762,120043,57490,0
26763,87843,7734,0
26764,39957,11646,0
26765,58182,72959,0
26766,73965,117286,0
26767,141985,4136,0
26768,7583,115378,0
26769,115031,57558,0
26770,59698,97126,0
26771,107293,79271,0
26772,125366,79684,0
26773,70213,44685,0
26774,117936,7286,0
26775,153242,47804,0
26776,88689,126420,0
26777,38795,56273,0
26778,144616,125083,0
26779,14305,39949,0
26780,145364,45825,0
26781,152421,75193,0
26782,51427,80285,0
26783,135210,85986,0
26784,142753,129795,0
26785,38655,23711,0
26786,20522,15544,0
26787,102108,5853,0
26788,146571,88023,0
26789,68990,123490,0
26790,64129,45522,0
26791,145596,95143,0
26792,27820,1146,0
26793,58367,116590,0
26794,93576,38466,0
26795,116568,29869,0
26796,68794,50391,0
26797,106291,98537,0
26798,83746,104047,0
26799,28844,90583,0
26800,85629,109928,0
26801,143123,123952,0
26802,141427,26384,0
26803,41815,13032,0
26804,70763,42182,0
26805,101292,132757,0
26806,136588,153866,0
26807,150553,125343,0
26808,92884,126675,0
26809,5362,131211,0
26810,47129,96556,0
26811,37711,71171,0
26812,150227,136245,0
26813,56664,148993,0
26814,16711,150999,0
26815,55393,134382,0
26816,37975,51885,0
26817,79738,37368,0
26818,16862,76089,0
26819,19596,67063,0
26820,75329,49619,0
26821,96900,25679,0
26822,105796,65236,0
26823,47948,23866,0
26824,98956,56924,0
26825,141659,40402,0
26826,148730,141510,0
26827,84137,111629,0
26828,89092,118570,0
26829,135773,37801,0
26830,112709,120864,0
26831,8940,83761,0
26832,13776,17319,0
26833,150083,24047,0
26834,137136,81848,0
26835,85681,11723,0
26836,122295,30982,0
26837,28031,27136,0
26838,88268,144190,0
26839,67871,62738,0
26840,116499,46065,0
26841,123155,9453,0
26842,37055,144731,0
26843,55914,50782,0
26844,90008,108508,0
26845,102057,117997,0
26846,6553,13938,0
26847,11916,45402,0
26848,23955,45317,0
26849,71675,122654,0
26850,32536,23209,0
26851,76081,47223,0
26852,3931,31463,0
26853,50812,29637,0
26854,33262,19561,0
26855,33389,1319,0
26856,54048,78719,0
26857,63351,5511,0
26858,24606,4558,0
26859,128030,103943,0
26860,82450,28281,0
26861,90204,81469,0
26862,55688,57487,0
26863,97454,110448,0
26864,46077,2342,0
26865,116661,80273,0
26866,135312,35280,0
26867,65355,138739,0
26868,84841,34706,0
26869,37981,152301,0
26870,49632,24722,0
26871,32406,38285,0
26872,105410,39116,0
26873,100679,147952,0
26874,57210,9565,0
26875,36181,23082,0
26876,75301,113662,0
26877,23745,23743,0
26878,59012,26366,0
26879,27859,78268,0
26880,142968,61217,0
26881,85377,111297,0
26882,37338,275,0
26883,76750,13780,0
26884,109302,85184,0
26885,99876,129910,0
26886,58220,82274,0
26887,68812,123982,0
26888,29742,115513,0
26889,41517,22440,0
26890,112904,68980,0
26891,97886,153773,0
26892,131792,16714,0
26893,50639,117915,0
26894,29396,98337,0
26895,97678,77966,0
26896,98340,42398,0
26897,56465,23191,0
26898,4923,6211,0
26899,32526,34919,0
26900,17131,58813,0
26901,19599,67479,0
26902,87470,96279,0
26903,116875,69393,0
26904,27351,92542,0
26905,71258,90037,0
26906,15109,26834,0
26907,132673,101831,0
26908,132496,111176,0
26909,42038,100192,0
26910,132418,49352,0
26911,133157,51023,0
26912,70362,96068,0
26913,2642,14729,0
26914,4646,106989,0
26915,102031,47041,0
26916,16455,127952,0
26917,5110,128607,0
26918,140150,53758,0
26919,98507,139972,0
26920,105644,73102,0
26921,57820,28438,0
26922,22137,6580,0
26923,65365,137687,0
26924,134891,122020,0
26925,120579,25688,0
26926,109649,121378,0
26927,1753,36732,0
26928,84060,46656,0
26929,126066,14898,0
26930,43404,110902,0
26931,93417,20635,0
26932,123346,132624,0
26933,19217,49403,0
26934,139275,10594,0
26935,117185,47984,0
26936,81294,81636,0
26937,54604,25162,0
26938,87195,97680,0
26939,58269,118389,0
26940,40624,140635,0
26941,108589,65474,0
26942,149562,10869,0
26943,121653,57625,0
26944,149835,55545,0
26945,23167,29305,0
26946,146855,23202,0
26947,123183,132556,0
26948,22728,125390,0
26949,11704,96614,0
26950,108815,88643,0
26951,53800,9871,0
26952,82186,39563,0
26953,70266,113779,0
26954,9108,69840,0
26955,96018,43516,0
26956,21553,13970,0
26957,22480,104581,0
26958,54445,69487,0
26959,147541,131505,0
26960,80102,4845,0
26961,54446,5707,0
26962,70749,102680,0
26963,120644,139570,0
26964,9359,33616,0
26965,116056,147096,0
26966,53662,25844,0
26967,96259,116029,0
26968,16028,59253,0
26969,66892,14167,0
26970,11560,17537,0
26971,113307,55610,0
26972,126272,88194,0
26973,82577,152316,0
26974,90318,39287,0
26975,154938,14662,0
26976,109460,61857,0
26977,46641,7117,0
26978,144216,37685,0
26979,98043,69658,0
26980,134997,4453,0
26981,128957,70095,0
26982,97481,21546,0
26983,62621,93559,0
26984,17925,83357,0
26985,11479,106212,0
26986,75477,22683,0
26987,127541,108750,0
26988,92109,60400,0
26989,141850,17312,0
26990,115330,97253,0
26991,119652,124077,0
26992,91256,20822,0
26993,65689,90953,0
26994,142189,97923,0
26995,100783,80647,0
26996,111665,51351,0
26997,153450,144360,0
26998,70668,152562,0
26999,121260,80317,0
27000,7668,37833,0
27001,135662,28153,0
27002,3550,115372,0
27003,127336,37878,0
27004,57026,80099,0
27005,64713,76480,0
27006,77435,141086,0
27007,152182,708,0
27008,46726,56411,0
27009,134828,87793,0
27010,102922,29347,0
27011,36441,31033,0
27012,131325,113986,0
27013,125269,131736,0
27014,59713,143711,0
27015,112090,117219,0
27016,41126,152473,0
27017,131311,127343,0
27018,14533,154433,0
27019,31166,61094,0
27020,94251,117646,0
27021,41578,53642,0
27022,24542,41312,0
27023,51027,101174,0
27024,63096,73786,0
27025,118157,47935,0
27026,94421,69520,0
27027,134661,131068,0
27028,128190,146561,0
27029,43275,133920,0
27030,65315,61111,0
27031,41531,2118,0
27032,39519,148072,0
27033,57611,84052,0
27034,646,9234,0
27035,150864,83573,0
27036,117830,129616,0
27037,11670,148426,0
27038,73617,100986,0
27039,144623,63807,0
27040,83325,99269,0
27041,34972,59537,0
27042,37873,82424,0
27043,71426,100571,0
27044,109850,8533,0
27045,121163,135161,0
27046,22215,119864,0
27047,138095,58710,0
27048,35311,33595,0
27049,15478,137610,0
27050,9196,135482,0
27051,64831,120835,0
27052,141245,7982,0
27053,55405,151832,0
27054,56413,80733,0
27055,14349,142917,0
27056,138018,112146,0
27057,17033,23275,0
27058,8950,146101,0
27059,126331,26320,0
27060,100691,86576,0
27061,54852,16750,0
27062,73437,43955,0
27063,94264,29053,0
27064,86315,105989,0
27065,114665,35178,0
27066,84843,141906,0
27067,150709,119979,0
27068,105316,42324,0
27069,801,142623,0
27070,14568,17885,0
27071,148418,15387,0
27072,142095,80915,0
27073,8596,20367,0
27074,120115,90286,0
27075,106617,137454,0
27076,63043,84545,0
27077,127051,63646,0
27078,150924,69190,0
27079,54196,108709,0
27080,113136,58792,0
27081,120381,33549,0
27082,88469,47199,0
27083,154888,8420,0
27084,91222,56133,0
27085,108180,54293,0
27086,143634,37272,0
27087,42556,21026,0
27088,9433,109673,0
27089,105427,114038,0
27090,68393,119780,0
27091,71229,107413,0
27092,101765,16305,0
27093,13575,127867,0
27094,14751,130184,0
27095,277,32680,0
27096,44136,94978,0
27097,40727,119288,0
27098,42715,6395,0
27099,55739,144158,0
27100,12532,114891,0
27101,146432,110462,0
27102,8598,524,0
27103,165,128355,0
27104,59164,59981,0
27105,81197,11068,0
27106,134767,85366,0
27107,16191,77539,0
27108,49337,140100,0
27109,46135,134465,0
27110,148235,89768,0
27111,150441,58258,0
27112,96385,10213,0
27113,15051,94627,0
27114,3651,87453,0
27115,60807,48884,0
27116,55036,2220,0
27117,74424,109553,0
27118,130096,29305,0
27119,115546,12192,0
27120,101495,76697,0
27121,89824,104791,0
27122,147321,98294,0
27123,8507,69771,0
27124,60692,154418,0
27125,1618,46701,0
27126,15036,114348,0
27127,68208,46769,0
27128,112121,82968,0
27129,151464,61943,0
27130,97957,98513,0
27131,25206,66191,0
27132,9580,118917,0
27133,154070,10248,0
27134,105451,81113,0
27135,39804,126423,0
27136,43860,21043,0
27137,137266,105558,0
27138,136934,117870,0
27139,109532,97584,0
27140,52893,110304,0
27141,71316,88562,0
27142,59599,51630,0
27143,23307,122506,0
27144,138526,74908,0
27145,144808,50770,0
27146,41517,84089,0
27147,41848,62108,0
27148,91526,66142,0
27149,57542,102808,0
27150,25773,87210,0
27151,51400,96496,0
27152,70038,47716,0
27153,148003,129145,0
27154,124005,9572,0
27155,37936,53453,0
27156,110188,121446,0
27157,82805,43763,0
27158,99469,151224,0
27159,44316,14450,0
27160,133336,67024,0
27161,142981,147633,0
27162,96481,128195,0
27163,138515,92526,0
27164,19071,46157,0
27165,30412,105931,0
27166,43569,129756,0
27167,132264,63469,0
27168,97320,72151,0
27169,12380,119347,0
27170,103107,154248,0
27171,24393,77337,0
27172,125781,71970,0
27173,127835,110021,0
27174,108471,81034,0
27175,117371,148315,0
27176,149575,124708,0
27177,31407,63301,0
27178,113705,17148,0
27179,66791,120505,0
27180,12212,17415,0
27181,20010,111053,0
27182,103728,67579,0
27183,15155,94235,0
27184,41712,29902,0
27185,130899,33635,0
27186,27957,43364,0
27187,20940,16716,0
27188,27130,130275,0
27189,5304,115772,0
27190,75590,54655,0
27191,23434,90815,0
27192,63134,11116,0
27193,22329,10380,0
27194,18343,137604,0
27195,43278,102025,0
27196,37296,85446,0
27197,136852,29280,0
27198,99465,28532,0
27199,55298,35327,0
27200,53257,16943,0
27201,130076,71899,0
27202,34354,16304,0
27203,140225,64729,0
27204,20149,30600,0
27205,70111,37967,0
27206,24191,50252,0
27207,53706,13053,0
27208,40127,141559,0
27209,120177,46366,0
27210,126971,100252,0
27211,3506,137692,0
27212,79122,149677,0
27213,24181,109586,0
27214,37303,48936,0
27215,43859,16115,0
27216,55859,62763,0
27217,125163,30078,0
27218,60797,111809,0
27219,51210,91978,0
27220,15740,61812,0
27221,15907,97038,0
27222,117205,71456,0
27223,110739,148212,0
27224,123498,111006,0
27225,117737,47337,0
27226,135848,25927,0
27227,78095,90187,0
27228,99388,92545,0
27229,78814,109109,0
27230,105188,54117,0
27231,137382,111182,0
27232,1382,58826,0
27233,86598,123967,0
27234,145888,38309,0
27235,110539,141464,0
27236,91965,11236,0
27237,80471,18391,0
27238,111377,129836,0
27239,30471,40847,0
27240,59024,151547,0
27241,44692,10967,0
27242,109406,59831,0
27243,18238,119859,0
27244,125369,14301,0
27245,57773,51010,0
27246,60778,25710,0
27247,84129,68349,0
27248,28782,126529,0
27249,21558,113663,0
27250,24951,35933,0
27251,18573,84525,0
27252,12868,94539,0
27253,84075,89123,0
27254,54881,67769,0
27255,43890,14574,0
27256,120396,103852,0
27257,46450,124109,0
27258,48601,68222,0
27259,120489,34622,0
27260,8540,58015,0
27261,45319,134634,0
27262,143927,38070,0
27263,83297,72995,0
27264,137951,66703,0
27265,23039,122072,0
27266,137670,120805,0
27267,80722,18945,0
27268,117929,124739,0
27269,54741,119403,0
27270,109827,4831,0
27271,148060,68047,0
27272,56630,16496,0
27273,96084,62442,0
27274,18068,115110,0
27275,79616,89218,0
27276,25447,112171,0
27277,144537,137160,0
27278,126362,120273,0
27279,126512,86839,0
27280,135538,132790,0
27281,121339,18394,0
27282,113332,63357,0
27283,15561,72479,0
27284,46105,4560,0
27285,764,47620,0
27286,66122,62440,0
27287,19223,50759,0
27288,146321,21830,0
27289,27266,4781,0
27290,26979,76617,0
27291,109043,34039,0
27292,152691,140026,0
27293,110352,57450,0
27294,78507,123618,0
27295,38941,90992,0
27296,132597,111385,0
27297,36019,85724,0
27298,91079,73900,0
27299,30986,54685,0
27300,62664,135841,0
27301,128842,82620,0
27302,149889,127369,0
27303,66431,50236,0
27304,10835,71693,0
27305,43030,4966,0
27306,48651,151868,0
27307,22253,130632,0
27308,68939,25475,0
27309,102539,74491,0
27310,104209,102707,0
27311,61561,92486,0
27312,58087,75723,0
27313,112715,26125,0
27314,134647,66838,0
27315,143801,8520,0
27316,146050,128830,0
27317,6775,72024,0
27318,60386,116599,0
27319,124018,128849,0
27320,74834,35081,0
27321,65903,66758,0
27322,145451,51854,0
27323,148928,23942,0
27324,114810,148779,0
27325,68080,121893,0
27326,100329,116411,0
27327,125013,66986,0
27328,126948,57689,0
27329,23464,21873,0
27330,11502,130628,0
27331,123462,79035,0
27332,54494,104334,0
27333,25033,15108,0
27334,32511,12243,0
27335,68365,59854,0
27336,121241,139308,0
27337,106251,55848,0
27338,38125,83904,0
27339,117595,33792,0
27340,132262,88448,0
27341,3783,134206,0
27342,124134,148999,0
27343,11119,5872,0
27344,13806,75934,0
27345,84112,15158,0
27346,53185,11753,0
27347,131452,62904,0
27348,120867,127006,0
27349,107475,103471,0
27350,54619,94304,0
27351,95191,124739,0
27352,124308,59523,0
27353,92250,64303,0
27354,134211,17802,0
27355,43390,103241,0
27356,74211,16300,0
27357,2846,139552,0
27358,70203,111302,0
27359,43795,113772,0
27360,104627,76654,0
27361,122316,121852,0
27362,79832,79926,0
27363,69107,41632,0
27364,370,76610,0
27365,138628,39413,0
27366,42143,17204,0
27367,118280,26062,0
27368,12715,90692,0
27369,56303,104514,0
27370,67363,17451,0
27371,63876,63715,0
27372,155004,19312,0
27373,109455,105768,0
27374,45397,79541,0
27375,88552,109126,0
27376,140582,12826,0
27377,100496,38988,0
27378,31520,108032,0
27379,48557,151123,0
27380,137108,68182,0
27381,142297,137884,0
27382,5274,12685,0
27383,125215,100109,0
27384,115335,52151,0
27385,59596,12800,0
27386,151594,8610,0
27387,141029,118488,0
27388,76864,105904,0
27389,9407,65476,0
27390,97158,80048,0
27391,21978,33997,0
27392,58694,10623,0
27393,64073,32954,0
27394,52795,50476,0
27395,66637,84015,0
27396,36236,89995,0
27397,116974,48575,0
27398,11192,40340,0
27399,10150,3167,0
27400,77046,111016,0
27401,96832,4790,0
27402,9442,123619,0
27403,128283,29139,0
27404,20126,93209,0
27405,72012,12914,0
27406,14133,27636,0
27407,5046,92633,0
27408,69261,63102,0
27409,146640,37913,0
27410,9436,131069,0
27411,76340,90955,0
27412,32404,85270,0
27413,138879,104478,0
27414,4777,45995,0
27415,96985,38079,0
27416,44042,66736,0
27417,45667,146492,0
27418,70925,39846,0
27419,129517,126197,0
27420,129801,108701,0
27421,129859,83035,0
27422,45827,11148,0
27423,8765,44079,0
27424,18960,67279,0
27425,81250,67483,0
27426,16687,37571,0
27427,2530,136596,0
27428,121471,3421,0
27429,152352,23482,0
27430,104122,109784,0
27431,112690,151111,0
27432,14568,44354,0
27433,32761,89256,0
27434,63410,142786,0
27435,4748,77317,0
27436,60269,77401,0
27437,28100,86451,0
27438,93641,69626,0
27439,92777,24010,0
27440,29156,81479,0
27441,67665,17289,0
27442,54813,49869,0
27443,81452,85856,0
27444,48465,154661,0
27445,36038,109266,0
27446,76511,101280,0
27447,137051,23968,0
27448,49639,90879,0
27449,25988,62102,0
27450,105308,131877,0
27451,127835,85379,0
27452,7416,123895,0
27453,125974,42161,0
27454,106604,73457,0
27455,106737,37660,0
27456,117745,63182,0
27457,65615,153136,0
27458,96680,103619,0
27459,56700,74379,0
27460,87234,49052,0
27461,40075,147404,0
27462,118292,36508,0
27463,18138,154061,0
27464,133184,146228,0
27465,933,93590,0
27466,26839,78711,0
27467,16357,74251,0
27468,47927,9125,0
27469,132390,125190,0
27470,75047,128993,0
27471,128278,40341,0
27472,5718,42564,0
27473,74569,83522,0
27474,53673,69058,0
27475,36213,32663,0
27476,62797,72400,0
27477,27128,4276,0
27478,59535,145911,0
27479,120453,134026,0
27480,27324,151677,0
27481,70898,109401,0
27482,133320,92974,0
27483,29165,153279,0
27484,85142,103812,0
27485,130599,22192,0
27486,111716,93709,0
27487,2667,110364,0
27488,142449,101318,0
27489,98392,105855,0
27490,27914,81310,0
27491,10651,57532,0
27492,64842,76105,0
27493,44230,112465,0
27494,132947,128434,0
27495,67938,151537,0
27496,31542,115234,0
27497,36262,97163,0
27498,40358,116929,0
27499,29724,106100,0
27500,64268,10843,0
27501,21523,123248,0
27502,121597,94792,0
27503,2927,5421,0
27504,58814,66696,0
27505,113556,35843,0
27506,6876,79876,0
27507,21903,90714,0
27508,74444,70007,0
27509,32338,25950,0
27510,40307,11965,0
27511,18876,92205,0
27512,76429,152885,0
27513,30764,154799,0
27514,55856,99658,0
27515,146246,4557,0
27516,5290,130370,0
27517,20483,57264,0
27518,14312,71766,0
27519,134287,46649,0
27520,46757,153036,0
27521,1750,101430,0
27522,4478,129777,0
27523,68381,94231,0
27524,87383,3313,0
27525,115390,102877,0
27526,81080,76039,0
27527,116266,26711,0
27528,70366,10754,0
27529,6118,117059,0
27530,84566,664,0
27531,88667,94424,0
27532,19233,75575,0
27533,47567,39370,0
27534,98259,127645,0
27535,4662,7543,0
27536,19352,151070,0
27537,30585,140712,0
27538,114621,87171,0
27539,71207,61547,0
27540,139363,116615,0
27541,76780,63249,0
27542,62440,128586,0
27543,17464,3417,0
27544,70429,29000,0
27545,25296,50140,0
27546,144543,112662,0
27547,79872,107504,0
27548,47568,37064,0
27549,3143,86819,0
27550,98632,151504,0
27551,112547,107628,0
27552,41488,95925,0
27553,126987,55516,0
27554,88294,98029,0
27555,121864,19239,0
27556,3178,94832,0
27557,12778,58734,0
27558,41821,71899,0
27559,73123,97723,0
27560,77923,121249,0
27561,29880,6564,0
27562,41149,27108,0
27563,121945,136052,0
27564,135691,26101,0
27565,148012,18106,0
27566,4725,447,0
27567,18534,1878,0
27568,39162,140983,0
27569,45167,15207,0
27570,23067,95334,0
27571,20566,114331,0
27572,95147,67935,0
27573,64601,102715,0
27574,52718,69732,0
27575,77703,143651,0
27576,39317,42201,0
27577,133872,37626,0
27578,84799,92962,0
27579,100658,84007,0
27580,90927,58503,0
27581,46391,132379,0
27582,82648,25880,0
27583,80028,122455,0
27584,43931,39585,0
27585,111106,85977,0
27586,115289,51276,0
27587,30420,64285,0
27588,96704,40592,0
27589,53395,151949,0
27590,97443,6610,0
27591,82534,43814,0
27592,21292,43950,0
27593,148155,49528,0
27594,42164,129014,0
27595,128083,98655,0
27596,40069,149861,0
27597,106333,139223,0
27598,119284,14896,0
27599,138180,93648,0
27600,39857,25378,0
27601,123819,34571,0
27602,18554,130356,0
27603,83206,103252,0
27604,31160,33247,0
27605,150862,17548,0
27606,57474,65562,0
27607,149770,149504,0
27608,34777,143249,0
27609,9134,7167,0
27610,104400,32519,0
27611,113768,27442,0
27612,41178,136213,0
27613,118526,137138,0
27614,135312,87940,0
27615,20951,79621,0
27616,51609,68043,0
27617,93710,138277,0
27618,20667,74017,0
27619,43160,43705,0
27620,153242,126148,0
27621,126539,108695,0
27622,84499,103662,0
27623,101216,81607,0
27624,77576,10939,0
27625,836,150833,0
27626,142016,64740,0
27627,135713,57072,0
27628,112578,7220,0
27629,67445,79997,0
27630,74055,6255,0
27631,23475,36318,0
27632,22346,122971,0
27633,140063,50426,0
27634,153450,57367,0
27635,64578,108928,0
27636,135312,101738,0
27637,926,13112,0
27638,49699,102383,0
27639,51787,140994,0
27640,142051,130102,0
27641,67378,90001,0
27642,127673,27079,0
27643,135211,128795,0
27644,148566,148770,0
27645,98244,48198,0
27646,134893,70186,0
27647,154484,144003,0
27648,123975,18726,0
27649,114787,7771,0
27650,148426,46572,0
27651,79381,139013,0
27652,147525,47495,0
27653,92566,28289,0
27654,129651,116421,0
27655,134732,55194,0
27656,55285,35288,0
27657,79316,14017,0
27658,62762,16702,0
27659,56579,99566,0
27660,51316,20538,0
27661,9401,132209,0
27662,120662,39580,0
27663,151554,62775,0
27664,71524,24869,0
27665,82858,57297,0
27666,24652,26933,0
27667,93464,57677,0
27668,27333,81352,0
27669,116647,93078,0
27670,38842,45391,0
27671,76630,133173,0
27672,4007,92929,0
27673,125842,31363,0
27674,87304,121378,0
27675,123103,143937,0
27676,143905,81687,0
27677,129816,52073,0
27678,73613,37697,0
27679,38900,49009,0
27680,4731,19199,0
27681,92391,35566,0
27682,55724,136989,0
27683,126043,79971,0
27684,50496,23732,0
27685,37652,52861,0
27686,63981,12032,0
27687,4095,47650,0
27688,35335,114670,0
27689,67086,73313,0
27690,25846,65705,0
27691,33238,123815,0
27692,131195,105168,0
27693,142855,126580,0
27694,108708,1271,0
27695,103874,99015,0
27696,19559,153648,0
27697,66275,132516,0
27698,12811,107310,0
27699,97173,55486,0
27700,64041,41784,0
27701,104804,141429,0
27702,97494,129623,0
27703,104368,94683,0
27704,3463,126139,0
27705,121460,76672,0
27706,27576,106318,0
27707,135632,129021,0
27708,13656,124304,0
27709,28396,113907,0
27710,93903,125700,0
27711,82196,119426,0
27712,131005,63964,0
27713,53421,30014,0
27714,14332,31729,0
27715,130841,72415,0
27716,92158,64464,0
27717,61831,3601,0
27718,110912,58060,0
27719,16823,28045,0
27720,131639,29668,0
27721,41667,15589,0
27722,51232,125262,0
27723,55846,93521,0
27724,24245,109119,0
27725,49658,88595,0
27726,69013,94004,0
27727,143362,72863,0
27728,27038,150367,0
27729,105037,30734,0
27730,135436,60866,0
27731,27986,139816,0
27732,58087,140883,0
27733,86490,128335,0
27734,58485,6077,0
27735,61383,126506,0
27736,116076,109557,0
27737,28969,100127,0
27738,111013,100014,0
27739,62071,79132,0
27740,40415,109517,0
27741,45225,1107,0
27742,56607,98523,0
27743,8096,31173,0
27744,65887,127418,0
27745,103712,71774,0
27746,97208,151911,0
27747,112332,49300,0
27748,66437,64032,0
27749,87543,28472,0
27750,64790,40343,0
27751,35226,25595,0
27752,123534,21400,0
27753,105355,75913,0
27754,15218,65081,0
27755,8931,113021,0
27756,101011,98113,0
27757,21565,99466,0
27758,92039,128141,0
27759,38604,142636,0
27760,85475,86756,0
27761,82933,51288,0
27762,7239,83663,0
27763,41245,107959,0
27764,85147,66303,0
27765,64704,145679,0
27766,138219,10768,0
27767,16511,6483,0
27768,104697,122755,0
27769,7747,150821,0
27770,3366,39424,0
27771,75455,110772,0
27772,42337,130261,0
27773,118172,119095,0
27774,6778,148910,0
27775,44061,16187,0
27776,60136,11838,0
27777,120779,126979,0
27778,25581,142791,0
27779,18229,96088,0
27780,44389,88447,0
27781,75424,13764,0
27782,52966,123399,0
27783,136180,74395,0
27784,109256,113357,0
27785,46407,100683,0
27786,2237,59857,0
27787,47097,139821,0
27788,144277,8802,0
27789,33576,143354,0
27790,85983,62288,0
27791,103926,112455,0
27792,49046,33906,0
27793,147536,48227,0
27794,70258,6740,0
27795,55375,38161,0
27796,115297,74425,0
27797,126254,48227,0
27798,145371,92695,0
27799,107183,18199,0
27800,50880,101403,0
27801,67698,113837,0
27802,143374,53454,0
27803,9309,112552,0
27804,45699,119235,0
27805,129339,89847,0
27806,87069,92417,0
27807,11704,423,0
27808,55564,12118,0
27809,110477,108183,0
27810,51625,127786,0
27811,89352,4670,0
27812,101489,133599,0
27813,39904,46159,0
27814,132695,98311,0
27815,126215,4932,0
27816,108895,85226,0
27817,15769,52645,0
27818,91741,80333,0
27819,71786,5105,0
27820,138140,17894,0
27821,129534,114778,0
27822,75345,108663,0
27823,30684,154007,0
27824,92556,74203,0
27825,141661,22020,0
27826,105104,4465,0
27827,58366,63306,0
27828,148920,95031,0
27829,128686,43995,0
27830,138680,135339,0
27831,25911,78634,0
27832,132829,4293,0
27833,33946,103955,0
27834,129437,703,0
27835,71701,21322,0
27836,57325,12648,0
27837,86149,118477,0
27838,49617,129123,0
27839,70063,71722,0
27840,150128,2387,0
27841,42904,27176,0
27842,129822,95532,0
27843,29829,34969,0
27844,27994,55094,0
27845,58199,152611,0
27846,59247,16436,0
27847,119183,8053,0
27848,81534,33905,0
27849,120758,65938,0
27850,59,2633,0
27851,83748,126169,0
27852,142341,36833,0
27853,78528,10861,0
27854,33708,57117,0
27855,81943,46609,0
27856,49404,17897,0
27857,3527,45393,0
27858,95458,27384,0
27859,113337,114384,0
27860,115905,154688,0
27861,24399,98700,0
27862,30250,74251,0
27863,59070,107770,0
27864,94994,40691,0
27865,18373,144175,0
27866,27780,82700,0
27867,113005,104532,0
27868,70647,24444,0
27869,3041,151278,0
27870,138824,138886,0
27871,123062,30138,0
27872,83541,71168,0
27873,22745,11166,0
27874,24746,26995,0
27875,120147,56645,0
27876,40424,60324,0
27877,7474,144834,0
27878,54247,14108,0
27879,4219,151213,0
27880,120579,43227,0
27881,39427,59882,0
27882,69009,154653,0
27883,91864,64411,0
27884,47371,74829,0
27885,17807,142826,0
27886,95312,58767,0
27887,83701,88163,0
27888,88341,97738,0
27889,14047,33910,0
27890,113714,143719,0
27891,74954,101499,0
27892,81246,6050,0
27893,48150,145802,0
27894,120501,4798,0
27895,2017,44558,0
27896,107626,56051,0
27897,43340,77522,0
27898,61736,70261,0
27899,22553,9043,0
27900,59396,65243,0
27901,4378,105012,0
27902,101569,145459,0
27903,86856,114288,0
27904,42374,42154,0
27905,68890,67453,0
27906,93848,4025,0
27907,139020,50119,0
27908,68682,98663,0
27909,128571,80264,0
27910,77430,1003,0
27911,70970,8233,0
27912,31541,114309,0
27913,24085,9237,0
27914,149019,39910,0
27915,40309,12041,0
27916,7070,145688,0
27917,9729,64687,0
27918,133846,15004,0
27919,122983,97632,0
27920,76653,132042,0
27921,101472,145229,0
27922,151754,77411,0
27923,108838,24438,0
27924,28752,33836,0
27925,68874,98757,0
27926,128062,76811,0
27927,45769,149650,0
27928,1876,115199,0
27929,17253,33112,0
27930,42379,43167,0
27931,69024,23018,0
27932,14314,60031,0
27933,12900,49738,0
27934,131725,6571,0
27935,153127,135246,0
27936,12896,58746,0
27937,138995,67956,0
27938,27581,34222,0
27939,110613,96408,0
27940,18298,87811,0
27941,66130,848,0
27942,114594,7231,0
27943,140246,119963,0
27944,75115,22655,0
27945,19855,76736,0
27946,90834,124017,0
27947,107878,56082,0
27948,92515,20744,0
27949,34928,115161,0
27950,68820,134602,0
27951,140781,12105,0
27952,48787,121614,0
27953,93965,17060,0
27954,84757,132580,0
27955,36529,52891,0
27956,114170,46992,0
27957,55219,84985,0
27958,41409,133198,0
27959,124091,108576,0
27960,60897,56066,0
27961,16114,55456,0
27962,91604,114760,0
27963,38098,23077,0
27964,131552,104692,0
27965,68108,80367,0
27966,128300,148499,0
27967,72287,2349,0
27968,99662,8232,0
27969,118904,20388,0
27970,53754,117903,0
27971,28163,66160,0
27972,84325,86293,0
27973,51259,63615,0
27974,14967,19470,0
27975,113248,126574,0
27976,11690,12035,0
27977,79714,11298,0
27978,20433,88984,0
27979,12646,949,0
27980,118253,83493,0
27981,50297,76939,0
27982,30824,44403,0
27983,101614,73003,0
27984,15142,138291,0
27985,8130,140104,0
27986,81153,139757,0
27987,115555,39424,0
27988,76369,45489,0
27989,19910,30980,0
27990,9071,12431,0
27991,4401,6563,0
27992,33020,123341,0
27993,43432,2797,0
27994,102668,92922,0
27995,154833,105164,0
27996,73524,38212,0
27997,28722,73672,0
27998,77129,50248,0
27999,112092,50821,0
28000,112918,107551,0
28001,56410,97517,0
28002,55698,81867,0
28003,148249,54732,0
28004,48301,75145,0
28005,100000,24032,0
28006,130145,74411,0
28007,42321,88001,0
28008,86177,106355,0
28009,34799,148146,0
28010,27102,91829,0
28011,39313,77577,0
28012,118681,68128,0
28013,109125,151959,0
28014,130436,104261,0
28015,93430,40471,0
28016,141657,113648,0
28017,144140,110210,0
28018,65669,83949,0
28019,153667,52730,0
28020,134891,23110,0
28021,76647,33965,0
28022,2225,11646,0
28023,7684,154931,0
28024,10618,66575,0
28025,11391,6649,0
28026,136892,143186,0
28027,109302,34938,0
28028,146595,15468,0
28029,9504,2160,0
28030,144898,27600,0
28031,148157,52381,0
28032,150765,45427,0
28033,121439,45414,0
28034,6721,124129,0
28035,117624,73095,0
28036,132019,54554,0
28037,129693,81963,0
28038,81075,58470,0
28039,93334,22539,0
28040,125217,102079,0
28041,36199,82104,0
28042,88723,139788,0
28043,142008,5433,0
28044,5445,24317,0
28045,123260,103953,0
28046,70027,43911,0
28047,112350,94449,0
28048,79784,54568,0
28049,80036,22924,0
28050,137725,53552,0
28051,83165,134635,0
28052,31084,57761,0
28053,106622,105367,0
28054,81093,90206,0
28055,85960,54821,0
28056,133035,119900,0
28057,15419,129294,0
28058,44977,152212,0
28059,10519,154055,0
28060,102511,51455,0
28061,133142,25440,0
28062,36513,72882,0
28063,54633,151958,0
28064,20490,107571,0
28065,150567,133592,0
28066,111139,271,0
28067,1746,42318,0
28068,15806,124491,0
28069,6093,43105,0
28070,44702,117510,0
28071,16284,116349,0
28072,152820,56064,0
28073,1411,128955,0
28074,25949,10453,0
28075,128392,24222,0
28076,16044,144605,0
28077,60321,108289,0
28078,22784,80976,0
28079,135426,3051,0
28080,120474,13500,0
28081,17927,78617,0
28082,6679,631,0
28083,107222,134015,0
28084,92117,138726,0
28085,81458,80316,0
28086,56267,74061,0
28087,20147,14047,0
28088,37758,36976,0
28089,126601,76015,0
28090,145644,113141,0
28091,121841,55480,0
28092,153108,68795,0
28093,94655,62895,0
28094,147425,25674,0
28095,55202,8023,0
28096,56530,153306,0
28097,129731,32662,0
28098,88802,20946,0
28099,96426,105039,0
28100,54443,119489,0
28101,144063,123018,0
28102,95240,46877,0
28103,112317,96949,0
28104,45707,44796,0
28105,30772,123943,0
28106,41494,46478,0
28107,17809,34732,0
28108,50962,57407,0
28109,27851,62423,0
28110,26859,96716,0
28111,118785,70689,0
28112,90477,50657,0
28113,144270,36095,0
28114,121407,80459,0
28115,145155,87276,0
28116,110561,15384,0
28117,126921,128676,0
28118,95937,45277,0
28119,85011,33660,0
28120,44346,152572,0
28121,73645,66015,0
28122,149034,108328,0
28123,129061,108447,0
28124,74066,131276,0
28125,98043,63018,0
28126,6869,43650,0
28127,7602,84390,0
28128,24452,10650,0
28129,21751,97552,0
28130,138659,75221,0
28131,77484,79323,0
28132,28360,114106,0
28133,102512,64261,0
28134,120138,64384,0
28135,133017,7725,0
28136,140487,73943,0
28137,152034,100412,0
28138,92482,129355,0
28139,137136,90520,0
28140,38030,79159,0
28141,29636,81842,0
28142,148290,104883,0
28143,90375,137614,0
28144,4668,56024,0
28145,61007,40681,0
28146,102436,18636,0
28147,39177,125666,0
28148,9784,20801,0
28149,25774,123768,0
28150,69536,60109,0
28151,92039,115911,0
28152,70614,112642,0
28153,28841,119681,0
28154,63059,152981,0
28155,53543,103129,0
28156,28223,122482,0
28157,13832,153217,0
28158,119343,78397,0
28159,11534,1006,0
28160,84215,3280,0
28161,101942,39017,0
28162,49998,33246,0
28163,79991,122933,0
28164,9393,100376,0
28165,66398,13743,0
28166,22794,77760,0
28167,52529,99957,0
28168,136479,30158,0
28169,16213,49748,0
28170,84540,37242,0
28171,93526,110006,0
28172,136966,40847,0
28173,124828,68214,0
28174,116738,3464,0
28175,73308,44955,0
28176,68334,154943,0
28177,149874,69626,0
28178,106645,81312,0
28179,133484,100192,0
28180,137264,144280,0
28181,55741,133942,0
28182,81938,6009,0
28183,95959,12997,0
28184,91674,11350,0
28185,92567,28395,0
28186,10840,144761,0
28187,46187,68414,0
28188,103847,23161,0
28189,142611,36458,0
28190,112971,115539,0
28191,129580,57885,0
28192,55599,94997,0
28193,77664,69017,0
28194,16223,18002,0
28195,127047,116848,0
28196,142767,143186,0
28197,87284,93439,0
28198,152124,61818,0
28199,429,108658,0
28200,52411,102268,0
28201,98098,120073,0
28202,68396,68873,0
28203,27130,153057,0
28204,113176,92309,0
28205,138056,38120,0
28206,66882,66433,0
28207,15426,153218,0
28208,15453,93283,0
28209,50466,145704,0
28210,131616,111979,0
28211,149315,62596,0
28212,107321,106751,0
28213,41170,26967,0
28214,37929,465,0
28215,154031,144247,0
28216,100908,33133,0
28217,83533,134096,0
28218,119519,80572,0
28219,70696,20248,0
28220,12,3402,0
28221,56688,72267,0
28222,146192,132181,0
28223,17324,134817,0
28224,9401,54679,0
28225,53411,148007,0
28226,153615,90431,0
28227,34552,8085,0
28228,56326,69619,0
28229,675,79526,0
28230,80943,17364,0
28231,153946,11254,0
28232,90243,80895,0
28233,94918,152138,0
28234,135975,16109,0
28235,5059,59388,0
28236,3795,34244,0
28237,118019,15832,0
28238,31077,92915,0
28239,149393,85944,0
28240,96965,44955,0
28241,94663,80860,0
28242,20644,64316,0
28243,7942,130833,0
28244,38570,70149,0
28245,129189,65762,0
28246,46788,134792,0
28247,54445,25174,0
28248,100946,29253,0
28249,67503,8207,0
28250,148820,127392,0
28251,19972,93254,0
28252,74363,67828,0
28253,102200,52734,0
28254,74387,47741,0
28255,137704,87951,0
28256,113540,4558,0
28257,115293,31964,0
28258,17442,3731,0
28259,30476,28235,0
28260,56148,45978,0
28261,10952,149032,0
28262,52441,114662,0
28263,25758,62174,0
28264,52972,134197,0
28265,18282,107013,0
28266,80430,137807,0
28267,132212,92387,0
28268,132429,133751,0
28269,22821,53423,0
28270,133970,62938,0
28271,18857,30042,0
28272,138686,25145,0
28273,139224,43028,0
28274,147019,95381,0
28275,63662,120028,0
28276,143007,128468,0
28277,1867,45906,0
28278,10257,143614,0
28279,149384,26403,0
28280,110394,144234,0
28281,97649,107144,0
28282,54774,106331,0
28283,136094,74308,0
28284,75840,43875,0
28285,145501,94227,0
28286,81425,69432,0
28287,128030,129599,0
28288,26397,96828,0
28289,33803,10218,0
28290,59630,146730,0
28291,89752,114956,0
28292,75247,14655,0
28293,146119,132950,0
28294,25698,41232,0
28295,130226,18516,0
28296,117471,22114,0
28297,67219,147416,0
28298,140118,98721,0
28299,20980,29453,0
28300,28435,132043,0
28301,63224,81158,0
28302,137450,84849,0
28303,108159,94200,0
28304,131676,154351,0
28305,24505,92903,0
28306,3118,147233,0
28307,87069,150025,0
28308,45887,115423,0
28309,26193,78207,0
28310,126067,10717,0
28311,154946,139996,0
28312,12597,90338,0
28313,47098,104275,0
28314,130200,146088,0
28315,148976,3715,0
28316,14644,56010,0
28317,58568,19411,0
28318,93786,143214,0
28319,72344,34002,0
28320,85565,16453,0
28321,41455,69015,0
28322,149882,154049,0
28323,98009,72061,0
28324,42019,140177,0
28325,113556,12802,0
28326,132240,142944,0
28327,105426,9705,0
28328,16519,104506,0
28329,130855,88305,0
28330,77694,76121,0
28331,115102,60861,0
28332,96509,65337,0
28333,20670,53889,0
28334,98720,85878,0
28335,85175,95902,0
28336,32904,130910,0
28337,68025,79633,0
28338,37200,22571,0
28339,6236,9947,0
28340,42200,122284,0
28341,134615,134811,0
28342,78449,57964,0
28343,2060,94351,0
28344,72485,66619,0
28345,91054,5234,0
28346,21968,92352,0
28347,108508,32727,0
28348,91036,51805,0
28349,68579,50784,0
28350,110526,85091,0
28351,150357,17988,0
28352,54876,145340,0
28353,104517,154060,0
28354,83262,32207,0
28355,149198,36813,0
28356,123298,73853,0
28357,125129,73731,0
28358,55196,10951,0
28359,94558,131236,0
28360,32186,54526,0
28361,116300,71358,0
28362,65583,126947,0
28363,137677,35583,0
28364,151051,74581,0
28365,50983,60484,0
28366,15508,132481,0
28367,140542,74772,0
28368,24613,12365,0
28369,89622,119807,0
28370,21370,43042,0
28371,151764,122790,0
28372,46587,139154,0
28373,124034,55662,0
28374,134108,122001,0
28375,150419,31322,0
28376,7864,72480,0
28377,144142,149775,0
28378,146240,46090,0
28379,74559,148443,0
28380,85958,65003,0
28381,93316,131841,0
28382,2356,122060,0
28383,51329,78640,0
28384,34950,100934,0
28385,110700,96371,0
28386,4489,103012,0
28387,140805,89486,0
28388,24218,68999,0
28389,103078,131927,0
28390,3178,62214,0
28391,87817,121640,0
28392,152176,125554,0
28393,53160,19089,0
28394,46495,31289,0
28395,57293,7524,0
28396,129646,47099,0
28397,51064,12888,0
28398,97133,23754,0
28399,77597,88052,0
28400,11992,80519,0
28401,92405,125054,0
28402,142968,130890,0
28403,64219,33956,0
28404,52911,68024,0
28405,53817,13982,0
28406,14723,71487,0
28407,130327,18050,0
28408,129348,21845,0
28409,141142,119853,0
28410,31708,105449,0
28411,135532,34234,0
28412,143031,100613,0
28413,49020,69781,0
28414,24240,101368,0
28415,16342,86120,0
28416,101450,91653,0
28417,86947,139069,0
28418,82872,7024,0
28419,129731,140252,0
28420,17803,72947,0
28421,51523,151674,0
28422,38507,37372,0
28423,74924,149927,0
28424,124362,75348,0
28425,53218,67373,0
28426,104918,125524,0
28427,93185,70492,0
28428,62036,135336,0
28429,152906,119597,0
28430,90019,63517,0
28431,35961,45034,0
28432,110561,106842,0
28433,56763,108938,0
28434,2859,2173,0
28435,63058,139541,0
28436,120711,99630,0
28437,69171,2750,0
28438,123144,57620,0
28439,149864,108048,0
28440,51442,42389,0
28441,44954,105521,0
28442,10864,135675,0
28443,27262,23341,0
28444,99390,24403,0
28445,54760,112007,0
28446,4296,9339,0
28447,67203,118705,0
28448,129083,153573,0
28449,136156,86139,0
28450,30640,76359,0
28451,50149,46078,0
28452,100146,13629,0
28453,56585,119221,0
28454,129906,51814,0
28455,125722,45808,0
28456,63463,24212,0
28457,126116,20114,0
28458,55,48550,0
28459,135768,101234,0
28460,70996,152735,0
28461,103542,36979,0
28462,53349,57807,0
28463,96142,51623,0
28464,103473,56836,0
28465,112631,154931,0
28466,146425,57437,0
28467,150727,95705,0
28468,48828,22746,0
28469,13643,77667,0
28470,4176,119872,0
28471,6849,25194,0
28472,147279,83129,0
28473,110150,121442,0
28474,35335,111475,0
28475,9392,125538,0
28476,108427,128244,0
28477,57488,58587,0
28478,122857,42478,0
28479,135975,152960,0
28480,43777,51672,0
28481,145648,25825,0
28482,40846,139776,0
28483,140722,54451,0
28484,86044,113184,0
28485,115438,42572,0
28486,154841,119685,0
28487,26994,73454,0
28488,26168,131908,0
28489,14699,147999,0
28490,124470,28968,0
28491,15413,77930,0
28492,70681,134480,0
28493,36284,58113,0
28494,132231,88896,0
28495,38148,90103,0
28496,71882,79009,0
28497,30312,71806,0
28498,42295,4636,0
28499,133736,85259,0
28500,73528,119221,0
28501,93702,109555,0
28502,132913,145888,0
28503,40282,98712,0
28504,27482,71729,0
28505,72742,103627,0
28506,18619,29256,0
28507,42379,48624,0
28508,91483,10051,0
28509,63191,96673,0
28510,47803,139993,0
28511,88124,33097,0
28512,113722,7294,0
28513,33525,77094,0
28514,10164,131353,0
28515,21520,133787,0
28516,27508,60382,0
28517,52325,57198,0
28518,11969,3737,0
28519,37233,108171,0
28520,29131,105872,0
28521,33262,135403,0
28522,62344,28590,0
28523,39191,45637,0
28524,141211,88969,0
28525,150259,59551,0
28526,17382,116827,0
28527,148424,51143,0
28528,94706,53077,0
28529,33799,56611,0
28530,13953,83492,0
28531,115188,58820,0
28532,67348,128313,0
28533,4415,75240,0
28534,1206,102625,0
28535,6760,114944,0
28536,2227,66470,0
28537,43512,133396,0
28538,67756,129045,0
28539,27910,84441,0
28540,142802,48532,0
28541,58055,10,0
28542,74062,22943,0
28543,123087,152763,0
28544,93513,114955,0
28545,100890,95904,0
28546,44501,51835,0
28547,92673,139256,0
28548,8159,124493,0
28549,63043,14007,0
28550,112422,102053,0
28551,81792,54882,0
28552,88150,51920,0
28553,147451,22861,0
28554,96227,87890,0
28555,44450,5621,0
28556,2036,64660,0
28557,55356,61960,0
28558,65526,138572,0
28559,55503,107661,0
28560,30818,81523,0
28561,95404,41659,0
28562,120996,123769,0
28563,32742,77874,0
28564,147288,5370,0
28565,49131,115682,0
28566,133778,75806,0
28567,57248,66668,0
28568,119717,11809,0
28569,81738,3573,0
28570,14718,125107,0
28571,143933,55929,0
28572,93505,60740,0
28573,133698,28181,0
28574,23279,136089,0
28575,45040,150574,0
28576,132620,93452,0
28577,92109,127370,0
28578,32788,122723,0
28579,85874,150032,0
28580,113126,53157,0
28581,132829,91735,0
28582,7686,82798,0
28583,127961,63935,0
28584,9844,11445,0
28585,42472,98806,0
28586,53801,8687,0
28587,83179,93151,0
28588,26406,12202,0
28589,112770,119741,0
28590,42980,140432,0
28591,91867,2864,0
28592,26647,113051,0
28593,148901,66466,0
28594,85407,119002,0
28595,129925,110184,0
28596,84775,130242,0
28597,82850,58251,0
28598,54255,83500,0
28599,94299,106637,0
28600,75910,11441,0
28601,71881,4146,0
28602,45594,26959,0
28603,27598,58514,0
28604,29402,88477,0
28605,56539,109301,0
28606,111512,3756,0
28607,5975,37397,0
28608,30103,25608,0
28609,116681,51492,0
28610,61013,127617,0
28611,106077,63542,0
28612,146646,73810,0
28613,29083,35340,0
28614,29920,27283,0
28615,46168,13550,0
28616,128077,4646,0
28617,100038,52709,0
28618,76830,119161,0
28619,152851,62831,0
28620,109142,137291,0
28621,62137,90884,0
28622,75386,76382,0
28623,151487,13249,0
28624,14552,23834,0
28625,19873,114854,0
28626,123015,69114,0
28627,133182,135927,0
28628,151148,70232,0
28629,121017,42591,0
28630,57158,48177,0
28631,13878,42789,0
28632,118871,114836,0
28633,25097,113770,0
28634,73396,90173,0
28635,75809,50531,0
28636,12151,15655,0
28637,85997,106066,0
28638,148816,136711,0
28639,155075,44432,0
28640,130014,129851,0
28641,55236,43600,0
28642,15661,100638,0
28643,149655,118648,0
28644,86383,38740,0
28645,140396,6844,0
28646,15417,42769,0
28647,20651,63232,0
28648,46902,7364,0
28649,9489,64971,0
28650,141588,22820,0
28651,83299,19239,0
28652,89532,14031,0
28653,26792,150312,0
28654,99275,72499,0
28655,15506,102148,0
28656,74765,85945,0
28657,42386,8070,0
28658,136999,69596,0
28659,144231,113964,0
28660,101270,130960,0
28661,8238,91728,0
28662,42047,85191,0
28663,1310,127278,0
28664,58823,48244,0
28665,23592,119265,0
28666,30403,94438,0
28667,1468,82175,0
28668,73712,36886,0
28669,109102,64175,0
28670,29975,55549,0
28671,145042,102391,0
28672,86566,92567,0
28673,28722,52194,0
28674,36961,28564,0
28675,133059,35922,0
28676,23638,61039,0
28677,88660,67283,0
28678,86185,16452,0
28679,106602,67060,0
28680,12276,98649,0
28681,144780,58574,0
28682,45785,19482,0
28683,46709,149476,0
28684,15125,21265,0
28685,134105,126125,0
28686,26371,143381,0
28687,94390,124079,0
28688,18598,58245,0
28689,37380,5415,0
28690,107645,105472,0
28691,72628,4760,0
28692,109896,3222,0
28693,148336,41452,0
28694,53800,36075,0
28695,69051,59591,0
28696,14602,103618,0
28697,23685,140824,0
28698,123313,110937,0
28699,3015,95683,0
28700,60940,83171,0
28701,138609,118593,0
28702,30818,47155,0
28703,148730,68651,0
28704,7653,57807,0
28705,9048,36964,0
28706,81404,23525,0
28707,57742,118389,0
28708,36245,25182,0
28709,52065,24008,0
28710,96685,115598,0
28711,71340,107307,0
28712,139908,36748,0
28713,108686,64657,0
28714,23186,74461,0
28715,40239,75879,0
28716,56057,77102,0
28717,74216,93454,0
28718,146759,29834,0
28719,13918,20931,0
28720,47101,56915,0
28721,83908,50700,0
28722,39408,141775,0
28723,138546,64916,0
28724,41489,21898,0
28725,17172,124955,0
28726,120150,69354,0
28727,28646,123365,0
28728,15877,112996,0
28729,10920,106381,0
28730,90145,84066,0
28731,61063,53717,0
28732,119139,26394,0
28733,58529,37895,0
28734,107709,145859,0
28735,154138,67283,0
28736,154807,50587,0
28737,30095,119787,0
28738,142730,59342,0
28739,20285,154802,0
28740,48759,63830,0
28741,80227,135792,0
28742,35238,66345,0
28743,97481,80631,0
28744,51679,115631,0
28745,87144,82898,0
28746,102161,76270,0
28747,58494,146243,0
28748,154896,25219,0
28749,34084,57240,0
28750,31827,124323,0
28751,88739,130720,0
28752,139044,41987,0
28753,109621,111294,0
28754,69422,67258,0
28755,55569,93169,0
28756,29314,79317,0
28757,55692,101098,0
28758,13827,114724,0
28759,1130,18451,0
28760,114884,102585,0
28761,12525,38433,0
28762,137250,86913,0
28763,118340,9826,0
28764,43833,132896,0
28765,122084,46117,0
28766,36213,86450,0
28767,58760,87479,0
28768,153941,112974,0
28769,1433,377,0
28770,6660,83757,0
28771,81022,29970,0
28772,150313,49451,0
28773,110072,34655,0
28774,117884,25506,0
28775,30110,120800,0
28776,50293,86899,0
28777,145782,83754,0
28778,141520,126379,0
28779,47658,105584,0
28780,46981,100519,0
28781,7732,86236,0
28782,111575,100095,0
28783,106409,122361,0
28784,38574,22483,0
28785,134177,56788,0
28786,138066,130955,0
28787,61958,41163,0
28788,78659,79232,0
28789,2586,131235,0
28790,111004,121765,0
28791,41237,107899,0
28792,21520,115212,0
28793,16850,126710,0
28794,56849,143880,0
28795,92637,14238,0
28796,70644,145266,0
28797,111025,18631,0
28798,113652,152465,0
28799,150749,126541,0
28800,143712,46780,0
28801,9882,132445,0
28802,39961,68674,0
28803,53239,55124,0
28804,68885,36521,0
28805,59288,104097,0
28806,72854,65627,0
28807,55236,83310,0
28808,144288,31513,0
28809,107216,113901,0
28810,137721,56997,0
28811,69607,49896,0
28812,111800,138653,0
28813,150452,123626,0
28814,80235,38826,0
28815,148236,84059,0
28816,106195,20485,0
28817,113495,19708,0
28818,6854,5902,0
28819,103809,48846,0
28820,144021,28571,0
28821,64185,15556,0
28822,19301,5107,0
28823,117251,134226,0
28824,18260,48198,0
28825,16047,64207,0
28826,72873,119036,0
28827,141913,20855,0
28828,17408,18605,0
28829,5082,57077,0
28830,33112,14367,0
28831,36412,33105,0
28832,9416,52809,0
28833,108840,72406,0
28834,56440,4841,0
28835,145661,119617,0
28836,86132,16712,0
28837,101886,38291,0
28838,135599,95998,0
28839,136228,154911,0
28840,114998,3778,0
28841,66887,50691,0
28842,151159,26163,0
28843,136497,48601,0
28844,144047,20019,0
28845,128527,77743,0
28846,55979,69010,0
28847,60378,93361,0
28848,49749,84730,0
28849,129061,62556,0
28850,96816,79557,0
28851,52944,75172,0
28852,95494,81224,0
28853,51485,60740,0
28854,7061,4914,0
28855,43408,57871,0
28856,130816,48702,0
28857,147689,31751,0
28858,14322,105542,0
28859,150294,87417,0
28860,53729,63689,0
28861,64245,120017,0
28862,87498,142221,0
28863,48859,18923,0
28864,145732,50087,0
28865,80861,30484,0
28866,10928,83242,0
28867,113702,140753,0
28868,20242,139579,0
28869,81932,12867,0
28870,70215,40556,0
28871,127257,96601,0
28872,29973,23075,0
28873,68228,53993,0
28874,69029,111748,0
28875,14427,64652,0
28876,118443,45662,0
28877,772,144017,0
28878,96555,85883,0
28879,144169,96208,0
28880,44166,1097,0
28881,99870,100784,0
28882,92553,34015,0
28883,115284,61806,0
28884,44339,18834,0
28885,66181,110577,0
28886,87354,148250,0
28887,115410,152730,0
28888,78988,27688,0
28889,93876,13646,0
28890,77360,73082,0
28891,73188,76419,0
28892,51330,44792,0
28893,96219,88158,0
28894,13488,19147,0
28895,47592,56769,0
28896,110819,97910,0
28897,110964,120533,0
28898,151830,111457,0
28899,115426,11823,0
28900,95202,123716,0
28901,114070,87247,0
28902,150243,79340,0
28903,40330,78241,0
28904,77666,45621,0
28905,150059,66266,0
28906,104776,139237,0
28907,93752,26236,0
28908,115895,24186,0
28909,35102,32899,0
28910,47706,90704,0
28911,21839,60509,0
28912,144488,103884,0
28913,107164,62749,0
28914,14322,152630,0
28915,117726,35228,0
28916,74990,14921,0
28917,73760,9562,0
28918,141211,102199,0
28919,1337,44856,0
28920,66814,109130,0
28921,149699,92746,0
28922,148103,128115,0
28923,100304,81247,0
28924,144303,59136,0
28925,43513,103031,0
28926,69612,115558,0
28927,66677,117979,0
28928,117126,153696,0
28929,65455,44341,0
28930,19060,84574,0
28931,102549,139895,0
28932,150059,85839,0
28933,9117,14423,0
28934,23895,131212,0
28935,118717,123747,0
28936,77530,133619,0
28937,131278,69436,0
28938,69938,124535,0
28939,43873,75157,0
28940,1240,134973,0
28941,458,90259,0
28942,20973,50874,0
28943,63685,33130,0
28944,62389,98451,0
28945,88553,16103,0
28946,124525,60114,0
28947,85566,68948,0
28948,32253,116801,0
28949,71088,11584,0
28950,126287,100210,0
28951,91245,151586,0
28952,148809,123683,0
28953,46333,111796,0
28954,145535,54790,0
28955,136120,141098,0
28956,92213,51337,0
28957,98961,35612,0
28958,20646,119568,0
28959,104705,13037,0
28960,106915,69725,0
28961,73386,77948,0
28962,30819,13567,0
28963,92478,60479,0
28964,590,86044,0
28965,29715,23926,0
28966,87680,142286,0
28967,70882,44159,0
28968,8559,72388,0
28969,8102,100151,0
28970,25341,57220,0
28971,135334,2856,0
28972,34878,2724,0
28973,2366,73277,0
28974,146345,71729,0
28975,101178,56363,0
28976,131546,82171,0
28977,148536,137525,0
28978,4786,80039,0
28979,144745,9944,0
28980,73726,10218,0
28981,113912,138400,0
28982,94215,13071,0
28983,32964,138603,0
28984,1450,15510,0
28985,100398,7945,0
28986,142273,75961,0
28987,65811,104565,0
28988,73352,96719,0
28989,50051,33756,0
28990,133161,95636,0
28991,46603,85209,0
28992,102102,3813,0
28993,143050,132873,0
28994,70956,77383,0
28995,18,136383,0
28996,52149,63421,0
28997,126415,77679,0
28998,72963,31773,0
28999,152192,121390,0
29000,26239,131060,0
29001,1064,24014,0
29002,87918,146798,0
29003,74358,15519,0
29004,132789,124511,0
29005,1168,16873,0
29006,152059,88923,0
29007,101130,144909,0
29008,71844,153020,0
29009,113898,26802,0
29010,112835,88870,0
29011,69334,19381,0
29012,77555,148445,0
29013,9111,96942,0
29014,147959,89639,0
29015,118624,56147,0
29016,51988,141319,0
29017,108907,146695,0
29018,16583,38609,0
29019,39780,61635,0
29020,46053,125644,0
29021,59674,56838,0
29022,33699,53522,0
29023,19250,132270,0
29024,3760,118859,0
29025,15689,33590,0
29026,119399,131300,0
29027,40821,88536,0
29028,149567,26707,0
29029,37652,146899,0
29030,30570,126033,0
29031,43302,67454,0
29032,80298,58314,0
29033,141767,127564,0
29034,118379,117286,0
29035,38069,142929,0
29036,115308,5359,0
29037,85373,102147,0
29038,15896,119098,0
29039,58079,134982,0
29040,97319,100785,0
29041,13034,35305,0
29042,51429,43139,0
29043,306,145748,0
29044,44066,92317,0
29045,13655,28598,0
29046,53631,128244,0
29047,104804,2095,0
29048,115928,31943,0
29049,22507,85303,0
29050,64991,70227,0
29051,13229,114992,0
29052,24609,149572,0
29053,75081,154173,0
29054,81775,84677,0
29055,109752,22930,0
29056,50344,2662,0
29057,83962,65428,0
29058,142137,76693,0
29059,50036,33943,0
29060,108851,88503,0
29061,140180,12017,0
29062,68529,45747,0
29063,127675,79990,0
29064,150631,99133,0
29065,123980,96265,0
29066,75736,68302,0
29067,150313,17188,0
29068,57499,28525,0
29069,50771,116578,0
29070,82719,89994,0
29071,58721,96358,0
29072,50882,38562,0
29073,56866,117985,0
29074,90544,142389,0
29075,154241,80486,0
29076,88501,111144,0
29077,62735,132090,0
29078,152820,144397,0
29079,154625,129601,0
29080,55844,25090,0
29081,14615,37553,0
29082,88064,100189,0
29083,38788,12127,0
29084,29180,114483,0
29085,128007,88067,0
29086,126467,21297,0
29087,80176,20059,0
29088,143579,88113,0
29089,46027,120313,0
29090,108588,117293,0
29091,54918,74824,0
29092,48858,83435,0
29093,132231,95123,0
29094,39907,82070,0
29095,150564,136846,0
29096,120766,24629,0
29097,102055,54194,0
29098,4308,57373,0
29099,118419,42093,0
29100,74560,39345,0
29101,14270,56484,0
29102,103969,31098,0
29103,143540,133065,0
29104,69923,77488,0
29105,84710,34025,0
29106,140845,80866,0
29107,41875,15151,0
29108,30283,107935,0
29109,73953,74234,0
29110,95294,114817,0
29111,38938,55001,0
29112,64284,24470,0
29113,62815,21271,0
29114,134987,98812,0
29115,66609,99452,0
29116,146457,27040,0
29117,53057,51035,0
29118,113587,148223,0
29119,41065,54827,0
29120,104300,126870,0
29121,120693,92795,0
29122,16671,61192,0
29123,74412,151639,0
29124,118224,151493,0
29125,109170,8016,0
29126,133382,134992,0
29127,101263,58352,0
29128,87220,81056,0
29129,83447,64187,0
29130,112002,107982,0
29131,127517,5066,0
29132,55126,91265,0
29133,43296,153751,0
29134,130212,109582,0
29135,32357,40146,0
29136,42401,32227,0
29137,98108,40377,0
29138,61066,2216,0
29139,20864,151234,0
29140,147131,35185,0
29141,25609,67585,0
29142,112875,118888,0
29143,65404,68013,0
29144,97099,145372,0
29145,14383,145049,0
29146,51145,36168,0
29147,74096,22488,0
29148,31469,105232,0
29149,114175,76267,0
29150,145197,106501,0
29151,116620,57307,0
29152,7770,1743,0
29153,45278,147132,0
29154,66857,134332,0
29155,138586,122996,0
29156,120589,154515,0
29157,36338,46025,0
29158,31949,11823,0
29159,115459,47593,0
29160,3410,28737,0
29161,61232,44707,0
29162,11233,149682,0
29163,137878,130551,0
29164,126626,59387,0
29165,133106,10960,0
29166,40244,145220,0
29167,6034,56414,0
29168,44080,139084,0
29169,2509,125705,0
29170,120076,136209,0
29171,139258,23654,0
29172,122503,133613,0
29173,11527,102882,0
29174,120834,138532,0
29175,154135,13492,0
29176,40813,95200,0
29177,83184,3356,0
29178,110919,77562,0
29179,16441,23267,0
29180,4295,93968,0
29181,22212,114364,0
29182,125508,129568,0
29183,90997,44222,0
29184,40163,133035,0
29185,33525,99778,0
29186,4683,1437,0
29187,114987,99279,0
29188,114048,148204,0
29189,122202,48760,0
29190,143591,12354,0
29191,2011,26850,0
29192,127654,152151,0
29193,18770,105421,0
29194,76324,17393,0
29195,69880,151229,0
29196,97701,36664,0
29197,89604,127582,0
29198,87221,64126,0
29199,35173,18213,0
29200,129062,152382,0
29201,31633,12060,0
29202,133872,113635,0
29203,106319,114862,0
29204,83908,123991,0
29205,120423,149755,0
29206,13205,34059,0
29207,121133,30861,0
29208,48558,16271,0
29209,46394,91405,0
29210,86374,5616,0
29211,60160,119936,0
29212,80929,42452,0
29213,70985,118430,0
29214,20310,3876,0
29215,61007,101607,0
29216,82456,31451,0
29217,63820,33353,0
29218,128704,72320,0
29219,154455,104713,0
29220,100381,84913,0
29221,39170,140774,0
29222,19612,86287,0
29223,43871,76235,0
29224,53301,52611,0
29225,58307,32008,0
29226,134071,17501,0
29227,38116,101364,0
29228,107439,102327,0
29229,775,61710,0
29230,109529,146955,0
29231,138750,87307,0
29232,18577,27520,0
29233,44841,60558,0
29234,49887,50316,0
29235,9491,52390,0
29236,85715,19535,0
29237,130578,1322,0
29238,31389,94650,0
29239,5015,90747,0
29240,140192,42751,0
29241,49000,113914,0
29242,35287,34262,0
29243,58725,124025,0
29244,46748,2193,0
29245,93001,126683,0
29246,110353,40152,0
29247,123168,152429,0
29248,5519,13163,0
29249,146346,84245,0
29250,110677,39584,0
29251,29746,105028,0
29252,119132,36330,0
29253,24930,71586,0
29254,124829,70118,0
29255,21406,117681,0
29256,148207,108275,0
29257,121098,52084,0
29258,38837,110297,0
29259,46899,122761,0
29260,10487,125008,0
29261,13025,117597,0
29262,46347,102706,0
29263,25092,86663,0
29264,134597,110748,0
29265,34355,59054,0
29266,117544,114706,0
29267,108267,96846,0
29268,72897,26254,0
29269,117024,152575,0
29270,45689,21043,0
29271,97634,43753,0
29272,83216,49848,0
29273,150756,8205,0
29274,62474,69265,0
29275,20324,52955,0
29276,84362,77272,0
29277,2846,99378,0
29278,25933,87296,0
29279,33021,48138,0
29280,24632,91186,0
29281,11494,30936,0
29282,93334,44740,0
29283,92880,35000,0
29284,29738,82670,0
29285,78155,58800,0
29286,15375,41226,0
29287,151705,2284,0
29288,55362,84694,0
29289,20461,53853,0
29290,130377,81321,0
29291,65466,149458,0
29292,5459,137083,0
29293,43555,48051,0
29294,32793,95056,0
29295,58288,78133,0
29296,29644,86779,0
29297,112804,4479,0
29298,51413,89284,0
29299,119000,13089,0
29300,29642,71740,0
29301,43575,63095,0
29302,125274,138541,0
29303,70713,49361,0
29304,52140,44304,0
29305,40754,144600,0
29306,60470,151314,0
29307,102993,3851,0
29308,117179,70922,0
29309,21100,59269,0
29310,3437,21958,0
29311,71474,20781,0
29312,153311,59185,0
29313,130670,74558,0
29314,49092,126619,0
29315,62823,114348,0
29316,85316,56647,0
29317,16176,150125,0
29318,30554,94261,0
29319,71725,137381,0
29320,84998,124504,0
29321,109041,41556,0
29322,16979,106973,0
29323,110477,61432,0
29324,65914,88872,0
29325,111457,17092,0
29326,50806,23050,0
29327,29819,90574,0
29328,9558,104778,0
29329,60976,25613,0
29330,138230,130551,0
29331,128477,51636,0
29332,107790,76927,0
29333,122869,22503,0
29334,22070,153613,0
29335,131934,36467,0
29336,28486,113544,0
29337,47308,12300,0
29338,67346,138341,0
29339,132392,9681,0
29340,102474,142935,0
29341,47573,29094,0
29342,21766,117411,0
29343,92119,28431,0
29344,110740,28532,0
29345,96746,50606,0
29346,27682,860,0
29347,128519,67157,0
29348,107222,66685,0
29349,17993,87316,0
29350,72673,15686,0
29351,153254,64292,0
29352,125818,138377,0
29353,57399,34832,0
29354,76771,59648,0
29355,63720,86583,0
29356,72294,137427,0
29357,39009,142162,0
29358,127007,76784,0
29359,42523,14004,0
29360,29933,154501,0
29361,94832,89467,0
29362,114592,54748,0
29363,13347,78005,0
29364,92185,10485,0
29365,76340,141458,0
29366,94201,68486,0
29367,47450,118434,0
29368,69996,144020,0
29369,83638,3063,0
29370,131074,115086,0
29371,29238,110591,0
29372,44128,38378,0
29373,37288,110530,0
29374,87303,46306,0
29375,80553,43960,0
29376,56105,12547,0
29377,101252,93405,0
29378,128010,18895,0
29379,66405,54311,0
29380,70036,153063,0
29381,112595,18450,0
29382,60572,12403,0
29383,32004,135543,0
29384,135645,103453,0
29385,89175,5650,0
29386,20594,3592,0
29387,106251,19949,0
29388,70274,107781,0
29389,119132,52695,0
29390,84537,17931,0
29391,98050,134926,0
29392,150483,133136,0
29393,115886,107662,0
29394,143427,87513,0
29395,128708,23995,0
29396,29355,56476,0
29397,69858,63019,0
29398,68132,92498,0
29399,10402,140098,0
29400,47814,78913,0
29401,60674,118005,0
29402,96432,5151,0
29403,56326,24570,0
29404,138860,76325,0
29405,138205,142794,0
29406,2928,43157,0
29407,106835,25125,0
29408,95970,105197,0
29409,31916,151503,0
29410,17378,150682,0
29411,48214,94323,0
29412,39178,149455,0
29413,92491,15780,0
29414,16985,87121,0
29415,63022,94954,0
29416,147591,116267,0
29417,19348,94433,0
29418,84342,81535,0
29419,64561,41734,0
29420,136700,133351,0
29421,103169,73913,0
29422,50132,45888,0
29423,46268,83849,0
29424,108071,57344,0
29425,85858,119107,0
29426,38225,105175,0
29427,65133,36457,0
29428,120258,118442,0
29429,89452,109343,0
29430,92681,140101,0
29431,153756,26321,0
29432,53489,85322,0
29433,55148,77116,0
29434,31079,28183,0
29435,129040,124281,0
29436,74244,25197,0
29437,37735,23274,0
29438,80473,128028,0
29439,8317,22773,0
29440,58334,148752,0
29441,121530,46,0
29442,97789,109741,0
29443,145451,144739,0
29444,38626,121547,0
29445,38191,124269,0
29446,128466,41467,0
29447,125041,96291,0
29448,80876,54229,0
29449,34982,24208,0
29450,1354,153412,0
29451,111980,42010,0
29452,147394,114014,0
29453,76647,120769,0
29454,95539,68958,0
29455,10733,26935,0
29456,10529,81058,0
29457,50774,47247,0
29458,88427,86784,0
29459,7738,146195,0
29460,64168,41789,0
29461,90277,12607,0
29462,65329,95626,0
29463,83753,154937,0
29464,147945,153001,0
29465,136588,9730,0
29466,47885,94566,0
29467,122837,53771,0
29468,130371,103289,0
29469,141234,25317,0
29470,61860,34292,0
29471,120700,108241,0
29472,110717,13972,0
29473,103106,2215,0
29474,21154,100196,0
29475,106700,51198,0
29476,12212,114355,0
29477,152088,81016,0
29478,958,93441,0
29479,88277,100402,0
29480,109323,23750,0
29481,140676,106932,0
29482,9591,123713,0
29483,19071,43577,0
29484,16511,92597,0
29485,69240,75762,0
29486,48888,76202,0
29487,132930,30191,0
29488,88568,150703,0
29489,84145,111300,0
29490,56783,10210,0
29491,97659,126770,0
29492,76234,146509,0
29493,77707,38922,0
29494,39129,73180,0
29495,5090,115424,0
29496,144961,107384,0
29497,112731,49105,0
29498,50902,91064,0
29499,31754,140056,0
29500,11159,112459,0
29501,26706,119560,0
29502,77258,19260,0
29503,790,65703,0
29504,63489,45412,0
29505,93239,30764,0
29506,132517,118199,0
29507,99762,141871,0
29508,69337,116004,0
29509,146739,31298,0
29510,95456,37776,0
29511,42422,152718,0
29512,143263,62868,0
29513,127520,59602,0
29514,94028,137697,0
29515,93001,6785,0
29516,16697,82904,0
29517,82748,56129,0
29518,5765,146546,0
29519,80145,1410,0
29520,99480,51542,0
29521,10052,39431,0
29522,147197,104046,0
29523,73548,31361,0
29524,88556,111317,0
29525,24487,88563,0
29526,43929,49005,0
29527,52582,90797,0
29528,114405,83213,0
29529,146595,139983,0
29530,127698,29768,0
29531,55807,74787,0
29532,104285,29638,0
29533,99163,72840,0
29534,93298,149199,0
29535,2366,67991,0
29536,107339,50573,0
29537,50496,13214,0
29538,88749,93816,0
29539,52828,66857,0
29540,39244,67053,0
29541,56930,142400,0
29542,145059,84063,0
29543,12978,35013,0
29544,21316,84187,0
29545,145390,127159,0
29546,139560,38389,0
29547,142823,135107,0
29548,152180,26926,0
29549,96947,128838,0
29550,106215,25784,0
29551,1728,82268,0
29552,119913,49724,0
29553,35234,50024,0
29554,135434,85268,0
29555,19217,122445,0
29556,143254,78408,0
29557,151383,57122,0
29558,30811,143557,0
29559,92577,33978,0
29560,121201,71213,0
29561,129802,117160,0
29562,73151,100627,0
29563,52830,101867,0
29564,74016,81288,0
29565,101297,145321,0
29566,46977,152089,0
29567,131725,5889,0
29568,145591,99593,0
29569,53491,9386,0
29570,151147,40810,0
29571,121702,124384,0
29572,105361,43141,0
29573,19725,23245,0
29574,105731,141537,0
29575,32147,32719,0
29576,144666,50600,0
29577,61304,1990,0
29578,34113,47400,0
29579,78663,25753,0
29580,80943,119216,0
29581,139597,49167,0
29582,45741,142977,0
29583,98765,19632,0
29584,27649,74247,0
29585,123876,130933,0
29586,32617,30680,0
29587,93525,87053,0
29588,66185,26688,0
29589,113570,20295,0
29590,96280,154191,0
29591,19472,139360,0
29592,31127,98520,0
29593,12741,37045,0
29594,151942,45472,0
29595,5643,14941,0
29596,65000,88991,0
29597,85615,153172,0
29598,97329,124401,0
29599,142010,84582,0
29600,52867,50979,0
29601,12387,79704,0
29602,48238,140775,0
29603,88176,83990,0
29604,17932,124543,0
29605,21352,48963,0
29606,125870,109720,0
29607,37297,14231,0
29608,1031,134162,0
29609,25609,29790,0
29610,44895,48835,0
29611,125838,31704,0
29612,153572,28230,0
29613,71968,17183,0
29614,84763,64263,0
29615,109783,37763,0
29616,138918,21199,0
29617,141877,11482,0
29618,140087,42889,0
29619,113725,18166,0
29620,38680,59573,0
29621,102151,118728,0
29622,64220,30077,0
29623,127966,73527,0
29624,113160,55098,0
29625,15740,68721,0
29626,99903,29148,0
29627,123145,112325,0
29628,8910,78350,0
29629,144873,31778,0
29630,121627,94916,0
29631,62036,90422,0
29632,95862,2819,0
29633,118935,83465,0
29634,105371,16563,0
29635,58484,17706,0
29636,154536,147880,0
29637,12811,132722,0
29638,44128,130698,0
29639,41011,46802,0
29640,131950,41763,0
29641,121949,42831,0
29642,25554,58848,0
29643,56314,85549,0
29644,130011,54528,0
29645,48695,57343,0
29646,84178,137128,0
29647,4101,66975,0
29648,120205,110197,0
29649,121425,61721,0
29650,73000,25240,0
29651,142609,88331,0
29652,92173,118550,0
29653,154211,57855,0
29654,130765,28493,0
29655,140455,67071,0
29656,85926,21577,0
29657,139261,105409,0
29658,15141,48007,0
29659,150904,147631,0
29660,122823,33408,0
29661,5578,123078,0
29662,129792,25012,0
29663,22419,115276,0
29664,745,35885,0
29665,81433,14284,0
29666,40968,73853,0
29667,863,50683,0
29668,93957,135363,0
29669,53390,91297,0
29670,104935,106257,0
29671,2444,49145,0
29672,105807,23427,0
29673,127331,41798,0
29674,140695,114072,0
29675,103071,99139,0
29676,132118,144560,0
29677,131257,40666,0
29678,133884,111760,0
29679,34901,139924,0
29680,41324,76988,0
29681,123559,104597,0
29682,43504,90400,0
29683,128208,152776,0
29684,44770,117709,0
29685,18328,32176,0
29686,34060,95350,0
29687,90787,124654,0
29688,48205,5471,0
29689,101457,63798,0
29690,69835,80862,0
29691,67204,49193,0
29692,121598,75963,0
29693,149399,141311,0
29694,6782,92740,0
29695,8928,144963,0
29696,57542,12390,0
29697,98377,17284,0
29698,85480,85216,0
29699,148858,53480,0
29700,94347,103032,0
29701,99397,91282,0
29702,122169,134350,0
29703,4200,101953,0
29704,53304,89932,0
29705,17650,64766,0
29706,8885,117587,0
29707,149691,98799,0
29708,136354,29510,0
29709,30,43064,0
29710,108382,36960,0
29711,92743,5078,0
29712,98488,20114,0
29713,44548,22513,0
29714,152834,152686,0
29715,101392,142670,0
29716,17516,93628,0
29717,61319,25731,0
29718,63656,115265,0
29719,154102,16588,0
29720,136242,149103,0
29721,55793,59117,0
29722,38296,153006,0
29723,78644,72700,0
29724,7017,113707,0
29725,87479,16613,0
29726,132390,16811,0
29727,56499,107387,0
29728,108098,112726,0
29729,127915,96110,0
29730,74102,72857,0
29731,76203,151004,0
29732,49658,16841,0
29733,122314,105160,0
29734,90180,121432,0
29735,30737,34485,0
29736,61437,56347,0
29737,50643,61754,0
29738,140677,138536,0
29739,64475,54950,0
29740,123471,115279,0
29741,105484,67494,0
29742,71468,32512,0
29743,73895,126094,0
29744,91759,100362,0
29745,27318,61037,0
29746,119984,16950,0
29747,111719,61799,0
29748,20152,117865,0
29749,116819,71865,0
29750,90824,79221,0
29751,94403,13537,0
29752,55844,23497,0
29753,57819,87510,0
29754,80135,153943,0
29755,91991,31234,0
29756,60061,103883,0
29757,88601,2749,0
29758,142463,135116,0
29759,26483,35596,0
29760,103022,121107,0
29761,101810,117546,0
29762,28574,82700,0
29763,149186,152769,0
29764,83361,6220,0
29765,91116,20612,0
29766,118852,104106,0
29767,106839,104496,0
29768,122122,30398,0
29769,99220,138802,0
29770,18857,126152,0
29771,21893,27551,0
29772,115251,42827,0
29773,9030,37109,0
29774,14434,121808,0
29775,113318,60654,0
29776,151823,154659,0
29777,11932,154726,0
29778,117934,70469,0
29779,149586,95448,0
29780,39545,92090,0
29781,18288,129382,0
29782,148003,131492,0
29783,73392,153862,0
29784,129522,151863,0
29785,9380,23677,0
29786,36951,88903,0
29787,70780,12793,0
29788,125427,3460,0
29789,112765,15112,0
29790,115946,34721,0
29791,81313,111110,0
29792,125102,70631,0
29793,84670,57303,0
29794,57667,58578,0
29795,68774,105499,0
29796,88445,35418,0
29797,17460,147631,0
29798,103928,79628,0
29799,119267,112575,0
29800,136061,62207,0
29801,9,107351,0
29802,106776,44576,0
29803,4393,76892,0
29804,101908,47648,0
29805,42511,125018,0
29806,16119,141150,0
29807,134847,32931,0
29808,44209,118493,0
29809,35813,104670,0
29810,104558,135911,0
29811,110394,134263,0
29812,61582,50606,0
29813,82452,16391,0
29814,130782,19086,0
29815,15031,63398,0
29816,43912,144301,0
29817,72221,71659,0
29818,51265,23612,0
29819,12923,50094,0
29820,27742,103973,0
29821,46799,96392,0
29822,52782,40800,0
29823,7861,13808,0
29824,53464,42442,0
29825,102364,40466,0
29826,85060,119875,0
29827,125444,50803,0
29828,36304,88780,0
29829,44145,14240,0
29830,89695,23591,0
29831,26841,86389,0
29832,10127,92877,0
29833,151122,103610,0
29834,779,53612,0
29835,35153,55002,0
29836,87384,150361,0
29837,82922,22740,0
29838,124189,13256,0
29839,55176,61602,0
29840,89817,95120,0
29841,71623,115137,0
29842,11272,25753,0
29843,3683,109343,0
29844,152542,38930,0
29845,134289,121867,0
29846,38626,21145,0
29847,142732,19731,0
29848,57305,101408,0
29849,136160,53846,0
29850,43150,96932,0
29851,40532,74625,0
29852,23016,121349,0
29853,63316,136992,0
29854,51411,18618,0
29855,39490,14520,0
29856,23428,45135,0
29857,115810,38223,0
29858,117965,151108,0
29859,74099,12771,0
29860,21131,13988,0
29861,15625,78356,0
29862,82635,47753,0
29863,66362,104478,0
29864,143417,135619,0
29865,82782,77310,0
29866,76670,117186,0
29867,154938,3443,0
29868,28573,97037,0
29869,27407,74080,0
29870,75019,153495,0
29871,55315,84881,0
29872,43579,90064,0
29873,149469,38531,0
29874,10186,27103,0
29875,7565,69572,0
29876,142005,16915,0
29877,32174,129378,0
29878,33145,95914,0
29879,84445,67129,0
29880,76289,20295,0
29881,6707,43932,0
29882,136953,51574,0
29883,65304,151287,0
29884,39930,113323,0
29885,89656,37925,0
29886,132315,26606,0
29887,23113,143862,0
29888,50581,81776,0
29889,140020,39287,0
29890,58022,121097,0
29891,130129,16279,0
29892,12986,26747,0
29893,110973,107199,0
29894,19176,112802,0
29895,77559,86942,0
29896,112323,18675,0
29897,1963,150470,0
29898,133195,96626,0
29899,84486,80865,0
29900,97576,23539,0
29901,55789,7027,0
29902,19233,149506,0
29903,96029,134712,0
29904,53006,67891,0
29905,74905,72559,0
29906,84363,20913,0
29907,101460,139730,0
29908,57982,95221,0
29909,100030,124764,0
29910,38000,145761,0
29911,4923,10369,0
29912,76719,21307,0
29913,56162,118539,0
29914,147471,149508,0
29915,143524,40897,0
29916,103373,65394,0
29917,131554,104017,0
29918,134869,109916,0
29919,118223,143901,0
29920,59415,30006,0
29921,79280,20368,0
29922,52890,122197,0
29923,15928,30429,0
29924,66007,47197,0
29925,101206,91140,0
29926,17285,99912,0
29927,68148,124950,0
29928,153834,95524,0
29929,86352,70568,0
29930,60450,55373,0
29931,149574,130003,0
29932,78966,79577,0
29933,150077,21128,0
29934,139964,39099,0
29935,41466,105558,0
29936,28263,35384,0
29937,34946,13780,0
29938,73131,9894,0
29939,144291,26960,0
29940,96684,109120,0
29941,68315,51185,0
29942,150581,93555,0
29943,120055,23456,0
29944,83645,89976,0
29945,51413,57241,0
29946,128872,8704,0
29947,123774,108701,0
29948,12387,25821,0
29949,113276,64296,0
29950,122217,118917,0
29951,2697,109955,0
29952,125717,2624,0
29953,125691,90979,0
29954,69534,68356,0
29955,49295,63896,0
29956,8405,69188,0
29957,71074,117110,0
29958,123479,122239,0
29959,84973,123320,0
29960,107208,148258,0
29961,59285,29719,0
29962,110857,31233,0
29963,7405,11858,0
29964,4929,50216,0
29965,44635,9776,0
29966,137647,148476,0
29967,140382,42884,0
29968,32081,10000,0
29969,104081,8776,0
29970,4960,32064,0
29971,69884,42248,0
29972,56606,60049,0
29973,131024,76190,0
29974,22631,76801,0
29975,134536,69727,0
29976,117228,117276,0
29977,54648,153990,0
29978,58315,42542,0
29979,38535,130792,0
29980,76793,28325,0
29981,61630,13771,0
29982,38154,18301,0
29983,50849,11337,0
29984,129088,95432,0
29985,147771,16637,0
29986,63086,63830,0
29987,123731,96082,0
29988,137168,147268,0
29989,12232,145617,0
29990,117185,134842,0
29991,107077,137732,0
29992,134526,45697,0
29993,25769,154867,0
29994,16139,11124,0
29995,1608,101642,0
29996,45470,51693,0
29997,82868,22466,0
29998,139794,4608,0
29999,104761,59088,0
30000,5714,13197,0
30001,935,138249,0
30002,113356,64891,0
30003,33980,150541,0
30004,108090,48851,0
30005,10566,383,0
30006,42303,88079,0
30007,12848,144815,0
30008,53160,65300,0
30009,93485,120372,0
30010,18750,78868,0
30011,43558,149631,0
30012,80744,36436,0
30013,150222,60062,0
30014,33230,74994,0
30015,16155,94580,0
30016,136539,77842,0
30017,92195,87826,0
30018,23033,33825,0
30019,84816,154288,0
30020,29318,104204,0
30021,59272,11400,0
30022,5689,94004,0
30023,67011,45451,0
30024,140599,119164,0
30025,100271,47166,0
30026,74452,102115,0
30027,41550,42714,0
30028,137453,35766,0
30029,151053,65894,0
30030,15362,151592,0
30031,64342,32758,0
30032,54257,64746,0
30033,52867,32117,0
30034,47268,69563,0
30035,51074,28592,0
30036,142195,50442,0
30037,75891,54544,0
30038,144808,121087,0
30039,134521,142632,0
30040,33290,93047,0
30041,11395,107538,0
30042,129695,136959,0
30043,66892,97243,0
30044,52293,10598,0
30045,37538,48466,0
30046,3305,133918,0
30047,136535,5350,0
30048,45967,72254,0
30049,58861,135331,0
30050,36515,44987,0
30051,123651,67365,0
30052,5870,145541,0
30053,148873,152116,0
30054,149385,42097,0
30055,113803,36689,0
30056,15368,65259,0
30057,141441,32268,0
30058,50785,61922,0
30059,33045,107807,0
30060,119339,84771,0
30061,22101,145331,0
30062,12495,49775,0
30063,93499,135933,0
30064,18526,108739,0
30065,69177,54951,0
30066,122946,125248,0
30067,68411,8813,0
30068,110347,147834,0
30069,134317,113259,0
30070,125349,11707,0
30071,101638,88128,0
30072,6991,14231,0
30073,65510,41692,0
30074,105005,11401,0
30075,10889,131135,0
30076,36580,48404,0
30077,99309,127704,0
30078,119562,62765,0
30079,103646,80877,0
30080,44283,95875,0
30081,73440,2075,0
30082,61216,52962,0
30083,154578,88318,0
30084,20845,90490,0
30085,63583,28677,0
30086,76484,22285,0
30087,151727,120598,0
30088,52198,37333,0
30089,127663,141310,0
30090,74140,107160,0
30091,36019,67732,0
30092,152163,33369,0
30093,85809,72976,0
30094,46022,76096,0
30095,139630,99198,0
30096,15115,140003,0
30097,80737,48064,0
30098,123202,41394,0
30099,114226,86463,0
30100,38863,29667,0
30101,13666,79406,0
30102,105856,51696,0
30103,28350,138505,0
30104,116319,16967,0
30105,19079,81018,0
30106,3375,24184,0
30107,113375,40615,0
30108,75198,17939,0
30109,16250,154170,0
30110,128079,12410,0
30111,111869,44155,0
30112,53681,121690,0
30113,19496,42455,0
30114,141991,13743,0
30115,122137,4080,0
30116,62021,62862,0
30117,25964,105804,0
30118,149501,15523,0
30119,60323,75155,0
30120,123599,131791,0
30121,137108,73367,0
30122,1438,37320,0
30123,70692,86157,0
30124,102193,141434,0
30125,16627,152216,0
30126,70720,47477,0
30127,128396,29666,0
30128,80956,21724,0
30129,15216,45479,0
30130,5047,71463,0
30131,56954,58049,0
30132,45814,124897,0
30133,114238,134227,0
30134,129799,103763,0
30135,92585,21651,0
30136,69353,5001,0
30137,81558,66629,0
30138,57253,58377,0
30139,14987,113955,0
30140,37040,129963,0
30141,66854,33503,0
30142,30708,63923,0
30143,35826,22161,0
30144,105426,109029,0
30145,63463,99952,0
30146,27086,28228,0
30147,84581,112393,0
30148,64137,151222,0
30149,85075,100428,0
30150,153498,89052,0
30151,66261,128906,0
30152,76520,13765,0
30153,10286,144353,0
30154,126400,131888,0
30155,99935,97097,0
30156,23739,130510,0
30157,97094,124364,0
30158,64630,135011,0
30159,93324,121124,0
30160,114377,40428,0
30161,27741,145547,0
30162,126316,79903,0
30163,112633,40088,0
30164,43929,32426,0
30165,62534,151589,0
30166,154536,104334,0
30167,36299,134623,0
30168,75778,113208,0
30169,38810,58698,0
30170,131016,128608,0
30171,95877,108628,0
30172,120806,80375,0
30173,21997,52426,0
30174,28580,40165,0
30175,43827,34298,0
30176,145482,96885,0
30177,86526,62065,0
30178,101489,131536,0
30179,70856,55802,0
30180,89871,105652,0
30181,60678,12470,0
30182,86514,1585,0
30183,131662,102469,0
30184,140646,94218,0
30185,102844,38538,0
30186,129156,2203,0
30187,70895,27302,0
30188,3598,25567,0
30189,89476,124298,0
30190,105611,17714,0
30191,71609,141332,0
30192,125781,28353,0
30193,144063,62772,0
30194,37269,88637,0
30195,81260,88218,0
30196,49337,40787,0
30197,57412,26515,0
30198,36197,50397,0
30199,136384,32851,0
30200,77364,100050,0
30201,15732,41541,0
30202,26890,96857,0
30203,82352,61196,0
30204,14878,143493,0
30205,143815,20571,0
30206,116825,36757,0
30207,47510,131707,0
30208,3771,11153,0
30209,75521,16029,0
30210,79750,11845,0
30211,42027,68419,0
30212,85055,137549,0
30213,73577,101578,0
30214,23426,93045,0
30215,58505,15910,0
30216,57806,146822,0
30217,114221,6719,0
30218,43268,39346,0
30219,44915,40235,0
30220,44736,133146,0
30221,79771,128637,0
30222,3501,155096,0
30223,64673,19625,0
30224,27881,147675,0
30225,126635,100635,0
30226,79197,98621,0
30227,57565,39773,0
30228,126227,44601,0
30229,58022,95395,0
30230,109739,141352,0
30231,121807,109150,0
30232,26980,74257,0
30233,154129,135716,0
30234,117941,46953,0
30235,139123,24730,0
30236,136853,19750,0
30237,125838,37041,0
30238,87787,42779,0
30239,79443,80780,0
30240,34825,122446,0
30241,56517,122470,0
30242,87374,102760,0
30243,103670,62676,0
30244,3736,103845,0
30245,43867,106206,0
30246,143947,117233,0
30247,39140,65008,0
30248,50639,110172,0
30249,18260,85790,0
30250,78158,104516,0
30251,91115,104098,0
30252,79869,3950,0
30253,110302,59875,0
30254,6967,53732,0
30255,50293,36055,0
30256,24860,102207,0
30257,93401,134794,0
30258,68767,107830,0
30259,114957,15384,0
30260,72069,50390,0
30261,17580,25068,0
30262,101750,28713,0
30263,88499,145420,0
30264,104968,65679,0
30265,121702,31217,0
30266,150412,38382,0
30267,16456,90486,0
30268,105673,21989,0
30269,125113,8392,0
30270,49011,147622,0
30271,37481,56765,0
30272,9584,78984,0
30273,18968,68692,0
30274,152831,87267,0
30275,63835,20256,0
30276,61256,89661,0
30277,42863,85443,0
30278,25829,127330,0
30279,154511,16766,0
30280,37369,118962,0
30281,47536,75421,0
30282,110562,68163,0
30283,23534,91380,0
30284,70266,125780,0
30285,82290,135668,0
30286,89851,27625,0
30287,63333,46036,0
30288,147832,112696,0
30289,43159,152608,0
30290,61874,93247,0
30291,24513,4203,0
30292,107268,132334,0
30293,78971,88626,0
30294,91588,98636,0
30295,87877,142379,0
30296,15612,29709,0
30297,77484,117567,0
30298,134190,95954,0
30299,69001,12445,0
30300,89567,101176,0
30301,116554,65436,0
30302,55214,122257,0
30303,34601,43914,0
30304,83477,150840,0
30305,131233,24755,0
30306,107033,17138,0
30307,78691,75118,0
30308,82748,1449,0
30309,4729,3604,0
30310,125734,14441,0
30311,93840,51595,0
30312,137139,49091,0
30313,105191,53215,0
30314,79937,38115,0
30315,135151,76208,0
30316,30036,96596,0
30317,43890,66622,0
30318,40804,95310,0
30319,61931,85147,0
30320,144828,5365,0
30321,71628,152110,0
30322,55774,137372,0
30323,15154,100111,0
30324,1108,92340,0
30325,18443,3201,0
30326,128228,23641,0
30327,106900,113376,0
30328,109922,94305,0
30329,38533,139473,0
30330,47578,52396,0
30331,135658,43582,0
30332,44822,114822,0
30333,111553,32020,0
30334,78736,70488,0
30335,10999,13516,0
30336,9223,86756,0
30337,124916,124372,0
30338,47897,47583,0
30339,67652,88443,0
30340,37995,75900,0
30341,9319,6695,0
30342,99036,34602,0
30343,45453,153464,0
30344,148233,12033,0
30345,102420,94235,0
30346,50262,44888,0
30347,47834,60320,0
30348,121213,47373,0
30349,109021,33469,0
30350,97847,40064,0
30351,110046,25368,0
30352,22928,29731,0
30353,33212,141159,0
30354,103203,57440,0
30355,42221,88087,0
30356,112704,87527,0
30357,34720,124659,0
30358,29867,85072,0
30359,19828,62631,0
30360,82459,93744,0
30361,36484,14333,0
30362,11735,38252,0
30363,81030,109295,0
30364,116348,121126,0
30365,133943,137817,0
30366,122110,76066,0
30367,132322,115442,0
30368,45833,108501,0
30369,9698,51830,0
30370,42708,120236,0
30371,126860,38337,0
30372,109284,113956,0
30373,69503,16602,0
30374,32783,68114,0
30375,94192,35962,0
30376,58623,88270,0
30377,81417,43776,0
30378,8532,92810,0
30379,14902,105344,0
30380,68620,117131,0
30381,41560,67883,0
30382,48706,55770,0
30383,44694,151961,0
30384,27143,50661,0
30385,28446,146463,0
30386,10596,23144,0
30387,103456,29976,0
30388,51618,80974,0
30389,63726,10459,0
30390,1876,71141,0
30391,22494,9415,0
30392,132354,87131,0
30393,37798,48235,0
30394,11725,64108,0
30395,99374,45055,0
30396,136632,110158,0
30397,63697,98019,0
30398,14790,96859,0
30399,20925,112857,0
30400,152076,50883,0
30401,86159,148887,0
30402,92438,35129,0
30403,147673,14116,0
30404,75474,82604,0
30405,141068,141527,0
30406,123852,104242,0
30407,3902,28325,0
30408,10700,71735,0
30409,133211,38694,0
30410,32359,76935,0
30411,23755,60005,0
30412,26793,148333,0
30413,135617,47242,0
30414,126292,154967,0
30415,11201,11535,0
30416,6549,109979,0
30417,95092,4517,0
30418,82182,92432,0
30419,29651,125525,0
30420,2694,42669,0
30421,147803,153211,0
30422,82737,72971,0
30423,67749,41392,0
30424,4405,150846,0
30425,24230,70930,0
30426,55786,34969,0
30427,55740,28581,0
30428,146835,100626,0
30429,63253,67666,0
30430,142480,138311,0
30431,2763,2915,0
30432,22191,47607,0
30433,66228,94424,0
30434,41018,67060,0
30435,139601,80535,0
30436,63236,148828,0
30437,36917,53483,0
30438,116293,126050,0
30439,16307,92597,0
30440,9130,149537,0
30441,145641,152031,0
30442,110308,103394,0
30443,53173,111746,0
30444,138857,103843,0
30445,40449,97803,0
30446,146439,79192,0
30447,134007,123398,0
30448,136541,5631,0
30449,39921,71534,0
30450,135275,90140,0
30451,39460,77859,0
30452,103848,104098,0
30453,73635,105348,0
30454,115720,138796,0
30455,86307,144540,0
30456,108901,47178,0
30457,14444,57273,0
30458,113756,87054,0
30459,54463,42988,0
30460,63773,31130,0
30461,23338,85288,0
30462,78315,11663,0
30463,138612,52883,0
30464,114768,140514,0
30465,25699,125182,0
30466,44042,28497,0
30467,9037,39137,0
30468,79588,80423,0
30469,49987,9599,0
30470,146297,82899,0
30471,55352,27339,0
30472,3783,95631,0
30473,93853,136658,0
30474,152009,112592,0
30475,86436,34025,0
30476,46339,145746,0
30477,3373,118224,0
30478,31119,74982,0
30479,23590,88809,0
30480,152693,41884,0
30481,122050,126061,0
30482,115421,48824,0
30483,151009,76962,0
30484,99775,34652,0
30485,62150,107907,0
30486,13289,26359,0
30487,54327,116161,0
30488,119569,53445,0
30489,16501,72681,0
30490,40096,92635,0
30491,103504,83224,0
30492,57590,86819,0
30493,89535,99728,0
30494,35902,13469,0
30495,43065,11721,0
30496,22669,86679,0
30497,92914,97490,0
30498,150428,77083,0
30499,63075,101604,0
30500,79662,89245,0
30501,128679,69807,0
30502,57819,109642,0
30503,104627,48528,0
30504,43731,8798,0
30505,80506,153207,0
30506,64112,122930,0
30507,72684,149710,0
30508,121359,149687,0
30509,6745,61727,0
30510,122238,56731,0
30511,1203,45347,0
30512,97530,142950,0
30513,6978,136721,0
30514,108392,113930,0
30515,53222,95722,0
30516,34988,57277,0
30517,124898,126164,0
30518,67513,94225,0
30519,102871,138208,0
30520,93550,75106,0
30521,10961,31382,0
30522,41302,129949,0
30523,74931,92975,0
30524,15707,4541,0
30525,3781,113921,0
30526,102210,117219,0
30527,139773,72725,0
30528,71024,105725,0
30529,79434,120453,0
30530,114454,113351,0
30531,89110,141145,0
30532,85041,32365,0
30533,50156,152341,0
30534,122504,138635,0
30535,8453,12390,0
30536,44859,147145,0
30537,25538,113158,0
30538,97949,93559,0
30539,41628,148696,0
30540,137269,92682,0
30541,96345,31512,0
30542,58220,24244,0
30543,11567,111704,0
30544,43267,124301,0
30545,54874,98612,0
30546,133320,16285,0
30547,23685,61786,0
30548,70406,65202,0
30549,151827,137776,0
30550,31855,42208,0
30551,120928,3042,0
30552,87394,118964,0
30553,128888,73229,0
30554,107168,115143,0
30555,19784,1744,0
30556,117607,42437,0
30557,116765,84852,0
30558,94086,106759,0
30559,78102,149392,0
30560,56285,16585,0
30561,32186,60311,0
30562,53736,88080,0
30563,83303,53751,0
30564,6825,82469,0
30565,102802,14613,0
30566,58007,97680,0
30567,42782,95376,0
30568,122948,46330,0
30569,127592,116835,0
30570,59136,1284,0
30571,33321,96363,0
30572,144846,37287,0
30573,133557,100722,0
30574,15111,19894,0
30575,48397,103277,0
30576,86797,51301,0
30577,125447,68683,0
30578,150727,95854,0
30579,133713,52720,0
30580,71882,142958,0
30581,91176,22870,0
30582,152739,104471,0
30583,66258,23837,0
30584,91891,46699,0
30585,118681,23394,0
30586,42873,71321,0
30587,11534,13183,0
30588,127831,21883,0
30589,57368,73058,0
30590,38941,8482,0
30591,137747,29838,0
30592,91424,74174,0
30593,82726,48436,0
30594,65612,80289,0
30595,20590,73666,0
30596,63611,61247,0
30597,101403,42185,0
30598,261,98417,0
30599,38037,39882,0
30600,69204,122122,0
30601,114206,112957,0
30602,88721,134904,0
30603,84593,111940,0
30604,129817,103281,0
30605,48350,116032,0
30606,28801,142840,0
30607,11840,19332,0
30608,49053,43687,0
30609,14398,83804,0
30610,18088,88786,0
30611,60543,690,0
30612,3646,154590,0
30613,35813,94668,0
30614,143758,59047,0
30615,87613,139781,0
30616,106297,155021,0
30617,105713,120721,0
30618,125726,29950,0
30619,151004,44112,0
30620,111293,61387,0
30621,137964,78790,0
30622,6199,54809,0
30623,143799,3059,0
30624,13587,149462,0
30625,136002,26693,0
30626,144843,79617,0
30627,89916,37281,0
30628,77659,78660,0
30629,46176,137032,0
30630,31991,86024,0
30631,68923,155130,0
30632,21272,32070,0
30633,132700,42362,0
30634,107786,108006,0
30635,136636,146000,0
30636,77468,2612,0
30637,96819,65307,0
30638,106713,89800,0
30639,127822,25174,0
30640,94820,49988,0
30641,133447,95825,0
30642,59212,71797,0
30643,151445,120401,0
30644,11905,147773,0
30645,138549,4132,0
30646,73519,43814,0
30647,57012,118233,0
30648,100139,14191,0
30649,97577,134881,0
30650,118985,154381,0
30651,29229,144468,0
30652,47066,111263,0
30653,96464,152008,0
30654,61936,149722,0
30655,153037,117114,0
30656,2921,108245,0
30657,65204,22886,0
30658,133035,95391,0
30659,117040,151621,0
30660,152972,128863,0
30661,33757,54645,0
30662,96937,148343,0
30663,135677,41084,0
30664,106102,32039,0
30665,4247,86447,0
30666,87876,150843,0
30667,124778,140253,0
30668,89063,79513,0
30669,108875,50355,0
30670,86214,153964,0
30671,27153,112788,0
30672,7888,46195,0
30673,39002,45692,0
30674,2050,124675,0
30675,148806,69822,0
30676,35473,126994,0
30677,69184,78897,0
30678,2032,145084,0
30679,620,42609,0
30680,77529,128572,0
30681,40242,38055,0
30682,93095,144488,0
30683,106471,130366,0
30684,54314,127173,0
30685,103516,2987,0
30686,10414,52753,0
30687,10919,59418,0
30688,33556,36897,0
30689,31300,71645,0
30690,115980,52461,0
30691,39248,54804,0
30692,28951,102941,0
30693,118172,13237,0
30694,20419,139662,0
30695,102466,89125,0
30696,63745,103701,0
30697,27186,69164,0
30698,103153,108383,0
30699,15365,113929,0
30700,4771,31248,0
30701,6745,89454,0
30702,45725,35547,0
30703,110717,119115,0
30704,89312,97823,0
30705,3647,39288,0
30706,48310,37438,0
30707,51907,146489,0
30708,22954,10933,0
30709,36334,122144,0
30710,131222,141179,0
30711,125440,113019,0
30712,74923,100930,0
30713,24985,31696,0
30714,73843,16546,0
30715,128967,145021,0
30716,100881,62039,0
30717,131378,32629,0
30718,143734,73560,0
30719,31090,146070,0
30720,19440,130111,0
30721,112183,103770,0
30722,74053,107904,0
30723,149676,102784,0
30724,76864,48195,0
30725,9000,26379,0
30726,109516,138961,0
30727,11318,64262,0
30728,58221,45081,0
30729,11531,51848,0
30730,63659,151711,0
30731,105856,18744,0
30732,119759,39802,0
30733,141221,15967,0
30734,122905,121806,0
30735,21023,93046,0
30736,42328,46007,0
30737,79745,68466,0
30738,85297,149394,0
30739,81643,146156,0
30740,151743,76635,0
30741,126516,62134,0
30742,111359,148613,0
30743,130473,104496,0
30744,125732,45104,0
30745,8385,112471,0
30746,22248,153841,0
30747,51575,87772,0
30748,106974,146547,0
30749,58984,39525,0
30750,90803,7313,0
30751,71647,34523,0
30752,116277,518,0
30753,50058,117566,0
30754,34034,92677,0
30755,6340,92682,0
30756,67606,153197,0
30757,1203,78964,0
30758,127915,59329,0
30759,90744,97353,0
30760,148207,29124,0
30761,8950,853,0
30762,96516,74847,0
30763,75709,124789,0
30764,147739,132677,0
30765,123948,20385,0
30766,3267,74660,0
30767,87422,122756,0
30768,116739,114675,0
30769,573,7804,0
30770,103298,42380,0
30771,112452,122727,0
30772,144758,55195,0
30773,140258,86085,0
30774,51648,51240,0
30775,148049,20510,0
30776,69556,45783,0
30777,150079,93783,0
30778,36542,54289,0
30779,32416,120183,0
30780,127945,60348,0
30781,69772,140709,0
30782,49085,22418,0
30783,80267,14149,0
30784,28203,60439,0
30785,59099,150768,0
30786,36915,154999,0
30787,46050,142320,0
30788,129462,77086,0
30789,19207,132616,0
30790,78096,134839,0
30791,94216,145574,0
30792,91781,146334,0
30793,98814,116712,0
30794,32984,72875,0
30795,133813,144095,0
30796,100032,150973,0
30797,121795,110249,0
30798,101610,34254,0
30799,126092,18908,0
30800,57248,101413,0
30801,107402,126167,0
30802,83991,126280,0
30803,95081,98081,0
30804,69247,114253,0
30805,65473,126025,0
30806,97422,124492,0
30807,41130,147367,0
30808,38497,8609,0
30809,66669,137695,0
30810,7858,102379,0
30811,65344,135176,0
30812,8701,93871,0
30813,83200,53028,0
30814,122285,43843,0
30815,145790,22754,0
30816,6350,130015,0
30817,59485,17928,0
30818,50622,110985,0
30819,84402,63618,0
30820,87707,12738,0
30821,123267,37585,0
30822,58483,70791,0
30823,118955,129207,0
30824,140002,104740,0
30825,108849,104097,0
30826,108127,127717,0
30827,72071,58348,0
30828,58806,5844,0
30829,49327,56832,0
30830,73510,67470,0
30831,61475,146570,0
30832,153117,24286,0
30833,22202,22126,0
30834,101022,7448,0
30835,67160,87863,0
30836,59786,117531,0
30837,129658,43187,0
30838,28695,71265,0
30839,44279,106315,0
30840,122034,22319,0
30841,8458,99858,0
30842,121783,58468,0
30843,106517,115923,0
30844,8345,133874,0
30845,142323,134163,0
30846,91138,61670,0
30847,112884,57551,0
30848,4567,11430,0
30849,79057,53552,0
30850,131636,108947,0
30851,7190,19853,0
30852,140459,63582,0
30853,13553,67860,0
30854,137050,125370,0
30855,10772,9798,0
30856,60703,52528,0
30857,145591,47878,0
30858,122548,137008,0
30859,107130,135285,0
30860,10375,64707,0
30861,109732,71151,0
30862,70807,99442,0
30863,52944,118976,0
30864,29478,40585,0
30865,97110,92623,0
30866,82464,7371,0
30867,90857,122440,0
30868,13062,45214,0
30869,68579,102365,0
30870,67903,43344,0
30871,108440,58785,0
30872,27972,122856,0
30873,50164,8184,0
30874,93352,146664,0
30875,21580,12280,0
30876,77895,101343,0
30877,53155,106446,0
30878,95877,118398,0
30879,82107,96626,0
30880,29653,49265,0
30881,41628,46784,0
30882,127436,109541,0
30883,101745,59153,0
30884,81912,145519,0
30885,53941,21291,0
30886,18811,59583,0
30887,66810,5181,0
30888,152182,63468,0
30889,68392,46579,0
30890,90245,139869,0
30891,131630,39087,0
30892,29635,7465,0
30893,99174,11219,0
30894,91756,83268,0
30895,130232,30822,0
30896,2970,38662,0
30897,34495,66411,0
30898,20844,40874,0
30899,141545,40516,0
30900,23060,45055,0
30901,67999,23213,0
30902,106652,14520,0
30903,126762,92541,0
30904,100149,56684,0
30905,122878,13985,0
30906,146312,136407,0
30907,71980,78897,0
30908,103918,60004,0
30909,28025,151370,0
30910,110860,121832,0
30911,45867,4655,0
30912,76799,31000,0
30913,88294,24114,0
30914,90958,122734,0
30915,112740,7749,0
30916,27768,128025,0
30917,109737,31798,0
30918,138246,123739,0
30919,39427,106094,0
30920,2863,25222,0
30921,44433,70906,0
30922,18697,91868,0
30923,58448,62363,0
30924,142456,105496,0
30925,153577,2010,0
30926,121862,89867,0
30927,137670,111085,0
30928,83289,48118,0
30929,689,130115,0
30930,102843,102986,0
30931,129379,48456,0
30932,68574,27592,0
30933,71647,132532,0
30934,151468,93593,0
30935,100783,49384,0
30936,83876,72775,0
30937,58048,57132,0
30938,24962,60587,0
30939,139275,140425,0
30940,142469,69450,0
30941,122251,56611,0
30942,12526,37567,0
30943,61622,153000,0
30944,139356,75310,0
30945,96689,43782,0
30946,74118,42774,0
30947,25406,23341,0
30948,29464,119966,0
30949,101415,43124,0
30950,85394,126777,0
30951,47949,18621,0
30952,19450,135730,0
30953,147939,76023,0
30954,76555,123771,0
30955,118939,7632,0
30956,28739,85522,0
30957,118407,147822,0
30958,116620,122447,0
30959,22851,83187,0
30960,84298,32079,0
30961,138555,100269,0
30962,92399,137848,0
30963,65569,89284,0
30964,69071,8828,0
30965,35033,127392,0
30966,54394,24033,0
30967,6514,92367,0
30968,134331,116722,0
30969,95614,64296,0
30970,67424,76830,0
30971,28536,124025,0
30972,86153,41055,0
30973,63028,57531,0
30974,101233,52126,0
30975,11808,35969,0
30976,36003,109054,0
30977,74767,51344,0
30978,102164,27471,0
30979,7834,151267,0
30980,143712,40439,0
30981,153409,108099,0
30982,64612,132190,0
30983,38050,7104,0
30984,55210,45876,0
30985,89679,84939,0
30986,91827,67474,0
30987,83800,109306,0
30988,69589,45004,0
30989,24667,25065,0
30990,37619,15570,0
30991,54529,128370,0
30992,128197,34687,0
30993,91711,114634,0
30994,2899,33988,0
30995,12989,79143,0
30996,124141,28130,0
30997,105280,137158,0
30998,142847,141056,0
30999,31014,134712,0
31000,11183,46460,0
31001,143252,138291,0
31002,28792,36358,0
31003,51889,142620,0
31004,18918,7932,0
31005,32367,55660,0
31006,7060,18393,0
31007,78714,86684,0
31008,43513,103760,0
31009,154823,19874,0
31010,125756,140133,0
31011,127413,67320,0
31012,104558,154842,0
31013,67147,136163,0
31014,41300,37045,0
31015,12531,140539,0
31016,153437,35045,0
31017,21934,140603,0
31018,109881,144859,0
31019,62036,7593,0
31020,38881,109087,0
31021,143492,93689,0
31022,50167,152713,0
31023,18116,130224,0
31024,36440,34614,0
31025,45809,1807,0
31026,85000,72724,0
31027,103116,56468,0
31028,31430,38589,0
31029,67576,7863,0
31030,10128,50249,0
31031,47007,74622,0
31032,147328,129000,0
31033,32099,57104,0
31034,33981,71282,0
31035,117006,12137,0
31036,43735,42625,0
31037,92875,132969,0
31038,138523,55945,0
31039,68259,65901,0
31040,21138,59492,0
31041,29378,79359,0
31042,72236,69597,0
31043,142558,15462,0
31044,85627,79801,0
31045,19082,140701,0
31046,133332,94285,0
31047,97645,7095,0
31048,24298,86121,0
31049,89348,72537,0
31050,46082,39159,0
31051,9252,120168,0
31052,50112,107374,0
31053,96053,128852,0
31054,147140,101390,0
31055,43771,93718,0
31056,122843,2455,0
31057,34216,98911,0
31058,3126,3456,0
31059,19225,96433,0
31060,74305,107687,0
31061,7585,125794,0
31062,69353,63735,0
31063,128395,27783,0
31064,85620,109114,0
31065,102134,146305,0
31066,34575,112726,0
31067,306,13502,0
31068,81650,94269,0
31069,42155,9545,0
31070,67375,129796,0
31071,31508,21881,0
31072,124121,51391,0
31073,6128,89525,0
31074,5918,81077,0
31075,24633,120084,0
31076,41834,96535,0
31077,84029,142356,0
31078,94795,12800,0
31079,45839,68580,0
31080,132138,40766,0
31081,42568,9391,0
31082,96832,9229,0
31083,110654,155068,0
31084,122276,139433,0
31085,145178,72771,0
31086,85685,48693,0
31087,70804,18249,0
31088,103542,94297,0
31089,79915,96549,0
31090,120060,32623,0
31091,121083,6512,0
31092,99272,67216,0
31093,103362,17696,0
31094,95489,43705,0
31095,71665,15363,0
31096,59516,31235,0
31097,2462,42961,0
31098,34582,133883,0
31099,79472,139458,0
31100,51207,68710,0
31101,99700,65511,0
31102,113246,2746,0
31103,548,9315,0
31104,22025,59657,0
31105,45160,41699,0
31106,50651,147233,0
31107,30519,4840,0
31108,114768,107260,0
31109,88511,99732,0
31110,31780,110687,0
31111,149479,69620,0
31112,81294,83181,0
31113,41900,149233,0
31114,105155,102771,0
31115,67388,49432,0
31116,91992,20044,0
31117,131562,3638,0
31118,148290,82441,0
31119,23181,138154,0
31120,145303,29709,0
31121,98775,69623,0
31122,38154,99427,0
31123,15115,80729,0
31124,69566,78287,0
31125,56477,140860,0
31126,64920,153022,0
31127,55058,146435,0
31128,95138,123720,0
31129,4073,112880,0
31130,77176,80465,0
31131,17538,87012,0
31132,102299,126576,0
31133,96243,60399,0
31134,125383,19436,0
31135,112879,135180,0
31136,61018,117067,0
31137,116559,118671,0
31138,115875,30522,0
31139,80288,8715,0
31140,142097,75431,0
31141,106036,83523,0
31142,72931,120420,0
31143,12577,38790,0
31144,151309,147842,0
31145,86208,87536,0
31146,135977,123649,0
31147,27949,23743,0
31148,58263,103629,0
31149,43331,82889,0
31150,29217,109045,0
31151,105683,44350,0
31152,131480,6568,0
31153,83210,41499,0
31154,53387,116540,0
31155,69129,73868,0
31156,85656,132820,0
31157,142432,10734,0
31158,47403,109696,0
31159,62538,118639,0
31160,82493,114278,0
31161,98512,45112,0
31162,138276,25844,0
31163,35568,3450,0
31164,82131,86727,0
31165,58055,85378,0
31166,40273,64892,0
31167,25551,11562,0
31168,70444,59711,0
31169,18722,106538,0
31170,87800,113879,0
31171,66505,20291,0
31172,97225,119154,0
31173,2810,118413,0
31174,29292,8521,0
31175,33589,18289,0
31176,13472,68559,0
31177,130988,77128,0
31178,89861,124465,0
31179,11378,114568,0
31180,20365,92722,0
31181,69255,87184,0
31182,21352,147467,0
31183,86036,35484,0
31184,117643,52153,0
31185,720,15490,0
31186,146739,67572,0
31187,6001,28532,0
31188,96937,86074,0
31189,102445,83063,0
31190,38620,35662,0
31191,85784,64433,0
31192,46638,71358,0
31193,115170,50219,0
31194,133989,118540,0
31195,73800,18989,0
31196,153563,121790,0
31197,113908,106678,0
31198,117510,45565,0
31199,91233,101473,0
31200,136002,114316,0
31201,141696,24592,0
31202,31662,30750,0
31203,140964,103527,0
31204,110565,68141,0
31205,122826,111005,0
31206,120771,7908,0
31207,11620,67218,0
31208,108824,4921,0
31209,6833,93492,0
31210,2614,122178,0
31211,112687,154943,0
31212,101534,112962,0
31213,38268,126566,0
31214,12686,139528,0
31215,71307,1371,0
31216,46546,39034,0
31217,52759,131165,0
31218,1275,149463,0
31219,148340,51366,0
31220,46022,145581,0
31221,117272,21718,0
31222,25168,120177,0
31223,132902,89621,0
31224,1934,68770,0
31225,26486,58948,0
31226,92217,121490,0
31227,77517,132896,0
31228,92331,82285,0
31229,104738,118926,0
31230,126494,6077,0
31231,37303,147890,0
31232,100472,120063,0
31233,84153,113929,0
31234,56026,45398,0
31235,20651,128085,0
31236,10315,8863,0
31237,28039,127256,0
31238,149756,32973,0
31239,51414,104939,0
31240,84310,60954,0
31241,6988,68340,0
31242,50065,71783,0
31243,96492,135048,0
31244,123335,19243,0
31245,139045,52629,0
31246,129201,96531,0
31247,98361,104723,0
31248,30649,27647,0
31249,71592,99105,0
31250,64515,109879,0
31251,41395,133262,0
31252,27972,53986,0
31253,10468,28619,0
31254,143205,69102,0
31255,83773,10159,0
31256,82519,10432,0
31257,152788,36909,0
31258,111369,33874,0
31259,44162,45020,0
31260,127443,66691,0
31261,142307,105757,0
31262,35725,118225,0
31263,66769,108579,0
31264,152733,18713,0
31265,7569,84162,0
31266,133038,1862,0
31267,132037,25692,0
31268,39472,18089,0
31269,62312,18004,0
31270,46399,74120,0
31271,73760,8070,0
31272,73371,69743,0
31273,56489,2624,0
31274,98460,59372,0
31275,145050,6868,0
31276,13074,44660,0
31277,71842,125849,0
31278,60238,143305,0
31279,126368,63400,0
31280,144271,118367,0
31281,39450,68793,0
31282,40342,40932,0
31283,3076,3819,0
31284,42359,18984,0
31285,31137,1986,0
31286,84752,116484,0
31287,25137,145309,0
31288,18732,21469,0
31289,86060,60063,0
31290,60661,29988,0
31291,123985,30364,0
31292,111073,133895,0
31293,6986,80273,0
31294,129245,28125,0
31295,144715,85220,0
31296,48547,98659,0
31297,86061,65177,0
31298,66454,39394,0
31299,112217,136687,0
31300,44076,6376,0
31301,32599,27290,0
31302,4903,96054,0
31303,60996,78236,0
31304,14875,96629,0
31305,20025,66983,0
31306,3568,152868,0
31307,66646,35068,0
31308,80291,132861,0
31309,51697,147352,0
31310,98392,82637,0
31311,40035,136490,0
31312,73534,127446,0
31313,64178,154195,0
31314,103377,118253,0
31315,30295,140745,0
31316,24327,146071,0
31317,29617,120722,0
31318,101659,135649,0
31319,97591,146871,0
31320,76566,87814,0
31321,101374,122847,0
31322,141795,114891,0
31323,27650,144194,0
31324,65565,122003,0
31325,152649,86121,0
31326,31554,92877,0
31327,141743,100525,0
31328,131391,93251,0
31329,67401,144894,0
31330,131301,96886,0
31331,36271,84383,0
31332,110493,144698,0
31333,52810,10255,0
31334,96826,105004,0
31335,122639,124568,0
31336,91054,101831,0
31337,64162,154401,0
31338,47466,102761,0
31339,35100,34767,0
31340,11462,131770,0
31341,76075,71880,0
31342,99662,99210,0
31343,23644,4394,0
31344,105495,85361,0
31345,14600,130781,0
31346,68711,18111,0
31347,95084,130430,0
31348,94727,140163,0
31349,135679,43422,0
31350,4705,118028,0
31351,7065,128861,0
31352,115694,52149,0
31353,123873,72553,0
31354,7706,100462,0
31355,21484,55791,0
31356,123587,35662,0
31357,115048,119515,0
31358,5584,141122,0
31359,47362,22084,0
31360,17896,138350,0
31361,111876,44251,0
31362,75413,145807,0
31363,112705,33471,0
31364,142753,49355,0
31365,27784,87940,0
31366,144646,67865,0
31367,113790,73476,0
31368,148646,148936,0
31369,22203,102527,0
31370,29402,83219,0
31371,39320,118482,0
31372,141260,28754,0
31373,106540,100727,0
31374,124688,64109,0
31375,141304,128773,0
31376,45696,60605,0
31377,40112,50335,0
31378,55284,98408,0
31379,4938,132907,0
31380,56835,86580,0
31381,75438,104541,0
31382,147052,55454,0
31383,137756,88537,0
31384,130494,93440,0
31385,30815,83535,0
31386,91508,23997,0
31387,136525,30540,0
31388,51096,152191,0
31389,132054,71648,0
31390,28602,44402,0
31391,8910,71875,0
31392,73580,107010,0
31393,68963,66199,0
31394,60184,47837,0
31395,89731,33473,0
31396,123507,102844,0
31397,54719,121688,0
31398,91875,137319,0
31399,114243,52374,0
31400,85004,95441,0
31401,151068,135133,0
31402,25419,19063,0
31403,15521,2403,0
31404,37028,12354,0
31405,5428,68544,0
31406,13820,27671,0
31407,53391,19254,0
31408,26656,43109,0
31409,85548,53073,0
31410,42180,62058,0
31411,87477,22653,0
31412,79391,144418,0
31413,53244,84829,0
31414,125870,12422,0
31415,44449,70775,0
31416,78689,146766,0
31417,49879,58457,0
31418,131971,121679,0
31419,69051,9372,0
31420,153046,3675,0
31421,63698,119555,0
31422,35421,18601,0
31423,142012,150448,0
31424,141457,139140,0
31425,106966,33232,0
31426,102183,19869,0
31427,36606,58308,0
31428,69689,86236,0
31429,103428,80748,0
31430,34514,34271,0
31431,66882,39753,0
31432,81402,91890,0
31433,141735,88218,0
31434,32723,124354,0
31435,33088,107316,0
31436,16101,68198,0
31437,119330,128813,0
31438,129559,36894,0
31439,8010,79232,0
31440,75251,107315,0
31441,146463,33364,0
31442,144922,112353,0
31443,102322,59373,0
31444,108513,131149,0
31445,74953,131549,0
31446,130229,43291,0
31447,110433,90872,0
31448,4030,150169,0
31449,135485,74414,0
31450,42537,112803,0
31451,111256,8645,0
31452,122690,32645,0
31453,7378,86722,0
31454,125394,57878,0
31455,105487,96394,0
31456,51724,152052,0
31457,95773,79674,0
31458,79883,19254,0
31459,102615,9192,0
31460,138966,138829,0
31461,104671,41536,0
31462,37634,153730,0
31463,102551,137117,0
31464,91039,42171,0
31465,22331,17562,0
31466,152184,88311,0
31467,60815,66117,0
31468,90518,5323,0
31469,103282,139478,0
31470,55535,121435,0
31471,71699,80646,0
31472,34086,101204,0
31473,84073,153688,0
31474,81059,111219,0
31475,72185,39530,0
31476,136726,137098,0
31477,132637,139893,0
31478,28483,121822,0
31479,39160,145828,0
31480,39514,111341,0
31481,139251,3839,0
31482,89535,52622,0
31483,146158,87590,0
31484,74254,126914,0
31485,6896,112036,0
31486,40856,37607,0
31487,43771,95535,0
31488,31681,144,0
31489,2928,100628,0
31490,13453,111821,0
31491,112436,147110,0
31492,116393,129310,0
31493,13157,22293,0
31494,130113,120933,0
31495,39002,127578,0
31496,138155,68815,0
31497,123178,154325,0
31498,91454,49696,0
31499,93657,136644,0
31500,62388,109776,0
31501,117052,21297,0
31502,139385,53492,0
31503,129197,115212,0
31504,128294,126789,0
31505,111203,76063,0
31506,11320,146503,0
31507,69345,150311,0
31508,2289,23268,0
31509,29110,128481,0
31510,83289,24701,0
31511,31241,111610,0
31512,154727,46622,0
31513,98394,104188,0
31514,3632,15376,0
31515,137810,117190,0
31516,142717,145026,0
31517,118413,153339,0
31518,47793,17544,0
31519,109540,138032,0
31520,128372,67035,0
31521,83002,77854,0
31522,86055,141968,0
31523,36992,51215,0
31524,60247,143083,0
31525,116893,104494,0
31526,151457,102940,0
31527,94930,106639,0
31528,78064,104422,0
31529,151328,69015,0
31530,119196,19113,0
31531,99375,85787,0
31532,7553,113498,0
31533,111468,114539,0
31534,73452,72844,0
31535,15670,55313,0
31536,133570,110897,0
31537,9607,111063,0
31538,125000,103076,0
31539,94432,94564,0
31540,137332,155053,0
31541,122596,5731,0
31542,141850,12623,0
31543,15368,79280,0
31544,119637,141310,0
31545,106333,96036,0
31546,53403,151737,0
31547,96559,139264,0
31548,83162,120665,0
31549,93646,6161,0
31550,99880,91041,0
31551,106872,53794,0
31552,110173,54951,0
31553,17392,90593,0
31554,144556,140949,0
31555,17159,14810,0
31556,122245,59413,0
31557,37143,130292,0
31558,51561,121893,0
31559,139906,73892,0
31560,35834,135576,0
31561,40957,53480,0
31562,106048,67466,0
31563,63179,139116,0
31564,14127,121481,0
31565,5496,77834,0
31566,124656,146586,0
31567,66851,8237,0
31568,143947,91012,0
31569,46646,137460,0
31570,24785,119797,0
31571,133849,133289,0
31572,11846,95376,0
31573,126247,103173,0
31574,115452,88388,0
31575,21100,6884,0
31576,76149,40029,0
31577,58919,137946,0
31578,34412,78785,0
31579,74062,28875,0
31580,136037,127972,0
31581,91825,83364,0
31582,52038,136434,0
31583,47146,83832,0
31584,99830,135623,0
31585,101951,143647,0
31586,66935,48705,0
31587,7244,64457,0
31588,139628,42187,0
31589,131912,35663,0
31590,99440,27461,0
31591,151937,98233,0
31592,92054,104246,0
31593,74517,36996,0
31594,101887,16578,0
31595,17806,13256,0
31596,19971,54174,0
31597,147833,101302,0
31598,153229,117487,0
31599,142348,103201,0
31600,31691,35202,0
31601,113338,53652,0
31602,28103,24255,0
31603,32402,153608,0
31604,139687,53828,0
31605,87771,9757,0
31606,58182,8561,0
31607,133933,14986,0
31608,49848,135846,0
31609,61596,65681,0
31610,127592,143392,0
31611,94655,1559,0
31612,125178,150942,0
31613,106978,124850,0
31614,18551,119492,0
31615,131891,96518,0
31616,135529,112310,0
31617,69449,41218,0
31618,93745,16977,0
31619,27899,100954,0
31620,138335,39905,0
31621,98325,83895,0
31622,50067,18933,0
31623,128664,120186,0
31624,120555,35814,0
31625,43775,41791,0
31626,55977,61914,0
31627,90801,33416,0
31628,71204,127058,0
31629,24820,28902,0
31630,5280,134170,0
31631,96028,107699,0
31632,400,52725,0
31633,87144,9521,0
31634,86498,148174,0
31635,114970,108286,0
31636,125743,75373,0
31637,4476,112989,0
31638,145533,136918,0
31639,114709,78334,0
31640,105529,137437,0
31641,47865,79768,0
31642,36930,137358,0
31643,120098,13233,0
31644,793,68263,0
31645,148628,5348,0
31646,574,125799,0
31647,32533,66307,0
31648,107433,97692,0
31649,90112,133588,0
31650,34428,27126,0
31651,147902,145213,0
31652,101897,151325,0
31653,149294,126887,0
31654,81706,146461,0
31655,123712,97394,0
31656,154742,40982,0
31657,136541,7755,0
31658,97430,90294,0
31659,45683,10401,0
31660,102691,5062,0
31661,50527,119810,0
31662,135270,95307,0
31663,1777,65663,0
31664,110383,34227,0
31665,10358,5058,0
31666,150786,44642,0
31667,101744,33760,0
31668,70038,52557,0
31669,93742,70001,0
31670,98630,81073,0
31671,124918,101920,0
31672,54545,112787,0
31673,2733,112870,0
31674,149340,18382,0
31675,110181,76419,0
31676,134035,113780,0
31677,113607,115721,0
31678,38366,59971,0
31679,90434,99129,0
31680,152365,61530,0
31681,26245,44855,0
31682,37033,87313,0
31683,127974,37731,0
31684,143172,133726,0
31685,105295,89308,0
31686,57293,97428,0
31687,56664,120903,0
31688,3616,150939,0
31689,79634,39201,0
31690,24336,144368,0
31691,71609,95898,0
31692,60670,116083,0
31693,78185,43087,0
31694,128361,75944,0
31695,4660,54568,0
31696,54178,98248,0
31697,107406,14500,0
31698,106486,31213,0
31699,134978,35766,0
31700,24314,36641,0
31701,148923,8011,0
31702,73285,40924,0
31703,57441,78501,0
31704,63381,135722,0
31705,81905,101396,0
31706,103925,25432,0
31707,66704,52267,0
31708,3069,24892,0
31709,91869,8574,0
31710,78126,65496,0
31711,98988,23536,0
31712,42294,14330,0
31713,24576,27529,0
31714,130937,146911,0
31715,53893,61457,0
31716,75501,99747,0
31717,27146,61427,0
31718,56946,17765,0
31719,7760,113367,0
31720,26465,84557,0
31721,111485,54800,0
31722,63221,5635,0
31723,16054,67826,0
31724,115336,1535,0
31725,50774,69397,0
31726,99400,66726,0
31727,11983,67975,0
31728,57802,106136,0
31729,101233,41190,0
31730,41434,115982,0
31731,45138,58209,0
31732,151628,3450,0
31733,142413,108541,0
31734,14045,109116,0
31735,24241,25687,0
31736,118429,128171,0
31737,114336,24059,0
31738,87622,15056,0
31739,108021,113431,0
31740,48888,95977,0
31741,7815,110439,0
31742,124210,30810,0
31743,81150,47636,0
31744,81250,135738,0
31745,74989,94450,0
31746,7721,98198,0
31747,47117,131910,0
31748,152411,135276,0
31749,87379,152867,0
31750,126720,85767,0
31751,98253,18690,0
31752,155001,18942,0
31753,111971,18869,0
31754,62182,37851,0
31755,150752,110652,0
31756,60967,129055,0
31757,67560,80602,0
31758,143618,39471,0
31759,52649,93020,0
31760,49071,4851,0
31761,153557,144711,0
31762,79211,31439,0
31763,65824,122345,0
31764,118357,91191,0
31765,92016,102570,0
31766,135234,105716,0
31767,59057,50053,0
31768,10561,59171,0
31769,64003,89463,0
31770,132054,51691,0
31771,37973,84983,0
31772,148583,107662,0
31773,128894,15204,0
31774,21733,10582,0
31775,116015,86682,0
31776,54574,1759,0
31777,129798,137292,0
31778,30720,133463,0
31779,107843,65923,0
31780,6092,143260,0
31781,14768,93871,0
31782,120350,39377,0
31783,127039,169,0
31784,72094,73626,0
31785,38507,42694,0
31786,17167,107475,0
31787,153612,53613,0
31788,53466,82604,0
31789,98166,111710,0
31790,50633,49981,0
31791,53117,152877,0
31792,56389,101126,0
31793,31563,31131,0
31794,45240,88626,0
31795,42411,105672,0
31796,43513,61805,0
31797,28385,131002,0
31798,117503,82813,0
31799,13331,77402,0
31800,6456,83259,0
31801,102172,22355,0
31802,10527,48978,0
31803,7846,96070,0
31804,11635,97204,0
31805,21119,60679,0
31806,87173,91107,0
31807,61853,20098,0
31808,139338,136260,0
31809,139437,143274,0
31810,89622,105298,0
31811,79017,153626,0
31812,75541,40186,0
31813,45749,136065,0
31814,61600,116901,0
31815,30056,44426,0
31816,31620,141714,0
31817,140340,51960,0
31818,44867,57068,0
31819,79219,78566,0
31820,106650,103480,0
31821,106223,87510,0
31822,128883,141366,0
31823,40242,145793,0
31824,22808,35339,0
31825,103184,11922,0
31826,65621,18558,0
31827,26882,18913,0
31828,109706,109155,0
31829,135606,23749,0
31830,125826,26674,0
31831,145130,93751,0
31832,43211,128246,0
31833,29166,18483,0
31834,2726,110389,0
31835,88801,24433,0
31836,41821,110344,0
31837,31564,19363,0
31838,122133,123665,0
31839,37324,67455,0
31840,96031,97643,0
31841,152892,108306,0
31842,1130,3790,0
31843,122468,98551,0
31844,88190,13919,0
31845,11925,119104,0
31846,28548,35873,0
31847,39260,152769,0
31848,57313,64181,0
31849,29989,90049,0
31850,82899,129503,0
31851,53432,7103,0
31852,107675,149221,0
31853,77232,40737,0
31854,40661,55924,0
31855,90725,41487,0
31856,99029,1803,0
31857,80507,96305,0
31858,47966,55866,0
31859,145781,43590,0
31860,134366,121391,0
31861,74503,52700,0
31862,134825,128863,0
31863,58877,98238,0
31864,152129,32769,0
31865,85111,29456,0
31866,63465,35775,0
31867,66853,30230,0
31868,24382,100098,0
31869,73504,112699,0
31870,136134,132593,0
31871,112109,114255,0
31872,108074,86312,0
31873,141796,63891,0
31874,53356,149020,0
31875,30615,141854,0
31876,79848,136913,0
31877,128099,96541,0
31878,61080,4873,0
31879,122737,141291,0
31880,141940,116174,0
31881,142556,29299,0
31882,136854,127221,0
31883,131363,750,0
31884,38978,54801,0
31885,111817,13951,0
31886,107575,67015,0
31887,87771,23611,0
31888,73983,150109,0
31889,2912,146955,0
31890,87106,110877,0
31891,62163,41285,0
31892,134442,133162,0
31893,99560,90132,0
31894,123846,7966,0
31895,125231,95872,0
31896,109406,97180,0
31897,43156,130944,0
31898,44446,123405,0
31899,121262,18331,0
31900,9069,8510,0
31901,109153,123031,0
31902,141987,119970,0
31903,18966,56552,0
31904,38402,59428,0
31905,55890,95345,0
31906,154375,22319,0
31907,131195,43571,0
31908,63986,17606,0
31909,64975,62775,0
31910,39647,120366,0
31911,133567,106631,0
31912,30101,24536,0
31913,98002,23747,0
31914,146762,49886,0
31915,87546,139221,0
31916,137116,87311,0
31917,67255,119393,0
31918,116739,61214,0
31919,86945,143405,0
31920,50909,43132,0
31921,69901,19697,0
31922,20022,138318,0
31923,69766,63118,0
31924,75286,29269,0
31925,35832,82985,0
31926,53003,33538,0
31927,99857,142434,0
31928,125967,42171,0
31929,65636,80384,0
31930,133357,99471,0
31931,705,40843,0
31932,57243,142026,0
31933,29818,53048,0
31934,36950,51522,0
31935,37714,121932,0
31936,85633,87037,0
31937,81179,122328,0
31938,47606,138591,0
31939,139410,145912,0
31940,140211,80342,0
31941,30800,78795,0
31942,88492,68515,0
31943,24204,8220,0
31944,93863,121824,0
31945,154925,31395,0
31946,146162,150132,0
31947,74698,132986,0
31948,2457,132166,0
31949,74667,13281,0
31950,6819,54591,0
31951,66039,77248,0
31952,110699,66649,0
31953,25999,85413,0
31954,62594,146012,0
31955,37533,92662,0
31956,149971,127656,0
31957,33719,59222,0
31958,150850,20052,0
31959,34454,69436,0
31960,78203,111899,0
31961,108000,6004,0
31962,73049,105238,0
31963,7322,66473,0
31964,125851,26014,0
31965,51312,55092,0
31966,93745,145744,0
31967,122443,86715,0
31968,91528,29671,0
31969,145451,26877,0
31970,128010,71757,0
31971,73024,109534,0
31972,116468,54725,0
31973,80637,12685,0
31974,101493,6954,0
31975,125222,116905,0
31976,56285,125464,0
31977,66658,319,0
31978,54312,98272,0
31979,115438,148428,0
31980,84290,14479,0
31981,148677,7310,0
31982,50001,41226,0
31983,69172,8423,0
31984,26655,17648,0
31985,29848,113971,0
31986,145596,101974,0
31987,17965,109361,0
31988,50013,46477,0
31989,141695,95328,0
31990,70053,67545,0
31991,126144,106240,0
31992,61919,147543,0
31993,8514,92047,0
31994,142823,43941,0
31995,56170,34286,0
31996,121044,128946,0
31997,87629,84765,0
31998,107330,112755,0
31999,98315,20611,0
32000,34459,129112,0
32001,149030,112868,0
32002,83320,68475,0
32003,92885,75985,0
32004,126258,137559,0
32005,99502,56797,0
32006,32908,140907,0
32007,64226,119482,0
32008,132355,79456,0
32009,54937,106271,0
32010,56355,56793,0
32011,81938,74615,0
32012,86349,2327,0
32013,1459,111052,0
32014,60993,129081,0
32015,7618,91162,0
32016,1413,12350,0
32017,120517,83027,0
32018,78229,127554,0
32019,151498,14942,0
32020,10919,36207,0
32021,126214,71174,0
32022,33348,46392,0
32023,143909,207,0
32024,130599,45642,0
32025,22073,119649,0
32026,66797,84356,0
32027,11478,32463,0
32028,31191,118983,0
32029,53996,153907,0
32030,86401,139743,0
32031,96956,95949,0
32032,40216,84349,0
32033,71711,106661,0
32034,143027,68241,0
32035,54638,139596,0
32036,8766,17531,0
32037,41034,103603,0
32038,19647,90416,0
32039,48531,93636,0
32040,52698,90651,0
32041,14048,31212,0
32042,140140,42322,0
32043,154729,72388,0
32044,33920,154660,0
32045,60543,38299,0
32046,109556,134178,0
32047,50149,44118,0
32048,64622,110234,0
32049,147051,134742,0
32050,111207,62717,0
32051,50840,33753,0
32052,85068,33229,0
32053,11769,21886,0
32054,74399,99972,0
32055,125467,2082,0
32056,54604,112476,0
32057,93801,121853,0
32058,56706,60005,0
32059,130749,147894,0
32060,53721,13582,0
32061,35405,117842,0
32062,103451,52911,0
32063,28448,85537,0
32064,87478,155039,0
32065,143031,78963,0
32066,16217,106770,0
32067,115170,69773,0
32068,89033,42030,0
32069,154729,41119,0
32070,135244,130172,0
32071,116277,114281,0
32072,23708,102251,0
32073,68333,25527,0
32074,101937,199,0
32075,58493,18852,0
32076,84543,36870,0
32077,67550,53142,0
32078,120557,48,0
32079,12339,134984,0
32080,148273,139608,0
32081,153143,154237,0
32082,121821,30876,0
32083,28374,148944,0
32084,23863,37531,0
32085,323,63372,0
32086,96116,138267,0
32087,73632,55734,0
32088,110286,3117,0
32089,148919,115598,0
32090,81847,138253,0
32091,54082,139555,0
32092,56923,144619,0
32093,88787,7487,0
32094,102599,76944,0
32095,59219,70514,0
32096,114893,141335,0
32097,91989,44644,0
32098,148609,61707,0
32099,21138,93441,0
32100,41935,81608,0
32101,127328,90836,0
32102,89849,20724,0
32103,127989,107677,0
32104,102448,9512,0
32105,51532,126034,0
32106,134816,75815,0
32107,69744,99484,0
32108,67475,112895,0
32109,150848,92448,0
32110,6392,93054,0
32111,88917,33133,0
32112,112900,114701,0
32113,102922,96042,0
32114,87491,69114,0
32115,65217,93010,0
32116,18470,11611,0
32117,113440,141539,0
32118,115869,35908,0
32119,97898,66936,0
32120,245,107597,0
32121,69063,79760,0
32122,120246,6617,0
32123,82071,132867,0
32124,74719,82871,0
32125,69449,139627,0
32126,147959,75749,0
32127,92858,101097,0
32128,69491,69252,0
32129,109050,102900,0
32130,52459,126893,0
32131,89043,121912,0
32132,129423,70819,0
32133,576,29491,0
32134,32965,29062,0
32135,47732,64132,0
32136,142257,129650,0
32137,65215,588,0
32138,101596,74960,0
32139,104374,92854,0
32140,114070,59327,0
32141,129916,113474,0
32142,56071,45476,0
32143,108530,25484,0
32144,57593,4239,0
32145,67629,75682,0
32146,107242,139468,0
32147,22282,83711,0
32148,23810,127509,0
32149,74357,87903,0
32150,10651,53115,0
32151,75490,105969,0
32152,90981,107480,0
32153,11394,40061,0
32154,1657,140362,0
32155,110313,154118,0
32156,27229,102258,0
32157,34290,61211,0
32158,154090,64657,0
32159,69402,125199,0
32160,1447,18133,0
32161,47016,106234,0
32162,130086,29947,0
32163,39320,26935,0
32164,50044,88031,0
32165,70821,77570,0
32166,70183,105028,0
32167,100389,99594,0
32168,38182,29646,0
32169,128159,22769,0
32170,3951,9100,0
32171,134887,115340,0
32172,41689,143332,0
32173,81451,71245,0
32174,132752,57307,0
32175,95456,62458,0
32176,101480,111632,0
32177,150450,9944,0
32178,133602,22199,0
32179,119591,38152,0
32180,115270,148430,0
32181,44025,94329,0
32182,138361,109878,0
32183,123070,22744,0
32184,59340,120885,0
32185,93678,31842,0
32186,112946,6305,0
32187,61686,131536,0
32188,66498,66507,0
32189,113388,68945,0
32190,133806,43928,0
32191,71341,86235,0
32192,102930,2413,0
32193,105512,44883,0
32194,13320,25731,0
32195,51661,44107,0
32196,26161,79337,0
32197,79931,132735,0
32198,131193,25948,0
32199,24624,13070,0
32200,122205,27749,0
32201,128162,102887,0
32202,119683,10684,0
32203,64176,140051,0
32204,19295,40215,0
32205,96136,59122,0
32206,122840,90773,0
32207,14463,35617,0
32208,71301,44305,0
32209,86521,16265,0
32210,61321,347,0
32211,88669,22479,0
32212,113138,85469,0
32213,74047,34264,0
32214,104286,114021,0
32215,22636,70002,0
32216,120679,37073,0
32217,133170,143764,0
32218,14274,63016,0
32219,841,87307,0
32220,37714,22012,0
32221,14793,62402,0
32222,79137,89815,0
32223,131873,128837,0
32224,88467,70022,0
32225,65654,40818,0
32226,43827,10714,0
32227,79202,41328,0
32228,28858,82444,0
32229,78136,116915,0
32230,151844,95445,0
32231,47517,4329,0
32232,53220,29762,0
32233,30792,52044,0
32234,76135,70972,0
32235,135082,6875,0
32236,39965,68919,0
32237,47513,145109,0
32238,110938,135350,0
32239,128525,54995,0
32240,9115,89197,0
32241,22941,131756,0
32242,81338,44931,0
32243,109196,53602,0
32244,125658,71247,0
32245,103203,76502,0
32246,81493,11660,0
32247,63620,33299,0
32248,67965,81229,0
32249,38720,28390,0
32250,138689,1342,0
32251,149625,109078,0
32252,138091,101738,0
32253,96702,62440,0
32254,142465,120191,0
32255,42980,8226,0
32256,52491,107450,0
32257,133594,103659,0
32258,102462,85122,0
32259,78317,129176,0
32260,135653,55848,0
32261,58164,63503,0
32262,108618,23416,0
32263,26265,153990,0
32264,139363,103724,0
32265,65111,1201,0
32266,76487,112779,0
32267,522,84046,0
32268,111724,3765,0
32269,127609,105742,0
32270,53045,63484,0
32271,35519,76859,0
32272,82981,30790,0
32273,63417,119624,0
32274,55673,132299,0
32275,154359,6713,0
32276,17047,68559,0
32277,81757,155040,0
32278,117798,8453,0
32279,98446,127975,0
32280,85933,20069,0
32281,72128,149114,0
32282,79319,14488,0
32283,8419,112920,0
32284,76458,100277,0
32285,76984,44327,0
32286,115330,77621,0
32287,125717,113021,0
32288,50322,95631,0
32289,29436,98106,0
32290,30144,81306,0
32291,65228,93877,0
32292,133928,79805,0
32293,92613,146787,0
32294,116369,71638,0
32295,97971,118800,0
32296,109568,85046,0
32297,154670,112655,0
32298,117251,89913,0
32299,107059,72327,0
32300,113647,5282,0
32301,151719,50125,0
32302,80489,37041,0
32303,120194,4246,0
32304,80534,78616,0
32305,40889,84886,0
32306,61694,66567,0
32307,92974,90305,0
32308,153921,1699,0
32309,5950,128979,0
32310,40270,3998,0
32311,116546,74359,0
32312,95043,79178,0
32313,113547,44680,0
32314,15219,39576,0
32315,57459,105985,0
32316,21100,40523,0
32317,50256,42954,0
32318,61748,86705,0
32319,118171,10381,0
32320,73805,80612,0
32321,65388,22325,0
32322,13203,137472,0
32323,71975,20155,0
32324,25796,137946,0
32325,56723,17054,0
32326,72420,73439,0
32327,47368,108690,0
32328,130437,117244,0
32329,13286,85284,0
32330,21425,127610,0
32331,124750,150454,0
32332,97755,106050,0
32333,8131,146062,0
32334,123839,60419,0
32335,50706,11761,0
32336,7314,28968,0
32337,83504,108659,0
32338,32592,105731,0
32339,153037,117065,0
32340,47492,73579,0
32341,34083,38107,0
32342,43424,118977,0
32343,95973,141936,0
32344,147871,97441,0
32345,57179,150632,0
32346,51309,79707,0
32347,96878,67361,0
32348,76048,122074,0
32349,70681,123411,0
32350,119662,109682,0
32351,14701,125474,0
32352,114204,124457,0
32353,25426,133010,0
32354,78178,50085,0
32355,100097,62748,0
32356,67997,41722,0
32357,55058,130757,0
32358,120014,124903,0
32359,118765,2939,0
32360,77232,80042,0
32361,116045,141550,0
32362,123573,44860,0
32363,50800,94061,0
32364,95176,129837,0
32365,150887,143950,0
32366,127360,48550,0
32367,62059,99313,0
32368,49752,142674,0
32369,60008,133533,0
32370,123309,90844,0
32371,18960,84995,0
32372,112175,78508,0
32373,12967,63322,0
32374,126953,153404,0
32375,145209,142306,0
32376,57994,124169,0
32377,75158,71811,0
32378,130765,35920,0
32379,43522,24511,0
32380,53962,71580,0
32381,81148,29607,0
32382,67411,44062,0
32383,135656,146570,0
32384,83743,94427,0
32385,48724,139119,0
32386,77748,151912,0
32387,108353,143968,0
32388,134449,112165,0
32389,145010,29711,0
32390,117641,106178,0
32391,134375,9649,0
32392,123306,67095,0
32393,16114,67850,0
32394,71561,3832,0
32395,67707,112280,0
32396,17477,83069,0
32397,51669,18023,0
32398,143657,74895,0
32399,33129,58384,0
32400,16394,93100,0
32401,34997,117853,0
32402,142260,63500,0
32403,29862,116822,0
32404,154666,109511,0
32405,127664,33031,0
32406,23224,72032,0
32407,79267,73033,0
32408,70654,32658,0
32409,80804,52460,0
32410,20847,147093,0
32411,3849,123428,0
32412,53025,33417,0
32413,74056,63252,0
32414,31639,119608,0
32415,138725,100510,0
32416,65371,97991,0
32417,87287,17575,0
32418,18124,121861,0
32419,129208,2579,0
32420,98257,108473,0
32421,51058,88197,0
32422,146885,141521,0
32423,2497,132923,0
32424,144641,54289,0
32425,63758,25898,0
32426,49571,97441,0
32427,124216,17272,0
32428,126878,133048,0
32429,22281,19030,0
32430,82709,77244,0
32431,126417,60195,0
32432,9108,9675,0
32433,5244,30536,0
32434,17927,85024,0
32435,8171,60531,0
32436,142387,151355,0
32437,118000,102173,0
32438,97268,121746,0
32439,74497,79932,0
32440,9202,94633,0
32441,40791,101944,0
32442,22013,52839,0
32443,32643,73075,0
32444,134959,121525,0
32445,9199,84326,0
32446,69535,30339,0
32447,116983,82949,0
32448,26548,76359,0
32449,143252,15029,0
32450,51807,103652,0
32451,11829,8590,0
32452,13425,12476,0
32453,86051,98611,0
32454,10474,119576,0
32455,121353,50025,0
32456,56835,56391,0
32457,95089,38836,0
32458,44362,69868,0
32459,121353,68049,0
32460,2900,47620,0
32461,97224,94535,0
32462,62923,128494,0
32463,45560,57340,0
32464,54322,106282,0
32465,133814,145588,0
32466,135108,42168,0
32467,52198,13663,0
32468,10038,224,0
32469,153929,42805,0
32470,57263,136893,0
32471,80658,65639,0
32472,140808,3807,0
32473,33582,104725,0
32474,10840,90316,0
32475,63792,16507,0
32476,154724,105833,0
32477,99604,124853,0
32478,107151,153411,0
32479,65038,39156,0
32480,136838,89369,0
32481,152438,70480,0
32482,11897,153273,0
32483,109778,108359,0
32484,92267,126976,0
32485,74948,27955,0
32486,105125,43429,0
32487,93849,44875,0
32488,149442,13797,0
32489,132837,12492,0
32490,11862,43588,0
32491,41180,92031,0
32492,85620,1579,0
32493,50858,40701,0
32494,41551,44201,0
32495,39444,789,0
32496,107468,56464,0
32497,36758,63777,0
32498,54633,81671,0
32499,49131,58403,0
32500,49008,52147,0
32501,19605,137610,0
32502,104552,43668,0
32503,86558,111409,0
32504,75115,68287,0
32505,20451,116036,0
32506,80365,131028,0
32507,39724,122531,0
32508,28046,56504,0
32509,36439,64859,0
32510,146271,99961,0
32511,43416,147746,0
32512,87120,67770,0
32513,46382,31041,0
32514,124934,85152,0
32515,127390,25428,0
32516,86789,95332,0
32517,56140,153291,0
32518,62797,135435,0
32519,89881,120090,0
32520,149881,15514,0
32521,54073,133222,0
32522,110796,147634,0
32523,18052,56030,0
32524,71839,67406,0
32525,49679,33791,0
32526,62789,152086,0
32527,40075,60414,0
32528,121017,80948,0
32529,48715,56397,0
32530,75290,93067,0
32531,11394,11099,0
32532,122285,15421,0
32533,25778,23749,0
32534,122558,23835,0
32535,9157,16196,0
32536,27301,93012,0
32537,98949,67181,0
32538,133319,90079,0
32539,40321,147383,0
32540,672,129421,0
32541,86173,714,0
32542,90368,71354,0
32543,95250,23805,0
32544,86900,42255,0
32545,31848,108101,0
32546,116632,123642,0
32547,100572,86510,0
32548,70865,148822,0
32549,83041,112404,0
32550,14113,69955,0
32551,1881,111603,0
32552,92445,104123,0
32553,9947,53846,0
32554,69681,124325,0
32555,75206,23789,0
32556,15068,56052,0
32557,11381,48061,0
32558,24790,48665,0
32559,104229,20501,0
32560,132513,6921,0
32561,149018,99539,0
32562,102047,90089,0
32563,95201,61851,0
32564,93747,6370,0
32565,145888,135115,0
32566,57769,96610,0
32567,147685,48921,0
32568,119596,144548,0
32569,114939,141569,0
32570,101916,104514,0
32571,106721,25899,0
32572,68459,81466,0
32573,12167,140754,0
32574,108277,34657,0
32575,35803,146849,0
32576,103103,123805,0
32577,148852,101358,0
32578,26217,124052,0
32579,153578,41690,0
32580,77369,101538,0
32581,151657,146746,0
32582,138445,96193,0
32583,88367,134461,0
32584,63089,54051,0
32585,55444,150742,0
32586,11009,6296,0
32587,34508,58399,0
32588,133192,150978,0
32589,11868,27765,0
32590,22452,123253,0
32591,69099,116832,0
32592,100075,52154,0
32593,77856,64856,0
32594,111248,18515,0
32595,133531,102240,0
32596,10239,52642,0
32597,107211,84709,0
32598,56415,75037,0
32599,43942,67937,0
32600,46824,102989,0
32601,85656,26123,0
32602,44750,119508,0
32603,127076,110538,0
32604,26904,77218,0
32605,125813,147952,0
32606,119102,11110,0
32607,152567,28344,0
32608,111678,63939,0
32609,81035,141628,0
32610,70923,130338,0
32611,13273,23474,0
32612,138701,101795,0
32613,115410,96984,0
32614,57943,41002,0
32615,28596,3237,0
32616,129712,120414,0
32617,79678,103062,0
32618,116322,122066,0
32619,140717,127978,0
32620,84681,13413,0
32621,790,21699,0
32622,77732,121462,0
32623,55419,52132,0
32624,13744,99654,0
32625,23139,552,0
32626,1123,71172,0
32627,59339,21318,0
32628,56721,65842,0
32629,89090,8918,0
32630,21084,56784,0
32631,122330,100722,0
32632,14868,128329,0
32633,47719,64262,0
32634,17262,42340,0
32635,13199,54447,0
32636,127009,31080,0
32637,1180,86345,0
32638,45629,15580,0
32639,85738,18425,0
32640,105002,129123,0
32641,104475,79926,0
32642,148135,46397,0
32643,43268,55545,0
32644,93902,89859,0
32645,103237,129818,0
32646,1386,123947,0
32647,31877,404,0
32648,101084,67427,0
32649,103237,77527,0
32650,26207,134936,0
32651,26979,10757,0
32652,123757,85054,0
32653,134837,41792,0
32654,5956,154463,0
32655,110103,128976,0
32656,132204,118121,0
32657,100227,120999,0
32658,37561,128873,0
32659,136895,120976,0
32660,64110,58906,0
32661,56842,25358,0
32662,110130,152198,0
32663,2476,1279,0
32664,82071,22020,0
32665,38724,26566,0
32666,37705,133240,0
32667,82636,26602,0
32668,119066,111489,0
32669,27811,32694,0
32670,123471,114522,0
32671,45462,137060,0
32672,75212,111508,0
32673,105699,127004,0
32674,29602,132123,0
32675,69709,14490,0
32676,1995,98482,0
32677,17887,1378,0
32678,77595,17897,0
32679,5469,147159,0
32680,71003,112760,0
32681,43462,140001,0
32682,142058,141174,0
32683,42558,116450,0
32684,112401,119991,0
32685,152344,29608,0
32686,76444,124052,0
32687,137068,124393,0
32688,137297,144852,0
32689,123107,34523,0
32690,78473,77206,0
32691,61771,20762,0
32692,89540,77188,0
32693,87082,30236,0
32694,87811,65110,0
32695,113756,57482,0
32696,110630,140308,0
32697,115500,7969,0
32698,230,110865,0
32699,133392,76459,0
32700,6308,98581,0
32701,100239,120188,0
32702,27389,91707,0
32703,56416,74934,0
32704,75501,28886,0
32705,550,44280,0
32706,38366,49992,0
32707,123072,91348,0
32708,62380,12680,0
32709,69930,116848,0
32710,85365,113188,0
32711,123858,13617,0
32712,71346,115145,0
32713,104314,24421,0
32714,40925,64934,0
32715,50746,13110,0
32716,67424,136100,0
32717,141601,126723,0
32718,151310,13085,0
32719,102924,52070,0
32720,45865,34444,0
32721,37714,2001,0
32722,37182,21866,0
32723,112269,31682,0
32724,143541,19236,0
32725,108972,85172,0
32726,147571,11326,0
32727,31519,81413,0
32728,152220,33789,0
32729,50897,26780,0
32730,55067,43334,0
32731,23343,34064,0
32732,76795,88250,0
32733,144327,140503,0
32734,128499,399,0
32735,118293,148058,0
32736,13429,23564,0
32737,35309,104263,0
32738,138184,131493,0
32739,22664,112821,0
32740,80117,90558,0
32741,151964,14597,0
32742,136024,106075,0
32743,73510,154270,0
32744,140084,37562,0
32745,143933,130686,0
32746,42108,91793,0
32747,36672,102438,0
32748,126414,150354,0
32749,101563,27327,0
32750,16455,66257,0
32751,10317,60194,0
32752,146575,89641,0
32753,85481,75069,0
32754,149591,115864,0
32755,150124,73788,0
32756,82224,78770,0
32757,55031,19191,0
32758,70729,16295,0
32759,152076,147954,0
32760,46423,9626,0
32761,3328,54419,0
32762,21058,153192,0
32763,71005,149799,0
32764,8549,131753,0
32765,97412,52158,0
32766,19728,20477,0
32767,59892,13504,0
32768,117535,53291,0
32769,142848,66519,0
32770,31206,69382,0
32771,68784,94019,0
32772,27198,24766,0
32773,61008,138703,0
32774,130861,46784,0
32775,33059,99017,0
32776,85394,19112,0
32777,24393,2166,0
32778,122122,7358,0
32779,132441,126591,0
32780,63165,37027,0
32781,122290,100462,0
32782,369,144258,0
32783,144036,79628,0
32784,13526,30317,0
32785,125896,105055,0
32786,133946,122181,0
32787,29967,40800,0
32788,42957,51569,0
32789,12731,110959,0
32790,154289,67426,0
32791,26019,20712,0
32792,9951,100638,0
32793,18332,49352,0
32794,122802,118812,0
32795,83590,110722,0
32796,13643,13836,0
32797,135175,141185,0
32798,128436,18197,0
32799,135787,65029,0
32800,51990,48047,0
32801,50763,56506,0
32802,24538,89781,0
32803,79437,128688,0
32804,141188,110322,0
32805,3533,61149,0
32806,32528,45511,0
32807,137146,105075,0
32808,94359,92241,0
32809,125440,83227,0
32810,145915,30909,0
32811,83886,133225,0
32812,41792,117842,0
32813,151936,86003,0
32814,96992,131250,0
32815,55356,66725,0
32816,145024,7226,0
32817,12499,117360,0
32818,55804,16981,0
32819,26205,67667,0
32820,79666,37736,0
32821,120573,33470,0
32822,131173,118835,0
32823,53139,116124,0
32824,1877,3233,0
32825,138883,687,0
32826,47431,89002,0
32827,8142,70112,0
32828,45422,84990,0
32829,65198,140996,0
32830,27146,151281,0
32831,127877,120826,0
32832,60278,112620,0
32833,89287,81176,0
32834,100732,27182,0
32835,101255,85130,0
32836,44994,84999,0
32837,148103,90739,0
32838,57347,66783,0
32839,26692,26310,0
32840,13625,88583,0
32841,8063,139733,0
32842,146798,125639,0
32843,90845,38525,0
32844,54709,71103,0
32845,104840,33428,0
32846,154693,83351,0
32847,73463,1946,0
32848,115290,72347,0
32849,139349,91122,0
32850,51216,85269,0
32851,137719,102844,0
32852,84693,60256,0
32853,95643,54003,0
32854,40134,70744,0
32855,10174,8198,0
32856,67369,116763,0
32857,25988,143681,0
32858,74535,139174,0
32859,116387,152877,0
32860,55618,119915,0
32861,143753,83780,0
32862,70079,150885,0
32863,66498,86397,0
32864,54591,129159,0
32865,110859,124588,0
32866,99917,123222,0
32867,28273,31330,0
32868,147767,120456,0
32869,44983,112657,0
32870,50329,15538,0
32871,35353,104950,0
32872,149211,106164,0
32873,81239,31411,0
32874,116074,53789,0
32875,103898,57066,0
32876,31532,117597,0
32877,16037,88495,0
32878,88990,137423,0
32879,40389,75196,0
32880,113168,145662,0
32881,75692,27636,0
32882,92937,7374,0
32883,2112,103742,0
32884,51346,68163,0
32885,31780,20247,0
32886,10509,101470,0
32887,68060,63721,0
32888,24363,87578,0
32889,28045,12124,0
32890,557,77548,0
32891,150248,146686,0
32892,123673,102552,0
32893,4872,143803,0
32894,97295,37211,0
32895,137787,105323,0
32896,58283,155131,0
32897,122958,150783,0
32898,16735,103845,0
32899,43870,35147,0
32900,9300,112371,0
32901,25316,148255,0
32902,44627,81949,0
32903,60203,9315,0
32904,5562,27932,0
32905,92957,118651,0
32906,30640,40799,0
32907,131400,55080,0
32908,144446,65668,0
32909,24595,152752,0
32910,97402,114217,0
32911,27988,25978,0
32912,112248,140584,0
32913,137013,40738,0
32914,8725,75758,0
32915,24678,56547,0
32916,50519,110301,0
32917,25238,79420,0
32918,65694,89108,0
32919,115219,104452,0
32920,127083,132730,0
32921,65587,15350,0
32922,77496,37131,0
32923,110362,105378,0
32924,119942,99021,0
32925,79462,109129,0
32926,105713,126206,0
32927,5681,103735,0
32928,11411,124662,0
32929,112809,12878,0
32930,23434,52260,0
32931,128002,80838,0
32932,60242,114851,0
32933,87265,63711,0
32934,110400,70058,0
32935,81591,14273,0
32936,70289,89579,0
32937,113680,21854,0
32938,49357,131275,0
32939,140149,90942,0
32940,128114,151326,0
32941,94324,48287,0
32942,109099,35327,0
32943,28100,47061,0
32944,78084,98470,0
32945,104073,2028,0
32946,52759,51398,0
32947,73525,105961,0
32948,53488,125394,0
32949,43635,43924,0
32950,45934,97552,0
32951,12515,43554,0
32952,66272,143454,0
32953,140605,53798,0
32954,36600,134155,0
32955,27952,24443,0
32956,36906,93307,0
32957,59936,129678,0
32958,32272,68793,0
32959,54143,42543,0
32960,103497,5965,0
32961,48680,37170,0
32962,105314,102073,0
32963,53374,38463,0
32964,77849,52334,0
32965,84943,77406,0
32966,142473,15952,0
32967,71946,102685,0
32968,35598,63099,0
32969,80775,26392,0
32970,26867,77243,0
32971,155023,51565,0
32972,127264,92724,0
32973,100835,23243,0
32974,78041,76294,0
32975,34265,61738,0
32976,43425,138069,0
32977,115369,75239,0
32978,17094,79591,0
32979,148441,61593,0
32980,74559,48810,0
32981,19242,52567,0
32982,95281,153942,0
32983,128251,86787,0
32984,54533,21044,0
32985,81707,99638,0
32986,94747,16530,0
32987,114487,51851,0
32988,150915,15821,0
32989,51184,131,0
32990,71964,146951,0
32991,111984,70062,0
32992,98225,12126,0
32993,70861,108926,0
32994,114363,85867,0
32995,104247,130703,0
32996,144500,15869,0
32997,85033,97677,0
32998,47886,14796,0
32999,61893,40865,0
33000,58401,14361,0
33001,55348,31545,0
33002,38359,52962,0
33003,89968,9073,0
33004,20937,138646,0
33005,152793,88212,0
33006,138508,73087,0
33007,117895,69701,0
33008,112715,22359,0
33009,46971,111029,0
33010,105219,10463,0
33011,148372,29195,0
33012,105431,73693,0
33013,42844,99538,0
33014,60145,20578,0
33015,124573,75675,0
33016,116707,36521,0
33017,50828,153337,0
33018,136824,70363,0
33019,83641,62027,0
33020,86296,118518,0
33021,106677,21258,0
33022,54695,13246,0
33023,154310,118028,0
33024,441,71708,0
33025,149679,59216,0
33026,38579,20968,0
33027,104209,77548,0
33028,108236,52129,0
33029,62547,18602,0
33030,6361,144651,0
33031,17136,85944,0
33032,71650,29196,0
33033,64003,34443,0
33034,130712,99974,0
33035,101745,154872,0
33036,126458,28257,0
33037,83026,77618,0
33038,3101,142448,0
33039,77995,87539,0
33040,113126,128310,0
33041,153163,1582,0
33042,42567,142179,0
33043,33592,125938,0
33044,7630,75803,0
33045,112439,58011,0
33046,10699,10584,0
33047,145320,144029,0
33048,26863,80236,0
33049,143586,122966,0
33050,93171,131896,0
33051,85321,65313,0
33052,65744,66860,0
33053,151692,137548,0
33054,101458,114551,0
33055,140629,111211,0
33056,94460,86446,0
33057,6608,34283,0
33058,34386,8021,0
33059,97327,55509,0
33060,146971,19744,0
33061,6392,93073,0
33062,41130,102065,0
33063,33979,36727,0
33064,141187,136143,0
33065,147577,45514,0
33066,49060,85698,0
33067,83235,77966,0
33068,125944,126861,0
33069,54581,62895,0
33070,66606,130273,0
33071,78903,101333,0
33072,145593,62446,0
33073,96560,32978,0
33074,129047,35211,0
33075,86225,18157,0
33076,83932,93532,0
33077,28245,104605,0
33078,5320,112245,0
33079,14253,55637,0
33080,80364,95962,0
33081,16767,76678,0
33082,11394,153023,0
33083,110608,84100,0
33084,142130,8291,0
33085,138451,3680,0
33086,44248,84187,0
33087,114491,148922,0
33088,109585,92498,0
33089,103573,113351,0
33090,127975,1894,0
33091,27242,12021,0
33092,102507,99549,0
33093,95063,134623,0
33094,107834,115055,0
33095,48879,151836,0
33096,29688,52068,0
33097,17046,103912,0
33098,76305,27669,0
33099,31084,141714,0
33100,133999,146543,0
33101,27618,58573,0
33102,153078,77926,0
33103,90802,26357,0
33104,49684,104125,0
33105,113974,82565,0
33106,14249,16498,0
33107,109914,98502,0
33108,109258,125747,0
33109,130434,51314,0
33110,30160,78872,0
33111,48811,29191,0
33112,66353,23652,0
33113,139216,71391,0
33114,4819,145305,0
33115,13450,15135,0
33116,47064,78068,0
33117,151387,18507,0
33118,7243,68884,0
33119,148708,76784,0
33120,1160,152517,0
33121,87679,147338,0
33122,78095,154943,0
33123,61298,12504,0
33124,41251,27441,0
33125,2388,60998,0
33126,22132,57530,0
33127,141700,39805,0
33128,8458,129069,0
33129,15132,116833,0
33130,63409,38113,0
33131,33267,140662,0
33132,150324,144690,0
33133,97661,21400,0
33134,94584,115995,0
33135,81554,42958,0
33136,121663,128020,0
33137,73492,3136,0
33138,99646,47283,0
33139,58309,10956,0
33140,133609,90789,0
33141,79710,107582,0
33142,30649,90055,0
33143,9308,109435,0
33144,19492,54019,0
33145,79529,64095,0
33146,24055,107540,0
33147,41896,9075,0
33148,101294,61171,0
33149,71994,93337,0
33150,31916,130891,0
33151,115321,22126,0
33152,140929,130445,0
33153,33476,77323,0
33154,154113,99786,0
33155,115851,15525,0
33156,131803,103779,0
33157,134414,107745,0
33158,21572,18863,0
33159,22060,27316,0
33160,122802,93251,0
33161,78307,6453,0
33162,26490,58169,0
33163,22392,104879,0
33164,145772,126684,0
33165,119275,62828,0
33166,68806,3404,0
33167,20136,22189,0
33168,147868,114201,0
33169,29108,118095,0
33170,154441,14221,0
33171,112945,102520,0
33172,147486,52508,0
33173,145899,7910,0
33174,68495,77505,0
33175,68579,19017,0
33176,113264,132110,0
33177,25917,46796,0
33178,54927,72179,0
33179,119138,66429,0
33180,132818,87562,0
33181,85337,59557,0
33182,86096,121060,0
33183,79344,27429,0
33184,26682,100975,0
33185,31906,8893,0
33186,53391,151409,0
33187,68127,99692,0
33188,71835,103569,0
33189,145450,92450,0
33190,35612,14438,0
33191,15959,83920,0
33192,11398,6233,0
33193,40379,98530,0
33194,150337,152845,0
33195,143790,58906,0
33196,141356,120542,0
33197,116830,35581,0
33198,78898,56647,0
33199,48275,91676,0
33200,91262,21911,0
33201,119010,2879,0
33202,33415,152015,0
33203,109205,122134,0
33204,56889,21133,0
33205,136637,42624,0
33206,145966,136590,0
33207,133291,50809,0
33208,24188,99013,0
33209,3080,51120,0
33210,112097,72744,0
33211,32517,107353,0
33212,149955,15961,0
33213,50195,51851,0
33214,118465,153874,0
33215,69884,21444,0
33216,48763,23459,0
33217,38503,98565,0
33218,57613,31583,0
33219,137847,116042,0
33220,145941,120459,0
33221,91615,11443,0
33222,90622,71557,0
33223,128815,114177,0
33224,137921,141094,0
33225,129727,16239,0
33226,78528,152319,0
33227,111337,13445,0
33228,78524,43426,0
33229,90413,43689,0
33230,120842,17288,0
33231,102425,108356,0
33232,125717,92830,0
33233,121745,92222,0
33234,145752,149680,0
33235,102524,119373,0
33236,24863,5662,0
33237,58082,9270,0
33238,416,97113,0
33239,98576,129296,0
33240,33100,133907,0
33241,8180,139852,0
33242,106299,63397,0
33243,87593,104134,0
33244,87856,26336,0
33245,55369,77256,0
33246,95959,60144,0
33247,44044,2372,0
33248,49327,119564,0
33249,93242,62361,0
33250,85926,12519,0
33251,4769,121896,0
33252,4126,135249,0
33253,82894,43815,0
33254,128148,139367,0
33255,77180,153938,0
33256,90830,148170,0
33257,91115,69691,0
33258,126949,90222,0
33259,90133,90593,0
33260,117074,114478,0
33261,119075,127539,0
33262,57499,73261,0
33263,55972,3604,0
33264,100752,40177,0
33265,146640,117735,0
33266,132390,149946,0
33267,131795,59294,0
33268,15696,56104,0
33269,69330,28295,0
33270,77164,15463,0
33271,34220,57537,0
33272,29901,62457,0
33273,57872,85520,0
33274,47706,104468,0
33275,23058,2210,0
33276,55635,8301,0
33277,31365,114267,0
33278,21874,96573,0
33279,67338,98255,0
33280,64831,60048,0
33281,27070,122183,0
33282,45617,67211,0
33283,82862,59360,0
33284,57194,95767,0
33285,122791,109080,0
33286,112217,137113,0
33287,118088,49287,0
33288,151053,26936,0
33289,35863,103847,0
33290,67801,7860,0
33291,76558,1056,0
33292,68130,74387,0
33293,26544,103234,0
33294,40739,140245,0
33295,135291,49126,0
33296,81125,103599,0
33297,6019,115209,0
33298,51573,13987,0
33299,132291,23301,0
33300,51357,105052,0
33301,21388,49686,0
33302,74945,142985,0
33303,148827,31492,0
33304,135888,127520,0
33305,52880,89952,0
33306,141604,32934,0
33307,96270,23030,0
33308,80718,25669,0
33309,76557,109855,0
33310,142822,79789,0
33311,100908,46195,0
33312,34402,83315,0
33313,99723,62829,0
33314,97225,145950,0
33315,40487,136345,0
33316,77465,65750,0
33317,25971,111571,0
33318,55431,85956,0
33319,137341,89819,0
33320,134882,140506,0
33321,131695,5596,0
33322,2153,73659,0
33323,114451,142783,0
33324,79922,135543,0
33325,80908,117633,0
33326,107216,35004,0
33327,6372,96629,0
33328,9500,51162,0
33329,111594,39232,0
33330,27947,33791,0
33331,17268,49864,0
33332,883,6749,0
33333,114973,14015,0
33334,77442,25250,0
33335,369,90972,0
33336,3228,23715,0
33337,17172,46516,0
33338,66431,53760,0
33339,14815,116980,0
33340,109527,82032,0
33341,25828,24891,0
33342,75163,100268,0
33343,122133,102876,0
33344,65255,86311,0
33345,145781,91197,0
33346,51207,51296,0
33347,73616,126772,0
33348,65692,101492,0
33349,70638,102725,0
33350,147468,22710,0
33351,92263,136351,0
33352,151094,104572,0
33353,48669,89557,0
33354,110590,9432,0
33355,4489,20773,0
33356,79567,90074,0
33357,93049,151807,0
33358,115902,110211,0
33359,16633,47212,0
33360,83432,12788,0
33361,76191,121318,0
33362,119725,40955,0
33363,145185,150662,0
33364,24726,79466,0
33365,111850,123207,0
33366,35222,102882,0
33367,130455,142674,0
33368,52850,53431,0
33369,9835,148410,0
33370,5715,134734,0
33371,96509,4791,0
33372,18761,21999,0
33373,75235,81801,0
33374,61729,68378,0
33375,31443,105733,0
33376,143657,76713,0
33377,114962,58371,0
33378,141883,123683,0
33379,144129,17713,0
33380,62228,141903,0
33381,152119,31262,0
33382,97993,148528,0
33383,136144,78972,0
33384,54406,77898,0
33385,42228,96191,0
33386,153397,741,0
33387,7137,105093,0
33388,86352,97545,0
33389,85681,64849,0
33390,100754,135500,0
33391,22439,13002,0
33392,148847,137166,0
33393,145632,31551,0
33394,130426,131279,0
33395,105426,100719,0
33396,9076,108882,0
33397,78507,78688,0
33398,10257,146636,0
33399,27113,151605,0
33400,77147,51410,0
33401,41006,110978,0
33402,95260,79548,0
33403,48412,77175,0
33404,9261,128969,0
33405,4319,59451,0
33406,142368,42466,0
33407,142605,100939,0
33408,48094,80953,0
33409,121315,120010,0
33410,53146,59043,0
33411,80468,56112,0
33412,135874,73462,0
33413,127405,93661,0
33414,81482,140764,0
33415,105117,117709,0
33416,72834,93517,0
33417,5906,44495,0
33418,71697,61585,0
33419,145591,81868,0
33420,40206,34901,0
33421,78608,93734,0
33422,8074,86343,0
33423,75897,87013,0
33424,114601,64933,0
33425,121724,21714,0
33426,50536,21335,0
33427,31088,141964,0
33428,130652,38405,0
33429,65270,59438,0
33430,88372,106000,0
33431,141673,145421,0
33432,99760,101846,0
33433,88557,113131,0
33434,26557,85759,0
33435,108652,147366,0
33436,91374,11870,0
33437,29165,53326,0
33438,6448,90102,0
33439,13463,9195,0
33440,129854,86714,0
33441,6911,9850,0
33442,80554,62650,0
33443,66032,115095,0
33444,153187,21773,0
33445,93514,79133,0
33446,128474,76578,0
33447,37624,94103,0
33448,87582,114278,0
33449,81592,75425,0
33450,87414,78512,0
33451,131484,147074,0
33452,80620,88665,0
33453,793,132491,0
33454,27860,81430,0
33455,94727,51995,0
33456,101255,15460,0
33457,13185,75245,0
33458,68335,133108,0
33459,65393,100812,0
33460,13148,104622,0
33461,117936,104448,0
33462,76940,77322,0
33463,67821,119227,0
33464,97418,39065,0
33465,37710,42222,0
33466,27160,4111,0
33467,9986,60816,0
33468,31826,89512,0
33469,67223,53258,0
33470,29180,132076,0
33471,145913,89689,0
33472,136350,6511,0
33473,92452,96696,0
33474,34434,121097,0
33475,56214,17630,0
33476,45502,13089,0
33477,33695,69443,0
33478,43575,142548,0
33479,138689,87666,0
33480,9670,88741,0
33481,125750,34817,0
33482,35280,64008,0
33483,125411,13936,0
33484,142665,71479,0
33485,17675,123108,0
33486,141225,146783,0
33487,60133,111741,0
33488,116114,150037,0
33489,77448,71477,0
33490,7703,81979,0
33491,61921,29186,0
33492,64043,6438,0
33493,65517,77774,0
33494,100260,117755,0
33495,50466,88985,0
33496,11154,13142,0
33497,74246,125804,0
33498,18061,15362,0
33499,30493,68549,0
33500,67142,6354,0
33501,110555,96901,0
33502,46452,85134,0
33503,72507,31476,0
33504,10272,65556,0
33505,93773,150932,0
33506,124870,70757,0
33507,71314,33273,0
33508,127255,36320,0
33509,47323,66501,0
33510,121226,136299,0
33511,30283,91813,0
33512,95042,125333,0
33513,92452,109720,0
33514,80268,79569,0
33515,121315,37863,0
33516,3071,19500,0
33517,44630,151156,0
33518,50897,93707,0
33519,23054,110981,0
33520,107107,89683,0
33521,116478,116257,0
33522,69230,98612,0
33523,134727,152795,0
33524,112956,135027,0
33525,82769,152153,0
33526,33145,59893,0
33527,100516,125320,0
33528,105975,32065,0
33529,60010,110818,0
33530,90696,4161,0
33531,17661,77376,0
33532,31453,50814,0
33533,104902,101913,0
33534,11250,100244,0
33535,123729,18687,0
33536,120088,130186,0
33537,76884,121509,0
33538,151800,69645,0
33539,104764,85019,0
33540,121734,71150,0
33541,31006,56157,0
33542,90792,36536,0
33543,153817,105055,0
33544,55367,21758,0
33545,14774,65777,0
33546,86757,62241,0
33547,23678,66233,0
33548,138660,79127,0
33549,108575,83509,0
33550,123,120136,0
33551,150169,38758,0
33552,130086,123926,0
33553,147919,95343,0
33554,12578,68074,0
33555,74449,73279,0
33556,79145,71261,0
33557,96539,56265,0
33558,65635,81488,0
33559,77386,72366,0
33560,36254,58591,0
33561,28330,99110,0
33562,26468,108335,0
33563,20824,36227,0
33564,149442,123909,0
33565,109269,6442,0
33566,112078,118784,0
33567,30962,74983,0
33568,74629,69166,0
33569,97965,25150,0
33570,82633,42343,0
33571,108593,111578,0
33572,135765,40975,0
33573,123711,10924,0
33574,26243,148011,0
33575,11952,44693,0
33576,137547,116792,0
33577,126987,127996,0
33578,16608,134110,0
33579,46731,13322,0
33580,42101,120531,0
33581,147751,116399,0
33582,57626,145424,0
33583,71935,64987,0
33584,5804,12593,0
33585,56267,10956,0
33586,151209,13758,0
33587,11250,65845,0
33588,16628,108769,0
33589,149020,3612,0
33590,58937,127956,0
33591,148149,110583,0
33592,84173,115433,0
33593,18116,103538,0
33594,15850,69970,0
33595,111509,49482,0
33596,32266,45396,0
33597,33153,104230,0
33598,61503,41612,0
33599,43526,28076,0
33600,22178,2564,0
33601,1875,138573,0
33602,118910,66330,0
33603,70794,105229,0
33604,93988,40861,0
33605,108103,150471,0
33606,49572,77128,0
33607,101327,109742,0
33608,76497,81393,0
33609,103523,24521,0
33610,94372,52139,0
33611,85405,124047,0
33612,32006,147142,0
33613,48039,114389,0
33614,75911,113845,0
33615,56512,123677,0
33616,9419,26096,0
33617,99880,83761,0
33618,19114,132764,0
33619,52595,52845,0
33620,34940,52775,0
33621,61257,79483,0
33622,93111,54294,0
33623,149938,71031,0
33624,11418,102819,0
33625,149197,1505,0
33626,95316,28495,0
33627,127998,137157,0
33628,142004,14338,0
33629,26603,146960,0
33630,121362,64415,0
33631,36242,88070,0
33632,81049,59433,0
33633,126739,68813,0
33634,138920,78649,0
33635,72549,43794,0
33636,139644,7778,0
33637,73563,38426,0
33638,111876,121500,0
33639,39443,68268,0
33640,79116,61528,0
33641,51047,73573,0
33642,52131,123921,0
33643,4938,42285,0
33644,31449,136502,0
33645,107287,135170,0
33646,29504,147385,0
33647,77849,109054,0
33648,105894,124280,0
33649,45784,152695,0
33650,150525,128532,0
33651,84862,21999,0
33652,26827,40508,0
33653,138768,78365,0
33654,19062,47206,0
33655,15455,12904,0
33656,98569,117029,0
33657,136438,100975,0
33658,68618,115912,0
33659,108141,57810,0
33660,78080,58956,0
33661,45063,27588,0
33662,104712,34779,0
33663,70720,20638,0
33664,117240,26719,0
33665,27002,102687,0
33666,110230,122956,0
33667,27459,23721,0
33668,14871,153328,0
33669,124622,70295,0
33670,52218,46299,0
33671,153233,93620,0
33672,67627,13719,0
33673,135607,7310,0
33674,49531,87092,0
33675,24131,25659,0
33676,151383,81924,0
33677,111472,57589,0
33678,2983,29090,0
33679,114705,29099,0
33680,77258,109408,0
33681,145388,147134,0
33682,49879,106412,0
33683,41218,137468,0
33684,71378,98662,0
33685,44592,120918,0
33686,101997,117515,0
33687,35139,119277,0
33688,43111,106612,0
33689,18725,32479,0
33690,4861,3654,0
33691,26067,44012,0
33692,51815,40506,0
33693,89840,113843,0
33694,10271,135940,0
33695,115584,19979,0
33696,15150,31605,0
33697,142924,20676,0
33698,52149,117664,0
33699,154529,108814,0
33700,87617,1754,0
33701,4508,25881,0
33702,32752,122300,0
33703,140354,92949,0
33704,49183,139106,0
33705,149620,30193,0
33706,148269,30258,0
33707,119466,134211,0
33708,9180,143590,0
33709,314,89443,0
33710,29580,14586,0
33711,37401,130610,0
33712,123987,123332,0
33713,81697,92015,0
33714,118741,88185,0
33715,65918,114312,0
33716,18064,127080,0
33717,133583,134219,0
33718,19805,31947,0
33719,148899,154521,0
33720,126539,66387,0
33721,48776,124268,0
33722,91279,144134,0
33723,35954,13260,0
33724,441,64665,0
33725,101309,16294,0
33726,60302,123240,0
33727,79791,23529,0
33728,22965,104380,0
33729,10976,127840,0
33730,115657,100728,0
33731,24301,95382,0
33732,146135,85814,0
33733,106150,61705,0
33734,152840,32084,0
33735,127214,30520,0
33736,44389,45992,0
33737,150711,122847,0
33738,50315,85977,0
33739,64594,115061,0
33740,87620,65376,0
33741,123534,44002,0
33742,54695,23071,0
33743,56489,39153,0
33744,43358,37060,0
33745,119128,132357,0
33746,137939,62734,0
33747,145558,71708,0
33748,103271,116743,0
33749,50258,37867,0
33750,154704,51892,0
33751,143021,82256,0
33752,145615,124496,0
33753,43885,62683,0
33754,121025,65010,0
33755,98331,111074,0
33756,136514,68552,0
33757,102231,68454,0
33758,77734,155123,0
33759,52232,106302,0
33760,57038,63285,0
33761,117185,153417,0
33762,103775,31037,0
33763,22038,35912,0
33764,68202,99246,0
33765,112525,11991,0
33766,74096,153341,0
33767,7813,13422,0
33768,144976,18492,0
33769,33610,59680,0
33770,132424,132959,0
33771,4551,78946,0
33772,2923,103603,0
33773,89390,102686,0
33774,66916,89253,0
33775,132677,154763,0
33776,78086,87844,0
33777,139602,106025,0
33778,94978,9039,0
33779,81615,52663,0
33780,82437,37783,0
33781,67241,120133,0
33782,115443,22548,0
33783,89129,121102,0
33784,48535,148127,0
33785,95818,55790,0
33786,81819,38942,0
33787,48218,148736,0
33788,110291,105040,0
33789,47347,123378,0
33790,70978,130985,0
33791,41575,59879,0
33792,99028,9676,0
33793,49890,122613,0
33794,92372,57730,0
33795,136331,65247,0
33796,103974,92149,0
33797,42495,77577,0
33798,151941,147820,0
33799,105633,35877,0
33800,29915,41084,0
33801,75053,29895,0
33802,35505,88950,0
33803,32856,28988,0
33804,114394,25227,0
33805,10549,95677,0
33806,21025,5732,0
33807,143316,33816,0
33808,145483,43206,0
33809,27284,66608,0
33810,41541,83101,0
33811,54178,106690,0
33812,120800,56032,0
33813,62269,45820,0
33814,142080,139686,0
33815,40211,99774,0
33816,83672,117764,0
33817,60329,124086,0
33818,98557,111830,0
33819,7541,129443,0
33820,77253,55477,0
33821,21386,69511,0
33822,151465,147372,0
33823,20783,119148,0
33824,18363,84449,0
33825,70932,7123,0
33826,75583,119900,0
33827,71034,39815,0
33828,79676,24612,0
33829,154407,103691,0
33830,145494,9250,0
33831,100276,150059,0
33832,45372,132668,0
33833,147702,65594,0
33834,149699,72735,0
33835,67103,72933,0
33836,16864,94688,0
33837,66405,104063,0
33838,150955,78262,0
33839,129189,82843,0
33840,61893,131455,0
33841,99265,115835,0
33842,12666,46487,0
33843,101926,104925,0
33844,43469,62882,0
33845,107286,116482,0
33846,6644,123645,0
33847,75665,121881,0
33848,93323,57068,0
33849,60217,89112,0
33850,58457,50721,0
33851,115271,75496,0
33852,14418,50066,0
33853,48454,118187,0
33854,746,15071,0
33855,54411,63693,0
33856,89758,74834,0
33857,43168,33792,0
33858,55398,103793,0
33859,138095,101940,0
33860,2558,53704,0
33861,66469,38984,0
33862,142648,9050,0
33863,20509,37435,0
33864,105945,151003,0
33865,36610,121250,0
33866,70684,109140,0
33867,48059,105993,0
33868,13675,116543,0
33869,67653,69885,0
33870,23482,127661,0
33871,66,111769,0
33872,94423,11539,0
33873,109811,9614,0
33874,142270,48130,0
33875,86233,24341,0
33876,116158,39410,0
33877,41811,4490,0
33878,84812,100709,0
33879,74110,50379,0
33880,124140,105849,0
33881,29718,80081,0
33882,122791,152392,0
33883,22530,107639,0
33884,37257,33529,0
33885,92390,82252,0
33886,9201,127896,0
33887,24051,155100,0
33888,8210,14218,0
33889,46824,42372,0
33890,35725,84686,0
33891,122890,140814,0
33892,97192,139490,0
33893,85521,99152,0
33894,122051,7934,0
33895,116486,28987,0
33896,49728,23384,0
33897,139242,146871,0
33898,51895,147378,0
33899,21351,128978,0
33900,134137,139445,0
33901,107432,147473,0
33902,111575,124998,0
33903,134009,75600,0
33904,11812,132845,0
33905,55430,122556,0
33906,13817,133400,0
33907,64711,148797,0
33908,17477,50935,0
33909,69330,99287,0
33910,45432,76774,0
33911,128605,91743,0
33912,48706,38322,0
33913,19370,115600,0
33914,125904,106587,0
33915,103749,92215,0
33916,59134,104994,0
33917,137193,117776,0
33918,2901,92882,0
33919,151455,118283,0
33920,97654,95408,0
33921,89348,121668,0
33922,27433,125125,0
33923,133675,144762,0
33924,66091,61228,0
33925,71037,115785,0
33926,146562,29828,0
33927,150347,101513,0
33928,61083,143564,0
33929,86920,61194,0
33930,115627,102145,0
33931,114687,59171,0
33932,79837,130140,0
33933,7589,125317,0
33934,20956,3129,0
33935,27818,95243,0
33936,33171,128271,0
33937,87420,114233,0
33938,118260,140125,0
33939,146936,105073,0
33940,97024,44739,0
33941,64865,91755,0
33942,116689,14007,0
33943,114896,137730,0
33944,136535,13250,0
33945,121256,77128,0
33946,4041,36510,0
33947,153311,121776,0
33948,24588,98836,0
33949,110860,5814,0
33950,29496,65744,0
33951,49541,139176,0
33952,90194,26865,0
33953,123164,82505,0
33954,34294,122236,0
33955,141738,33510,0
33956,59437,109795,0
33957,20925,66012,0
33958,66569,81336,0
33959,34043,134127,0
33960,37834,24886,0
33961,123397,113989,0
33962,28586,131459,0
33963,122323,61415,0
33964,80884,62396,0
33965,45945,65575,0
33966,111735,107587,0
33967,40525,40379,0
33968,15698,148643,0
33969,128723,63725,0
33970,124227,80027,0
33971,121064,92447,0
33972,86315,127896,0
33973,92397,38742,0
33974,30821,63554,0
33975,152163,80139,0
33976,33481,70062,0
33977,65560,44481,0
33978,49859,64422,0
33979,8364,126552,0
33980,15806,85972,0
33981,129283,39925,0
33982,43791,50282,0
33983,135256,127461,0
33984,118682,130775,0
33985,134852,12236,0
33986,63008,93573,0
33987,28911,50427,0
33988,72910,17876,0
33989,23553,43823,0
33990,66336,26549,0
33991,84693,145666,0
33992,61667,48553,0
33993,9033,4169,0
33994,18545,101775,0
33995,6811,945,0
33996,22282,134239,0
33997,49073,72442,0
33998,17718,145115,0
33999,107985,80990,0
34000,19026,150538,0
34001,146051,133907,0
34002,72312,3715,0
34003,64129,49741,0
34004,61129,131689,0
34005,143161,29093,0
34006,72854,82115,0
34007,102037,91700,0
34008,116460,151698,0
34009,56652,10580,0
34010,53591,78328,0
34011,141096,116251,0
34012,86741,139140,0
34013,68123,78954,0
34014,5796,51273,0
34015,23887,19603,0
34016,105476,16294,0
34017,125054,104747,0
34018,27406,68768,0
34019,133227,12975,0
34020,41178,102005,0
34021,65616,23956,0
34022,21879,98538,0
34023,53558,83725,0
34024,154607,114586,0
34025,127184,108334,0
34026,24569,82906,0
34027,113941,111985,0
34028,75535,142641,0
34029,41145,94340,0
34030,139020,104006,0
34031,91798,105464,0
34032,49813,1699,0
34033,145981,119943,0
34034,134071,61815,0
34035,132037,142950,0
34036,37909,43652,0
34037,28921,1369,0
34038,56436,80749,0
34039,154276,100774,0
34040,141700,109671,0
34041,98677,126551,0
34042,67573,111034,0
34043,140518,31143,0
34044,152464,44644,0
34045,7268,20400,0
34046,82605,100312,0
34047,145737,141328,0
34048,3155,109503,0
34049,28650,45921,0
34050,102023,126179,0
34051,44377,146699,0
34052,76181,61883,0
34053,108180,9978,0
34054,139281,142524,0
34055,54028,5389,0
34056,111384,141655,0
34057,139144,35829,0
34058,705,142056,0
34059,132355,93841,0
34060,116472,11096,0
34061,100209,22081,0
34062,146225,34143,0
34063,114645,3956,0
34064,124724,4698,0
34065,144400,11729,0
34066,80534,52215,0
34067,26418,5672,0
34068,78681,36329,0
34069,2429,129037,0
34070,31136,7838,0
34071,51256,106584,0
34072,110844,79569,0
34073,125677,152109,0
34074,101611,2945,0
34075,22694,122208,0
34076,14057,147938,0
34077,47144,82780,0
34078,37657,87321,0
34079,107674,10833,0
34080,80210,34283,0
34081,3240,13262,0
34082,76895,31924,0
34083,98557,83979,0
34084,53817,88953,0
34085,125743,138495,0
34086,7991,142361,0
34087,23224,26050,0
34088,60797,29713,0
34089,102459,99062,0
34090,44890,93726,0
34091,153583,33703,0
34092,149770,8788,0
34093,107828,91707,0
34094,75787,147023,0
34095,37993,62846,0
34096,99541,84211,0
34097,146484,61466,0
34098,9393,38723,0
34099,75556,97781,0
34100,124603,128573,0
34101,69327,67798,0
34102,89207,146192,0
34103,92270,13422,0
34104,100402,92204,0
34105,121783,103718,0
34106,148341,44598,0
34107,46287,124315,0
34108,132752,20833,0
34109,81936,56807,0
34110,55556,35968,0
34111,107115,20592,0
34112,2220,153802,0
34113,6513,122373,0
34114,41500,73158,0
34115,46798,18457,0
34116,14162,2338,0
34117,20972,35148,0
34118,96426,59171,0
34119,50812,16894,0
34120,121026,33804,0
34121,76339,94577,0
34122,71144,125099,0
34123,12022,102259,0
34124,126429,50317,0
34125,13510,146986,0
34126,73246,15870,0
34127,2357,143988,0
34128,22196,94268,0
34129,127811,139609,0
34130,99239,123444,0
34131,100893,96632,0
34132,100571,54292,0
34133,53834,140521,0
34134,153619,112656,0
34135,45040,63556,0
34136,12297,69270,0
34137,540,4070,0
34138,52529,47799,0
34139,155156,103901,0
34140,118000,123906,0
34141,41017,55422,0
34142,68324,80494,0
34143,109001,77568,0
34144,46339,127595,0
34145,121322,108467,0
34146,106266,64878,0
34147,55208,111154,0
34148,69796,81616,0
34149,92212,114298,0
34150,32423,151221,0
34151,136631,46064,0
34152,95121,118559,0
34153,37128,35982,0
34154,76748,34052,0
34155,47632,19613,0
34156,113340,114404,0
34157,152293,11968,0
34158,151437,83239,0
34159,52161,144259,0
34160,77841,95087,0
34161,147389,36035,0
34162,136332,49492,0
34163,53217,116225,0
34164,5180,65858,0
34165,100881,138201,0
34166,106082,63150,0
34167,136503,198,0
34168,37240,51813,0
34169,95326,132148,0
34170,124386,78972,0
34171,43172,55532,0
34172,86496,71956,0
34173,116561,27597,0
34174,86330,67837,0
34175,59595,96999,0
34176,129304,125706,0
34177,17131,87403,0
34178,21669,30549,0
34179,74012,95745,0
34180,130075,50533,0
34181,5858,126438,0
34182,32493,52326,0
34183,155029,116678,0
34184,73044,16945,0
34185,68786,12976,0
34186,132650,147896,0
34187,107138,51362,0
34188,142598,81882,0
34189,45452,35322,0
34190,77580,93593,0
34191,83158,126796,0
34192,147539,140506,0
34193,22694,39812,0
34194,20346,81415,0
34195,120467,15795,0
34196,146589,21849,0
34197,36630,147895,0
34198,1876,93748,0
34199,132918,153516,0
34200,48725,136283,0
34201,154283,259,0
34202,32297,73521,0
34203,110619,150092,0
34204,111864,146675,0
34205,78772,82378,0
34206,136363,139400,0
34207,68490,8579,0
34208,120954,141223,0
34209,76220,122967,0
34210,149675,76136,0
34211,36052,146246,0
34212,54305,84295,0
34213,142938,46159,0
34214,13150,70766,0
34215,118126,25710,0
34216,111232,78152,0
34217,44686,122180,0
34218,84644,70438,0
34219,13910,143776,0
34220,127832,128267,0
34221,136743,33627,0
34222,108686,76024,0
34223,72204,84292,0
34224,111744,40840,0
34225,120779,116409,0
34226,117006,77186,0
34227,66729,103829,0
34228,43291,27873,0
34229,126794,10197,0
34230,83246,5287,0
34231,130861,60146,0
34232,148441,102413,0
34233,91104,93834,0
34234,103214,154346,0
34235,116435,51868,0
34236,86917,29948,0
34237,128597,74142,0
34238,87629,31311,0
34239,139901,893,0
34240,59569,144869,0
34241,75120,79460,0
34242,5895,60715,0
34243,115404,73527,0
34244,74974,54458,0
34245,154965,101659,0
34246,98950,86890,0
34247,68798,19686,0
34248,36841,112394,0
34249,26432,140356,0
34250,34955,49205,0
34251,118594,50440,0
34252,142480,22352,0
34253,118111,2051,0
34254,107828,97527,0
34255,98730,87619,0
34256,134473,80289,0
34257,141381,54784,0
34258,37488,120399,0
34259,20166,131421,0
34260,111362,5359,0
34261,130572,123098,0
34262,61314,33493,0
34263,144665,78983,0
34264,31161,134315,0
34265,114711,23085,0
34266,92475,34929,0
34267,132370,40358,0
34268,57349,97761,0
34269,54001,108285,0
34270,3985,37308,0
34271,7471,88046,0
34272,21529,119193,0
34273,19201,56089,0
34274,3186,59515,0
34275,17958,53602,0
34276,44752,124191,0
34277,141443,153001,0
34278,146616,15846,0
34279,20386,99286,0
34280,48380,54956,0
34281,96947,7787,0
34282,79771,149888,0
34283,142153,129749,0
34284,118526,109211,0
34285,143400,20060,0
34286,91982,38984,0
34287,99319,3870,0
34288,60001,131617,0
34289,14489,35959,0
34290,15588,44547,0
34291,70581,88555,0
34292,64124,3554,0
34293,27232,99170,0
34294,137843,115937,0
34295,5765,101391,0
34296,126786,11359,0
34297,104781,108998,0
34298,119120,4791,0
34299,145394,149451,0
34300,131590,138653,0
34301,146967,40214,0
34302,132801,26785,0
34303,153634,96382,0
34304,15625,110557,0
34305,118670,90708,0
34306,125467,80138,0
34307,150097,105760,0
34308,20349,85048,0
34309,62311,13725,0
34310,77154,141867,0
34311,97630,30851,0
34312,142972,124695,0
34313,114656,109622,0
34314,41548,124127,0
34315,151343,132757,0
34316,32253,81598,0
34317,66445,37154,0
34318,120115,130398,0
34319,140243,5296,0
34320,107185,5,0
34321,154964,123311,0
34322,137566,124557,0
34323,76477,154692,0
34324,16291,5243,0
34325,71890,132326,0
34326,57131,84287,0
34327,43403,57786,0
34328,98357,104515,0
34329,96405,16002,0
34330,75716,74967,0
34331,67272,115165,0
34332,77700,13370,0
34333,149542,93598,0
34334,86499,29129,0
34335,84224,6672,0
34336,118055,96393,0
34337,60246,102865,0
34338,97328,102601,0
34339,47927,120299,0
34340,133066,94113,0
34341,3656,22867,0
34342,8428,50789,0
34343,40307,123877,0
34344,74504,82692,0
34345,134476,19451,0
34346,63993,102792,0
34347,123805,72033,0
34348,142529,53275,0
34349,47849,86704,0
34350,142497,34323,0
34351,18507,61048,0
34352,116237,15275,0
34353,12066,121581,0
34354,131827,18349,0
34355,8297,40632,0
34356,287,154591,0
34357,6854,50331,0
34358,98866,60768,0
34359,79358,6984,0
34360,140140,31930,0
34361,102134,73465,0
34362,154487,75598,0
34363,102844,85781,0
34364,15581,69238,0
34365,144401,64282,0
34366,412,76629,0
34367,72372,55213,0
34368,96516,60382,0
34369,79076,45671,0
34370,121476,129967,0
34371,28240,153366,0
34372,84004,129481,0
34373,149276,100494,0
34374,9588,34017,0
34375,72919,121710,0
34376,154920,115342,0
34377,122664,147574,0
34378,123122,123471,0
34379,134205,83050,0
34380,128799,62701,0
34381,38346,100249,0
34382,86393,114488,0
34383,8348,81705,0
34384,46039,17489,0
34385,88367,88703,0
34386,46546,36535,0
34387,77594,76551,0
34388,113979,76512,0
34389,94514,46610,0
34390,69828,89200,0
34391,105534,146128,0
34392,20206,120799,0
34393,138064,54855,0
34394,65655,129646,0
34395,119198,21647,0
34396,116306,111979,0
34397,24156,44758,0
34398,104628,21685,0
34399,41459,131874,0
34400,2223,143568,0
34401,24302,59594,0
34402,17287,73604,0
34403,143819,90607,0
34404,110915,7918,0
34405,116921,137103,0
34406,123596,45449,0
34407,6687,47766,0
34408,101241,26339,0
34409,36609,136831,0
34410,86803,30883,0
34411,54067,83070,0
34412,91073,100267,0
34413,114967,32176,0
34414,103818,630,0
34415,105037,41440,0
34416,115337,90989,0
34417,133211,140817,0
34418,114629,37391,0
34419,88518,140877,0
34420,74047,119082,0
34421,61001,68082,0
34422,141829,67276,0
34423,132033,134133,0
34424,104043,147611,0
34425,45578,32217,0
34426,146949,11545,0
34427,54672,101077,0
34428,138526,78867,0
34429,53024,2661,0
34430,102973,74175,0
34431,31780,25731,0
34432,142117,69272,0
34433,47502,62974,0
34434,116461,47783,0
34435,25386,92905,0
34436,82929,8740,0
34437,50298,3559,0
34438,74931,65308,0
34439,47450,135504,0
34440,42828,23082,0
34441,9803,66124,0
34442,116745,7219,0
34443,115489,19824,0
34444,38179,115963,0
34445,64580,153787,0
34446,61134,96408,0
34447,81820,46078,0
34448,76893,138541,0
34449,103404,57942,0
34450,94864,105012,0
34451,868,130772,0
34452,21735,47145,0
34453,82067,46500,0
34454,139015,39267,0
34455,101640,22908,0
34456,75795,38524,0
34457,100247,2148,0
34458,37492,71756,0
34459,49003,18407,0
34460,31077,37807,0
34461,26957,120073,0
34462,129404,34381,0
34463,84681,153949,0
34464,88122,148252,0
34465,42667,76751,0
34466,99522,111216,0
34467,66020,144420,0
34468,29758,61462,0
34469,94514,12647,0
34470,39486,62984,0
34471,116160,26984,0
34472,60750,124796,0
34473,126524,44090,0
34474,130002,113715,0
34475,18087,12810,0
34476,132667,22823,0
34477,5975,65681,0
34478,92383,102546,0
34479,53739,95524,0
34480,138527,109682,0
34481,39351,122070,0
34482,46220,111282,0
34483,43189,70271,0
34484,124272,136872,0
34485,138034,130307,0
34486,120150,89475,0
34487,122892,105692,0
34488,29801,116675,0
34489,137959,86851,0
34490,131223,42127,0
34491,31294,100450,0
34492,77668,49413,0
34493,61038,15251,0
34494,115719,25456,0
34495,90067,141789,0
34496,21112,75079,0
34497,79833,85607,0
34498,23991,46517,0
34499,54247,31144,0
34500,57647,151223,0
34501,45922,137147,0
34502,134978,87273,0
34503,93352,98841,0
34504,14701,81756,0
34505,135863,147322,0
34506,84998,44748,0
34507,36426,112512,0
34508,85439,27897,0
34509,119993,61306,0
34510,39475,63879,0
34511,61385,146740,0
34512,32456,33097,0
34513,119680,122547,0
34514,5948,13254,0
34515,114292,85303,0
34516,39222,5260,0
34517,127303,125649,0
34518,126890,153291,0
34519,129019,77370,0
34520,96267,143104,0
34521,134205,45405,0
34522,101135,100962,0
34523,139194,68467,0
34524,63068,141970,0
34525,82981,118202,0
34526,122678,111409,0
34527,50381,137678,0
34528,39827,94071,0
34529,13897,102404,0
34530,60870,16947,0
34531,149806,79279,0
34532,63928,35161,0
34533,24245,17346,0
34534,71338,149088,0
34535,31878,4266,0
34536,143885,47556,0
34537,119451,53373,0
34538,149357,96293,0
34539,117921,29579,0
34540,140318,64095,0
34541,29763,86074,0
34542,99504,58938,0
34543,25073,146067,0
34544,153825,106513,0
34545,56808,24249,0
34546,116874,103034,0
34547,46788,88343,0
34548,94745,139872,0
34549,78309,75223,0
34550,73800,82882,0
34551,130862,85527,0
34552,95700,140166,0
34553,149765,96386,0
34554,79767,143238,0
34555,23091,86076,0
34556,127192,35646,0
34557,63975,88269,0
34558,56842,32540,0
34559,39623,25968,0
34560,110521,35429,0
34561,50882,18033,0
34562,47283,33785,0
34563,104619,97504,0
34564,144510,63349,0
34565,147786,85220,0
34566,146410,105420,0
34567,41374,114994,0
34568,45556,133414,0
34569,137921,152804,0
34570,58463,50507,0
34571,122843,9806,0
34572,107328,99261,0
34573,66962,106514,0
34574,148454,16488,0
34575,82548,148939,0
34576,137953,75444,0
34577,19154,69753,0
34578,151652,55701,0
34579,119860,22314,0
34580,132431,23319,0
34581,91256,125384,0
34582,52326,143022,0
34583,132107,152730,0
34584,86411,112232,0
34585,17772,120664,0
34586,137944,106021,0
34587,118406,39717,0
34588,134788,68690,0
34589,91240,125363,0
34590,149425,61608,0
34591,84931,103125,0
34592,52205,122161,0
34593,36280,23771,0
34594,152260,150319,0
34595,38260,150186,0
34596,4817,43126,0
34597,76810,134955,0
34598,131812,105729,0
34599,66601,44293,0
34600,97998,6924,0
34601,115821,139917,0
34602,69428,12897,0
34603,7519,49265,0
34604,22994,128204,0
34605,15508,116534,0
34606,35666,59556,0
34607,99700,87902,0
34608,98745,73692,0
34609,19271,131919,0
34610,31807,35552,0
34611,113699,72546,0
34612,44447,63989,0
34613,142863,150511,0
34614,47939,130617,0
34615,45373,15686,0
34616,40910,29081,0
34617,1240,93283,0
34618,76161,85784,0
34619,85448,132846,0
34620,48666,140788,0
34621,117404,33406,0
34622,26741,107154,0
34623,36892,126007,0
34624,29596,103520,0
34625,101577,22239,0
34626,10765,84824,0
34627,70227,26414,0
34628,14868,1431,0
34629,33740,74933,0
34630,51984,126891,0
34631,61955,96359,0
34632,17506,45482,0
34633,98968,152126,0
34634,148742,147914,0
34635,34977,75,0
34636,84844,80832,0
34637,68080,48988,0
34638,35569,61590,0
34639,50350,123879,0
34640,44618,120704,0
34641,94318,74378,0
34642,150444,132831,0
34643,62939,143047,0
34644,44151,119989,0
34645,29835,73212,0
34646,120304,83745,0
34647,68010,104340,0
34648,153566,33840,0
34649,49902,135198,0
34650,88086,120807,0
34651,140381,29905,0
34652,149886,153532,0
34653,137367,26684,0
34654,53002,28853,0
34655,143142,13457,0
34656,120526,123766,0
34657,6789,89010,0
34658,21004,92387,0
34659,75039,85207,0
34660,155136,16897,0
34661,92997,47123,0
34662,101475,154094,0
34663,99046,13228,0
34664,88804,39699,0
34665,120260,114090,0
34666,16676,99829,0
34667,132294,46938,0
34668,38221,1365,0
34669,4355,143087,0
34670,51989,110024,0
34671,121693,33964,0
34672,97940,117809,0
34673,126064,82815,0
34674,43465,120117,0
34675,54406,31403,0
34676,82124,14245,0
34677,61397,148915,0
34678,136651,138030,0
34679,102660,25676,0
34680,3065,81337,0
34681,78757,71134,0
34682,11813,42633,0
34683,63335,108428,0
34684,120198,39440,0
34685,14394,46915,0
34686,75615,63546,0
34687,52859,125895,0
34688,118618,54298,0
34689,59140,143459,0
34690,153021,102771,0
34691,108771,73681,0
34692,28986,102495,0
34693,55902,136454,0
34694,22145,57249,0
34695,133617,61236,0
34696,37595,38702,0
34697,35570,88013,0
34698,9115,145471,0
34699,102465,66218,0
34700,41801,97928,0
34701,139724,72193,0
34702,109249,43007,0
34703,86556,42088,0
34704,8310,142999,0
34705,65566,28635,0
34706,70637,71886,0
34707,3691,139326,0
34708,47735,38827,0
34709,42349,60918,0
34710,27298,114624,0
34711,144451,16648,0
34712,9274,76022,0
34713,67981,152427,0
34714,51367,100162,0
34715,24522,111312,0
34716,12649,86940,0
34717,5036,51876,0
34718,130923,114139,0
34719,110096,148295,0
34720,105314,72415,0
34721,139146,73102,0
34722,9753,33528,0
34723,44450,12473,0
34724,53548,85069,0
34725,134425,33575,0
34726,89743,21046,0
34727,8196,59118,0
34728,122975,154197,0
34729,7263,13947,0
34730,80872,90882,0
34731,143611,27168,0
34732,106645,137107,0
34733,148804,18155,0
34734,79438,111917,0
34735,94320,133490,0
34736,973,63695,0
34737,90703,130399,0
34738,35495,78246,0
34739,6070,20024,0
34740,58401,97310,0
34741,90734,63361,0
34742,125101,74385,0
34743,112888,83407,0
34744,9982,38119,0
34745,30925,54996,0
34746,73276,124566,0
34747,131434,85622,0
34748,135361,60866,0
34749,66770,109557,0
34750,77474,113151,0
34751,44238,30763,0
34752,55444,113906,0
34753,131162,120612,0
34754,93505,88551,0
34755,119659,119204,0
34756,65689,144435,0
34757,39699,101680,0
34758,22271,47968,0
34759,123583,35156,0
34760,5643,33989,0
34761,73480,149787,0
34762,151862,45437,0
34763,12064,6518,0
34764,69784,143922,0
34765,86958,130347,0
34766,19091,132600,0
34767,84736,124746,0
34768,152765,130615,0
34769,73738,21896,0
34770,95715,154967,0
34771,33879,83197,0
34772,21276,43794,0
34773,35586,3907,0
34774,7684,30078,0
34775,113425,6536,0
34776,18228,2725,0
34777,55577,149541,0
34778,42860,102175,0
34779,17613,3480,0
34780,79924,115042,0
34781,53723,29122,0
34782,113136,140221,0
34783,121335,2203,0
34784,49399,96897,0
34785,81419,2200,0
34786,61835,25386,0
34787,12630,15255,0
34788,33217,52191,0
34789,19195,27475,0
34790,63010,95576,0
34791,60242,49916,0
34792,59676,95696,0
34793,151353,4604,0
34794,91226,31240,0
34795,33806,22350,0
34796,89823,10161,0
34797,71734,3088,0
34798,79873,49124,0
34799,5177,107192,0
34800,141478,83923,0
34801,24175,122015,0
34802,49129,62401,0
34803,83350,61718,0
34804,17542,108399,0
34805,88150,73869,0
34806,56596,64904,0
34807,56968,21332,0
34808,10743,139534,0
34809,124041,68233,0
34810,134921,16272,0
34811,26831,58379,0
34812,75206,56634,0
34813,146010,116316,0
34814,152862,148733,0
34815,114039,43736,0
34816,65150,145437,0
34817,19472,31795,0
34818,63379,63444,0
34819,60408,141336,0
34820,62042,33912,0
34821,39443,33098,0
34822,61656,120835,0
34823,96156,121914,0
34824,34014,60561,0
34825,83025,118609,0
34826,57662,45459,0
34827,47767,40354,0
34828,30479,35387,0
34829,19898,43993,0
34830,121535,9063,0
34831,144954,77140,0
34832,125552,126885,0
34833,38173,44888,0
34834,110807,46205,0
34835,141159,33547,0
34836,72996,77195,0
34837,35603,127141,0
34838,20966,126721,0
34839,31446,87561,0
34840,116375,88045,0
34841,14290,154868,0
34842,40802,70196,0
34843,11216,96465,0
34844,135335,134917,0
34845,121818,114293,0
34846,5485,109233,0
34847,110227,76270,0
34848,12512,148611,0
34849,109811,41449,0
34850,720,37038,0
34851,72194,24170,0
34852,55087,44052,0
34853,36955,42767,0
34854,67711,27720,0
34855,127821,68412,0
34856,92491,34307,0
34857,74516,122701,0
34858,35113,113113,0
34859,88784,78519,0
34860,34830,37729,0
34861,28396,53420,0
34862,56984,99135,0
34863,20175,109685,0
34864,12484,71629,0
34865,9308,117951,0
34866,78882,87468,0
34867,65036,115971,0
34868,11706,83833,0
34869,18576,93209,0
34870,84371,5764,0
34871,2019,94868,0
34872,9300,21516,0
34873,88796,107803,0
34874,19720,118006,0
34875,128341,42127,0
34876,137050,23516,0
34877,87383,75746,0
34878,127798,147976,0
34879,6666,82076,0
34880,87464,135266,0
34881,8224,148797,0
34882,13659,131702,0
34883,69594,90492,0
34884,48355,114103,0
34885,31693,143748,0
34886,122114,149020,0
34887,143851,95543,0
34888,2540,18889,0
34889,48055,77450,0
34890,9892,102067,0
34891,11344,1889,0
34892,149503,124854,0
34893,79717,7909,0
34894,16621,111802,0
34895,116821,138924,0
34896,103878,58614,0
34897,120419,127699,0
34898,121865,35436,0
34899,26761,154921,0
34900,128379,86605,0
34901,91430,132615,0
34902,59490,112792,0
34903,119188,5174,0
34904,111776,153364,0
34905,38792,46401,0
34906,70804,147075,0
34907,48798,140382,0
34908,15498,137792,0
34909,51872,146013,0
34910,38488,110348,0
34911,91535,133981,0
34912,29059,26101,0
34913,103838,143557,0
34914,23282,71052,0
34915,7278,148766,0
34916,69064,76403,0
34917,110291,30410,0
34918,92689,80754,0
34919,54449,101412,0
34920,103660,147788,0
34921,78156,4695,0
34922,9649,100424,0
34923,48304,25710,0
34924,9024,152122,0
34925,78534,96160,0
34926,4573,43629,0
34927,134205,17034,0
34928,99253,114294,0
34929,52,64500,0
34930,50099,86020,0
34931,149201,2470,0
34932,79055,62213,0
34933,87293,107009,0
34934,78073,66973,0
34935,56340,90522,0
34936,153960,148032,0
34937,31424,74225,0
34938,43191,107272,0
34939,38793,68463,0
34940,112698,79062,0
34941,154365,101093,0
34942,40220,91361,0
34943,87577,24990,0
34944,22941,121212,0
34945,85727,142909,0
34946,74715,29729,0
34947,78156,149793,0
34948,141036,103102,0
34949,136757,103421,0
34950,59618,7587,0
34951,133705,154317,0
34952,30709,27219,0
34953,139330,19466,0
34954,73434,91155,0
34955,127693,129704,0
34956,109979,42161,0
34957,112173,37880,0
34958,9346,111535,0
34959,102054,111,0
34960,150717,138731,0
34961,35393,94262,0
34962,63776,46666,0
34963,109901,125686,0
34964,7283,27697,0
34965,32441,31175,0
34966,138488,39097,0
34967,104539,14375,0
34968,3017,18457,0
34969,153966,92585,0
34970,89068,69157,0
34971,75850,47924,0
34972,14699,107109,0
34973,17332,83587,0
34974,9975,39761,0
34975,105597,150530,0
34976,31660,146832,0
34977,143373,129471,0
34978,121505,8232,0
34979,28217,82910,0
34980,26603,91198,0
34981,85050,110931,0
34982,20644,46889,0
34983,47987,86929,0
34984,71701,112925,0
34985,48190,35281,0
34986,25796,74796,0
34987,30146,126870,0
34988,50614,150650,0
34989,45079,57407,0
34990,137809,25029,0
34991,138161,26318,0
34992,39965,40342,0
34993,31534,150526,0
34994,86291,123353,0
34995,147962,70020,0
34996,147576,119117,0
34997,96226,138376,0
34998,125924,111523,0
34999,102789,133685,0
35000,153193,62204,0
35001,6549,75245,0
35002,38515,133639,0
35003,102628,60790,0
35004,147401,94831,0
35005,131169,77464,0
35006,22487,77956,0
35007,32357,97565,0
35008,43908,28189,0
35009,90368,129949,0
35010,7339,50859,0
35011,140934,42330,0
35012,145490,48000,0
35013,71214,44396,0
35014,100581,126583,0
35015,56972,8211,0
35016,32621,46310,0
35017,148257,58845,0
35018,11274,104293,0
35019,141536,23624,0
35020,80475,68496,0
35021,105513,84245,0
35022,33719,31985,0
35023,13499,52921,0
35024,27379,133663,0
35025,20935,83964,0
35026,49022,118953,0
35027,117285,74247,0
35028,137957,22996,0
35029,49801,117977,0
35030,110535,152480,0
35031,152689,55613,0
35032,116214,68682,0
35033,35499,102547,0
35034,66212,122140,0
35035,141999,75497,0
35036,15474,90624,0
35037,126455,61680,0
35038,106883,132600,0
35039,140467,55437,0
35040,59262,100323,0
35041,105589,36506,0
35042,6967,20077,0
35043,146671,20721,0
35044,107995,119242,0
35045,111248,9917,0
35046,126615,83681,0
35047,78510,10797,0
35048,43644,94092,0
35049,23713,121419,0
35050,106604,32844,0
35051,56528,117149,0
35052,62237,631,0
35053,22480,51477,0
35054,137310,122804,0
35055,71523,101982,0
35056,39659,125928,0
35057,49708,40097,0
35058,92446,94449,0
35059,72698,146124,0
35060,137842,44560,0
35061,55518,128037,0
35062,145366,133301,0
35063,1260,77157,0
35064,55332,32379,0
35065,144127,19738,0
35066,6467,70221,0
35067,76312,152318,0
35068,131198,35499,0
35069,103600,135751,0
35070,42449,38469,0
35071,116467,41277,0
35072,93448,21845,0
35073,32951,139833,0
35074,116277,147886,0
35075,56108,135071,0
35076,70641,33941,0
35077,7239,58093,0
35078,99405,70559,0
35079,80454,72295,0
35080,151253,138759,0
35081,25566,43452,0
35082,153570,98029,0
35083,102354,100668,0
35084,49811,24221,0
35085,53817,104992,0
35086,44148,91985,0
35087,54080,74745,0
35088,23279,117283,0
35089,2153,25611,0
35090,143266,12310,0
35091,112558,112188,0
35092,26200,88293,0
35093,154793,68420,0
35094,6986,45119,0
35095,18257,90048,0
35096,140011,122440,0
35097,96640,115643,0
35098,105679,48642,0
35099,39743,60241,0
35100,147869,51375,0
35101,69765,28900,0
35102,143843,9657,0
35103,29297,22695,0
35104,42237,43812,0
35105,85135,93157,0
35106,3165,16597,0
35107,96985,85937,0
35108,42242,53101,0
35109,125230,69335,0
35110,140988,50836,0
35111,25146,42604,0
35112,61763,73887,0
35113,39162,93683,0
35114,126408,128216,0
35115,94153,149281,0
35116,148111,72001,0
35117,79601,44132,0
35118,19037,87659,0
35119,104282,146873,0
35120,129074,107575,0
35121,9027,29330,0
35122,14747,47766,0
35123,52441,44121,0
35124,147564,140833,0
35125,145027,96681,0
35126,16998,96191,0
35127,98763,134798,0
35128,71533,60782,0
35129,142450,114385,0
35130,110062,17273,0
35131,86693,151872,0
35132,152616,60239,0
35133,50816,13490,0
35134,26040,50312,0
35135,85205,34352,0
35136,132889,107615,0
35137,154203,134015,0
35138,72230,19399,0
35139,78299,137365,0
35140,41214,70992,0
35141,146401,130574,0
35142,145750,18882,0
35143,108291,2910,0
35144,1764,114331,0
35145,107533,44623,0
35146,127945,41984,0
35147,109267,127507,0
35148,139759,35178,0
35149,68796,57537,0
35150,130644,75011,0
35151,123622,32237,0
35152,61998,19889,0
35153,86612,102788,0
35154,38388,115551,0
35155,49676,20054,0
35156,107699,41838,0
35157,138976,7483,0
35158,58550,150465,0
35159,148130,100474,0
35160,115821,52284,0
35161,112631,68815,0
35162,24624,78466,0
35163,99279,46118,0
35164,49343,23254,0
35165,151285,65037,0
35166,17433,23129,0
35167,35523,136415,0
35168,108600,79552,0
35169,16514,147212,0
35170,23842,118903,0
35171,3208,114817,0
35172,9436,153635,0
35173,2457,144045,0
35174,6070,34917,0
35175,147946,100528,0
35176,5021,52416,0
35177,148731,115100,0
35178,132156,23868,0
35179,90449,100148,0
35180,39355,12985,0
35181,80468,76863,0
35182,125756,98503,0
35183,108266,149500,0
35184,92011,136957,0
35185,68549,126966,0
35186,16798,29009,0
35187,40018,526,0
35188,55872,72911,0
35189,96668,136573,0
35190,95427,142594,0
35191,24279,16480,0
35192,80948,67891,0
35193,9103,93435,0
35194,14679,94595,0
35195,149176,81305,0
35196,57346,98830,0
35197,17055,96288,0
35198,21639,87828,0
35199,84339,96977,0
35200,150145,105067,0
35201,51861,49660,0
35202,130440,23424,0
35203,23392,129609,0
35204,63488,81710,0
35205,62148,17118,0
35206,52048,14294,0
35207,133388,148080,0
35208,115421,63482,0
35209,95303,28503,0
35210,63308,101228,0
35211,150124,83008,0
35212,66165,29447,0
35213,28478,116585,0
35214,115653,77722,0
35215,22862,46306,0
35216,104267,1270,0
35217,121812,71804,0
35218,41209,100466,0
35219,139954,150440,0
35220,143067,6497,0
35221,110787,91496,0
35222,138160,67328,0
35223,107786,109953,0
35224,36280,4108,0
35225,106228,38000,0
35226,110544,146621,0
35227,56704,91035,0
35228,106166,62476,0
35229,54162,16693,0
35230,32058,17114,0
35231,60068,30298,0
35232,50070,62988,0
35233,85135,30844,0
35234,31490,3260,0
35235,41395,43372,0
35236,127899,57036,0
35237,5445,45579,0
35238,72363,103981,0
35239,65446,141104,0
35240,30383,140101,0
35241,17844,113208,0
35242,120201,20501,0
35243,18740,115922,0
35244,109742,141186,0
35245,71511,126225,0
35246,48696,140346,0
35247,23032,48065,0
35248,128067,80332,0
35249,52669,133593,0
35250,36201,96601,0
35251,124117,5724,0
35252,57585,118425,0
35253,46632,111550,0
35254,58922,40040,0
35255,69,32156,0
35256,101726,120530,0
35257,4916,101257,0
35258,115098,71602,0
35259,155163,131208,0
35260,88095,46472,0
35261,76666,123112,0
35262,135312,139961,0
35263,100015,12519,0
35264,150410,25660,0
35265,104419,120314,0
35266,114876,145858,0
35267,16337,81125,0
35268,64966,102419,0
35269,129042,113909,0
35270,9883,94968,0
35271,47442,152510,0
35272,143936,63673,0
35273,45091,76988,0
35274,60933,347,0
35275,85162,152884,0
35276,16676,132120,0
35277,107943,55936,0
35278,54905,105508,0
35279,142567,62549,0
35280,11995,93850,0
35281,132522,55215,0
35282,34771,71194,0
35283,53361,140680,0
35284,15136,63502,0
35285,107667,137530,0
35286,45622,97503,0
35287,146545,51745,0
35288,67889,40266,0
35289,113570,63822,0
35290,29841,138000,0
35291,53304,81835,0
35292,144961,139434,0
35293,98315,23939,0
35294,23231,83804,0
35295,3647,31326,0
35296,44044,93618,0
35297,45109,126370,0
35298,14499,96825,0
35299,78514,64788,0
35300,61503,55550,0
35301,107967,49713,0
35302,28202,103601,0
35303,296,43640,0
35304,130311,153044,0
35305,84927,16873,0
35306,113406,96001,0
35307,128256,122742,0
35308,110059,138215,0
35309,36640,60768,0
35310,104464,11225,0
35311,76900,86962,0
35312,147949,106044,0
35313,51901,29565,0
35314,22852,130804,0
35315,124827,85544,0
35316,28693,39391,0
35317,24466,152218,0
35318,86068,28791,0
35319,9016,137910,0
35320,97069,97862,0
35321,449,13702,0
35322,149672,34694,0
35323,154980,87683,0
35324,61729,38786,0
35325,118959,80867,0
35326,138219,111596,0
35327,142792,62141,0
35328,21964,99735,0
35329,23627,421,0
35330,48539,10673,0
35331,113347,22569,0
35332,84507,61056,0
35333,128552,4436,0
35334,141033,102571,0
35335,47009,54002,0
35336,18873,113107,0
35337,125861,93664,0
35338,131502,14252,0
35339,102872,83668,0
35340,132640,81177,0
35341,133049,106518,0
35342,145101,125696,0
35343,135545,102670,0
35344,110586,131014,0
35345,82725,14882,0
35346,105912,13333,0
35347,41395,136847,0
35348,129033,79338,0
35349,62787,138270,0
35350,25644,45600,0
35351,75257,45314,0
35352,71987,35620,0
35353,148839,149039,0
35354,12999,5441,0
35355,49065,91471,0
35356,128238,47196,0
35357,95390,142993,0
35358,91319,69035,0
35359,111251,134351,0
35360,67496,99171,0
35361,93869,84651,0
35362,150306,84982,0
35363,142981,58595,0
35364,50339,110172,0
35365,1607,95082,0
35366,132878,107458,0
35367,117460,4564,0
35368,69204,97207,0
35369,70969,35327,0
35370,96677,42375,0
35371,138034,31674,0
35372,68990,101860,0
35373,13272,141300,0
35374,58537,3248,0
35375,150444,84132,0
35376,105668,139858,0
35377,125054,145895,0
35378,140575,111881,0
35379,144648,59229,0
35380,90719,117989,0
35381,80440,136411,0
35382,139453,7066,0
35383,23546,148908,0
35384,86816,85081,0
35385,59134,148718,0
35386,151524,89652,0
35387,53954,18599,0
35388,115546,37732,0
35389,123454,137277,0
35390,66929,61549,0
35391,76097,97505,0
35392,12497,30956,0
35393,142690,89590,0
35394,56971,130663,0
35395,37417,72841,0
35396,154403,57379,0
35397,45814,134987,0
35398,81002,49160,0
35399,7985,78116,0
35400,15835,153680,0
35401,85243,11393,0
35402,17597,5859,0
35403,46564,144338,0
35404,116981,72924,0
35405,149657,147444,0
35406,78594,116644,0
35407,14449,53062,0
35408,88860,8508,0
35409,104651,85573,0
35410,127083,96040,0
35411,87944,23798,0
35412,147170,78794,0
35413,66197,80171,0
35414,51934,14759,0
35415,41685,100242,0
35416,5996,22350,0
35417,84842,30402,0
35418,18495,81726,0
35419,92011,110422,0
35420,14834,150219,0
35421,105668,5671,0
35422,54030,120077,0
35423,26418,18945,0
35424,34198,77150,0
35425,62952,116607,0
35426,88874,35358,0
35427,104771,90052,0
35428,63757,91479,0
35429,10488,1828,0
35430,21520,74402,0
35431,11820,33821,0
35432,81165,44023,0
35433,21955,58238,0
35434,78471,134650,0
35435,28396,135784,0
35436,38901,96824,0
35437,113088,16610,0
35438,140122,117972,0
35439,151695,9082,0
35440,139410,112059,0
35441,144081,38345,0
35442,144518,30296,0
35443,81125,111665,0
35444,38780,153082,0
35445,60066,101174,0
35446,97179,114813,0
35447,24011,127864,0
35448,10671,35280,0
35449,37066,8312,0
35450,48917,46169,0
35451,125230,52340,0
35452,47135,32288,0
35453,51416,66598,0
35454,130168,12260,0
35455,56605,142300,0
35456,128309,78567,0
35457,88624,67917,0
35458,46690,118294,0
35459,32324,122109,0
35460,139348,138028,0
35461,71970,112869,0
35462,151997,125455,0
35463,46526,148893,0
35464,69882,123556,0
35465,131490,133370,0
35466,59823,124506,0
35467,131170,60621,0
35468,49322,55424,0
35469,127234,123165,0
35470,121767,120849,0
35471,139419,73665,0
35472,63461,61404,0
35473,129804,43835,0
35474,142690,54755,0
35475,17234,144132,0
35476,69591,41841,0
35477,121625,987,0
35478,93144,59687,0
35479,2594,65982,0
35480,15891,138584,0
35481,21285,52063,0
35482,2453,74728,0
35483,10556,65171,0
35484,132567,47394,0
35485,91055,151867,0
35486,100000,117686,0
35487,107126,52069,0
35488,2877,72864,0
35489,18993,72489,0
35490,21049,83449,0
35491,39062,112868,0
35492,146841,914,0
35493,123730,70822,0
35494,140020,125507,0
35495,135362,110010,0
35496,116114,55329,0
35497,27768,121566,0
35498,140048,52561,0
35499,45060,82299,0
35500,140108,108940,0
35501,3922,60459,0
35502,140875,152330,0
35503,36490,114722,0
35504,76058,13947,0
35505,113279,137372,0
35506,95453,21342,0
35507,30505,3379,0
35508,49213,70795,0
35509,122659,140675,0
35510,39042,23351,0
35511,57590,25000,0
35512,52108,147180,0
35513,130879,75675,0
35514,112600,152464,0
35515,96721,106216,0
35516,141033,154042,0
35517,295,132344,0
35518,103025,66768,0
35519,144371,88060,0
35520,104229,34790,0
35521,154201,144619,0
35522,66438,97028,0
35523,142104,79690,0
35524,102462,36569,0
35525,78077,92634,0
35526,137099,65890,0
35527,2986,65923,0
35528,8563,79967,0
35529,23602,153130,0
35530,130885,46671,0
35531,134727,111728,0
35532,119041,73419,0
35533,72517,125530,0
35534,109780,126476,0
35535,98244,154522,0
35536,26244,78660,0
35537,50447,134147,0
35538,66149,151531,0
35539,108220,91259,0
35540,131604,16299,0
35541,93957,110839,0
35542,51923,128247,0
35543,21312,14903,0
35544,17580,103117,0
35545,82038,134085,0
35546,71396,113521,0
35547,61620,6906,0
35548,48887,65461,0
35549,137317,45735,0
35550,86037,28616,0
35551,89611,116360,0
35552,35035,95653,0
35553,22670,7665,0
35554,64181,106230,0
35555,117069,30364,0
35556,41237,75644,0
35557,132453,60407,0
35558,116408,104941,0
35559,113110,112484,0
35560,88289,35165,0
35561,79991,4627,0
35562,145126,50382,0
35563,82459,83209,0
35564,47563,35861,0
35565,46763,72659,0
35566,49982,86583,0
35567,115797,140101,0
35568,143973,138759,0
35569,114972,102854,0
35570,138947,99974,0
35571,19308,152740,0
35572,44843,133617,0
35573,124068,105775,0
35574,129128,46698,0
35575,137112,64787,0
35576,151166,144488,0
35577,138533,1204,0
35578,102579,55303,0
35579,25588,84442,0
35580,127981,22980,0
35581,47708,139491,0
35582,87507,101328,0
35583,37772,110202,0
35584,129984,99047,0
35585,146845,109405,0
35586,122261,68047,0
35587,18611,10337,0
35588,5468,94311,0
35589,140498,67277,0
35590,92625,120966,0
35591,125116,71354,0
35592,115517,124313,0
35593,103466,69014,0
35594,110964,104324,0
35595,121212,107828,0
35596,54022,24619,0
35597,1931,22502,0
35598,111232,6755,0
35599,59162,41889,0
35600,96539,80126,0
35601,117503,21186,0
35602,128513,26710,0
35603,5903,22833,0
35604,118864,143117,0
35605,16108,124952,0
35606,149424,99018,0
35607,102939,102447,0
35608,136248,38146,0
35609,113876,17211,0
35610,137393,76358,0
35611,15397,7168,0
35612,49411,97249,0
35613,6418,82710,0
35614,70334,27700,0
35615,94630,83892,0
35616,17751,98762,0
35617,26794,91682,0
35618,68781,62149,0
35619,19738,84721,0
35620,22251,121372,0
35621,94642,108028,0
35622,140786,37024,0
35623,11594,47524,0
35624,15479,76619,0
35625,131434,57564,0
35626,65224,91449,0
35627,88364,33944,0
35628,33899,120735,0
35629,87645,115377,0
35630,58027,72153,0
35631,98326,69537,0
35632,153591,36233,0
35633,117721,111118,0
35634,49382,3987,0
35635,74937,85057,0
35636,139488,2723,0
35637,90449,134003,0
35638,87464,81343,0
35639,120518,79955,0
35640,106936,32224,0
35641,42699,43404,0
35642,110888,150881,0
35643,142863,86854,0
35644,133465,30077,0
35645,36282,97682,0
35646,37635,128972,0
35647,38427,108936,0
35648,37981,72959,0
35649,10570,74878,0
35650,54403,161,0
35651,58605,66184,0
35652,90865,77507,0
35653,31532,24481,0
35654,10326,100155,0
35655,152193,117343,0
35656,13198,76876,0
35657,67475,108198,0
35658,85548,74461,0
35659,38905,101538,0
35660,9551,144547,0
35661,113183,146574,0
35662,103091,128398,0
35663,97600,34108,0
35664,11932,137206,0
35665,131716,47604,0
35666,93139,146786,0
35667,52003,18086,0
35668,136076,85555,0
35669,89292,147420,0
35670,150539,92672,0
35671,32018,54562,0
35672,134567,28454,0
35673,5933,111429,0
35674,84740,133087,0
35675,127810,104177,0
35676,148749,109083,0
35677,95768,54059,0
35678,98997,37232,0
35679,62594,125928,0
35680,80296,154700,0
35681,36545,13436,0
35682,33843,98825,0
35683,57974,127319,0
35684,92340,106328,0
35685,88184,10623,0
35686,120205,3692,0
35687,124337,11162,0
35688,35440,116061,0
35689,118925,26417,0
35690,133704,47972,0
35691,41169,95582,0
35692,120415,39925,0
35693,17408,142934,0
35694,103247,4963,0
35695,113647,126601,0
35696,4755,147791,0
35697,21946,113140,0
35698,141033,99627,0
35699,35158,73759,0
35700,71570,19723,0
35701,131666,2577,0
35702,86215,132430,0
35703,123133,48855,0
35704,151279,56782,0
35705,105617,8833,0
35706,40754,129250,0
35707,114867,12412,0
35708,95113,97093,0
35709,82200,16372,0
35710,112064,148365,0
35711,128488,123129,0
35712,145090,72597,0
35713,114520,147599,0
35714,17697,18336,0
35715,145583,83360,0
35716,48423,100152,0
35717,147833,85845,0
35718,53939,109404,0
35719,62316,7418,0
35720,38500,99323,0
35721,9605,46236,0
35722,103517,109958,0
35723,148645,129881,0
35724,67663,89404,0
35725,143927,138593,0
35726,131005,66556,0
35727,13669,8495,0
35728,77813,8322,0
35729,94938,82046,0
35730,18311,128830,0
35731,81844,18705,0
35732,90372,32595,0
35733,111495,33757,0
35734,40309,136324,0
35735,36141,106475,0
35736,51479,9456,0
35737,57849,61357,0
35738,88217,108989,0
35739,41755,45477,0
35740,61449,7785,0
35741,142830,70404,0
35742,41790,76975,0
35743,146179,135862,0
35744,85653,70601,0
35745,55687,56245,0
35746,81510,132532,0
35747,125109,109069,0
35748,28778,4648,0
35749,112395,23944,0
35750,36135,26619,0
35751,7947,79963,0
35752,59290,149406,0
35753,9758,77645,0
35754,82636,41368,0
35755,26202,104688,0
35756,113183,128308,0
35757,28708,114236,0
35758,17222,36911,0
35759,139346,141290,0
35760,82446,100665,0
35761,132289,155185,0
35762,109479,100830,0
35763,94403,125077,0
35764,121536,70452,0
35765,4844,35330,0
35766,103747,76878,0
35767,139887,84605,0
35768,16688,93514,0
35769,65784,134529,0
35770,6758,75925,0
35771,111815,12688,0
35772,109625,51999,0
35773,60136,116503,0
35774,130951,128624,0
35775,139003,104493,0
35776,146616,105353,0
35777,145769,110755,0
35778,54406,144917,0
35779,46798,125614,0
35780,121712,58469,0
35781,5161,100356,0
35782,80093,21128,0
35783,15375,74406,0
35784,89494,12962,0
35785,111207,88374,0
35786,9162,135553,0
35787,41903,52408,0
35788,58642,136367,0
35789,61497,10907,0
35790,71083,20204,0
35791,16456,15457,0
35792,74527,37661,0
35793,43723,9705,0
35794,62165,14968,0
35795,4668,84094,0
35796,3178,97386,0
35797,136485,60901,0
35798,84060,70983,0
35799,109899,147202,0
35800,146292,130553,0
35801,75163,81887,0
35802,148022,46941,0
35803,142996,137111,0
35804,144948,144950,0
35805,151357,103849,0
35806,58394,74037,0
35807,41809,31484,0
35808,75438,113714,0
35809,336,145449,0
35810,132183,79761,0
35811,120608,95841,0
35812,47800,34275,0
35813,148458,54957,0
35814,103609,66381,0
35815,102800,84642,0
35816,105579,86894,0
35817,69400,12006,0
35818,76770,2570,0
35819,26345,88826,0
35820,135545,44974,0
35821,65288,86250,0
35822,56711,6238,0
35823,1792,50680,0
35824,154903,100619,0
35825,116286,77323,0
35826,71914,52050,0
35827,148505,171,0
35828,91748,58767,0
35829,65686,68943,0
35830,54704,107600,0
35831,147541,62847,0
35832,54264,133804,0
35833,108028,105368,0
35834,40621,40697,0
35835,101132,111216,0
35836,40547,57858,0
35837,93179,19930,0
35838,91702,153408,0
35839,7312,50093,0
35840,71240,133334,0
35841,56515,122131,0
35842,31915,90549,0
35843,134189,22709,0
35844,136140,9467,0
35845,129835,87648,0
35846,87524,114291,0
35847,116522,64007,0
35848,84607,109034,0
35849,42740,98755,0
35850,87395,1802,0
35851,154523,33436,0
35852,152856,77738,0
35853,104062,63526,0
35854,122154,109042,0
35855,98394,25754,0
35856,41935,25408,0
35857,87775,52328,0
35858,33040,143386,0
35859,14505,48972,0
35860,86454,127172,0
35861,48478,83535,0
35862,17187,4943,0
35863,33833,91773,0
35864,140785,67879,0
35865,9792,105052,0
35866,47566,76258,0
35867,42544,81639,0
35868,104918,144992,0
35869,58496,60486,0
35870,10220,13545,0
35871,141869,69468,0
35872,15670,18566,0
35873,128552,77034,0
35874,127877,150659,0
35875,87398,138702,0
35876,129791,113682,0
35877,92599,6688,0
35878,13347,130288,0
35879,112228,72444,0
35880,144282,122647,0
35881,153253,65459,0
35882,31826,152861,0
35883,88335,5104,0
35884,125163,136429,0
35885,16323,73471,0
35886,93372,136861,0
35887,151816,102379,0
35888,135749,62422,0
35889,117425,40337,0
35890,53408,98299,0
35891,62273,150276,0
35892,468,117332,0
35893,139964,102152,0
35894,122750,19638,0
35895,153879,83147,0
35896,113448,133667,0
35897,65456,66793,0
35898,79458,5944,0
35899,46917,51285,0
35900,29912,50509,0
35901,46546,82439,0
35902,69620,43439,0
35903,63202,76156,0
35904,42952,76231,0
35905,81003,141330,0
35906,109934,102091,0
35907,117144,29994,0
35908,117255,37760,0
35909,67089,64313,0
35910,106998,11939,0
35911,119304,114041,0
35912,84090,18518,0
35913,70696,145043,0
35914,62538,64494,0
35915,85778,104838,0
35916,101201,31988,0
35917,50540,144554,0
35918,116601,20361,0
35919,41401,38562,0
35920,138689,22279,0
35921,130602,32898,0
35922,126212,45468,0
35923,86758,66571,0
35924,122232,64897,0
35925,72321,26163,0
35926,86149,91017,0
35927,144730,91241,0
35928,15332,36059,0
35929,123676,21443,0
35930,53632,149263,0
35931,126697,61380,0
35932,74423,116923,0
35933,61708,114118,0
35934,141065,32850,0
35935,140121,35583,0
35936,145258,47292,0
35937,66290,140515,0
35938,130457,81466,0
35939,84290,25279,0
35940,129466,117511,0
35941,80714,71504,0
35942,25561,54278,0
35943,83098,130451,0
35944,24684,341,0
35945,133484,149336,0
35946,77720,67618,0
35947,61984,85478,0
35948,88375,142920,0
35949,109221,66739,0
35950,3176,111429,0
35951,153126,91888,0
35952,149866,148770,0
35953,17622,94935,0
35954,99032,148310,0
35955,110511,150983,0
35956,74480,99249,0
35957,31878,91837,0
35958,37163,132459,0
35959,51111,86263,0
35960,136223,31321,0
35961,55596,98139,0
35962,4817,135551,0
35963,40952,10933,0
35964,59005,31104,0
35965,94050,115739,0
35966,56959,57531,0
35967,117273,98238,0
35968,2821,26162,0
35969,71340,63521,0
35970,34185,149671,0
35971,117850,75627,0
35972,17048,73626,0
35973,47772,126317,0
35974,133789,41540,0
35975,63750,85929,0
35976,114152,76549,0
35977,73675,19237,0
35978,82635,41152,0
35979,52850,73168,0
35980,74873,133097,0
35981,77205,153218,0
35982,22603,17571,0
35983,111635,94920,0
35984,52226,130364,0
35985,138122,125128,0
35986,111363,62526,0
35987,95926,119961,0
35988,119019,56615,0
35989,116009,10888,0
35990,139265,31969,0
35991,153822,130629,0
35992,45904,54481,0
35993,15996,11105,0
35994,10806,24663,0
35995,11411,30888,0
35996,118386,112186,0
35997,149108,141764,0
35998,104166,79281,0
35999,32216,5695,0
36000,26300,127362,0
36001,140075,50745,0
36002,93907,2862,0
36003,3621,13594,0
36004,21300,94790,0
36005,118130,56800,0
36006,58437,11306,0
36007,150254,47105,0
36008,139567,84818,0
36009,21337,84834,0
36010,41776,74991,0
36011,38919,64613,0
36012,106782,36895,0
36013,8056,69315,0
36014,41221,41438,0
36015,80951,88172,0
36016,117869,76443,0
36017,49219,89009,0
36018,112689,100042,0
36019,40521,113755,0
36020,5681,7069,0
36021,129954,39594,0
36022,7946,77081,0
36023,100982,61671,0
36024,85666,103968,0
36025,150481,93355,0
36026,128894,29673,0
36027,22263,41781,0
36028,17533,54238,0
36029,92350,37294,0
36030,81622,60153,0
36031,120055,137712,0
36032,90452,88865,0
36033,97721,152143,0
36034,33969,25451,0
36035,144808,58979,0
36036,73594,68881,0
36037,113169,95745,0
36038,29892,7674,0
36039,19450,125537,0
36040,137108,146919,0
36041,19796,62747,0
36042,115073,121173,0
36043,80767,20229,0
36044,29708,48360,0
36045,14089,23043,0
36046,38353,76820,0
36047,49692,123538,0
36048,83694,152966,0
36049,66999,43064,0
36050,143298,108123,0
36051,149538,51870,0
36052,4410,35716,0
36053,50668,36938,0
36054,100431,100291,0
36055,14691,24778,0
36056,40822,89570,0
36057,107050,95683,0
36058,21471,106425,0
36059,71122,153694,0
36060,107367,128868,0
36061,69586,81805,0
36062,110732,64477,0
36063,3144,52785,0
36064,33724,54459,0
36065,57313,117917,0
36066,112783,64875,0
36067,2510,101690,0
36068,20048,40897,0
36069,109500,98607,0
36070,79351,6862,0
36071,148012,138287,0
36072,119382,71115,0
36073,33076,68920,0
36074,18993,62744,0
36075,22994,96930,0
36076,124933,119914,0
36077,57082,4710,0
36078,87060,13699,0
36079,102827,22628,0
36080,20320,115994,0
36081,104120,57801,0
36082,13213,57044,0
36083,120131,117078,0
36084,84915,121075,0
36085,126282,39684,0
36086,25910,107904,0
36087,128328,72730,0
36088,148732,106820,0
36089,131982,67866,0
36090,37920,72419,0
36091,91649,40884,0
36092,153559,153037,0
36093,25039,32031,0
36094,5516,31607,0
36095,149389,110081,0
36096,147193,75124,0
36097,5618,136957,0
36098,34572,71456,0
36099,128821,125560,0
36100,153112,145213,0
36101,131962,103630,0
36102,27911,109246,0
36103,152047,137358,0
36104,104001,136343,0
36105,131554,128474,0
36106,99055,69154,0
36107,4165,80433,0
36108,110952,23200,0
36109,106277,96844,0
36110,147757,113681,0
36111,139631,50727,0
36112,64238,58927,0
36113,116279,113995,0
36114,129778,102432,0
36115,123566,27513,0
36116,62679,62183,0
36117,126227,35685,0
36118,152919,97773,0
36119,134801,79815,0
36120,95139,113441,0
36121,130011,131782,0
36122,136364,150529,0
36123,2142,131964,0
36124,59212,65016,0
36125,75033,50068,0
36126,137696,17148,0
36127,142624,66200,0
36128,79759,148589,0
36129,76890,103289,0
36130,138134,48593,0
36131,117438,81805,0
36132,81256,152868,0
36133,88549,77511,0
36134,57145,22421,0
36135,149856,54506,0
36136,23937,134307,0
36137,59498,5078,0
36138,33636,56810,0
36139,1691,88730,0
36140,120433,118115,0
36141,2361,48791,0
36142,68766,37727,0
36143,3527,64931,0
36144,44042,148281,0
36145,30743,149022,0
36146,20223,12786,0
36147,135362,139487,0
36148,132407,144486,0
36149,119188,77504,0
36150,105685,134531,0
36151,39638,24132,0
36152,150813,69905,0
36153,110001,50104,0
36154,58618,26290,0
36155,77470,50463,0
36156,18529,18362,0
36157,106305,129885,0
36158,51675,93861,0
36159,99616,20891,0
36160,150611,44234,0
36161,31168,89221,0
36162,39342,19660,0
36163,74568,12105,0
36164,32262,105558,0
36165,152101,85051,0
36166,21109,99655,0
36167,29627,126260,0
36168,82886,39762,0
36169,9407,150494,0
36170,19441,66036,0
36171,107572,5443,0
36172,100287,94856,0
36173,21931,137432,0
36174,33056,21341,0
36175,110884,2077,0
36176,67652,26906,0
36177,30819,104352,0
36178,1641,14374,0
36179,18975,83950,0
36180,140069,80400,0
36181,143497,152252,0
36182,107705,57297,0
36183,85597,80754,0
36184,124408,126003,0
36185,82344,4125,0
36186,14828,150495,0
36187,96031,32273,0
36188,76189,61017,0
36189,136637,19258,0
36190,19966,93999,0
36191,124517,23770,0
36192,79566,152666,0
36193,39066,148474,0
36194,9103,6275,0
36195,102442,151950,0
36196,53971,140145,0
36197,123834,55959,0
36198,15017,97169,0
36199,124985,91808,0
36200,45597,27164,0
36201,29572,116766,0
36202,37254,139284,0
36203,7268,19510,0
36204,152749,85957,0
36205,106634,103576,0
36206,104656,46754,0
36207,149722,21662,0
36208,50163,57732,0
36209,74693,153257,0
36210,147269,20399,0
36211,18008,59969,0
36212,52312,142995,0
36213,38792,132672,0
36214,132217,137462,0
36215,11010,97551,0
36216,47708,89453,0
36217,146497,88017,0
36218,64810,101465,0
36219,50064,26858,0
36220,6883,91247,0
36221,42919,37325,0
36222,71178,29539,0
36223,72350,47599,0
36224,122707,73558,0
36225,43528,112970,0
36226,104883,47476,0
36227,30480,31822,0
36228,144954,104107,0
36229,130765,41318,0
36230,85660,87322,0
36231,52508,53481,0
36232,60320,77585,0
36233,59275,72866,0
36234,71574,53815,0
36235,31355,129204,0
36236,61903,88627,0
36237,143995,141072,0
36238,53198,106454,0
36239,137786,64521,0
36240,132034,118700,0
36241,139844,24471,0
36242,148679,17561,0
36243,84861,13458,0
36244,86411,54415,0
36245,25395,113901,0
36246,129147,74764,0
36247,76925,123385,0
36248,93965,7852,0
36249,126763,64179,0
36250,55561,77891,0
36251,83065,115890,0
36252,126226,44245,0
36253,91360,104097,0
36254,129652,59108,0
36255,113044,52419,0
36256,87859,152377,0
36257,52001,48464,0
36258,20020,99299,0
36259,145042,10886,0
36260,73022,20497,0
36261,7560,90841,0
36262,116774,37244,0
36263,5168,93835,0
36264,46986,142208,0
36265,58829,64938,0
36266,146162,29256,0
36267,86023,44394,0
36268,19119,83660,0
36269,74685,151865,0
36270,92124,107055,0
36271,21333,25506,0
36272,109064,123033,0
36273,72670,84863,0
36274,30962,75692,0
36275,104475,45266,0
36276,103659,145420,0
36277,19283,65945,0
36278,133374,40863,0
36279,21312,42529,0
36280,145864,150621,0
36281,73826,140497,0
36282,145936,91471,0
36283,136495,22891,0
36284,12583,6369,0
36285,35119,73436,0
36286,92086,88830,0
36287,16717,139485,0
36288,41578,42505,0
36289,85629,44310,0
36290,136316,4750,0
36291,58050,109769,0
36292,9638,75628,0
36293,104424,100317,0
36294,28350,134723,0
36295,43018,139453,0
36296,111370,14019,0
36297,132553,79052,0
36298,68944,96461,0
36299,146973,29949,0
36300,72287,26640,0
36301,14874,56065,0
36302,118723,147182,0
36303,51199,29528,0
36304,41525,92515,0
36305,41564,106556,0
36306,133135,145837,0
36307,61569,111872,0
36308,104640,99440,0
36309,45359,132925,0
36310,30873,85218,0
36311,62510,101752,0
36312,45740,45368,0
36313,39838,131491,0
36314,40919,23655,0
36315,112778,114874,0
36316,108945,82185,0
36317,45549,27931,0
36318,125276,76860,0
36319,116028,65733,0
36320,68277,6237,0
36321,131168,9543,0
36322,2790,149291,0
36323,109154,93483,0
36324,154808,108447,0
36325,73052,27148,0
36326,145308,72659,0
36327,124914,18722,0
36328,46744,22341,0
36329,9748,21151,0
36330,144646,94356,0
36331,59256,142517,0
36332,85187,9726,0
36333,15279,130385,0
36334,119964,93581,0
36335,113592,79335,0
36336,33316,54340,0
36337,81341,62535,0
36338,28974,136012,0
36339,46247,142577,0
36340,46981,99464,0
36341,63816,89753,0
36342,88973,49620,0
36343,71537,65708,0
36344,88842,57705,0
36345,82449,61894,0
36346,130566,113818,0
36347,35031,111544,0
36348,84470,30400,0
36349,60182,83144,0
36350,87107,116206,0
36351,4680,54300,0
36352,21709,68630,0
36353,141485,22901,0
36354,112896,61145,0
36355,91941,63529,0
36356,72521,69652,0
36357,41894,74005,0
36358,56923,41416,0
36359,119661,111141,0
36360,97228,143292,0
36361,47880,40826,0
36362,66371,119083,0
36363,70157,32882,0
36364,29101,92208,0
36365,8900,38885,0
36366,142186,66247,0
36367,102085,26151,0
36368,54770,117593,0
36369,7035,50721,0
36370,72952,118456,0
36371,58157,56302,0
36372,45658,9653,0
36373,149653,121816,0
36374,107185,11968,0
36375,110251,126741,0
36376,5307,26747,0
36377,142368,63630,0
36378,125419,57030,0
36379,31999,73360,0
36380,123506,75923,0
36381,32250,80681,0
36382,39623,319,0
36383,90111,2534,0
36384,33200,22026,0
36385,7903,136987,0
36386,98236,33212,0
36387,154749,23716,0
36388,92559,10287,0
36389,91159,68269,0
36390,87463,154503,0
36391,75477,67536,0
36392,146135,127031,0
36393,76844,44377,0
36394,45464,113154,0
36395,123564,108675,0
36396,78483,123250,0
36397,69200,83503,0
36398,150737,14077,0
36399,151620,97076,0
36400,90784,17865,0
36401,112121,12974,0
36402,144576,26404,0
36403,116142,155069,0
36404,137786,22746,0
36405,126529,108003,0
36406,63491,78794,0
36407,95227,137396,0
36408,251,23197,0
36409,130829,25482,0
36410,139154,30341,0
36411,101371,71519,0
36412,143391,150235,0
36413,112429,69922,0
36414,141742,80289,0
36415,119305,27861,0
36416,36169,50434,0
36417,3928,56680,0
36418,34590,18278,0
36419,49623,127551,0
36420,119634,83697,0
36421,128243,92617,0
36422,9081,71780,0
36423,119718,124384,0
36424,53725,131458,0
36425,65455,129637,0
36426,84757,11541,0
36427,18124,120915,0
36428,122673,136574,0
36429,81136,90787,0
36430,106009,129766,0
36431,122893,141944,0
36432,132524,116778,0
36433,1696,113597,0
36434,70620,22531,0
36435,47911,121695,0
36436,116928,57431,0
36437,142584,20882,0
36438,149704,67354,0
36439,131435,50685,0
36440,9671,57504,0
36441,149891,132938,0
36442,57660,120583,0
36443,69029,96896,0
36444,144735,91627,0
36445,147095,36432,0
36446,923,1180,0
36447,55785,154583,0
36448,129541,130741,0
36449,46988,33405,0
36450,35342,83690,0
36451,132034,97164,0
36452,54125,79012,0
36453,49842,33887,0
36454,57361,39925,0
36455,115152,114215,0
36456,35530,92072,0
36457,68890,103155,0
36458,16796,15268,0
36459,131512,79040,0
36460,147636,7064,0
36461,106763,144269,0
36462,102528,105864,0
36463,72867,135114,0
36464,127701,143940,0
36465,1321,100755,0
36466,128851,19851,0
36467,112021,9934,0
36468,87777,32053,0
36469,135362,126288,0
36470,88948,151908,0
36471,17178,133800,0
36472,3679,150652,0
36473,39286,17247,0
36474,103876,20457,0
36475,70406,139223,0
36476,69306,147177,0
36477,80297,14005,0
36478,59231,80697,0
36479,112864,105303,0
36480,143487,139195,0
36481,122626,10666,0
36482,85933,91676,0
36483,132677,76175,0
36484,134409,125207,0
36485,95250,78708,0
36486,66037,93538,0
36487,141135,46336,0
36488,89068,98165,0
36489,120886,58658,0
36490,60982,44336,0
36491,25575,6127,0
36492,114303,109267,0
36493,110403,29188,0
36494,107559,154909,0
36495,11950,139610,0
36496,18236,108741,0
36497,121334,10511,0
36498,85740,25611,0
36499,139369,45950,0
36500,109175,111393,0
36501,22042,12923,0
36502,154403,11233,0
36503,123784,73839,0
36504,133840,22329,0
36505,122615,57510,0
36506,149514,46623,0
36507,25327,153399,0
36508,125575,124445,0
36509,129841,30572,0
36510,99677,134512,0
36511,69200,111157,0
36512,40945,66700,0
36513,42997,89551,0
36514,4469,44145,0
36515,92287,60637,0
36516,25724,138588,0
36517,43713,130186,0
36518,51901,145468,0
36519,65111,74359,0
36520,70891,136429,0
36521,53709,146822,0
36522,138211,59902,0
36523,13776,35917,0
36524,88520,135277,0
36525,49116,84826,0
36526,110866,132847,0
36527,49887,77382,0
36528,72925,141993,0
36529,79117,53204,0
36530,50532,146692,0
36531,31720,140919,0
36532,117725,38805,0
36533,80985,79537,0
36534,88275,92598,0
36535,84090,68491,0
36536,46473,28088,0
36537,153817,130738,0
36538,119514,3196,0
36539,77328,1085,0
36540,43917,31525,0
36541,20346,64616,0
36542,46521,124615,0
36543,929,32762,0
36544,76296,50194,0
36545,99575,110894,0
36546,149161,126909,0
36547,108215,131622,0
36548,121882,77375,0
36549,35124,78794,0
36550,67542,98312,0
36551,69560,75366,0
36552,114913,42136,0
36553,87204,122470,0
36554,56721,24601,0
36555,44817,74759,0
36556,145639,73683,0
36557,126794,68681,0
36558,37447,57732,0
36559,59059,49618,0
36560,62469,16008,0
36561,121945,87170,0
36562,36364,133663,0
36563,77466,73184,0
36564,30095,101424,0
36565,15778,96316,0
36566,148125,104529,0
36567,50589,32750,0
36568,45127,151563,0
36569,58930,72735,0
36570,49131,117956,0
36571,116285,24143,0
36572,48799,34418,0
36573,68819,48413,0
36574,107802,90196,0
36575,149055,105311,0
36576,137756,120403,0
36577,135599,148760,0
36578,31690,16745,0
36579,117351,42134,0
36580,118295,19364,0
36581,117584,5175,0
36582,5496,93787,0
36583,42266,104248,0
36584,16478,141016,0
36585,111929,124577,0
36586,33610,85980,0
36587,50520,124045,0
36588,7379,52505,0
36589,144182,126572,0
36590,104431,25007,0
36591,77582,18580,0
36592,48274,2766,0
36593,88235,79093,0
36594,120905,95385,0
36595,102150,7603,0
36596,118381,14429,0
36597,119817,83136,0
36598,83207,98547,0
36599,61458,11095,0
36600,85254,46331,0
36601,116474,63716,0
36602,74462,20862,0
36603,91711,50011,0
36604,12937,49110,0
36605,143138,74897,0
36606,50639,60730,0
36607,146785,133334,0
36608,51541,68562,0
36609,155074,30675,0
36610,2367,588,0
36611,21292,100937,0
36612,122059,22712,0
36613,63010,12090,0
36614,113354,50681,0
36615,154569,109941,0
36616,82427,15912,0
36617,3068,145416,0
36618,46997,48215,0
36619,46986,1271,0
36620,19892,96101,0
36621,46341,24270,0
36622,118580,35339,0
36623,93462,129546,0
36624,119749,103158,0
36625,145047,137954,0
36626,11962,58500,0
36627,136125,39281,0
36628,136579,58168,0
36629,119141,25465,0
36630,99889,119556,0
36631,53729,37216,0
36632,5095,19789,0
36633,7538,73989,0
36634,24958,16754,0
36635,139856,89744,0
36636,42721,33928,0
36637,28673,94694,0
36638,117372,31971,0
36639,82513,146540,0
36640,148605,92048,0
36641,93445,80323,0
36642,45319,139726,0
36643,31449,10193,0
36644,152891,50713,0
36645,24579,57836,0
36646,113972,71235,0
36647,14999,75070,0
36648,155181,151108,0
36649,18354,64593,0
36650,45633,74833,0
36651,63953,47805,0
36652,24747,65627,0
36653,96117,60090,0
36654,154290,127678,0
36655,13586,145013,0
36656,17332,50189,0
36657,7217,85352,0
36658,70143,127418,0
36659,152027,154921,0
36660,128075,59976,0
36661,135928,12321,0
36662,22585,50144,0
36663,119137,52278,0
36664,18961,45235,0
36665,131706,78439,0
36666,99818,134350,0
36667,137316,41190,0
36668,123254,127346,0
36669,96127,96199,0
36670,20550,75758,0
36671,86610,11648,0
36672,32599,78216,0
36673,42274,110113,0
36674,146188,141159,0
36675,64913,145610,0
36676,148144,37211,0
36677,53220,40810,0
36678,101957,104605,0
36679,6683,39085,0
36680,105455,96305,0
36681,26512,125971,0
36682,47897,2880,0
36683,3268,26086,0
36684,904,139282,0
36685,106434,97379,0
36686,147384,7329,0
36687,145591,83223,0
36688,90432,152832,0
36689,112327,35320,0
36690,6053,67133,0
36691,143455,64,0
36692,124820,84485,0
36693,97798,28725,0
36694,128542,47179,0
36695,14910,21120,0
36696,152953,107369,0
36697,47772,58228,0
36698,4489,56338,0
36699,106056,75542,0
36700,127122,97855,0
36701,22188,9400,0
36702,51187,20056,0
36703,120222,108472,0
36704,151052,47303,0
36705,52090,114807,0
36706,18184,59948,0
36707,95326,35944,0
36708,54216,30381,0
36709,79438,138164,0
36710,63877,57892,0
36711,118548,140756,0
36712,138539,92799,0
36713,96689,100785,0
36714,150996,66311,0
36715,68365,19579,0
36716,131195,104335,0
36717,142808,94114,0
36718,76520,135019,0
36719,37844,76923,0
36720,51326,12068,0
36721,43858,10822,0
36722,146403,127239,0
36723,96878,53369,0
36724,142497,47519,0
36725,25945,64736,0
36726,136743,12658,0
36727,26270,8258,0
36728,133235,74074,0
36729,58778,10082,0
36730,47567,110522,0
36731,43526,75647,0
36732,88721,36507,0
36733,57260,82496,0
36734,151068,121574,0
36735,74827,40830,0
36736,5504,55597,0
36737,83607,133976,0
36738,101185,25219,0
36739,99541,117564,0
36740,118360,88409,0
36741,138161,137228,0
36742,58522,147521,0
36743,90865,21537,0
36744,88431,37928,0
36745,45684,34499,0
36746,152257,40967,0
36747,453,150617,0
36748,150463,137733,0
36749,126318,698,0
36750,76914,135463,0
36751,123948,9136,0
36752,7309,117328,0
36753,64601,90156,0
36754,108626,65173,0
36755,21535,95860,0
36756,108730,137467,0
36757,143412,81539,0
36758,69556,84487,0
36759,43462,65289,0
36760,20235,115352,0
36761,41923,114763,0
36762,49948,45738,0
36763,122584,78163,0
36764,110799,128225,0
36765,2763,132030,0
36766,56538,44657,0
36767,88190,61346,0
36768,2683,108036,0
36769,117228,101364,0
36770,82249,117457,0
36771,55765,10107,0
36772,97095,14762,0
36773,41918,145920,0
36774,89540,15076,0
36775,122477,105767,0
36776,79474,78247,0
36777,54180,78023,0
36778,55893,106513,0
36779,149421,132580,0
36780,14447,52864,0
36781,88326,99822,0
36782,88552,144007,0
36783,140665,29342,0
36784,73630,56852,0
36785,83303,114106,0
36786,146806,124914,0
36787,32636,130720,0
36788,13897,12067,0
36789,59570,82232,0
36790,126784,66111,0
36791,56320,150740,0
36792,106228,138032,0
36793,143650,91994,0
36794,14987,83823,0
36795,139559,139737,0
36796,1895,50954,0
36797,139935,126842,0
36798,141174,82594,0
36799,19015,127478,0
36800,81720,69049,0
36801,107108,124135,0
36802,47421,39909,0
36803,124064,90773,0
36804,151417,85853,0
36805,111073,13012,0
36806,57051,16959,0
36807,47517,124446,0
36808,34826,68048,0
36809,24621,125666,0
36810,107514,55504,0
36811,68099,132869,0
36812,113763,121385,0
36813,125021,60521,0
36814,17942,64161,0
36815,132195,130430,0
36816,102872,55092,0
36817,105273,151331,0
36818,17506,90645,0
36819,126414,137040,0
36820,10373,13947,0
36821,98438,45183,0
36822,13197,146832,0
36823,101646,102498,0
36824,150832,154999,0
36825,118310,48233,0
36826,154347,153268,0
36827,35229,141385,0
36828,131704,33600,0
36829,120420,69662,0
36830,62771,125842,0
36831,44009,123722,0
36832,2716,65166,0
36833,140433,49164,0
36834,63881,18971,0
36835,115482,134737,0
36836,30454,55997,0
36837,154647,29879,0
36838,64397,110867,0
36839,129840,125341,0
36840,140836,113996,0
36841,128372,117844,0
36842,143077,114866,0
36843,143387,9564,0
36844,108180,82522,0
36845,1436,73549,0
36846,69688,70738,0
36847,66912,106661,0
36848,127356,70450,0
36849,27859,89838,0
36850,106368,35621,0
36851,5798,112126,0
36852,52333,140227,0
36853,47899,137088,0
36854,76379,31555,0
36855,95220,123233,0
36856,107839,18263,0
36857,120244,49753,0
36858,45899,43146,0
36859,125279,45781,0
36860,67942,86399,0
36861,130409,121131,0
36862,55145,68269,0
36863,9433,18765,0
36864,26327,44663,0
36865,54125,19604,0
36866,128737,108252,0
36867,155147,149264,0
36868,70094,57965,0
36869,77125,110489,0
36870,6489,52713,0
36871,12836,86955,0
36872,69901,86655,0
36873,130093,153760,0
36874,80307,17843,0
36875,107290,141729,0
36876,108594,119430,0
36877,80209,83638,0
36878,118476,3248,0
36879,5795,27710,0
36880,29285,34052,0
36881,137203,47655,0
36882,51106,42839,0
36883,99203,60287,0
36884,67450,28276,0
36885,71575,77708,0
36886,90394,85134,0
36887,118985,152707,0
36888,72340,12298,0
36889,13533,98180,0
36890,14099,26899,0
36891,99584,13523,0
36892,110809,69933,0
36893,152129,74248,0
36894,38054,122007,0
36895,136119,108007,0
36896,43828,75930,0
36897,131950,49202,0
36898,39381,40534,0
36899,28095,95717,0
36900,57867,25368,0
36901,143020,96818,0
36902,29636,99796,0
36903,104815,54609,0
36904,134976,86146,0
36905,127054,6018,0
36906,77210,24525,0
36907,93575,125235,0
36908,42647,42512,0
36909,45473,79115,0
36910,65686,105334,0
36911,82859,43698,0
36912,153526,38135,0
36913,148209,91484,0
36914,12599,30072,0
36915,391,54623,0
36916,115404,29487,0
36917,113221,108033,0
36918,105281,152641,0
36919,69794,30282,0
36920,7533,50026,0
36921,144254,35077,0
36922,118251,39028,0
36923,20697,10689,0
36924,105471,73767,0
36925,81029,32121,0
36926,39924,76872,0
36927,9730,32914,0
36928,126698,30273,0
36929,131428,150350,0
36930,37684,59422,0
36931,131630,4833,0
36932,6865,22356,0
36933,17013,48138,0
36934,109975,115656,0
36935,146143,64961,0
36936,79828,144925,0
36937,88601,132884,0
36938,48674,73334,0
36939,118527,44307,0
36940,141427,124525,0
36941,90350,141290,0
36942,110654,78821,0
36943,7714,132193,0
36944,17413,59158,0
36945,54316,56040,0
36946,31422,31700,0
36947,6631,125811,0
36948,44093,141894,0
36949,36802,122844,0
36950,20546,64605,0
36951,9766,20303,0
36952,82412,64099,0
36953,30537,116010,0
36954,25707,121545,0
36955,44009,147319,0
36956,91404,17199,0
36957,125541,29531,0
36958,261,33816,0
36959,142241,81168,0
36960,137764,64909,0
36961,104906,127200,0
36962,59247,31654,0
36963,7666,59995,0
36964,152489,138851,0
36965,134880,37022,0
36966,143279,81826,0
36967,106061,135366,0
36968,102,17473,0
36969,23135,147430,0
36970,88977,54218,0
36971,63606,132980,0
36972,13534,78928,0
36973,96226,115222,0
36974,65565,120030,0
36975,117873,117468,0
36976,7332,152707,0
36977,19362,74897,0
36978,145101,146610,0
36979,123563,81850,0
36980,1844,94186,0
36981,130821,65748,0
36982,79091,76579,0
36983,16160,39390,0
36984,111025,65782,0
36985,34642,149081,0
36986,20799,109058,0
36987,96435,30410,0
36988,1765,34415,0
36989,20011,68319,0
36990,101937,108504,0
36991,152331,60865,0
36992,29867,49451,0
36993,1872,20059,0
36994,139138,94356,0
36995,129507,42177,0
36996,96702,93369,0
36997,17126,79399,0
36998,117725,106418,0
36999,66746,58918,0
37000,114607,30992,0
37001,110539,127617,0
37002,95013,121592,0
37003,52763,107815,0
37004,67550,102793,0
37005,112347,70117,0
37006,144906,149837,0
37007,91618,91655,0
37008,115297,60750,0
37009,33404,35409,0
37010,61157,23840,0
37011,73960,90004,0
37012,102151,36528,0
37013,46687,20314,0
37014,20894,41736,0
37015,93742,34384,0
37016,103372,119500,0
37017,102154,68445,0
37018,120345,104729,0
37019,144249,142726,0
37020,95019,90781,0
37021,75477,95902,0
37022,33727,36133,0
37023,88760,81135,0
37024,154419,82786,0
37025,151000,131196,0
37026,2706,74268,0
37027,100868,96367,0
37028,73909,80923,0
37029,30234,54322,0
37030,23214,126524,0
37031,18507,143420,0
37032,71311,54199,0
37033,39475,148447,0
37034,92819,101141,0
37035,128924,152721,0
37036,3318,34425,0
37037,140009,139477,0
37038,67109,89344,0
37039,121537,54362,0
37040,47613,132961,0
37041,99502,100074,0
37042,111127,141902,0
37043,37170,93031,0
37044,144033,138101,0
37045,11377,44526,0
37046,69328,16127,0
37047,18473,75791,0
37048,101791,135319,0
37049,20569,81972,0
37050,70932,73135,0
37051,48834,32925,0
37052,41654,91081,0
37053,8564,154902,0
37054,67472,119455,0
37055,140624,66305,0
37056,16467,62173,0
37057,45025,140814,0
37058,3750,151912,0
37059,77575,93164,0
37060,35638,145407,0
37061,25167,40000,0
37062,67379,64951,0
37063,82516,78096,0
37064,89515,53455,0
37065,1512,60060,0
37066,15413,9258,0
37067,14762,21165,0
37068,26675,144425,0
37069,29644,82219,0
37070,17454,112122,0
37071,97137,44481,0
37072,49746,13140,0
37073,28852,20603,0
37074,142668,27009,0
37075,63023,89741,0
37076,72194,130595,0
37077,56185,25107,0
37078,14445,95718,0
37079,41431,83928,0
37080,39404,139337,0
37081,82060,40328,0
37082,88451,83189,0
37083,60725,104342,0
37084,152851,137,0
37085,87804,137024,0
37086,119554,141286,0
37087,116293,110047,0
37088,82283,97975,0
37089,111687,144273,0
37090,2218,24953,0
37091,114771,76827,0
37092,28205,63691,0
37093,77924,38739,0
37094,42813,19158,0
37095,71333,77565,0
37096,136,3907,0
37097,135032,154576,0
37098,20740,47169,0
37099,83862,109697,0
37100,106395,141499,0
37101,111624,101631,0
37102,138983,136603,0
37103,36909,110265,0
37104,96152,37305,0
37105,138496,141990,0
37106,115956,153178,0
37107,33623,73342,0
37108,54857,45003,0
37109,78980,47813,0
37110,128042,127642,0
37111,89058,23777,0
37112,120557,131280,0
37113,112377,87746,0
37114,27332,29597,0
37115,94576,152323,0
37116,61106,111235,0
37117,75239,152300,0
37118,113620,52533,0
37119,142194,9580,0
37120,20816,131011,0
37121,128431,38956,0
37122,137699,48470,0
37123,106586,35347,0
37124,43027,65550,0
37125,105394,25878,0
37126,29951,109973,0
37127,122237,99169,0
37128,88479,5483,0
37129,7742,130779,0
37130,135379,39188,0
37131,57192,36223,0
37132,134317,131134,0
37133,58664,6984,0
37134,135711,26112,0
37135,143641,61758,0
37136,25286,116499,0
37137,32113,62763,0
37138,2535,33951,0
37139,32914,48815,0
37140,65032,93568,0
37141,6111,95263,0
37142,22480,13400,0
37143,150392,49342,0
37144,59594,9480,0
37145,124820,8144,0
37146,145473,135093,0
37147,130122,57713,0
37148,148338,28298,0
37149,38274,84126,0
37150,152771,117771,0
37151,61802,141910,0
37152,38071,94279,0
37153,46688,149313,0
37154,103154,81783,0
37155,104431,83860,0
37156,2629,14306,0
37157,52763,68287,0
37158,64073,151518,0
37159,24486,16545,0
37160,92556,86561,0
37161,3750,789,0
37162,31336,35453,0
37163,50464,144858,0
37164,79511,7014,0
37165,69520,64058,0
37166,35141,34675,0
37167,58199,7862,0
37168,50450,20148,0
37169,146744,153244,0
37170,96122,104868,0
37171,36917,122558,0
37172,103859,42932,0
37173,94777,128796,0
37174,140258,143494,0
37175,108138,96394,0
37176,80109,17563,0
37177,76445,29959,0
37178,10784,68985,0
37179,66683,128184,0
37180,29665,86297,0
37181,34195,126022,0
37182,113636,90354,0
37183,101246,127707,0
37184,122793,117171,0
37185,36490,75743,0
37186,25376,117606,0
37187,146042,105630,0
37188,111331,154913,0
37189,11085,106911,0
37190,46552,122472,0
37191,27279,118475,0
37192,9943,107006,0
37193,78173,105027,0
37194,40747,59904,0
37195,73027,3452,0
37196,24252,108025,0
37197,150837,146386,0
37198,15706,92239,0
37199,59292,19717,0
37200,65815,116791,0
37201,70816,152890,0
37202,106680,127354,0
37203,98194,36098,0
37204,98378,27385,0
37205,30966,1477,0
37206,22060,123334,0
37207,68315,151123,0
37208,122464,78220,0
37209,119439,69969,0
37210,73646,140921,0
37211,116707,21985,0
37212,75061,53492,0
37213,134467,966,0
37214,135616,70770,0
37215,94060,82161,0
37216,44093,100006,0
37217,59463,31828,0
37218,41845,71492,0
37219,55182,48139,0
37220,99235,39164,0
37221,34911,121418,0
37222,97051,7852,0
37223,124627,143053,0
37224,35524,14989,0
37225,21006,29423,0
37226,138678,25577,0
37227,54446,138031,0
37228,133720,29271,0
37229,88813,101920,0
37230,20502,68724,0
37231,119131,138870,0
37232,37728,59353,0
37233,111472,136192,0
37234,1547,65223,0
37235,116738,130627,0
37236,152469,20841,0
37237,6765,124488,0
37238,136240,46720,0
37239,19833,26750,0
37240,39623,15629,0
37241,123273,86604,0
37242,130620,53258,0
37243,143499,62680,0
37244,84039,115146,0
37245,150702,12094,0
37246,11245,41223,0
37247,66406,70482,0
37248,86869,105296,0
37249,2134,130597,0
37250,77724,99526,0
37251,43390,2815,0
37252,69232,49405,0
37253,148683,114464,0
37254,76605,16358,0
37255,34589,74066,0
37256,81141,100349,0
37257,82019,59411,0
37258,52992,95187,0
37259,144565,57262,0
37260,151392,67826,0
37261,87491,36327,0
37262,7620,19674,0
37263,88743,119396,0
37264,52651,180,0
37265,45804,68895,0
37266,88713,58146,0
37267,69151,153017,0
37268,33328,26510,0
37269,3094,33022,0
37270,33079,150425,0
37271,105252,49212,0
37272,75188,11931,0
37273,116866,8789,0
37274,129354,88709,0
37275,139320,95305,0
37276,81787,146653,0
37277,125196,45396,0
37278,114325,40137,0
37279,94503,129753,0
37280,130232,140107,0
37281,62167,47744,0
37282,6400,47013,0
37283,90368,18002,0
37284,1206,14896,0
37285,147021,51927,0
37286,56842,56484,0
37287,80658,144368,0
37288,112085,147185,0
37289,58155,77941,0
37290,69041,8630,0
37291,62977,86943,0
37292,34941,126661,0
37293,84091,65246,0
37294,101946,132304,0
37295,91635,8123,0
37296,97112,28151,0
37297,50537,47242,0
37298,57213,123690,0
37299,130604,127403,0
37300,76904,109855,0
37301,37936,50561,0
37302,39355,96881,0
37303,16345,56921,0
37304,18068,107349,0
37305,88661,148898,0
37306,147475,58285,0
37307,76648,67768,0
37308,106082,62660,0
37309,121919,103421,0
37310,145042,12455,0
37311,114397,141734,0
37312,57469,83308,0
37313,152256,127866,0
37314,109744,32283,0
37315,118980,58270,0
37316,58741,62754,0
37317,125552,90185,0
37318,57626,121349,0
37319,127581,20582,0
37320,115835,37097,0
37321,136695,99172,0
37322,66499,99608,0
37323,108879,112715,0
37324,66606,133180,0
37325,81334,118559,0
37326,132056,4478,0
37327,144021,48754,0
37328,116328,144712,0
37329,58071,9453,0
37330,100087,117122,0
37331,72096,38492,0
37332,16404,61092,0
37333,145710,33754,0
37334,120276,89282,0
37335,82715,149613,0
37336,36006,78708,0
37337,37733,31178,0
37338,64630,59323,0
37339,40673,24913,0
37340,93291,75155,0
37341,41517,80593,0
37342,116204,62453,0
37343,153897,120620,0
37344,145966,143818,0
37345,73000,141348,0
37346,102818,58555,0
37347,139619,24736,0
37348,111750,9846,0
37349,93417,6646,0
37350,47781,1172,0
37351,91310,28226,0
37352,70783,10231,0
37353,148881,26876,0
37354,127945,146538,0
37355,43738,96892,0
37356,63884,259,0
37357,40246,71116,0
37358,69996,145785,0
37359,89761,58890,0
37360,61438,85808,0
37361,109874,10196,0
37362,10619,14141,0
37363,107075,113230,0
37364,91568,4002,0
37365,12513,52175,0
37366,64861,107192,0
37367,1390,148474,0
37368,3246,154273,0
37369,137902,113879,0
37370,142240,122768,0
37371,125403,29028,0
37372,15627,12704,0
37373,1266,40758,0
37374,99931,133740,0
37375,80028,105613,0
37376,121447,31590,0
37377,14445,37174,0
37378,139647,71461,0
37379,135515,40744,0
37380,102099,61550,0
37381,88062,75825,0
37382,38883,11524,0
37383,68476,2347,0
37384,106383,39555,0
37385,134970,50145,0
37386,48627,107187,0
37387,92350,99343,0
37388,36018,151606,0
37389,120264,4523,0
37390,153879,63542,0
37391,114283,114416,0
37392,63023,123146,0
37393,2751,132704,0
37394,93208,47577,0
37395,38305,3163,0
37396,107760,69484,0
37397,30153,101667,0
37398,139777,122533,0
37399,144346,9734,0
37400,147009,128714,0
37401,93647,31430,0
37402,76353,64411,0
37403,58625,31759,0
37404,45479,22166,0
37405,32528,82140,0
37406,93945,132329,0
37407,50198,19372,0
37408,13617,56914,0
37409,97801,84266,0
37410,24680,97387,0
37411,84619,141776,0
37412,66857,153553,0
37413,107451,18841,0
37414,56314,132881,0
37415,31096,113105,0
37416,79768,120929,0
37417,122915,14012,0
37418,143375,14424,0
37419,46568,28817,0
37420,143492,125364,0
37421,68370,101959,0
37422,73616,30236,0
37423,109686,7952,0
37424,145005,148306,0
37425,97415,151255,0
37426,68529,126533,0
37427,132198,57261,0
37428,52966,39374,0
37429,264,111656,0
37430,30,103403,0
37431,50250,58508,0
37432,3579,98008,0
37433,89152,141922,0
37434,61622,113036,0
37435,99457,149043,0
37436,7133,96485,0
37437,149864,67453,0
37438,45385,111427,0
37439,39011,75117,0
37440,104170,66638,0
37441,62259,74895,0
37442,27321,87411,0
37443,100185,57373,0
37444,55441,11055,0
37445,148744,126249,0
37446,79883,114696,0
37447,151462,3628,0
37448,90655,151977,0
37449,25331,89518,0
37450,50768,73333,0
37451,48101,110605,0
37452,50209,23424,0
37453,26774,131297,0
37454,46496,109405,0
37455,30898,88579,0
37456,126302,58532,0
37457,110759,131478,0
37458,112815,113638,0
37459,7766,85867,0
37460,59366,134961,0
37461,87374,20031,0
37462,14668,106621,0
37463,28793,100074,0
37464,142724,128624,0
37465,152463,33627,0
37466,82379,60459,0
37467,55134,64029,0
37468,100572,113593,0
37469,143614,69726,0
37470,151862,111287,0
37471,133145,39172,0
37472,104145,131150,0
37473,28243,57753,0
37474,74685,145704,0
37475,13784,100884,0
37476,141689,115655,0
37477,76768,144786,0
37478,63696,119172,0
37479,30792,120933,0
37480,61164,47296,0
37481,107104,25791,0
37482,114594,126208,0
37483,130018,34767,0
37484,73617,95836,0
37485,146150,119108,0
37486,117563,17490,0
37487,59254,127398,0
37488,33435,34754,0
37489,124677,136569,0
37490,62089,121046,0
37491,20440,105198,0
37492,4476,106610,0
37493,112239,25107,0
37494,134674,48043,0
37495,4517,120756,0
37496,827,104864,0
37497,151244,42630,0
37498,121681,80228,0
37499,121348,54241,0
37500,99646,50969,0
37501,95684,131130,0
37502,64228,139930,0
37503,33751,127283,0
37504,121521,136599,0
37505,102843,17773,0
37506,111208,130800,0
37507,142158,116606,0
37508,27586,5670,0
37509,103046,61900,0
37510,30033,87231,0
37511,76478,111247,0
37512,142779,143284,0
37513,50782,29210,0
37514,52435,11141,0
37515,82044,81962,0
37516,152759,11232,0
37517,15862,149117,0
37518,37286,2460,0
37519,142303,53124,0
37520,64959,65135,0
37521,112309,12574,0
37522,75699,96109,0
37523,6317,109502,0
37524,68469,95342,0
37525,77835,18302,0
37526,80553,98781,0
37527,13118,34865,0
37528,151858,26123,0
37529,79231,32080,0
37530,109356,81269,0
37531,41919,35854,0
37532,86193,152758,0
37533,101449,104642,0
37534,77970,145824,0
37535,142093,126736,0
37536,38655,119911,0
37537,24767,37609,0
37538,47279,87289,0
37539,121014,62043,0
37540,82012,44943,0
37541,89348,115195,0
37542,118237,64776,0
37543,13155,28390,0
37544,39038,43962,0
37545,78012,98868,0
37546,54283,83190,0
37547,99004,13267,0
37548,63042,33905,0
37549,30033,11388,0
37550,144231,70959,0
37551,24071,67511,0
37552,20646,2267,0
37553,21644,121276,0
37554,141349,24537,0
37555,58285,122702,0
37556,31548,150000,0
37557,14189,18365,0
37558,29778,91468,0
37559,143546,85327,0
37560,71037,136912,0
37561,58778,64450,0
37562,153480,108289,0
37563,21426,52543,0
37564,60607,121636,0
37565,133142,120366,0
37566,12845,118177,0
37567,140237,84146,0
37568,102,86924,0
37569,66116,57102,0
37570,87790,11893,0
37571,54078,119419,0
37572,94789,90092,0
37573,82200,149263,0
37574,31408,138977,0
37575,36656,49744,0
37576,4956,91912,0
37577,118526,86846,0
37578,137944,153592,0
37579,28158,16861,0
37580,31148,18405,0
37581,120020,83963,0
37582,128679,64981,0
37583,88873,84869,0
37584,125245,91049,0
37585,45073,74223,0
37586,49583,96787,0
37587,36884,14436,0
37588,78379,113805,0
37589,140842,59655,0
37590,12804,12758,0
37591,145535,12398,0
37592,145533,111358,0
37593,102371,32252,0
37594,73648,145975,0
37595,42968,20484,0
37596,75251,25749,0
37597,84536,52324,0
37598,74377,33341,0
37599,61664,94235,0
37600,66135,119145,0
37601,148069,80457,0
37602,138321,17385,0
37603,154320,63019,0
37604,67603,12574,0
37605,132401,28420,0
37606,130988,67275,0
37607,8364,21947,0
37608,69938,97511,0
37609,31627,76891,0
37610,47498,134600,0
37611,128611,77791,0
37612,69766,72003,0
37613,25266,48335,0
37614,4042,90004,0
37615,138100,102756,0
37616,127227,54056,0
37617,69327,2306,0
37618,135074,107429,0
37619,113732,73398,0
37620,117680,133730,0
37621,153152,15920,0
37622,108181,87458,0
37623,153740,83714,0
37624,18482,109538,0
37625,155029,124548,0
37626,134018,44884,0
37627,93029,30247,0
37628,18512,41249,0
37629,78930,17189,0
37630,11041,67768,0
37631,114335,102508,0
37632,151447,38234,0
37633,24751,45698,0
37634,72615,32320,0
37635,66517,154373,0
37636,1186,50852,0
37637,58039,54480,0
37638,137362,39527,0
37639,136759,30197,0
37640,123183,61300,0
37641,4131,28763,0
37642,23768,148479,0
37643,28067,41864,0
37644,70971,153342,0
37645,37995,119666,0
37646,34445,119970,0
37647,127176,153467,0
37648,69023,28978,0
37649,3407,7718,0
37650,14013,131837,0
37651,96819,1290,0
37652,48160,10195,0
37653,117152,8001,0
37654,122311,144238,0
37655,130034,148958,0
37656,44178,146450,0
37657,45727,7792,0
37658,144075,16360,0
37659,98474,44676,0
37660,65463,56404,0
37661,39617,121233,0
37662,6093,58321,0
37663,144201,32080,0
37664,110293,35275,0
37665,119451,136366,0
37666,124684,151054,0
37667,102712,132127,0
37668,120028,81795,0
37669,87620,102068,0
37670,81622,4660,0
37671,57583,106107,0
37672,37399,42547,0
37673,78923,147203,0
37674,42944,132685,0
37675,124668,150255,0
37676,80776,4897,0
37677,94469,155134,0
37678,48847,34971,0
37679,38898,83820,0
37680,104365,55709,0
37681,144006,123464,0
37682,116742,106759,0
37683,131404,153931,0
37684,20310,96027,0
37685,17042,25242,0
37686,95865,95490,0
37687,16418,52761,0
37688,135309,62921,0
37689,23308,45182,0
37690,109845,122181,0
37691,90071,46595,0
37692,105099,148080,0
37693,131688,47659,0
37694,12349,86965,0
37695,57959,32632,0
37696,62141,35009,0
37697,83524,106815,0
37698,138417,35813,0
37699,93362,68949,0
37700,52023,126986,0
37701,57228,52070,0
37702,136503,66090,0
37703,28019,10173,0
37704,63283,112151,0
37705,45122,84878,0
37706,19916,67403,0
37707,55242,143419,0
37708,145235,96966,0
37709,63999,151759,0
37710,68107,54005,0
37711,67351,73319,0
37712,126085,152102,0
37713,20972,28619,0
37714,145868,2662,0
37715,139168,21057,0
37716,139373,117207,0
37717,36922,74665,0
37718,49807,133306,0
37719,112498,63534,0
37720,99407,113584,0
37721,13217,68664,0
37722,95666,94340,0
37723,129143,142953,0
37724,68262,60515,0
37725,5563,89819,0
37726,135488,138059,0
37727,90452,80607,0
37728,77340,12507,0
37729,50001,154822,0
37730,99584,111146,0
37731,17037,9589,0
37732,7834,129619,0
37733,48539,74273,0
37734,69921,74398,0
37735,12153,140796,0
37736,112832,26076,0
37737,24336,1139,0
37738,32666,111809,0
37739,55447,73874,0
37740,125083,60320,0
37741,91654,59152,0
37742,117429,55348,0
37743,131616,709,0
37744,44332,101024,0
37745,16176,72357,0
37746,8099,30062,0
37747,80276,42617,0
37748,139561,129231,0
37749,16385,106256,0
37750,122764,127023,0
37751,22714,77292,0
37752,111291,150735,0
37753,140386,15829,0
37754,78274,80068,0
37755,13410,25475,0
37756,19328,113498,0
37757,58778,105619,0
37758,92511,31818,0
37759,5234,90246,0
37760,154571,95805,0
37761,147400,19530,0
37762,108191,104070,0
37763,25624,94823,0
37764,73765,149781,0
37765,125648,107850,0
37766,154864,97548,0
37767,6926,18716,0
37768,116601,4320,0
37769,97729,65927,0
37770,18665,85371,0
37771,137516,100005,0
37772,131484,105659,0
37773,36617,93032,0
37774,126868,16845,0
37775,141746,75587,0
37776,49802,11921,0
37777,63278,108485,0
37778,4466,35196,0
37779,104406,8548,0
37780,100022,94661,0
37781,103655,97685,0
37782,133604,121323,0
37783,123451,91389,0
37784,112443,41090,0
37785,111407,74692,0
37786,52581,12662,0
37787,10859,44858,0
37788,101322,13701,0
37789,121864,52862,0
37790,68516,137191,0
37791,128831,40428,0
37792,90839,154787,0
37793,28201,126508,0
37794,86865,40945,0
37795,65018,30271,0
37796,148251,93009,0
37797,86770,78415,0
37798,2913,99742,0
37799,102046,56305,0
37800,43981,136789,0
37801,60252,36558,0
37802,126083,114118,0
37803,143084,89862,0
37804,103625,82834,0
37805,98463,33921,0
37806,16334,51854,0
37807,142407,14812,0
37808,146127,149897,0
37809,51590,101014,0
37810,54324,34398,0
37811,85656,120318,0
37812,74553,130267,0
37813,136985,135333,0
37814,41497,90387,0
37815,109881,53928,0
37816,16385,140822,0
37817,132886,123216,0
37818,44070,85557,0
37819,54445,149083,0
37820,118346,102934,0
37821,155013,12110,0
37822,14013,116857,0
37823,113309,30462,0
37824,56107,109974,0
37825,129129,60970,0
37826,145635,339,0
37827,122444,120315,0
37828,50768,138347,0
37829,57931,66086,0
37830,88451,129868,0
37831,127014,148428,0
37832,43775,144138,0
37833,99435,45342,0
37834,57441,38824,0
37835,46626,105063,0
37836,90362,35778,0
37837,68777,14941,0
37838,140215,52608,0
37839,68853,59344,0
37840,131008,76707,0
37841,14209,70369,0
37842,31081,27707,0
37843,37623,80711,0
37844,89711,110402,0
37845,52944,120837,0
37846,24702,145967,0
37847,142244,11898,0
37848,112809,30747,0
37849,12719,131330,0
37850,22000,43875,0
37851,64641,7417,0
37852,138321,16446,0
37853,61079,46560,0
37854,130775,55033,0
37855,4827,22738,0
37856,88367,19516,0
37857,144718,85414,0
37858,21154,65259,0
37859,126512,26903,0
37860,72706,137922,0
37861,111068,35430,0
37862,382,70308,0
37863,82261,126865,0
37864,103702,13531,0
37865,64002,101986,0
37866,60676,79539,0
37867,154754,4184,0
37868,9588,98137,0
37869,49820,80050,0
37870,44665,22293,0
37871,65930,28437,0
37872,43561,108224,0
37873,145635,30326,0
37874,72008,58268,0
37875,117703,117418,0
37876,142307,93054,0
37877,95021,107592,0
37878,143134,75940,0
37879,82925,122012,0
37880,65554,64157,0
37881,131274,148128,0
37882,39472,129680,0
37883,57319,75327,0
37884,84112,138275,0
37885,137013,130819,0
37886,145737,123739,0
37887,153903,137354,0
37888,71346,4152,0
37889,17710,154011,0
37890,103625,102020,0
37891,146902,153701,0
37892,17644,92626,0
37893,43373,124859,0
37894,230,103066,0
37895,25653,80061,0
37896,43997,104578,0
37897,128854,119668,0
37898,47201,147327,0
37899,113267,73253,0
37900,147058,53640,0
37901,66204,64785,0
37902,53550,65004,0
37903,140108,146779,0
37904,81124,11795,0
37905,106481,70640,0
37906,20923,93472,0
37907,86060,1251,0
37908,92042,8033,0
37909,111685,124448,0
37910,101468,86875,0
37911,108416,35619,0
37912,123373,19325,0
37913,117705,126036,0
37914,97073,94619,0
37915,43662,91286,0
37916,84948,122425,0
37917,98391,96330,0
37918,77000,71310,0
37919,70225,15212,0
37920,145259,61807,0
37921,134796,60232,0
37922,38300,19110,0
37923,135148,132608,0
37924,47792,101902,0
37925,140694,148372,0
37926,14422,130557,0
37927,114226,60089,0
37928,62841,53306,0
37929,121983,74864,0
37930,113792,89852,0
37931,78029,59147,0
37932,6470,107315,0
37933,49460,117392,0
37934,135740,81544,0
37935,133688,84192,0
37936,122460,74283,0
37937,24871,65764,0
37938,102577,40798,0
37939,53371,61758,0
37940,59418,112594,0
37941,11377,146756,0
37942,145739,124995,0
37943,73828,60929,0
37944,22281,129203,0
37945,105806,93199,0
37946,141006,12519,0
37947,143291,151591,0
37948,130882,137087,0
37949,99172,8353,0
37950,1061,129177,0
37951,148264,85633,0
37952,103876,22114,0
37953,20170,120239,0
37954,111534,96699,0
37955,128530,114319,0
37956,154330,69544,0
37957,153174,94168,0
37958,81441,59622,0
37959,91594,4420,0
37960,116075,43892,0
37961,14107,113323,0
37962,32341,64191,0
37963,143414,11054,0
37964,133946,128603,0
37965,130870,66397,0
37966,116714,121335,0
37967,149546,5120,0
37968,41919,29741,0
37969,29153,15266,0
37970,69589,30477,0
37971,39817,96401,0
37972,66875,130589,0
37973,24414,85250,0
37974,59717,62287,0
37975,142224,113822,0
37976,134462,20717,0
37977,48242,96676,0
37978,37581,135725,0
37979,94926,84576,0
37980,110912,152234,0
37981,88041,66470,0
37982,115653,52313,0
37983,109830,66108,0
37984,78101,131781,0
37985,24608,102351,0
37986,114912,80447,0
37987,50698,16598,0
37988,108459,100759,0
37989,12303,150684,0
37990,117429,104594,0
37991,131240,98163,0
37992,141261,69590,0
37993,72199,107224,0
37994,149570,86881,0
37995,66819,81979,0
37996,38388,19410,0
37997,13782,18822,0
37998,98681,113770,0
37999,125319,126685,0
38000,76780,106989,0
38001,96383,126300,0
38002,22400,128719,0
38003,107183,112997,0
38004,102492,101829,0
38005,62987,50000,0
38006,47864,30307,0
38007,117247,13926,0
38008,112904,49329,0
38009,112274,8251,0
38010,40755,67556,0
38011,42041,122563,0
38012,106883,103814,0
38013,26409,37065,0
38014,151736,87060,0
38015,44835,55047,0
38016,48914,14800,0
38017,74140,5122,0
38018,105030,127908,0
38019,133893,65745,0
38020,103184,139707,0
38021,33779,55545,0
38022,126784,92166,0
38023,34774,78144,0
38024,58392,57564,0
38025,97394,61207,0
38026,3173,131026,0
38027,109412,57460,0
38028,113702,57239,0
38029,65883,45875,0
38030,66034,135879,0
38031,62637,105086,0
38032,66901,83171,0
38033,140455,136269,0
38034,2706,40638,0
38035,16847,94845,0
38036,144998,144109,0
38037,143409,72651,0
38038,78142,6229,0
38039,112675,77391,0
38040,42251,68203,0
38041,10682,16521,0
38042,3943,118546,0
38043,76888,8174,0
38044,100723,4293,0
38045,6448,84481,0
38046,81883,48138,0
38047,119458,2466,0
38048,110946,111659,0
38049,93130,12220,0
38050,48841,20246,0
38051,13043,78123,0
38052,17368,7507,0
38053,55031,84423,0
38054,112319,115160,0
38055,103334,86458,0
38056,33747,24700,0
38057,39587,25311,0
38058,68315,44233,0
38059,63846,123892,0
38060,7560,81066,0
38061,30500,155178,0
38062,112605,76696,0
38063,72667,135527,0
38064,134301,10308,0
38065,33732,30958,0
38066,149963,84301,0
38067,484,131841,0
38068,72749,103158,0
38069,37590,135109,0
38070,107370,55071,0
38071,88599,7934,0
38072,78299,155192,0
38073,17746,27501,0
38074,27824,93474,0
38075,53736,23118,0
38076,127257,79944,0
38077,38038,91198,0
38078,37764,152095,0
38079,148555,94619,0
