,nodeid1,nodeid2,label
0,127470,151340,0
1,115133,79237,0
2,53972,35646,0
3,35918,97054,0
4,111774,98307,0
5,37559,12580,0
6,65274,145986,0
7,64761,92698,0
8,23954,85292,0
9,137460,99648,0
10,93279,58308,0
11,154280,143929,0
12,89494,101526,0
13,75941,138877,0
14,2575,71850,0
15,63611,141265,0
16,70721,41844,0
17,128156,81328,0
18,87034,113463,0
19,83541,150082,0
20,116780,106469,0
21,133267,139061,0
22,64754,118821,0
23,101784,130657,0
24,4004,147031,0
25,150076,35777,0
26,65267,45090,0
27,85480,77821,0
28,142033,130110,0
29,145349,121030,0
30,4882,90753,0
31,92206,16506,0
32,101348,57149,0
33,90790,59961,0
34,23019,147626,0
35,137682,143675,0
36,37794,112,0
37,142363,124228,0
38,89267,84682,0
39,73548,139105,0
40,112064,76481,0
41,45792,93539,0
42,44308,36926,0
43,149975,31544,0
44,144122,45768,0
45,38483,36478,0
46,112299,63664,0
47,28470,131629,0
48,67980,59657,0
49,35136,132580,0
50,106009,65951,0
51,42359,16939,0
52,91528,57103,0
53,37275,61602,0
54,92637,144447,0
55,77949,101389,0
56,125206,85993,0
57,118229,63968,0
58,4222,9928,0
59,63134,59232,0
60,54249,60139,0
61,91171,78259,0
62,22444,12146,0
63,1014,140132,0
64,64770,119690,0
65,92783,130316,0
66,146032,1184,0
67,25327,5575,0
68,89000,88166,0
69,108869,48846,0
70,140898,135880,0
71,27360,54012,0
72,109786,128906,0
73,33016,134528,0
74,63659,15457,0
75,53221,36944,0
76,150094,104896,0
77,3550,40441,0
78,8317,137588,0
79,140625,141408,0
80,87301,97504,0
81,58316,128193,0
82,98257,88476,0
83,115784,43532,0
84,10446,120980,0
85,73348,74911,0
86,27067,64215,0
87,32024,86656,0
88,130590,5,0
89,101589,147159,0
90,147880,44065,0
91,45827,16584,0
92,72221,104435,0
93,55786,18501,0
94,54279,81413,0
95,123947,146275,0
96,148768,98593,0
97,66250,44652,0
98,35416,78405,0
99,143177,59882,0
100,154340,127407,0
101,105777,33391,0
102,40123,112378,0
103,14791,116567,0
104,135178,108123,0
105,70961,15555,0
106,151248,6719,0
107,154024,18436,0
108,89033,35087,0
109,81588,46377,0
110,86484,98146,0
111,89547,17298,0
112,99055,150267,0
113,6686,8907,0
114,135536,82264,0
115,152449,115972,0
116,91919,146831,0
117,110298,57304,0
118,81451,60954,0
119,133980,115313,0
120,127855,130672,0
121,154524,1129,0
122,102654,34808,0
123,59800,15552,0
124,89322,145488,0
125,144242,122235,0
126,43037,153723,0
127,141323,25920,0
128,49541,23522,0
129,45935,69410,0
130,48006,31813,0
131,31857,119493,0
132,54604,21754,0
133,50655,44839,0
134,87135,79561,0
135,6093,27553,0
136,43276,136117,0
137,91811,15310,0
138,32117,122864,0
139,148406,102143,0
140,140025,134969,0
141,20403,101029,0
142,16380,101282,0
143,71752,108828,0
144,38446,127694,0
145,102804,108355,0
146,25006,73506,0
147,101760,111996,0
148,92755,64207,0
149,140319,103715,0
150,90910,15745,0
151,133999,55700,0
152,83002,121007,0
153,143301,95667,0
154,88846,83107,0
155,75180,103470,0
156,71969,37204,0
157,101438,47929,0
158,61256,15207,0
159,43517,95642,0
160,114435,3915,0
161,59245,149616,0
162,111697,60641,0
163,125750,26924,0
164,14401,137289,0
165,118322,83466,0
166,27227,80614,0
167,82557,24684,0
168,890,39729,0
169,133910,68540,0
170,18491,70256,0
171,142080,56557,0
172,1132,146688,0
173,95830,28209,0
174,36675,107276,0
175,87629,125153,0
176,146455,106755,0
177,42135,399,0
178,43178,98187,0
179,11697,130125,0
180,140576,141128,0
181,8130,45877,0
182,148946,45797,0
183,58394,135555,0
184,106029,144393,0
185,136718,84358,0
186,112283,129796,0
187,102083,113464,0
188,128256,29922,0
189,92408,19748,0
190,29952,124797,0
191,52763,147630,0
192,75877,108421,0
193,4222,80616,0
194,87792,77607,0
195,149335,57264,0
196,109139,71443,0
197,21839,45323,0
198,114234,80,0
199,55199,119649,0
200,59494,53490,0
201,118538,39228,0
202,122315,95317,0
203,82705,13319,0
204,129116,108584,0
205,96024,31590,0
206,27364,15520,0
207,149446,138271,0
208,38570,146079,0
209,121348,67418,0
210,81885,107261,0
211,128128,128824,0
212,11250,127165,0
213,111687,19216,0
214,42891,154193,0
215,94043,107178,0
216,31840,61303,0
217,129088,49725,0
218,39629,93403,0
219,1580,56626,0
220,126223,147672,0
221,96336,58629,0
222,12342,88077,0
223,36513,26384,0
224,53115,113663,0
225,2554,93346,0
226,19912,155108,0
227,1641,49399,0
228,96103,25396,0
229,17442,122497,0
230,139805,148982,0
231,48006,36044,0
232,110639,20675,0
233,37668,135257,0
234,86410,7848,0
235,127041,140814,0
236,125485,149933,0
237,32488,26735,0
238,113579,89512,0
239,113753,115175,0
240,105855,66444,0
241,21085,120435,0
242,8159,120759,0
243,72570,30894,0
244,44555,126225,0
245,134891,107684,0
246,7339,1689,0
247,119208,94811,0
248,102667,42513,0
249,145779,118831,0
250,18926,8800,0
251,42465,100367,0
252,58642,70191,0
253,27376,129605,0
254,62656,36957,0
255,96299,107932,0
256,48204,85740,0
257,11580,8064,0
258,35507,20148,0
259,25084,80602,0
260,54394,57307,0
261,27508,68663,0
262,109330,7364,0
263,126346,6282,0
264,139437,106555,0
265,114003,113889,0
266,115903,56254,0
267,24856,128319,0
268,35365,61740,0
269,134034,9884,0
270,48662,88336,0
271,65075,46789,0
272,139655,58766,0
273,79639,127680,0
274,82114,73284,0
275,27388,124757,0
276,119582,106355,0
277,40916,86379,0
278,5560,137125,0
279,81344,34740,0
280,118754,75343,0
281,4576,82143,0
282,23357,58788,0
283,86599,68287,0
284,34077,22642,0
285,73876,28738,0
286,148845,130369,0
287,46519,56692,0
288,39579,5898,0
289,142063,48058,0
290,43579,69711,0
291,70769,108568,0
292,122457,54925,0
293,72692,106796,0
294,102057,98417,0
295,6553,109219,0
296,54361,83530,0
297,87260,127413,0
298,77896,117701,0
299,117670,152461,0
300,139981,123222,0
301,72963,76689,0
302,139467,112823,0
303,89489,134746,0
304,53855,3217,0
305,93001,75914,0
306,109893,153373,0
307,29295,88526,0
308,5112,21151,0
309,11937,148197,0
310,95362,101383,0
311,69081,109675,0
312,32439,23701,0
313,105975,49164,0
314,150720,82801,0
315,17477,135285,0
316,12791,97447,0
317,145899,152900,0
318,1379,123768,0
319,65852,46643,0
320,107077,24579,0
321,121168,130119,0
322,23602,103089,0
323,76504,54244,0
324,15907,106732,0
325,14305,94851,0
326,143492,140449,0
327,21427,129276,0
328,152293,124428,0
329,51421,24415,0
330,47861,151795,0
331,41811,113316,0
332,9002,71199,0
333,61893,53569,0
334,33094,54542,0
335,134548,115816,0
336,126607,59484,0
337,102477,119222,0
338,83934,37554,0
339,90922,21714,0
340,26975,100005,0
341,132825,88286,0
342,40016,132579,0
343,104485,60697,0
344,128842,8555,0
345,18041,22842,0
346,65919,111462,0
347,140504,22652,0
348,85133,73913,0
349,150491,6990,0
350,60323,110378,0
351,95139,122868,0
352,40698,1923,0
353,34122,146437,0
354,3427,100091,0
355,34493,117127,0
356,58210,17881,0
357,86883,101843,0
358,111739,32534,0
359,22354,33011,0
360,144457,106285,0
361,92589,75630,0
362,107370,62803,0
363,36057,498,0
364,106581,93248,0
365,5611,121276,0
366,72510,15372,0
367,41886,21900,0
368,43477,133488,0
369,51984,79921,0
370,5938,90089,0
371,63392,138648,0
372,61258,23559,0
373,33619,4342,0
374,61611,85411,0
375,130071,141537,0
376,136914,91705,0
377,38978,144610,0
378,38908,21102,0
379,83103,149540,0
380,136140,58411,0
381,115116,142733,0
382,106835,54803,0
383,58383,81645,0
384,19290,7249,0
385,88761,122144,0
386,7747,41398,0
387,33432,38064,0
388,149716,118018,0
389,66212,130348,0
390,148237,30444,0
391,71959,50442,0
392,115030,79247,0
393,129926,1899,0
394,60224,5920,0
395,149916,13470,0
396,5959,70292,0
397,111754,41824,0
398,26548,144444,0
399,61257,118024,0
400,67553,149300,0
401,10049,67385,0
402,52564,5034,0
403,102504,78728,0
404,71746,83887,0
405,116510,34709,0
406,35458,145760,0
407,71794,130814,0
408,135515,3059,0
409,16075,53819,0
410,55145,87907,0
411,101764,7425,0
412,153278,77819,0
413,128975,96757,0
414,110150,12955,0
415,134978,121288,0
416,151139,142128,0
417,39699,125181,0
418,53904,146383,0
419,60035,104977,0
420,141378,142927,0
421,108131,117413,0
422,124383,14112,0
423,115131,151959,0
424,99714,138974,0
425,37147,46315,0
426,81317,130492,0
427,84307,115416,0
428,35664,68420,0
429,59136,10621,0
430,67693,80459,0
431,1447,148605,0
432,37752,51258,0
433,46512,110389,0
434,38256,57103,0
435,75997,70179,0
436,13436,11851,0
437,35993,103698,0
438,87459,143011,0
439,97733,82200,0
440,129813,16541,0
441,112719,96333,0
442,84357,139662,0
443,114765,101505,0
444,64967,3260,0
445,144107,98898,0
446,11808,27000,0
447,29153,74158,0
448,116767,73806,0
449,96690,72652,0
450,72270,127496,0
451,15263,116414,0
452,76698,77902,0
453,32942,69166,0
454,3445,140473,0
455,59661,146037,0
456,31261,109045,0
457,19062,133009,0
458,111955,23781,0
459,70995,116953,0
460,119546,64681,0
461,134785,127285,0
462,131500,72202,0
463,91583,26579,0
464,87682,48405,0
465,33179,78567,0
466,94239,110402,0
467,34198,134332,0
468,154119,119810,0
469,130202,127730,0
470,142049,83106,0
471,92577,51162,0
472,80903,23577,0
473,121109,10242,0
474,66253,20892,0
475,13150,154029,0
476,99408,36776,0
477,13843,72624,0
478,42755,142476,0
479,51065,118827,0
480,55351,110790,0
481,85265,71391,0
482,146455,49889,0
483,137571,94895,0
484,26875,26937,0
485,102156,78378,0
486,133144,147072,0
487,9906,12839,0
488,50163,43303,0
489,67203,6417,0
490,47323,4749,0
491,131690,34781,0
492,139048,130207,0
493,70183,122588,0
494,154158,77875,0
495,99528,18442,0
496,131233,126221,0
497,121602,32432,0
498,136970,23905,0
499,34486,120394,0
500,42545,100275,0
501,14900,12976,0
502,57070,99661,0
503,138151,148758,0
504,120470,7649,0
505,16886,131029,0
506,1128,18217,0
507,50985,44157,0
508,52686,67809,0
509,84232,153294,0
510,111754,37627,0
511,26968,90776,0
512,132670,49252,0
513,97602,112664,0
514,121403,41038,0
515,5925,142729,0
516,111794,22901,0
517,72507,67794,0
518,99329,143561,0
519,96275,112089,0
520,123587,78525,0
521,59240,22075,0
522,74381,130105,0
523,144778,75723,0
524,116175,34487,0
525,72839,145961,0
526,137784,149013,0
527,25911,32479,0
528,39894,129,0
529,145884,134262,0
530,1443,20716,0
531,10859,121984,0
532,131420,126755,0
533,118171,134344,0
534,45599,73647,0
535,41677,81711,0
536,152455,11926,0
537,11108,114370,0
538,110980,53570,0
539,55618,60262,0
540,63489,81745,0
541,33934,121958,0
542,58288,47280,0
543,83473,84249,0
544,31362,121985,0
545,66421,118971,0
546,134920,151936,0
547,108023,93313,0
548,79004,14358,0
549,39098,67699,0
550,44401,12464,0
551,39222,98669,0
552,21719,139754,0
553,106673,71702,0
554,18808,22615,0
555,62181,151294,0
556,150684,61563,0
557,109323,26941,0
558,104231,100300,0
559,96151,97882,0
560,146917,65232,0
561,128836,21552,0
562,52523,75649,0
563,123592,130594,0
564,66371,137553,0
565,34566,38600,0
566,141079,108187,0
567,122837,41823,0
568,77807,39847,0
569,10275,63362,0
570,29346,131924,0
571,98554,105839,0
572,112458,3669,0
573,117062,141224,0
574,57228,73858,0
575,122,93151,0
576,80164,18843,0
577,81044,57290,0
578,105471,145085,0
579,73721,110872,0
580,10654,1139,0
581,108993,93284,0
582,42015,148453,0
583,12335,94044,0
584,146785,41402,0
585,151905,8412,0
586,60818,42770,0
587,88851,133129,0
588,146047,50575,0
589,39218,51906,0
590,75950,92004,0
591,30617,84022,0
592,120057,89550,0
593,126342,23983,0
594,50603,18342,0
595,15332,58633,0
596,51413,17254,0
597,100725,20194,0
598,145204,52765,0
599,58285,130405,0
600,18810,65314,0
601,4434,37129,0
602,45200,50864,0
603,36426,137390,0
604,20260,138720,0
605,121564,131329,0
606,127083,120632,0
607,26237,115941,0
608,41996,56719,0
609,74667,122111,0
610,5774,56037,0
611,50492,30140,0
612,148628,16149,0
613,84542,122033,0
614,152244,151165,0
615,128380,22055,0
616,100695,147176,0
617,149891,59459,0
618,70640,41039,0
619,114164,145660,0
620,9652,49979,0
621,59264,4280,0
622,18889,108157,0
623,110842,152427,0
624,42395,132684,0
625,77280,46832,0
626,49004,119151,0
627,13857,34259,0
628,78438,36132,0
629,69594,123411,0
630,12762,100096,0
631,125204,152285,0
632,150964,64410,0
633,142262,2870,0
634,98616,75289,0
635,153733,119103,0
636,29854,22688,0
637,149654,104345,0
638,51692,40301,0
639,8485,53636,0
640,25395,26522,0
641,58775,57863,0
642,46430,87831,0
643,7363,94356,0
644,143155,112304,0
645,112133,119952,0
646,152237,59192,0
647,62265,143845,0
648,43708,118482,0
649,111524,96568,0
650,47030,26639,0
651,84488,114510,0
652,47097,86979,0
653,39361,123770,0
654,71959,7601,0
655,93540,32474,0
656,54078,77370,0
657,49322,15059,0
658,44605,15066,0
659,17487,141430,0
660,106222,100863,0
661,128151,40626,0
662,60773,46939,0
663,89083,153327,0
664,155049,142862,0
665,41144,6638,0
666,115988,59342,0
667,34512,20503,0
668,83008,7965,0
669,143427,5245,0
670,130318,74817,0
671,28467,15465,0
672,86485,10248,0
673,108549,130163,0
674,107819,65453,0
675,18750,47584,0
676,141295,24239,0
677,118448,45745,0
678,75626,85806,0
679,142579,121635,0
680,96569,82115,0
681,64441,52149,0
682,1202,107987,0
683,80493,43938,0
684,71754,20205,0
685,33261,87159,0
686,15948,120432,0
687,81030,126585,0
688,49011,42403,0
689,99199,14860,0
690,43763,44879,0
691,115797,76054,0
692,110910,93454,0
693,21536,66525,0
694,40757,27749,0
695,140,12717,0
696,54768,119624,0
697,56303,108489,0
698,152687,111880,0
699,13129,75397,0
700,124080,53559,0
701,103035,10203,0
702,34600,88940,0
703,48545,126845,0
704,103822,134210,0
705,82528,98737,0
706,62404,47531,0
707,19036,24959,0
708,104386,121606,0
709,8702,154336,0
710,80425,148725,0
711,111682,49559,0
712,68903,3087,0
713,147373,102790,0
714,119471,154414,0
715,59928,148495,0
716,65714,56239,0
717,16583,33369,0
718,82960,67259,0
719,6766,8397,0
720,48906,74905,0
721,68402,58819,0
722,116045,2379,0
723,33914,105387,0
724,44479,142326,0
725,16098,88604,0
726,90696,58179,0
727,64449,134387,0
728,36052,133322,0
729,50758,6628,0
730,48941,108114,0
731,39648,6384,0
732,111407,104513,0
733,103596,147895,0
734,92258,114856,0
735,122362,85878,0
736,119278,141210,0
737,113560,115524,0
738,124686,99532,0
739,131615,131171,0
740,120334,86372,0
741,11995,54495,0
742,144978,71901,0
743,1272,10695,0
744,113017,129450,0
745,143418,140164,0
746,104029,9657,0
747,37212,146207,0
748,52613,75754,0
749,62161,82854,0
750,139474,24235,0
751,153129,92632,0
752,148450,110554,0
753,111769,57720,0
754,36640,83751,0
755,80150,126899,0
756,84108,128628,0
757,129916,139931,0
758,56691,77335,0
759,134806,25569,0
760,71000,127579,0
761,110771,153150,0
762,45617,130177,0
763,131010,25651,0
764,113711,146093,0
765,50984,29299,0
766,50215,36755,0
767,27763,88642,0
768,124776,107713,0
769,148798,105253,0
770,309,120563,0
771,143669,19423,0
772,20070,101748,0
773,146774,76004,0
774,25165,20499,0
775,70549,57987,0
776,144739,118488,0
777,49089,56784,0
778,116493,149652,0
779,150368,19781,0
780,53337,19010,0
781,83699,153934,0
782,128668,40420,0
783,34913,111150,0
784,7870,43843,0
785,97846,12461,0
786,45312,70643,0
787,147645,74952,0
788,37260,120453,0
789,20413,109536,0
790,130694,106817,0
791,660,6658,0
792,53571,80574,0
793,121454,125602,0
794,726,28788,0
795,106411,82159,0
796,148348,40896,0
797,140599,46383,0
798,116273,27627,0
799,98860,133467,0
800,104595,68253,0
801,145027,147006,0
802,8022,24021,0
803,95237,93425,0
804,41430,47663,0
805,14393,106548,0
806,59498,149613,0
807,70647,144799,0
808,20667,71455,0
809,80368,51585,0
810,146240,140061,0
811,118811,102275,0
812,77727,26898,0
813,42207,86467,0
814,126626,143420,0
815,115645,97321,0
816,19277,101940,0
817,145710,75167,0
818,49188,145780,0
819,74698,52630,0
820,128430,76958,0
821,114453,50661,0
822,29957,102548,0
823,55742,87020,0
824,3070,144945,0
825,154514,154440,0
826,106953,145110,0
827,55564,87963,0
828,10880,84652,0
829,110180,84638,0
830,117251,98453,0
831,72249,51536,0
832,136024,125810,0
833,15361,137445,0
834,62324,65910,0
835,60762,70509,0
836,138933,65352,0
837,12712,54697,0
838,42900,152924,0
839,54179,5265,0
840,109388,103304,0
841,13526,121952,0
842,153523,80212,0
843,128261,21371,0
844,52718,129230,0
845,102493,102335,0
846,21805,35109,0
847,134549,26403,0
848,69657,42564,0
849,45423,110192,0
850,81950,110641,0
851,10999,73156,0
852,124815,74529,0
853,31719,106685,0
854,17225,130748,0
855,37153,56499,0
856,95190,16153,0
857,127355,90550,0
858,28603,44993,0
859,137149,96485,0
860,96380,137236,0
861,17822,28543,0
862,61559,138602,0
863,136815,80045,0
864,136931,127529,0
865,27303,107489,0
866,62344,115634,0
867,53256,124165,0
868,121165,93474,0
869,46564,91836,0
870,30760,144165,0
871,14724,41012,0
872,77563,84272,0
873,115784,125052,0
874,67427,112585,0
875,66818,65718,0
876,69950,102007,0
877,9500,102441,0
878,91251,74404,0
879,108691,14173,0
880,89735,16457,0
881,90318,15356,0
882,127046,29303,0
883,30214,17868,0
884,23447,151680,0
885,60316,17531,0
886,148424,14158,0
887,64686,65868,0
888,137627,79299,0
889,35612,60036,0
890,64600,48494,0
891,81507,31901,0
892,17349,15953,0
893,71866,22690,0
894,65063,43446,0
895,143467,51730,0
896,47857,108083,0
897,55618,73990,0
898,40379,137529,0
899,125272,61347,0
900,120552,139181,0
901,42896,144355,0
902,55117,43739,0
903,37822,5183,0
904,136764,59863,0
905,2486,62658,0
906,143697,67039,0
907,16183,66269,0
908,101270,77304,0
909,6766,71145,0
910,106964,117117,0
911,18786,78963,0
912,137140,4477,0
913,98245,52483,0
914,63356,114285,0
915,128172,153014,0
916,85641,35034,0
917,134018,62151,0
918,115623,24886,0
919,119865,32300,0
920,115249,44942,0
921,149837,95490,0
922,7897,116719,0
923,90378,99091,0
924,129346,154284,0
925,14253,74234,0
926,60607,19558,0
927,120478,43565,0
928,92742,84621,0
929,14716,109768,0
930,36553,92542,0
931,146272,145425,0
932,140805,117892,0
933,28722,73967,0
934,141188,140425,0
935,48412,93141,0
936,131257,102496,0
937,113784,133561,0
938,103257,100611,0
939,63379,119991,0
940,103314,149608,0
941,66186,55789,0
942,4632,78200,0
943,38797,121195,0
944,114573,141961,0
945,19870,106086,0
946,140613,153809,0
947,21896,101394,0
948,120901,21584,0
949,141423,96058,0
950,90145,6547,0
951,121576,34963,0
952,5370,142702,0
953,21045,23736,0
954,38570,1420,0
955,124450,56699,0
956,107727,47765,0
957,67432,54297,0
958,13043,67029,0
959,32309,81079,0
960,70416,13685,0
961,14649,130743,0
962,137958,3989,0
963,55499,87528,0
964,118638,77083,0
965,78391,129038,0
966,92933,115858,0
967,102059,139438,0
968,112276,4527,0
969,42029,38004,0
970,44314,7429,0
971,60514,105518,0
972,84581,77215,0
973,129922,124432,0
974,16209,121377,0
975,30847,38406,0
976,96790,42023,0
977,79540,1138,0
978,113881,55425,0
979,140329,80723,0
980,45174,100876,0
981,33636,118004,0
982,146248,22288,0
983,2977,51005,0
984,12515,142354,0
985,32071,118938,0
986,71533,3170,0
987,68880,129014,0
988,118729,54215,0
989,115048,141469,0
990,137324,123048,0
991,39562,145056,0
992,116314,154756,0
993,123584,68528,0
994,151266,112704,0
995,31534,115695,0
996,30154,55428,0
997,89834,575,0
998,24606,110904,0
999,29678,8164,0
1000,33970,15252,0
1001,91104,72682,0
1002,129890,117696,0
1003,39493,89771,0
1004,125036,138192,0
1005,81141,80256,0
1006,22921,47449,0
1007,72157,1932,0
1008,29546,87955,0
1009,132620,133587,0
1010,104366,2318,0
1011,78101,55805,0
1012,86669,44165,0
1013,63467,62335,0
1014,97613,32812,0
1015,857,65429,0
1016,68012,130755,0
1017,54226,148254,0
1018,99443,145276,0
1019,39959,124792,0
1020,27055,50323,0
1021,98694,138376,0
1022,112896,18455,0
1023,139934,28949,0
1024,143036,153057,0
1025,12711,63951,0
1026,94412,1761,0
1027,139492,71398,0
1028,61382,48592,0
1029,139324,98434,0
1030,142568,70167,0
1031,146200,133311,0
1032,92835,41943,0
1033,59670,84374,0
1034,118735,102685,0
1035,61855,132433,0
1036,115272,72243,0
1037,104431,90458,0
1038,56642,45330,0
1039,110698,20607,0
1040,70969,42285,0
1041,120284,93373,0
1042,84496,49451,0
1043,106966,123633,0
1044,81584,51361,0
1045,118904,71519,0
1046,154070,85192,0
1047,72697,38102,0
1048,154025,146598,0
1049,2928,4115,0
1050,29665,75569,0
1051,63056,18931,0
1052,142717,54205,0
1053,135535,29503,0
1054,70493,1584,0
1055,139655,12204,0
1056,150437,16558,0
1057,154466,69822,0
1058,59170,121985,0
1059,33298,5766,0
1060,78804,94861,0
1061,41028,46125,0
1062,54772,105550,0
1063,58659,25725,0
1064,7407,152008,0
1065,248,92254,0
1066,9519,67140,0
1067,25729,83172,0
1068,89367,90620,0
1069,63836,88263,0
1070,125509,24788,0
1071,27602,3682,0
1072,141839,40020,0
1073,31549,10148,0
1074,6783,23453,0
1075,87114,25207,0
1076,68315,4717,0
1077,70010,111417,0
1078,50510,60520,0
1079,18323,34578,0
1080,27188,79001,0
1081,95229,121626,0
1082,144515,134735,0
1083,9607,54409,0
1084,115191,120058,0
1085,145159,36850,0
1086,149419,109109,0
1087,32018,51940,0
1088,2744,104536,0
1089,149301,49644,0
1090,123427,32784,0
1091,91787,71906,0
1092,49604,68978,0
1093,6644,13540,0
1094,132733,31233,0
1095,55840,37247,0
1096,108761,77777,0
1097,115689,58896,0
1098,155029,19008,0
1099,22127,17847,0
1100,15807,86971,0
1101,92093,48541,0
1102,149873,94360,0
1103,107766,18288,0
1104,62289,36868,0
1105,7626,17144,0
1106,70111,125923,0
1107,6721,23969,0
1108,56556,117813,0
1109,17136,147374,0
1110,119188,48930,0
1111,100205,41997,0
1112,147037,27824,0
1113,109315,126587,0
1114,106451,71712,0
1115,30550,7358,0
1116,108079,111383,0
1117,133567,26601,0
1118,39150,89989,0
1119,19689,115578,0
1120,66608,49431,0
1121,58991,42446,0
1122,142873,14287,0
1123,97847,6582,0
1124,90399,149710,0
1125,23177,97735,0
1126,152893,131291,0
1127,31528,13267,0
1128,10422,15027,0
1129,46378,95423,0
1130,149779,38878,0
1131,141068,59146,0
1132,2913,140252,0
1133,32641,155187,0
1134,144650,54571,0
1135,58720,31099,0
1136,86791,65112,0
1137,52837,42475,0
1138,107613,43926,0
1139,22013,121000,0
1140,19456,105138,0
1141,146317,79040,0
1142,155109,26322,0
1143,107682,134975,0
1144,144991,142945,0
1145,100440,127250,0
1146,44259,138910,0
1147,102975,138922,0
1148,141078,90678,0
1149,107722,15797,0
1150,136922,54941,0
1151,62614,23456,0
1152,69735,4242,0
1153,146841,62721,0
1154,11208,70106,0
1155,60278,5368,0
1156,78357,34725,0
1157,35449,87098,0
1158,53112,144651,0
1159,13191,95747,0
1160,8106,79847,0
1161,9285,130830,0
1162,61169,112495,0
1163,104146,38210,0
1164,64155,33624,0
1165,19481,24550,0
1166,21374,35464,0
1167,73315,8826,0
1168,31365,59422,0
1169,30196,18997,0
1170,126531,52031,0
1171,13011,138210,0
1172,29478,11630,0
1173,13520,113128,0
1174,153229,68588,0
1175,25437,119299,0
1176,105436,60402,0
1177,69317,73631,0
1178,49831,131727,0
1179,70364,121234,0
1180,49887,101610,0
1181,148369,128037,0
1182,128965,136454,0
1183,126524,48133,0
1184,47832,151131,0
1185,72075,112519,0
1186,139846,144469,0
1187,61535,93373,0
1188,62663,94541,0
1189,142804,23597,0
1190,9475,138746,0
1191,155149,82736,0
1192,14506,74063,0
1193,20203,97046,0
1194,101157,310,0
1195,96084,72024,0
1196,32045,5272,0
1197,51311,110406,0
1198,102758,5244,0
1199,127440,60105,0
1200,128557,4905,0
1201,126487,117008,0
1202,134788,80395,0
1203,138540,97201,0
1204,154906,72901,0
1205,117945,3546,0
1206,60764,97627,0
1207,48238,13389,0
1208,49636,90238,0
1209,99391,69342,0
1210,28681,47210,0
1211,118038,138458,0
1212,122714,132574,0
1213,5639,111665,0
1214,65577,138970,0
1215,141384,54965,0
1216,139288,62043,0
1217,87145,19844,0
1218,43140,123826,0
1219,35462,12130,0
1220,111587,21298,0
1221,44501,97004,0
1222,6819,106342,0
1223,12508,56025,0
1224,81902,45604,0
1225,130902,41314,0
1226,99736,1578,0
1227,41421,68709,0
1228,154502,114424,0
1229,121970,97284,0
1230,114972,53393,0
1231,62478,9018,0
1232,12723,43697,0
1233,122991,66694,0
1234,126673,138460,0
1235,122983,89023,0
1236,78395,90953,0
1237,135381,129055,0
1238,19156,70425,0
1239,98253,129212,0
1240,48920,44755,0
1241,127613,16091,0
1242,69651,39277,0
1243,90687,19669,0
1244,150683,54645,0
1245,104302,75665,0
1246,51849,60281,0
1247,129768,114294,0
1248,150525,129393,0
1249,33212,72109,0
1250,128932,129048,0
1251,123009,22775,0
1252,115374,93020,0
1253,102102,141298,0
1254,415,131015,0
1255,68862,79959,0
1256,574,148398,0
1257,153995,96389,0
1258,95251,131047,0
1259,98651,32021,0
1260,65544,54032,0
1261,21600,122338,0
1262,141026,27169,0
1263,77924,52053,0
1264,76795,3634,0
1265,119079,139336,0
1266,75194,35036,0
1267,121969,83666,0
1268,6570,48746,0
1269,113711,118859,0
1270,29518,3337,0
1271,69389,147214,0
1272,35511,42440,0
1273,51487,129334,0
1274,47802,138435,0
1275,142432,137290,0
1276,54565,91179,0
1277,60678,96286,0
1278,11969,132023,0
1279,145135,107813,0
1280,134011,125190,0
1281,89465,39094,0
1282,151373,127687,0
1283,49066,106738,0
1284,114351,133254,0
1285,119867,136684,0
1286,80763,121596,0
1287,23988,109070,0
1288,142100,13363,0
1289,104043,52445,0
1290,133982,89655,0
1291,29987,33471,0
1292,110767,20858,0
1293,111650,90782,0
1294,118236,33749,0
1295,89449,46829,0
1296,98909,15604,0
1297,3376,124744,0
1298,4600,119763,0
1299,133695,44513,0
1300,106608,133806,0
1301,59783,29342,0
1302,125027,122532,0
1303,84946,140352,0
1304,37887,113658,0
1305,120207,135720,0
1306,32793,119594,0
1307,58433,42333,0
1308,96569,131382,0
1309,88486,48311,0
1310,16935,39657,0
1311,142989,146328,0
1312,119577,97492,0
1313,118232,82942,0
1314,129143,146301,0
1315,108541,15946,0
1316,10545,52031,0
1317,79984,131944,0
1318,103020,53613,0
1319,79484,71174,0
1320,6789,131176,0
1321,90656,149644,0
1322,138255,42427,0
1323,3303,108219,0
1324,154632,76245,0
1325,60068,141684,0
1326,99103,110399,0
1327,72874,91785,0
1328,81862,109384,0
1329,23634,128599,0
1330,22691,52687,0
1331,15187,22330,0
1332,117281,80965,0
1333,51722,75002,0
1334,14583,133662,0
1335,153689,51019,0
1336,29218,84785,0
1337,123693,10813,0
1338,7129,121463,0
1339,63551,25589,0
1340,131295,83299,0
1341,48844,60918,0
1342,109798,116608,0
1343,64930,106519,0
1344,58338,85745,0
1345,7935,93549,0
1346,145270,78038,0
1347,108530,114665,0
1348,113160,118997,0
1349,50112,61383,0
1350,146112,113596,0
1351,21646,49468,0
1352,52241,21681,0
1353,18313,98535,0
1354,16646,25646,0
1355,96480,15658,0
1356,1223,151296,0
1357,5845,57059,0
1358,97475,123419,0
1359,10482,64314,0
1360,86554,54259,0
1361,103625,108723,0
1362,20127,89822,0
1363,39663,105152,0
1364,150992,60750,0
1365,4424,68572,0
1366,97730,48901,0
1367,70768,94253,0
1368,56567,153904,0
1369,136127,34296,0
1370,74974,25022,0
1371,93945,43134,0
1372,38098,81856,0
1373,77200,83852,0
1374,105818,215,0
1375,121187,35975,0
1376,70266,17892,0
1377,113440,126770,0
1378,87088,67749,0
1379,144305,94964,0
1380,116729,57153,0
1381,66664,133411,0
1382,82006,63153,0
1383,56667,139670,0
1384,148417,134528,0
1385,1105,97087,0
1386,147265,150459,0
1387,147713,73716,0
1388,29849,94942,0
1389,83361,108142,0
1390,65817,114752,0
1391,101941,44802,0
1392,118612,75184,0
1393,9755,111443,0
1394,119198,23693,0
1395,120132,147581,0
1396,44790,74995,0
1397,22156,90811,0
1398,117978,53962,0
1399,99772,47046,0
1400,92354,33686,0
1401,134270,40727,0
1402,58009,60160,0
1403,143709,79009,0
1404,32094,88153,0
1405,45013,9328,0
1406,92754,101920,0
1407,114343,52276,0
1408,10585,3531,0
1409,70417,86371,0
1410,106721,42838,0
1411,29164,33212,0
1412,87700,98393,0
1413,148983,108844,0
1414,45707,42838,0
1415,59887,6396,0
1416,20234,101150,0
1417,41073,60098,0
1418,125558,39860,0
1419,146996,137168,0
1420,6480,76357,0
1421,102892,89614,0
1422,15536,42380,0
1423,65879,122980,0
1424,88924,140439,0
1425,120898,148117,0
1426,139834,32828,0
1427,90655,23809,0
1428,132790,113211,0
1429,22152,151106,0
1430,100441,131515,0
1431,110704,137498,0
1432,55367,10153,0
1433,122762,822,0
1434,78988,49596,0
1435,102171,148770,0
1436,12447,45997,0
1437,22585,6669,0
1438,108291,84598,0
1439,143291,130818,0
1440,15385,36960,0
1441,73707,103784,0
1442,99941,136475,0
1443,151659,120949,0
1444,148679,56554,0
1445,71107,16989,0
1446,47829,124757,0
1447,118282,142533,0
1448,79845,6194,0
1449,31249,58136,0
1450,3515,145590,0
1451,84165,26294,0
1452,42228,62467,0
1453,149152,108200,0
1454,120141,154510,0
1455,154368,4194,0
1456,143734,47633,0
1457,56778,143656,0
1458,4903,151871,0
1459,138673,60557,0
1460,126238,76105,0
1461,98289,21828,0
1462,84449,149539,0
1463,72804,32154,0
1464,101698,124025,0
1465,50832,145088,0
1466,96803,65527,0
1467,47580,93508,0
1468,30219,20803,0
1469,151590,117553,0
1470,125353,107652,0
1471,46585,116762,0
1472,22976,148936,0
1473,135354,3113,0
1474,63877,27035,0
1475,58637,86275,0
1476,60920,36814,0
1477,142740,60936,0
1478,144374,61966,0
1479,132837,154516,0
1480,38300,26984,0
1481,154390,133784,0
1482,127833,116658,0
1483,789,90975,0
1484,87567,81728,0
1485,52126,15925,0
1486,91039,9240,0
1487,109679,15465,0
1488,63283,151012,0
1489,140290,78002,0
1490,55943,60831,0
1491,4007,79278,0
1492,127374,116680,0
1493,152076,31889,0
1494,70725,57683,0
1495,104038,55508,0
1496,115219,73045,0
1497,89177,116054,0
1498,120833,68815,0
1499,2277,112700,0
1500,25988,51359,0
1501,17925,6613,0
1502,145979,42305,0
1503,39531,34817,0
1504,106576,81006,0
1505,21604,16016,0
1506,89825,145163,0
1507,19776,58986,0
1508,130471,54838,0
1509,53353,112144,0
1510,110442,51528,0
1511,13879,149993,0
1512,146530,53292,0
1513,28732,46,0
1514,44484,76685,0
1515,30608,24489,0
1516,115242,37599,0
1517,71959,72884,0
1518,89665,109667,0
1519,50871,49406,0
1520,148677,120769,0
1521,41218,153240,0
1522,130393,26438,0
1523,109478,41043,0
1524,30377,29377,0
1525,2976,81129,0
1526,22706,136401,0
1527,42379,150182,0
1528,75117,126628,0
1529,96509,51362,0
1530,41408,86289,0
1531,131873,18848,0
1532,115199,144131,0
1533,109964,37817,0
1534,54565,106538,0
1535,10733,119895,0
1536,64958,146739,0
1537,61321,22288,0
1538,136232,40513,0
1539,43511,91099,0
1540,12854,79007,0
1541,27217,90941,0
1542,17037,94504,0
1543,64865,113428,0
1544,3741,49187,0
1545,153644,136913,0
1546,114070,16599,0
1547,78977,10816,0
1548,95229,100536,0
1549,33248,127647,0
1550,51671,40675,0
1551,28000,79990,0
1552,30004,48978,0
1553,84033,32719,0
1554,58853,139974,0
1555,109395,33377,0
1556,3197,108230,0
1557,35400,2290,0
1558,60632,90847,0
1559,54477,72640,0
1560,10062,71334,0
1561,20413,62272,0
1562,114811,50283,0
1563,121747,39039,0
1564,86203,74,0
1565,57571,103468,0
1566,49855,12935,0
1567,149157,142309,0
1568,87207,114168,0
1569,49612,74376,0
1570,106027,124590,0
1571,2699,79131,0
1572,61824,35898,0
1573,97469,83665,0
1574,58299,118304,0
1575,39444,71011,0
1576,150566,59132,0
1577,21234,45469,0
1578,47049,17662,0
1579,29216,82028,0
1580,122383,113850,0
1581,34403,51766,0
1582,14464,119321,0
1583,11196,82145,0
1584,83008,58423,0
1585,108028,121474,0
1586,143582,119701,0
1587,22542,114793,0
1588,111713,6880,0
1589,63685,79377,0
1590,101357,19638,0
1591,76521,117070,0
1592,134873,22242,0
1593,121169,136034,0
1594,65714,39156,0
1595,142392,43349,0
1596,48950,63357,0
1597,98751,137353,0
1598,37858,135147,0
1599,118901,135223,0
1600,120612,22942,0
1601,2662,45603,0
1602,38141,88287,0
1603,88145,133731,0
1604,60133,126710,0
1605,131876,25413,0
1606,70970,60864,0
1607,66837,102708,0
1608,49639,126152,0
1609,146738,35800,0
1610,24599,126184,0
1611,128284,93282,0
1612,96145,47586,0
1613,110702,21498,0
1614,17200,69540,0
1615,76532,105739,0
1616,86526,25829,0
1617,110004,18345,0
1618,87682,49182,0
1619,9781,139197,0
1620,151447,128079,0
1621,9735,60137,0
1622,14728,37425,0
1623,7481,97523,0
1624,84033,88895,0
1625,64139,100410,0
1626,10738,62640,0
1627,76676,20008,0
1628,117351,77649,0
1629,103022,26715,0
1630,148662,120244,0
1631,61840,93751,0
1632,145951,143363,0
1633,40273,19354,0
1634,33557,151231,0
1635,130455,39967,0
1636,43468,99625,0
1637,123203,28983,0
1638,7331,70396,0
1639,73486,133780,0
1640,112540,148252,0
1641,113262,33154,0
1642,127356,130525,0
1643,95220,107990,0
1644,65466,58129,0
1645,127171,45876,0
1646,64959,146396,0
1647,40878,97278,0
1648,57637,22744,0
1649,70684,9083,0
1650,37387,130184,0
1651,130074,1018,0
1652,90783,58303,0
1653,88131,387,0
1654,82484,65874,0
1655,131967,62614,0
1656,25770,14199,0
1657,154203,103941,0
1658,14945,128822,0
1659,137698,138421,0
1660,20761,66608,0
1661,89761,17769,0
1662,137136,48310,0
1663,104002,12038,0
1664,43318,126106,0
1665,14397,56348,0
1666,119467,50573,0
1667,27279,95094,0
1668,73222,113704,0
1669,64159,78761,0
1670,126114,63061,0
1671,95164,86521,0
1672,30035,84063,0
1673,60956,91824,0
1674,155075,37955,0
1675,42175,15871,0
1676,68398,151434,0
1677,21487,60630,0
1678,152953,146397,0
1679,82998,131736,0
1680,32492,56061,0
1681,64162,128709,0
1682,64010,38278,0
1683,17332,53897,0
1684,108128,45058,0
1685,124103,139172,0
1686,74153,8242,0
1687,83748,83791,0
1688,43790,15690,0
1689,151519,94298,0
1690,127974,365,0
1691,143279,58623,0
1692,94402,149854,0
1693,105139,132260,0
1694,140075,59729,0
1695,106528,145800,0
1696,13185,63460,0
1697,66693,82053,0
1698,14456,14328,0
1699,13361,114246,0
1700,95089,128584,0
1701,47927,62546,0
1702,51174,123886,0
1703,148781,6009,0
1704,113018,45436,0
1705,131848,89830,0
1706,18320,69019,0
1707,14240,27359,0
1708,67318,66232,0
1709,44198,151650,0
1710,151288,4825,0
1711,56449,127723,0
1712,68185,22709,0
1713,144990,127491,0
1714,94295,99166,0
1715,22685,133396,0
1716,133038,46189,0
1717,106036,71998,0
1718,138397,18835,0
1719,24973,3148,0
1720,97554,25805,0
1721,147945,112647,0
1722,118439,23110,0
1723,85848,9992,0
1724,50642,111838,0
1725,140207,44688,0
1726,44097,110235,0
1727,42204,74911,0
1728,103752,121830,0
1729,36751,56122,0
1730,153657,93972,0
1731,22624,80299,0
1732,131872,65259,0
1733,110240,71732,0
1734,23166,92509,0
1735,9253,108991,0
1736,29915,56520,0
1737,3486,143881,0
1738,4462,49934,0
1739,53709,124731,0
1740,73592,149064,0
1741,53726,147594,0
1742,29936,36351,0
1743,20703,101293,0
1744,16348,25889,0
1745,25157,32349,0
1746,47574,90720,0
1747,94206,96255,0
1748,122915,141896,0
1749,23816,120193,0
1750,116981,83090,0
1751,53090,9344,0
1752,130142,41280,0
1753,87971,99821,0
1754,149188,149700,0
1755,140615,23929,0
1756,122749,97205,0
1757,51697,85744,0
1758,78833,115464,0
1759,95021,133483,0
1760,19886,44114,0
1761,24425,10598,0
1762,113370,112823,0
1763,22856,19733,0
1764,4607,95442,0
1765,8138,101105,0
1766,22514,18819,0
1767,73158,9232,0
1768,54741,93532,0
1769,148605,122301,0
1770,108851,151728,0
1771,56261,80032,0
1772,15999,72362,0
1773,100309,44808,0
1774,150942,27520,0
1775,32485,117744,0
1776,24851,8306,0
1777,78798,34446,0
1778,13736,45971,0
1779,13863,154698,0
1780,126323,116249,0
1781,49825,1295,0
1782,70962,94066,0
1783,36357,113609,0
1784,571,70424,0
1785,118687,91344,0
1786,96759,118895,0
1787,34995,123707,0
1788,130236,68154,0
1789,24385,83568,0
1790,110613,84898,0
1791,114622,7576,0
1792,3818,57627,0
1793,128559,12585,0
1794,138982,39071,0
1795,25917,48236,0
1796,16681,53069,0
1797,89368,72342,0
1798,46640,143424,0
1799,75044,21943,0
1800,117516,138386,0
1801,92474,41805,0
1802,86137,127043,0
1803,109014,429,0
1804,76936,119841,0
1805,59836,101663,0
1806,84936,67250,0
1807,87253,132031,0
1808,133688,81446,0
1809,140606,111936,0
1810,138866,135071,0
1811,144507,63638,0
1812,145366,109361,0
1813,96238,76657,0
1814,97328,86555,0
1815,88372,143223,0
1816,145372,108219,0
1817,92303,121662,0
1818,74267,38984,0
1819,91008,56883,0
1820,44136,30233,0
1821,81417,120976,0
1822,127360,26659,0
1823,98563,24044,0
1824,70696,62680,0
1825,66942,37276,0
1826,140587,91488,0
1827,83694,79383,0
1828,38193,56190,0
1829,131950,3616,0
1830,107039,52785,0
1831,137618,38368,0
1832,109725,117967,0
1833,62049,14215,0
1834,145533,65149,0
1835,112373,41703,0
1836,108395,71817,0
1837,18092,23758,0
1838,8334,132622,0
1839,110698,121162,0
1840,129440,105620,0
1841,154360,46146,0
1842,74267,103690,0
1843,8953,80020,0
1844,442,22674,0
1845,152503,83362,0
1846,40979,42649,0
1847,91870,144300,0
1848,106393,40610,0
1849,67821,138267,0
1850,124623,96772,0
1851,85743,9635,0
1852,82098,45571,0
1853,55427,96332,0
1854,124437,13243,0
1855,100803,42757,0
1856,22095,2524,0
1857,110290,84443,0
1858,103280,28436,0
1859,87148,74792,0
1860,6549,36111,0
1861,117863,41838,0
1862,61105,4291,0
1863,134018,147860,0
1864,6731,80907,0
1865,108647,32060,0
1866,124020,138447,0
1867,50622,731,0
1868,61279,115814,0
1869,135145,139038,0
1870,123201,54758,0
1871,36440,128920,0
1872,71260,44366,0
1873,82201,149129,0
1874,34253,122471,0
1875,77772,94136,0
1876,46082,63759,0
1877,89217,124483,0
1878,75972,116196,0
1879,9890,149651,0
1880,63800,150880,0
1881,82249,45995,0
1882,148628,45299,0
1883,42642,43666,0
1884,25264,2545,0
1885,126757,15224,0
1886,107908,45076,0
1887,50315,26329,0
1888,47510,78531,0
1889,69607,112533,0
1890,126543,14664,0
1891,131358,9092,0
1892,21638,139324,0
1893,97596,33750,0
1894,98467,14095,0
1895,32527,79171,0
1896,98746,109938,0
1897,146427,78350,0
1898,68143,132826,0
1899,115648,82122,0
1900,74266,126324,0
1901,6236,107921,0
1902,28827,72309,0
1903,86920,86682,0
1904,88761,69296,0
1905,134068,123456,0
1906,32923,116888,0
1907,143177,29417,0
1908,146596,54585,0
1909,81987,21818,0
1910,49831,144786,0
1911,2976,49597,0
1912,100949,9281,0
1913,132365,56297,0
1914,142302,141903,0
1915,119046,8655,0
1916,72591,102974,0
1917,22444,45908,0
1918,46683,144192,0
1919,112391,128526,0
1920,61399,110548,0
1921,79637,114267,0
1922,26769,73071,0
1923,10527,145051,0
1924,94745,25986,0
1925,146288,100842,0
1926,72922,32601,0
1927,104320,126168,0
1928,91237,116963,0
1929,94547,125153,0
1930,110137,4677,0
1931,16838,119857,0
1932,66797,143342,0
1933,62486,9256,0
1934,107327,141009,0
1935,35186,43031,0
1936,32863,142399,0
1937,90032,107660,0
1938,40622,44788,0
1939,113361,104046,0
1940,47987,43177,0
1941,112342,8899,0
1942,100879,118994,0
1943,138024,143656,0
1944,131101,52057,0
1945,150149,154656,0
1946,130251,107574,0
1947,123370,130036,0
1948,141742,49711,0
1949,89497,151605,0
1950,113374,13305,0
1951,25073,124224,0
1952,83100,8504,0
1953,106066,35755,0
1954,78187,80703,0
1955,128151,95834,0
1956,61699,47444,0
1957,2204,129053,0
1958,6348,118866,0
1959,105527,5315,0
1960,66437,124620,0
1961,48031,35891,0
1962,9840,67212,0
1963,31789,35601,0
1964,31922,51173,0
1965,100687,25562,0
1966,46912,56156,0
1967,7991,32361,0
1968,22226,51123,0
1969,33779,98990,0
1970,67308,8374,0
1971,145269,52132,0
1972,120928,142577,0
1973,149974,88548,0
1974,1561,130314,0
1975,145010,26356,0
1976,64938,137145,0
1977,64069,70686,0
1978,3232,109348,0
1979,17225,32571,0
1980,1288,68759,0
1981,31970,95034,0
1982,35725,150313,0
1983,71690,113883,0
1984,74821,27548,0
1985,53457,29840,0
1986,127606,136443,0
1987,118225,131943,0
1988,133126,141882,0
1989,1995,38667,0
1990,38721,37434,0
1991,106705,114136,0
1992,8031,102585,0
1993,150571,13029,0
1994,140156,35752,0
1995,10062,71576,0
1996,27070,137909,0
1997,138883,10486,0
1998,137800,21152,0
1999,153571,82311,0
2000,82845,147075,0
2001,71106,152102,0
2002,59212,75459,0
2003,59539,119619,0
2004,116016,148558,0
2005,112034,115828,0
2006,94372,65567,0
2007,77232,83918,0
2008,97403,6802,0
2009,127153,98550,0
2010,100239,122341,0
2011,145960,146837,0
2012,145359,73159,0
2013,126355,27660,0
2014,87654,148529,0
2015,102801,8914,0
2016,88810,103559,0
2017,119368,128595,0
2018,30164,84677,0
2019,102385,106500,0
2020,29027,125368,0
2021,132105,20626,0
2022,101638,130937,0
2023,44271,14192,0
2024,38854,64687,0
2025,51341,12451,0
2026,22533,98250,0
2027,120346,100154,0
2028,24947,152643,0
2029,48067,5077,0
2030,88503,136445,0
2031,17683,109194,0
2032,107222,74633,0
2033,40858,45086,0
2034,127449,115029,0
2035,122798,5524,0
2036,2550,6214,0
2037,26505,139673,0
2038,77557,44607,0
2039,91781,125921,0
2040,136194,44765,0
2041,5435,31962,0
2042,22821,29290,0
2043,13499,35792,0
2044,112815,66117,0
2045,97495,114117,0
2046,57211,88649,0
2047,21285,59946,0
2048,135945,128807,0
2049,90019,124921,0
2050,20490,14484,0
2051,128322,86684,0
2052,2680,88980,0
2053,104570,113970,0
2054,41885,66222,0
2055,133724,37755,0
2056,101518,105296,0
2057,27875,95167,0
2058,108757,43381,0
2059,47684,60368,0
2060,101550,128620,0
2061,20509,105897,0
2062,142978,58129,0
2063,70721,39887,0
2064,87329,98302,0
2065,147259,78315,0
2066,108045,60438,0
2067,127346,71640,0
2068,124996,139302,0
2069,150756,32424,0
2070,112695,7274,0
2071,116706,38737,0
2072,47842,4765,0
2073,30438,6459,0
2074,58494,108978,0
2075,104659,82903,0
2076,84705,37331,0
2077,149567,54886,0
2078,131370,38357,0
2079,44780,35710,0
2080,87633,126384,0
2081,97612,146311,0
2082,54446,55736,0
2083,135936,70652,0
2084,49950,89434,0
2085,82684,18405,0
2086,154253,119366,0
2087,52674,101366,0
2088,84948,142306,0
2089,40184,73429,0
2090,55444,112424,0
2091,61769,18046,0
2092,7712,103481,0
2093,67368,113866,0
2094,87695,96875,0
2095,38069,53981,0
2096,141388,74460,0
2097,50536,109531,0
2098,41333,143419,0
2099,27269,141393,0
2100,21497,15704,0
2101,85065,19089,0
2102,54477,51299,0
2103,154823,51218,0
2104,23113,46243,0
2105,33979,106440,0
2106,143298,59020,0
2107,47698,128797,0
2108,91584,46551,0
2109,96140,90741,0
2110,79140,85287,0
2111,127860,27791,0
2112,20223,74899,0
2113,110075,130547,0
2114,111714,90412,0
2115,92033,21608,0
2116,22752,34585,0
2117,17013,53153,0
2118,55786,41364,0
2119,133134,207,0
2120,17283,87065,0
2121,108475,108806,0
2122,97818,79236,0
2123,20014,80827,0
2124,123449,133517,0
2125,83321,146665,0
2126,58775,121355,0
2127,18092,36244,0
2128,127457,82457,0
2129,121802,41319,0
2130,47909,51122,0
2131,71954,129231,0
2132,16175,47032,0
2133,35044,97543,0
2134,137847,112958,0
2135,60052,83776,0
2136,142268,67198,0
2137,134997,63055,0
2138,103208,126151,0
2139,132915,105205,0
2140,148036,59240,0
2141,37541,568,0
2142,78686,49187,0
2143,106030,100557,0
2144,115103,100768,0
2145,45950,45201,0
2146,84865,7548,0
2147,26301,55592,0
2148,93331,81506,0
2149,48453,89744,0
2150,93500,71662,0
2151,52109,133890,0
2152,132818,27441,0
2153,117619,54057,0
2154,38495,140944,0
2155,142340,98196,0
2156,124535,70301,0
2157,25988,13726,0
2158,49060,96666,0
2159,38116,85054,0
2160,47418,147588,0
2161,106811,98806,0
2162,148834,94442,0
2163,96315,154262,0
2164,3008,56050,0
2165,43857,41378,0
2166,91259,84671,0
2167,63552,137049,0
2168,25930,75355,0
2169,62896,100785,0
2170,28406,80810,0
2171,79343,52032,0
2172,120446,28815,0
2173,94819,7354,0
2174,147685,50636,0
2175,128315,52336,0
2176,60583,129137,0
2177,102448,26870,0
2178,28630,28115,0
2179,43094,42061,0
2180,78338,130720,0
2181,139762,87365,0
2182,27874,133894,0
2183,98720,50598,0
2184,10940,121193,0
2185,40526,150638,0
2186,70160,8051,0
2187,124376,16233,0
2188,13696,7639,0
2189,72974,54655,0
2190,9591,83542,0
2191,9895,57407,0
2192,131784,135225,0
2193,132088,10094,0
2194,9377,87291,0
2195,4095,83958,0
2196,73222,96940,0
2197,7490,136451,0
2198,4356,92026,0
2199,6167,99089,0
2200,91200,431,0
2201,38301,84802,0
2202,100012,36335,0
2203,92596,38099,0
2204,148945,45362,0
2205,13773,101685,0
2206,141079,23146,0
2207,124627,134461,0
2208,59392,102845,0
2209,56686,71891,0
2210,133710,121493,0
2211,47880,28206,0
2212,23095,102894,0
2213,100868,86907,0
2214,57972,92213,0
2215,36108,50206,0
2216,90427,118141,0
2217,16044,96001,0
2218,119246,116385,0
2219,14868,116098,0
2220,42577,145352,0
2221,96463,47065,0
2222,123741,144152,0
2223,55400,23724,0
2224,39233,63285,0
2225,50985,130717,0
2226,37020,92411,0
2227,76150,123035,0
2228,70190,102653,0
2229,58265,11586,0
2230,58525,87769,0
2231,53185,48508,0
2232,80088,83023,0
2233,83206,53690,0
2234,153039,66963,0
2235,7935,148994,0
2236,120977,143459,0
2237,135732,33189,0
2238,68145,6250,0
2239,66666,36558,0
2240,147639,91392,0
2241,85710,45006,0
2242,49211,914,0
2243,93368,100377,0
2244,130236,54103,0
2245,113673,42664,0
2246,113589,32737,0
2247,11952,135741,0
2248,68311,82565,0
2249,116262,42044,0
2250,60434,75550,0
2251,141065,67230,0
2252,29329,27357,0
2253,8799,130763,0
2254,57012,118462,0
2255,24680,152904,0
2256,113301,130951,0
2257,69020,40982,0
2258,110820,82871,0
2259,113197,140834,0
2260,11381,149403,0
2261,144357,115317,0
2262,64421,23194,0
2263,33845,72733,0
2264,127612,111902,0
2265,38981,14500,0
2266,2832,138019,0
2267,17929,154217,0
2268,22152,74663,0
2269,5411,73215,0
2270,83473,115539,0
2271,65837,93339,0
2272,123596,4230,0
2273,104890,52554,0
2274,960,71453,0
2275,21669,17515,0
2276,144556,35867,0
2277,11751,13563,0
2278,20849,24439,0
2279,151266,79755,0
2280,140854,114778,0
2281,120392,31037,0
2282,114787,153883,0
2283,31006,90915,0
2284,94758,52290,0
2285,134177,139978,0
2286,59003,28572,0
2287,101787,74585,0
2288,8661,97912,0
2289,8763,70600,0
2290,60628,52570,0
2291,133837,108868,0
2292,51164,22426,0
2293,13412,87183,0
2294,26938,105926,0
2295,4566,128335,0
2296,74636,144762,0
2297,73542,68396,0
2298,45614,65814,0
2299,138035,133960,0
2300,103202,103113,0
2301,29206,110828,0
2302,143555,122447,0
2303,50078,153243,0
2304,100976,124418,0
2305,109801,126943,0
2306,16966,7934,0
2307,97090,8527,0
2308,117736,115687,0
2309,135679,40386,0
2310,109756,114928,0
2311,65486,5727,0
2312,25168,147680,0
2313,78208,37645,0
2314,76705,47751,0
2315,31607,48322,0
2316,95920,63015,0
2317,52777,36776,0
2318,29275,6061,0
2319,127703,150420,0
2320,37652,92632,0
2321,30948,37579,0
2322,23982,99047,0
2323,80627,141579,0
2324,45869,88232,0
2325,24355,80541,0
2326,69967,71199,0
2327,55540,73202,0
2328,67765,91620,0
2329,5654,70404,0
2330,154703,118963,0
2331,125935,33428,0
2332,99364,142261,0
2333,73165,58903,0
2334,42685,146580,0
2335,3703,13556,0
2336,21363,69377,0
2337,35603,56769,0
2338,123445,10126,0
2339,63364,82654,0
2340,92774,8915,0
2341,153257,35499,0
2342,42855,132335,0
2343,104579,45649,0
2344,65426,16428,0
2345,100509,119518,0
2346,131718,76672,0
2347,8243,52725,0
2348,101225,85471,0
2349,148785,117512,0
2350,18180,59449,0
2351,35695,72177,0
2352,3997,10544,0
2353,84129,11320,0
2354,6999,85048,0
2355,72666,22726,0
2356,33271,39413,0
2357,73013,83057,0
2358,15677,108464,0
2359,49243,120300,0
2360,111560,10912,0
2361,62468,43173,0
2362,35377,52363,0
2363,108653,123942,0
2364,100836,12374,0
2365,125889,84260,0
2366,24985,132477,0
2367,115299,60442,0
2368,113650,8605,0
2369,125349,19769,0
2370,139290,149736,0
2371,83819,29361,0
2372,152193,112077,0
2373,147451,14462,0
2374,87255,60253,0
2375,56734,21857,0
2376,101007,110774,0
2377,38342,82587,0
2378,114098,41584,0
2379,73563,140031,0
2380,129789,29528,0
2381,141064,8600,0
2382,42585,29018,0
2383,81055,7944,0
2384,53985,130452,0
2385,18184,25446,0
2386,140504,25813,0
2387,144586,35962,0
2388,70867,43573,0
2389,149538,67410,0
2390,1216,12991,0
2391,133625,124536,0
2392,29314,109131,0
2393,107995,131509,0
2394,7268,63632,0
2395,149197,62809,0
2396,133228,137893,0
2397,65824,13276,0
2398,53619,124886,0
2399,33068,35691,0
2400,127092,20410,0
2401,132810,57745,0
2402,69197,152566,0
2403,153296,79223,0
2404,103662,17890,0
2405,43469,58096,0
2406,16366,25635,0
2407,62469,42059,0
2408,53170,154790,0
2409,21241,32853,0
2410,15709,98693,0
2411,115789,16558,0
2412,12877,44292,0
2413,133358,136034,0
2414,147738,3516,0
2415,97742,54315,0
2416,114849,62234,0
2417,152498,66582,0
2418,11214,67051,0
2419,22641,104437,0
2420,133069,66862,0
2421,2662,128497,0
2422,38089,147787,0
2423,39579,115666,0
2424,75258,90063,0
2425,142456,30647,0
2426,7016,131110,0
2427,139157,26556,0
2428,102911,133568,0
2429,92239,25170,0
2430,106388,49663,0
2431,131634,140324,0
2432,66454,77234,0
2433,14723,10420,0
2434,144072,70846,0
2435,103775,46483,0
2436,87790,90019,0
2437,66955,48660,0
2438,109640,97609,0
2439,146179,79681,0
2440,100543,85980,0
2441,15463,154644,0
2442,117024,98841,0
2443,70895,110901,0
2444,33291,155157,0
2445,125777,149558,0
2446,88868,107911,0
2447,73838,97569,0
2448,31785,7140,0
2449,97904,135675,0
2450,25152,52248,0
2451,29621,126184,0
2452,145501,10067,0
2453,154065,30060,0
2454,89353,94830,0
2455,16342,123388,0
2456,22221,79683,0
2457,109006,29923,0
2458,42365,117018,0
2459,114645,120319,0
2460,65760,86392,0
2461,82007,37064,0
2462,133724,68935,0
2463,90067,151909,0
2464,11774,84633,0
2465,87438,28913,0
2466,41701,129424,0
2467,103339,111653,0
2468,65559,90688,0
2469,105907,111023,0
2470,78734,121337,0
2471,5796,87430,0
2472,7684,39061,0
2473,24062,22502,0
2474,112262,139082,0
2475,72946,38183,0
2476,125152,87168,0
2477,145158,150549,0
2478,53343,149847,0
2479,29563,21898,0
2480,122841,134140,0
2481,129360,121508,0
2482,147528,68551,0
2483,16385,102236,0
2484,146472,31894,0
2485,95462,30888,0
2486,70463,8828,0
2487,142359,16482,0
2488,44518,38569,0
2489,25935,137518,0
2490,35860,15991,0
2491,83320,48345,0
2492,128227,41567,0
2493,93902,33057,0
2494,118751,5248,0
2495,73417,33752,0
2496,94863,2066,0
2497,12612,17319,0
2498,3181,98539,0
2499,75970,87311,0
2500,12386,114594,0
2501,147868,141035,0
2502,124237,70553,0
2503,33001,105031,0
2504,113595,111981,0
2505,78065,105651,0
2506,103725,25718,0
2507,125552,33005,0
2508,140650,128350,0
2509,106031,98329,0
2510,96440,129720,0
2511,150043,153057,0
2512,131594,139160,0
2513,117335,122470,0
2514,91972,27061,0
2515,143178,8868,0
2516,128910,124394,0
2517,103863,118783,0
2518,56293,26514,0
2519,147786,88942,0
2520,6948,130613,0
2521,129066,72298,0
2522,144404,148316,0
2523,53365,28940,0
2524,103107,110486,0
2525,66271,103189,0
2526,35721,29752,0
2527,52781,66961,0
2528,91119,77410,0
2529,94594,10191,0
2530,148077,115954,0
2531,124335,5758,0
2532,50225,128417,0
2533,154919,44987,0
2534,16627,23914,0
2535,101317,70712,0
2536,43340,60302,0
2537,99400,71909,0
2538,149926,53635,0
2539,12449,8420,0
2540,77362,53351,0
2541,136094,25068,0
2542,138945,46701,0
2543,135446,96896,0
2544,120951,87733,0
2545,126677,135107,0
2546,17850,71212,0
2547,54261,84329,0
2548,56115,121344,0
2549,37009,15410,0
2550,135217,23114,0
2551,21078,120318,0
2552,34545,67697,0
2553,97602,154845,0
2554,121064,123041,0
2555,61632,49462,0
2556,86637,66482,0
2557,69398,49167,0
2558,99467,100631,0
2559,109031,102420,0
2560,85885,8675,0
2561,118980,111728,0
2562,109778,83508,0
2563,57459,64860,0
2564,7712,122497,0
2565,122314,117180,0
2566,77905,148666,0
2567,120402,27792,0
2568,112042,152631,0
2569,84173,115155,0
2570,42220,110149,0
2571,79920,69618,0
2572,27537,88430,0
2573,101998,33228,0
2574,42349,154766,0
2575,75837,34960,0
2576,3647,100638,0
2577,91011,23254,0
2578,72397,10463,0
2579,4607,107041,0
2580,59716,15476,0
2581,108622,106109,0
2582,122391,110033,0
2583,90103,117033,0
2584,113160,146546,0
2585,66513,12494,0
2586,9802,143167,0
2587,142818,96344,0
2588,1337,42948,0
2589,151923,53866,0
2590,127800,66064,0
2591,136313,152648,0
2592,37777,118870,0
2593,4775,52344,0
2594,132733,62869,0
2595,28000,82501,0
2596,91777,94381,0
2597,141735,29526,0
2598,16462,102526,0
2599,81527,49274,0
2600,62906,32063,0
2601,132238,42400,0
2602,63039,125409,0
2603,12674,115791,0
2604,71882,121816,0
2605,144140,145564,0
2606,64805,129512,0
2607,60349,40455,0
2608,82231,151715,0
2609,16325,28070,0
2610,45098,86122,0
2611,69022,108946,0
2612,52852,22534,0
2613,71468,72988,0
2614,44785,107491,0
2615,123887,79119,0
2616,142885,83594,0
2617,114665,23112,0
2618,22610,130654,0
2619,18259,104054,0
2620,46215,44142,0
2621,65032,43155,0
2622,133704,26926,0
2623,117624,73998,0
2624,33732,105705,0
2625,65475,137186,0
2626,2773,141833,0
2627,129492,56748,0
2628,153695,137432,0
2629,29537,107079,0
2630,92445,53055,0
2631,86876,74074,0
2632,102948,151061,0
2633,22631,152702,0
2634,46706,9528,0
2635,40757,89474,0
2636,119588,101881,0
2637,104081,91710,0
2638,138570,36803,0
2639,10571,148889,0
2640,66254,47328,0
2641,57750,60527,0
2642,47102,68566,0
2643,62324,36460,0
2644,36728,70912,0
2645,78559,45828,0
2646,46897,57937,0
2647,1635,788,0
2648,111455,88747,0
2649,50344,68690,0
2650,33302,72744,0
2651,1298,129287,0
2652,49388,93874,0
2653,27332,117260,0
2654,137058,148958,0
2655,9707,55628,0
2656,147105,13845,0
2657,63144,115919,0
2658,78497,101988,0
2659,66189,46747,0
2660,103659,110651,0
2661,52477,133283,0
2662,134467,26167,0
2663,21796,40872,0
2664,19768,62144,0
2665,1474,31957,0
2666,35749,61103,0
2667,137964,115661,0
2668,19768,22843,0
2669,79601,98562,0
2670,98471,153669,0
2671,15860,593,0
2672,61864,141431,0
2673,104659,18314,0
2674,148341,72878,0
2675,48441,4940,0
2676,28892,132856,0
2677,91671,137985,0
2678,162,131491,0
2679,27859,98873,0
2680,108662,49350,0
2681,115969,147138,0
2682,70617,110887,0
2683,22425,96719,0
2684,70325,148478,0
2685,35961,61659,0
2686,111009,91752,0
2687,24120,91323,0
2688,111010,83119,0
2689,45067,120196,0
2690,91875,128598,0
2691,116473,89081,0
2692,86228,151788,0
2693,19097,105760,0
2694,62339,122914,0
2695,59802,142971,0
2696,42432,151722,0
2697,13857,16346,0
2698,118105,3649,0
2699,74750,46334,0
2700,3624,99550,0
2701,116707,137650,0
2702,108059,117970,0
2703,10920,18787,0
2704,48349,66095,0
2705,16367,93309,0
2706,37699,151158,0
2707,96007,64392,0
2708,33589,145266,0
2709,43398,57287,0
2710,104272,27003,0
2711,144775,123016,0
2712,37401,83301,0
2713,148012,17749,0
2714,136281,74417,0
2715,82977,152046,0
2716,112132,53680,0
2717,122965,19485,0
2718,75081,66992,0
2719,1082,128733,0
2720,4525,97035,0
2721,8751,6693,0
2722,35790,52052,0
2723,61002,58208,0
2724,146111,137011,0
2725,110048,99817,0
2726,140498,119178,0
2727,7928,62048,0
2728,108400,142054,0
2729,151823,80481,0
2730,84040,32129,0
2731,109767,21825,0
2732,129817,78992,0
2733,49800,55774,0
2734,152743,109177,0
2735,89075,87032,0
2736,144657,138454,0
2737,66353,82518,0
2738,145490,106755,0
2739,21163,58086,0
2740,43477,85385,0
2741,99951,10418,0
2742,5531,72050,0
2743,36338,12144,0
2744,19839,147754,0
2745,75005,33529,0
2746,44002,140203,0
2747,80143,56411,0
2748,32242,26984,0
2749,91171,18034,0
2750,75878,147609,0
2751,41268,96740,0
2752,116218,140559,0
2753,48202,22817,0
2754,34846,74637,0
2755,34209,115280,0
2756,54365,107147,0
2757,12917,34234,0
2758,130155,74611,0
2759,142706,74460,0
2760,33639,20508,0
2761,30315,98486,0
2762,109058,150822,0
2763,131848,140933,0
2764,112889,122150,0
2765,54954,105622,0
2766,92394,133278,0
2767,143815,153980,0
2768,144072,55936,0
2769,153779,468,0
2770,57276,123230,0
2771,88178,33529,0
2772,91606,64456,0
2773,16900,100883,0
2774,116021,125716,0
2775,79231,92076,0
2776,152606,62955,0
2777,121537,116719,0
2778,96078,132823,0
2779,129817,52148,0
2780,113547,57610,0
2781,1264,109320,0
2782,43331,88781,0
2783,48948,105739,0
2784,135716,82645,0
2785,23858,136818,0
2786,146093,150338,0
2787,18048,127371,0
2788,114101,86294,0
2789,108291,23360,0
2790,120085,103000,0
2791,139504,96364,0
2792,79284,627,0
2793,42034,147350,0
2794,2662,135646,0
2795,91404,26820,0
2796,59012,119277,0
2797,57588,86912,0
2798,116076,124885,0
2799,27046,144494,0
2800,153840,64669,0
2801,37102,21074,0
2802,60539,20131,0
2803,39821,43683,0
2804,46706,69896,0
2805,4771,40147,0
2806,75209,28082,0
2807,28623,41666,0
2808,127253,68071,0
2809,63347,47483,0
2810,113881,114219,0
2811,97586,55747,0
2812,150202,133194,0
2813,39360,21262,0
2814,51224,29869,0
2815,102903,43962,0
2816,83996,55837,0
2817,53244,67426,0
2818,56645,96984,0
2819,45269,151131,0
2820,42200,135925,0
2821,58433,70733,0
2822,40170,71617,0
2823,143913,128200,0
2824,93617,27424,0
2825,65544,67958,0
2826,143770,61781,0
2827,63432,92216,0
2828,141039,132297,0
2829,128456,95855,0
2830,109216,94161,0
2831,78171,30968,0
2832,24259,140829,0
2833,50523,64239,0
2834,49095,106991,0
2835,82566,10030,0
2836,45674,109436,0
2837,142598,74652,0
2838,51725,78268,0
2839,124271,100308,0
2840,24505,100137,0
2841,45326,134364,0
2842,67665,140596,0
2843,27574,17779,0
2844,23302,18161,0
2845,97095,39690,0
2846,90588,102997,0
2847,97482,124887,0
2848,131655,36406,0
2849,82308,102220,0
2850,102457,25600,0
2851,26481,147956,0
2852,13168,63344,0
2853,106957,70913,0
2854,10791,154385,0
2855,140259,39566,0
2856,92476,5087,0
2857,122939,59520,0
2858,58128,57075,0
2859,6139,99641,0
2860,4830,83828,0
2861,112173,126407,0
2862,7440,123624,0
2863,125335,49564,0
2864,27464,121807,0
2865,154337,103995,0
2866,39057,108431,0
2867,11237,56305,0
2868,142300,38607,0
2869,69407,136421,0
2870,145528,150212,0
2871,123800,131699,0
2872,111650,137010,0
2873,34957,120089,0
2874,34598,120226,0
2875,124535,17573,0
2876,8263,139798,0
2877,141218,29460,0
2878,59448,16292,0
2879,77004,9400,0
2880,13180,83537,0
2881,49486,132440,0
2882,70289,98510,0
2883,15159,137113,0
2884,32172,148015,0
2885,11890,105754,0
2886,18390,92222,0
2887,49316,68795,0
2888,92782,119454,0
2889,140503,41519,0
2890,23831,44242,0
2891,50940,110792,0
2892,125787,77057,0
2893,95,94739,0
2894,21978,50517,0
2895,120244,98061,0
2896,127033,78742,0
2897,79761,84665,0
2898,82748,112968,0
2899,122986,78335,0
2900,7416,20782,0
2901,125079,76954,0
2902,107312,16850,0
2903,132054,35788,0
2904,124382,37538,0
2905,111136,151018,0
2906,64950,59655,0
2907,21116,32758,0
2908,101998,23324,0
2909,121351,45840,0
2910,57231,134004,0
2911,41257,81843,0
2912,57483,19735,0
2913,30330,85873,0
2914,1641,123557,0
2915,23485,9708,0
2916,27914,55817,0
2917,152169,125554,0
2918,73567,82881,0
2919,41996,120162,0
2920,115657,142570,0
2921,91447,12748,0
2922,46950,71869,0
2923,88480,96338,0
2924,8535,131228,0
2925,56333,61897,0
2926,118210,117226,0
2927,93745,26601,0
2928,21612,113404,0
2929,131169,108262,0
2930,45326,31920,0
2931,16001,13673,0
2932,41289,109591,0
2933,75138,107922,0
2934,112103,124081,0
2935,6758,93958,0
2936,54446,9214,0
2937,149937,71467,0
2938,700,118265,0
2939,150864,4585,0
2940,44257,93268,0
2941,28168,75192,0
2942,29061,26518,0
2943,24067,5084,0
2944,48786,102147,0
2945,69534,29308,0
2946,71843,148158,0
2947,95324,4265,0
2948,57998,89973,0
2949,66643,90182,0
2950,98130,59879,0
2951,63350,62635,0
2952,17873,79852,0
2953,53901,14337,0
2954,127549,132190,0
2955,15245,37824,0
2956,149574,55886,0
2957,65717,78543,0
2958,97817,67422,0
2959,144538,56849,0
2960,82811,137044,0
2961,82131,33960,0
2962,960,91990,0
2963,71694,150161,0
2964,10551,87198,0
2965,49758,72555,0
2966,125453,14739,0
2967,7087,154472,0
2968,127360,41787,0
2969,114824,81636,0
2970,153372,6776,0
2971,63335,3389,0
2972,49876,98305,0
2973,60029,43813,0
2974,76668,72773,0
2975,37786,88646,0
2976,142776,7690,0
2977,133171,134673,0
2978,53813,26062,0
2979,15598,49664,0
2980,155049,8373,0
2981,54565,75572,0
2982,121308,7830,0
2983,7144,82045,0
2984,33913,86105,0
2985,126561,113585,0
2986,64380,2566,0
2987,53813,81090,0
2988,7293,153660,0
2989,4511,22306,0
2990,138171,102482,0
2991,29754,147108,0
2992,23306,93613,0
2993,105765,142296,0
2994,146010,73650,0
2995,95063,39548,0
2996,8498,143257,0
2997,92762,95787,0
2998,151235,42319,0
2999,45538,124978,0
3000,109475,37007,0
3001,90676,51141,0
3002,49671,126967,0
3003,50227,97435,0
3004,66401,60732,0
3005,114397,128660,0
3006,90616,119877,0
3007,72057,101091,0
3008,24086,151636,0
3009,124468,149766,0
3010,145363,76256,0
3011,95452,121616,0
3012,28042,6445,0
3013,154684,5839,0
3014,78568,31790,0
3015,78509,143383,0
3016,133388,112564,0
3017,70500,121621,0
3018,14317,137419,0
3019,26239,116268,0
3020,3858,5583,0
3021,39541,63699,0
3022,4253,17319,0
3023,44606,45544,0
3024,41165,2839,0
3025,7332,82398,0
3026,122752,28387,0
3027,12855,32183,0
3028,21689,108995,0
3029,99967,106400,0
3030,5351,10431,0
3031,39028,12910,0
3032,73811,17791,0
3033,47269,71538,0
3034,22847,24831,0
3035,99354,1449,0
3036,149356,91809,0
3037,145544,109366,0
3038,55320,20081,0
3039,134878,153846,0
3040,27332,24912,0
3041,143791,133829,0
3042,26029,151613,0
3043,9730,116179,0
3044,98818,95589,0
3045,70279,67389,0
3046,105104,109828,0
3047,68474,112294,0
3048,6356,66220,0
3049,83691,127963,0
3050,114218,114162,0
3051,117270,86552,0
3052,86256,153381,0
3053,107273,124819,0
3054,39780,147601,0
3055,47108,25541,0
3056,32241,30507,0
3057,94050,26613,0
3058,93617,46677,0
3059,52575,80106,0
3060,127951,99615,0
3061,1335,120605,0
3062,69901,78828,0
3063,11538,24812,0
3064,18439,132112,0
3065,10374,106495,0
3066,81381,9583,0
3067,96588,123900,0
3068,148228,134310,0
3069,42740,150044,0
3070,30811,145603,0
3071,113157,29431,0
3072,54659,81687,0
3073,42101,143025,0
3074,15969,73199,0
3075,140491,90206,0
3076,60291,51223,0
3077,30350,140567,0
3078,28648,143160,0
3079,79244,19402,0
3080,80225,130664,0
3081,148957,66804,0
3082,56340,149449,0
3083,40625,57555,0
3084,45727,14898,0
3085,27538,37283,0
3086,117542,120410,0
3087,61200,96456,0
3088,154894,119265,0
3089,72229,55163,0
3090,144682,138192,0
3091,100472,113521,0
3092,101162,151890,0
3093,1971,142827,0
3094,68155,9237,0
3095,111531,24152,0
3096,34354,96016,0
3097,82584,53667,0
3098,97042,67556,0
3099,76557,6177,0
3100,3225,106956,0
3101,153421,25189,0
3102,131480,38675,0
3103,59516,83567,0
3104,35725,90303,0
3105,32380,45868,0
3106,85730,153192,0
3107,115432,55970,0
3108,54782,97756,0
3109,94810,118602,0
3110,34134,10404,0
3111,1072,137128,0
3112,37903,112586,0
3113,98821,135907,0
3114,146325,114235,0
3115,55148,67808,0
3116,125822,86417,0
3117,88598,34876,0
3118,132844,57482,0
3119,26891,76297,0
3120,9648,54414,0
3121,98391,138587,0
3122,122133,69825,0
3123,106957,123396,0
3124,123996,36161,0
3125,138522,139353,0
3126,22819,48756,0
3127,52759,4448,0
3128,149813,131056,0
3129,32464,4093,0
3130,10999,125539,0
3131,90629,77746,0
3132,14027,66409,0
3133,89764,43622,0
3134,105992,42728,0
3135,149059,73680,0
3136,7177,6740,0
3137,128515,124641,0
3138,29455,59538,0
3139,105430,147017,0
3140,125864,123405,0
3141,58923,154183,0
3142,26478,42419,0
3143,22553,110631,0
3144,29552,75328,0
3145,52889,16411,0
3146,131742,132436,0
3147,143540,141687,0
3148,51852,23272,0
3149,111435,129125,0
3150,108190,23246,0
3151,91119,140070,0
3152,16979,100044,0
3153,108529,35674,0
3154,15615,108718,0
3155,12960,122081,0
3156,22621,147489,0
3157,128243,38675,0
3158,53985,50418,0
3159,150889,95097,0
3160,25758,110873,0
3161,43742,9697,0
3162,132355,108683,0
3163,154984,58121,0
3164,69345,67252,0
3165,131566,1878,0
3166,155054,4387,0
3167,125970,112185,0
3168,145010,22222,0
3169,141064,60178,0
3170,135992,117909,0
3171,53045,109742,0
3172,73623,61496,0
3173,131438,105340,0
3174,123811,43954,0
3175,140465,131267,0
3176,4835,119858,0
3177,88839,50531,0
3178,62223,118088,0
3179,148493,143330,0
3180,102892,4154,0
3181,120602,79892,0
3182,113477,37319,0
3183,102593,150175,0
3184,141280,21919,0
3185,49812,84161,0
3186,116164,153758,0
3187,151136,96131,0
3188,70215,126639,0
3189,41795,79162,0
3190,129692,78433,0
3191,147741,106074,0
3192,101443,78481,0
3193,114180,71838,0
3194,86958,33259,0
3195,20787,69758,0
3196,115623,129225,0
3197,56979,106806,0
3198,6131,125804,0
3199,107937,59809,0
3200,12008,83505,0
3201,93104,108688,0
3202,83246,41045,0
3203,47747,110322,0
3204,35689,14944,0
3205,82332,118917,0
3206,9666,126293,0
3207,5595,43005,0
3208,96534,110344,0
3209,27767,59069,0
3210,126166,49353,0
3211,58083,51107,0
3212,47729,80049,0
3213,97147,17185,0
3214,76530,49047,0
3215,52114,109755,0
3216,68117,3476,0
3217,107716,90238,0
3218,112261,27888,0
3219,19461,91659,0
3220,3240,143729,0
3221,103976,88118,0
3222,104029,119855,0
3223,92964,33507,0
3224,22276,119630,0
3225,93667,147262,0
3226,114299,29859,0
3227,52654,75922,0
3228,48834,19920,0
3229,83232,21819,0
3230,125804,4979,0
3231,126472,7735,0
3232,115645,136071,0
3233,22824,43110,0
3234,66156,109630,0
3235,48418,123739,0
3236,39161,11402,0
3237,72873,39238,0
3238,621,138086,0
3239,148137,65010,0
3240,30125,20515,0
3241,121138,36177,0
3242,7159,110780,0
3243,150915,47564,0
3244,7599,119161,0
3245,57996,94881,0
3246,63567,78539,0
3247,66651,45430,0
3248,136334,13253,0
3249,52065,38400,0
3250,95514,77645,0
3251,82314,24496,0
3252,113530,145783,0
3253,152237,115281,0
3254,110973,34397,0
3255,41521,137884,0
3256,140821,58880,0
3257,94563,139738,0
3258,125040,136600,0
3259,26783,49426,0
3260,32824,10517,0
3261,106317,906,0
3262,92524,64357,0
3263,40690,43375,0
3264,86699,91035,0
3265,99903,73457,0
3266,4062,106478,0
3267,106081,72973,0
3268,67043,21239,0
3269,49876,133470,0
3270,22379,136311,0
3271,91908,64260,0
3272,77895,40732,0
3273,82231,13747,0
3274,12161,135851,0
3275,149633,151046,0
3276,47052,147721,0
3277,33976,130564,0
3278,112088,41103,0
3279,51757,76838,0
3280,109741,71860,0
3281,47007,104345,0
3282,94003,62731,0
3283,65643,80199,0
3284,14092,38732,0
3285,70487,124513,0
3286,94515,79221,0
3287,144083,63011,0
3288,128922,130753,0
3289,100237,89232,0
3290,29265,45131,0
3291,137593,23047,0
3292,144715,130397,0
3293,10520,38560,0
3294,3491,116381,0
3295,93132,112221,0
3296,111178,107947,0
3297,81873,136987,0
3298,127390,123470,0
3299,93513,19369,0
3300,64124,61010,0
3301,50329,50738,0
3302,149601,102377,0
3303,104171,87733,0
3304,28742,11687,0
3305,134785,47037,0
3306,91674,39825,0
3307,124351,110982,0
3308,141067,68696,0
3309,104404,56749,0
3310,5133,60415,0
3311,42750,36551,0
3312,8594,95239,0
3313,127184,111533,0
3314,50358,84501,0
3315,75515,59884,0
3316,83088,57388,0
3317,66226,114167,0
3318,78281,5510,0
3319,120156,18970,0
3320,82762,25763,0
3321,147690,43015,0
3322,70682,128901,0
3323,139488,111161,0
3324,60974,152023,0
3325,100758,715,0
3326,82598,134740,0
3327,18074,107006,0
3328,1697,72982,0
3329,65150,963,0
3330,64185,13712,0
3331,82275,147057,0
3332,32266,15935,0
3333,37774,99238,0
3334,127324,56080,0
3335,7858,37585,0
3336,56668,123149,0
3337,112136,154713,0
3338,87522,10534,0
3339,102017,32009,0
3340,49820,108936,0
3341,143312,52200,0
3342,102818,122226,0
3343,31360,113000,0
3344,140537,36973,0
3345,51224,82823,0
3346,143137,87894,0
3347,10049,12777,0
3348,132789,148854,0
3349,66405,35661,0
3350,102617,129660,0
3351,53721,136356,0
3352,107343,116282,0
3353,75046,51048,0
3354,115811,82739,0
3355,54772,12097,0
3356,118838,152019,0
3357,113401,80702,0
3358,76954,9868,0
3359,82314,141083,0
3360,93321,153890,0
3361,98427,77461,0
3362,23765,41905,0
3363,89173,77543,0
3364,26493,64718,0
3365,72726,100165,0
3366,77496,58795,0
3367,121926,2847,0
3368,35582,123192,0
3369,91821,149976,0
3370,79217,82525,0
3371,93857,43454,0
3372,48369,113808,0
3373,135026,84440,0
3374,147047,100254,0
3375,56707,105126,0
3376,77529,36174,0
3377,154340,64746,0
3378,33822,133467,0
3379,14902,147815,0
3380,28553,24531,0
3381,40291,71812,0
3382,83638,23227,0
3383,131500,50134,0
3384,131893,36634,0
3385,76043,143956,0
3386,75062,61987,0
3387,63486,107854,0
3388,139628,77322,0
3389,97869,30435,0
3390,61956,11340,0
3391,4253,140083,0
3392,45707,154866,0
3393,106411,132174,0
3394,119156,145292,0
3395,41229,101107,0
3396,37581,42240,0
3397,27671,52652,0
3398,154384,134673,0
3399,9352,84328,0
3400,139317,57085,0
3401,134975,60790,0
3402,45864,95984,0
3403,94873,118522,0
3404,148235,149194,0
3405,98348,96836,0
3406,57333,13630,0
3407,103552,126874,0
3408,7049,107436,0
3409,67977,110366,0
3410,57189,107535,0
3411,5531,11288,0
3412,29233,119473,0
3413,2790,56658,0
3414,84038,30971,0
3415,100583,28281,0
3416,72963,113582,0
3417,117822,121679,0
3418,105155,36995,0
3419,30819,44522,0
3420,84591,63345,0
3421,89546,145728,0
3422,145174,5074,0
3423,146505,136175,0
3424,19026,112923,0
3425,122014,91599,0
3426,140569,135825,0
3427,131317,147788,0
3428,135379,59444,0
3429,34333,90402,0
3430,82415,66048,0
3431,97589,141133,0
3432,87795,47283,0
3433,31693,16456,0
3434,6521,27732,0
3435,87551,146886,0
3436,81859,100825,0
3437,64783,92307,0
3438,149634,118819,0
3439,113041,78481,0
3440,6461,69531,0
3441,122349,117393,0
3442,5912,3247,0
3443,99134,26488,0
3444,80308,30317,0
3445,117025,146598,0
3446,25264,48615,0
3447,87216,80515,0
3448,124124,133681,0
3449,23627,83616,0
3450,90050,75058,0
3451,97172,53516,0
3452,27515,145014,0
3453,57336,133383,0
3454,19005,96935,0
3455,77510,12746,0
3456,63962,3278,0
3457,6372,75624,0
3458,68638,76287,0
3459,76921,123411,0
3460,33291,96711,0
3461,59606,40169,0
3462,147946,144219,0
3463,109840,51375,0
3464,139548,120369,0
3465,133989,149569,0
3466,119863,117740,0
3467,141481,146562,0
3468,24668,37,0
3469,95832,56698,0
3470,5643,135199,0
3471,55957,12893,0
3472,52912,6517,0
3473,59866,10090,0
3474,128406,8091,0
3475,15361,39973,0
3476,21206,152961,0
3477,15216,7190,0
3478,110860,47776,0
3479,110740,37138,0
3480,90231,149280,0
3481,125204,118142,0
3482,61595,36039,0
3483,13981,1941,0
3484,152012,106150,0
3485,15533,69896,0
3486,26702,141970,0
3487,120022,2969,0
3488,66394,101906,0
3489,61148,138945,0
3490,130225,32855,0
3491,43517,55475,0
3492,76442,31200,0
3493,138403,82208,0
3494,9177,144544,0
3495,20663,3221,0
3496,127233,96011,0
3497,128431,60681,0
3498,41460,143395,0
3499,120009,121480,0
3500,33238,73185,0
3501,135537,66667,0
3502,121165,62677,0
3503,69887,127438,0
3504,46663,57242,0
3505,104297,16598,0
3506,109772,6215,0
3507,9968,50352,0
3508,152652,74448,0
3509,86723,69456,0
3510,149063,111196,0
3511,123493,118014,0
3512,122224,19911,0
3513,47082,128424,0
3514,84490,149322,0
3515,81526,112986,0
3516,95974,96735,0
3517,937,66771,0
3518,80298,141139,0
3519,69496,61770,0
3520,43158,25947,0
3521,47947,100522,0
3522,101585,130999,0
3523,86816,138158,0
3524,13561,112708,0
3525,97115,63852,0
3526,104510,28043,0
3527,62392,55198,0
3528,152060,122550,0
3529,111174,153515,0
3530,150428,1094,0
3531,72247,37243,0
3532,23502,20133,0
3533,133820,79253,0
3534,75132,87258,0
3535,68456,146185,0
3536,27515,93373,0
3537,19003,149401,0
3538,88279,83036,0
3539,2330,68528,0
3540,142096,65002,0
3541,3969,188,0
3542,90404,111917,0
3543,61358,58399,0
3544,52366,92376,0
3545,151034,142586,0
3546,46141,115839,0
3547,14039,127782,0
3548,70075,73832,0
3549,1154,97988,0
3550,121134,114202,0
3551,16495,115044,0
3552,92838,142812,0
3553,73552,120386,0
3554,98876,60948,0
3555,21808,69933,0
3556,83103,38577,0
3557,34354,153832,0
3558,21695,57364,0
3559,26944,12078,0
3560,109652,6386,0
3561,96826,148639,0
3562,44052,77501,0
3563,69275,75713,0
3564,27462,10667,0
3565,73024,126183,0
3566,117850,3297,0
3567,48852,115292,0
3568,132198,137338,0
3569,76900,20946,0
3570,69569,28299,0
3571,67698,58948,0
3572,123818,80129,0
3573,16325,153431,0
3574,101773,37754,0
3575,41258,62,0
3576,122686,130711,0
3577,60885,94746,0
3578,154269,113982,0
3579,127072,46332,0
3580,62815,25877,0
3581,60793,125921,0
3582,101522,82325,0
3583,78165,138006,0
3584,127717,102997,0
3585,93503,149300,0
3586,110496,125217,0
3587,52195,74495,0
3588,84593,139974,0
3589,70866,59749,0
3590,89647,10518,0
3591,130755,117957,0
3592,54927,23071,0
3593,29096,67737,0
3594,146380,56228,0
3595,7928,125869,0
3596,153806,54665,0
3597,100906,33955,0
3598,97591,13757,0
3599,99161,27006,0
3600,118470,33288,0
3601,122965,74758,0
3602,8063,123645,0
3603,58652,55359,0
3604,27056,7816,0
3605,127273,40853,0
3606,145698,5766,0
3607,10422,77962,0
3608,154738,80697,0
3609,97569,129564,0
3610,67513,68059,0
3611,109350,24677,0
3612,120156,111621,0
3613,10034,33420,0
3614,127101,154072,0
3615,131266,18892,0
3616,107653,7304,0
3617,79553,96130,0
3618,11480,110753,0
3619,13123,54423,0
3620,47816,20476,0
3621,117340,65056,0
3622,93896,142451,0
3623,88557,154642,0
3624,96649,66380,0
3625,147567,126947,0
3626,110408,120667,0
3627,54108,111024,0
3628,27665,33377,0
3629,141259,104418,0
3630,149446,113651,0
3631,92313,23137,0
3632,4678,123921,0
3633,100893,21640,0
3634,114684,96549,0
3635,76288,144963,0
3636,88846,25520,0
3637,82348,133828,0
3638,76953,154787,0
3639,63617,20858,0
3640,1789,17282,0
3641,8712,140760,0
3642,111139,95587,0
3643,148031,67845,0
3644,103363,17171,0
3645,153822,95045,0
3646,19480,118151,0
3647,35518,30916,0
3648,28291,115620,0
3649,4159,84911,0
3650,57637,142588,0
3651,137506,118475,0
3652,77129,138481,0
3653,114921,104763,0
3654,43330,135040,0
3655,125230,121437,0
3656,44705,91951,0
3657,131332,99927,0
3658,128533,128877,0
3659,90017,64519,0
3660,19441,30254,0
3661,121460,36686,0
3662,16108,64888,0
3663,36222,58447,0
3664,125231,105624,0
3665,148279,94574,0
3666,57433,72669,0
3667,145005,154522,0
3668,6005,119027,0
3669,127638,46784,0
3670,18226,90435,0
3671,105913,49038,0
3672,53159,93611,0
3673,111580,63002,0
3674,112819,152386,0
3675,28726,19426,0
3676,147343,72181,0
3677,127961,55745,0
3678,112288,27101,0
3679,56718,138790,0
3680,113385,47150,0
3681,139408,8842,0
3682,95842,154909,0
3683,75540,39708,0
3684,22750,107299,0
3685,43591,127775,0
3686,26697,106628,0
3687,6734,41367,0
3688,128345,143214,0
3689,44574,16745,0
3690,44113,152067,0
3691,27662,83405,0
3692,151288,35276,0
3693,85900,39330,0
3694,60480,85991,0
3695,131257,62934,0
3696,28119,19046,0
3697,127468,139491,0
3698,144039,66335,0
3699,17684,117278,0
3700,136566,63345,0
3701,110316,84393,0
3702,5112,122281,0
3703,109730,9585,0
3704,56528,88298,0
3705,20710,86843,0
3706,64559,143824,0
3707,121908,87686,0
3708,138298,13489,0
3709,78659,39050,0
3710,75970,103131,0
3711,7405,148067,0
3712,50996,129746,0
3713,3783,86643,0
3714,41849,145999,0
3715,132770,38208,0
3716,89665,56168,0
3717,129849,121804,0
3718,65379,52565,0
3719,50432,31918,0
3720,70028,14872,0
3721,140069,51932,0
3722,138442,142319,0
3723,118413,21334,0
3724,24696,95290,0
3725,153493,113466,0
3726,42093,81933,0
3727,145769,124831,0
3728,70036,96357,0
3729,47443,41717,0
3730,93599,30557,0
3731,124917,132745,0
3732,59954,47874,0
3733,8786,28567,0
3734,73972,53308,0
3735,60678,8729,0
3736,87707,58126,0
3737,80288,4371,0
3738,28215,66392,0
3739,61659,71679,0
3740,111021,126717,0
3741,134916,51380,0
3742,31471,60030,0
3743,30115,67124,0
3744,41346,4621,0
3745,39286,87069,0
3746,31781,136400,0
3747,94264,75678,0
3748,55902,57306,0
3749,131686,132029,0
3750,117641,141286,0
3751,104299,35752,0
3752,63298,68308,0
3753,73551,36923,0
3754,5860,70626,0
3755,2744,3346,0
3756,94769,142601,0
3757,31566,153587,0
3758,118738,62272,0
3759,58559,113031,0
3760,20310,63237,0
3761,9591,67904,0
3762,11825,140715,0
3763,26023,50010,0
3764,113801,131885,0
3765,23728,109132,0
3766,45939,102926,0
3767,26793,48597,0
3768,153993,54232,0
3769,102832,43609,0
3770,38518,116984,0
3771,3392,120181,0
3772,55214,19029,0
3773,56960,129568,0
3774,27555,1585,0
3775,118460,93613,0
3776,75899,87646,0
3777,284,105722,0
3778,10048,133080,0
3779,2796,126999,0
3780,15426,64554,0
3781,72244,11140,0
3782,105548,94016,0
3783,114918,49076,0
3784,120373,23366,0
3785,15471,55153,0
3786,110756,137579,0
3787,1206,122687,0
3788,132336,14112,0
3789,66262,62642,0
3790,8,147519,0
3791,135645,90068,0
3792,100608,86078,0
3793,93029,96625,0
3794,63699,14433,0
3795,43693,151555,0
3796,42076,147641,0
3797,2491,78381,0
3798,37930,30183,0
3799,56866,26599,0
3800,118113,78783,0
3801,30877,3572,0
3802,98130,3948,0
3803,36537,115434,0
3804,18844,6879,0
3805,90015,19423,0
3806,23309,107787,0
3807,88078,60310,0
3808,145790,36375,0
3809,22079,120551,0
3810,124481,15270,0
3811,140999,22488,0
3812,153413,35679,0
3813,7050,38525,0
3814,76558,132036,0
3815,121735,60638,0
3816,135345,98360,0
3817,103570,126940,0
3818,2830,99896,0
3819,29625,66543,0
3820,100561,53624,0
3821,69341,121336,0
3822,66698,78649,0
3823,44487,17752,0
3824,96149,74127,0
3825,105255,124157,0
3826,55973,144390,0
3827,120218,94338,0
3828,134218,137835,0
3829,131177,32502,0
3830,131855,136009,0
3831,69940,99325,0
3832,139787,125968,0
3833,24886,43243,0
3834,73240,34301,0
3835,31008,150841,0
3836,89435,70596,0
3837,87055,73109,0
3838,20502,25851,0
3839,93482,99698,0
3840,79077,32037,0
3841,19229,18014,0
3842,96481,25358,0
3843,16478,59492,0
3844,34519,8614,0
3845,44067,9509,0
3846,120217,38695,0
3847,146872,39431,0
3848,11151,9632,0
3849,63043,92470,0
3850,125336,97215,0
3851,21818,136043,0
3852,35832,102563,0
3853,22107,114312,0
3854,125931,43297,0
3855,134741,73467,0
3856,75430,148586,0
3857,82106,101986,0
3858,143267,17723,0
3859,52427,4422,0
3860,75721,49769,0
3861,116038,129274,0
3862,27054,18217,0
3863,19115,133098,0
3864,115022,133510,0
3865,133672,81714,0
3866,139946,26658,0
3867,83166,117452,0
3868,19752,87399,0
3869,77517,37648,0
3870,22215,64031,0
3871,11849,126925,0
3872,84591,84517,0
3873,127532,88149,0
3874,9069,62952,0
3875,113090,13766,0
3876,85551,24136,0
3877,1668,90138,0
3878,94559,136102,0
3879,54760,130873,0
3880,128673,96378,0
3881,22025,88937,0
3882,141275,1656,0
3883,83850,150776,0
3884,54678,148995,0
3885,83102,25462,0
3886,37030,141719,0
3887,59516,18704,0
3888,24293,19293,0
3889,105673,98350,0
3890,114238,101425,0
3891,136846,11311,0
3892,78799,75332,0
3893,126337,132190,0
3894,5554,10538,0
3895,41365,144272,0
3896,73908,59876,0
3897,147690,93734,0
3898,113601,147741,0
3899,107400,60402,0
3900,130735,40092,0
3901,118170,150669,0
3902,69818,146625,0
3903,99462,133204,0
3904,13514,143519,0
3905,127011,103167,0
3906,73117,13941,0
3907,16631,35442,0
3908,8830,7921,0
3909,17280,111947,0
3910,13557,35517,0
3911,135488,147920,0
3912,71668,88572,0
3913,7256,116566,0
3914,150631,6486,0
3915,102516,98618,0
3916,86642,102847,0
3917,50342,112672,0
3918,117348,40596,0
3919,123583,121126,0
3920,14946,146257,0
3921,39020,34463,0
3922,79469,29396,0
3923,133235,39702,0
3924,68698,88704,0
3925,96507,68267,0
3926,125658,36966,0
3927,81784,3817,0
3928,91161,65214,0
3929,151928,76935,0
3930,84077,30647,0
3931,20270,59544,0
3932,66034,7675,0
3933,4579,36909,0
3934,110630,131548,0
3935,142009,51092,0
3936,99939,111012,0
3937,17364,152231,0
3938,77347,5890,0
3939,69267,131667,0
3940,55699,92293,0
3941,3694,21816,0
3942,19352,43149,0
3943,45140,144154,0
3944,38373,61786,0
3945,71410,38102,0
3946,23727,64787,0
3947,33803,96604,0
3948,91358,79448,0
3949,102762,27588,0
3950,84880,69499,0
3951,48601,147207,0
3952,12937,137375,0
3953,114003,128371,0
3954,124303,25713,0
3955,120824,5615,0
3956,152479,132127,0
3957,31386,22044,0
3958,37040,98571,0
3959,37182,151386,0
3960,2252,140112,0
3961,91410,42936,0
3962,92043,63829,0
3963,25026,93800,0
3964,63652,141501,0
3965,154373,75978,0
3966,53944,3497,0
3967,76075,86398,0
3968,132070,40125,0
3969,8606,151106,0
3970,72112,5880,0
3971,31051,78376,0
3972,49514,21375,0
3973,127498,94659,0
3974,34698,123685,0
3975,7303,23054,0
3976,105355,139813,0
3977,120496,14939,0
3978,150996,144802,0
3979,77763,152845,0
3980,139624,117373,0
3981,21065,100817,0
3982,726,61352,0
3983,123306,117412,0
3984,3555,146128,0
3985,136517,69040,0
3986,84757,3369,0
3987,139629,122389,0
3988,104024,26242,0
3989,80454,103893,0
3990,12495,28545,0
3991,130377,131236,0
3992,129015,56473,0
3993,29900,116544,0
3994,8303,109201,0
3995,21067,49215,0
3996,35151,87323,0
3997,69705,53690,0
3998,274,61549,0
3999,107266,124568,0
4000,79356,95317,0
4001,40168,51854,0
4002,36190,103566,0
4003,112738,25381,0
4004,96679,34326,0
4005,43242,69346,0
4006,7691,88809,0
4007,28628,145771,0
4008,12741,148706,0
4009,21740,7736,0
4010,73316,26165,0
4011,154569,118003,0
4012,120487,112602,0
4013,131325,116102,0
4014,148708,66615,0
4015,24728,114431,0
4016,126977,31451,0
4017,6807,117384,0
4018,484,20760,0
4019,33058,33398,0
4020,141853,2078,0
4021,22452,12371,0
4022,10986,90444,0
4023,37235,94136,0
4024,33208,112951,0
4025,36913,92279,0
4026,152228,77158,0
4027,120977,96645,0
4028,155128,72562,0
4029,76378,108759,0
4030,128377,108526,0
4031,8395,41857,0
4032,133991,73120,0
4033,11115,141879,0
4034,21796,124856,0
4035,75043,85324,0
4036,98387,117524,0
4037,38279,39033,0
4038,19039,138165,0
4039,150749,119774,0
4040,150696,90711,0
4041,26083,131788,0
4042,147697,111627,0
4043,101111,75978,0
4044,55365,70478,0
4045,51823,64112,0
4046,64738,148051,0
4047,37002,44134,0
4048,7842,77373,0
4049,85224,132775,0
4050,5725,150034,0
4051,9641,73237,0
4052,150141,9100,0
4053,19342,62190,0
4054,129195,97669,0
4055,139749,117817,0
4056,78908,82749,0
4057,25121,30156,0
4058,64557,49398,0
4059,112276,105056,0
4060,47290,67099,0
4061,73192,128719,0
4062,107547,136108,0
4063,49422,153613,0
4064,19982,30786,0
4065,131627,101186,0
4066,66163,61973,0
4067,52091,119332,0
4068,122585,100191,0
4069,82450,113997,0
4070,112094,30052,0
4071,74183,1604,0
4072,11277,32620,0
4073,35356,50304,0
4074,25334,148080,0
4075,9285,84550,0
4076,50178,79741,0
4077,116893,134078,0
4078,142963,112893,0
4079,24881,23048,0
4080,80941,50678,0
4081,72774,128900,0
4082,132054,33465,0
4083,63116,136358,0
4084,61258,132429,0
4085,21837,142529,0
4086,67903,79103,0
4087,48266,3873,0
4088,41778,79599,0
4089,72251,17086,0
4090,42038,73746,0
4091,20819,46722,0
4092,29653,140509,0
4093,127826,65697,0
4094,141261,102700,0
4095,127864,72700,0
4096,113605,62296,0
4097,39889,17611,0
4098,138919,83567,0
4099,80412,94213,0
4100,30569,70942,0
4101,51809,2887,0
4102,123046,123570,0
4103,137453,29588,0
4104,55859,83631,0
4105,57307,145157,0
4106,71980,56712,0
4107,91944,125416,0
4108,135519,138292,0
4109,29251,79551,0
4110,56787,98336,0
4111,20787,84345,0
4112,124711,149847,0
4113,4646,78766,0
4114,64435,2307,0
4115,121660,141758,0
4116,34132,57251,0
4117,146812,62033,0
4118,152701,14393,0
4119,107958,42952,0
4120,69718,85573,0
4121,19448,135343,0
4122,94951,88984,0
4123,149424,1365,0
4124,92410,4283,0
4125,10466,57847,0
4126,95315,154966,0
4127,118384,21501,0
4128,126101,23442,0
4129,105928,15068,0
4130,96033,42097,0
4131,4950,13476,0
4132,144216,93400,0
4133,39991,107311,0
4134,123201,125132,0
4135,121411,853,0
4136,9191,104775,0
4137,41408,56196,0
4138,31051,61866,0
4139,30657,53205,0
4140,12559,52274,0
4141,130210,24772,0
4142,103390,1291,0
4143,82977,110213,0
4144,136426,62192,0
4145,109926,117531,0
4146,123849,154108,0
4147,104768,82175,0
4148,58755,59660,0
4149,100389,152996,0
4150,49613,124205,0
4151,12074,71979,0
4152,104632,86655,0
4153,36962,4448,0
4154,135658,107681,0
4155,132617,21017,0
4156,52326,116443,0
4157,21645,41244,0
4158,24813,88340,0
4159,135003,106527,0
4160,125102,88975,0
4161,68727,76838,0
4162,38647,140356,0
4163,88216,5215,0
4164,108691,130455,0
4165,103406,97339,0
4166,91811,116835,0
4167,111929,25156,0
4168,109032,150505,0
4169,113343,147611,0
4170,49059,44430,0
4171,28633,154887,0
4172,99559,5217,0
4173,56718,112494,0
4174,60416,143684,0
4175,113880,83053,0
4176,107203,100362,0
4177,11899,4441,0
4178,104652,31150,0
4179,116198,121871,0
4180,133713,73913,0
4181,11102,150064,0
4182,40636,142210,0
4183,97521,105802,0
4184,91460,47249,0
4185,47194,34026,0
4186,76804,32720,0
4187,100259,38482,0
4188,96425,389,0
4189,39150,55984,0
4190,27598,22158,0
4191,111181,126334,0
4192,102314,74903,0
4193,97909,57586,0
4194,148700,101434,0
4195,80676,90233,0
4196,154935,25239,0
4197,78745,150235,0
4198,41948,80798,0
4199,146772,118129,0
4200,140957,148002,0
4201,62669,6720,0
4202,70817,113785,0
4203,35993,31821,0
4204,16583,67295,0
4205,8265,40007,0
4206,139123,117479,0
4207,115530,18549,0
4208,44131,35647,0
4209,45228,21422,0
4210,41701,116281,0
4211,56865,102949,0
4212,93447,97921,0
4213,61217,54270,0
4214,107764,27757,0
4215,93417,36035,0
4216,77007,20146,0
4217,59418,95192,0
4218,149881,129256,0
4219,4209,16335,0
4220,93937,36917,0
4221,131404,40280,0
4222,85938,58302,0
4223,66152,52378,0
4224,12281,43026,0
4225,37601,104444,0
4226,27178,68244,0
4227,12719,61898,0
4228,28492,86404,0
4229,110,52856,0
4230,15858,30845,0
4231,3587,27159,0
4232,117430,20718,0
4233,66069,69807,0
4234,76442,40181,0
4235,142681,149439,0
4236,70416,146746,0
4237,103818,128608,0
4238,89087,135356,0
4239,44625,7367,0
4240,34571,64692,0
4241,81781,10600,0
4242,59471,79735,0
4243,58694,103649,0
4244,114299,12667,0
4245,2021,108639,0
4246,22226,4853,0
4247,111238,37643,0
4248,81419,92312,0
4249,58529,69121,0
4250,13339,72282,0
4251,60344,77974,0
4252,9373,14205,0
4253,3214,63673,0
4254,133940,139690,0
4255,138402,11967,0
4256,7042,36193,0
4257,97234,5757,0
4258,5060,19496,0
4259,63731,73581,0
4260,24956,66708,0
4261,131820,147333,0
4262,149668,16158,0
4263,79191,147020,0
4264,44096,20873,0
4265,40290,154015,0
4266,25476,69412,0
4267,65061,82634,0
4268,99505,30697,0
4269,44627,27044,0
4270,91618,111522,0
4271,38876,107413,0
4272,37707,65885,0
4273,99559,20968,0
4274,52330,147111,0
4275,91293,20369,0
4276,143930,112216,0
4277,150412,3189,0
4278,13622,147728,0
4279,2509,66111,0
4280,81569,89023,0
4281,75729,111301,0
4282,640,41623,0
4283,108107,54568,0
4284,106432,123585,0
4285,36254,74122,0
4286,63869,102742,0
4287,111514,108851,0
4288,115746,47743,0
4289,142202,51456,0
4290,92006,97793,0
4291,125623,62916,0
4292,20206,8042,0
4293,108529,101711,0
4294,141908,144607,0
4295,87118,57923,0
4296,90539,56821,0
4297,76659,28852,0
4298,108697,55372,0
4299,63471,97082,0
4300,69747,2792,0
4301,106120,31341,0
4302,6052,78340,0
4303,132955,29192,0
4304,23706,145640,0
4305,66204,19770,0
4306,19510,150370,0
4307,93061,126759,0
4308,148745,79822,0
4309,32443,7692,0
4310,65366,67465,0
4311,57403,4846,0
4312,77225,5851,0
4313,60113,133517,0
4314,7850,121839,0
4315,49888,103816,0
4316,1765,43306,0
4317,37218,84271,0
4318,99457,782,0
4319,65767,43036,0
4320,87274,130215,0
4321,22938,79513,0
4322,78244,84052,0
4323,104139,56544,0
4324,112843,96050,0
4325,143981,112309,0
4326,136084,134587,0
4327,38288,6280,0
4328,151725,53585,0
4329,23686,92359,0
4330,117475,48427,0
4331,112772,16016,0
4332,137380,4721,0
4333,55409,46934,0
4334,120200,122769,0
4335,85583,29520,0
4336,133577,64862,0
4337,47899,37817,0
4338,24598,19175,0
4339,49261,40727,0
4340,21393,113786,0
4341,111466,95995,0
4342,21884,77116,0
4343,75665,98368,0
4344,5514,7093,0
4345,47802,138060,0
4346,75123,147116,0
4347,148735,69061,0
4348,58394,91147,0
4349,31802,152909,0
4350,86736,102662,0
4351,100224,153955,0
4352,60538,64347,0
4353,102504,62731,0
4354,51202,77145,0
4355,3267,39583,0
4356,18891,45663,0
4357,90986,69268,0
4358,133553,141362,0
4359,104612,85635,0
4360,105714,47599,0
4361,134213,19047,0
4362,29540,120598,0
4363,126961,12684,0
4364,8532,72920,0
4365,62679,86755,0
4366,9968,39767,0
4367,135069,119338,0
4368,150589,63581,0
4369,96843,11667,0
4370,77700,63464,0
4371,127689,2583,0
4372,78029,96901,0
4373,36811,59359,0
4374,113309,66776,0
4375,147397,76383,0
4376,31068,27159,0
4377,70588,85250,0
4378,49454,68393,0
4379,140591,142950,0
4380,122633,24591,0
4381,97073,90308,0
4382,43065,148308,0
4383,64896,106564,0
4384,51180,137899,0
4385,83962,149388,0
4386,51300,53928,0
4387,115254,45120,0
4388,73616,126011,0
4389,76060,104745,0
4390,29407,138854,0
4391,31807,91192,0
4392,21601,26278,0
4393,50250,55319,0
4394,55503,129451,0
4395,66119,52727,0
4396,136755,428,0
4397,116486,98554,0
4398,19355,40666,0
4399,94122,4814,0
4400,80545,146904,0
4401,125247,56259,0
4402,46731,106379,0
4403,30823,99613,0
4404,78804,150346,0
4405,120422,130218,0
4406,107673,2054,0
4407,13022,40825,0
4408,142857,131314,0
4409,100504,37111,0
4410,25796,32455,0
4411,66918,114425,0
4412,5930,136701,0
4413,122122,62070,0
4414,82345,149483,0
4415,44691,145666,0
4416,67996,34816,0
4417,129047,85024,0
4418,8106,124079,0
4419,13686,17113,0
4420,68828,110997,0
4421,17506,113497,0
4422,27227,144097,0
4423,106675,44161,0
4424,20704,103429,0
4425,16377,122928,0
4426,116298,27330,0
4427,100368,27106,0
4428,87622,148189,0
4429,127592,99799,0
4430,105366,32087,0
4431,32680,22603,0
4432,90538,23460,0
4433,90054,125908,0
4434,141866,5855,0
4435,11529,70198,0
4436,143559,19061,0
4437,3434,136958,0
4438,16147,12362,0
4439,115564,58657,0
4440,57690,25763,0
4441,42155,75475,0
4442,33071,10892,0
4443,132920,144571,0
4444,91900,8325,0
4445,53847,87307,0
4446,111649,68452,0
4447,42644,25092,0
4448,65946,92062,0
4449,80894,90522,0
4450,79373,110081,0
4451,55194,122159,0
4452,133991,77246,0
4453,54916,78898,0
4454,130759,11543,0
4455,101958,131208,0
4456,81929,132709,0
4457,110788,115327,0
4458,115856,109303,0
4459,40648,15433,0
4460,78357,33525,0
4461,23594,102060,0
4462,47418,133311,0
4463,97290,31813,0
4464,92139,31169,0
4465,146224,49587,0
4466,38799,568,0
4467,55222,2599,0
4468,19892,39411,0
4469,9212,130700,0
4470,91567,1774,0
4471,154358,30011,0
4472,139612,114745,0
4473,112020,119716,0
4474,97455,30580,0
4475,1884,30643,0
4476,4835,80667,0
4477,25195,112936,0
4478,86678,38596,0
4479,60465,67727,0
4480,61600,129741,0
4481,32765,74016,0
4482,76978,49584,0
4483,18853,39998,0
4484,153437,55985,0
4485,47772,77715,0
4486,53915,124173,0
4487,26757,34312,0
4488,92408,21070,0
4489,118438,104343,0
4490,148696,138882,0
4491,52232,39087,0
4492,125589,83091,0
4493,42406,147294,0
4494,50986,95526,0
4495,101810,144364,0
4496,64515,11508,0
4497,42472,95349,0
4498,72002,120140,0
4499,86315,132255,0
4500,4761,68619,0
4501,144563,42816,0
4502,69625,61192,0
4503,115803,80397,0
4504,137147,124465,0
4505,137193,1900,0
4506,666,67911,0
4507,66723,130702,0
4508,153671,92149,0
4509,43841,13535,0
4510,71036,24639,0
4511,104267,137857,0
4512,103956,33965,0
4513,5760,110783,0
4514,85476,108871,0
4515,97511,137853,0
4516,94308,145436,0
4517,44794,32360,0
4518,146950,106236,0
4519,8297,84081,0
4520,127580,142495,0
4521,153816,138124,0
4522,31122,22417,0
4523,115880,99115,0
4524,68333,10194,0
4525,108633,112455,0
4526,80959,87328,0
4527,103923,88212,0
4528,29653,140420,0
4529,10426,108545,0
4530,30622,72168,0
4531,49961,150115,0
4532,67141,83923,0
4533,31866,55466,0
4534,95970,107979,0
4535,146036,148917,0
4536,137764,88373,0
4537,31662,86452,0
4538,144707,87563,0
4539,23573,86848,0
4540,63827,151449,0
4541,143242,71168,0
4542,70026,82159,0
4543,70336,39661,0
4544,85553,29305,0
4545,75874,20782,0
4546,95973,110730,0
4547,29132,126084,0
4548,100797,131909,0
4549,120573,10760,0
4550,48310,83535,0
4551,46596,113163,0
4552,18138,150372,0
4553,120693,59976,0
4554,22723,142296,0
4555,6554,24482,0
4556,35105,124453,0
4557,19374,84766,0
4558,16160,75536,0
4559,131846,96731,0
4560,66792,88941,0
4561,11462,42793,0
4562,27969,136411,0
4563,46010,154128,0
4564,6277,87068,0
4565,89866,97135,0
4566,91231,54771,0
4567,20231,43109,0
4568,82155,29048,0
4569,55398,144782,0
4570,84725,80103,0
4571,23279,65134,0
4572,22038,98048,0
4573,39314,11088,0
4574,38625,114333,0
4575,127352,124001,0
4576,121792,20184,0
4577,77462,14617,0
4578,147741,99050,0
4579,12167,122000,0
4580,108104,4572,0
4581,11252,73538,0
4582,143221,41118,0
4583,68794,142445,0
4584,82660,47645,0
4585,78107,35077,0
4586,63144,714,0
4587,86327,72053,0
4588,27195,46467,0
4589,113556,136906,0
4590,105221,107495,0
4591,153171,3313,0
4592,71798,27068,0
4593,98718,73964,0
4594,100003,83667,0
4595,15650,111834,0
4596,17377,150831,0
4597,108620,90818,0
4598,78931,120946,0
4599,118864,121758,0
4600,82067,28409,0
4601,122449,122094,0
4602,138788,29673,0
4603,148904,131867,0
4604,18064,61893,0
4605,107890,47964,0
4606,245,61437,0
4607,148005,91033,0
4608,371,32810,0
4609,127510,146399,0
4610,141174,69853,0
4611,88684,116508,0
4612,153557,52374,0
4613,773,32575,0
4614,136864,10137,0
4615,68904,45779,0
4616,119842,105124,0
4617,17697,54972,0
4618,74693,33629,0
4619,56495,103626,0
4620,152396,108969,0
4621,138504,142423,0
4622,84157,70892,0
4623,67673,41334,0
4624,36616,139302,0
4625,57420,105772,0
4626,12051,146982,0
4627,15257,97547,0
4628,31699,24030,0
4629,131647,15784,0
4630,122856,60195,0
4631,108908,50803,0
4632,69275,25498,0
4633,37791,66412,0
4634,21337,28846,0
4635,23925,117463,0
4636,106472,66080,0
4637,44081,90074,0
4638,122744,103043,0
4639,62794,23366,0
4640,17172,101094,0
4641,122274,5238,0
4642,26961,73258,0
4643,93189,93036,0
4644,32693,47438,0
4645,21107,34415,0
4646,64492,142891,0
4647,28265,101976,0
4648,32441,147519,0
4649,132789,128245,0
4650,118919,88373,0
4651,53800,58095,0
4652,131648,10383,0
4653,133899,13395,0
4654,114870,108531,0
4655,42308,57817,0
4656,113503,66324,0
4657,41886,143889,0
4658,69467,145540,0
4659,106711,49069,0
4660,30558,118863,0
4661,51171,142445,0
4662,69407,91202,0
4663,137316,76446,0
4664,60182,105126,0
4665,1296,7509,0
4666,68687,64884,0
4667,50881,32534,0
4668,153678,95309,0
4669,69101,60437,0
4670,134065,5520,0
4671,99099,38906,0
4672,19003,116440,0
4673,136470,111461,0
4674,36413,86579,0
4675,4597,148227,0
4676,132531,95694,0
4677,119930,88944,0
4678,59549,122807,0
4679,114645,33986,0
4680,149911,28495,0
4681,34495,36465,0
4682,1306,131109,0
4683,2351,11028,0
4684,7528,130013,0
4685,67303,136186,0
4686,27617,93660,0
4687,40060,119133,0
4688,106006,126242,0
4689,126601,6629,0
4690,16467,36762,0
4691,65611,45088,0
4692,90169,35265,0
4693,15399,77679,0
4694,98269,145210,0
4695,57862,111745,0
4696,89604,101763,0
4697,15218,122974,0
4698,146260,147603,0
4699,84866,7130,0
4700,148923,18890,0
4701,863,144720,0
4702,38777,102665,0
4703,140628,89884,0
4704,99575,25881,0
4705,122195,120287,0
4706,100440,139723,0
4707,71694,112821,0
4708,55091,110192,0
4709,90992,79611,0
4710,97486,117318,0
4711,68139,112056,0
4712,153640,45518,0
4713,14445,73407,0
4714,125732,43186,0
4715,98288,112947,0
4716,47579,26329,0
4717,123669,40066,0
4718,46308,57610,0
4719,15297,99593,0
4720,83983,88180,0
4721,41655,99994,0
4722,150192,62881,0
4723,138578,120960,0
4724,86687,104373,0
4725,106565,50879,0
4726,80121,16694,0
4727,61870,132677,0
4728,685,66778,0
4729,148102,123947,0
4730,95478,101260,0
4731,83246,68872,0
4732,118919,29811,0
4733,151010,45714,0
4734,154946,91131,0
4735,61783,15035,0
4736,137231,110818,0
4737,88216,38125,0
4738,141216,56475,0
4739,61794,7790,0
4740,152274,124194,0
4741,63415,96389,0
4742,3738,105142,0
4743,98630,81906,0
4744,90293,3657,0
4745,127248,80112,0
4746,45122,146006,0
4747,82044,117293,0
4748,18397,109137,0
4749,90246,69764,0
4750,135361,30528,0
4751,118507,138881,0
4752,135378,142400,0
4753,39093,22551,0
4754,4395,138196,0
4755,45889,33868,0
4756,81679,143902,0
4757,136717,131485,0
4758,141542,142301,0
4759,127602,86456,0
4760,145599,133455,0
4761,32858,24996,0
4762,74735,105298,0
4763,42879,80809,0
4764,59533,45807,0
4765,32344,41329,0
4766,104843,143563,0
4767,15218,63123,0
4768,61643,66348,0
4769,124828,96972,0
4770,124416,9413,0
4771,71822,88998,0
4772,14334,120548,0
4773,118666,110449,0
4774,52481,7387,0
4775,113174,44214,0
4776,24002,85419,0
4777,70642,33840,0
4778,152864,106141,0
4779,12673,145015,0
4780,29810,105141,0
4781,57439,110900,0
4782,29376,16373,0
4783,124742,139827,0
4784,5860,144989,0
4785,35569,100337,0
4786,96480,142547,0
4787,131978,97726,0
4788,24183,154170,0
4789,16904,129634,0
4790,86208,80323,0
4791,99760,114574,0
4792,82735,9885,0
4793,38224,128527,0
4794,61305,19876,0
4795,147979,56931,0
4796,120506,122530,0
4797,133531,98451,0
4798,40311,129307,0
4799,94090,57580,0
4800,8728,127565,0
4801,145204,141227,0
4802,21553,83537,0
4803,74715,92002,0
4804,18160,95898,0
4805,136384,53280,0
4806,90919,95327,0
4807,46429,114546,0
4808,108226,9194,0
4809,9874,81682,0
4810,31641,33269,0
4811,43868,73780,0
4812,25630,115096,0
4813,140624,3258,0
4814,141829,38151,0
4815,82435,31995,0
4816,73606,10343,0
4817,63444,30661,0
4818,108575,152299,0
4819,34407,46947,0
4820,20555,59267,0
4821,152375,72134,0
4822,61596,81193,0
4823,103594,98596,0
4824,9425,4541,0
4825,48218,23877,0
4826,152852,62230,0
4827,55977,14361,0
4828,52890,120316,0
4829,106486,103711,0
4830,75158,118091,0
4831,102781,56592,0
4832,13126,37394,0
4833,146140,94128,0
4834,43020,80857,0
4835,79136,58724,0
4836,89083,81007,0
4837,78162,111811,0
4838,137669,110179,0
4839,113757,27135,0
4840,104366,102850,0
4841,73179,49642,0
4842,137402,38113,0
4843,102168,368,0
4844,43209,115882,0
4845,130226,87122,0
4846,33577,10526,0
4847,112608,124011,0
4848,103473,76211,0
4849,89062,133371,0
4850,149349,40162,0
4851,122115,103871,0
4852,153574,139522,0
4853,21993,63205,0
4854,548,147554,0
4855,119779,7508,0
4856,98516,40494,0
4857,137297,3460,0
4858,145552,113969,0
4859,86636,105367,0
4860,125027,26287,0
4861,4922,34490,0
4862,63124,103770,0
4863,47470,119790,0
4864,16418,66033,0
4865,80393,23986,0
4866,47443,138697,0
4867,21923,751,0
4868,83297,74633,0
4869,12714,42988,0
4870,153449,52342,0
4871,52226,73770,0
4872,28054,147877,0
4873,77636,146984,0
4874,112905,1660,0
4875,110533,46868,0
4876,114149,22408,0
4877,8805,119908,0
4878,41882,90113,0
4879,93401,68643,0
4880,143264,83066,0
4881,45145,53962,0
4882,92390,52593,0
4883,74830,10260,0
4884,22955,97806,0
4885,28872,37530,0
4886,72740,151258,0
4887,4187,12823,0
4888,26095,121035,0
4889,15707,134226,0
4890,138785,27702,0
4891,123395,21431,0
4892,153907,154875,0
4893,62982,42595,0
4894,81862,63319,0
4895,48865,149696,0
4896,80577,131551,0
4897,54963,116456,0
4898,15754,105807,0
4899,30220,47357,0
4900,12781,16430,0
4901,148103,29308,0
4902,3172,32409,0
4903,55981,124778,0
4904,43314,91696,0
4905,148713,14570,0
4906,81078,69763,0
4907,32,17158,0
4908,48161,33342,0
4909,46999,8178,0
4910,104889,31345,0
4911,128934,22627,0
4912,121291,88127,0
4913,77035,76017,0
4914,21323,125135,0
4915,138426,68795,0
4916,33015,129762,0
4917,114845,55112,0
4918,92162,141146,0
4919,65050,98417,0
4920,70500,3536,0
4921,33673,142658,0
4922,48595,54805,0
4923,89476,43698,0
4924,115743,8430,0
4925,137984,131941,0
4926,55657,150883,0
4927,44956,20245,0
4928,44791,152564,0
4929,57982,27265,0
4930,99070,36709,0
4931,24734,96574,0
4932,57485,91848,0
4933,131249,38360,0
4934,131729,64344,0
4935,69371,74091,0
4936,54268,53245,0
4937,107411,13197,0
4938,90209,135136,0
4939,109767,117914,0
4940,125623,107627,0
4941,65970,8539,0
4942,95292,9083,0
4943,43517,1251,0
4944,24086,126550,0
4945,98847,147721,0
4946,45910,53203,0
4947,14150,33306,0
4948,41548,6590,0
4949,152437,114959,0
4950,154192,26127,0
4951,80500,103286,0
4952,127619,54118,0
4953,101908,13838,0
4954,26835,82300,0
4955,14109,126970,0
4956,51884,120164,0
4957,109536,67865,0
4958,40687,47743,0
4959,130735,147088,0
4960,120555,3168,0
4961,103433,13253,0
4962,19172,1308,0
4963,78809,46293,0
4964,33448,113303,0
4965,143379,37862,0
4966,120194,140787,0
4967,146612,122627,0
4968,69157,92870,0
4969,149571,133094,0
4970,15365,110176,0
4971,23173,29797,0
4972,64791,45539,0
4973,72409,105023,0
4974,47451,132146,0
4975,25115,105809,0
4976,108519,138968,0
4977,1769,101948,0
4978,111514,63762,0
4979,105807,62260,0
4980,132365,130583,0
4981,54717,135923,0
4982,87024,52939,0
4983,98902,75746,0
4984,146098,137982,0
4985,67445,144642,0
4986,90449,77822,0
4987,15011,135382,0
4988,9568,138728,0
4989,126172,67339,0
4990,134533,17150,0
4991,97747,75532,0
4992,102492,9555,0
4993,70282,87210,0
4994,119131,60249,0
4995,113262,52026,0
4996,149423,43668,0
4997,111835,4056,0
4998,127109,7486,0
4999,43174,93274,0
5000,37350,142518,0
5001,108901,149531,0
5002,17715,86504,0
5003,101002,93010,0
5004,123325,49780,0
5005,75906,116359,0
5006,91773,12346,0
5007,124865,47790,0
5008,45846,98851,0
5009,74033,1063,0
5010,71619,144332,0
5011,119457,33280,0
5012,119275,124352,0
5013,82677,68844,0
5014,121281,10702,0
5015,129469,8699,0
5016,37790,90900,0
5017,69413,11953,0
5018,34978,56998,0
5019,92213,119796,0
5020,7935,83356,0
5021,108237,114310,0
5022,70927,110066,0
5023,79057,141662,0
5024,66835,4370,0
5025,52499,105750,0
5026,128997,145175,0
5027,136098,11713,0
5028,142126,1427,0
5029,31261,39355,0
5030,142135,16454,0
5031,70458,152013,0
5032,73615,2742,0
5033,67369,112256,0
5034,151756,98404,0
5035,81917,61126,0
5036,70716,90866,0
5037,45190,89338,0
5038,46145,116022,0
5039,36145,41024,0
5040,114915,7156,0
5041,85715,86848,0
5042,61065,96113,0
5043,93752,91143,0
5044,151884,94830,0
5045,28078,111732,0
5046,7878,10721,0
5047,147819,62675,0
5048,80152,20803,0
5049,17737,8374,0
5050,115645,11000,0
5051,45341,72053,0
5052,56489,59584,0
5053,44177,57799,0
5054,82850,107078,0
5055,57802,35717,0
5056,135050,127440,0
5057,83913,103569,0
5058,43772,1677,0
5059,81568,49160,0
5060,97645,17407,0
5061,106498,93118,0
5062,151092,37377,0
5063,18276,131127,0
5064,12816,3545,0
5065,125115,153082,0
5066,37465,80844,0
5067,21835,98696,0
5068,9055,11301,0
5069,111439,101817,0
5070,115868,94857,0
5071,52649,82210,0
5072,27531,151441,0
5073,75268,104861,0
5074,116478,94962,0
5075,8617,130965,0
5076,72621,1869,0
5077,133410,83665,0
5078,79199,1853,0
5079,10856,112393,0
5080,119304,82330,0
5081,41935,85350,0
5082,29803,37323,0
5083,81771,5886,0
5084,16411,143689,0
5085,11211,110404,0
5086,89230,110166,0
5087,43029,17335,0
5088,99935,122044,0
5089,3310,141847,0
5090,44433,148013,0
5091,85501,42452,0
5092,123756,124106,0
5093,103876,128103,0
5094,95495,100573,0
5095,130616,68056,0
5096,144759,139986,0
5097,130113,101492,0
5098,40304,27563,0
5099,136274,142777,0
5100,141746,110981,0
5101,63969,154383,0
5102,131151,36053,0
5103,92587,93455,0
5104,55657,9503,0
5105,20009,35959,0
5106,147400,53076,0
5107,45359,126280,0
5108,119634,24916,0
5109,151843,151861,0
5110,40018,42486,0
5111,56760,129584,0
5112,64883,10617,0
5113,128172,133122,0
5114,78051,14390,0
5115,65972,84455,0
5116,147461,145140,0
5117,8875,1523,0
5118,123669,60942,0
5119,86853,111511,0
5120,143391,38946,0
5121,117778,133271,0
5122,37595,97925,0
5123,27156,65901,0
5124,2083,138316,0
5125,48053,3827,0
5126,57169,71825,0
5127,105717,10797,0
5128,63472,101250,0
5129,135691,46734,0
5130,134511,124509,0
5131,91966,50837,0
5132,138569,152584,0
5133,148424,41908,0
5134,106594,26283,0
5135,92533,41978,0
5136,65544,141307,0
5137,24448,9976,0
5138,119596,26694,0
5139,60224,76766,0
5140,106947,76544,0
5141,69463,69781,0
5142,5884,106833,0
5143,96340,42331,0
5144,121375,49319,0
5145,139142,117925,0
5146,45335,223,0
5147,128774,139182,0
5148,114718,47243,0
5149,54734,117414,0
5150,31283,99746,0
5151,30033,44237,0
5152,62265,72575,0
5153,111455,76792,0
5154,86209,58362,0
5155,139157,20575,0
5156,27099,63811,0
5157,5737,98810,0
5158,107766,152309,0
5159,141230,90479,0
5160,93316,24048,0
5161,112233,121986,0
5162,117107,44836,0
5163,53170,112234,0
5164,79580,120642,0
5165,81847,69089,0
5166,96219,117761,0
5167,125885,129712,0
5168,127717,78932,0
5169,121649,102521,0
5170,20260,29752,0
5171,2950,19455,0
5172,64570,50664,0
5173,111454,9962,0
5174,22188,58968,0
5175,105534,145133,0
5176,10379,139648,0
5177,59966,61566,0
5178,66132,105282,0
5179,106532,31511,0
5180,131443,78390,0
5181,122973,153807,0
5182,138586,124905,0
5183,19855,136490,0
5184,22374,57698,0
5185,26823,113360,0
5186,90019,13475,0
5187,23838,31466,0
5188,118818,30253,0
5189,136418,108969,0
5190,81658,34009,0
5191,87908,103090,0
5192,30153,87951,0
5193,137266,62290,0
5194,48970,27789,0
5195,45973,38759,0
5196,140732,143852,0
5197,96309,93717,0
5198,64439,89267,0
5199,130372,127577,0
5200,82828,18902,0
5201,63668,116918,0
5202,113757,112812,0
5203,117138,14419,0
5204,99330,2741,0
5205,146424,63775,0
5206,33309,133513,0
5207,90464,16681,0
5208,54091,555,0
5209,112948,138751,0
5210,134458,3481,0
5211,152989,31932,0
5212,101755,23247,0
5213,69033,116911,0
5214,128067,62803,0
5215,7721,44690,0
5216,99396,34365,0
5217,98168,113876,0
5218,82240,121158,0
5219,141950,134771,0
5220,134669,59859,0
5221,58973,69679,0
5222,86185,115693,0
5223,66469,32667,0
5224,37546,150398,0
5225,65515,6887,0
5226,143713,33570,0
5227,95495,23993,0
5228,109400,71731,0
5229,114750,137326,0
5230,149653,127839,0
5231,109113,141398,0
5232,77105,58239,0
5233,71952,146397,0
5234,22203,129105,0
5235,70849,45998,0
5236,131566,142243,0
5237,91672,4538,0
5238,103452,24533,0
5239,14722,62233,0
5240,16217,40697,0
5241,110380,98877,0
5242,105871,84118,0
5243,31221,138129,0
5244,18816,62203,0
5245,129118,111156,0
5246,151147,58577,0
5247,118470,11708,0
5248,107277,62703,0
5249,16985,138978,0
5250,88587,54414,0
5251,91299,131189,0
5252,93093,4151,0
5253,137033,89509,0
5254,14383,122212,0
5255,49995,106669,0
5256,69870,114306,0
5257,35039,120574,0
5258,3616,13255,0
5259,74014,105118,0
5260,132221,125810,0
5261,122305,40729,0
5262,67560,99758,0
5263,131711,14390,0
5264,58553,146994,0
5265,100467,148778,0
5266,97667,141668,0
5267,121111,82471,0
5268,57159,107205,0
5269,37192,71042,0
5270,47284,13482,0
5271,138802,55910,0
5272,144196,136738,0
5273,135053,96091,0
5274,23934,108912,0
5275,90603,51140,0
5276,126453,105206,0
5277,93839,50550,0
5278,92784,119826,0
5279,68025,140878,0
5280,133889,32260,0
5281,112865,101860,0
5282,53411,27503,0
5283,58525,106060,0
5284,95607,40773,0
5285,68462,11811,0
5286,69339,125829,0
5287,27094,108694,0
5288,104424,96011,0
5289,70010,74821,0
5290,81623,12242,0
5291,62986,85268,0
5292,24015,54409,0
5293,9276,45600,0
5294,100441,29868,0
5295,133207,1672,0
5296,149954,61294,0
5297,20742,5407,0
5298,65744,70874,0
5299,79676,121190,0
5300,92193,89209,0
5301,8305,101386,0
5302,2050,24398,0
5303,70517,127541,0
5304,109638,9074,0
5305,82547,81035,0
5306,139299,59790,0
5307,67504,58753,0
5308,1209,125123,0
5309,40262,131072,0
5310,94491,36094,0
5311,145801,21587,0
5312,11577,24801,0
5313,51161,64838,0
5314,30057,85801,0
5315,82906,139965,0
5316,152882,52005,0
5317,35323,23672,0
5318,104302,143023,0
5319,51802,11663,0
5320,44935,114264,0
5321,7897,139340,0
5322,24086,142877,0
5323,89645,135262,0
5324,139538,152122,0
5325,65948,120106,0
5326,4348,147825,0
5327,135941,93885,0
5328,38960,114271,0
5329,52810,41339,0
5330,85998,78335,0
5331,50156,145024,0
5332,25962,138712,0
5333,20282,138291,0
5334,27977,50087,0
5335,132406,27025,0
5336,131585,83338,0
5337,84981,85410,0
5338,23436,140307,0
5339,32536,32326,0
5340,118729,117435,0
5341,52837,52627,0
5342,6152,45518,0
5343,153834,21508,0
5344,119132,36409,0
5345,45106,53060,0
5346,32830,108674,0
5347,126307,136014,0
5348,20651,33327,0
5349,66312,135113,0
5350,149346,6755,0
5351,125491,136465,0
5352,149384,102766,0
5353,88961,153594,0
5354,122318,145309,0
5355,94538,48536,0
5356,74835,79701,0
5357,109525,93109,0
5358,24287,117903,0
5359,81419,56737,0
5360,51743,25481,0
5361,117513,124931,0
5362,145775,99506,0
5363,119195,955,0
5364,1225,25514,0
5365,78185,27797,0
5366,146247,43577,0
5367,60365,126296,0
5368,34479,152196,0
5369,77384,122302,0
5370,5132,49045,0
5371,30575,16206,0
5372,17742,62151,0
5373,132584,154895,0
5374,67947,106245,0
5375,63392,136203,0
5376,74693,50845,0
5377,47829,48859,0
5378,152001,96535,0
5379,95637,23480,0
5380,113702,114963,0
5381,4245,104602,0
5382,80993,142166,0
5383,104640,106348,0
5384,79129,19632,0
5385,10583,74671,0
5386,71601,94009,0
5387,68803,83558,0
5388,43265,101137,0
5389,80083,97514,0
5390,144932,149910,0
5391,134512,18007,0
5392,94557,53342,0
5393,62028,76966,0
5394,142373,7821,0
5395,55739,91499,0
5396,75583,86533,0
5397,109621,78273,0
5398,57593,124852,0
5399,41225,15646,0
5400,139946,122123,0
5401,28449,15483,0
5402,115268,116243,0
5403,63486,56243,0
5404,56538,6990,0
5405,111645,45703,0
5406,50309,134961,0
5407,134420,64931,0
5408,14679,139829,0
5409,153544,132685,0
5410,116467,137288,0
5411,5113,90165,0
5412,19187,67190,0
5413,63053,154051,0
5414,3439,106796,0
5415,32406,106032,0
5416,134252,81764,0
5417,16850,42091,0
5418,51976,26424,0
5419,63265,20247,0
5420,121541,526,0
5421,66165,62585,0
5422,35001,118032,0
5423,5883,149252,0
5424,20508,13594,0
5425,151539,47726,0
5426,106689,72479,0
5427,95060,142542,0
5428,68821,61460,0
5429,41145,3235,0
5430,72503,48075,0
5431,59717,57613,0
5432,5761,12758,0
5433,100509,28384,0
5434,129595,123642,0
5435,92483,3042,0
5436,33150,16235,0
5437,16312,108301,0
5438,9694,154332,0
5439,49672,68741,0
5440,97034,142226,0
5441,113717,50823,0
5442,63727,118917,0
5443,139565,124949,0
5444,124611,16333,0
5445,111162,152678,0
5446,63199,73419,0
5447,9957,32350,0
5448,39098,47425,0
5449,8701,48833,0
5450,88035,19956,0
5451,100980,6444,0
5452,42569,101722,0
5453,137784,118787,0
5454,72779,75395,0
5455,19212,112857,0
5456,107152,107553,0
5457,54917,61723,0
5458,22990,102300,0
5459,62059,100789,0
5460,68394,11834,0
5461,9081,7527,0
5462,130864,66662,0
5463,89538,8512,0
5464,4974,152740,0
5465,61013,3467,0
5466,144288,32811,0
5467,101942,9728,0
5468,11038,139291,0
5469,96024,144221,0
5470,41737,139448,0
5471,103294,69215,0
5472,86302,73319,0
5473,90822,13563,0
5474,143083,139841,0
5475,81946,2818,0
5476,31616,8050,0
5477,39754,128166,0
5478,20966,48951,0
5479,114692,134758,0
5480,137939,113068,0
5481,91597,58177,0
5482,124132,94406,0
5483,89228,104505,0
5484,53421,99822,0
5485,72476,96579,0
5486,19134,45044,0
5487,67947,114252,0
5488,69259,4124,0
5489,64813,30256,0
5490,96481,116692,0
5491,105532,88665,0
5492,115726,98858,0
5493,117611,43786,0
5494,115617,40507,0
5495,114129,3939,0
5496,89833,134241,0
5497,119051,103526,0
5498,60396,14853,0
5499,107115,13510,0
5500,70086,136664,0
5501,27855,13846,0
5502,78453,3568,0
5503,151745,119125,0
5504,132234,93158,0
5505,36764,130794,0
5506,147498,69089,0
5507,122432,35881,0
5508,68238,1794,0
5509,4883,133259,0
5510,84236,114734,0
5511,60318,149208,0
5512,19213,131479,0
5513,116920,70068,0
5514,100619,46466,0
5515,76445,59279,0
5516,34185,94050,0
5517,58122,52015,0
5518,81125,19815,0
5519,9731,127250,0
5520,89711,131289,0
5521,31937,18441,0
5522,103898,78864,0
5523,87491,58091,0
5524,17146,94730,0
5525,58301,66586,0
5526,149988,3660,0
5527,61676,61214,0
5528,83793,73185,0
5529,91883,54554,0
5530,143266,144462,0
5531,68381,11566,0
5532,27689,139588,0
5533,121548,19807,0
5534,135827,35308,0
5535,37717,45454,0
5536,143031,25879,0
5537,106998,151735,0
5538,130380,130041,0
5539,46804,142243,0
5540,60617,152482,0
5541,130775,12465,0
5542,48718,133822,0
5543,51933,80141,0
5544,147853,90550,0
5545,144394,51397,0
5546,100868,21625,0
5547,131354,131541,0
5548,114788,41260,0
5549,117963,135117,0
5550,27978,11518,0
5551,140388,137533,0
5552,10461,117190,0
5553,44178,71393,0
5554,1901,108204,0
5555,114438,55731,0
5556,97612,11313,0
5557,143031,135702,0
5558,13772,16564,0
5559,45334,132892,0
5560,92627,149910,0
5561,115307,123410,0
5562,96126,152934,0
5563,150588,97103,0
5564,54509,152236,0
5565,68139,69291,0
5566,54603,44578,0
5567,68362,46206,0
5568,7951,91467,0
5569,61753,126543,0
5570,51027,105439,0
5571,126342,72650,0
5572,101819,72486,0
5573,148642,75801,0
5574,53105,10103,0
5575,85038,64579,0
5576,76520,71708,0
5577,140847,122375,0
5578,40864,7418,0
5579,702,151249,0
5580,25959,69590,0
5581,42170,99855,0
5582,152403,17754,0
5583,108453,113996,0
5584,32059,20841,0
5585,103222,124790,0
5586,75982,133343,0
5587,71229,65908,0
5588,43277,70290,0
5589,125923,11863,0
5590,11548,110119,0
5591,124196,25669,0
5592,105790,142024,0
5593,30579,51936,0
5594,18006,79200,0
5595,130888,37476,0
5596,127237,62883,0
5597,19353,23580,0
5598,87872,56047,0
5599,117600,148814,0
5600,133947,99436,0
5601,68086,95217,0
5602,13776,129315,0
5603,85841,135271,0
5604,120189,120536,0
5605,70106,34169,0
5606,52957,91566,0
5607,100964,119045,0
5608,130103,21995,0
5609,104666,3067,0
5610,128010,17309,0
5611,153415,70510,0
5612,73795,4019,0
5613,35458,82381,0
5614,33729,28565,0
5615,127135,141016,0
5616,5461,92719,0
5617,35523,75246,0
5618,6455,109545,0
5619,106811,148975,0
5620,101342,149405,0
5621,11178,123084,0
5622,118741,59761,0
5623,25137,49128,0
5624,109640,35424,0
5625,45839,8977,0
5626,52030,127685,0
5627,143203,44617,0
5628,123724,60833,0
5629,76292,48630,0
5630,14640,45097,0
5631,124573,103417,0
5632,56720,67695,0
5633,129369,86126,0
5634,85551,147831,0
5635,96694,108745,0
5636,139339,265,0
5637,98827,32365,0
5638,118722,37398,0
5639,103969,143179,0
5640,128208,13893,0
5641,57519,85862,0
5642,45300,84081,0
5643,73315,131869,0
5644,29153,19764,0
5645,1800,35506,0
5646,47077,82341,0
5647,43499,137205,0
5648,88631,74119,0
5649,41434,23516,0
5650,64418,97200,0
5651,125324,120516,0
5652,10279,141509,0
5653,47608,7467,0
5654,128251,39078,0
5655,64045,38064,0
5656,1556,25328,0
5657,129412,92940,0
5658,145918,134259,0
5659,94966,104618,0
5660,56270,80828,0
5661,21227,79334,0
5662,20905,31361,0
5663,54107,65735,0
5664,30567,81184,0
5665,105640,22320,0
5666,47639,44081,0
5667,115243,37354,0
5668,155186,29257,0
5669,1131,18710,0
5670,106166,142514,0
5671,140225,109701,0
5672,123147,44524,0
5673,17621,44715,0
5674,121168,31787,0
5675,62357,1916,0
5676,104320,30507,0
5677,12927,85829,0
5678,48811,23252,0
5679,1742,28306,0
5680,62137,60478,0
5681,56801,133135,0
5682,4786,91335,0
5683,145872,131787,0
5684,23385,32821,0
5685,18508,40060,0
5686,69720,46911,0
5687,120354,107890,0
5688,50917,24029,0
5689,34201,134901,0
5690,139508,59801,0
5691,98282,106177,0
5692,148406,154365,0
5693,74740,48974,0
5694,120645,136885,0
5695,5858,105058,0
5696,147343,118501,0
5697,30357,10860,0
5698,79057,22859,0
5699,97828,101586,0
5700,138492,127313,0
5701,95934,100665,0
5702,79972,2844,0
5703,118644,47020,0
5704,83215,65702,0
5705,50938,7999,0
5706,9990,78767,0
5707,143624,107242,0
5708,144721,106448,0
5709,48132,104455,0
5710,27080,50781,0
5711,80767,121365,0
5712,100803,13367,0
5713,22132,36620,0
5714,66149,25059,0
5715,87436,15941,0
5716,131209,47525,0
5717,97295,4232,0
5718,25935,104888,0
5719,37589,81671,0
5720,118688,74097,0
5721,146499,16208,0
5722,76666,81778,0
5723,14993,62580,0
5724,114090,50393,0
5725,78121,107202,0
5726,125870,137480,0
5727,49850,8218,0
5728,34746,44109,0
5729,138943,87834,0
5730,110371,142140,0
5731,85585,66222,0
5732,75153,150109,0
5733,125746,23867,0
5734,74594,40108,0
5735,153775,104162,0
5736,40055,53773,0
5737,139292,109509,0
5738,150419,141254,0
5739,132121,47225,0
5740,15668,10118,0
5741,33230,7206,0
5742,112166,38287,0
5743,128143,129246,0
5744,109284,21616,0
5745,61208,116695,0
5746,116184,41673,0
5747,103865,40639,0
5748,60538,34000,0
5749,90505,142812,0
5750,99667,128827,0
5751,92458,22204,0
5752,138521,23843,0
5753,29432,142925,0
5754,1102,127917,0
5755,55964,110452,0
5756,121368,72307,0
5757,51200,101639,0
5758,124066,64357,0
5759,34530,136320,0
5760,49575,45368,0
5761,51866,123658,0
5762,22215,94270,0
5763,84948,143514,0
5764,39698,4320,0
5765,70612,100263,0
5766,140700,53110,0
5767,134887,24715,0
5768,123191,29890,0
5769,36299,9186,0
5770,133207,145211,0
5771,93945,37963,0
5772,122460,148596,0
5773,121576,21071,0
5774,125702,124133,0
5775,19406,63370,0
5776,2386,60570,0
5777,89813,139545,0
5778,85448,84379,0
5779,95334,95007,0
5780,113144,31162,0
5781,115831,88183,0
5782,57974,96585,0
5783,97136,73858,0
5784,51623,118147,0
5785,138866,114665,0
5786,59719,145949,0
5787,51311,149778,0
5788,98574,150184,0
5789,19202,61599,0
5790,76379,36536,0
5791,126196,95513,0
5792,58269,57961,0
5793,135217,30692,0
5794,93447,54998,0
5795,6684,146731,0
5796,69482,18257,0
5797,60078,73854,0
5798,152820,67915,0
5799,68859,44293,0
5800,89259,80148,0
5801,125222,137204,0
5802,44277,22782,0
5803,31079,95652,0
5804,89466,65677,0
5805,51039,26763,0
5806,98439,92489,0
5807,64315,15304,0
5808,154906,144947,0
5809,100030,58782,0
5810,3050,101087,0
5811,8811,108022,0
5812,61613,145896,0
5813,150079,105869,0
5814,42699,2301,0
5815,15174,152769,0
5816,50151,1313,0
5817,95337,99171,0
5818,22076,51334,0
5819,144342,851,0
5820,75061,149336,0
5821,16411,83834,0
5822,39739,154566,0
5823,21493,137063,0
5824,50410,41734,0
5825,82644,64337,0
5826,33710,94370,0
5827,82138,65253,0
5828,15325,112275,0
5829,59272,6903,0
5830,121408,106,0
5831,9028,76662,0
5832,116258,104175,0
5833,130437,72538,0
5834,39198,2888,0
5835,95528,6636,0
5836,78691,74298,0
5837,55995,139089,0
5838,94863,62171,0
5839,86990,35559,0
5840,61267,108922,0
5841,29784,116861,0
5842,117656,114650,0
5843,37552,68361,0
5844,66431,88898,0
5845,139414,123543,0
5846,30521,119308,0
5847,140493,144814,0
5848,126860,113032,0
5849,2039,15019,0
5850,4870,112896,0
5851,124829,25313,0
5852,148858,31282,0
5853,43172,114702,0
5854,2634,5542,0
5855,99848,122047,0
5856,13945,21256,0
5857,111480,154057,0
5858,96117,35935,0
5859,109715,34950,0
5860,86691,75780,0
5861,56562,18748,0
5862,32621,24028,0
5863,96800,54400,0
5864,121908,56427,0
5865,85444,24567,0
5866,75714,145693,0
5867,103623,73128,0
5868,25656,142840,0
5869,109832,80,0
5870,66151,67121,0
5871,84812,150346,0
5872,127439,18000,0
5873,86133,91210,0
5874,69151,132290,0
5875,113407,132188,0
5876,19076,47342,0
5877,52232,140344,0
5878,138142,19888,0
5879,152728,15171,0
5880,4605,147227,0
5881,22889,89883,0
5882,132480,76502,0
5883,23962,77219,0
5884,137725,78758,0
5885,32547,48209,0
5886,125620,42737,0
5887,49736,122152,0
5888,40034,148309,0
5889,78467,31915,0
5890,134190,92571,0
5891,148985,114480,0
5892,52595,120320,0
5893,135629,62295,0
5894,8320,127001,0
5895,111564,151938,0
5896,59215,122367,0
5897,36566,21052,0
5898,28142,92188,0
5899,120557,88256,0
5900,141982,67442,0
5901,118854,69326,0
5902,90383,92844,0
5903,88683,101845,0
5904,133126,104985,0
5905,52514,131515,0
5906,133710,90281,0
5907,24245,72035,0
5908,31559,136678,0
5909,129792,50125,0
5910,143113,55316,0
5911,108941,111427,0
5912,63663,70130,0
5913,77727,154741,0
5914,64163,18111,0
5915,102591,118130,0
5916,21091,76419,0
5917,94318,115666,0
5918,144833,72775,0
5919,1226,113837,0
5920,89167,17102,0
5921,133145,1819,0
5922,145359,19025,0
5923,71561,40133,0
5924,94626,149931,0
5925,68224,30678,0
5926,95129,31628,0
5927,63073,19357,0
5928,87326,27162,0
5929,140131,34467,0
5930,11948,44489,0
5931,32004,46438,0
5932,101296,103198,0
5933,78808,123868,0
5934,153772,64972,0
5935,107750,150919,0
5936,142749,50080,0
5937,52377,97621,0
5938,123996,115633,0
5939,17559,151807,0
5940,139559,133865,0
5941,114452,154516,0
5942,99030,151588,0
5943,42350,93197,0
5944,68796,202,0
5945,92024,17440,0
5946,142865,76745,0
5947,65531,87634,0
5948,9067,48559,0
5949,6939,141011,0
5950,70463,322,0
5951,7263,75471,0
5952,2900,152198,0
5953,5724,110370,0
5954,98033,119332,0
5955,4678,6198,0
5956,99703,14187,0
5957,35926,26702,0
5958,71301,53968,0
5959,100157,79681,0
5960,39160,144015,0
5961,132033,8954,0
5962,111132,122900,0
5963,88733,127589,0
5964,34900,6274,0
5965,973,11659,0
5966,142717,135218,0
5967,62395,115861,0
5968,113024,83804,0
5969,60338,32273,0
5970,16726,59574,0
5971,89613,59083,0
5972,92771,80241,0
5973,146579,150045,0
5974,17945,120059,0
5975,144107,118018,0
5976,143813,111346,0
5977,82304,8149,0
5978,140150,8411,0
5979,13776,40281,0
5980,131005,128398,0
5981,28253,44550,0
5982,108039,29419,0
5983,29165,96083,0
5984,118190,145643,0
5985,117918,31817,0
5986,27909,47642,0
5987,145707,124662,0
5988,6480,150655,0
5989,137835,96829,0
5990,153483,49132,0
5991,56817,26175,0
5992,108091,90281,0
5993,139946,145325,0
5994,82894,94465,0
5995,109436,124045,0
5996,67078,25400,0
5997,122930,53401,0
5998,154765,82399,0
5999,53691,93281,0
6000,13675,95646,0
6001,62704,28584,0
6002,110352,43335,0
6003,27133,2012,0
6004,152798,149863,0
6005,76954,85746,0
6006,35443,100131,0
6007,135897,18867,0
6008,95970,128148,0
6009,105511,89134,0
6010,60261,115606,0
6011,150142,22911,0
6012,145470,29805,0
6013,19838,151237,0
6014,131422,47831,0
6015,60675,108520,0
6016,19929,43392,0
6017,65554,76199,0
6018,76767,75660,0
6019,84152,47529,0
6020,27709,116001,0
6021,108686,59386,0
6022,77925,114096,0
6023,28514,78106,0
6024,12386,4157,0
6025,86884,98012,0
6026,53019,122902,0
6027,68120,68121,0
6028,90197,122054,0
6029,50651,94624,0
6030,82919,112463,0
6031,38280,131443,0
6032,127096,101623,0
6033,4974,57901,0
6034,110043,67186,0
6035,70772,77880,0
6036,114579,132002,0
6037,74228,107298,0
6038,108600,138804,0
6039,34009,34610,0
6040,6802,32157,0
6041,25904,44803,0
6042,49238,77071,0
6043,89150,152809,0
6044,79931,76752,0
6045,26168,122447,0
6046,78514,129169,0
6047,20494,147239,0
6048,135238,102810,0
6049,97268,34029,0
6050,110329,114227,0
6051,48025,84694,0
6052,21347,99972,0
6053,82273,43226,0
6054,139141,85441,0
6055,153897,2873,0
6056,81052,58241,0
6057,60797,106226,0
6058,61208,115866,0
6059,133531,126163,0
6060,77209,85948,0
6061,48129,99674,0
6062,97366,153723,0
6063,12781,43911,0
6064,107453,71970,0
6065,149964,60351,0
6066,99220,69617,0
6067,155028,29468,0
6068,12334,27886,0
6069,93771,143672,0
6070,5714,120638,0
6071,72758,118783,0
6072,35769,18544,0
6073,86501,67193,0
6074,125079,3361,0
6075,19771,64879,0
6076,138342,98494,0
6077,18138,138029,0
6078,154925,106613,0
6079,121483,101748,0
6080,11606,100204,0
6081,52291,101025,0
6082,27098,124928,0
6083,110096,36033,0
6084,39089,144620,0
6085,11476,14839,0
6086,44342,37160,0
6087,150786,68683,0
6088,44128,95328,0
6089,93273,52393,0
6090,67635,16589,0
6091,78162,125103,0
6092,105215,80888,0
6093,86210,97546,0
6094,28195,12514,0
6095,102804,139454,0
6096,99632,119579,0
6097,154211,33497,0
6098,7488,44572,0
6099,36245,10939,0
6100,116153,113674,0
6101,88673,105921,0
6102,112711,23416,0
6103,23638,6409,0
6104,90640,108013,0
6105,125915,50874,0
6106,116277,85979,0
6107,148049,63320,0
6108,105466,8867,0
6109,86226,126852,0
6110,85737,105565,0
6111,36239,139839,0
6112,13888,70226,0
6113,100207,83250,0
6114,21946,111997,0
6115,33710,68166,0
6116,129006,70580,0
6117,24682,137570,0
6118,1298,150760,0
6119,88677,64729,0
6120,86935,64165,0
6121,114353,30634,0
6122,17179,127172,0
6123,132222,100967,0
6124,93060,145582,0
6125,133270,71467,0
6126,71862,34770,0
6127,82876,84390,0
6128,6707,123913,0
6129,4217,52943,0
6130,70484,81554,0
6131,137156,27424,0
6132,34927,136502,0
6133,52717,133679,0
6134,51648,1992,0
6135,107834,91126,0
6136,102031,108036,0
6137,34701,7029,0
6138,36841,132149,0
6139,90625,3371,0
6140,72650,27962,0
6141,120905,23351,0
6142,52880,41381,0
6143,140012,107963,0
6144,93708,77706,0
6145,83723,76679,0
6146,40009,11798,0
6147,60401,104379,0
6148,119740,14351,0
6149,71106,88119,0
6150,146219,32748,0
6151,12819,117571,0
6152,55083,82883,0
6153,111033,123158,0
6154,53090,62637,0
6155,114951,148474,0
6156,48446,46498,0
6157,136526,36851,0
6158,96204,53859,0
6159,82646,34190,0
6160,4018,44562,0
6161,125349,60766,0
6162,5970,11516,0
6163,38116,60152,0
6164,19553,148184,0
6165,15536,77441,0
6166,62528,30448,0
6167,51186,1609,0
6168,112299,8699,0
6169,134492,27812,0
6170,124664,125913,0
6171,26483,152480,0
6172,125883,121891,0
6173,61264,147,0
6174,31846,136566,0
6175,144876,76563,0
6176,147265,10789,0
6177,140099,51587,0
6178,123757,97476,0
6179,88773,140633,0
6180,16664,42566,0
6181,145882,126774,0
6182,85897,123770,0
6183,113532,113932,0
6184,33365,45565,0
6185,24321,9838,0
6186,131198,31778,0
6187,13048,103720,0
6188,19418,71039,0
6189,73392,36320,0
6190,7392,45188,0
6191,145446,43629,0
6192,112891,147241,0
6193,97576,5663,0
6194,86513,43770,0
6195,120378,21970,0
6196,125680,64773,0
6197,55901,10009,0
6198,42412,30533,0
6199,31485,9171,0
6200,106035,53593,0
6201,37716,114015,0
6202,73327,19676,0
6203,46951,71173,0
6204,110035,130985,0
6205,7884,26491,0
6206,32793,141800,0
6207,141740,54158,0
6208,95883,112585,0
6209,104338,5291,0
6210,47418,140364,0
6211,51166,85151,0
6212,54170,55778,0
6213,61647,115542,0
6214,65085,3785,0
6215,90792,133957,0
6216,100101,140917,0
6217,13893,145439,0
6218,138497,76680,0
6219,84581,3338,0
6220,47820,65080,0
6221,40250,20524,0
6222,31760,146610,0
6223,112157,39660,0
6224,105894,28666,0
6225,17613,15255,0
6226,51400,33555,0
6227,78854,111039,0
6228,76339,78465,0
6229,114195,135169,0
6230,148985,69893,0
6231,16535,52562,0
6232,150047,25630,0
6233,64257,81194,0
6234,84681,14768,0
6235,16459,117044,0
6236,79217,10180,0
6237,148579,100279,0
6238,143554,101713,0
6239,115646,116282,0
6240,145813,3814,0
6241,90706,72466,0
6242,11388,122820,0
6243,70540,78617,0
6244,11089,109506,0
6245,22372,3150,0
6246,41489,75145,0
6247,97475,151748,0
6248,55729,104418,0
6249,46612,56819,0
6250,33411,28507,0
6251,31480,15685,0
6252,44222,72202,0
6253,27070,23529,0
6254,101522,114935,0
6255,65391,45009,0
6256,21751,39166,0
6257,109014,129188,0
6258,110116,33044,0
6259,124376,73364,0
6260,33709,79659,0
6261,23503,70507,0
6262,26755,138333,0
6263,77682,118459,0
6264,43857,16594,0
6265,53506,10915,0
6266,148239,144960,0
6267,2976,81425,0
6268,125272,111133,0
6269,121988,76404,0
6270,9781,134429,0
6271,117317,135821,0
6272,24711,102318,0
6273,149686,108388,0
6274,96830,7097,0
6275,81759,98713,0
6276,22383,11465,0
6277,109176,102834,0
6278,125734,132909,0
6279,149672,27001,0
6280,7151,147661,0
6281,58117,2593,0
6282,141999,4873,0
6283,70459,117755,0
6284,109058,74871,0
6285,141536,58498,0
6286,130236,55250,0
6287,72274,143095,0
6288,83850,86691,0
6289,148079,120544,0
6290,9605,30112,0
6291,28446,152690,0
6292,73699,143810,0
6293,37297,44118,0
6294,76661,45739,0
6295,151485,152533,0
6296,40669,101211,0
6297,33292,90316,0
6298,94970,13336,0
6299,39507,154633,0
6300,56515,847,0
6301,27111,137034,0
6302,1895,103962,0
6303,62377,57503,0
6304,76782,91467,0
6305,91405,13962,0
6306,93869,151616,0
6307,86466,98663,0
6308,88000,35202,0
6309,83781,25187,0
6310,41435,146011,0
6311,66236,74477,0
6312,145835,139363,0
6313,30821,5676,0
6314,64006,48040,0
6315,31734,84287,0
6316,100575,1690,0
6317,17233,87011,0
6318,74312,72328,0
6319,51684,139344,0
6320,83179,116339,0
6321,74147,41992,0
6322,98691,137578,0
6323,137334,122936,0
6324,119705,74397,0
6325,136408,796,0
6326,115151,103526,0
6327,137914,40107,0
6328,125033,6471,0
6329,103892,86632,0
6330,123,92908,0
6331,29400,32750,0
6332,42904,5173,0
6333,70617,95796,0
6334,123148,105508,0
6335,29871,51407,0
6336,115827,12557,0
6337,141650,93751,0
6338,110193,121803,0
6339,47467,63141,0
6340,68002,74337,0
6341,109767,102798,0
6342,30911,117291,0
6343,7320,37402,0
6344,45219,148384,0
6345,41254,62592,0
6346,86945,61155,0
6347,115934,141764,0
6348,20347,82852,0
6349,29113,111762,0
6350,76392,130789,0
6351,26486,140238,0
6352,115964,56251,0
6353,63919,47828,0
6354,5231,98930,0
6355,147995,60405,0
6356,99522,15489,0
6357,21627,6936,0
6358,52184,10339,0
6359,111594,125729,0
6360,142609,124600,0
6361,80995,108689,0
6362,83690,19322,0
6363,82598,22415,0
6364,140011,123159,0
6365,119854,61851,0
6366,103530,1555,0
6367,54105,118662,0
6368,129648,30725,0
6369,80147,125570,0
6370,98752,50045,0
6371,66805,154898,0
6372,82832,74059,0
6373,41746,74517,0
6374,73846,46782,0
6375,20806,144866,0
6376,3780,66075,0
6377,25089,38330,0
6378,131838,35304,0
6379,120853,116182,0
6380,97761,124439,0
6381,71533,72977,0
6382,136767,96688,0
6383,107805,88770,0
6384,23334,143477,0
6385,27972,88606,0
6386,5047,37633,0
6387,2697,38520,0
6388,134629,82667,0
6389,89824,145856,0
6390,80789,109546,0
6391,131038,75602,0
6392,25666,130617,0
6393,73127,88623,0
6394,141618,151748,0
6395,74503,27148,0
6396,28827,57716,0
6397,52669,40750,0
6398,42730,75433,0
6399,67310,67754,0
6400,81124,134097,0
6401,92622,148546,0
6402,104666,49641,0
6403,88648,121575,0
6404,67043,33386,0
6405,52058,103793,0
6406,38625,105501,0
6407,116075,29688,0
6408,149418,128126,0
6409,101928,144702,0
6410,144235,31577,0
6411,23449,132559,0
6412,937,60582,0
6413,138342,133487,0
6414,32513,26901,0
6415,5668,21834,0
6416,113614,51067,0
6417,139881,88030,0
6418,45155,65327,0
6419,50215,32930,0
6420,57967,145645,0
6421,119834,96901,0
6422,82907,108256,0
6423,92312,105422,0
6424,122579,6541,0
6425,12449,63091,0
6426,62741,79059,0
6427,150475,16275,0
6428,140575,153471,0
6429,134533,103715,0
6430,133994,63559,0
6431,118213,35378,0
6432,154719,39583,0
6433,81359,151461,0
6434,81287,3824,0
6435,9223,73329,0
6436,68229,152178,0
6437,130749,24673,0
6438,68953,138769,0
6439,95247,15505,0
6440,110866,8629,0
6441,86479,54739,0
6442,154474,92213,0
6443,95748,142298,0
6444,90514,154685,0
6445,50195,27072,0
6446,128998,49784,0
6447,21940,133938,0
6448,18976,78674,0
6449,113191,80263,0
6450,81672,85308,0
6451,52310,97144,0
6452,51770,112703,0
6453,103640,62034,0
6454,136755,72825,0
6455,131114,125793,0
6456,97639,10575,0
6457,92084,91617,0
6458,141928,78927,0
6459,27026,82221,0
6460,67334,38088,0
6461,84946,4507,0
6462,44160,8167,0
6463,51673,75532,0
6464,79817,28080,0
6465,115011,141793,0
6466,64980,91463,0
6467,24791,100718,0
6468,58557,71108,0
6469,96547,78190,0
6470,119779,108758,0
6471,55204,154000,0
6472,112139,5716,0
6473,56180,61335,0
6474,132316,17271,0
6475,110903,141705,0
6476,13199,43840,0
6477,115584,51975,0
6478,114676,35757,0
6479,131405,131416,0
6480,36876,81120,0
6481,47948,15421,0
6482,40966,93205,0
6483,39260,22692,0
6484,10466,86573,0
6485,26095,24143,0
6486,8459,138783,0
6487,36403,91540,0
6488,70801,140260,0
6489,135933,125790,0
6490,154410,16531,0
6491,45556,10029,0
6492,81165,129162,0
6493,57526,100619,0
6494,63653,47528,0
6495,3434,50498,0
6496,25201,113184,0
6497,51480,5454,0
6498,117431,122471,0
6499,38174,152022,0
6500,152515,86031,0
6501,106786,98679,0
6502,154100,79310,0
6503,77668,4636,0
6504,83696,29256,0
6505,95833,4964,0
6506,88355,24398,0
6507,5900,141872,0
6508,72260,152222,0
6509,152027,134429,0
6510,62805,49126,0
6511,22889,48123,0
6512,17693,130037,0
6513,122026,60561,0
6514,338,116829,0
6515,103580,27671,0
6516,28623,78669,0
6517,15764,48638,0
6518,64783,52992,0
6519,17006,126193,0
6520,152169,75134,0
6521,101226,55502,0
6522,141271,41535,0
6523,10199,34861,0
6524,114016,11695,0
6525,96492,40522,0
6526,130724,153939,0
6527,76224,152127,0
6528,13451,128538,0
6529,27676,113871,0
6530,86706,11374,0
6531,130421,122081,0
6532,83432,102662,0
6533,21145,149228,0
6534,130951,43269,0
6535,128072,38534,0
6536,123876,126301,0
6537,16318,41528,0
6538,81725,111129,0
6539,59150,88022,0
6540,69,97217,0
6541,23900,14475,0
6542,41321,115586,0
6543,113374,101847,0
6544,47044,88210,0
6545,152950,137702,0
6546,54347,24796,0
6547,69063,99444,0
6548,91670,113687,0
6549,150349,58763,0
6550,50201,62496,0
6551,112636,83749,0
6552,49965,56828,0
6553,148377,112204,0
6554,63042,90395,0
6555,17477,116958,0
6556,114857,105859,0
6557,146196,127610,0
6558,99813,139101,0
6559,119906,83548,0
6560,64137,67797,0
6561,28128,91669,0
6562,138280,9669,0
6563,2346,18079,0
6564,105281,135085,0
6565,30607,152592,0
6566,37823,11438,0
6567,122126,119294,0
6568,128754,142357,0
6569,7646,117594,0
6570,128770,136264,0
6571,48558,18239,0
6572,131960,92444,0
6573,56807,150952,0
6574,14918,28365,0
6575,51752,80290,0
6576,3441,110357,0
6577,148532,942,0
6578,70364,33233,0
6579,139948,106257,0
6580,93274,74785,0
6581,58610,42058,0
6582,20136,124165,0
6583,4889,84783,0
6584,33741,41782,0
6585,150577,78354,0
6586,21316,54696,0
6587,83708,50560,0
6588,129842,132210,0
6589,50927,124949,0
6590,106757,67788,0
6591,107867,84882,0
6592,114286,69616,0
6593,149818,63105,0
6594,112076,19206,0
6595,97673,51947,0
6596,76906,99286,0
6597,118281,148796,0
6598,140190,112646,0
6599,23186,120032,0
6600,147918,79792,0
6601,62339,110578,0
6602,22568,54334,0
6603,6489,137043,0
6604,49057,143979,0
6605,31312,58761,0
6606,45599,3473,0
6607,17944,141698,0
6608,13273,37591,0
6609,127858,128775,0
6610,73562,35110,0
6611,65032,128205,0
6612,15508,15690,0
6613,146117,142778,0
6614,44980,65641,0
6615,15160,8846,0
6616,18390,42657,0
6617,73427,36899,0
6618,71768,21962,0
6619,119152,72349,0
6620,30219,32673,0
6621,93302,24922,0
6622,52720,26848,0
6623,27764,124107,0
6624,95196,44099,0
6625,26192,16970,0
6626,123573,1133,0
6627,11009,107099,0
6628,81727,144106,0
6629,86021,42478,0
6630,143767,84810,0
6631,37122,118425,0
6632,48263,102082,0
6633,98394,82958,0
6634,17055,82417,0
6635,103215,51381,0
6636,60206,29469,0
6637,32702,112330,0
6638,104719,80965,0
6639,91676,87340,0
6640,62507,40529,0
6641,93368,33753,0
6642,121598,94743,0
6643,8992,143593,0
6644,91633,10312,0
6645,142386,89650,0
6646,55148,14438,0
6647,50272,125307,0
6648,101469,32420,0
6649,136359,67113,0
6650,42047,80138,0
6651,68376,2353,0
6652,91275,134139,0
6653,132711,39801,0
6654,100519,3010,0
6655,9002,104339,0
6656,13022,91343,0
6657,62059,85742,0
6658,68278,132395,0
6659,135563,39261,0
6660,83826,13725,0
6661,76458,107368,0
6662,33155,63339,0
6663,69869,105936,0
6664,114367,19072,0
6665,115660,83284,0
6666,18220,23390,0
6667,24534,92649,0
6668,135145,41692,0
6669,138965,114929,0
6670,83737,828,0
6671,120552,32405,0
6672,90967,77554,0
6673,28385,19886,0
6674,6139,151908,0
6675,92546,141917,0
6676,40690,154648,0
6677,120772,23879,0
6678,14292,34811,0
6679,14150,151118,0
6680,73222,85996,0
6681,120134,103800,0
6682,74992,152561,0
6683,129311,89379,0
6684,27376,79420,0
6685,21006,25068,0
6686,113084,140850,0
6687,65071,145322,0
6688,77975,110729,0
6689,68035,114445,0
6690,87983,108681,0
6691,14458,115250,0
6692,89930,12191,0
6693,128924,115359,0
6694,62198,146269,0
6695,83432,74204,0
6696,12418,45440,0
6697,10840,54016,0
6698,68688,47784,0
6699,144277,54006,0
6700,69167,28706,0
6701,105442,54606,0
6702,108436,43032,0
6703,31854,34219,0
6704,82155,65461,0
6705,54839,148306,0
6706,9955,101511,0
6707,148928,110914,0
6708,152820,73933,0
6709,82011,104114,0
6710,14001,98553,0
6711,128208,98567,0
6712,65587,52965,0
6713,32514,11792,0
6714,81610,75672,0
6715,58291,103599,0
6716,143122,56019,0
6717,131980,100047,0
6718,73953,43691,0
6719,68135,36244,0
6720,53910,15993,0
6721,34175,136014,0
6722,119906,59204,0
6723,86159,56244,0
6724,144375,126813,0
6725,60468,142267,0
6726,14868,60190,0
6727,33358,74906,0
6728,93703,94434,0
6729,118186,3007,0
6730,146869,310,0
6731,110933,67081,0
6732,88040,17830,0
6733,11260,10125,0
6734,106498,30548,0
6735,101623,92029,0
6736,6874,857,0
6737,109727,10611,0
6738,54512,133217,0
6739,125273,4656,0
6740,36849,28093,0
6741,90702,79378,0
6742,20135,27004,0
6743,134511,4612,0
6744,52213,46828,0
6745,56498,23672,0
6746,148301,144229,0
6747,30351,39791,0
6748,41490,127635,0
6749,135934,22479,0
6750,42249,40951,0
6751,11235,23663,0
6752,112237,128017,0
6753,62106,52089,0
6754,28303,120447,0
6755,21016,147907,0
6756,120980,150458,0
6757,77149,21431,0
6758,144208,44978,0
6759,61199,119770,0
6760,102794,140672,0
6761,114443,1103,0
6762,115502,43763,0
6763,58145,41681,0
6764,117895,55770,0
6765,102735,128576,0
6766,52466,4674,0
6767,24888,747,0
6768,6900,7669,0
6769,23412,86329,0
6770,63128,48540,0
6771,69066,117826,0
6772,5326,117137,0
6773,127703,99526,0
6774,60657,89262,0
6775,138034,87616,0
6776,91226,171,0
6777,85466,11899,0
6778,72161,17219,0
6779,150060,52548,0
6780,106372,59805,0
6781,74092,52533,0
6782,116767,87640,0
6783,7923,45451,0
6784,43462,154490,0
6785,41595,152838,0
6786,48079,151583,0
6787,51099,113929,0
6788,91717,6600,0
6789,114794,57806,0
6790,39363,41487,0
6791,13028,108775,0
6792,14644,128313,0
6793,94272,50786,0
6794,32588,3377,0
6795,36443,4636,0
6796,76042,100717,0
6797,133134,8317,0
6798,41859,43804,0
6799,62310,6082,0
6800,110403,140839,0
6801,80680,101395,0
6802,18525,144446,0
6803,113013,108780,0
6804,32588,94066,0
6805,80637,3833,0
6806,40283,133199,0
6807,85037,107491,0
6808,133047,125340,0
6809,104780,18337,0
6810,89813,153140,0
6811,450,97841,0
6812,10375,11661,0
6813,123695,104846,0
6814,124141,101556,0
6815,89592,7327,0
6816,109833,85246,0
6817,146798,22416,0
6818,87479,54036,0
6819,123459,60214,0
6820,230,86722,0
6821,17057,32289,0
6822,149657,87083,0
6823,111433,57020,0
6824,50802,82465,0
6825,81095,71056,0
6826,73575,5819,0
6827,17547,49157,0
6828,148394,142817,0
6829,97473,117630,0
6830,61371,63810,0
6831,62663,15170,0
6832,63323,79304,0
6833,81654,116134,0
6834,77368,105740,0
6835,50557,75566,0
6836,25439,107814,0
6837,36210,96428,0
6838,116371,85464,0
6839,27872,73540,0
6840,92648,20322,0
6841,130174,112654,0
6842,71481,10789,0
6843,106043,17244,0
6844,45503,154105,0
6845,33169,94782,0
6846,95723,99761,0
6847,60978,154892,0
6848,103169,13510,0
6849,72314,129409,0
6850,118043,76425,0
6851,128767,59363,0
6852,49213,154145,0
6853,29285,87189,0
6854,98286,111200,0
6855,31564,147621,0
6856,124013,96302,0
6857,127100,131856,0
6858,25332,131202,0
6859,70029,146920,0
6860,71746,139976,0
6861,14343,152604,0
6862,81260,143292,0
6863,3228,81333,0
6864,74814,52838,0
6865,131700,46159,0
6866,87157,153930,0
6867,92030,113148,0
6868,33677,38667,0
6869,43378,124075,0
6870,65129,50146,0
6871,69339,89404,0
6872,110703,85263,0
6873,33881,46153,0
6874,78095,126706,0
6875,33020,116017,0
6876,95077,14419,0
6877,125844,97153,0
6878,46751,18188,0
6879,147278,130772,0
6880,78172,60249,0
6881,96687,82515,0
6882,14891,119306,0
6883,152948,14490,0
6884,22954,57112,0
6885,59426,24508,0
6886,123705,11186,0
6887,152626,112692,0
6888,123519,10906,0
6889,17932,110625,0
6890,48887,121696,0
6891,101764,34015,0
6892,33081,54943,0
6893,63373,54209,0
6894,11815,117114,0
6895,104679,8610,0
6896,105331,51313,0
6897,135265,82014,0
6898,24609,55264,0
6899,37507,111210,0
6900,38919,148952,0
6901,151357,130761,0
6902,20495,112181,0
6903,105280,20533,0
6904,150008,143656,0
6905,101460,62003,0
6906,108282,27469,0
6907,146196,120959,0
6908,127304,9167,0
6909,72543,45620,0
6910,7973,120171,0
6911,108992,57278,0
6912,11159,48895,0
6913,32562,36572,0
6914,67105,33685,0
6915,96611,84900,0
6916,28951,78083,0
6917,145951,116544,0
6918,123170,36351,0
6919,142976,46411,0
6920,105972,54381,0
6921,122680,41113,0
6922,70318,11679,0
6923,153869,151946,0
6924,3633,20026,0
6925,107817,123965,0
6926,80221,68445,0
6927,28068,42079,0
6928,126047,67354,0
6929,1995,142593,0
6930,18327,5174,0
6931,135137,116552,0
6932,113006,98469,0
6933,96227,115296,0
6934,42736,8501,0
6935,113594,57479,0
6936,9399,13281,0
6937,125375,2501,0
6938,66853,112962,0
6939,68132,130846,0
6940,123929,3716,0
6941,112815,134095,0
6942,47684,37682,0
6943,16772,100458,0
6944,141562,46581,0
6945,25101,138922,0
6946,35847,13260,0
6947,154698,53104,0
6948,23688,29508,0
6949,106746,94896,0
6950,25978,37852,0
6951,15046,152632,0
6952,76922,60816,0
6953,70662,154544,0
6954,36646,115280,0
6955,64762,76862,0
6956,101341,63366,0
6957,33633,40911,0
6958,8066,17874,0
6959,43425,68583,0
6960,125126,9444,0
6961,124609,4350,0
6962,136588,49845,0
6963,93279,109956,0
6964,66323,43222,0
6965,49349,34685,0
6966,75776,24655,0
6967,61827,90406,0
6968,36809,19217,0
6969,76463,119878,0
6970,137794,7267,0
6971,100387,10757,0
6972,87640,32526,0
6973,134816,74717,0
6974,28714,107677,0
6975,32471,113599,0
6976,51660,91215,0
6977,18948,78273,0
6978,45351,11567,0
6979,84717,80527,0
6980,30657,19110,0
6981,33724,78797,0
6982,90544,60641,0
6983,148900,32539,0
6984,10785,53431,0
6985,55733,8943,0
6986,32761,88328,0
6987,83781,27420,0
6988,44194,80202,0
6989,45615,33139,0
6990,78633,65246,0
6991,123899,82433,0
6992,34927,100684,0
6993,151346,129126,0
6994,152056,120988,0
6995,102998,152577,0
6996,44525,137434,0
6997,69393,120770,0
6998,55743,126806,0
6999,612,48141,0
7000,76921,154960,0
7001,112347,11622,0
7002,90073,129507,0
7003,92835,76978,0
7004,52024,44408,0
7005,58259,78378,0
7006,21811,12876,0
7007,140441,115269,0
7008,92984,138267,0
7009,133821,98524,0
7010,252,45730,0
7011,90919,91882,0
7012,125844,81700,0
7013,90546,42268,0
7014,8265,58445,0
7015,40009,117719,0
7016,137336,47877,0
7017,76048,152508,0
7018,59903,54373,0
7019,52100,1936,0
7020,39832,124469,0
7021,92416,147680,0
7022,90170,138190,0
7023,76605,50799,0
7024,22604,51327,0
7025,56638,40816,0
7026,86878,29038,0
7027,154857,140928,0
7028,148035,149199,0
7029,42628,40082,0
7030,67009,65448,0
7031,76204,144436,0
7032,97223,70826,0
7033,132626,71014,0
7034,57841,120259,0
7035,51497,4943,0
7036,120373,98104,0
7037,36313,11294,0
7038,78676,124161,0
7039,134243,120187,0
7040,111678,127251,0
7041,92899,30265,0
7042,4459,140506,0
7043,143029,78312,0
7044,51487,60048,0
7045,150876,108164,0
7046,147147,36232,0
7047,10477,13141,0
7048,7467,75585,0
7049,119852,147509,0
7050,6947,20230,0
7051,63039,13205,0
7052,21002,9402,0
7053,71269,75733,0
7054,45228,48487,0
7055,16204,32510,0
7056,79844,149011,0
7057,35977,54615,0
7058,42435,84824,0
7059,60818,63277,0
7060,44817,34924,0
7061,27515,28245,0
7062,141452,94566,0
7063,97262,151791,0
7064,6371,100263,0
7065,92096,144710,0
7066,85921,11345,0
7067,6894,83264,0
7068,25294,111402,0
7069,57994,9154,0
7070,49116,30295,0
7071,82019,96102,0
7072,5948,115744,0
7073,128007,57774,0
7074,82644,106412,0
7075,142426,109197,0
7076,85755,8567,0
7077,93513,73797,0
7078,96033,26850,0
7079,145750,68671,0
7080,40430,115368,0
7081,87840,4921,0
7082,11154,45907,0
7083,6284,90266,0
7084,50494,58932,0
7085,145924,7449,0
7086,86133,125909,0
7087,37226,99159,0
7088,115277,41437,0
7089,31557,56466,0
7090,40290,102365,0
7091,48147,124411,0
7092,126396,134059,0
7093,55268,147834,0
7094,103796,79163,0
7095,27593,52284,0
7096,111861,135738,0
7097,147245,61951,0
7098,5959,61740,0
7099,129916,73639,0
7100,73799,72630,0
7101,15109,137761,0
7102,146282,129051,0
7103,102820,118271,0
7104,62017,115594,0
7105,68539,6294,0
7106,34448,129645,0
7107,19417,108596,0
7108,24157,126953,0
7109,36199,62893,0
7110,23546,149083,0
7111,28061,68299,0
7112,133551,145871,0
7113,58538,150465,0
7114,24322,18454,0
7115,120151,55440,0
7116,37667,71995,0
7117,28263,33214,0
7118,95641,45577,0
7119,53198,116673,0
7120,72476,87914,0
7121,10358,103675,0
7122,75484,99674,0
7123,112000,31143,0
7124,5295,82207,0
7125,83665,112509,0
7126,100245,133196,0
7127,154186,50237,0
7128,56686,38485,0
7129,111299,70221,0
7130,35335,41425,0
7131,50996,131085,0
7132,2761,123890,0
7133,106019,47899,0
7134,112202,60519,0
7135,138170,24534,0
7136,137362,88579,0
7137,95754,20311,0
7138,134105,63177,0
7139,117665,35410,0
7140,63021,23358,0
7141,29250,135811,0
7142,98256,131206,0
7143,130304,32010,0
7144,118901,34574,0
7145,128894,129723,0
7146,113407,102675,0
7147,151934,129777,0
7148,49842,122111,0
7149,82201,61972,0
7150,119896,53189,0
7151,61485,147342,0
7152,65198,921,0
7153,49535,47189,0
7154,86419,84142,0
7155,42577,100772,0
7156,11312,62933,0
7157,138527,132144,0
7158,119329,62453,0
7159,19153,44012,0
7160,18671,94384,0
7161,17986,98213,0
7162,100245,147142,0
7163,13651,38935,0
7164,57571,49981,0
7165,131586,15411,0
7166,70718,53053,0
7167,86027,58991,0
7168,29130,115223,0
7169,7924,71502,0
7170,80618,34345,0
7171,101273,153385,0
7172,115141,81874,0
7173,152391,109246,0
7174,81128,97029,0
7175,123364,66548,0
7176,151362,137715,0
7177,63794,145531,0
7178,143642,47962,0
7179,126697,126684,0
7180,89162,13869,0
7181,23766,86066,0
7182,132673,72370,0
7183,14324,96476,0
7184,125179,47787,0
7185,105586,45247,0
7186,41785,134487,0
7187,72718,147023,0
7188,127678,60020,0
7189,140774,138447,0
7190,125269,40078,0
7191,101455,15846,0
7192,46214,50213,0
7193,86890,48630,0
7194,86044,46635,0
7195,7148,45048,0
7196,2605,121763,0
7197,56637,69265,0
7198,139168,49691,0
7199,16253,52814,0
7200,54121,67192,0
7201,24156,145108,0
7202,99456,60281,0
7203,8518,111200,0
7204,119918,27878,0
7205,1470,143532,0
7206,34543,17567,0
7207,1143,145340,0
7208,124254,2513,0
7209,38026,68984,0
7210,131168,119699,0
7211,26564,132257,0
7212,69127,7671,0
7213,40127,133554,0
7214,87695,94841,0
7215,141549,16791,0
7216,68922,4025,0
7217,89177,60784,0
7218,139982,50782,0
7219,31350,3599,0
7220,47758,44594,0
7221,136643,68386,0
7222,80600,1494,0
7223,126524,49619,0
7224,37203,66956,0
7225,83266,88198,0
7226,83969,102910,0
7227,17156,144815,0
7228,113835,65882,0
7229,63898,105379,0
7230,34332,10754,0
7231,115825,58574,0
7232,57142,109683,0
7233,58877,134454,0
7234,81928,94394,0
7235,33463,144486,0
7236,151445,88232,0
7237,155109,79253,0
7238,45284,72436,0
7239,1847,154325,0
7240,42082,26312,0
7241,14148,119006,0
7242,19855,103961,0
7243,53394,78436,0
7244,94216,147858,0
7245,94873,42279,0
7246,1404,55690,0
7247,54565,146709,0
7248,60887,99006,0
7249,69882,140137,0
7250,133858,77361,0
7251,98367,64447,0
7252,118033,123312,0
7253,136370,77620,0
7254,149034,107966,0
7255,81267,32996,0
7256,73173,83145,0
7257,59539,4272,0
7258,114644,18235,0
7259,139251,147795,0
7260,41896,46197,0
7261,5698,122560,0
7262,6975,138704,0
7263,143669,84492,0
7264,112971,152599,0
7265,81533,115264,0
7266,77448,56509,0
7267,127498,65376,0
7268,91408,26632,0
7269,131752,98266,0
7270,106879,154515,0
7271,148772,25030,0
7272,24342,108933,0
7273,150589,9287,0
7274,146835,92196,0
7275,112742,19236,0
7276,8549,31728,0
7277,137484,11832,0
7278,2903,77191,0
7279,138021,93515,0
7280,80105,124556,0
7281,127938,114489,0
7282,19883,2766,0
7283,1882,36717,0
7284,119142,73889,0
7285,9035,98567,0
7286,139535,1678,0
7287,38153,81398,0
7288,23413,109040,0
7289,125080,63641,0
7290,79429,87004,0
7291,68993,69668,0
7292,118312,49325,0
7293,90227,96286,0
7294,42502,114058,0
7295,70735,69456,0
7296,11614,16463,0
7297,1023,109505,0
7298,39450,66506,0
7299,80791,106703,0
7300,4415,77855,0
7301,84608,38064,0
7302,133688,150201,0
7303,107067,119627,0
7304,117918,19561,0
7305,141633,66492,0
7306,87500,17147,0
7307,92328,67564,0
7308,75894,71531,0
7309,152567,48850,0
7310,16757,140425,0
7311,128918,102646,0
7312,72675,73962,0
7313,24815,36454,0
7314,21136,16875,0
7315,134533,63212,0
7316,126833,130231,0
7317,148918,118454,0
7318,35603,4305,0
7319,147097,24874,0
7320,9927,102792,0
7321,83659,81251,0
7322,35485,92170,0
7323,23548,107112,0
7324,16815,52033,0
7325,1971,151535,0
7326,83812,55886,0
7327,128857,130255,0
7328,130653,19084,0
7329,138570,21133,0
7330,151200,26055,0
7331,47990,15683,0
7332,15928,75193,0
7333,93923,102258,0
7334,53943,50414,0
7335,119120,150492,0
7336,58396,146906,0
7337,149275,14403,0
7338,85784,69642,0
7339,28473,82689,0
7340,63456,51233,0
7341,112407,89841,0
7342,73039,78862,0
7343,23131,26735,0
7344,53357,70921,0
7345,127583,3337,0
7346,2340,18009,0
7347,99326,63738,0
7348,106884,2107,0
7349,60599,95363,0
7350,32753,90365,0
7351,135515,46325,0
7352,68208,41456,0
7353,69900,16229,0
7354,78929,45759,0
7355,43113,74746,0
7356,104118,96557,0
7357,95748,84100,0
7358,61923,111065,0
7359,97965,114891,0
7360,92006,36507,0
7361,17798,134943,0
7362,42642,101688,0
7363,43519,118581,0
7364,93448,51450,0
7365,136610,33300,0
7366,81942,8167,0
7367,43506,102221,0
7368,38478,44992,0
7369,119837,31478,0
7370,119791,52712,0
7371,106517,134380,0
7372,14875,85883,0
7373,68469,31651,0
7374,82674,7932,0
7375,61824,95558,0
7376,74460,19434,0
7377,82332,72385,0
7378,79706,92402,0
7379,107697,152636,0
7380,126029,110597,0
7381,29809,53765,0
7382,154859,35337,0
7383,89330,21652,0
7384,71351,45298,0
7385,148347,77308,0
7386,135214,2243,0
7387,120501,77874,0
7388,133,49964,0
7389,49691,116124,0
7390,17046,134334,0
7391,99882,76270,0
7392,99697,124431,0
7393,140733,132745,0
7394,33980,42582,0
7395,116849,16492,0
7396,142158,124026,0
7397,129801,121708,0
7398,149820,13995,0
7399,38270,71728,0
7400,25714,74789,0
7401,38727,100907,0
7402,51054,111154,0
7403,151847,4845,0
7404,128697,89635,0
7405,47473,136046,0
7406,152293,17165,0
7407,123673,102734,0
7408,47996,27005,0
7409,78938,150609,0
7410,87219,92271,0
7411,140967,87837,0
7412,24163,86677,0
7413,12066,115413,0
7414,82504,19402,0
7415,147453,76401,0
7416,37993,5215,0
7417,24609,147014,0
7418,20858,53226,0
7419,115105,149541,0
7420,69559,24534,0
7421,7163,78774,0
7422,29700,12309,0
7423,5056,125892,0
7424,77683,123955,0
7425,41712,78207,0
7426,36743,91351,0
7427,17105,11777,0
7428,69656,23064,0
7429,141850,95346,0
7430,107327,137908,0
7431,12405,52792,0
7432,2045,10798,0
7433,43330,112430,0
7434,125948,150448,0
7435,153302,104061,0
7436,79961,72584,0
7437,54504,123526,0
7438,122680,126079,0
7439,44041,64409,0
7440,107416,38434,0
7441,106743,105811,0
7442,139251,38299,0
7443,50941,10787,0
7444,48250,33423,0
7445,108483,52191,0
7446,51985,81356,0
7447,46250,4119,0
7448,9199,116365,0
7449,76653,13185,0
7450,111455,64857,0
7451,101067,30915,0
7452,84490,32209,0
7453,92251,24433,0
7454,51206,70893,0
7455,32521,149594,0
7456,149988,100360,0
7457,26461,139430,0
7458,89646,24114,0
7459,151846,38396,0
7460,14595,138493,0
7461,151844,94153,0
7462,937,99749,0
7463,63191,22765,0
7464,27511,120160,0
7465,60745,78116,0
7466,16126,112265,0
7467,17595,51151,0
7468,29402,76235,0
7469,92553,137171,0
7470,153571,129396,0
7471,137847,47844,0
7472,32341,88730,0
7473,74355,54577,0
7474,80600,90132,0
7475,16401,115466,0
7476,44637,45824,0
7477,146934,1139,0
7478,75302,49861,0
7479,66500,67703,0
7480,65223,15425,0
7481,1355,10635,0
7482,95367,71977,0
7483,151360,81904,0
7484,61844,48308,0
7485,96406,131983,0
7486,60836,145786,0
7487,95803,44757,0
7488,65119,83918,0
7489,120700,80089,0
7490,33384,68699,0
7491,153074,154302,0
7492,72604,129383,0
7493,115534,75367,0
7494,141281,110501,0
7495,93125,132936,0
7496,95227,55425,0
7497,80814,21723,0
7498,43066,140762,0
7499,11606,110551,0
7500,143913,103432,0
7501,45798,46885,0
7502,16689,58912,0
7503,116510,138842,0
7504,96908,31059,0
7505,138792,140602,0
7506,59355,88019,0
7507,136671,148947,0
7508,40180,88827,0
7509,71147,121293,0
7510,96553,11616,0
7511,54017,8924,0
7512,90578,126412,0
7513,154154,92684,0
7514,99579,89504,0
7515,97292,84192,0
7516,151469,132025,0
7517,85656,38666,0
7518,100873,136321,0
7519,19005,31202,0
7520,134674,110360,0
7521,32410,3802,0
7522,144437,64015,0
7523,41144,154412,0
7524,40060,101064,0
7525,46104,63307,0
7526,44841,93384,0
7527,149881,56564,0
7528,103775,46821,0
7529,34993,36985,0
7530,149756,14629,0
7531,143316,126379,0
7532,28713,3396,0
7533,14934,117196,0
7534,128255,30252,0
7535,49617,139256,0
7536,13381,37053,0
7537,39217,64871,0
7538,147052,149978,0
7539,140493,79003,0
7540,111362,146214,0
7541,106006,98736,0
7542,123450,140049,0
7543,95565,97682,0
7544,83694,51140,0
7545,62886,25748,0
7546,9373,108715,0
7547,18049,60937,0
7548,92313,105362,0
7549,134633,127021,0
7550,136903,105939,0
7551,118084,897,0
7552,33832,52604,0
7553,50015,78581,0
7554,16953,16585,0
7555,19567,154593,0
7556,76569,31929,0
7557,127032,101496,0
7558,64557,105393,0
7559,60755,47184,0
7560,75031,5019,0
7561,120137,118867,0
7562,38665,27193,0
7563,39689,54232,0
7564,124727,41833,0
7565,112946,17931,0
7566,16886,149250,0
7567,104014,57515,0
7568,35342,81614,0
7569,108282,73914,0
7570,70632,105593,0
7571,64183,122218,0
7572,11318,63273,0
7573,97478,79657,0
7574,32877,88206,0
7575,122391,84223,0
7576,85022,139410,0
7577,17256,41867,0
7578,4918,97671,0
7579,140258,99722,0
7580,84279,36368,0
7581,105635,51215,0
7582,69210,74093,0
7583,84871,89487,0
7584,35726,68269,0
7585,46207,121750,0
7586,2695,17620,0
7587,72726,10392,0
7588,130563,4406,0
7589,110189,9337,0
7590,105615,151813,0
7591,30803,32207,0
7592,145249,30354,0
7593,150867,88385,0
7594,16471,139917,0
7595,78656,15061,0
7596,10373,2997,0
7597,78799,20141,0
7598,64883,129581,0
7599,9844,84677,0
7600,77024,122564,0
7601,15118,55501,0
7602,44027,1412,0
7603,131482,126391,0
7604,25901,84791,0
7605,116041,134183,0
7606,98204,24640,0
7607,35719,81944,0
7608,98110,18317,0
7609,14347,9113,0
7610,72908,47221,0
7611,68086,14560,0
7612,61915,116711,0
7613,98437,30968,0
7614,91275,57573,0
7615,74190,128782,0
7616,76329,79889,0
7617,118985,129103,0
7618,83779,138532,0
7619,130539,79853,0
7620,89376,131182,0
7621,36617,6289,0
7622,35683,54055,0
7623,59659,135239,0
7624,109658,70921,0
7625,84619,72334,0
7626,37120,75115,0
7627,62810,27142,0
7628,106934,112929,0
7629,54389,104584,0
7630,81122,118400,0
7631,115230,136703,0
7632,82981,18419,0
7633,35985,55638,0
7634,122968,100523,0
7635,2937,5418,0
7636,76759,125994,0
7637,56673,3767,0
7638,96918,108685,0
7639,122219,50938,0
7640,19215,61960,0
7641,88259,22314,0
7642,127961,114838,0
7643,146507,128517,0
7644,37448,136435,0
7645,148251,73135,0
7646,25006,40131,0
7647,49907,2621,0
7648,150171,70550,0
7649,19128,139208,0
7650,113375,1106,0
7651,122604,56583,0
7652,113173,63408,0
7653,60101,137223,0
7654,74226,152599,0
7655,129308,139768,0
7656,34006,138641,0
7657,14024,59066,0
7658,120289,25957,0
7659,153262,124006,0
7660,127237,1367,0
7661,80776,25460,0
7662,47528,115388,0
7663,84495,22250,0
7664,19266,36275,0
7665,6100,78924,0
7666,83722,15107,0
7667,60266,98044,0
7668,79346,23089,0
7669,114458,22607,0
7670,118749,143998,0
7671,47890,73877,0
7672,77393,45308,0
7673,78644,31569,0
7674,1217,16782,0
7675,39040,13885,0
7676,112237,105297,0
7677,115022,151265,0
7678,4356,49403,0
7679,95202,41607,0
7680,50806,9087,0
7681,4374,149517,0
7682,18619,34684,0
7683,126211,96357,0
7684,46630,152296,0
7685,68891,41997,0
7686,27762,111573,0
7687,108860,23072,0
7688,81047,6319,0
7689,92438,83258,0
7690,25547,132194,0
7691,46145,51412,0
7692,58145,21704,0
7693,23890,30596,0
7694,92266,22080,0
7695,98528,21024,0
7696,81549,71797,0
7697,65030,145761,0
7698,118821,129221,0
7699,95865,17698,0
7700,97418,147801,0
7701,149698,152997,0
7702,108145,42190,0
7703,134545,91866,0
7704,111553,9533,0
7705,3412,111095,0
7706,137747,91234,0
7707,53582,77736,0
7708,5203,143812,0
7709,88922,145427,0
7710,85865,59327,0
7711,92418,143820,0
7712,78195,138253,0
7713,13388,127041,0
7714,155192,65419,0
7715,147909,153499,0
7716,18842,108396,0
7717,15341,112883,0
7718,111435,147636,0
7719,128436,56854,0
7720,134050,141419,0
7721,99239,8857,0
7722,150466,75584,0
7723,148269,1402,0
7724,63973,135558,0
7725,69957,34880,0
7726,41922,153462,0
7727,24237,47242,0
7728,139971,39267,0
7729,53620,27297,0
7730,135736,83611,0
7731,93900,143493,0
7732,10978,20769,0
7733,149178,3896,0
7734,783,97250,0
7735,3665,129863,0
7736,29721,5602,0
7737,141356,127801,0
7738,141346,58141,0
7739,126577,151746,0
7740,32007,58675,0
7741,13434,127172,0
7742,109156,19411,0
7743,15232,99679,0
7744,1790,2244,0
7745,68279,52624,0
7746,109112,23143,0
7747,64475,81979,0
7748,54781,132596,0
7749,2635,19673,0
7750,65794,117082,0
7751,93660,153953,0
7752,26459,22799,0
7753,142214,149548,0
7754,55387,61339,0
7755,142000,58852,0
7756,92474,106628,0
7757,102039,146205,0
7758,123507,50240,0
7759,48807,103156,0
7760,30722,150515,0
7761,72195,10948,0
7762,96267,96505,0
7763,56218,103553,0
7764,82415,5805,0
7765,6126,113019,0
7766,147923,113408,0
7767,67348,16869,0
7768,8957,65338,0
7769,95877,92830,0
7770,5959,82955,0
7771,134672,93529,0
7772,49682,113204,0
7773,21731,29167,0
7774,142997,121807,0
7775,125230,46678,0
7776,55642,69860,0
7777,70280,134131,0
7778,102350,121987,0
7779,72990,151517,0
7780,20502,126134,0
7781,60510,83921,0
7782,90318,84042,0
7783,35750,9971,0
7784,1186,122039,0
7785,148422,65360,0
7786,70415,106959,0
7787,3412,28207,0
7788,75766,9429,0
7789,104709,80657,0
7790,99235,100631,0
7791,134596,39782,0
7792,100972,128733,0
7793,32324,138520,0
7794,108116,104290,0
7795,79966,112168,0
7796,71466,21121,0
7797,49503,56533,0
7798,133202,55821,0
7799,113942,61178,0
7800,105431,56714,0
7801,20755,118847,0
7802,30045,73438,0
7803,106274,143506,0
7804,61962,16558,0
7805,48427,10591,0
7806,24138,71058,0
7807,53421,76881,0
7808,55904,106863,0
7809,131604,151908,0
7810,44793,35722,0
7811,710,34550,0
7812,148547,111883,0
7813,133806,152041,0
7814,78904,53142,0
7815,129029,138346,0
7816,99590,116453,0
7817,35335,70837,0
7818,17104,28864,0
7819,9244,14106,0
7820,93382,118212,0
7821,121224,91659,0
7822,42151,98448,0
7823,11325,55504,0
7824,70269,56003,0
7825,143016,138712,0
7826,33948,58544,0
7827,96811,40191,0
7828,15000,151897,0
7829,56922,66710,0
7830,82539,15493,0
7831,45592,24103,0
7832,26211,113154,0
7833,152249,87696,0
7834,116327,128398,0
7835,102622,7673,0
7836,72697,60367,0
7837,103865,58847,0
7838,25764,77084,0
7839,102532,99695,0
7840,8519,90055,0
7841,77568,39022,0
7842,69210,1307,0
7843,19575,37177,0
7844,2726,26267,0
7845,40880,122384,0
7846,51531,118269,0
7847,128916,89220,0
7848,115112,124886,0
7849,108059,132000,0
7850,26884,135872,0
7851,121222,100264,0
7852,152906,35390,0
7853,57617,45275,0
7854,107086,102143,0
7855,36253,62483,0
7856,132314,1853,0
7857,149066,112754,0
7858,133943,62082,0
7859,89348,51755,0
7860,82484,86502,0
7861,13907,73911,0
7862,20829,53325,0
7863,11272,98049,0
7864,57559,11207,0
7865,77210,141544,0
7866,121351,110932,0
7867,113434,5539,0
7868,127609,133641,0
7869,71777,61837,0
7870,105847,88381,0
7871,140615,95714,0
7872,143050,145856,0
7873,56571,84670,0
7874,137781,154782,0
7875,131929,89481,0
7876,111175,148243,0
7877,114092,116082,0
7878,44557,98498,0
7879,105582,55896,0
7880,72989,71708,0
7881,21857,128336,0
7882,16904,75945,0
7883,68511,7393,0
7884,14994,25375,0
7885,150959,73684,0
7886,88478,83719,0
7887,114393,99292,0
7888,122527,39972,0
7889,625,65445,0
7890,119884,55080,0
7891,16572,98986,0
7892,87547,104677,0
7893,67671,143673,0
7894,44518,84457,0
7895,557,70128,0
7896,89567,146076,0
7897,50868,117276,0
7898,74413,126855,0
7899,34950,122868,0
7900,100762,66235,0
7901,24595,147666,0
7902,46914,42182,0
7903,30778,151028,0
7904,92780,117688,0
7905,154338,101406,0
7906,138569,75549,0
7907,64783,127404,0
7908,126564,23289,0
7909,97060,126439,0
7910,100562,116120,0
7911,98389,97786,0
7912,144708,86731,0
7913,79260,93136,0
7914,38143,99545,0
7915,67560,100940,0
7916,106239,132387,0
7917,42959,74892,0
7918,91418,76952,0
7919,138840,110694,0
7920,122065,139816,0
7921,5802,134603,0
7922,28682,81337,0
7923,40282,12422,0
7924,28389,125860,0
7925,109457,1585,0
7926,68402,62155,0
7927,154445,109735,0
7928,75535,122338,0
7929,22786,40040,0
7930,144208,15101,0
7931,4852,65997,0
7932,1205,90129,0
7933,145375,57754,0
7934,60136,99748,0
7935,112826,140273,0
7936,90155,2411,0
7937,103625,56557,0
7938,40013,72638,0
7939,4614,65757,0
7940,46520,107823,0
7941,90246,69070,0
7942,64059,154911,0
7943,112829,101859,0
7944,103271,66023,0
7945,19807,132114,0
7946,54797,3825,0
7947,15240,152806,0
7948,47157,139010,0
7949,13418,80404,0
7950,127524,99373,0
7951,44401,38942,0
7952,154327,16936,0
7953,54937,56726,0
7954,143377,107409,0
7955,141378,137190,0
7956,863,105397,0
7957,96706,48525,0
7958,70100,76059,0
7959,110952,68503,0
7960,17781,83671,0
7961,140084,136926,0
7962,96152,35060,0
7963,31117,64037,0
7964,144413,68302,0
7965,107138,100141,0
7966,57851,109334,0
7967,53539,107785,0
7968,18473,3792,0
7969,6894,13540,0
7970,103811,87584,0
7971,107173,139195,0
7972,88774,57612,0
7973,45645,78323,0
7974,107580,67804,0
7975,41715,106907,0
7976,8814,148811,0
7977,24856,18717,0
7978,107805,129588,0
7979,6019,70105,0
7980,115554,86438,0
7981,132512,131525,0
7982,130635,78395,0
7983,143559,45966,0
7984,105805,67966,0
7985,82677,83751,0
7986,79828,59454,0
7987,44785,18359,0
7988,135733,93819,0
7989,69465,67039,0
7990,66541,91422,0
7991,38062,3067,0
7992,143312,59714,0
7993,130782,42892,0
7994,84752,91911,0
7995,121925,30230,0
7996,34586,66665,0
7997,139631,82702,0
7998,15785,73756,0
7999,148450,93835,0
8000,29370,43749,0
8001,22290,136283,0
8002,81333,22518,0
8003,107359,44609,0
8004,95208,154270,0
8005,113026,76897,0
8006,9979,109340,0
8007,149202,76121,0
8008,45404,29437,0
8009,97120,639,0
8010,52636,12165,0
8011,145584,67182,0
8012,133877,116257,0
8013,52085,112718,0
8014,19264,17319,0
8015,65455,80524,0
8016,99736,69739,0
8017,47699,4155,0
8018,3365,26339,0
8019,47941,127333,0
8020,26648,39678,0
8021,95590,17223,0
8022,25949,144128,0
8023,20683,80703,0
8024,115330,150901,0
8025,64141,143346,0
8026,130765,111615,0
8027,104042,108397,0
8028,37793,119255,0
8029,69690,27893,0
8030,100097,77119,0
8031,148086,96834,0
8032,111262,60108,0
8033,108777,94326,0
8034,62185,18094,0
8035,114487,54981,0
8036,143203,132574,0
8037,67764,102798,0
8038,110417,139404,0
8039,34621,58863,0
8040,32,120556,0
8041,116814,2008,0
8042,61643,144073,0
8043,94461,15654,0
8044,73443,27728,0
8045,1382,76707,0
8046,74890,65010,0
8047,89278,88982,0
8048,26837,21616,0
8049,46545,151494,0
8050,122479,148331,0
8051,97446,38452,0
8052,98270,8634,0
8053,37663,32240,0
8054,82071,139285,0
8055,99762,26901,0
8056,105887,130173,0
8057,2029,143498,0
8058,70919,142901,0
8059,123654,129515,0
8060,5971,28170,0
8061,133402,135843,0
8062,118464,149894,0
8063,154389,54158,0
8064,111396,22162,0
8065,117936,89850,0
8066,95500,114066,0
8067,122934,30786,0
8068,62615,131228,0
8069,69248,89958,0
8070,124684,14256,0
8071,121153,135304,0
8072,48006,115910,0
8073,38177,82096,0
8074,124419,23192,0
8075,92532,54421,0
8076,71225,30477,0
8077,103251,30751,0
8078,119893,10333,0
8079,128248,12815,0
8080,97008,146866,0
8081,42753,100060,0
8082,135540,152555,0
8083,77149,10948,0
8084,121398,1985,0
8085,31921,6234,0
8086,23728,118689,0
8087,3110,106001,0
8088,2334,50839,0
8089,142125,58476,0
8090,12229,124559,0
8091,17553,74324,0
8092,150227,137596,0
8093,132509,112434,0
8094,101815,82976,0
8095,16167,65851,0
8096,30858,50371,0
8097,100051,18648,0
8098,131630,89712,0
8099,77831,68380,0
8100,93390,15268,0
8101,88884,32867,0
8102,68228,107067,0
8103,95636,52809,0
8104,125026,113847,0
8105,149317,60985,0
8106,66239,76342,0
8107,48054,115869,0
8108,123313,56504,0
8109,132248,28938,0
8110,38087,57568,0
8111,107613,17632,0
8112,38353,85843,0
8113,52100,76754,0
8114,146271,52929,0
8115,3486,147484,0
8116,80895,35959,0
8117,143554,103301,0
8118,105000,87465,0
8119,38412,61214,0
8120,75052,58324,0
8121,52456,131337,0
8122,98569,29176,0
8123,18780,16041,0
8124,14762,144927,0
8125,60978,146894,0
8126,57319,142411,0
8127,58408,74897,0
8128,152771,63966,0
8129,89709,34432,0
8130,46333,151201,0
8131,29664,128191,0
8132,54924,56827,0
8133,2517,73099,0
8134,122529,144314,0
8135,90464,55803,0
8136,52575,9616,0
8137,63348,37840,0
8138,99830,124581,0
8139,61038,100990,0
8140,144069,30228,0
8141,24595,153381,0
8142,151279,33938,0
8143,67368,56067,0
8144,142906,98934,0
8145,44209,101433,0
8146,49846,116158,0
8147,43336,114379,0
8148,20908,28701,0
8149,74882,134099,0
8150,72955,120597,0
8151,110094,1823,0
8152,97853,76335,0
8153,69250,96025,0
8154,138378,140221,0
8155,119651,58757,0
8156,27069,125473,0
8157,110022,42795,0
8158,127396,93313,0
8159,40716,18969,0
8160,18697,23541,0
8161,7003,127257,0
8162,110263,6698,0
8163,59134,59481,0
8164,44056,112004,0
8165,119934,82133,0
8166,16562,51999,0
8167,105646,93050,0
8168,58431,82748,0
8169,84700,129608,0
8170,69277,93214,0
8171,137958,136301,0
8172,59151,70733,0
8173,4021,147264,0
8174,136482,62662,0
8175,77827,134939,0
8176,124362,114569,0
8177,144870,19674,0
8178,38355,99433,0
8179,151637,128478,0
8180,123015,122780,0
8181,123669,44986,0
8182,113628,125193,0
8183,87255,13985,0
8184,154878,147017,0
8185,79567,1940,0
8186,25928,11805,0
8187,127725,53440,0
8188,14003,123519,0
8189,20231,29125,0
8190,35602,52922,0
8191,95161,94307,0
8192,147986,114552,0
8193,110972,50610,0
8194,120985,23023,0
8195,125290,64500,0
8196,148683,150214,0
8197,36249,75836,0
8198,125236,92189,0
8199,106203,152085,0
8200,30788,94659,0
8201,4629,7654,0
8202,49354,14907,0
8203,139088,44396,0
8204,10864,81751,0
8205,125039,124260,0
8206,26989,136163,0
8207,87220,70569,0
8208,4870,109581,0
8209,8160,112125,0
8210,138843,30497,0
8211,95238,23530,0
8212,4857,1099,0
8213,14383,126571,0
8214,51907,132559,0
8215,123299,121595,0
8216,73557,124849,0
8217,90160,101899,0
8218,87047,72216,0
8219,143866,136471,0
8220,131971,144213,0
8221,80309,75978,0
8222,86746,111108,0
8223,47880,982,0
8224,40304,104729,0
8225,150548,2818,0
8226,70075,126815,0
8227,59668,22999,0
8228,93657,125720,0
8229,64866,53578,0
8230,94918,49285,0
8231,110814,57005,0
8232,19032,135902,0
8233,78919,133159,0
8234,143177,50213,0
8235,148622,149640,0
8236,93277,134137,0
8237,47936,113247,0
8238,40881,80016,0
8239,65784,31926,0
8240,17513,29636,0
8241,116943,107723,0
8242,22685,1078,0
8243,84213,18781,0
8244,14751,131936,0
8245,86947,62641,0
8246,99193,67250,0
8247,77087,20387,0
8248,62551,128615,0
8249,126398,75916,0
8250,154556,62723,0
8251,108348,50526,0
8252,83742,75602,0
8253,27482,5425,0
8254,52910,76004,0
8255,129957,90535,0
8256,97415,58531,0
8257,97475,25970,0
8258,149588,917,0
8259,63352,62763,0
8260,38147,122316,0
8261,92750,125511,0
8262,118717,107654,0
8263,25130,62951,0
8264,131851,98657,0
8265,95616,128687,0
8266,24503,132243,0
8267,29238,2493,0
8268,34816,81832,0
8269,85710,150821,0
8270,122626,1120,0
8271,149422,117248,0
8272,102535,81758,0
8273,12515,108969,0
8274,80022,149789,0
8275,135244,70099,0
8276,141363,55956,0
8277,6697,116125,0
8278,104491,54254,0
8279,88957,62926,0
8280,38156,123900,0
8281,21206,12516,0
8282,86861,41097,0
8283,66211,12885,0
8284,129812,126193,0
8285,152754,95381,0
8286,118957,53808,0
8287,84517,92861,0
8288,28919,88742,0
8289,133821,97163,0
8290,9293,20416,0
8291,86395,65640,0
8292,37647,88996,0
8293,124563,93454,0
8294,80504,676,0
8295,44811,5272,0
8296,24888,3158,0
8297,89032,34902,0
8298,149698,45809,0
8299,40198,29909,0
8300,37510,148509,0
8301,50901,69850,0
8302,129501,91749,0
8303,114340,1856,0
8304,154855,106329,0
8305,117152,8846,0
8306,154259,79240,0
8307,51070,22,0
8308,114314,101184,0
8309,144336,80573,0
8310,140692,144718,0
8311,24653,105246,0
8312,83440,87758,0
8313,137729,7524,0
8314,21935,63332,0
8315,132611,18484,0
8316,132247,41111,0
8317,19264,105603,0
8318,140444,92456,0
8319,43450,9987,0
8320,114797,115526,0
8321,83871,72880,0
8322,38256,102025,0
8323,32830,3156,0
8324,152403,126838,0
8325,8096,119747,0
8326,95324,3052,0
8327,108066,4321,0
8328,129062,56743,0
8329,36948,136329,0
8330,129854,154616,0
8331,826,57089,0
8332,62308,38921,0
8333,143125,2274,0
8334,113560,100954,0
8335,16209,82759,0
8336,86487,73130,0
8337,35667,123747,0
8338,32790,50288,0
8339,120343,150324,0
8340,14919,29748,0
8341,68789,89843,0
8342,51675,70571,0
8343,137560,68970,0
8344,154683,91017,0
8345,8635,32348,0
8346,32419,154591,0
8347,65832,62496,0
8348,43502,113226,0
8349,99329,107871,0
8350,114641,14264,0
8351,110311,127843,0
8352,53947,134188,0
8353,46890,9156,0
8354,48453,29353,0
8355,31485,89169,0
8356,86958,8094,0
8357,9925,113834,0
8358,127542,38452,0
8359,77907,3203,0
8360,123743,94771,0
8361,15191,15412,0
8362,27329,39750,0
8363,11874,67621,0
8364,116727,26719,0
8365,107834,46149,0
8366,77474,9885,0
8367,144529,116256,0
8368,43941,119441,0
8369,17997,24400,0
8370,44230,117217,0
8371,129892,136005,0
8372,36597,69103,0
8373,92866,3086,0
8374,96598,90055,0
8375,61166,100694,0
8376,2361,56066,0
8377,122083,54339,0
8378,112911,69603,0
8379,140645,15439,0
8380,152850,54499,0
8381,76190,6848,0
8382,110363,123478,0
8383,92386,145193,0
8384,51737,68116,0
8385,75714,119982,0
8386,114939,37959,0
8387,104153,74546,0
8388,73498,152992,0
8389,100013,126057,0
8390,104039,142833,0
8391,24595,9798,0
8392,39907,14170,0
8393,31999,49821,0
8394,112825,148425,0
8395,53933,87587,0
8396,92793,140552,0
8397,79750,134334,0
8398,98988,67252,0
8399,139171,77604,0
8400,69175,43598,0
8401,97996,130343,0
8402,113078,40657,0
8403,142822,72394,0
8404,140265,38448,0
8405,122965,30481,0
8406,19418,27391,0
8407,129466,94690,0
8408,45634,41480,0
8409,60366,87652,0
8410,94728,136618,0
8411,31774,84840,0
8412,40118,80131,0
8413,58795,148165,0
8414,7347,45906,0
8415,93706,112519,0
8416,144197,12373,0
8417,125292,136176,0
8418,7628,144447,0
8419,116803,153808,0
8420,60418,114844,0
8421,115518,98020,0
8422,134753,148995,0
8423,44226,58052,0
8424,139908,118430,0
8425,74108,8611,0
8426,91476,9213,0
8427,34594,11838,0
8428,25974,58592,0
8429,46031,144934,0
8430,60475,28737,0
8431,2082,917,0
8432,54148,11913,0
8433,120956,145655,0
8434,29598,58656,0
8435,134920,137710,0
8436,110016,23843,0
8437,145504,104000,0
8438,132827,51498,0
8439,31283,72061,0
8440,24081,80875,0
8441,138546,20485,0
8442,101782,130370,0
8443,52512,115528,0
8444,76165,128848,0
8445,78064,46258,0
8446,98263,108667,0
8447,59400,9847,0
8448,32792,140799,0
8449,154390,128551,0
8450,34047,38897,0
8451,70013,13338,0
8452,106872,84858,0
8453,102302,82836,0
8454,38683,147659,0
8455,115965,97102,0
8456,150969,81602,0
8457,30493,110805,0
8458,141384,65589,0
8459,104140,97955,0
8460,73961,120918,0
8461,20586,121528,0
8462,51952,152138,0
8463,116877,96641,0
8464,21230,100891,0
8465,41124,98049,0
8466,79784,12060,0
8467,72594,132549,0
8468,148124,119370,0
8469,143982,86277,0
8470,38000,148608,0
8471,80744,102766,0
8472,153865,25520,0
8473,117936,87761,0
8474,56567,564,0
8475,71481,75190,0
8476,6595,141823,0
8477,77988,32274,0
8478,73802,49441,0
8479,28890,92535,0
8480,46912,74373,0
8481,55136,99238,0
8482,35713,75059,0
8483,88204,98284,0
8484,106940,57469,0
8485,71752,78414,0
8486,40914,67693,0
8487,57496,13835,0
8488,109896,119001,0
8489,18254,122487,0
8490,119019,117125,0
8491,91028,65808,0
8492,66186,49713,0
8493,93450,107017,0
8494,23907,8761,0
8495,95636,35616,0
8496,142630,1093,0
8497,141765,7579,0
8498,24690,70024,0
8499,69129,98212,0
8500,93179,104031,0
8501,108786,147313,0
8502,110756,60391,0
8503,11580,13139,0
8504,89177,122581,0
8505,10898,78984,0
8506,36514,124458,0
8507,143154,133616,0
8508,93049,87391,0
8509,86517,86779,0
8510,130002,6253,0
8511,114951,63784,0
8512,117963,69854,0
8513,143930,20182,0
8514,135571,96428,0
8515,41518,47562,0
8516,127858,44108,0
8517,40938,7649,0
8518,56026,116925,0
8519,79612,110310,0
8520,79295,6428,0
8521,135662,7036,0
8522,147206,103028,0
8523,37410,132831,0
8524,28673,38640,0
8525,127184,127008,0
8526,12279,76432,0
8527,17215,130630,0
8528,114601,46414,0
8529,74056,64901,0
8530,134726,32710,0
8531,58276,36837,0
8532,1432,54979,0
8533,65248,27663,0
8534,92043,154672,0
8535,145126,14188,0
8536,118111,70384,0
8537,83641,53500,0
8538,146390,42888,0
8539,154231,80450,0
8540,77229,26502,0
8541,16552,6363,0
8542,142240,82460,0
8543,43498,113541,0
8544,112528,131635,0
8545,7868,61140,0
8546,85568,46299,0
8547,93999,17361,0
8548,19547,141820,0
8549,42421,30221,0
8550,153201,110574,0
8551,23878,10353,0
8552,71037,91927,0
8553,117889,74808,0
8554,136643,30140,0
8555,65466,86528,0
8556,129655,33644,0
8557,5926,118881,0
8558,148096,120008,0
8559,51286,141445,0
8560,23971,133623,0
8561,19480,146041,0
8562,88564,34781,0
8563,30694,100940,0
8564,29973,85648,0
8565,122943,113314,0
8566,35278,1776,0
8567,107779,116354,0
8568,131790,115412,0
8569,73930,8567,0
8570,35254,108331,0
8571,119012,113812,0
8572,16507,4327,0
8573,61870,150295,0
8574,136966,76160,0
8575,140604,33141,0
8576,4863,34101,0
8577,140190,80619,0
8578,111564,70515,0
8579,68757,41734,0
8580,28961,40588,0
8581,32244,10022,0
8582,126902,29993,0
8583,17491,110357,0
8584,46037,49802,0
8585,153013,40677,0
8586,136200,40800,0
8587,84157,118425,0
8588,15225,15287,0
8589,117376,36073,0
8590,143848,5597,0
8591,14456,84659,0
8592,138991,124746,0
8593,53428,82085,0
8594,58540,129883,0
8595,46031,83915,0
8596,60411,76173,0
8597,13079,76826,0
8598,126181,121338,0
8599,20752,33834,0
8600,81447,105181,0
8601,97907,62271,0
8602,45829,80634,0
8603,108138,77114,0
8604,138668,86843,0
8605,127413,60497,0
8606,47201,78006,0
8607,79197,100619,0
8608,98876,124994,0
8609,84478,106787,0
8610,40372,17921,0
8611,77997,74353,0
8612,143142,44117,0
8613,87939,55261,0
8614,13788,113565,0
8615,106432,14755,0
8616,127624,119793,0
8617,83333,136595,0
8618,7563,86074,0
8619,74859,25116,0
8620,51618,78751,0
8621,152251,61710,0
8622,151659,19902,0
8623,147315,101407,0
8624,26797,23875,0
8625,62268,130576,0
8626,62530,59155,0
8627,76985,29929,0
8628,131628,129977,0
8629,69214,91934,0
8630,24781,112693,0
8631,134601,110245,0
8632,114258,132387,0
8633,61711,59201,0
8634,10917,15339,0
8635,112928,96664,0
8636,21068,88465,0
8637,79705,109281,0
8638,13017,116673,0
8639,129341,108093,0
8640,13809,97193,0
8641,149960,3064,0
8642,122573,11493,0
8643,133591,143454,0
8644,6726,34531,0
8645,123221,87637,0
8646,92714,121189,0
8647,88743,79360,0
8648,71670,95437,0
8649,48789,100448,0
8650,103228,113222,0
8651,25055,119895,0
8652,50447,4557,0
8653,17661,71091,0
8654,126524,25239,0
8655,53210,140904,0
8656,104736,26460,0
8657,154320,127769,0
8658,63080,131206,0
8659,98502,150883,0
8660,134346,129670,0
8661,88484,11069,0
8662,24779,153561,0
8663,70435,43993,0
8664,60126,74451,0
8665,39314,115058,0
8666,122470,78059,0
8667,576,126156,0
8668,44422,116912,0
8669,41511,67391,0
8670,36063,146447,0
8671,130670,30535,0
8672,138849,151186,0
8673,109796,29847,0
8674,135954,99412,0
8675,46251,41606,0
8676,98335,34225,0
8677,78086,89116,0
8678,11293,55126,0
8679,2068,42608,0
8680,112691,71061,0
8681,125587,96674,0
8682,66901,125198,0
8683,116781,2411,0
8684,64350,113285,0
8685,120055,73301,0
8686,83783,145032,0
8687,86083,72099,0
8688,137968,134102,0
8689,142008,45,0
8690,67943,109386,0
8691,55035,135159,0
8692,118217,12055,0
8693,102214,25882,0
8694,18769,133220,0
8695,107159,56006,0
8696,37726,90721,0
8697,138564,11324,0
8698,76542,7804,0
8699,79750,37658,0
8700,68493,96344,0
8701,26702,90352,0
8702,78984,7657,0
8703,99330,130010,0
8704,119853,138195,0
8705,67946,109237,0
8706,22890,108342,0
8707,26728,70227,0
8708,153066,35788,0
8709,50651,60368,0
8710,88451,37118,0
8711,115458,95191,0
8712,104710,39851,0
8713,111667,48688,0
8714,128282,141291,0
8715,76019,128171,0
8716,107117,72329,0
8717,144281,66089,0
8718,77444,138528,0
8719,63764,82245,0
8720,95110,147236,0
8721,58909,54790,0
8722,47832,107049,0
8723,91576,68350,0
8724,112040,10288,0
8725,31472,146822,0
8726,129534,124673,0
8727,23136,89789,0
8728,61968,143675,0
8729,46804,107209,0
8730,103919,32612,0
8731,707,102785,0
8732,149456,35552,0
8733,36713,150986,0
8734,96512,24483,0
8735,26839,127203,0
8736,48539,132706,0
8737,132396,31673,0
8738,59689,109642,0
8739,121000,4787,0
8740,27483,99773,0
8741,15619,61378,0
8742,16000,68906,0
8743,147986,115206,0
8744,19693,134786,0
8745,149082,86587,0
8746,81597,75259,0
8747,78252,147924,0
8748,2431,90842,0
8749,147699,886,0
8750,72154,71366,0
8751,41707,74865,0
8752,104043,4997,0
8753,121040,69841,0
8754,138112,110877,0
8755,130303,150895,0
8756,78977,125409,0
8757,13121,17030,0
8758,18796,80487,0
8759,86040,12461,0
8760,154917,52736,0
8761,124119,124285,0
8762,128883,121062,0
8763,9369,79902,0
8764,101781,153302,0
8765,136631,7118,0
8766,35309,15252,0
8767,122080,32190,0
8768,72897,129969,0
8769,90934,7209,0
8770,110223,44540,0
8771,101928,104863,0
8772,119950,125998,0
8773,25832,23010,0
8774,22273,146059,0
8775,128942,144464,0
8776,4030,93247,0
8777,127658,123520,0
8778,96156,141649,0
8779,20617,18487,0
8780,56763,73043,0
8781,49678,130020,0
8782,69332,94902,0
8783,32045,505,0
8784,144910,54792,0
8785,64238,84811,0
8786,25086,92577,0
8787,86976,112398,0
8788,138551,50588,0
8789,119159,134931,0
8790,61632,59201,0
8791,114437,122141,0
8792,26700,4606,0
8793,146720,95222,0
8794,62702,68981,0
8795,127981,149776,0
8796,49312,38082,0
8797,55973,21005,0
8798,132954,67789,0
8799,100791,134970,0
8800,108268,74045,0
8801,13863,142331,0
8802,129332,89419,0
8803,6076,117590,0
8804,46799,33798,0
8805,17552,114936,0
8806,48759,150192,0
8807,104229,41729,0
8808,20550,139349,0
8809,68758,47957,0
8810,7291,142412,0
8811,81177,26688,0
8812,75120,91332,0
8813,29735,21216,0
8814,77545,91697,0
8815,48843,102051,0
8816,61290,130243,0
8817,44953,135523,0
8818,42720,148995,0
8819,102392,106749,0
8820,90933,133881,0
8821,3193,148630,0
8822,130340,34241,0
8823,111325,65888,0
8824,4573,11867,0
8825,15031,149398,0
8826,127772,116206,0
8827,43661,81382,0
8828,27192,14235,0
8829,127028,98600,0
8830,30220,43379,0
8831,38131,115598,0
8832,53723,2097,0
8833,136228,84674,0
8834,114226,70608,0
8835,113998,23366,0
8836,31380,132351,0
8837,24819,20518,0
8838,126733,76219,0
8839,9927,94856,0
8840,87944,85800,0
8841,146035,145318,0
8842,12085,152595,0
8843,141309,118138,0
8844,87228,133976,0
8845,128978,123028,0
8846,139489,7015,0
8847,74224,68609,0
8848,65510,11975,0
8849,7779,79506,0
8850,113673,141398,0
8851,91934,116948,0
8852,128473,75849,0
8853,154948,135846,0
8854,45667,35981,0
8855,94017,66971,0
8856,71656,147742,0
8857,46896,53114,0
8858,150234,22309,0
8859,65477,104425,0
8860,112170,46531,0
8861,128856,105202,0
8862,79246,30004,0
8863,117893,68975,0
8864,71768,40933,0
8865,92622,127887,0
8866,47651,121050,0
8867,113977,15463,0
8868,63851,119169,0
8869,35345,76957,0
8870,46864,67823,0
8871,104991,56798,0
8872,143754,135341,0
8873,23883,99506,0
8874,5070,21216,0
8875,27771,135993,0
8876,127711,42682,0
8877,5514,28284,0
8878,145958,96580,0
8879,57702,119011,0
8880,38225,126345,0
8881,139864,84251,0
8882,121541,26362,0
8883,144442,28925,0
8884,108106,92787,0
8885,82866,87571,0
8886,48942,146306,0
8887,118433,32811,0
8888,47640,149826,0
8889,130434,155189,0
8890,101436,136658,0
8891,86322,63163,0
8892,63485,70779,0
8893,45599,130997,0
8894,69066,4132,0
8895,34366,46275,0
8896,39008,128053,0
8897,20847,72418,0
8898,47268,46889,0
8899,17794,135363,0
8900,59498,25980,0
8901,10352,35024,0
8902,97696,39550,0
8903,59200,25986,0
8904,31799,144074,0
8905,131839,130474,0
8906,101378,50523,0
8907,31669,80264,0
8908,101297,70523,0
8909,122270,30755,0
8910,1013,4601,0
8911,4748,17147,0
8912,66096,37378,0
8913,108348,109559,0
8914,128178,49585,0
8915,101070,120119,0
8916,91056,18662,0
8917,86465,10143,0
8918,120713,5726,0
8919,22818,71076,0
8920,136359,22207,0
8921,71445,85161,0
8922,107773,42145,0
8923,49919,94271,0
8924,68687,132802,0
8925,121964,74978,0
8926,18366,59633,0
8927,153272,149331,0
8928,69983,104192,0
8929,59835,110479,0
8930,146163,116549,0
8931,60745,69,0
8932,56341,132638,0
8933,144140,145995,0
8934,134749,118110,0
8935,3182,41335,0
8936,128836,122952,0
8937,30830,31725,0
8938,97755,79610,0
8939,228,61512,0
8940,147498,121247,0
8941,21982,94803,0
8942,29112,118477,0
8943,133229,49693,0
8944,75188,126312,0
8945,40804,62265,0
8946,19559,87030,0
8947,43884,30668,0
8948,59024,30543,0
8949,126472,22316,0
8950,45159,137985,0
8951,32341,29316,0
8952,61611,9894,0
8953,65050,33587,0
8954,138986,57677,0
8955,23104,123290,0
8956,31524,82937,0
8957,135463,89994,0
8958,5938,66332,0
8959,69612,13994,0
8960,83779,110773,0
8961,128379,1479,0
8962,128951,98410,0
8963,32823,125302,0
8964,82919,11379,0
8965,76944,91321,0
8966,101851,60922,0
8967,95335,10661,0
8968,147056,56232,0
8969,63109,15381,0
8970,141435,133414,0
8971,39324,124943,0
8972,150349,113421,0
8973,91305,73537,0
8974,14991,31214,0
8975,43716,66574,0
8976,120217,35082,0
8977,39417,89496,0
8978,139421,52560,0
8979,31012,153203,0
8980,138550,61393,0
8981,78735,120988,0
8982,52558,75266,0
8983,48431,136925,0
8984,102802,126462,0
8985,135890,35026,0
8986,94332,48269,0
8987,44130,29833,0
8988,46744,62002,0
8989,132666,147385,0
8990,124643,36460,0
8991,95260,106572,0
8992,56017,150119,0
8993,68481,43393,0
8994,128285,109498,0
8995,147807,118074,0
8996,83042,74039,0
8997,131108,102288,0
8998,68435,111490,0
8999,110844,25960,0
9000,25251,100939,0
9001,99329,100118,0
9002,144662,33756,0
9003,38065,20446,0
9004,129116,71698,0
9005,21110,29273,0
9006,94342,109675,0
9007,12804,38080,0
9008,54275,154845,0
9009,30390,3481,0
9010,10587,26950,0
9011,130122,68331,0
9012,7815,14275,0
9013,110980,126623,0
9014,569,33975,0
9015,50816,27036,0
9016,13617,76562,0
9017,150300,4899,0
9018,65635,82686,0
9019,5741,97456,0
9020,43660,153509,0
9021,84169,5945,0
9022,108297,11339,0
9023,101689,16033,0
9024,74788,84384,0
9025,17287,110446,0
9026,16086,71921,0
9027,16031,132927,0
9028,146192,57435,0
9029,15606,12745,0
9030,94727,78558,0
9031,43290,99695,0
9032,91245,49937,0
9033,50976,62878,0
9034,65198,1588,0
9035,134816,45000,0
9036,75537,9827,0
9037,148157,146220,0
9038,111396,70839,0
9039,123852,35566,0
9040,60321,55416,0
9041,58408,69223,0
9042,102066,53829,0
9043,85836,151193,0
9044,46403,132538,0
9045,25235,126606,0
9046,95864,124770,0
9047,38727,75742,0
9048,8723,41484,0
9049,146821,54940,0
9050,133962,66609,0
9051,53662,56411,0
9052,152340,76760,0
9053,135057,24922,0
9054,33238,42953,0
9055,139940,65084,0
9056,70567,35674,0
9057,21957,95513,0
9058,93957,45228,0
9059,24204,126802,0
9060,121105,59213,0
9061,121606,110782,0
9062,88329,86381,0
9063,85097,27547,0
9064,56816,100975,0
9065,31977,124689,0
9066,111582,99545,0
9067,19097,45942,0
9068,4944,122447,0
9069,26365,12787,0
9070,136359,4544,0
9071,114939,113672,0
9072,6788,119758,0
9073,49743,41311,0
9074,97683,116557,0
9075,104278,64234,0
9076,66399,31411,0
9077,99708,116611,0
9078,34960,11400,0
9079,34100,103653,0
9080,67561,62446,0
9081,41792,27775,0
9082,9636,140889,0
9083,111099,53110,0
9084,152535,101118,0
9085,109935,10485,0
9086,43160,118260,0
9087,107088,39196,0
9088,113951,68924,0
9089,129208,84695,0
9090,39403,130044,0
9091,91598,83534,0
9092,6111,128920,0
9093,141678,66719,0
9094,139292,139883,0
9095,37844,12426,0
9096,103099,123628,0
9097,125236,45703,0
9098,24019,80550,0
9099,64690,35562,0
9100,104002,98764,0
9101,28980,114484,0
9102,66644,1038,0
9103,127192,136601,0
9104,140403,72256,0
9105,11066,109367,0
9106,149294,21577,0
9107,132654,46705,0
9108,107028,146993,0
9109,134599,88454,0
9110,61353,128714,0
9111,139644,52342,0
9112,126446,76188,0
9113,36930,133236,0
9114,32142,29601,0
9115,66097,94853,0
9116,102077,95316,0
9117,131370,152751,0
9118,31726,87508,0
9119,12960,98712,0
9120,73164,120742,0
9121,26697,6349,0
9122,147919,105091,0
9123,65998,123516,0
9124,22892,50629,0
9125,128978,40530,0
9126,17927,141262,0
9127,2101,135782,0
9128,100972,106275,0
9129,152192,149473,0
9130,18371,129203,0
9131,84090,37418,0
9132,123178,23918,0
9133,94169,71644,0
9134,16438,58699,0
9135,135305,95056,0
9136,39663,102675,0
9137,102151,38822,0
9138,33451,112929,0
9139,14159,77058,0
9140,30921,142140,0
9141,129849,51817,0
9142,75874,100240,0
9143,74110,88293,0
9144,19570,40003,0
9145,77940,58886,0
9146,12229,68272,0
9147,35519,43199,0
9148,2111,80071,0
9149,26525,102514,0
9150,61342,117887,0
9151,38852,14313,0
9152,128002,125065,0
9153,66549,82317,0
9154,129094,147693,0
9155,79196,68038,0
9156,58367,147026,0
9157,143398,84594,0
9158,6138,109792,0
9159,136873,95310,0
9160,149802,37229,0
9161,6796,46355,0
9162,71494,67808,0
9163,26988,15494,0
9164,48817,15543,0
9165,120272,151641,0
9166,21008,74345,0
9167,139066,93700,0
9168,15606,49681,0
9169,13104,93565,0
9170,64712,129965,0
9171,35538,154539,0
9172,131723,12480,0
9173,103683,14471,0
9174,27310,117200,0
9175,102560,127016,0
9176,155120,82955,0
9177,122695,39013,0
9178,98603,21969,0
9179,72789,55245,0
9180,134590,135561,0
9181,6124,54930,0
9182,144354,101126,0
9183,45586,131160,0
9184,34877,16604,0
9185,11674,15583,0
9186,11551,145950,0
9187,19373,66688,0
9188,58706,44002,0
9189,150322,124233,0
9190,60772,60562,0
9191,134036,39449,0
9192,153848,66632,0
9193,143267,52463,0
9194,123252,50026,0
9195,128462,75761,0
9196,48806,66701,0
9197,42428,16123,0
9198,8677,114507,0
9199,54924,101833,0
9200,36547,77416,0
9201,137742,78154,0
9202,4844,5965,0
9203,131598,92050,0
9204,21350,32478,0
9205,74619,141825,0
9206,59311,152667,0
9207,128129,19734,0
9208,49278,38448,0
9209,59262,53604,0
9210,48701,12325,0
9211,65370,5145,0
9212,118856,132668,0
9213,61837,81054,0
9214,26046,81070,0
9215,124747,129981,0
9216,68929,82902,0
9217,98678,118757,0
9218,42809,32143,0
9219,65409,104353,0
9220,86762,36354,0
9221,75308,75181,0
9222,15703,41639,0
9223,7087,143759,0
9224,38214,146994,0
9225,56956,134948,0
9226,79872,32812,0
9227,111528,6135,0
9228,57470,26649,0
9229,19125,40136,0
9230,124095,18037,0
9231,118579,37429,0
9232,58801,41458,0
9233,34331,81880,0
9234,79818,128671,0
9235,136888,138336,0
9236,152920,145938,0
9237,57542,98755,0
9238,12380,21481,0
9239,83672,77701,0
9240,38458,31189,0
9241,29478,85901,0
9242,23991,103229,0
9243,64195,24145,0
9244,153108,127510,0
9245,89228,14579,0
9246,129047,5924,0
9247,41783,7822,0
9248,76719,89976,0
9249,78424,146103,0
9250,132455,52010,0
9251,52462,77083,0
9252,127678,82984,0
9253,61034,57377,0
9254,56314,9716,0
9255,12491,121275,0
9256,131725,18367,0
9257,41442,98454,0
9258,66455,83046,0
9259,69334,121301,0
9260,10376,113071,0
9261,42365,69659,0
9262,94320,98682,0
9263,48571,81382,0
9264,98951,39829,0
9265,142863,60994,0
9266,2554,47299,0
9267,126960,73922,0
9268,76520,46424,0
9269,96501,41534,0
9270,59213,121896,0
9271,149503,45675,0
9272,114354,142276,0
9273,76116,19766,0
9274,120018,80590,0
9275,115186,147144,0
9276,88242,103842,0
9277,82117,42320,0
9278,123501,7213,0
9279,88467,84643,0
9280,90067,115704,0
9281,145463,17485,0
9282,36530,29956,0
9283,139251,50472,0
9284,100146,26521,0
9285,96553,75965,0
9286,101768,107062,0
9287,122651,61014,0
9288,78838,30123,0
9289,146579,104075,0
9290,18619,139933,0
9291,136743,85305,0
9292,80083,103355,0
9293,150428,77436,0
9294,35564,130450,0
9295,145024,106246,0
9296,149382,102897,0
9297,44691,85812,0
9298,86244,111702,0
9299,137916,52028,0
9300,13297,3451,0
9301,91760,13601,0
9302,104553,51452,0
9303,111199,138456,0
9304,86489,50338,0
9305,101081,112224,0
9306,84202,76891,0
9307,73693,26597,0
9308,57945,18377,0
9309,147258,123503,0
9310,103159,55549,0
9311,9478,141377,0
9312,98752,36077,0
9313,11082,87711,0
9314,10321,60024,0
9315,22921,151783,0
9316,167,17223,0
9317,8856,63227,0
9318,152797,46527,0
9319,66810,5547,0
9320,61745,136860,0
9321,68428,99431,0
9322,121281,142534,0
9323,27181,25642,0
9324,100163,99102,0
9325,154316,122387,0
9326,38098,126397,0
9327,105358,83784,0
9328,77696,136761,0
9329,121004,13965,0
9330,112555,13673,0
9331,45433,30427,0
9332,66083,115522,0
9333,78959,80447,0
9334,152989,136443,0
9335,81852,58049,0
9336,107114,19600,0
9337,41685,101996,0
9338,68279,74756,0
9339,52386,116243,0
9340,132455,152871,0
9341,46985,152846,0
9342,128967,113177,0
9343,2707,39073,0
9344,50787,65082,0
9345,14686,6596,0
9346,6390,85207,0
9347,3081,55525,0
9348,26250,44584,0
9349,42950,123206,0
9350,35763,48977,0
9351,97013,66053,0
9352,62801,91484,0
9353,57228,31475,0
9354,104709,130852,0
9355,46196,127088,0
9356,97469,135152,0
9357,7132,29805,0
9358,58123,52808,0
9359,96470,73684,0
9360,66863,35812,0
9361,60267,135627,0
9362,68423,90030,0
9363,101460,97339,0
9364,49454,87177,0
9365,46774,76592,0
9366,65133,84034,0
9367,74834,124605,0
9368,124910,54703,0
9369,76944,97157,0
9370,98080,72099,0
9371,17944,27036,0
9372,65632,109091,0
9373,28336,19262,0
9374,63485,129869,0
9375,84691,25520,0
9376,47431,150667,0
9377,130457,10714,0
9378,43265,142880,0
9379,26905,84564,0
9380,151684,97387,0
9381,134440,66973,0
9382,71098,49204,0
9383,77315,131187,0
9384,96795,134188,0
9385,22587,111458,0
9386,111332,124093,0
9387,79629,118363,0
9388,69240,83276,0
9389,64290,5397,0
9390,100449,153197,0
9391,138538,137429,0
9392,77300,57713,0
9393,18607,116385,0
9394,137312,56474,0
9395,119537,52932,0
9396,41317,19061,0
9397,63458,139817,0
9398,65666,73603,0
9399,47399,53456,0
9400,99022,3948,0
9401,72221,127627,0
9402,114274,19019,0
9403,133035,113866,0
9404,19554,11729,0
9405,40653,38298,0
9406,68801,120651,0
9407,48354,70916,0
9408,54150,72029,0
9409,92203,150480,0
9410,130994,119905,0
9411,148152,43557,0
9412,106378,87472,0
9413,100422,22060,0
9414,59273,132486,0
9415,13028,100265,0
9416,85041,111050,0
9417,152396,89363,0
9418,140289,136791,0
9419,83908,139926,0
9420,13150,108208,0
9421,69232,110671,0
9422,63814,69577,0
9423,145350,102725,0
9424,149589,133448,0
9425,5970,10233,0
9426,67008,84005,0
9427,73504,42335,0
9428,66403,19446,0
9429,137572,142510,0
9430,44242,68865,0
9431,8862,40301,0
9432,60092,78586,0
9433,146997,64963,0
9434,61395,79835,0
9435,51826,84527,0
9436,127466,110785,0
9437,32594,40809,0
9438,141446,137434,0
9439,66321,19258,0
9440,133672,60064,0
9441,28232,90320,0
9442,20876,120140,0
9443,120627,66903,0
9444,137170,49789,0
9445,13444,123606,0
9446,47842,16981,0
9447,152761,149594,0
9448,18918,146205,0
9449,128611,8482,0
9450,31876,86114,0
9451,115997,52579,0
9452,34050,3036,0
9453,60910,120764,0
9454,112763,78170,0
9455,49909,93261,0
9456,33372,118208,0
9457,103433,106117,0
9458,25497,114774,0
9459,147868,78451,0
9460,91109,138078,0
9461,59925,134332,0
9462,147278,61851,0
9463,21982,41102,0
9464,107273,30045,0
9465,149320,34075,0
9466,99552,135374,0
9467,112442,28270,0
9468,4525,27001,0
9469,77125,126359,0
9470,136852,108111,0
9471,3965,7201,0
9472,62567,54637,0
9473,76150,143511,0
9474,109278,134193,0
9475,84558,39517,0
9476,10768,39570,0
9477,48561,76258,0
9478,143066,119730,0
9479,130359,86341,0
9480,54613,81926,0
9481,129791,139138,0
9482,72519,78660,0
9483,1433,76173,0
9484,145489,95382,0
9485,86987,150725,0
9486,69002,14697,0
9487,102669,14657,0
9488,106047,24539,0
9489,79873,11681,0
9490,74707,72958,0
9491,59016,74079,0
9492,98015,11744,0
9493,125058,29408,0
9494,32104,123677,0
9495,76000,112310,0
9496,39689,118684,0
9497,83540,129093,0
9498,133634,9856,0
9499,45000,110991,0
9500,112927,64620,0
9501,139429,1000,0
9502,55600,70676,0
9503,102085,1662,0
9504,144798,127818,0
9505,46520,48124,0
9506,111744,129765,0
9507,103414,25250,0
9508,75017,57582,0
9509,37712,74091,0
9510,29174,152470,0
9511,39443,99420,0
9512,10810,1859,0
9513,82538,146734,0
9514,53426,153346,0
9515,96991,88374,0
9516,16421,52127,0
9517,141012,73633,0
9518,41609,61895,0
9519,28828,45965,0
9520,94621,28990,0
9521,111465,3095,0
9522,120996,101176,0
9523,137950,108154,0
9524,25185,53215,0
9525,33384,117081,0
9526,120022,52699,0
9527,63602,9279,0
9528,7634,116251,0
9529,83638,133316,0
9530,138948,14348,0
9531,111585,72166,0
9532,43513,72027,0
9533,56508,118350,0
9534,121767,37139,0
9535,155007,56032,0
9536,142535,5719,0
9537,63608,88936,0
9538,131214,118240,0
9539,102826,148991,0
9540,131579,108122,0
9541,148406,97435,0
9542,83540,126704,0
9543,33625,34708,0
9544,101263,42504,0
9545,114684,44652,0
9546,112000,71201,0
9547,40117,151160,0
9548,134357,123317,0
9549,21064,153548,0
9550,35633,79089,0
9551,143417,112368,0
9552,77754,125933,0
9553,121792,49369,0
9554,5341,105142,0
9555,77265,49744,0
9556,9662,44467,0
9557,79320,69271,0
9558,131125,134193,0
9559,135142,143282,0
9560,103787,132969,0
9561,9455,582,0
9562,109739,75075,0
9563,97872,20291,0
9564,78535,96215,0
9565,58991,87696,0
9566,101722,2483,0
9567,91654,151831,0
9568,155152,128439,0
9569,97101,117614,0
9570,25657,95554,0
9571,31158,121385,0
9572,95299,28034,0
9573,54923,92540,0
9574,142992,91765,0
9575,34479,107596,0
9576,74854,20631,0
9577,138064,147617,0
9578,25136,38117,0
9579,51781,105240,0
9580,91864,152588,0
9581,43713,108369,0
9582,47585,131702,0
9583,115831,99217,0
9584,82905,58289,0
9585,150747,94782,0
9586,27911,98334,0
9587,35050,139574,0
9588,20800,38928,0
9589,96463,41195,0
9590,78179,130791,0
9591,1005,54908,0
9592,134698,100914,0
9593,45792,68031,0
9594,54280,107861,0
9595,95217,94541,0
9596,139759,111607,0
9597,42790,52817,0
9598,49349,115533,0
9599,26067,130088,0
9600,35443,143867,0
9601,14731,13482,0
9602,67574,25701,0
9603,145542,51088,0
9604,1728,120505,0
9605,53497,93180,0
9606,133227,62715,0
9607,101263,23354,0
9608,78977,152000,0
9609,51208,4149,0
9610,39489,104051,0
9611,147555,59591,0
9612,54184,57892,0
9613,132831,88125,0
9614,145466,147178,0
9615,32442,57673,0
9616,17822,9946,0
9617,144254,41654,0
9618,76723,147754,0
9619,45283,78275,0
9620,51839,66567,0
9621,93353,93860,0
9622,139995,24997,0
9623,54121,13287,0
9624,80569,78458,0
9625,57050,11294,0
9626,83654,8975,0
9627,3858,124719,0
9628,43089,80647,0
9629,53057,3082,0
9630,100806,17434,0
9631,135248,27984,0
9632,41130,43268,0
9633,153484,118020,0
9634,24181,103218,0
9635,4167,46078,0
9636,24315,13521,0
9637,91726,86519,0
9638,114771,31845,0
9639,60444,110275,0
9640,80546,72605,0
9641,66648,37014,0
9642,114939,138270,0
9643,48669,117576,0
9644,54565,13813,0
9645,71681,31639,0
9646,122628,52217,0
9647,124300,50986,0
9648,20908,134081,0
9649,52912,118887,0
9650,14120,23542,0
9651,153281,29604,0
9652,127015,148332,0
9653,91289,50263,0
9654,35894,138529,0
9655,71432,3440,0
9656,58804,77292,0
9657,63845,15603,0
9658,15848,110552,0
9659,36753,133158,0
9660,63333,61432,0
9661,128926,35909,0
9662,68080,91085,0
9663,111413,68549,0
9664,68913,146101,0
9665,127711,126157,0
9666,26397,27322,0
9667,144754,120745,0
9668,121255,129187,0
9669,71707,100485,0
9670,58408,78152,0
9671,21882,103575,0
9672,91872,121610,0
9673,53345,4322,0
9674,73848,13946,0
9675,87695,107259,0
9676,105516,85726,0
9677,60378,64267,0
9678,121489,114841,0
9679,34003,73383,0
9680,28435,144470,0
9681,125783,5013,0
9682,8359,22110,0
9683,8063,10157,0
9684,150857,147896,0
9685,125567,143663,0
9686,95166,126361,0
9687,4968,107231,0
9688,143027,122979,0
9689,35747,87091,0
9690,51653,151703,0
9691,125205,82014,0
9692,103163,133879,0
9693,154664,55097,0
9694,98366,6024,0
9695,149055,914,0
9696,62735,128175,0
9697,69145,106783,0
9698,98776,135280,0
9699,124735,94248,0
9700,60475,86787,0
9701,64495,96880,0
9702,68175,54464,0
9703,110819,130687,0
9704,55456,16538,0
9705,155094,75171,0
9706,13205,42761,0
9707,144140,94837,0
9708,19079,86524,0
9709,128951,28927,0
9710,151464,42464,0
9711,39245,117812,0
9712,92532,76262,0
9713,95070,12935,0
9714,97221,131307,0
9715,1390,20490,0
9716,22613,115898,0
9717,64570,16295,0
9718,55618,20227,0
9719,117782,106245,0
9720,133941,19681,0
9721,37772,31196,0
9722,77683,3196,0
9723,74584,154692,0
9724,37565,32159,0
9725,105115,92469,0
9726,110417,120425,0
9727,23745,86461,0
9728,147560,107873,0
9729,18301,137027,0
9730,8718,77099,0
9731,146589,106751,0
9732,148016,68901,0
9733,130775,23881,0
9734,105556,41614,0
9735,8673,118012,0
9736,19403,31069,0
9737,63816,16961,0
9738,13805,100081,0
9739,125674,111558,0
9740,66272,88290,0
9741,37132,103461,0
9742,16328,148299,0
9743,74760,124238,0
9744,35610,25154,0
9745,8079,86825,0
9746,119680,135911,0
9747,2694,101727,0
9748,87679,101625,0
9749,130994,58306,0
9750,145144,140996,0
9751,96292,116162,0
9752,140446,140355,0
9753,62700,114979,0
9754,99591,20572,0
9755,106811,124225,0
9756,135691,89953,0
9757,22007,79597,0
9758,9584,152435,0
9759,128022,121881,0
9760,13061,36894,0
9761,46786,52160,0
9762,44342,133996,0
9763,110114,83626,0
9764,79817,126514,0
9765,141518,60038,0
9766,105355,2755,0
9767,90581,138804,0
9768,71269,360,0
9769,127442,81385,0
9770,20771,65337,0
9771,97327,140661,0
9772,102755,98913,0
9773,22060,44541,0
9774,128282,90164,0
9775,113268,22043,0
9776,106009,106406,0
9777,106879,138690,0
9778,122905,58611,0
9779,143387,57487,0
9780,80620,44390,0
9781,142388,113820,0
9782,28799,54590,0
9783,119574,99040,0
9784,73048,31430,0
9785,86566,105660,0
9786,147602,97016,0
9787,42809,137113,0
9788,41240,111642,0
9789,18707,21781,0
9790,11367,148927,0
9791,127882,124884,0
9792,18715,60426,0
9793,50421,98839,0
9794,118421,43253,0
9795,125058,154335,0
9796,19554,133615,0
9797,97848,11986,0
9798,54139,107762,0
9799,150545,107136,0
9800,21238,48478,0
9801,24672,13340,0
9802,1769,50125,0
9803,16563,93286,0
9804,116714,103883,0
9805,87422,35791,0
9806,138064,61586,0
9807,8732,153314,0
9808,24678,28131,0
9809,87773,65318,0
9810,48329,90104,0
9811,122435,62634,0
9812,152802,50240,0
9813,125094,30563,0
9814,145851,12485,0
9815,120132,145415,0
9816,144437,48990,0
9817,103000,83581,0
9818,110131,74263,0
9819,30146,2612,0
9820,72980,126471,0
9821,36346,132302,0
9822,33709,12792,0
9823,52607,11373,0
9824,121928,18856,0
9825,36128,24323,0
9826,38416,38236,0
9827,18052,106774,0
9828,123176,102470,0
9829,4250,137576,0
9830,30277,31338,0
9831,105870,122684,0
9832,105795,118815,0
9833,13153,117614,0
9834,36829,75743,0
9835,129304,92811,0
9836,90703,153865,0
9837,3647,58589,0
9838,89524,10985,0
9839,147960,46833,0
9840,42368,13979,0
9841,127084,23652,0
9842,42461,107680,0
9843,127383,129881,0
9844,148559,119874,0
9845,101771,78724,0
9846,5682,110208,0
9847,103377,32315,0
9848,54283,53759,0
9849,98564,49413,0
9850,6111,132419,0
9851,12549,7885,0
9852,38427,64024,0
9853,150463,44203,0
9854,154527,72111,0
9855,112429,71693,0
9856,53324,111284,0
9857,124643,99072,0
9858,145020,14106,0
9859,147284,136080,0
9860,146643,48177,0
9861,45441,139078,0
9862,5951,23775,0
9863,108213,22250,0
9864,64861,87626,0
9865,47066,88535,0
9866,107778,88138,0
9867,37657,5118,0
9868,19508,82753,0
9869,23916,73938,0
9870,54725,36812,0
9871,36331,127672,0
9872,32553,111196,0
9873,92819,154112,0
9874,77241,68275,0
9875,27691,16784,0
9876,127072,153010,0
9877,45934,129481,0
9878,16681,68371,0
9879,136853,24587,0
9880,150706,16056,0
9881,133559,6407,0
9882,86693,54378,0
9883,73575,154812,0
9884,141064,152998,0
9885,52366,119359,0
9886,5127,122623,0
9887,37218,57487,0
9888,61822,125003,0
9889,84445,86190,0
9890,117761,88843,0
9891,124134,19897,0
9892,33505,137663,0
9893,152658,11301,0
9894,39102,9358,0
9895,98382,116999,0
9896,74755,88676,0
9897,57260,45565,0
9898,14730,39891,0
9899,4945,23861,0
9900,17014,91098,0
9901,144788,151984,0
9902,108686,10318,0
9903,5046,155173,0
9904,110329,144733,0
9905,100562,6319,0
9906,20935,146586,0
9907,105795,6169,0
9908,34341,93623,0
9909,65832,122305,0
9910,41033,77421,0
9911,45910,131275,0
9912,136838,7428,0
9913,66499,131572,0
9914,80176,152634,0
9915,19950,70244,0
9916,101868,47383,0
9917,140859,19396,0
9918,109621,98167,0
9919,99335,153058,0
9920,77355,13812,0
9921,121274,100031,0
9922,146711,109508,0
9923,151047,10005,0
9924,61009,150350,0
9925,63895,64958,0
9926,124769,149647,0
9927,113561,77518,0
9928,43411,43008,0
9929,124774,12140,0
9930,78454,65906,0
9931,19170,93582,0
9932,88969,119886,0
9933,87216,145038,0
9934,91825,92376,0
9935,150553,121327,0
9936,26107,79410,0
9937,82117,128615,0
9938,74788,132234,0
9939,145726,120273,0
9940,124210,8072,0
9941,139017,24346,0
9942,23987,69905,0
9943,52801,77725,0
9944,94064,96286,0
9945,51084,136680,0
9946,68728,49501,0
9947,123985,130089,0
9948,28085,7700,0
9949,63023,2592,0
9950,12923,36995,0
9951,10748,145173,0
9952,20387,23699,0
9953,57902,107927,0
9954,147945,142067,0
9955,126114,2757,0
9956,31783,4332,0
9957,85942,74361,0
9958,131499,151994,0
9959,17878,39115,0
9960,111712,59574,0
9961,120135,117122,0
9962,82006,7832,0
9963,59463,96039,0
9964,121409,136294,0
9965,115170,52955,0
9966,13425,46862,0
9967,95819,140052,0
9968,91109,147761,0
9969,66746,28153,0
9970,65269,119628,0
9971,146673,90323,0
9972,138397,32452,0
9973,133766,42531,0
9974,144987,149409,0
9975,99170,27084,0
9976,79319,46087,0
9977,31386,59283,0
9978,25100,91809,0
9979,145653,114027,0
9980,82382,36142,0
9981,105350,112902,0
9982,132130,5088,0
9983,111347,86347,0
9984,129692,108527,0
9985,25571,138094,0
9986,118823,117461,0
9987,146174,149105,0
9988,18741,132269,0
9989,45473,59576,0
9990,16451,30484,0
9991,152172,114766,0
9992,14763,73610,0
9993,89713,30654,0
9994,106957,27149,0
9995,129737,352,0
9996,85493,53356,0
9997,36610,11904,0
9998,18940,22418,0
9999,155124,137096,0
10000,86966,83774,0
10001,27285,13014,0
10002,72770,105545,0
10003,101661,6887,0
10004,122481,20422,0
10005,145458,44191,0
10006,9812,51374,0
10007,121637,95962,0
10008,72831,41039,0
10009,51400,26537,0
10010,112698,131578,0
10011,45814,40810,0
10012,99730,42589,0
10013,106120,68503,0
10014,12259,43592,0
10015,55242,62095,0
10016,34960,91084,0
10017,67655,51471,0
10018,135530,51122,0
10019,107913,91436,0
10020,53834,105756,0
10021,54988,118896,0
10022,1040,121303,0
10023,60743,75340,0
10024,105695,92722,0
10025,121154,77810,0
10026,142708,5924,0
10027,48207,149439,0
10028,120790,70938,0
10029,50191,138257,0
10030,53959,45837,0
10031,94758,146398,0
10032,67322,95923,0
10033,112573,32155,0
10034,120800,116607,0
10035,144730,148281,0
10036,82419,60325,0
10037,11455,38929,0
10038,73243,93814,0
10039,92115,53214,0
10040,61919,44884,0
10041,79978,135119,0
10042,85740,14341,0
10043,146893,111720,0
10044,146246,58772,0
10045,139628,153715,0
10046,11874,29937,0
10047,5428,96658,0
10048,40226,145935,0
10049,36120,2972,0
10050,39528,117982,0
10051,108961,127391,0
10052,71240,27578,0
10053,125440,18485,0
10054,83687,151609,0
10055,118116,100967,0
10056,48455,83745,0
10057,10406,87074,0
10058,45910,115047,0
10059,122822,77886,0
10060,72908,58817,0
10061,145370,34301,0
10062,68951,35718,0
10063,138389,150341,0
10064,128243,41819,0
10065,119197,43636,0
10066,149163,108342,0
10067,124472,102715,0
10068,129420,2450,0
10069,41459,59526,0
10070,139355,105430,0
10071,68081,14516,0
10072,105495,14020,0
10073,60669,61528,0
10074,51484,52797,0
10075,52266,92833,0
10076,92898,26856,0
10077,13918,139007,0
10078,23727,102759,0
10079,129612,129724,0
10080,147234,112791,0
10081,8057,102000,0
10082,14889,110536,0
10083,27200,32854,0
10084,115764,110608,0
10085,127734,84379,0
10086,52519,9508,0
10087,61857,124532,0
10088,56425,46915,0
10089,65510,44795,0
10090,111014,113521,0
10091,75498,140775,0
10092,11421,113619,0
10093,43794,58173,0
10094,130636,60201,0
10095,91395,57673,0
10096,63399,37965,0
10097,138251,122103,0
10098,67999,53647,0
10099,110314,151673,0
10100,60259,94719,0
10101,51786,122282,0
10102,34338,134623,0
10103,90038,133336,0
10104,34440,118796,0
10105,60204,63293,0
10106,127550,133111,0
10107,17296,4990,0
10108,107189,13644,0
10109,137806,111,0
10110,124690,22009,0
10111,118340,86790,0
10112,2087,9769,0
10113,22635,32913,0
10114,114725,137422,0
10115,108774,16616,0
10116,19948,18173,0
10117,70280,137865,0
10118,41325,100298,0
10119,20507,126036,0
10120,108859,114186,0
10121,118865,3230,0
10122,70415,24396,0
10123,2538,137171,0
10124,4716,139522,0
10125,134146,135258,0
10126,33671,116166,0
10127,78507,73900,0
10128,133150,154117,0
10129,85148,115223,0
10130,132611,99176,0
10131,100166,68275,0
10132,97121,25162,0
10133,20118,27106,0
10134,54723,36383,0
10135,81458,18998,0
10136,122192,3892,0
10137,141880,36425,0
10138,108564,132662,0
10139,47810,138974,0
10140,144832,116295,0
10141,135910,154250,0
10142,122725,19683,0
10143,2799,139150,0
10144,71487,56875,0
10145,104533,86487,0
10146,32562,6651,0
10147,40380,2681,0
10148,41073,126752,0
10149,127242,91930,0
10150,18898,42990,0
10151,1212,100140,0
10152,115295,79627,0
10153,6854,86835,0
10154,95703,117412,0
10155,18976,129165,0
10156,77496,103560,0
10157,30219,92667,0
10158,44577,112105,0
10159,28641,154061,0
10160,48786,85464,0
10161,108581,110472,0
10162,11469,127114,0
10163,36193,84892,0
10164,71609,106358,0
10165,11218,12321,0
10166,126408,152313,0
10167,13230,22019,0
10168,2050,92456,0
10169,139144,153885,0
10170,28440,4031,0
10171,44050,131496,0
10172,147037,105581,0
10173,114283,33656,0
10174,117399,140194,0
10175,59324,35795,0
10176,70072,113651,0
10177,109179,99810,0
10178,144183,84719,0
10179,62159,64547,0
10180,113091,147171,0
10181,46050,45198,0
10182,57201,140137,0
10183,50262,34937,0
10184,51703,22097,0
10185,29583,44512,0
10186,147561,132547,0
10187,154276,56911,0
10188,130317,21436,0
10189,43791,3655,0
10190,39861,6765,0
10191,29968,120159,0
10192,29810,94027,0
10193,67821,28101,0
10194,63952,134342,0
10195,12887,24036,0
10196,130266,142484,0
10197,78656,23972,0
10198,133006,22969,0
10199,16117,20884,0
10200,21499,62598,0
10201,145915,28386,0
10202,16832,60964,0
10203,67008,70081,0
10204,150709,73464,0
10205,31543,7739,0
10206,34552,100070,0
10207,35675,22559,0
10208,74178,2747,0
10209,18290,23748,0
10210,126536,142754,0
10211,53282,20776,0
10212,34460,40793,0
10213,34445,21473,0
10214,74312,27959,0
10215,17896,53949,0
10216,24621,68650,0
10217,67906,132580,0
10218,98427,44204,0
10219,3656,142067,0
10220,74954,1078,0
10221,124690,143834,0
10222,54112,84873,0
10223,88744,74054,0
10224,5578,66971,0
10225,69283,54058,0
10226,112000,15716,0
10227,81583,7064,0
10228,49344,60493,0
10229,148200,127766,0
10230,142785,78487,0
10231,122128,45039,0
10232,152268,129652,0
10233,70590,100425,0
10234,81223,12131,0
10235,57769,22231,0
10236,892,111957,0
10237,41091,9653,0
10238,109733,109224,0
10239,24393,96233,0
10240,50366,93919,0
10241,47127,111554,0
10242,79946,87497,0
10243,49352,61779,0
10244,31370,126413,0
10245,96742,133739,0
10246,42113,144964,0
10247,69045,36385,0
10248,35222,111721,0
10249,153856,56174,0
10250,20815,56866,0
10251,95497,36277,0
10252,77724,120167,0
10253,113758,38761,0
10254,79195,142831,0
10255,61122,115736,0
10256,97932,12905,0
10257,125792,7048,0
10258,46709,112335,0
10259,86064,44657,0
10260,125864,31474,0
10261,89502,144966,0
10262,15637,56132,0
10263,99948,82865,0
10264,37526,93764,0
10265,85545,138778,0
10266,28385,40611,0
10267,100030,104186,0
10268,120134,65808,0
10269,79620,48230,0
10270,41462,75319,0
10271,128361,80313,0
10272,33081,84600,0
10273,118871,128541,0
10274,29635,10472,0
10275,44587,31813,0
10276,117007,122914,0
10277,84749,105936,0
10278,91706,18531,0
10279,60453,53652,0
10280,25060,49755,0
10281,29923,22438,0
10282,76430,4868,0
10283,38865,72685,0
10284,111396,90528,0
10285,1217,95527,0
10286,115596,35803,0
10287,70768,40497,0
10288,74551,76153,0
10289,106575,80359,0
10290,27160,127970,0
10291,46624,44998,0
10292,101962,66904,0
10293,109444,60729,0
10294,5951,74461,0
10295,74693,37704,0
10296,120199,120577,0
10297,36138,32479,0
10298,49497,122919,0
10299,144875,91170,0
10300,148884,13859,0
10301,138764,88290,0
10302,77630,32198,0
10303,45346,152206,0
10304,105640,120362,0
10305,17267,74836,0
10306,41814,114400,0
10307,139724,46943,0
10308,83737,100183,0
10309,139970,58038,0
10310,129999,111179,0
10311,48602,67414,0
10312,26342,147604,0
10313,9975,61580,0
10314,146864,42805,0
10315,77066,47287,0
10316,114336,20957,0
10317,78947,144018,0
10318,41691,13385,0
10319,95496,81841,0
10320,103776,85151,0
10321,148472,61913,0
10322,50772,89196,0
10323,43721,38434,0
10324,123660,145611,0
10325,66650,115883,0
10326,33050,26121,0
10327,100854,122112,0
10328,25409,144010,0
10329,7896,39627,0
10330,83391,58122,0
10331,37181,75648,0
10332,32113,638,0
10333,93024,114398,0
10334,46588,28476,0
10335,62588,125067,0
10336,3984,86341,0
10337,323,37052,0
10338,113055,62909,0
10339,139783,17763,0
10340,8333,149810,0
10341,15244,15932,0
10342,50502,25932,0
10343,11950,12786,0
10344,131349,71825,0
10345,90702,145345,0
10346,5882,138041,0
10347,124417,74202,0
10348,96769,51360,0
10349,64400,98542,0
10350,75877,154654,0
10351,28389,92711,0
10352,22427,117788,0
10353,52607,120124,0
10354,47070,126054,0
10355,44322,106400,0
10356,63741,136973,0
10357,31310,27294,0
10358,143920,137357,0
10359,108990,29024,0
10360,137574,61369,0
10361,43572,74979,0
10362,9641,69233,0
10363,118420,57689,0
10364,90398,129398,0
10365,31050,84034,0
10366,25276,110250,0
10367,109125,51897,0
10368,122729,151071,0
10369,68620,43188,0
10370,131483,47444,0
10371,25724,141043,0
10372,34123,126515,0
10373,32793,109134,0
10374,29407,90308,0
10375,324,96389,0
10376,137404,139835,0
10377,99620,61768,0
10378,81200,72122,0
10379,54067,74314,0
10380,76151,21003,0
10381,149874,44799,0
10382,51345,42089,0
10383,146346,24693,0
10384,11259,10439,0
10385,150202,76827,0
10386,89634,130289,0
10387,91430,142150,0
10388,84114,141461,0
10389,106764,71176,0
10390,148233,79517,0
10391,34889,41574,0
10392,25656,104102,0
10393,153449,76286,0
10394,20827,117366,0
10395,20667,64422,0
10396,38641,105950,0
10397,4658,26672,0
10398,154318,52668,0
10399,69196,151532,0
10400,130034,136208,0
10401,12616,108403,0
10402,34524,19791,0
10403,13048,45092,0
10404,13216,98048,0
10405,6309,70952,0
10406,23912,102678,0
10407,93509,67785,0
10408,31416,92735,0
10409,47899,103315,0
10410,34962,11093,0
10411,8087,95715,0
10412,7379,83057,0
10413,4156,39471,0
10414,47399,134126,0
10415,49831,27803,0
10416,109783,127784,0
10417,134479,98126,0
10418,49271,120667,0
10419,129044,71177,0
10420,16579,2665,0
10421,83546,29094,0
10422,21897,62822,0
10423,74536,80912,0
10424,1066,39805,0
10425,106371,59476,0
10426,145507,31954,0
10427,125196,147551,0
10428,115341,53153,0
10429,86265,98911,0
10430,105586,105440,0
10431,26246,150078,0
10432,74713,101940,0
10433,26308,89477,0
10434,23807,19131,0
10435,26481,52918,0
10436,21007,53977,0
10437,30480,100879,0
10438,98349,23366,0
10439,3225,49494,0
10440,88498,1316,0
10441,93725,79423,0
10442,95894,116356,0
10443,27174,91690,0
10444,15972,147825,0
10445,130878,37788,0
10446,130269,36447,0
10447,51907,136127,0
10448,47800,99947,0
10449,113601,24796,0
10450,132913,16138,0
10451,21984,53266,0
10452,69200,110425,0
10453,112222,45931,0
10454,69169,151767,0
10455,69889,108780,0
10456,76865,69384,0
10457,114526,93999,0
10458,92030,144648,0
10459,26436,58361,0
10460,9620,19299,0
10461,78716,136423,0
10462,39081,29196,0
10463,32957,2217,0
10464,22938,9592,0
10465,137337,113989,0
10466,37816,90245,0
10467,83297,11549,0
10468,115104,138136,0
10469,94118,152346,0
10470,83713,48069,0
10471,127776,109403,0
10472,105511,18205,0
10473,50359,90862,0
10474,154340,118399,0
10475,16284,126797,0
10476,124667,104208,0
10477,150730,107506,0
10478,142670,51081,0
10479,62707,114938,0
10480,24293,108182,0
10481,73641,141479,0
10482,16581,60857,0
10483,62566,83233,0
10484,114872,75821,0
10485,144634,116300,0
10486,123693,120541,0
10487,37448,46406,0
10488,76593,42918,0
10489,79196,121271,0
10490,149695,30993,0
10491,22373,79517,0
10492,64283,32370,0
10493,81661,122589,0
10494,11595,40130,0
10495,42611,152092,0
10496,155051,112001,0
10497,70842,86978,0
10498,48934,24703,0
10499,8360,110338,0
10500,4467,145736,0
10501,26705,45211,0
10502,95920,15333,0
10503,23988,147941,0
10504,95757,16957,0
10505,16581,117012,0
10506,38649,7962,0
10507,122267,82864,0
10508,88578,114776,0
10509,51802,80115,0
10510,80577,10115,0
10511,54022,121635,0
10512,14933,108221,0
10513,31760,46062,0
10514,50096,144087,0
10515,86185,110935,0
10516,76688,13322,0
10517,47285,138029,0
10518,149255,3249,0
10519,151706,33956,0
10520,67067,47687,0
10521,21173,97733,0
10522,73085,101000,0
10523,123298,2077,0
10524,71622,65443,0
10525,124663,148410,0
10526,129908,66771,0
10527,152342,7277,0
10528,85005,125295,0
10529,38507,78967,0
10530,129543,80539,0
10531,23369,49364,0
10532,43887,111740,0
10533,51187,48742,0
10534,47462,27881,0
10535,66720,63995,0
10536,61636,122021,0
10537,78091,131910,0
10538,31459,52419,0
10539,68533,109274,0
10540,73908,29206,0
10541,17733,28938,0
10542,124376,115130,0
10543,127989,42534,0
10544,32533,63447,0
10545,23475,66688,0
10546,154003,18451,0
10547,133946,58883,0
10548,41990,87557,0
10549,111669,99896,0
10550,19472,53899,0
10551,16620,12122,0
10552,107402,73558,0
10553,66669,16171,0
10554,66055,17671,0
10555,109839,136385,0
10556,89457,31271,0
10557,50345,101197,0
10558,23226,95231,0
10559,111783,32450,0
10560,8132,59418,0
10561,30050,145521,0
10562,103936,89342,0
10563,119740,146195,0
10564,26235,84542,0
10565,55996,117347,0
10566,99324,142230,0
10567,77997,92753,0
10568,10386,48131,0
10569,60692,68105,0
10570,94264,90044,0
10571,74178,26101,0
10572,154280,126174,0
10573,85391,49286,0
10574,147728,66665,0
10575,57619,48246,0
10576,85957,27017,0
10577,140489,55656,0
10578,22804,36698,0
10579,62499,89976,0
10580,142339,32183,0
10581,136470,61674,0
10582,140929,87662,0
10583,91991,116676,0
10584,47043,87850,0
10585,97968,147030,0
10586,7242,10516,0
10587,50477,13170,0
10588,154368,18314,0
10589,66674,15131,0
10590,2453,152771,0
10591,142373,18452,0
10592,139373,135490,0
10593,7049,45799,0
10594,121025,33412,0
10595,133994,113529,0
10596,69167,15443,0
10597,123534,84567,0
10598,103667,37308,0
10599,44716,87589,0
10600,58632,121413,0
10601,112436,50489,0
10602,70800,77027,0
10603,80355,123707,0
10604,6466,136752,0
10605,42702,143148,0
10606,7347,148241,0
10607,20400,14017,0
10608,92423,42030,0
10609,21893,122168,0
10610,129273,5121,0
10611,77342,65901,0
10612,21614,152965,0
10613,23848,150725,0
10614,124533,64891,0
10615,24382,123657,0
10616,46624,153203,0
10617,147369,127553,0
10618,67302,155126,0
10619,43208,117983,0
10620,59292,95175,0
10621,76165,13075,0
10622,64525,32638,0
10623,5463,25283,0
10624,145796,123589,0
10625,8522,29925,0
10626,19908,53341,0
10627,17255,80252,0
10628,3867,81614,0
10629,115870,70017,0
10630,145865,47797,0
10631,145874,31095,0
10632,67573,79412,0
10633,28100,38758,0
10634,140098,99271,0
10635,59485,81060,0
10636,9990,123721,0
10637,32935,99183,0
10638,17364,133702,0
10639,70242,29627,0
10640,20120,129818,0
10641,82082,143123,0
10642,107057,50166,0
10643,152516,74371,0
10644,40977,121113,0
10645,84448,82328,0
10646,136695,57744,0
10647,40704,131094,0
10648,20290,60244,0
10649,6663,104896,0
10650,46037,60124,0
10651,45177,81434,0
10652,108924,90297,0
10653,60893,76391,0
10654,121922,46227,0
10655,58448,100897,0
10656,61134,18344,0
10657,35680,52743,0
10658,56889,131638,0
10659,67043,97226,0
10660,65194,153546,0
10661,121947,117316,0
10662,66359,129691,0
10663,101455,132887,0
10664,85275,62350,0
10665,17367,11795,0
10666,58190,42839,0
10667,104649,42382,0
10668,124132,58705,0
10669,127194,88947,0
10670,17741,32924,0
10671,79117,43489,0
10672,74153,100518,0
10673,48268,75929,0
10674,92706,104681,0
10675,66130,116445,0
10676,103725,147337,0
10677,68092,70132,0
10678,64831,34607,0
10679,154373,32879,0
10680,79363,153793,0
10681,94265,98228,0
10682,54943,47561,0
10683,89224,48281,0
10684,59797,76115,0
10685,16563,133276,0
10686,86000,93262,0
10687,134796,97046,0
10688,131068,120591,0
10689,49834,85263,0
10690,4739,148383,0
10691,121029,62292,0
10692,71896,16698,0
10693,61472,13459,0
10694,16975,21189,0
10695,72594,27867,0
10696,83737,138499,0
10697,101951,72367,0
10698,121979,75442,0
10699,104632,120795,0
10700,138749,111897,0
10701,23842,125435,0
10702,152721,155062,0
10703,19870,88685,0
10704,2623,10655,0
10705,41550,141751,0
10706,45385,10941,0
10707,111822,62456,0
10708,128812,114381,0
10709,19382,95931,0
10710,81545,17706,0
10711,143708,207,0
10712,61135,33695,0
10713,107828,141069,0
10714,6513,25270,0
10715,26386,150542,0
10716,39102,140087,0
10717,35287,2131,0
10718,48475,83838,0
10719,88884,34107,0
10720,54177,143165,0
10721,124137,92671,0
10722,63047,5290,0
10723,123610,125157,0
10724,142876,116952,0
10725,145876,143898,0
10726,102745,22536,0
10727,108545,35914,0
10728,104818,126478,0
10729,113949,103430,0
10730,65552,65165,0
10731,43550,52615,0
10732,135888,73823,0
10733,141750,17432,0
10734,102314,20095,0
10735,32280,154231,0
10736,115678,53765,0
10737,128169,12190,0
10738,135452,124140,0
10739,27552,4924,0
10740,11051,1903,0
10741,145394,51680,0
10742,135200,983,0
10743,113710,10597,0
10744,39987,115926,0
10745,21016,81393,0
10746,109950,110273,0
10747,43569,130891,0
10748,71894,90840,0
10749,137989,83564,0
10750,142855,21236,0
10751,95233,17376,0
10752,99818,142738,0
10753,7842,122175,0
10754,44321,40332,0
10755,107339,5969,0
10756,133933,14833,0
10757,92658,13939,0
10758,77061,19428,0
10759,38112,27530,0
10760,62074,34661,0
10761,53199,76132,0
10762,2142,5178,0
10763,11303,20523,0
10764,46502,7237,0
10765,88310,122094,0
10766,69429,104832,0
10767,105668,49686,0
10768,36951,74271,0
10769,15812,79514,0
10770,55558,103052,0
10771,9359,111832,0
10772,555,44256,0
10773,68587,42054,0
10774,11606,90783,0
10775,27651,23681,0
10776,10281,97866,0
10777,11500,69252,0
10778,12106,8396,0
10779,65615,59459,0
10780,18116,126313,0
10781,125056,109742,0
10782,136485,56885,0
10783,98419,95631,0
10784,77307,26834,0
10785,151114,70989,0
10786,83463,41927,0
10787,69455,143626,0
10788,40755,47474,0
10789,146139,68479,0
10790,125937,12659,0
10791,129017,91556,0
10792,116675,7219,0
10793,28388,147821,0
10794,18532,2745,0
10795,87877,4489,0
10796,37218,117612,0
10797,120101,61302,0
10798,63165,139428,0
10799,10864,37653,0
10800,69612,119111,0
10801,97267,44778,0
10802,85627,138077,0
10803,132816,33508,0
10804,42790,84046,0
10805,24542,104414,0
10806,125641,2709,0
10807,27365,102003,0
10808,3347,23093,0
10809,90015,32871,0
10810,99084,43886,0
10811,98164,50951,0
10812,30101,147443,0
10813,59496,12052,0
10814,65220,18663,0
10815,136962,67859,0
10816,4662,24,0
10817,123247,107125,0
10818,125944,51195,0
10819,108498,15544,0
10820,45067,153380,0
10821,81539,44700,0
10822,77928,65443,0
10823,33775,28978,0
10824,89656,133935,0
10825,85870,54640,0
10826,140133,121863,0
10827,11635,70905,0
10828,129838,128756,0
10829,128604,94644,0
10830,13229,65097,0
10831,1701,64599,0
10832,103831,72609,0
10833,43035,117371,0
10834,112934,13902,0
10835,72739,139520,0
10836,15093,132290,0
10837,113639,145992,0
10838,123675,109689,0
10839,91087,109759,0
10840,133971,92831,0
10841,129197,148688,0
10842,91310,30879,0
10843,36640,124224,0
10844,141732,125511,0
10845,35863,46565,0
10846,70270,43343,0
10847,15875,99346,0
10848,20650,119444,0
10849,50663,33255,0
10850,111325,65364,0
10851,10918,154314,0
10852,77307,33579,0
10853,151414,22106,0
10854,26890,17892,0
10855,5320,45768,0
10856,2449,133623,0
10857,28357,121084,0
10858,147344,79989,0
10859,142557,62050,0
10860,20486,36820,0
10861,70143,139209,0
10862,128951,99823,0
10863,96227,1,0
10864,39316,131889,0
10865,147400,55077,0
10866,137059,147888,0
10867,125041,132114,0
10868,142523,59951,0
10869,58119,147991,0
10870,124243,87815,0
10871,45471,137107,0
10872,30911,65214,0
10873,30963,85354,0
10874,128588,139560,0
10875,86291,14142,0
10876,147706,130193,0
10877,130652,21678,0
10878,116956,26582,0
10879,30897,10452,0
10880,138678,12753,0
10881,33922,45014,0
10882,122386,19446,0
10883,129242,69034,0
10884,138538,23632,0
10885,97897,67192,0
10886,50557,10658,0
10887,152852,3751,0
10888,44503,113449,0
10889,110040,130115,0
10890,16183,121431,0
10891,43420,23566,0
10892,89594,120799,0
10893,15842,136825,0
10894,32962,7875,0
10895,100125,18369,0
10896,96104,133584,0
10897,21248,1107,0
10898,25016,41484,0
10899,127192,135385,0
10900,12806,78682,0
10901,14292,151731,0
10902,51317,119428,0
10903,41076,142728,0
10904,28795,75924,0
10905,62154,113809,0
10906,153879,20244,0
10907,72663,125473,0
10908,96032,94811,0
10909,153925,69354,0
10910,65892,98405,0
10911,54971,61513,0
10912,113477,51417,0
10913,49926,27699,0
10914,142668,2837,0
10915,57719,17799,0
10916,58156,36593,0
10917,29300,22747,0
10918,9416,60049,0
10919,102593,24268,0
10920,20428,117883,0
10921,120097,10624,0
10922,72446,148121,0
10923,109075,72829,0
10924,12992,128201,0
10925,89202,132597,0
10926,50366,127635,0
10927,88672,131905,0
10928,140343,101391,0
10929,70123,140655,0
10930,118248,137540,0
10931,18467,61163,0
10932,92432,60582,0
10933,58156,39143,0
10934,33348,123060,0
10935,123184,152061,0
10936,112285,98722,0
10937,124918,149791,0
10938,112873,19175,0
10939,6766,58723,0
10940,61148,46194,0
10941,65574,136414,0
10942,13289,8167,0
10943,120129,10107,0
10944,98189,6042,0
10945,68814,53862,0
10946,21009,54346,0
10947,93229,2601,0
10948,120437,132797,0
10949,153210,144827,0
10950,45341,73638,0
10951,65257,119815,0
10952,116799,92448,0
10953,32788,121824,0
10954,96272,111499,0
10955,33732,109949,0
10956,55237,2748,0
10957,117765,113200,0
10958,40887,115242,0
10959,6645,153292,0
10960,39705,68768,0
10961,126921,120933,0
10962,112306,134624,0
10963,14914,57936,0
10964,25124,99464,0
10965,79214,25898,0
10966,106297,68502,0
10967,24378,80893,0
10968,49935,146229,0
10969,35295,115047,0
10970,99093,46571,0
10971,14270,8036,0
10972,31955,1388,0
10973,112281,44143,0
10974,22400,78216,0
10975,75962,113701,0
10976,63589,26324,0
10977,117790,118960,0
10978,131274,6857,0
10979,18197,149468,0
10980,84668,41131,0
10981,152944,119721,0
10982,3966,117211,0
10983,17614,137687,0
10984,136717,9630,0
10985,106773,22840,0
10986,68675,16545,0
10987,115299,2078,0
10988,149109,56105,0
10989,60562,95779,0
10990,154443,61288,0
10991,118980,35409,0
10992,50748,122442,0
10993,136110,87238,0
10994,32367,18256,0
10995,113564,63257,0
10996,117377,102520,0
10997,151457,143675,0
10998,55647,2239,0
10999,98245,103539,0
11000,100246,125013,0
11001,138985,14065,0
11002,34288,80397,0
11003,13062,76096,0
11004,272,51305,0
11005,121366,1621,0
11006,98906,118859,0
11007,71248,140448,0
11008,141757,152501,0
11009,31490,19617,0
11010,100608,33315,0
11011,10942,110817,0
11012,14236,129261,0
11013,72539,111777,0
11014,101534,60842,0
11015,122680,70128,0
11016,82713,62951,0
11017,138426,5458,0
11018,121728,82532,0
11019,133295,30122,0
11020,48167,52993,0
11021,90178,80902,0
11022,148409,570,0
11023,82561,155007,0
11024,80506,57655,0
11025,89031,120370,0
11026,76379,10973,0
11027,21964,53150,0
11028,71852,46211,0
11029,7820,48069,0
11030,73377,11072,0
11031,101611,114484,0
11032,103684,99735,0
11033,16907,104921,0
11034,111428,113057,0
11035,70971,127773,0
11036,133657,103895,0
11037,34860,126537,0
11038,126424,51439,0
11039,117205,35958,0
11040,133657,110402,0
11041,150357,62451,0
11042,67053,68756,0
11043,15453,95073,0
11044,97645,143628,0
11045,35406,128716,0
11046,27200,76287,0
11047,10999,92494,0
11048,48342,154075,0
11049,20126,55434,0
11050,41289,24978,0
11051,62366,97076,0
11052,119092,3887,0
11053,60052,44384,0
11054,71744,34621,0
11055,21485,20715,0
11056,22874,149996,0
11057,39918,12628,0
11058,6179,24174,0
11059,28462,97454,0
11060,143448,110178,0
11061,64425,59364,0
11062,59546,115202,0
11063,51384,12867,0
11064,74215,111236,0
11065,37316,74016,0
11066,14934,135349,0
11067,31807,13421,0
11068,113853,154501,0
11069,19580,86146,0
11070,75884,109445,0
11071,119924,97792,0
11072,32246,76990,0
11073,31889,11034,0
11074,145811,126840,0
11075,110238,105946,0
11076,55338,82302,0
11077,39664,54739,0
11078,59717,145678,0
11079,72476,34703,0
11080,63399,1864,0
11081,31406,149585,0
11082,33068,41482,0
11083,149306,77294,0
11084,60778,48523,0
11085,7751,21316,0
11086,153129,143737,0
11087,11182,50628,0
11088,87775,59466,0
11089,75667,60107,0
11090,100186,138703,0
11091,107237,105076,0
11092,82101,20664,0
11093,108127,154639,0
11094,77574,94178,0
11095,80235,72307,0
11096,88341,117495,0
11097,58496,83994,0
11098,2431,103265,0
11099,60416,27100,0
11100,118111,38577,0
11101,127898,100383,0
11102,129884,63552,0
11103,38003,141902,0
11104,78350,90097,0
11105,88615,95041,0
11106,90706,87259,0
11107,8698,73997,0
11108,56170,141374,0
11109,10738,77881,0
11110,40938,20338,0
11111,108813,111236,0
11112,29478,40837,0
11113,23955,148855,0
11114,22236,58716,0
11115,45699,116743,0
11116,106636,44131,0
11117,12564,65634,0
11118,148373,40844,0
11119,145545,27062,0
11120,80440,25830,0
11121,143835,128194,0
11122,136274,144840,0
11123,151565,111721,0
11124,93561,3973,0
11125,52221,72083,0
11126,1632,40785,0
11127,140955,71845,0
11128,113566,42468,0
11129,153578,33771,0
11130,1641,34662,0
11131,148465,94221,0
11132,127135,36523,0
11133,86691,104730,0
11134,71718,147302,0
11135,117549,23943,0
11136,144082,90088,0
11137,137273,19033,0
11138,118378,17501,0
11139,55060,2054,0
11140,22175,11160,0
11141,148537,82460,0
11142,127847,77363,0
11143,129128,94350,0
11144,65785,126945,0
11145,96304,106556,0
11146,129640,118440,0
11147,105173,139542,0
11148,73568,154584,0
11149,135529,34562,0
11150,18532,124815,0
11151,86566,50105,0
11152,81231,130432,0
11153,85902,41606,0
11154,83512,73744,0
11155,61089,78110,0
11156,12703,19701,0
11157,61705,123308,0
11158,5504,116508,0
11159,86757,92999,0
11160,85041,36321,0
11161,120682,47435,0
11162,57787,37550,0
11163,78488,132075,0
11164,9625,62983,0
11165,63970,53429,0
11166,55943,97310,0
11167,21056,33400,0
11168,98819,114083,0
11169,111466,127291,0
11170,121407,116044,0
11171,146308,88995,0
11172,51057,95270,0
11173,53027,126515,0
11174,6469,119889,0
11175,136950,54856,0
11176,77430,149132,0
11177,23907,140184,0
11178,35979,89020,0
11179,60038,132583,0
11180,147856,116211,0
11181,8953,152304,0
11182,49592,46887,0
11183,99958,41741,0
11184,120060,143746,0
11185,136112,115528,0
11186,67960,39967,0
11187,64587,88067,0
11188,20022,129474,0
11189,137884,12778,0
11190,49065,60905,0
11191,39015,23679,0
11192,71734,137557,0
11193,60017,71972,0
11194,140289,13703,0
11195,146815,64624,0
11196,1057,122565,0
11197,74553,11095,0
11198,92852,137840,0
11199,86696,146781,0
11200,26164,103447,0
11201,71240,23839,0
11202,84431,136060,0
11203,80814,121445,0
11204,138332,83224,0
11205,153047,15586,0
11206,135875,117948,0
11207,39816,54124,0
11208,31559,62071,0
11209,133899,91806,0
11210,141385,28716,0
11211,77665,95341,0
11212,39335,759,0
11213,103568,64077,0
11214,4550,36286,0
11215,53025,89002,0
11216,131447,112481,0
11217,97578,66086,0
11218,45108,67828,0
11219,8960,15890,0
11220,101522,72490,0
11221,83888,143617,0
11222,78488,29457,0
11223,38879,50098,0
11224,8443,10712,0
11225,142711,18968,0
11226,73648,7248,0
11227,120748,123549,0
11228,153328,99594,0
11229,20997,58243,0
11230,47101,99383,0
11231,45829,53937,0
11232,42266,125405,0
11233,81472,133425,0
11234,88200,13535,0
11235,105611,127345,0
11236,17513,23210,0
11237,117324,4690,0
11238,64975,8205,0
11239,38163,5058,0
11240,77683,310,0
11241,103775,91807,0
11242,66425,125362,0
11243,11820,29128,0
11244,49006,99587,0
11245,150097,52275,0
11246,92003,21041,0
11247,153986,54986,0
11248,59272,73647,0
11249,87561,96599,0
11250,153142,40842,0
11251,130755,54172,0
11252,146427,139945,0
11253,26310,148294,0
11254,89861,101131,0
11255,128596,125034,0
11256,135156,50418,0
11257,48953,78052,0
11258,104348,145092,0
11259,134526,57589,0
11260,147120,141256,0
11261,119381,62509,0
11262,112281,103737,0
11263,68828,116402,0
11264,12892,30533,0
11265,96795,150161,0
11266,77825,47030,0
11267,33671,121958,0
11268,43444,14006,0
11269,8662,4091,0
11270,75392,108355,0
11271,107674,141516,0
11272,26573,148069,0
11273,31398,2964,0
11274,27548,102533,0
11275,90803,67381,0
11276,73819,10172,0
11277,92817,40866,0
11278,9664,35476,0
11279,27593,151300,0
11280,122823,79025,0
11281,1740,105991,0
11282,57100,154428,0
11283,27326,26592,0
11284,7487,102884,0
11285,41419,154626,0
11286,88329,65200,0
11287,124683,6146,0
11288,115053,100344,0
11289,105221,85073,0
11290,72874,32276,0
11291,137994,135352,0
11292,153559,13481,0
11293,95091,41498,0
11294,63058,117909,0
11295,83724,111893,0
11296,114206,73830,0
11297,19602,152602,0
11298,115059,14887,0
11299,141443,152078,0
11300,141281,11650,0
11301,41587,143104,0
11302,14596,96978,0
11303,74993,13550,0
11304,66071,12469,0
11305,144833,146370,0
11306,72301,48602,0
11307,148484,63249,0
11308,123581,28634,0
11309,88204,122652,0
11310,136224,137525,0
11311,59265,80118,0
11312,144216,146887,0
11313,21370,23668,0
11314,141835,29032,0
11315,121974,143383,0
11316,100766,70782,0
11317,53999,81126,0
11318,87271,137936,0
11319,53008,106295,0
11320,150188,151013,0
11321,145672,74115,0
11322,35173,22384,0
11323,14357,135575,0
11324,42578,86090,0
11325,117692,109996,0
11326,120645,35088,0
11327,17287,36726,0
11328,32049,84783,0
11329,116823,11718,0
11330,52337,4623,0
11331,60611,90968,0
11332,147560,72163,0
11333,60584,131413,0
11334,139786,79342,0
11335,43046,67417,0
11336,39501,62391,0
11337,150472,86622,0
11338,45945,7555,0
11339,11500,82939,0
11340,123583,99307,0
11341,152503,42487,0
11342,140934,132324,0
11343,56171,23328,0
11344,13817,19101,0
11345,51697,9192,0
11346,70012,148425,0
11347,720,6327,0
11348,148496,106343,0
11349,25206,118795,0
11350,91245,94653,0
11351,154561,136945,0
11352,117530,65482,0
11353,67864,18845,0
11354,140554,80128,0
11355,94460,64970,0
11356,146997,47008,0
11357,17076,48319,0
11358,45896,5283,0
11359,33372,118892,0
11360,146078,5710,0
11361,95550,56947,0
11362,141564,21143,0
11363,60350,38211,0
11364,92142,18162,0
11365,36279,41247,0
11366,84813,50714,0
11367,132898,115356,0
11368,146293,84603,0
11369,17256,23975,0
11370,56569,21942,0
11371,110962,67762,0
11372,147458,72089,0
11373,22310,72037,0
11374,18332,147099,0
11375,122222,105143,0
11376,88509,77880,0
11377,127693,82421,0
11378,117507,131103,0
11379,16583,40428,0
11380,61734,82022,0
11381,11038,140819,0
11382,61656,42979,0
11383,22303,79631,0
11384,138900,42981,0
11385,135695,6332,0
11386,74443,69934,0
11387,22373,37691,0
11388,43692,123431,0
11389,95096,112791,0
11390,79031,36008,0
11391,26517,71858,0
11392,146572,63476,0
11393,124190,149443,0
11394,151923,88923,0
11395,128723,48636,0
11396,120856,29063,0
11397,70883,89254,0
11398,83654,42213,0
11399,23379,46944,0
11400,83265,26818,0
11401,134021,150090,0
11402,115104,60520,0
11403,80553,131823,0
11404,59810,18717,0
11405,60810,73640,0
11406,50329,22139,0
11407,39725,89243,0
11408,134772,49794,0
11409,87681,79321,0
11410,138981,67121,0
11411,71608,123317,0
11412,65242,114362,0
11413,90952,142462,0
11414,7435,19995,0
11415,75521,38294,0
11416,152029,95990,0
11417,66241,98534,0
11418,118219,7336,0
11419,131694,89786,0
11420,147873,121614,0
11421,2434,30680,0
11422,46027,141917,0
11423,116799,63522,0
11424,90025,13173,0
11425,34201,19163,0
11426,151304,79409,0
11427,1870,8067,0
11428,118396,153055,0
11429,18891,102506,0
11430,42021,14655,0
11431,30737,21962,0
11432,7638,110491,0
11433,22919,43220,0
11434,94278,100589,0
11435,151085,52895,0
11436,84045,84124,0
11437,12791,104860,0
11438,126387,53402,0
11439,16753,144706,0
11440,105123,148353,0
11441,96365,9753,0
11442,42316,123319,0
11443,51076,55749,0
11444,19747,92374,0
11445,23334,121034,0
11446,14143,142962,0
11447,31191,39744,0
11448,52286,86121,0
11449,72628,131390,0
11450,133007,55212,0
11451,2509,84628,0
11452,146617,39094,0
11453,74769,81798,0
11454,55889,150385,0
11455,154164,100138,0
11456,115511,43659,0
11457,11462,128972,0
11458,797,30269,0
11459,54990,61171,0
11460,111246,76706,0
11461,141359,11084,0
11462,100711,19118,0
11463,115786,50062,0
11464,74818,22983,0
11465,101326,140734,0
11466,72392,120888,0
11467,75610,4150,0
11468,123775,142023,0
11469,70769,22378,0
11470,99575,110524,0
11471,102872,19287,0
11472,44935,61547,0
11473,19525,23904,0
11474,25033,10575,0
11475,65503,82207,0
11476,1039,17637,0
11477,63287,47226,0
11478,82255,71985,0
11479,142837,39989,0
11480,106659,70031,0
11481,58394,3902,0
11482,73492,108339,0
11483,37385,78883,0
11484,104600,109597,0
11485,115617,43417,0
11486,42965,93938,0
11487,116632,94545,0
11488,153185,117163,0
11489,33714,63665,0
11490,51692,9440,0
11491,77434,125639,0
11492,33704,53196,0
11493,85713,51055,0
11494,138290,122157,0
11495,138916,114187,0
11496,43045,39171,0
11497,61513,59031,0
11498,132217,151573,0
11499,131531,148486,0
11500,29171,30346,0
11501,86730,116566,0
11502,126323,14060,0
11503,65248,143272,0
11504,125651,86754,0
11505,78713,68762,0
11506,84029,84301,0
11507,93016,62248,0
11508,48145,78801,0
11509,2384,92057,0
11510,97305,53095,0
11511,74479,50669,0
11512,19529,82016,0
11513,119300,27558,0
11514,81536,86940,0
11515,104093,117814,0
11516,24851,152599,0
11517,143116,152923,0
11518,52644,133256,0
11519,141260,5354,0
11520,61826,104500,0
11521,65452,77603,0
11522,140575,19946,0
11523,81672,27159,0
11524,134475,107567,0
11525,113717,42494,0
11526,86364,103803,0
11527,60371,57782,0
11528,61645,148921,0
11529,113176,14330,0
11530,109841,148411,0
11531,104369,134648,0
11532,141859,77456,0
11533,56706,90007,0
11534,89638,150204,0
11535,69594,116290,0
11536,104902,104965,0
11537,26890,133680,0
11538,131354,53638,0
11539,108457,10330,0
11540,40414,114572,0
11541,40539,12445,0
11542,146673,27255,0
11543,99820,134438,0
11544,37966,421,0
11545,91195,12910,0
11546,6788,123067,0
11547,123384,10847,0
11548,12147,137016,0
11549,5812,109853,0
11550,67217,78752,0
11551,80076,24482,0
11552,30500,140031,0
11553,117590,140277,0
11554,27356,21301,0
11555,152352,32994,0
11556,7061,133222,0
11557,95573,80242,0
11558,30248,35755,0
11559,136579,95912,0
11560,109869,73600,0
11561,65411,82004,0
11562,51877,22547,0
11563,126342,107042,0
11564,1324,56575,0
11565,126990,51055,0
11566,58856,73854,0
11567,151698,65245,0
11568,25340,111770,0
11569,60840,27261,0
11570,144705,107787,0
11571,17920,41762,0
11572,61089,69970,0
11573,29083,52751,0
11574,142019,86852,0
11575,129449,28990,0
11576,658,13542,0
11577,21012,40540,0
11578,118483,22346,0
11579,6456,95787,0
11580,90258,20659,0
11581,40477,47276,0
11582,146750,97634,0
11583,1379,90274,0
11584,132339,6606,0
11585,13347,70161,0
11586,131363,142536,0
11587,117205,8166,0
11588,23385,50659,0
11589,109729,16784,0
11590,90737,113325,0
11591,101897,126988,0
11592,108600,68988,0
11593,120883,31101,0
11594,85585,102274,0
11595,49375,106759,0
11596,32377,80120,0
11597,57698,48602,0
11598,122714,16709,0
11599,129016,97894,0
11600,3784,153850,0
11601,111688,147010,0
11602,91871,122288,0
11603,31314,61733,0
11604,33981,132675,0
11605,58312,33605,0
11606,87836,52517,0
11607,143458,69403,0
11608,140872,119936,0
11609,101205,132048,0
11610,87515,118325,0
11611,19906,148557,0
11612,128932,23558,0
11613,18352,106841,0
11614,17123,67387,0
11615,6665,95944,0
11616,92125,121208,0
11617,53180,53452,0
11618,117782,37161,0
11619,53520,149857,0
11620,54335,41556,0
11621,21408,135614,0
11622,111743,90406,0
11623,74011,77725,0
11624,147702,139668,0
11625,69689,76967,0
11626,93493,57964,0
11627,93804,21876,0
11628,55063,123814,0
11629,40754,58018,0
11630,34693,70115,0
11631,48905,108090,0
11632,59360,65571,0
11633,47101,8362,0
11634,56109,52908,0
11635,93548,113423,0
11636,52112,142611,0
11637,150683,79933,0
11638,90118,72226,0
11639,104649,89115,0
11640,20921,26065,0
11641,150811,77882,0
11642,16328,1968,0
11643,124170,74277,0
11644,13518,117550,0
11645,35022,101260,0
11646,10123,77016,0
11647,25152,143865,0
11648,80094,127367,0
11649,111336,147013,0
11650,16662,127598,0
11651,54830,16951,0
11652,78139,56797,0
11653,153253,64834,0
11654,148831,63262,0
11655,118664,27504,0
11656,33291,135523,0
11657,131673,95610,0
11658,48365,106827,0
11659,115825,149296,0
11660,4574,52331,0
11661,115869,34950,0
11662,102249,92417,0
11663,138180,148715,0
11664,118608,81593,0
11665,34834,129451,0
11666,73316,135167,0
11667,21086,100228,0
11668,12429,111112,0
11669,79851,125228,0
11670,9442,128752,0
11671,11840,126671,0
11672,5252,149628,0
11673,20165,149970,0
11674,139786,84930,0
11675,138569,61663,0
11676,49074,131698,0
11677,90676,76866,0
11678,153702,141804,0
11679,46495,146648,0
11680,11540,4380,0
11681,148759,6060,0
11682,6510,57182,0
11683,72706,139247,0
11684,130229,102212,0
11685,120411,131433,0
11686,20371,89139,0
11687,47240,86634,0
11688,89500,115731,0
11689,86960,3896,0
11690,10814,118977,0
11691,127072,103112,0
11692,65804,80621,0
11693,60856,37363,0
11694,105905,13060,0
11695,60698,74561,0
11696,123370,139660,0
11697,291,66617,0
11698,143280,154671,0
11699,139348,25584,0
11700,15120,132422,0
11701,155056,52606,0
11702,93091,25187,0
11703,140072,130435,0
11704,80582,91103,0
11705,73596,69669,0
11706,68236,65305,0
11707,44316,5117,0
11708,42076,123787,0
11709,8596,143033,0
11710,67462,73342,0
11711,44635,46164,0
11712,67965,19236,0
11713,19797,46438,0
11714,108879,136268,0
11715,48285,74548,0
11716,84110,154968,0
11717,143094,123284,0
11718,105574,139827,0
11719,105949,55992,0
11720,27111,19016,0
11721,112042,38064,0
11722,146776,90408,0
11723,104829,87466,0
11724,152489,144215,0
11725,48968,100776,0
11726,136262,33852,0
11727,12265,18118,0
11728,35343,9899,0
11729,101439,1894,0
11730,9134,10304,0
11731,81588,27548,0
11732,109530,135881,0
11733,14813,64709,0
11734,137716,73916,0
11735,25741,111088,0
11736,76585,86970,0
11737,100122,119589,0
11738,121516,54502,0
11739,43627,7536,0
11740,41608,107854,0
11741,103341,17589,0
11742,12224,29353,0
11743,99917,72748,0
11744,120645,84300,0
11745,129778,48828,0
11746,64874,153063,0
11747,118672,66363,0
11748,12644,43856,0
11749,63729,2698,0
11750,37791,46782,0
11751,17553,8766,0
11752,19863,94846,0
11753,112072,122931,0
11754,102054,29479,0
11755,13452,754,0
11756,139786,8502,0
11757,154096,44430,0
11758,36271,9066,0
11759,85167,89897,0
11760,99029,40078,0
11761,77468,94364,0
11762,63699,66586,0
11763,150493,73730,0
11764,114563,40365,0
11765,138031,123136,0
11766,81315,31165,0
11767,32061,94719,0
11768,148825,154765,0
11769,109663,55594,0
11770,37482,44738,0
11771,112905,59977,0
11772,110750,35424,0
11773,115457,120943,0
11774,23392,55359,0
11775,152726,83345,0
11776,55798,35398,0
11777,51484,104975,0
11778,141361,137985,0
11779,39472,53552,0
11780,17257,66833,0
11781,84644,116906,0
11782,151565,103196,0
11783,87983,16867,0
11784,138628,111179,0
11785,101918,62128,0
11786,30121,102626,0
11787,53167,132158,0
11788,3641,135737,0
11789,69843,25585,0
11790,85998,101872,0
11791,80254,116871,0
11792,19022,56437,0
11793,21719,150085,0
11794,97333,59013,0
11795,37345,126216,0
11796,39326,28589,0
11797,112605,7031,0
11798,10067,101585,0
11799,43441,10373,0
11800,101611,76579,0
11801,134796,152445,0
11802,134654,142208,0
11803,32766,141492,0
11804,150447,122782,0
11805,96512,40898,0
11806,11263,17107,0
11807,18285,54481,0
11808,1223,151909,0
11809,103498,53732,0
11810,110017,103864,0
11811,141869,76563,0
11812,108069,713,0
11813,95559,50345,0
11814,143994,140568,0
11815,112451,40860,0
11816,153645,150411,0
11817,59675,138740,0
11818,122737,136410,0
11819,62678,148320,0
11820,139710,94874,0
11821,92764,9276,0
11822,34869,87819,0
11823,145155,14502,0
11824,130097,125723,0
11825,36122,108531,0
11826,119282,124065,0
11827,147577,1637,0
11828,36269,79491,0
11829,132956,75506,0
11830,97167,149049,0
11831,56538,16415,0
11832,153232,83337,0
11833,114216,59422,0
11834,98599,69853,0
11835,142611,133927,0
11836,78133,43217,0
11837,3445,51837,0
11838,53619,137448,0
11839,4402,150557,0
11840,78927,73225,0
11841,144796,23852,0
11842,82716,132031,0
11843,61305,139706,0
11844,139063,95041,0
11845,92715,96373,0
11846,141236,68739,0
11847,71512,106244,0
11848,55535,130094,0
11849,74796,41799,0
11850,6608,136968,0
11851,148759,22378,0
11852,7105,141355,0
11853,109156,137401,0
11854,154481,80278,0
11855,34403,57899,0
11856,22507,141833,0
11857,154395,130227,0
11858,129655,18841,0
11859,127335,70496,0
11860,118527,80010,0
11861,3775,72624,0
11862,1100,39272,0
11863,136088,143262,0
11864,37603,137045,0
11865,6546,47072,0
11866,43235,53274,0
11867,43142,89198,0
11868,149432,2048,0
11869,57263,44360,0
11870,112698,122155,0
11871,115974,94467,0
11872,90787,131426,0
11873,154436,47457,0
11874,52180,142145,0
11875,91257,131300,0
11876,10497,153029,0
11877,79803,67675,0
11878,30125,143087,0
11879,110379,123738,0
11880,101611,48012,0
11881,78187,154939,0
11882,155004,136449,0
11883,92228,134296,0
11884,147747,95216,0
11885,16354,109243,0
11886,150634,113671,0
11887,34727,11811,0
11888,106317,143037,0
11889,37975,8492,0
11890,110368,150818,0
11891,144271,21378,0
11892,100184,153841,0
11893,90008,83784,0
11894,84035,52751,0
11895,54082,52251,0
11896,144754,122720,0
11897,1404,88720,0
11898,106915,136714,0
11899,138572,17916,0
11900,137736,62144,0
11901,55352,23774,0
11902,63840,119041,0
11903,143297,48801,0
11904,51458,20327,0
11905,26282,137435,0
11906,35093,74986,0
11907,62906,131460,0
11908,73596,147914,0
11909,24747,20942,0
11910,35536,122264,0
11911,52424,54190,0
11912,122843,96990,0
11913,6544,128768,0
11914,55376,120053,0
11915,24026,129566,0
11916,104882,4832,0
11917,43363,17065,0
11918,46037,65143,0
11919,66814,110553,0
11920,109153,74761,0
11921,88599,139477,0
11922,57307,43072,0
11923,24057,105620,0
11924,59778,99263,0
11925,123985,71981,0
11926,105548,107991,0
11927,108392,148465,0
11928,49736,73490,0
11929,133778,27345,0
11930,139941,41135,0
11931,36145,69686,0
11932,48750,91905,0
11933,72972,92085,0
11934,100241,110114,0
11935,18948,46865,0
11936,48094,21171,0
11937,19235,57550,0
11938,102017,47008,0
11939,99457,96352,0
11940,97215,53084,0
11941,39486,133256,0
11942,89298,23832,0
11943,114270,41319,0
11944,67513,133633,0
11945,84772,64273,0
11946,9904,56953,0
11947,89655,128098,0
11948,44615,67704,0
11949,131942,139193,0
11950,5519,49724,0
11951,108607,50911,0
11952,72943,83220,0
11953,100277,123033,0
11954,122633,21932,0
11955,131156,150082,0
11956,110740,153477,0
11957,73748,56274,0
11958,80164,84767,0
11959,35434,65561,0
11960,48129,40215,0
11961,100278,16403,0
11962,26251,127766,0
11963,77459,109186,0
11964,91022,116644,0
11965,134732,32973,0
11966,127739,65446,0
11967,142003,107462,0
11968,47829,143630,0
11969,67576,77934,0
11970,79976,13887,0
11971,7253,96071,0
11972,94518,126752,0
11973,37440,145837,0
11974,146507,55422,0
11975,125950,22981,0
11976,147507,133057,0
11977,67395,70234,0
11978,93655,54452,0
11979,2139,127841,0
11980,111731,52058,0
11981,123263,42772,0
11982,125403,86551,0
11983,142362,99896,0
11984,82839,13800,0
11985,97327,139026,0
11986,121116,28048,0
11987,8027,119125,0
11988,105116,134338,0
11989,68801,32153,0
11990,61678,21950,0
11991,55409,128129,0
11992,37605,20334,0
11993,18437,72612,0
11994,689,142403,0
11995,58743,38310,0
11996,11705,40177,0
11997,113918,63111,0
11998,88922,121835,0
11999,28696,149651,0
12000,25338,59433,0
12001,96755,65762,0
12002,149248,139520,0
12003,43014,77254,0
12004,87908,42037,0
12005,47423,90246,0
12006,88615,106871,0
12007,144024,108229,0
12008,6430,31590,0
12009,144828,130894,0
12010,126762,140773,0
12011,71592,52039,0
12012,152479,140155,0
12013,43330,138772,0
12014,112046,104834,0
12015,62251,131509,0
12016,124694,99095,0
12017,9151,15865,0
12018,13661,80934,0
12019,119421,80772,0
12020,133404,133213,0
12021,116415,67332,0
12022,19767,130255,0
12023,13667,55041,0
12024,113514,137685,0
12025,148235,36229,0
12026,76053,80261,0
12027,101848,153164,0
12028,9476,34371,0
12029,107784,46370,0
12030,152136,122911,0
12031,39928,44218,0
12032,117445,144108,0
12033,245,95923,0
12034,89368,20689,0
12035,137155,148927,0
12036,87770,8989,0
12037,140353,155045,0
12038,84307,30785,0
12039,76473,71391,0
12040,84031,101907,0
12041,3081,1413,0
12042,140075,126361,0
12043,127135,115035,0
12044,43771,50659,0
12045,95855,42963,0
12046,45103,71172,0
12047,7018,31820,0
12048,49046,95708,0
12049,97771,18024,0
12050,5883,7233,0
12051,86400,22991,0
12052,5284,129204,0
12053,17247,10019,0
12054,107067,17260,0
12055,49570,117172,0
12056,52466,72691,0
12057,64075,27071,0
12058,144252,110724,0
12059,132035,134610,0
12060,111983,88795,0
12061,22702,30303,0
12062,41500,53727,0
12063,18741,83172,0
12064,62585,98309,0
12065,71513,40193,0
12066,52625,14193,0
12067,1792,16970,0
12068,118808,16084,0
12069,39837,55458,0
12070,4956,10972,0
12071,81399,125513,0
12072,50965,138306,0
12073,141096,23683,0
12074,53649,52068,0
12075,50788,147710,0
12076,152824,149635,0
12077,150627,86576,0
12078,32827,153443,0
12079,38386,79155,0
12080,32599,17851,0
12081,140481,92751,0
12082,63518,97449,0
12083,111353,85787,0
12084,17525,60542,0
12085,110374,89136,0
12086,134306,5521,0
12087,47936,148603,0
12088,107756,21221,0
12089,146626,108031,0
12090,46738,116503,0
12091,41431,24556,0
12092,114007,71635,0
12093,27333,27935,0
12094,120683,19102,0
12095,141453,56439,0
12096,34780,143546,0
12097,86910,101541,0
12098,102345,57799,0
12099,99670,94165,0
12100,3015,2033,0
12101,54942,129512,0
12102,87268,29146,0
12103,56153,6049,0
12104,147962,11216,0
12105,146878,43932,0
12106,36026,136709,0
12107,135596,149121,0
12108,144595,31234,0
12109,131384,88912,0
12110,139602,32358,0
12111,106451,9065,0
12112,117736,26627,0
12113,24057,18498,0
12114,117251,17211,0
12115,146996,122328,0
12116,112907,53601,0
12117,149251,154603,0
12118,5683,65628,0
12119,148433,12367,0
12120,152881,127019,0
12121,85184,60949,0
12122,4755,149585,0
12123,34873,11460,0
12124,29904,53131,0
12125,45355,88902,0
12126,71290,68129,0
12127,137411,80857,0
12128,279,6100,0
12129,91058,51755,0
12130,57968,40079,0
12131,103752,72650,0
12132,63296,129938,0
12133,139908,67792,0
12134,65124,58795,0
12135,92694,129386,0
12136,35732,44232,0
12137,116043,129246,0
12138,149104,91576,0
12139,29376,130432,0
12140,82858,11684,0
12141,142314,80230,0
12142,101439,7156,0
12143,133393,1972,0
12144,127010,128056,0
12145,122314,5044,0
12146,10716,71232,0
12147,147192,115819,0
12148,127572,50369,0
12149,137847,33021,0
12150,124791,57392,0
12151,139152,11266,0
12152,120113,94751,0
12153,90739,11297,0
12154,54116,122345,0
12155,82112,57472,0
12156,57193,98022,0
12157,2832,37981,0
12158,129624,121583,0
12159,17661,10880,0
12160,98422,76465,0
12161,14815,92657,0
12162,38072,38057,0
12163,152518,109792,0
12164,72663,117155,0
12165,138999,128869,0
12166,119253,123196,0
12167,27974,125330,0
12168,118270,127053,0
12169,107198,57547,0
12170,131243,129869,0
12171,62370,152035,0
12172,130249,94679,0
12173,573,146699,0
12174,92191,135022,0
12175,64240,19009,0
12176,118914,24369,0
12177,41317,8030,0
12178,102524,5766,0
12179,15257,73360,0
12180,1128,12603,0
12181,133422,26639,0
12182,54078,22658,0
12183,25796,18205,0
12184,69196,46828,0
12185,134146,37091,0
12186,17542,108038,0
12187,18146,62286,0
12188,100241,124973,0
12189,110459,80729,0
12190,42498,71978,0
12191,35006,107994,0
12192,88100,55631,0
12193,120977,119733,0
12194,101476,129656,0
12195,147785,71118,0
12196,72760,118279,0
12197,33966,81926,0
12198,30154,109548,0
12199,66100,57746,0
12200,103351,79110,0
12201,76170,23212,0
12202,57370,13910,0
12203,48313,99987,0
12204,6894,92512,0
12205,8013,107313,0
12206,25725,35813,0
12207,10286,145513,0
12208,81497,88656,0
12209,39106,13316,0
12210,126847,38117,0
12211,17194,146076,0
12212,11583,134819,0
12213,133195,142615,0
12214,104082,65980,0
12215,122285,118255,0
12216,95173,83598,0
12217,12025,75813,0
12218,5915,46855,0
12219,138985,109067,0
12220,15481,29019,0
12221,54040,11197,0
12222,74697,1369,0
12223,126189,91315,0
12224,34715,64651,0
12225,106395,112584,0
12226,31416,125648,0
12227,97610,153734,0
12228,95777,47929,0
12229,33692,119387,0
12230,102009,120164,0
12231,23828,31601,0
12232,104270,99444,0
12233,14402,17829,0
12234,134119,108143,0
12235,152606,49255,0
12236,122970,52120,0
12237,125329,30673,0
12238,30434,39044,0
12239,30821,145800,0
12240,30262,78996,0
12241,71120,130847,0
12242,48897,142557,0
12243,137677,20131,0
12244,72100,53652,0
12245,12747,85258,0
12246,93059,44670,0
12247,129692,36333,0
12248,7433,570,0
12249,77642,49848,0
12250,137742,97671,0
12251,80850,146994,0
12252,121106,89875,0
12253,65986,19424,0
12254,1101,22526,0
12255,116382,114344,0
12256,16248,140172,0
12257,138099,55683,0
12258,109669,66990,0
12259,68146,13578,0
12260,112183,33882,0
12261,59308,18032,0
12262,77825,59357,0
12263,44383,132419,0
12264,7930,22250,0
12265,104224,18805,0
12266,47960,61682,0
12267,108611,139487,0
12268,80882,118320,0
12269,18548,78604,0
12270,11621,10056,0
12271,149150,20549,0
12272,133095,31725,0
12273,122031,30021,0
12274,59866,77319,0
12275,99590,102204,0
12276,101914,140574,0
12277,118318,122178,0
12278,110040,58874,0
12279,116540,5511,0
12280,90118,103762,0
12281,9377,32232,0
12282,107339,146940,0
12283,87554,59497,0
12284,105612,42092,0
12285,124533,48213,0
12286,152203,33750,0
12287,38527,83341,0
12288,38098,96154,0
12289,155130,45222,0
12290,119848,45548,0
12291,52429,101037,0
12292,73980,146089,0
12293,70269,66164,0
12294,109076,131551,0
12295,28350,144106,0
12296,53095,93770,0
12297,66968,884,0
12298,23029,13265,0
12299,72931,2730,0
12300,131502,10779,0
12301,105256,115591,0
12302,82625,10455,0
12303,98036,27845,0
12304,114516,115605,0
12305,14883,151533,0
12306,74777,58589,0
12307,5758,123926,0
12308,81851,5449,0
12309,97575,97661,0
12310,29809,138360,0
12311,24696,70420,0
12312,82007,56178,0
12313,3190,133078,0
12314,73256,116947,0
12315,91010,65043,0
12316,87266,91550,0
12317,153046,93221,0
12318,154913,33501,0
12319,100516,80967,0
12320,55860,126626,0
12321,41756,36474,0
12322,127700,21279,0
12323,3340,56221,0
12324,96523,131279,0
12325,80010,14997,0
12326,112742,8209,0
12327,84053,147764,0
12328,70696,128280,0
12329,67127,81555,0
12330,22669,83067,0
12331,129071,40144,0
12332,90975,67883,0
12333,134702,147106,0
12334,140386,72781,0
12335,119622,13856,0
12336,2071,94585,0
12337,117203,67625,0
12338,93876,8397,0
12339,43221,53140,0
12340,58029,28434,0
12341,115877,34283,0
12342,91731,49577,0
12343,60316,72754,0
12344,146466,18406,0
12345,123071,43764,0
12346,99329,74694,0
12347,131373,29201,0
12348,54394,53992,0
12349,36171,129919,0
12350,20284,95738,0
12351,30939,148833,0
12352,137671,47430,0
12353,120052,79161,0
12354,42196,37875,0
12355,99942,85982,0
12356,76324,28561,0
12357,65667,88655,0
12358,12845,154300,0
12359,148173,84683,0
12360,117329,31161,0
12361,150888,18516,0
12362,121153,130045,0
12363,18627,138487,0
12364,149279,103371,0
12365,147461,34917,0
12366,85933,89273,0
12367,121941,18799,0
12368,102980,128458,0
12369,39161,84858,0
12370,126905,32176,0
12371,121625,16844,0
12372,1746,239,0
12373,59006,142084,0
12374,112611,125716,0
12375,134663,86018,0
12376,146472,83282,0
12377,28828,22056,0
12378,44874,46000,0
12379,96335,148882,0
12380,52539,130238,0
12381,27771,105379,0
12382,65523,153070,0
12383,146379,2085,0
12384,29011,80904,0
12385,6834,84640,0
12386,92419,129408,0
12387,3681,88390,0
12388,6631,20200,0
12389,81738,118289,0
12390,58246,107887,0
12391,144538,114757,0
12392,105103,60380,0
12393,102774,112324,0
12394,152637,94434,0
12395,5895,61072,0
12396,117387,59244,0
12397,60793,142366,0
12398,10556,73066,0
12399,76648,41003,0
12400,101081,105907,0
12401,128495,135978,0
12402,33705,87540,0
12403,34268,151070,0
12404,98254,70163,0
12405,113564,131504,0
12406,122793,148104,0
12407,152433,106905,0
12408,95672,67124,0
12409,133622,62332,0
12410,127905,89362,0
12411,35300,153835,0
12412,115337,13211,0
12413,110150,82558,0
12414,154643,57635,0
12415,102549,86929,0
12416,88629,141034,0
12417,58742,82228,0
12418,4476,40563,0
12419,70778,89362,0
12420,45116,39811,0
12421,62067,97435,0
12422,71746,85928,0
12423,26154,36392,0
12424,86094,148098,0
12425,53419,106452,0
12426,149424,112919,0
12427,74116,135636,0
12428,29482,134433,0
12429,48431,84384,0
12430,145375,41416,0
12431,154725,61666,0
12432,31775,52248,0
12433,84280,129674,0
12434,50929,142575,0
12435,151816,149857,0
12436,49041,107285,0
12437,66962,73533,0
12438,82539,62448,0
12439,50929,46334,0
12440,13541,150510,0
12441,51901,27642,0
12442,49540,144945,0
12443,72835,48024,0
12444,30311,151370,0
12445,148646,126747,0
12446,79431,109182,0
12447,129819,153365,0
12448,145973,96753,0
12449,148005,96641,0
12450,2950,69294,0
12451,5822,10885,0
12452,51145,83430,0
12453,42662,19392,0
12454,24579,125780,0
12455,68702,33341,0
12456,90093,107103,0
12457,14807,23637,0
12458,2989,21441,0
12459,81095,95721,0
12460,73246,7945,0
12461,138760,149369,0
12462,141060,73999,0
12463,81214,51880,0
12464,80806,25014,0
12465,16345,53934,0
12466,50718,95083,0
12467,126539,145140,0
12468,33260,9164,0
12469,144667,142219,0
12470,9652,61019,0
12471,21399,38430,0
12472,103075,100064,0
12473,47679,132091,0
12474,41847,394,0
12475,51033,148431,0
12476,68285,42907,0
12477,42863,123022,0
12478,95147,113006,0
12479,27090,153386,0
12480,32736,126994,0
12481,44277,24975,0
12482,31760,151975,0
12483,13213,146397,0
12484,93229,61935,0
12485,147217,126145,0
12486,122325,40935,0
12487,18248,37763,0
12488,30128,148630,0
12489,116319,71568,0
12490,1836,6780,0
12491,103451,112935,0
12492,105866,65256,0
12493,35771,149084,0
12494,142048,43564,0
12495,130425,38474,0
12496,111370,23682,0
12497,138218,42641,0
12498,102911,60324,0
12499,107953,88193,0
12500,135756,115602,0
12501,139927,140989,0
12502,131501,89157,0
12503,40720,86586,0
12504,24493,28109,0
12505,44257,85699,0
12506,62352,150479,0
12507,90663,126886,0
12508,68574,135850,0
12509,107423,463,0
12510,150913,22981,0
12511,136645,39397,0
12512,77387,3876,0
12513,117040,70396,0
12514,133038,84013,0
12515,33001,97542,0
12516,102528,77705,0
12517,3894,153257,0
12518,39718,142929,0
12519,98876,13314,0
12520,105106,130739,0
12521,111336,79190,0
12522,30261,126909,0
12523,43526,46937,0
12524,23333,43106,0
12525,77434,2502,0
12526,70861,29536,0
12527,51224,55272,0
12528,51752,43591,0
12529,81563,130982,0
12530,41418,47777,0
12531,123067,9909,0
12532,67327,2916,0
12533,12281,145929,0
12534,88640,43788,0
12535,49480,19415,0
12536,110131,141725,0
12537,61469,55297,0
12538,89478,40238,0
12539,68934,106568,0
12540,143390,135404,0
12541,102951,42537,0
12542,19690,144400,0
12543,141221,117935,0
12544,99537,5635,0
12545,80553,72436,0
12546,4029,32821,0
12547,32366,45931,0
12548,146132,76712,0
12549,109751,86059,0
12550,36988,11837,0
12551,35440,51151,0
12552,82992,58177,0
12553,48523,143137,0
12554,142597,7814,0
12555,37037,117356,0
12556,16892,55728,0
12557,147094,140756,0
12558,138331,154763,0
12559,31781,63889,0
12560,19839,149101,0
12561,18432,118778,0
12562,70665,53333,0
12563,148054,50083,0
12564,29272,46146,0
12565,120790,89922,0
12566,123741,73891,0
12567,3902,146940,0
12568,114367,81865,0
12569,129219,84863,0
12570,128063,105205,0
12571,127784,150718,0
12572,79480,17109,0
12573,6708,65364,0
12574,6686,69928,0
12575,36921,80476,0
12576,92755,23377,0
12577,46037,152946,0
12578,82540,144985,0
12579,28114,80897,0
12580,96538,112495,0
12581,10239,103277,0
12582,140844,131097,0
12583,29300,64692,0
12584,21008,59766,0
12585,119940,34979,0
12586,23165,59530,0
12587,14548,59921,0
12588,82744,42805,0
12589,11890,56698,0
12590,86355,138253,0
12591,1684,131002,0
12592,70998,147261,0
12593,36462,127006,0
12594,68990,31798,0
12595,70224,12182,0
12596,46173,120390,0
12597,82870,141499,0
12598,103064,153000,0
12599,30464,141847,0
12600,138218,82318,0
12601,78060,80145,0
12602,24151,41487,0
12603,124517,148372,0
12604,153414,140044,0
12605,16136,69660,0
12606,14753,47112,0
12607,34867,40268,0
12608,77857,79310,0
12609,138065,101402,0
12610,34043,65776,0
12611,59535,10181,0
12612,38933,93045,0
12613,93506,77334,0
12614,104533,102929,0
12615,23727,43252,0
12616,94769,141291,0
12617,83225,1840,0
12618,48948,134201,0
12619,140467,131413,0
12620,108951,119084,0
12621,142996,133914,0
12622,79016,133843,0
12623,6365,10969,0
12624,59516,66547,0
12625,115764,145512,0
12626,77724,66413,0
12627,81572,109380,0
12628,109453,126085,0
12629,128225,107065,0
12630,43359,64759,0
12631,71824,128710,0
12632,146237,126406,0
12633,24431,33796,0
12634,56271,44132,0
12635,143524,59241,0
12636,124081,27347,0
12637,15681,63293,0
12638,96616,142692,0
12639,26796,97253,0
12640,45680,102984,0
12641,144908,119374,0
12642,4129,114486,0
12643,25554,93933,0
12644,101357,154486,0
12645,91821,38069,0
12646,136375,116902,0
12647,50413,135648,0
12648,78180,43776,0
12649,106019,44985,0
12650,78502,22300,0
12651,74854,2311,0
12652,19165,105984,0
12653,13900,37449,0
12654,40765,55945,0
12655,63837,70358,0
12656,45537,75920,0
12657,135888,129976,0
12658,150837,14687,0
12659,35092,1812,0
12660,35176,110237,0
12661,40673,117143,0
12662,14422,21591,0
12663,148488,131742,0
12664,18810,85758,0
12665,85953,150020,0
12666,96347,93845,0
12667,17915,112423,0
12668,75382,148245,0
12669,138597,9944,0
12670,77347,120274,0
12671,132805,153766,0
12672,129321,78765,0
12673,114608,101683,0
12674,12456,94973,0
12675,51074,64456,0
12676,87060,99285,0
12677,151754,4677,0
12678,112720,73448,0
12679,131585,111339,0
12680,76049,6842,0
12681,23095,140631,0
12682,92012,10106,0
12683,143468,95916,0
12684,65396,105901,0
12685,14751,101999,0
12686,51484,56916,0
12687,64406,5475,0
12688,90012,16879,0
12689,126243,30547,0
12690,40404,64846,0
12691,149128,121803,0
12692,77769,17931,0
12693,10199,43012,0
12694,103132,65225,0
12695,131233,81469,0
12696,25223,61762,0
12697,126389,85827,0
12698,147273,76317,0
12699,68162,68791,0
12700,118101,43955,0
12701,125145,123934,0
12702,62884,93794,0
12703,61643,63441,0
12704,74086,21202,0
12705,120699,10567,0
12706,146527,69638,0
12707,116478,62298,0
12708,13450,23446,0
12709,149418,18723,0
12710,139338,123768,0
12711,60584,76527,0
12712,12594,140448,0
12713,97776,75530,0
12714,46705,29143,0
12715,118608,103085,0
12716,32042,111863,0
12717,6278,73798,0
12718,133826,137833,0
12719,117666,150652,0
12720,66999,2463,0
12721,105514,102439,0
12722,17570,137093,0
12723,12171,103920,0
12724,115444,106443,0
12725,140133,972,0
12726,106900,13446,0
12727,79648,72962,0
12728,104649,131601,0
12729,57929,61813,0
12730,141757,92736,0
12731,23379,85550,0
12732,98324,133779,0
12733,136029,55415,0
12734,39664,69190,0
12735,44571,67816,0
12736,110021,75396,0
12737,2716,148886,0
12738,115396,112812,0
12739,52206,123926,0
12740,137598,132797,0
12741,38997,50246,0
12742,109640,62672,0
12743,61707,59351,0
12744,149130,1957,0
12745,2951,64979,0
12746,111837,140910,0
12747,116154,30229,0
12748,24176,26548,0
12749,2361,70384,0
12750,111712,47196,0
12751,118671,92055,0
12752,15648,144814,0
12753,136263,17962,0
12754,66163,109070,0
12755,96916,27230,0
12756,61836,146161,0
12757,60288,123857,0
12758,148037,95879,0
12759,33449,116653,0
12760,143620,100574,0
12761,19054,122954,0
12762,1837,80675,0
12763,13527,3733,0
12764,118961,75944,0
12765,24644,149865,0
12766,109154,8361,0
12767,93502,58345,0
12768,87833,36252,0
12769,119337,32345,0
12770,25236,35733,0
12771,91883,91061,0
12772,19036,22357,0
12773,84157,91951,0
12774,152455,140160,0
12775,34170,39586,0
12776,53716,134133,0
12777,42515,54908,0
12778,147005,23702,0
12779,108778,78415,0
12780,119415,26315,0
12781,3225,51927,0
12782,13450,33222,0
12783,35616,109682,0
12784,49243,142242,0
12785,39859,96629,0
12786,116027,12141,0
12787,50043,128506,0
12788,92988,49472,0
12789,129118,80545,0
12790,144386,67865,0
12791,94584,38800,0
12792,48393,83175,0
12793,117721,28796,0
12794,40537,9769,0
12795,121460,139783,0
12796,84036,138506,0
12797,48453,15057,0
12798,25773,18536,0
12799,42298,35661,0
12800,2823,64983,0
12801,86803,98679,0
12802,92475,132059,0
12803,85752,98549,0
12804,32928,25429,0
12805,97890,96247,0
12806,118852,21270,0
12807,47745,50493,0
12808,141828,14719,0
12809,92718,123931,0
12810,64564,91724,0
12811,128967,50229,0
12812,34788,11579,0
12813,51390,134553,0
12814,27593,1562,0
12815,109198,15380,0
12816,17850,38761,0
12817,86599,79449,0
12818,129968,105901,0
12819,151856,147238,0
12820,104996,61964,0
12821,108483,108222,0
12822,112580,99622,0
12823,91681,70629,0
12824,30937,17455,0
12825,86285,30532,0
12826,31485,111627,0
12827,91257,85336,0
12828,105574,34229,0
12829,142906,101200,0
12830,95586,148217,0
12831,140881,106318,0
12832,91082,142281,0
12833,38282,121449,0
12834,5934,61004,0
12835,107060,111885,0
12836,45286,49722,0
12837,40163,84172,0
12838,137364,95680,0
12839,49777,10927,0
12840,41245,24305,0
12841,111452,69902,0
12842,9478,102164,0
12843,49760,66961,0
12844,144758,15475,0
12845,128012,17120,0
12846,52728,92196,0
12847,64052,42561,0
12848,99408,155135,0
12849,149256,114577,0
12850,8591,32107,0
12851,6947,89772,0
12852,145561,106670,0
12853,108440,108438,0
12854,108231,39881,0
12855,78880,13105,0
12856,101784,42315,0
12857,66447,17381,0
12858,113484,113648,0
12859,1072,106594,0
12860,15370,75182,0
12861,12493,69476,0
12862,73241,22138,0
12863,116965,134875,0
12864,107035,129971,0
12865,86591,104199,0
12866,37207,145167,0
12867,148616,103726,0
12868,55872,54495,0
12869,144249,86657,0
12870,79634,43203,0
12871,70761,136121,0
12872,43889,33580,0
12873,71510,65022,0
12874,102077,150480,0
12875,96033,27328,0
12876,82832,131247,0
12877,39718,48700,0
12878,49337,35129,0
12879,46521,90344,0
12880,118854,105020,0
12881,22076,105018,0
12882,50478,36280,0
12883,74110,39922,0
12884,17952,77941,0
12885,92096,23922,0
12886,74374,40070,0
12887,88597,40226,0
12888,61466,32115,0
12889,57389,128239,0
12890,25680,10444,0
12891,96239,57307,0
12892,76940,101770,0
12893,43370,94624,0
12894,105134,44512,0
12895,135108,80035,0
12896,98407,105129,0
12897,29853,19701,0
12898,57118,16055,0
12899,79002,19936,0
12900,92884,102427,0
12901,113061,50658,0
12902,18282,32318,0
12903,44275,103034,0
12904,58347,109280,0
12905,34286,20092,0
12906,36566,86683,0
12907,29600,145459,0
12908,135924,82468,0
12909,100747,97352,0
12910,109759,30289,0
12911,97393,45459,0
12912,89845,35180,0
12913,90231,104037,0
12914,103352,95498,0
12915,114993,39682,0
12916,125376,114625,0
12917,92045,14269,0
12918,113375,83170,0
12919,57596,121924,0
12920,27868,76604,0
12921,18228,79098,0
12922,86269,125998,0
12923,106195,82939,0
12924,61002,62502,0
12925,35954,93850,0
12926,136719,50845,0
12927,35636,33082,0
12928,140156,11876,0
12929,24598,72662,0
12930,129941,74971,0
12931,130266,106992,0
12932,80899,122654,0
12933,83005,139378,0
12934,63700,96410,0
12935,89046,36111,0
12936,142526,63029,0
12937,48137,89379,0
12938,93453,107884,0
12939,143713,50486,0
12940,113225,62068,0
12941,104144,45506,0
12942,91562,22132,0
12943,109211,23287,0
12944,90239,22201,0
12945,59843,9628,0
12946,97736,37398,0
12947,69648,6014,0
12948,75019,9820,0
12949,103097,57627,0
12950,139786,132615,0
12951,32511,142403,0
12952,109453,151627,0
12953,5826,67121,0
12954,146785,73717,0
12955,56446,49849,0
12956,138725,12975,0
12957,3126,8958,0
12958,64930,78160,0
12959,26706,146329,0
12960,97493,54713,0
12961,116900,63876,0
12962,59689,27120,0
12963,134168,79373,0
12964,116987,39171,0
12965,65832,151228,0
12966,60164,114398,0
12967,91670,114571,0
12968,143723,61847,0
12969,114644,72753,0
12970,87489,149422,0
12971,34556,14976,0
12972,109460,25385,0
12973,99282,61453,0
12974,96566,25457,0
12975,65034,104897,0
12976,26490,145318,0
12977,31639,80605,0
12978,19263,71048,0
12979,38177,73590,0
12980,48101,67138,0
12981,110787,143466,0
12982,41237,64065,0
12983,24742,30319,0
12984,147571,87473,0
12985,17607,16749,0
12986,145175,43617,0
12987,1785,12885,0
12988,26749,143047,0
12989,113520,15384,0
12990,103523,16490,0
12991,151113,12014,0
12992,65495,141938,0
12993,3364,47104,0
12994,140181,81306,0
12995,111911,125947,0
12996,67807,67688,0
12997,26393,120179,0
12998,74797,81511,0
12999,118672,106309,0
13000,100227,59371,0
13001,142963,128671,0
13002,94226,54183,0
13003,4756,59768,0
13004,17283,71297,0
13005,131118,44115,0
13006,134425,126979,0
13007,140862,29389,0
13008,79255,124870,0
13009,68645,22327,0
13010,74727,15495,0
13011,16993,79493,0
13012,13089,86116,0
13013,2679,128338,0
13014,66165,138505,0
13015,148839,87720,0
13016,148307,126413,0
13017,118989,68955,0
13018,18229,117640,0
13019,34142,1923,0
13020,117503,101711,0
13021,84206,90667,0
13022,15388,114942,0
13023,99885,34517,0
13024,133928,127632,0
13025,72834,10146,0
13026,80426,87748,0
13027,110085,99860,0
13028,50600,14850,0
13029,90752,105120,0
13030,124766,150166,0
13031,117777,12026,0
13032,129835,41644,0
13033,133692,136122,0
13034,103791,43588,0
13035,131037,90987,0
13036,17296,27826,0
13037,93475,49360,0
13038,37256,50331,0
13039,129791,109511,0
13040,29917,13120,0
13041,114437,52864,0
13042,136438,115714,0
13043,140236,150163,0
13044,6998,57111,0
13045,50947,109956,0
13046,136182,124607,0
13047,144299,108944,0
13048,51475,137166,0
13049,92096,83573,0
13050,104172,105869,0
13051,100037,50645,0
13052,24598,83156,0
13053,99639,96186,0
13054,72572,129344,0
13055,144634,67063,0
13056,43148,61900,0
13057,69157,13174,0
13058,2937,36893,0
13059,5332,106242,0
13060,41575,104812,0
13061,107828,24965,0
13062,141427,25884,0
13063,79958,118310,0
13064,74332,61058,0
13065,20654,93607,0
13066,8596,31046,0
13067,64557,81269,0
13068,49573,30109,0
13069,81314,74867,0
13070,66304,151321,0
13071,58991,81132,0
13072,120326,98480,0
13073,24260,102803,0
13074,147062,66925,0
13075,78844,34277,0
13076,56360,123682,0
13077,69424,70622,0
13078,27859,76858,0
13079,58479,32475,0
13080,103264,60243,0
13081,47596,110681,0
13082,94463,80474,0
13083,71188,59235,0
13084,88335,109587,0
13085,74876,80739,0
13086,67720,41679,0
13087,112040,94696,0
13088,96907,71030,0
13089,105993,74186,0
13090,57968,24169,0
13091,40997,29254,0
13092,113717,130770,0
13093,107675,117282,0
13094,109688,53295,0
13095,26432,109560,0
13096,52031,148466,0
13097,62747,87045,0
13098,42180,48001,0
13099,51047,104149,0
13100,132209,114838,0
13101,105782,3013,0
13102,95383,13909,0
13103,122225,102974,0
13104,128423,515,0
13105,99324,50053,0
13106,15409,134575,0
13107,152414,13736,0
13108,78763,52965,0
13109,97536,15790,0
13110,123384,70808,0
13111,131204,154054,0
13112,59862,144477,0
13113,90609,26847,0
13114,138389,135140,0
13115,77976,60102,0
13116,129498,1017,0
13117,107565,52783,0
13118,4681,154712,0
13119,127938,128474,0
13120,61113,122601,0
13121,88092,71072,0
13122,72344,25363,0
13123,40434,125656,0
13124,14888,25622,0
13125,121755,68554,0
13126,131251,12911,0
13127,43091,112475,0
13128,64146,110716,0
13129,100288,64053,0
13130,56252,87745,0
13131,114570,75400,0
13132,131438,66756,0
13133,21390,20396,0
13134,7225,62368,0
13135,15092,133396,0
13136,39607,25514,0
13137,94882,15340,0
13138,13624,76551,0
13139,73728,108826,0
13140,46271,103905,0
13141,44849,149875,0
13142,26344,147827,0
13143,131114,38790,0
13144,54170,26649,0
13145,16456,123102,0
13146,149237,23461,0
13147,24949,91131,0
13148,99399,25446,0
13149,35790,19644,0
13150,115996,40174,0
13151,81359,22459,0
13152,57173,18973,0
13153,13656,20430,0
13154,68548,6076,0
13155,5357,112683,0
13156,30997,93369,0
13157,108645,153340,0
13158,34867,87699,0
13159,15174,87772,0
13160,48844,95844,0
13161,42782,3047,0
13162,24161,92602,0
13163,34589,134821,0
13164,31785,66145,0
13165,96636,53468,0
13166,43826,128531,0
13167,97754,153179,0
13168,130437,108449,0
13169,88468,93435,0
13170,127411,102228,0
13171,29444,99389,0
13172,77130,98404,0
13173,137056,125798,0
13174,49178,60645,0
13175,29763,124094,0
13176,34403,102256,0
13177,43912,71135,0
13178,113783,9580,0
13179,53251,56576,0
13180,108045,13576,0
13181,59653,240,0
13182,149091,27154,0
13183,149812,119297,0
13184,10133,64617,0
13185,74291,128104,0
13186,44608,81846,0
13187,125258,16915,0
13188,51877,55512,0
13189,52781,4006,0
13190,5163,100163,0
13191,73097,62944,0
13192,145253,129756,0
13193,56857,40157,0
13194,76341,11883,0
13195,13900,125068,0
13196,4777,56483,0
13197,154517,48016,0
13198,140397,46501,0
13199,124308,53585,0
13200,87555,139960,0
13201,3294,115872,0
13202,99813,22102,0
13203,111303,55297,0
13204,4259,83658,0
13205,119637,110793,0
13206,128923,152735,0
13207,100740,28717,0
13208,54893,132062,0
13209,58616,36193,0
13210,4857,122817,0
13211,79576,149221,0
13212,38254,3828,0
13213,44681,101235,0
13214,54305,4489,0
13215,93445,50437,0
13216,130202,18441,0
13217,133206,67360,0
13218,66518,71352,0
13219,74312,75807,0
13220,64913,142444,0
13221,115694,117327,0
13222,135217,128869,0
13223,89798,153983,0
13224,100832,45659,0
13225,6734,139962,0
13226,139377,19151,0
13227,7446,107575,0
13228,101055,130628,0
13229,111350,118909,0
13230,81742,27291,0
13231,82870,115283,0
13232,48708,85790,0
13233,119696,86292,0
13234,51083,29308,0
13235,7021,116689,0
13236,72974,147109,0
13237,135072,102484,0
13238,22042,38619,0
13239,33026,144382,0
13240,26040,76267,0
13241,88881,7986,0
13242,126029,154114,0
13243,142361,79003,0
13244,153270,120637,0
13245,116975,103807,0
13246,76473,110410,0
13247,130636,151245,0
13248,103019,98388,0
13249,107862,144243,0
13250,94245,22962,0
13251,105870,142783,0
13252,2214,7164,0
13253,86930,96046,0
13254,85653,137694,0
13255,154167,154346,0
13256,45132,29982,0
13257,45846,93495,0
13258,19085,127250,0
13259,23166,41866,0
13260,11706,17765,0
13261,84371,48235,0
13262,107933,20094,0
13263,109540,94889,0
13264,145915,52799,0
13265,107890,13173,0
13266,144033,77658,0
13267,36461,74637,0
13268,18150,114959,0
13269,133139,56693,0
13270,75017,109995,0
13271,4600,107783,0
13272,15120,104429,0
13273,69189,54344,0
13274,141197,54189,0
13275,37631,81626,0
13276,42698,55435,0
13277,146622,152663,0
13278,11333,50629,0
13279,13773,11358,0
13280,123806,110841,0
13281,31635,43715,0
13282,33873,125187,0
13283,97012,6615,0
13284,14785,65506,0
13285,104689,120646,0
13286,13622,68253,0
13287,14779,139853,0
13288,127808,70424,0
13289,98630,16236,0
13290,89758,146428,0
13291,70617,23773,0
13292,84279,90974,0
13293,10918,102726,0
13294,46177,57956,0
13295,117702,36480,0
13296,138344,1485,0
13297,137146,939,0
13298,123024,69815,0
13299,22331,138949,0
13300,154934,38758,0
13301,8130,123862,0
13302,35779,5597,0
13303,43153,67321,0
13304,154348,120601,0
13305,11988,80717,0
13306,136059,98976,0
13307,140592,40363,0
13308,123125,86420,0
13309,32558,129581,0
13310,124521,30398,0
13311,5308,128443,0
13312,129120,69892,0
13313,85705,119675,0
13314,62493,123494,0
13315,33065,80259,0
13316,139342,5002,0
13317,53726,134835,0
13318,74794,57088,0
13319,136147,122381,0
13320,4492,82299,0
13321,17075,124228,0
13322,84495,134372,0
13323,138344,115479,0
13324,19643,28010,0
13325,64847,86990,0
13326,66943,20812,0
13327,116785,98905,0
13328,19779,53192,0
13329,66426,138213,0
13330,131227,154129,0
13331,65389,131569,0
13332,65769,113481,0
13333,13866,10277,0
13334,114995,83828,0
13335,78179,51750,0
13336,52653,53825,0
13337,124891,146339,0
13338,2542,40972,0
13339,43498,120015,0
13340,23894,50685,0
13341,54310,74702,0
13342,13595,150045,0
13343,7857,27184,0
13344,134311,7086,0
13345,128718,112214,0
13346,61050,129880,0
13347,38344,57045,0
13348,100802,104000,0
13349,118312,54114,0
13350,102358,23995,0
13351,129354,132248,0
13352,154783,113904,0
13353,125587,122429,0
13354,78442,132218,0
13355,149612,103102,0
13356,78810,79206,0
13357,143779,63066,0
13358,86363,19780,0
13359,53953,44796,0
13360,58146,118397,0
13361,97327,59945,0
13362,3966,56821,0
13363,62415,43356,0
13364,89352,53917,0
13365,86874,131084,0
13366,140459,35734,0
13367,126381,37558,0
13368,71303,121675,0
13369,46288,135030,0
13370,69627,30080,0
13371,96683,45675,0
13372,124361,41645,0
13373,19045,39408,0
13374,91711,119592,0
13375,139171,61415,0
13376,48879,103911,0
13377,818,42922,0
13378,114570,25308,0
13379,110612,131915,0
13380,642,56510,0
13381,123782,137846,0
13382,124967,67804,0
13383,17172,106496,0
13384,25516,107091,0
13385,78552,31805,0
13386,5459,152845,0
13387,129816,93685,0
13388,107791,104253,0
13389,51096,49398,0
13390,114647,74901,0
13391,15436,15854,0
13392,111618,70374,0
13393,81330,34309,0
13394,115670,93597,0
13395,5737,51296,0
13396,19229,62086,0
13397,61375,144356,0
13398,118754,58938,0
13399,124216,81183,0
13400,112091,59031,0
13401,106191,114494,0
13402,99818,89705,0
13403,41654,125958,0
13404,113309,121110,0
13405,45667,117260,0
13406,105044,143055,0
13407,71610,105692,0
13408,68812,16866,0
13409,18232,8572,0
13410,9360,12951,0
13411,145635,53247,0
13412,144990,30862,0
13413,110362,145859,0
13414,105861,94028,0
13415,106432,39326,0
13416,99092,11056,0
13417,56908,150603,0
13418,13334,128209,0
13419,74592,90960,0
13420,23413,154915,0
13421,67806,25205,0
13422,32445,50667,0
13423,95637,5261,0
13424,142033,107423,0
13425,16414,19091,0
13426,142699,114438,0
13427,106368,69736,0
13428,23847,145546,0
13429,65706,104686,0
13430,123111,124783,0
13431,40616,110553,0
13432,88673,138499,0
13433,74137,24806,0
13434,61707,132754,0
13435,104864,23088,0
13436,7427,34846,0
13437,131975,154683,0
13438,127792,93978,0
13439,12751,1689,0
13440,21101,21353,0
13441,147946,60540,0
13442,12223,47893,0
13443,44433,23253,0
13444,94850,20408,0
13445,4292,150812,0
13446,141850,145937,0
13447,16001,19363,0
13448,120559,79688,0
13449,89925,97116,0
13450,21252,96247,0
13451,49963,62173,0
13452,96174,137754,0
13453,151346,58665,0
13454,84599,76712,0
13455,100916,109806,0
13456,143640,51255,0
13457,117024,9039,0
13458,85383,598,0
13459,113897,27043,0
13460,1709,150652,0
13461,72092,34657,0
13462,7861,153170,0
13463,675,119889,0
13464,112207,68705,0
13465,32360,92857,0
13466,144715,46212,0
13467,86601,18292,0
13468,51378,125326,0
13469,104171,2191,0
13470,82635,93386,0
13471,150838,153009,0
13472,139630,144711,0
13473,11206,60687,0
13474,79043,106840,0
13475,87572,137662,0
13476,135148,71708,0
13477,80553,28462,0
13478,96961,22802,0
13479,5725,35814,0
13480,125984,90233,0
13481,37920,74557,0
13482,90919,24249,0
13483,137620,33214,0
13484,47706,146342,0
13485,154569,49898,0
13486,75086,112584,0
13487,42973,12202,0
13488,56555,107465,0
13489,13899,114701,0
13490,102386,102456,0
13491,72684,36935,0
13492,50074,17919,0
13493,114088,151977,0
13494,125541,104459,0
13495,151856,92653,0
13496,106643,106070,0
13497,50706,141159,0
13498,18496,31254,0
13499,127033,153579,0
13500,45727,57172,0
13501,9519,5588,0
13502,90135,134520,0
13503,110130,110211,0
13504,17654,111690,0
13505,22010,145521,0
13506,29557,2681,0
13507,99772,110264,0
13508,128152,82985,0
13509,59264,137961,0
13510,132505,83423,0
13511,76158,74189,0
13512,128283,4323,0
13513,12179,146515,0
13514,24668,56485,0
13515,142730,75275,0
13516,120883,138800,0
13517,68750,145820,0
13518,44692,99801,0
13519,14506,12509,0
13520,74703,42963,0
13521,102223,48633,0
13522,52920,59348,0
13523,145635,146812,0
13524,52339,71556,0
13525,10826,113209,0
13526,141310,135412,0
13527,61694,134336,0
13528,25466,124924,0
13529,47637,94723,0
13530,87158,29316,0
13531,128686,79240,0
13532,27876,16584,0
13533,86724,82716,0
13534,104145,10340,0
13535,72594,36350,0
13536,97591,111223,0
13537,125465,137886,0
13538,119964,90010,0
13539,112306,145526,0
13540,144744,66613,0
13541,34944,10158,0
13542,14180,135861,0
13543,112677,26940,0
13544,50349,52630,0
13545,91672,53379,0
13546,106413,96599,0
13547,40841,75374,0
13548,56480,153006,0
13549,63333,134380,0
13550,17297,82248,0
13551,92515,71550,0
13552,80544,3395,0
13553,31799,51267,0
13554,46962,49427,0
13555,50653,103501,0
13556,126733,59794,0
13557,74419,15567,0
13558,128102,49426,0
13559,142692,60164,0
13560,136050,151852,0
13561,49322,34229,0
13562,49354,84599,0
13563,15370,142762,0
13564,64463,150471,0
13565,20463,59418,0
13566,62876,84051,0
13567,31607,67688,0
13568,67256,94198,0
13569,117351,124247,0
13570,154070,145022,0
13571,50364,11535,0
13572,115321,128656,0
13573,58643,3233,0
13574,65519,41391,0
13575,120879,63867,0
13576,6713,68969,0
13577,50363,13704,0
13578,13347,20168,0
13579,10315,16541,0
13580,147058,11775,0
13581,132566,115054,0
13582,101243,106115,0
13583,148354,22915,0
13584,70078,141979,0
13585,19684,43769,0
13586,139287,42197,0
13587,11527,127522,0
13588,11607,21436,0
13589,54044,12202,0
13590,54903,142478,0
13591,148802,63348,0
13592,25073,141198,0
13593,142081,71933,0
13594,81569,130368,0
13595,85467,143179,0
13596,148616,13635,0
13597,40526,106492,0
13598,145458,124653,0
13599,142359,119153,0
13600,104314,53799,0
13601,46563,2665,0
13602,24107,85580,0
13603,9721,41687,0
13604,18002,132216,0
13605,147148,102029,0
13606,149304,45862,0
13607,120645,52888,0
13608,127084,146854,0
13609,78064,61707,0
13610,122616,150661,0
13611,130948,44193,0
13612,63041,77527,0
13613,135179,152132,0
13614,104407,50754,0
13615,82186,109865,0
13616,94897,65376,0
13617,35555,69563,0
13618,10108,121233,0
13619,97212,110918,0
13620,118717,80200,0
13621,115025,67729,0
13622,92299,126529,0
13623,123105,7695,0
13624,54484,121182,0
13625,104865,56226,0
13626,55781,132780,0
13627,26885,126818,0
13628,101460,116617,0
13629,117007,64187,0
13630,108061,144700,0
13631,51984,100275,0
13632,91283,32474,0
13633,142263,89950,0
13634,72409,130726,0
13635,36566,45477,0
13636,64980,85712,0
13637,70336,39132,0
13638,139290,48281,0
13639,49522,58716,0
13640,140743,18090,0
13641,78349,154694,0
13642,11119,56512,0
13643,119368,120709,0
13644,63591,25517,0
13645,137147,105386,0
13646,39266,53476,0
13647,101409,77922,0
13648,114931,86204,0
13649,39607,154669,0
13650,112281,55736,0
13651,124698,44191,0
13652,67242,70887,0
13653,93068,148533,0
13654,142485,28022,0
13655,66206,66719,0
13656,5423,17847,0
13657,12564,115442,0
13658,129737,131569,0
13659,23176,107363,0
13660,923,150540,0
13661,4287,56151,0
13662,154848,49872,0
13663,29873,143999,0
13664,115371,32131,0
13665,58485,26350,0
13666,116414,41150,0
13667,77075,144244,0
13668,65838,101078,0
13669,136613,36810,0
13670,78639,89459,0
13671,37240,34016,0
13672,81263,46263,0
13673,21969,40248,0
13674,98876,77020,0
13675,10785,28175,0
13676,23322,49495,0
13677,24846,60715,0
13678,113342,134167,0
13679,3378,701,0
13680,101536,42664,0
13681,149271,151150,0
13682,146587,98923,0
13683,117607,51050,0
13684,88518,118109,0
13685,57003,86403,0
13686,42237,35329,0
13687,9160,126630,0
13688,83971,8220,0
13689,107271,123185,0
13690,133378,143607,0
13691,136549,105991,0
13692,102826,10668,0
13693,124612,91160,0
13694,28449,12194,0
13695,7072,90355,0
13696,52108,89657,0
13697,39536,28896,0
13698,24595,14006,0
13699,20284,99436,0
13700,143487,75635,0
13701,138601,102429,0
13702,19292,76837,0
13703,68344,77297,0
13704,71680,44444,0
13705,70500,142772,0
13706,14646,145079,0
13707,65713,80958,0
13708,15368,51247,0
13709,7878,115735,0
13710,38945,127715,0
13711,123900,146377,0
13712,17552,31600,0
13713,92937,48601,0
13714,104814,35952,0
13715,2813,69715,0
13716,10186,135304,0
13717,75115,122199,0
13718,116936,13231,0
13719,112317,119069,0
13720,66564,148740,0
13721,84490,105828,0
13722,134479,5640,0
13723,51924,63123,0
13724,69488,45710,0
13725,108027,95507,0
13726,76289,134529,0
13727,153409,67065,0
13728,100158,110036,0
13729,99611,80062,0
13730,17225,73804,0
13731,126365,2834,0
13732,85203,89021,0
13733,114324,119573,0
13734,117739,41482,0
13735,38446,97340,0
13736,121745,6836,0
13737,35803,147308,0
13738,50417,71195,0
13739,149127,132944,0
13740,121198,57871,0
13741,29566,12587,0
13742,3056,51714,0
13743,130837,61410,0
13744,121523,114389,0
13745,143768,116519,0
13746,111976,132229,0
13747,101146,143906,0
13748,96072,128878,0
13749,151941,34009,0
13750,106768,27168,0
13751,50830,34673,0
13752,152880,143968,0
13753,115000,89499,0
13754,102579,125721,0
13755,74821,118652,0
13756,143254,86370,0
13757,144061,141212,0
13758,59324,132351,0
13759,84163,30548,0
13760,146098,5066,0
13761,30099,116687,0
13762,95661,49184,0
13763,93902,14161,0
13764,14289,121417,0
13765,103745,2663,0
13766,67168,20234,0
13767,113912,85194,0
13768,82875,98038,0
13769,108626,12023,0
13770,36611,60739,0
13771,119514,37027,0
13772,12721,144617,0
13773,71384,4917,0
13774,68647,3538,0
13775,27451,89762,0
13776,30008,7235,0
13777,54633,63643,0
13778,1180,30539,0
13779,55874,120090,0
13780,152922,121438,0
13781,113176,95615,0
13782,132090,47181,0
13783,98979,52658,0
13784,90580,22167,0
13785,96874,11914,0
13786,77425,123997,0
13787,97639,91015,0
13788,47253,92479,0
13789,16850,111833,0
13790,48843,143016,0
13791,127511,151198,0
13792,67040,76554,0
13793,55366,133284,0
13794,151201,88205,0
13795,73848,64970,0
13796,98561,52505,0
13797,83773,112161,0
13798,105493,12547,0
13799,25426,80752,0
13800,92838,104586,0
13801,89173,70217,0
13802,108523,7257,0
13803,60408,14204,0
13804,118706,132742,0
13805,29455,140409,0
13806,41589,115288,0
13807,116274,123380,0
13808,41147,89396,0
13809,140288,102382,0
13810,41707,116705,0
13811,60996,32729,0
13812,56816,24369,0
13813,97911,8997,0
13814,139287,150912,0
13815,4130,92978,0
13816,126921,138716,0
13817,15807,57883,0
13818,52489,118156,0
13819,71491,39835,0
13820,86816,128516,0
13821,1594,144163,0
13822,18711,115923,0
13823,129063,132367,0
13824,133832,149536,0
13825,106434,74406,0
13826,19291,31638,0
13827,117791,24905,0
13828,75379,58399,0
13829,117912,119903,0
13830,90422,43050,0
13831,87942,62227,0
13832,27921,15042,0
13833,104719,137746,0
13834,33873,145988,0
13835,39123,122592,0
13836,66798,98890,0
13837,73735,20360,0
13838,111162,146378,0
13839,71021,9278,0
13840,62854,65339,0
13841,56429,68908,0
13842,110916,35382,0
13843,58572,96723,0
13844,77938,25766,0
13845,18707,116685,0
13846,95616,100265,0
13847,62612,55779,0
13848,123851,1589,0
13849,14834,34091,0
13850,20016,124587,0
13851,105994,118484,0
13852,96589,42017,0
13853,49742,108012,0
13854,43331,80667,0
13855,4579,154549,0
13856,108972,149786,0
13857,24376,88005,0
13858,50841,12681,0
13859,53662,1350,0
13860,44484,93514,0
13861,12421,54047,0
13862,139515,64292,0
13863,14068,5261,0
13864,149384,7913,0
13865,94182,117296,0
13866,46546,13704,0
13867,68168,150909,0
13868,54945,137318,0
13869,98129,26411,0
13870,29967,139298,0
13871,77897,22984,0
13872,20507,115911,0
13873,7488,15690,0
13874,63048,152261,0
13875,40122,143240,0
13876,66573,8824,0
13877,149586,8984,0
13878,63950,97945,0
13879,45664,138769,0
13880,109832,63621,0
13881,106763,58286,0
13882,35771,106828,0
13883,76150,132614,0
13884,1404,148944,0
13885,33186,38588,0
13886,136215,48404,0
13887,71136,96221,0
13888,134171,127274,0
13889,25530,122815,0
13890,27448,57024,0
13891,83862,108834,0
13892,22987,31106,0
13893,25082,26435,0
13894,128965,118891,0
13895,82079,20706,0
13896,48578,50222,0
13897,2536,114750,0
13898,47573,139817,0
13899,150062,16224,0
13900,27064,130986,0
13901,18573,14067,0
13902,41405,30885,0
13903,86173,76401,0
13904,123122,18934,0
13905,91962,134900,0
13906,39058,38700,0
13907,127673,35777,0
13908,119927,87739,0
13909,105790,97982,0
13910,64980,54212,0
13911,113090,55242,0
13912,102235,28342,0
13913,74399,101416,0
13914,96413,123303,0
13915,10164,111317,0
13916,76973,144104,0
13917,114887,62180,0
13918,133047,153004,0
13919,143521,88029,0
13920,63827,2736,0
13921,64589,33315,0
13922,33724,102253,0
13923,49053,116380,0
13924,144605,18333,0
13925,31664,110965,0
13926,92372,81100,0
13927,5230,140813,0
13928,74040,110999,0
13929,28665,129617,0
13930,153859,142621,0
13931,138696,8174,0
13932,22448,105344,0
13933,67694,7866,0
13934,9842,22746,0
13935,82427,109075,0
13936,1756,90976,0
13937,51311,54133,0
13938,83495,35478,0
13939,154578,148324,0
13940,84804,104165,0
13941,110417,75192,0
13942,65450,68386,0
13943,48031,29894,0
13944,131239,108796,0
13945,104709,43442,0
13946,75708,30040,0
13947,145191,69788,0
13948,34430,144670,0
13949,96516,5317,0
13950,31768,73863,0
13951,57349,35005,0
13952,32388,67079,0
13953,153588,147495,0
13954,134379,46813,0
13955,78531,75403,0
13956,23787,109391,0
13957,3259,78937,0
13958,151798,72430,0
13959,69739,25528,0
13960,19779,140640,0
13961,74370,132367,0
13962,113734,47874,0
13963,30694,42537,0
13964,43396,54439,0
13965,94166,142089,0
13966,148609,70205,0
13967,41990,32178,0
13968,71384,60232,0
13969,41859,138676,0
13970,92547,141252,0
13971,104181,8427,0
13972,52213,21385,0
13973,135057,140413,0
13974,85224,29885,0
13975,127673,129995,0
13976,154903,12765,0
13977,135001,136701,0
13978,7681,87135,0
13979,99481,136294,0
13980,16108,130914,0
13981,24112,9891,0
13982,149047,84159,0
13983,22581,18789,0
13984,35332,195,0
13985,33143,94387,0
13986,32680,44169,0
13987,83325,146068,0
13988,27958,61414,0
13989,35732,91494,0
13990,98870,14422,0
13991,93650,27600,0
13992,84942,140163,0
13993,145178,127977,0
13994,51039,9317,0
13995,155055,9614,0
13996,117901,93379,0
13997,14963,31116,0
13998,100791,144604,0
13999,63653,106654,0
14000,48794,131754,0
14001,16455,71941,0
14002,11513,80395,0
14003,117321,149661,0
14004,138314,101801,0
14005,23413,89958,0
14006,85207,137595,0
14007,130746,61232,0
14008,26415,126723,0
14009,112790,128878,0
14010,92895,96520,0
14011,125414,65928,0
14012,121641,64506,0
14013,117592,145377,0
14014,35470,126025,0
14015,24259,32078,0
14016,107426,41158,0
14017,15660,92312,0
14018,114192,44989,0
14019,13698,148369,0
14020,33448,121955,0
14021,91193,3794,0
14022,120766,93798,0
14023,9720,67123,0
14024,64637,129724,0
14025,49800,100967,0
14026,153208,3703,0
14027,147143,42916,0
14028,81759,106868,0
14029,120060,128733,0
14030,18319,41292,0
14031,70416,83510,0
14032,151110,23811,0
14033,19091,105958,0
14034,41143,24211,0
14035,72110,36359,0
14036,96847,27793,0
14037,1312,114745,0
14038,114433,43490,0
14039,108270,26298,0
14040,53598,9183,0
14041,39579,93689,0
14042,123805,52317,0
14043,110094,79166,0
14044,141294,79224,0
14045,121026,47018,0
14046,95823,18096,0
14047,99486,21875,0
14048,47462,95349,0
14049,58816,12441,0
14050,54365,87989,0
14051,25228,66734,0
14052,88884,91480,0
14053,146035,22783,0
14054,54830,97671,0
14055,31250,2852,0
14056,107115,5190,0
14057,62486,43485,0
14058,42470,31155,0
14059,24056,51218,0
14060,41076,6885,0
14061,32906,100375,0
14062,125902,66582,0
14063,104577,105479,0
14064,38523,135846,0
14065,125750,25833,0
14066,39318,94609,0
14067,66773,15489,0
14068,62098,137896,0
14069,28095,82741,0
14070,94708,154545,0
14071,40551,54922,0
14072,39662,76578,0
14073,152748,140556,0
14074,91781,149806,0
14075,116780,79079,0
14076,41543,44325,0
14077,37700,184,0
14078,28628,20968,0
14079,121153,105828,0
14080,101466,45096,0
14081,10740,114321,0
14082,38669,55600,0
14083,47290,92868,0
14084,66526,68116,0
14085,16892,56841,0
14086,60885,115038,0
14087,4993,114618,0
14088,44269,145970,0
14089,147765,151164,0
14090,128990,80753,0
14091,69157,25883,0
14092,54671,80875,0
14093,115737,104946,0
14094,78666,147111,0
14095,30380,14363,0
14096,95781,58110,0
14097,8113,23945,0
14098,74208,17708,0
14099,23604,40576,0
14100,143243,142880,0
14101,67060,31059,0
14102,48109,41995,0
14103,114415,114804,0
14104,7976,63709,0
14105,116164,137533,0
14106,20448,124423,0
14107,297,96467,0
14108,93414,45191,0
14109,136549,16736,0
14110,87775,11528,0
14111,109845,2650,0
14112,139561,130982,0
14113,114460,111126,0
14114,123276,44522,0
14115,85314,145142,0
14116,28948,135904,0
14117,22934,46331,0
14118,134869,140120,0
14119,67807,86624,0
14120,101560,50280,0
14121,69139,115043,0
14122,87764,145412,0
14123,91377,35268,0
14124,79393,20003,0
14125,64124,66714,0
14126,62968,9270,0
14127,97295,112316,0
14128,5915,96951,0
14129,150596,39817,0
14130,58827,120540,0
14131,111744,101228,0
14132,28548,2210,0
14133,117295,67948,0
14134,53428,148470,0
14135,47922,30668,0
14136,101378,30284,0
14137,8327,60922,0
14138,70694,87360,0
14139,37902,149217,0
14140,22094,51269,0
14141,30082,143529,0
14142,132565,4079,0
14143,58057,61015,0
14144,92625,85413,0
14145,52067,112805,0
14146,8708,149208,0
14147,100242,71371,0
14148,18029,26622,0
14149,127273,114347,0
14150,84946,87473,0
14151,46491,36147,0
14152,76945,82546,0
14153,82725,34819,0
14154,27392,118809,0
14155,116873,52319,0
14156,54208,114163,0
14157,134651,32010,0
14158,95302,153697,0
14159,53094,11508,0
14160,144415,9209,0
14161,55810,80571,0
14162,125027,92934,0
14163,119919,61935,0
14164,20829,132693,0
14165,1998,108302,0
14166,23379,93507,0
14167,64461,85121,0
14168,90388,30089,0
14169,109452,28283,0
14170,13412,66109,0
14171,125446,142600,0
14172,101891,63122,0
14173,16449,53789,0
14174,87044,154178,0
14175,108860,126216,0
14176,127123,95975,0
14177,24071,63925,0
14178,19570,53315,0
14179,130054,93800,0
14180,110254,12299,0
14181,8448,3016,0
14182,27129,21325,0
14183,71703,132868,0
14184,1478,1413,0
14185,92130,79735,0
14186,96845,17017,0
14187,34333,30221,0
14188,133672,97330,0
14189,2917,39148,0
14190,14733,75971,0
14191,13186,142662,0
14192,135168,146546,0
14193,38527,146190,0
14194,133785,6791,0
14195,85451,23687,0
14196,127914,37606,0
14197,71585,43663,0
14198,62311,37234,0
14199,53582,119541,0
14200,97216,149094,0
14201,73243,130049,0
14202,49961,150806,0
14203,50153,126096,0
14204,36753,109362,0
14205,128693,109295,0
14206,120279,50791,0
14207,18310,101841,0
14208,17274,115099,0
14209,46393,151738,0
14210,59751,139722,0
14211,100182,145664,0
14212,95238,51601,0
14213,43533,114429,0
14214,52532,88260,0
14215,62741,51761,0
14216,42782,105563,0
14217,27828,61234,0
14218,99096,76724,0
14219,16449,133225,0
14220,66835,22040,0
14221,41908,68643,0
14222,122934,117541,0
14223,133970,66494,0
14224,145584,134981,0
14225,139891,76531,0
14226,77414,52724,0
14227,130512,73053,0
14228,138260,68466,0
14229,97012,14423,0
14230,149679,90365,0
14231,25345,142382,0
14232,37718,123265,0
14233,148904,52502,0
14234,141859,19717,0
14235,91233,42361,0
14236,13680,155050,0
14237,133280,95547,0
14238,53391,128978,0
14239,88584,28508,0
14240,76131,101237,0
14241,139386,138783,0
14242,149889,56396,0
14243,116021,103192,0
14244,128423,64105,0
14245,144434,56331,0
14246,89698,70021,0
14247,43014,27946,0
14248,104914,152229,0
14249,131356,71049,0
14250,22890,43104,0
14251,61022,149829,0
14252,112826,116243,0
14253,54533,3436,0
14254,68658,6545,0
14255,60870,146096,0
14256,150427,65123,0
14257,17237,59034,0
14258,124489,85209,0
14259,105795,74333,0
14260,122050,119575,0
14261,107974,125315,0
14262,153094,71607,0
14263,84772,130603,0
14264,102001,48401,0
14265,3921,114347,0
14266,5774,118710,0
14267,110819,120924,0
14268,56155,90097,0
14269,146992,2654,0
14270,4511,52427,0
14271,88584,27816,0
14272,19052,89518,0
14273,22290,151204,0
14274,96239,74037,0
14275,69293,61841,0
14276,27948,81102,0
14277,12499,92343,0
14278,122946,103690,0
14279,88749,136944,0
14280,105906,131574,0
14281,2609,64833,0
14282,24363,141393,0
14283,90417,116717,0
14284,115272,32607,0
14285,49963,137096,0
14286,38367,55283,0
14287,105465,106802,0
14288,65941,134234,0
14289,7366,72798,0
14290,94423,96710,0
14291,147170,5151,0
14292,9399,14928,0
14293,60266,140493,0
14294,154771,92152,0
14295,65346,40221,0
14296,78197,133341,0
14297,32957,55903,0
14298,109762,20974,0
14299,118270,45933,0
14300,86360,56933,0
14301,103960,100630,0
14302,24593,78710,0
14303,72120,132163,0
14304,88775,122494,0
14305,58457,94715,0
14306,111122,47743,0
14307,15707,65097,0
14308,8612,59755,0
14309,71916,33928,0
14310,151190,119933,0
14311,55447,61517,0
14312,22977,36005,0
14313,150485,141402,0
14314,152177,90527,0
14315,146358,120056,0
14316,144017,104492,0
14317,82150,32378,0
14318,11774,116108,0
14319,148249,70593,0
14320,62150,138030,0
14321,9436,122671,0
14322,9069,136970,0
14323,109693,42064,0
14324,90251,136086,0
14325,57218,100744,0
14326,29329,76311,0
14327,70390,147136,0
14328,101741,96197,0
14329,26493,119212,0
14330,44172,25646,0
14331,96187,76516,0
14332,72332,20981,0
14333,40483,107909,0
14334,145869,73865,0
14335,89648,52922,0
14336,129637,142868,0
14337,141913,89486,0
14338,141259,130196,0
14339,151763,28438,0
14340,128339,117304,0
14341,123976,104831,0
14342,55450,44481,0
14343,49003,91484,0
14344,47097,98890,0
14345,76019,4674,0
14346,92095,96863,0
14347,1719,89422,0
14348,64606,78036,0
14349,108671,88720,0
14350,2951,91937,0
14351,82770,98814,0
14352,1503,85499,0
14353,72779,99523,0
14354,17642,63074,0
14355,96469,960,0
14356,62451,154029,0
14357,43754,60689,0
14358,66704,86431,0
14359,18780,154418,0
14360,114735,59386,0
14361,64129,12639,0
14362,7912,91553,0
14363,82664,48370,0
14364,5804,52485,0
14365,54082,149566,0
14366,76668,112162,0
14367,64570,103017,0
14368,29777,105411,0
14369,71639,27011,0
14370,87453,1228,0
14371,112874,63854,0
14372,31699,153361,0
14373,78756,146652,0
14374,74137,104887,0
14375,56922,149665,0
14376,22191,28796,0
14377,49955,39211,0
14378,132015,70564,0
14379,41493,55001,0
14380,110438,82436,0
14381,38945,147099,0
14382,107427,45296,0
14383,22703,121822,0
14384,111924,149531,0
14385,30442,111060,0
14386,83874,21587,0
14387,136382,4110,0
14388,143102,72196,0
14389,4751,106001,0
14390,113912,109262,0
14391,130665,31586,0
14392,65963,85661,0
14393,100700,17195,0
14394,147405,35313,0
14395,11100,104487,0
14396,612,125054,0
14397,78370,140401,0
14398,115104,12771,0
14399,70338,24984,0
14400,69200,80,0
14401,67657,18483,0
14402,91071,125993,0
14403,41656,85368,0
14404,104695,20810,0
14405,103867,37898,0
14406,59163,80003,0
14407,113719,125020,0
14408,7931,35970,0
14409,51209,98615,0
14410,125147,80224,0
14411,28085,125603,0
14412,137189,154142,0
14413,145312,154085,0
14414,83713,29671,0
14415,80738,51730,0
14416,130922,36137,0
14417,70588,38117,0
14418,60920,106976,0
14419,55410,154435,0
14420,88124,78717,0
14421,138339,95359,0
14422,123867,85697,0
14423,40952,121820,0
14424,35809,67201,0
14425,21438,84059,0
14426,88208,7332,0
14427,117515,25942,0
14428,48522,98059,0
14429,19964,11003,0
14430,65860,67259,0
14431,109312,137000,0
14432,69766,15865,0
14433,130537,109894,0
14434,108163,145425,0
14435,63662,58983,0
14436,148663,99501,0
14437,89576,98578,0
14438,81558,44218,0
14439,49019,53264,0
14440,118075,97597,0
14441,56965,136414,0
14442,148799,99013,0
14443,111098,44675,0
14444,85616,9777,0
14445,78535,69950,0
14446,55621,8308,0
14447,37162,124440,0
14448,143659,11155,0
14449,13788,29505,0
14450,120420,100147,0
14451,79403,88807,0
14452,4489,138349,0
14453,11988,147788,0
14454,15696,1909,0
14455,110256,120955,0
14456,47922,39288,0
14457,45095,33057,0
14458,43069,100071,0
14459,113798,85056,0
14460,19919,23201,0
14461,13062,63071,0
14462,43591,107492,0
14463,109996,65443,0
14464,16164,100848,0
14465,99279,21000,0
14466,2330,7744,0
14467,71030,51792,0
14468,115635,70303,0
14469,45695,130186,0
14470,28554,24808,0
14471,53217,150381,0
14472,29409,114667,0
14473,88092,42822,0
14474,15802,7315,0
14475,59786,130705,0
14476,75153,114782,0
14477,13058,142601,0
14478,81035,35805,0
14479,111509,12327,0
14480,117202,105865,0
14481,79886,21142,0
14482,13412,94194,0
14483,123776,61568,0
14484,37677,30651,0
14485,149884,34678,0
14486,44637,59943,0
14487,29766,80777,0
14488,100976,29769,0
14489,119329,74250,0
14490,20951,83518,0
14491,29339,107894,0
14492,106123,60545,0
14493,89916,71934,0
14494,100078,21026,0
14495,114832,25499,0
14496,108680,72306,0
14497,4556,127104,0
14498,98541,30081,0
14499,56291,137640,0
14500,118509,71731,0
14501,47608,36968,0
14502,147579,152729,0
14503,131037,101823,0
14504,152492,130776,0
14505,95106,103857,0
14506,66523,5902,0
14507,52744,49083,0
14508,7601,4091,0
14509,107911,94482,0
14510,33610,39034,0
14511,25019,151567,0
14512,13135,9015,0
14513,9504,22314,0
14514,126353,131733,0
14515,26970,150547,0
14516,91221,138587,0
14517,28682,121080,0
14518,139261,37272,0
14519,10671,97845,0
14520,155074,40596,0
14521,44573,94896,0
14522,5146,35661,0
14523,69835,57978,0
14524,68731,131660,0
14525,109432,123119,0
14526,47,100315,0
14527,52508,79971,0
14528,43511,115510,0
14529,56261,26696,0
14530,30962,1921,0
14531,150059,117063,0
14532,19108,96049,0
14533,110181,40875,0
14534,148928,45158,0
14535,57547,3346,0
14536,153653,45838,0
14537,116423,138377,0
14538,125375,51894,0
14539,125425,84774,0
14540,86797,86649,0
14541,27468,18256,0
14542,74661,135614,0
14543,81556,128490,0
14544,63144,112598,0
14545,22640,11095,0
14546,7628,10704,0
14547,91683,24916,0
14548,70830,123256,0
14549,88254,27082,0
14550,33379,86862,0
14551,118794,51986,0
14552,97628,93438,0
14553,91799,10770,0
14554,18762,46978,0
14555,104357,151949,0
14556,29238,130894,0
14557,128111,14830,0
14558,22749,39825,0
14559,15426,108931,0
14560,150485,64779,0
14561,58492,139738,0
14562,118281,172,0
14563,131278,81633,0
14564,58112,87683,0
14565,95915,113546,0
14566,149047,70220,0
14567,70761,37242,0
14568,139385,15942,0
14569,115042,125888,0
14570,58667,100417,0
14571,53635,152777,0
14572,94731,14768,0
14573,14723,100448,0
14574,66272,78802,0
14575,85999,151409,0
14576,11587,19667,0
14577,80002,63153,0
14578,26161,533,0
14579,105893,24984,0
14580,143430,116582,0
14581,125336,14428,0
14582,70146,113756,0
14583,38978,82253,0
14584,28531,107855,0
14585,20824,81139,0
14586,75776,3581,0
14587,107649,29568,0
14588,4731,34099,0
14589,40631,22548,0
14590,110340,119627,0
14591,79021,26319,0
14592,139704,3324,0
14593,109850,16723,0
14594,104971,74809,0
14595,117247,107917,0
14596,19097,81151,0
14597,94551,135102,0
14598,3679,148558,0
14599,69353,15489,0
14600,106118,16278,0
14601,150599,38755,0
14602,101169,34287,0
14603,127580,94826,0
14604,80655,116719,0
14605,67802,31180,0
14606,58224,151135,0
14607,33038,46852,0
14608,68529,105132,0
14609,13115,2639,0
14610,30707,101127,0
14611,73726,74901,0
14612,30519,80014,0
14613,123382,121867,0
14614,102537,87614,0
14615,139066,101089,0
14616,119815,93649,0
14617,12847,152357,0
14618,47911,69769,0
14619,11154,41963,0
14620,26604,143518,0
14621,109706,135963,0
14622,15093,18566,0
14623,22212,26417,0
14624,41059,48960,0
14625,70882,142237,0
14626,72120,20845,0
14627,34008,128179,0
14628,135446,34757,0
14629,146219,113436,0
14630,146407,23028,0
14631,32333,131218,0
14632,61075,120792,0
14633,58474,112539,0
14634,27350,89074,0
14635,97461,12374,0
14636,21013,112011,0
14637,90197,4038,0
14638,73127,44385,0
14639,135906,42335,0
14640,1548,99988,0
14641,43596,72076,0
14642,53586,54316,0
14643,8080,138547,0
14644,58493,68124,0
14645,69020,86290,0
14646,33210,54647,0
14647,41144,16285,0
14648,39921,127295,0
14649,140381,27728,0
14650,87301,83482,0
14651,20834,132026,0
14652,136509,37544,0
14653,40089,93480,0
14654,84762,141151,0
14655,124304,56394,0
14656,145229,100921,0
14657,35485,14511,0
14658,109022,85712,0
14659,60797,84146,0
14660,35066,39240,0
14661,117056,93839,0
14662,5871,119472,0
14663,126497,9149,0
14664,40251,113439,0
14665,53279,22488,0
14666,81346,83050,0
14667,59934,101714,0
14668,9263,45579,0
14669,60376,111478,0
14670,56320,74986,0
14671,88205,112247,0
14672,84613,143545,0
14673,149346,145992,0
14674,134116,70888,0
14675,93029,76233,0
14676,116393,112263,0
14677,149864,97837,0
14678,122219,125346,0
14679,94403,54615,0
14680,109912,48508,0
14681,24560,31484,0
14682,48397,90198,0
14683,84185,105029,0
14684,74145,8990,0
14685,153312,22147,0
14686,55620,134897,0
14687,80523,25356,0
14688,95453,37667,0
14689,4245,57013,0
14690,96014,97599,0
14691,149422,56344,0
14692,132906,61516,0
14693,139678,47395,0
14694,124332,58007,0
14695,9024,51815,0
14696,110704,94189,0
14697,74086,2972,0
14698,128122,7011,0
14699,57081,101069,0
14700,109346,130550,0
14701,83939,59857,0
14702,146708,15162,0
14703,93853,90892,0
14704,149512,106190,0
14705,116460,34636,0
14706,64016,87925,0
14707,50272,88044,0
14708,66177,86704,0
14709,99469,130996,0
14710,9835,64806,0
14711,31477,76462,0
14712,24185,59787,0
14713,117818,5562,0
14714,115230,65570,0
14715,43291,135090,0
14716,14577,117181,0
14717,14072,55149,0
14718,65714,44253,0
14719,125702,75320,0
14720,107118,59179,0
14721,78201,54152,0
14722,57996,91438,0
14723,33795,90676,0
14724,65239,128351,0
14725,4330,133455,0
14726,1645,147367,0
14727,27113,127834,0
14728,95441,92859,0
14729,26660,150225,0
14730,77483,140360,0
14731,111256,55717,0
14732,14961,145100,0
14733,24588,70997,0
14734,126497,9205,0
14735,64222,34817,0
14736,140291,95321,0
14737,39057,148766,0
14738,133292,27265,0
14739,143787,27916,0
14740,153311,71757,0
14741,100951,53138,0
14742,51703,124985,0
14743,35146,143096,0
14744,58383,72153,0
14745,103208,37027,0
14746,124166,42831,0
14747,113655,114089,0
14748,2552,98022,0
14749,138724,57215,0
14750,115789,16434,0
14751,76908,89199,0
14752,44420,28665,0
14753,66837,140169,0
14754,96685,10629,0
14755,35664,119870,0
14756,114607,19885,0
14757,75132,54635,0
14758,127850,93149,0
14759,1096,140904,0
14760,87502,129952,0
14761,152910,119521,0
14762,66434,153349,0
14763,88949,74180,0
14764,39206,24794,0
14765,316,39256,0
14766,50013,21693,0
14767,2256,83498,0
14768,26749,13162,0
14769,127708,120285,0
14770,69731,49125,0
14771,130829,35870,0
14772,137389,105622,0
14773,1223,87209,0
14774,36138,63687,0
14775,38048,138802,0
14776,53169,50045,0
14777,23410,111698,0
14778,103120,141528,0
14779,77154,31749,0
14780,140748,96157,0
14781,97521,117409,0
14782,151628,71517,0
14783,53049,12087,0
14784,54942,95259,0
14785,101449,54569,0
14786,137883,35045,0
14787,80895,89683,0
14788,7942,109702,0
14789,9652,107523,0
14790,26915,129171,0
14791,42802,20570,0
14792,41240,88820,0
14793,47220,134137,0
14794,126210,138308,0
14795,103796,102378,0
14796,45667,127276,0
14797,45307,132082,0
14798,93179,84124,0
14799,117863,73350,0
14800,106035,26404,0
14801,40739,46329,0
14802,117365,79032,0
14803,16708,1540,0
14804,68277,76663,0
14805,100946,29125,0
14806,26347,6120,0
14807,7076,152334,0
14808,34093,40838,0
14809,89036,28667,0
14810,4871,132975,0
14811,36677,34737,0
14812,89494,77090,0
14813,68874,9710,0
14814,63845,86084,0
14815,81004,149388,0
14816,29723,99933,0
14817,20965,5206,0
14818,40532,152829,0
14819,56917,110087,0
14820,111248,31073,0
14821,117289,57484,0
14822,35993,37384,0
14823,56976,132607,0
14824,57960,104959,0
14825,130646,130788,0
14826,125478,101220,0
14827,73492,18306,0
14828,79592,49214,0
14829,145852,114388,0
14830,117295,149983,0
14831,31743,139685,0
14832,14814,121246,0
14833,59989,124093,0
14834,108548,77929,0
14835,6437,144135,0
14836,101931,28713,0
14837,69,108532,0
14838,98420,104483,0
14839,115543,30920,0
14840,93264,135969,0
14841,115039,114462,0
14842,129888,121927,0
14843,76567,20399,0
14844,7834,149759,0
14845,16710,134512,0
14846,5859,125133,0
14847,93614,102723,0
14848,112623,42387,0
14849,84634,48071,0
14850,132886,55059,0
14851,69127,38853,0
14852,24310,51939,0
14853,79705,8795,0
14854,140465,102485,0
14855,131410,83287,0
14856,61711,67712,0
14857,53102,61488,0
14858,20583,90346,0
14859,27667,115885,0
14860,43499,97506,0
14861,38074,8968,0
14862,139512,84935,0
14863,119946,26201,0
14864,108575,42512,0
14865,98189,41426,0
14866,78941,23738,0
14867,139020,112494,0
14868,137713,125888,0
14869,140518,36097,0
14870,790,45409,0
14871,92706,16557,0
14872,85858,516,0
14873,1242,83329,0
14874,47443,132851,0
14875,151252,15976,0
14876,48328,154465,0
14877,96151,50194,0
14878,22180,80018,0
14879,99068,85669,0
14880,118269,138275,0
14881,104904,138898,0
14882,70459,37611,0
14883,146926,67762,0
14884,79367,42581,0
14885,139948,11640,0
14886,12760,132433,0
14887,56260,44641,0
14888,99850,39292,0
14889,78981,73464,0
14890,134306,21901,0
14891,78977,144747,0
14892,76194,88296,0
14893,85030,71788,0
14894,91984,94904,0
14895,148557,148582,0
14896,7116,98993,0
14897,114922,26253,0
14898,134698,81959,0
14899,59296,45731,0
14900,85753,140617,0
14901,34140,89196,0
14902,71970,47667,0
14903,93256,88474,0
14904,5912,15526,0
14905,43359,41558,0
14906,122607,80630,0
14907,123148,139682,0
14908,28553,96546,0
14909,131970,83139,0
14910,136533,134662,0
14911,128926,31861,0
14912,44040,9267,0
14913,60764,22918,0
14914,50571,64250,0
14915,102551,8607,0
14916,27329,139225,0
14917,141558,51124,0
14918,124566,48265,0
14919,14397,92902,0
14920,140932,151747,0
14921,33145,133244,0
14922,78981,45018,0
14923,18140,75635,0
14924,56400,41911,0
14925,26918,104434,0
14926,124452,24335,0
14927,69397,23926,0
14928,133202,56649,0
14929,7868,120114,0
14930,36142,65623,0
14931,82383,57572,0
14932,47393,95119,0
14933,15659,70999,0
14934,1512,35316,0
14935,11101,16135,0
14936,147300,115703,0
14937,110987,27251,0
14938,55674,13626,0
14939,97130,92972,0
14940,34830,45557,0
14941,65341,54229,0
14942,131193,97126,0
14943,45373,73692,0
14944,141314,143849,0
14945,54423,72906,0
14946,86969,96296,0
14947,34589,132619,0
14948,17234,135781,0
14949,123609,106959,0
14950,125259,129018,0
14951,27711,35118,0
14952,148525,19500,0
14953,31741,108918,0
14954,58356,390,0
14955,125369,97580,0
14956,101143,64508,0
14957,124870,48104,0
14958,65223,58679,0
14959,131996,114058,0
14960,27810,20064,0
14961,143470,98415,0
14962,140890,33043,0
14963,16553,21763,0
14964,116153,85319,0
14965,72274,129261,0
14966,28240,122198,0
14967,114799,19424,0
14968,929,2169,0
14969,51866,127295,0
14970,96284,15207,0
14971,86352,37763,0
14972,120122,152173,0
14973,92158,30197,0
14974,73794,114932,0
14975,11765,141925,0
14976,88952,66631,0
14977,1131,9984,0
14978,87912,1539,0
14979,130839,155108,0
14980,10929,100815,0
14981,38580,27072,0
14982,40624,81048,0
14983,118699,71422,0
14984,48828,31601,0
14985,66765,141656,0
14986,79855,24628,0
14987,46786,40905,0
14988,31812,29713,0
14989,49325,99785,0
14990,52403,50438,0
14991,74472,147050,0
14992,128178,95927,0
14993,98145,116989,0
14994,29478,120799,0
14995,57785,79405,0
14996,69841,55461,0
14997,18844,42077,0
14998,114256,116858,0
14999,108451,132926,0
15000,22619,10181,0
15001,87227,17872,0
15002,95698,7702,0
15003,64967,3704,0
15004,2330,35941,0
15005,644,56136,0
15006,29248,79040,0
15007,102948,62112,0
15008,25438,37639,0
15009,66299,91893,0
15010,13157,70187,0
15011,142542,69606,0
15012,58276,31980,0
15013,46176,7408,0
15014,77171,74237,0
15015,82193,85711,0
15016,89533,102810,0
15017,69877,81151,0
15018,51084,67211,0
15019,9223,59181,0
15020,146659,50759,0
15021,102822,20677,0
15022,6530,45313,0
15023,127821,117709,0
15024,74219,14660,0
15025,107336,53216,0
15026,25479,58739,0
15027,20083,103622,0
15028,78206,69410,0
15029,130331,96719,0
15030,115259,84711,0
15031,96275,34427,0
15032,46884,92194,0
15033,45914,36982,0
15034,143329,5936,0
15035,19802,52193,0
15036,145884,153222,0
15037,62548,27322,0
15038,135035,101655,0
15039,106417,99392,0
15040,59713,114422,0
15041,143067,68288,0
15042,43449,6713,0
15043,67009,15390,0
15044,97385,38134,0
15045,20898,10643,0
15046,21988,96063,0
15047,48380,137616,0
15048,77754,109575,0
15049,146575,94185,0
15050,37712,48613,0
15051,69476,149801,0
15052,90157,70086,0
15053,93927,22999,0
15054,35393,91996,0
15055,65032,10126,0
15056,64467,145275,0
15057,9176,80805,0
15058,118626,125554,0
15059,150091,23521,0
15060,80656,33975,0
15061,46774,20050,0
15062,57553,40352,0
15063,88846,25204,0
15064,41618,128714,0
15065,28380,49390,0
15066,51238,89103,0
15067,79936,140555,0
15068,128643,51790,0
15069,56930,102783,0
15070,95390,15794,0
15071,23603,149743,0
15072,48478,63182,0
15073,77559,49652,0
15074,23878,144307,0
15075,85966,24628,0
15076,56801,44865,0
15077,89599,50278,0
15078,49454,131815,0
15079,68469,82126,0
15080,58482,60918,0
15081,107533,134023,0
15082,94555,21364,0
15083,129219,12294,0
15084,117019,85894,0
15085,92086,108461,0
15086,89602,150253,0
15087,107500,43093,0
15088,55145,4603,0
15089,24826,77875,0
15090,39091,15991,0
15091,141144,83571,0
15092,111657,107932,0
15093,86824,131956,0
15094,26883,12929,0
15095,34701,121932,0
15096,50833,114111,0
15097,134509,50134,0
15098,83502,86212,0
15099,96275,115866,0
15100,23339,98682,0
15101,21689,83202,0
15102,134550,16611,0
15103,139963,140773,0
15104,31428,35379,0
15105,97701,136848,0
15106,147765,109806,0
15107,120253,122306,0
15108,57697,118710,0
15109,37226,17173,0
15110,108831,99878,0
15111,90283,16295,0
15112,39043,120082,0
15113,98349,148886,0
15114,46988,130122,0
15115,103797,126668,0
15116,123143,142499,0
15117,142123,85383,0
15118,89065,147034,0
15119,26980,11321,0
15120,37037,87078,0
15121,86791,134489,0
15122,146967,149252,0
15123,101474,11178,0
15124,78208,92121,0
15125,75184,89684,0
15126,102164,56085,0
15127,33232,6686,0
15128,124918,119504,0
15129,95345,116357,0
15130,90704,120999,0
15131,123800,82736,0
15132,112695,30916,0
15133,52452,17935,0
15134,19390,72705,0
15135,86687,63384,0
15136,67256,132491,0
15137,113264,152692,0
15138,97443,27517,0
15139,93063,39808,0
15140,119717,5663,0
15141,68468,149568,0
15142,133029,29560,0
15143,62663,154334,0
15144,66455,127297,0
15145,8612,30643,0
15146,150406,38421,0
15147,11259,72021,0
15148,150752,104803,0
15149,1954,71986,0
15150,112891,96354,0
15151,128419,116254,0
15152,142997,73156,0
15153,31889,68954,0
15154,148177,38055,0
15155,105818,151263,0
15156,43772,16256,0
15157,11206,105096,0
15158,59964,28151,0
15159,25360,90674,0
15160,65538,43234,0
15161,19348,89328,0
15162,87868,96986,0
15163,139242,139005,0
15164,109986,64916,0
15165,34198,49227,0
15166,15641,62345,0
15167,99667,121147,0
15168,40140,79838,0
15169,75088,118597,0
15170,150787,122490,0
15171,57552,22065,0
15172,114641,131058,0
15173,68110,20707,0
15174,110771,15991,0
15175,109307,82958,0
15176,150427,148356,0
15177,124872,92468,0
15178,69344,125018,0
15179,22271,149755,0
15180,59153,68055,0
15181,845,110154,0
15182,5280,99894,0
15183,13798,7348,0
15184,103145,47377,0
15185,110143,151153,0
15186,54310,31016,0
15187,122259,115955,0
15188,12917,5721,0
15189,92884,29538,0
15190,86617,84482,0
15191,7312,151885,0
15192,150297,133756,0
15193,81936,111520,0
15194,118245,140422,0
15195,30948,14473,0
15196,111624,62146,0
15197,16767,9044,0
15198,112309,35364,0
15199,12232,89328,0
15200,124211,49159,0
15201,87560,63150,0
15202,66021,19876,0
15203,121403,87541,0
15204,148945,25283,0
15205,18873,127097,0
15206,3556,71868,0
15207,116840,1518,0
15208,85258,119920,0
15209,13293,52616,0
15210,55841,29380,0
15211,124151,134148,0
15212,154441,147624,0
15213,50737,8369,0
15214,2667,16298,0
15215,106721,134931,0
15216,46490,119575,0
15217,36829,103308,0
15218,130090,89238,0
15219,11477,138994,0
15220,100562,136559,0
15221,123133,65653,0
15222,64883,136023,0
15223,69081,41345,0
15224,75244,59722,0
15225,127881,32968,0
15226,128572,132193,0
15227,132195,97718,0
15228,73712,137977,0
15229,17827,68603,0
15230,38024,39184,0
15231,149747,139882,0
