,nodeid1,nodeid2,label
0,139121,143220,0
1,117401,145298,0
2,61498,131310,0
3,104672,100764,0
4,102577,38783,0
5,100431,10712,0
6,88247,125572,0
7,118579,51361,0
8,49169,147254,0
9,60776,57298,0
10,2481,117747,0
11,49480,22151,0
12,36278,153408,0
13,40747,93512,0
14,79895,113325,0
15,34021,73817,0
16,85751,47616,0
17,66674,29034,0
18,32518,124093,0
19,105377,140126,0
20,21229,129474,0
21,8649,18361,0
22,93016,58828,0
23,153312,22844,0
24,49115,95205,0
25,19895,155165,0
26,132138,4424,0
27,30974,151377,0
28,140333,52181,0
29,138555,121503,0
30,46222,105862,0
31,11626,77506,0
32,154110,23813,0
33,58022,20787,0
34,38567,95159,0
35,54512,113637,0
36,117188,57885,0
37,3760,140223,0
38,210,149478,0
39,112437,86826,0
40,58622,100885,0
41,75373,114219,0
42,117642,42426,0
43,33643,7104,0
44,150033,107887,0
45,26428,79211,0
46,36042,101526,0
47,129927,38618,0
48,92244,66389,0
49,76606,50519,0
50,37976,19234,0
51,123753,76304,0
52,80778,125840,0
53,135641,52965,0
54,102768,91533,0
55,71843,146607,0
56,88353,119647,0
57,3331,44546,0
58,18255,142866,0
59,25776,56643,0
60,89394,2212,0
61,66437,26122,0
62,148173,76966,0
63,3930,12217,0
64,82178,74537,0
65,121353,86075,0
66,2785,20900,0
67,69990,11356,0
68,111324,7710,0
69,26249,141702,0
70,61281,73193,0
71,115705,111632,0
72,135345,3705,0
73,66610,2215,0
74,56373,43934,0
75,44343,29969,0
76,48706,84611,0
77,43440,106028,0
78,86920,147554,0
79,144976,59818,0
80,65591,135588,0
81,7937,59858,0
82,50074,10244,0
83,66871,25775,0
84,142848,144430,0
85,124013,84897,0
86,98989,76037,0
87,98745,93889,0
88,38417,152148,0
89,118768,104263,0
90,106289,121776,0
91,2086,102193,0
92,151738,104388,0
93,63446,124568,0
94,63109,106856,0
95,53115,7702,0
96,49613,148205,0
97,54536,60521,0
98,93184,44711,0
99,123627,64865,0
100,73304,138718,0
101,49703,12509,0
102,131502,87147,0
103,8564,144566,0
104,95042,18587,0
105,44018,125987,0
106,152874,19296,0
107,4918,13240,0
108,29770,79096,0
109,146182,131828,0
110,26647,78294,0
111,113655,142252,0
112,40011,87783,0
113,75615,146151,0
114,140353,89472,0
115,135108,97145,0
116,108152,32336,0
117,143020,146212,0
118,129025,39194,0
119,145399,6732,0
120,149722,96676,0
121,14556,57318,0
122,81148,44476,0
123,117348,6619,0
124,32096,118663,0
125,18828,35037,0
126,107004,62523,0
127,31655,90735,0
128,28455,66205,0
129,59243,134984,0
130,18877,65699,0
131,80306,22375,0
132,125221,82716,0
133,46060,23821,0
134,74137,146056,0
135,115329,87575,0
136,109432,92698,0
137,55063,10022,0
138,137513,53085,0
139,18325,37296,0
140,117005,43696,0
141,44587,7536,0
142,50441,153621,0
143,97167,140053,0
144,84861,51475,0
145,95670,14846,0
146,140481,80878,0
147,100852,20543,0
148,154823,84481,0
149,140786,56962,0
150,117784,147857,0
151,22941,104862,0
152,152251,25613,0
153,32614,90965,0
154,54461,19118,0
155,33179,108381,0
156,13439,78578,0
157,58408,29241,0
158,6931,10621,0
159,32559,59067,0
160,99554,127886,0
161,38131,100236,0
162,42999,85722,0
163,87255,90851,0
164,146345,53243,0
165,33200,149851,0
166,72820,129309,0
167,141216,15122,0
168,114412,2375,0
169,146111,124149,0
170,21946,13411,0
171,99023,89306,0
172,51685,13763,0
173,35100,38436,0
174,142413,125987,0
175,151353,40063,0
176,57248,107824,0
177,24362,126971,0
178,9426,25313,0
179,140815,33640,0
180,36936,72811,0
181,108358,34929,0
182,31640,16406,0
183,115674,75659,0
184,24091,88490,0
185,37058,11035,0
186,56479,4901,0
187,5195,57990,0
188,20495,5273,0
189,134378,28772,0
190,136438,126410,0
191,118631,142277,0
192,128054,29412,0
193,152802,84403,0
194,61927,153213,0
195,67036,31884,0
196,77333,47169,0
197,55284,31842,0
198,88956,27422,0
199,110097,106745,0
200,34021,69387,0
201,23540,33142,0
202,82543,81721,0
203,61191,79182,0
204,139693,79974,0
205,83961,133951,0
206,73690,16597,0
207,104628,137171,0
208,57404,114954,0
209,63756,106221,0
210,124137,148014,0
211,3524,130382,0
212,118681,44649,0
213,114749,50750,0
214,54200,36229,0
215,121039,128626,0
216,82005,14221,0
217,8790,110694,0
218,11900,8505,0
219,70036,129572,0
220,136331,3998,0
221,4946,3177,0
222,15738,134394,0
223,120485,23797,0
224,63523,51627,0
225,147837,30145,0
226,147643,19484,0
227,109072,1769,0
228,71975,153647,0
229,87483,5710,0
230,173,80474,0
231,3769,73774,0
232,52558,124365,0
233,108454,11567,0
234,147064,31247,0
235,152342,144812,0
236,54233,74753,0
237,131483,126874,0
238,35929,59908,0
239,59165,29814,0
240,63316,154263,0
241,104719,119449,0
242,89827,89548,0
243,119562,115541,0
244,1183,146034,0
245,130171,34125,0
246,22368,46218,0
247,30899,102698,0
248,4716,9535,0
249,119382,138599,0
250,148790,39329,0
251,129695,68653,0
252,129183,61024,0
253,67995,950,0
254,51175,23303,0
255,110152,111830,0
256,16944,92548,0
257,61298,72347,0
258,35443,69748,0
259,154308,20230,0
260,61218,684,0
261,115361,17946,0
262,28800,95034,0
263,32670,128330,0
264,85424,81234,0
265,150702,55002,0
266,10906,15114,0
267,145876,37637,0
268,33001,149921,0
269,38575,93603,0
270,45794,8840,0
271,14407,27613,0
272,145232,119518,0
273,146774,130689,0
274,82110,83317,0
275,70635,23752,0
276,125937,111956,0
277,10602,45507,0
278,143611,49561,0
279,92819,28029,0
280,120261,83159,0
281,60112,108689,0
282,136535,109705,0
283,11468,20332,0
284,30877,124506,0
285,57563,80374,0
286,59898,130905,0
287,105426,17788,0
288,73452,81756,0
289,130479,1506,0
290,148934,99178,0
291,151839,131242,0
292,61808,2975,0
293,27716,151870,0
294,34853,95772,0
295,87182,21338,0
296,127592,60097,0
297,127048,137457,0
298,31848,70605,0
299,20281,18749,0
300,16955,10319,0
301,128233,147596,0
302,80409,55106,0
303,118893,4043,0
304,14447,86495,0
305,76341,69714,0
306,116914,17946,0
307,83246,37586,0
308,66198,125810,0
309,143102,111283,0
310,45959,11321,0
311,55393,84366,0
312,104049,86766,0
313,21646,151772,0
314,26181,152539,0
315,98599,69618,0
316,24513,64086,0
317,109388,52684,0
318,7234,24092,0
319,61828,52408,0
320,134031,26915,0
321,85375,112294,0
322,107130,63155,0
323,104693,90412,0
324,48018,106608,0
325,140641,152434,0
326,142314,50134,0
327,909,80685,0
328,78683,4707,0
329,27910,43418,0
330,144980,136131,0
331,79616,122593,0
332,29132,80659,0
333,36114,80465,0
334,85565,134114,0
335,47950,112226,0
336,31337,107616,0
337,98464,104399,0
338,69921,86236,0
339,95864,75558,0
340,63729,18994,0
341,118694,150268,0
342,14567,109445,0
343,37037,133371,0
344,9228,107451,0
345,55289,102585,0
346,48533,44913,0
347,117016,102123,0
348,49604,26528,0
349,40163,67515,0
350,39215,43482,0
351,121921,34840,0
352,68590,27623,0
353,68092,87937,0
354,133650,112468,0
355,94402,86343,0
356,100693,128438,0
357,67514,117519,0
358,101632,45191,0
359,16454,86978,0
360,94201,58591,0
361,25930,139169,0
362,121423,130775,0
363,111738,126216,0
364,40880,38354,0
365,107967,81808,0
366,95976,57139,0
367,10720,17107,0
368,104270,51781,0
369,100733,48716,0
370,10359,59971,0
371,134678,92259,0
372,76415,7436,0
373,90484,79378,0
374,20171,28910,0
375,94833,11695,0
376,123511,95155,0
377,39581,102840,0
378,82782,57504,0
379,9955,40139,0
380,86485,55056,0
381,45444,56451,0
382,123782,142860,0
383,49878,126674,0
384,19881,90875,0
385,7896,7545,0
386,81873,105091,0
387,151006,86864,0
388,96187,139895,0
389,79776,122974,0
390,25203,132146,0
391,113603,145132,0
392,126991,4116,0
393,98968,39848,0
394,143175,50304,0
395,53330,92745,0
396,23380,130505,0
397,63969,76,0
398,119217,19914,0
399,82547,1912,0
400,41395,31786,0
401,95079,98478,0
402,52644,80545,0
403,10414,71061,0
404,125535,98976,0
405,5856,60247,0
406,22216,43583,0
407,38013,14432,0
408,52351,61743,0
409,7332,153660,0
410,120144,85015,0
411,140577,139818,0
412,101869,131347,0
413,114716,86349,0
414,149678,24044,0
415,101178,24899,0
416,56778,129644,0
417,95665,18840,0
418,4767,15975,0
419,126487,85175,0
420,9810,6468,0
421,38891,117640,0
422,64355,51004,0
423,99284,106190,0
424,50746,21533,0
425,86455,129539,0
426,55253,36558,0
427,67472,96567,0
428,58215,150332,0
429,154374,25875,0
430,23025,52809,0
431,142784,28073,0
432,95698,102238,0
433,100102,62082,0
434,138886,25848,0
435,37843,108428,0
436,67315,32488,0
437,118097,35549,0
438,117312,131715,0
439,71184,149673,0
440,19786,42285,0
441,64556,42383,0
442,101561,103029,0
443,110048,66654,0
444,18713,38571,0
445,143524,20399,0
446,133211,149983,0
447,67471,129281,0
448,138732,63657,0
449,54038,59644,0
450,109357,135043,0
451,59630,9938,0
452,86394,133343,0
453,87697,84013,0
454,52469,139726,0
455,21862,144947,0
456,138438,34550,0
457,82838,137844,0
458,146646,140368,0
459,37794,89366,0
460,58463,145325,0
461,101443,145236,0
462,65942,88636,0
463,98098,67026,0
464,149866,21667,0
465,32783,16184,0
466,124232,46233,0
467,134509,118275,0
468,92327,54665,0
469,81289,36912,0
470,134506,94341,0
471,88990,105506,0
472,107727,147682,0
473,49731,12273,0
474,97268,139694,0
475,34526,4643,0
476,120185,56892,0
477,90245,95965,0
478,58425,120227,0
479,130345,150382,0
480,85347,18850,0
481,106821,126581,0
482,151490,55327,0
483,52429,71698,0
484,36295,39439,0
485,139797,98061,0
486,138656,82443,0
487,141310,12069,0
488,121653,103534,0
489,46985,29935,0
490,135057,34185,0
491,38730,91681,0
492,58801,154800,0
493,9753,14978,0
494,70417,85124,0
495,78732,100711,0
496,91562,5044,0
497,50417,148445,0
498,40769,41760,0
499,124082,90956,0
500,32783,137058,0
501,147448,124060,0
502,149924,44052,0
503,37665,79204,0
504,74993,14658,0
505,110206,8926,0
506,133982,116005,0
507,115689,108191,0
508,78772,59372,0
509,52920,139988,0
510,296,151026,0
511,99081,23047,0
512,111363,115445,0
513,74680,138851,0
514,131842,32232,0
515,11801,10780,0
516,98391,137358,0
517,92533,85214,0
518,13993,84070,0
519,63461,91194,0
520,140491,106162,0
521,133135,124172,0
522,18877,1393,0
523,149895,37333,0
524,149987,23636,0
525,97877,17154,0
526,12175,86585,0
527,13485,14608,0
528,137344,22539,0
529,14718,82103,0
530,28933,63441,0
531,83166,22844,0
532,93229,30528,0
533,5865,153796,0
534,55922,77656,0
535,27851,110299,0
536,81928,71171,0
537,102599,113878,0
538,81500,78707,0
539,10531,72508,0
540,12446,70031,0
541,115354,133203,0
542,118935,29601,0
543,146496,15979,0
544,82960,6794,0
545,142661,129691,0
546,53008,63725,0
547,81301,123623,0
548,119616,1807,0
549,22721,74440,0
550,127800,31308,0
551,126429,34656,0
552,107690,76400,0
553,26258,136547,0
554,97246,46388,0
555,147123,36470,0
556,40035,108201,0
557,53175,75115,0
558,644,82624,0
559,141357,132473,0
560,117040,37506,0
561,57193,26382,0
562,147508,120585,0
563,93314,71598,0
564,149182,2782,0
565,2959,67664,0
566,24535,7669,0
567,36287,65703,0
568,124212,69774,0
569,58943,81684,0
570,115674,54153,0
571,104350,20397,0
572,69866,45883,0
573,154527,141056,0
574,106401,26680,0
575,63304,58292,0
576,37834,54956,0
577,148851,90299,0
578,113084,24898,0
579,74889,8727,0
580,119460,8954,0
581,69355,82109,0
582,66362,48430,0
583,121111,86739,0
584,153131,48462,0
585,46177,135392,0
586,61794,73821,0
587,146844,44238,0
588,75699,68740,0
589,97818,20114,0
590,35182,29203,0
591,91976,140205,0
592,147541,55763,0
593,62645,116778,0
594,121092,90773,0
595,51183,147667,0
596,104932,106706,0
597,94764,63658,0
598,139474,53196,0
599,858,57039,0
600,123705,139053,0
601,125168,2284,0
602,64069,106834,0
603,127989,7293,0
604,30320,91098,0
605,104349,25229,0
606,70902,99989,0
607,73612,77042,0
608,153013,6428,0
609,58838,43734,0
610,67632,88719,0
611,149518,102269,0
612,142164,62187,0
613,16907,95653,0
614,21012,43756,0
615,101524,79359,0
616,31362,134426,0
617,29360,145274,0
618,105928,135737,0
619,61007,59731,0
620,50995,61330,0
621,95878,124059,0
622,48857,34580,0
623,56645,120911,0
624,153783,129150,0
625,138550,117749,0
626,126002,124249,0
627,61553,86661,0
628,140012,5500,0
629,145894,129293,0
630,146412,147796,0
631,86828,90356,0
632,123004,14932,0
633,50877,54736,0
634,83864,78668,0
635,18873,46161,0
636,50854,5619,0
637,93279,152703,0
638,134287,107321,0
639,64714,14636,0
640,44994,106829,0
641,148525,6942,0
642,118509,119452,0
643,69192,22037,0
644,93853,119417,0
645,10130,143566,0
646,4417,27385,0
647,81538,104654,0
648,97320,19811,0
649,11973,38486,0
650,61910,9367,0
651,13858,10536,0
652,92748,55082,0
653,151000,71620,0
654,86358,47183,0
655,145309,49091,0
656,47954,21634,0
657,154168,150824,0
658,101317,141929,0
659,133947,127886,0
660,84091,151435,0
661,100790,113923,0
662,116041,51148,0
663,102498,93787,0
664,143125,87574,0
665,72613,36467,0
666,44320,80574,0
667,55739,148692,0
668,57955,59951,0
669,95510,108880,0
670,125777,117215,0
671,38680,129845,0
672,51259,40679,0
673,9433,66062,0
674,145669,126953,0
675,151487,145125,0
676,104338,80185,0
677,80801,120042,0
678,5792,115838,0
679,5723,54944,0
680,100226,48253,0
681,62240,107300,0
682,153614,138346,0
683,150149,64758,0
684,37786,74101,0
685,127951,143104,0
686,77853,19206,0
687,63745,3316,0
688,3672,72761,0
689,39639,96342,0
690,24535,22135,0
691,16367,60610,0
692,105349,123844,0
693,59274,114941,0
694,14405,20833,0
695,96413,26284,0
696,12741,68264,0
697,132104,93862,0
698,77529,40409,0
699,52055,19588,0
700,137057,15172,0
701,82909,41646,0
702,141356,25947,0
703,16154,34487,0
704,102959,38059,0
705,129400,37925,0
706,5164,137163,0
707,148525,108992,0
708,66097,31610,0
709,94561,55178,0
710,6131,51396,0
711,8657,60472,0
712,107514,114068,0
713,7691,107840,0
714,39001,123193,0
715,57263,22919,0
716,70923,19780,0
717,7861,148421,0
718,111808,107807,0
719,86026,45061,0
720,84080,2562,0
721,116490,92112,0
722,20124,93360,0
723,76353,10894,0
724,132084,41433,0
725,21367,72526,0
726,3537,43892,0
727,81928,142984,0
728,57268,62637,0
729,29655,75285,0
730,68396,10478,0
731,65761,98527,0
732,122332,79523,0
733,147566,116264,0
734,49075,142700,0
735,152880,81790,0
736,25918,104233,0
737,54173,71379,0
738,143950,99451,0
739,18759,52343,0
740,116943,105969,0
741,14807,23222,0
742,23120,129771,0
743,6625,86140,0
744,137508,127188,0
745,102453,55552,0
746,21614,111475,0
747,63623,85550,0
748,5859,141250,0
749,101382,44037,0
750,131498,63394,0
751,90364,47694,0
752,24685,4366,0
753,101262,148467,0
754,60450,77379,0
755,112709,40137,0
756,131304,80214,0
757,81610,70722,0
758,93832,39759,0
759,19610,16093,0
760,2032,61180,0
761,93944,26772,0
762,57880,153463,0
763,116720,69899,0
764,7551,83386,0
765,133184,133977,0
766,149780,122033,0
767,118419,45384,0
768,70590,143000,0
769,139861,66623,0
770,43987,123944,0
771,32206,51964,0
772,118307,40084,0
773,147619,60835,0
774,75972,9313,0
775,20918,88527,0
776,39857,18641,0
777,117515,51153,0
778,42940,58381,0
779,65369,37954,0
780,95,17223,0
781,97833,12003,0
782,119739,10852,0
783,10227,87909,0
784,89442,3348,0
785,124712,93683,0
786,115483,134869,0
787,28033,105004,0
788,95140,125194,0
789,24672,115344,0
790,43018,52966,0
791,120848,146586,0
792,44308,19914,0
793,73605,87882,0
794,127909,120263,0
795,13014,37617,0
796,63202,78613,0
797,103294,69182,0
798,82509,79792,0
799,1416,43152,0
800,50021,47236,0
801,71001,109836,0
802,102449,65002,0
803,35578,135478,0
804,36617,74761,0
805,3369,19981,0
806,38089,145959,0
807,60267,55568,0
808,75534,125742,0
809,75910,15086,0
810,120026,42867,0
811,139377,110631,0
812,17950,3658,0
813,91146,67058,0
814,49246,28893,0
815,132203,94903,0
816,104338,98455,0
817,57247,78144,0
818,81327,25197,0
819,60727,146767,0
820,154529,37145,0
821,52389,111440,0
822,101283,111165,0
823,67544,31503,0
824,146809,37856,0
825,97243,42874,0
826,20752,148463,0
827,58067,56187,0
828,21594,140918,0
829,13115,19104,0
830,117186,59235,0
831,11257,21649,0
832,14691,61780,0
833,73748,73839,0
834,56787,66973,0
835,95645,54009,0
836,12510,86762,0
837,107164,130094,0
838,26298,36510,0
839,15471,50513,0
840,80208,49902,0
841,93848,47564,0
842,33000,92530,0
843,62181,105286,0
844,107082,133205,0
845,127830,146005,0
846,138445,128892,0
847,73488,139987,0
848,20136,103401,0
849,69559,5026,0
850,66197,93476,0
851,137038,120265,0
852,55752,112588,0
853,125590,74468,0
854,137030,108676,0
855,87975,148084,0
856,71000,4721,0
857,108590,134955,0
858,85306,67131,0
859,136273,29343,0
860,93695,55925,0
861,89761,132656,0
862,135864,78738,0
863,54256,10496,0
864,120928,69486,0
865,54737,12595,0
866,128704,152019,0
867,17278,85398,0
868,91492,110376,0
869,78858,58980,0
870,68523,27893,0
871,72931,58523,0
872,131827,113808,0
873,90155,20764,0
874,16671,82360,0
875,76696,16356,0
876,8224,141335,0
877,146572,51799,0
878,42374,131976,0
879,77282,44404,0
880,33483,47937,0
881,137147,108012,0
882,145229,53974,0
883,37525,137399,0
884,148517,24515,0
885,50082,150411,0
886,71798,154852,0
887,49675,3249,0
888,11325,116813,0
889,19771,19534,0
890,129333,49384,0
891,113246,7508,0
892,49229,22171,0
893,150096,95954,0
894,138196,154418,0
895,53494,48380,0
896,44378,10,0
897,43530,93376,0
898,110923,79729,0
899,34534,95740,0
900,81930,93976,0
901,4762,39461,0
902,104558,4006,0
903,26523,94032,0
904,35300,117849,0
905,28440,132574,0
906,151259,131272,0
907,70190,41247,0
908,96365,67770,0
909,65986,56898,0
910,65255,83183,0
911,38072,68589,0
912,15174,99512,0
913,28911,878,0
914,32416,89186,0
915,90006,19147,0
916,17760,88025,0
917,100941,33080,0
918,10498,124630,0
919,131422,93935,0
920,124092,150053,0
921,149574,30339,0
922,94764,81192,0
923,58977,147629,0
924,114141,96354,0
925,52555,114232,0
926,87457,19750,0
927,130203,33506,0
928,35361,143645,0
929,11178,16477,0
930,86083,50106,0
931,99008,100236,0
932,129968,48026,0
933,105551,79585,0
934,77534,46555,0
935,139647,67853,0
936,131443,134147,0
937,144817,122459,0
938,69129,111167,0
939,10410,78012,0
940,100752,31654,0
941,145712,150411,0
942,38724,130886,0
943,7706,132938,0
944,18373,82976,0
945,113918,44305,0
946,24440,38747,0
947,10314,109364,0
948,144557,34206,0
949,21664,114825,0
950,38891,32285,0
951,94970,147437,0
952,72953,101976,0
953,152420,55422,0
954,75757,85146,0
955,67200,35765,0
956,152103,48936,0
957,77923,69446,0
958,91454,129230,0
959,101873,40376,0
960,84981,84845,0
961,59475,142774,0
962,136190,44361,0
963,103492,150017,0
964,123009,51805,0
965,97262,125149,0
966,46502,47411,0
967,24987,65609,0
968,69586,42575,0
969,135928,60764,0
970,13533,48413,0
971,147767,34010,0
972,39778,77112,0
973,6907,116439,0
974,43735,136072,0
975,121974,24799,0
976,141735,120459,0
977,23045,153029,0
978,54990,15071,0
979,110109,8713,0
980,133224,136607,0
981,94660,29342,0
982,61583,131906,0
983,131376,51525,0
984,53980,127941,0
985,99310,91770,0
986,71474,66440,0
987,29416,77407,0
988,94673,49728,0
989,117273,59521,0
990,114453,138478,0
991,76971,98538,0
992,140313,142319,0
993,21910,123237,0
994,148795,16193,0
995,150210,78233,0
996,126457,114581,0
997,52220,6730,0
998,143813,59050,0
999,25096,96283,0
1000,136156,56582,0
1001,60938,92470,0
1002,7378,142017,0
1003,2820,9378,0
1004,59921,18346,0
1005,4551,82961,0
1006,12805,46302,0
1007,138980,98449,0
1008,132300,33374,0
1009,81418,1673,0
1010,97596,30233,0
1011,4896,111913,0
1012,154703,77018,0
1013,4649,32161,0
1014,117365,25560,0
1015,47101,42362,0
1016,1893,125023,0
1017,91025,85527,0
1018,48674,130165,0
1019,128777,64217,0
1020,49246,73168,0
1021,26810,32990,0
1022,102108,9454,0
1023,68229,115717,0
1024,65588,97206,0
1025,45411,127203,0
1026,136938,149810,0
1027,99164,76960,0
1028,83798,43422,0
1029,75652,67922,0
1030,113356,42359,0
1031,107545,129453,0
1032,79207,57729,0
1033,137197,143053,0
1034,118915,109799,0
1035,115965,143809,0
1036,130438,142938,0
1037,34093,154696,0
1038,131520,135843,0
1039,135916,87447,0
1040,7301,81940,0
1041,34434,102670,0
1042,8068,647,0
1043,148511,108501,0
1044,76181,5465,0
1045,65331,33067,0
1046,117795,22053,0
1047,25448,145807,0
1048,98647,151069,0
1049,22993,44307,0
1050,4250,93039,0
1051,99815,141919,0
1052,131628,141668,0
1053,62238,113776,0
1054,37973,27758,0
1055,107730,153155,0
1056,34780,133752,0
1057,82275,139869,0
1058,78929,152713,0
1059,3523,19144,0
1060,22621,7803,0
1061,15463,45217,0
1062,128159,48469,0
1063,27649,58923,0
1064,40641,32001,0
1065,104983,53510,0
1066,90800,54818,0
1067,112872,4302,0
1068,90885,147736,0
1069,148856,12484,0
1070,73846,38113,0
1071,137295,141198,0
1072,42699,36911,0
1073,102037,63064,0
1074,62625,266,0
1075,15661,36807,0
1076,7995,14947,0
1077,27046,120045,0
1078,91619,29515,0
1079,13028,74909,0
1080,150003,113662,0
1081,47782,26504,0
1082,126497,88768,0
1083,130143,85702,0
1084,71949,122387,0
1085,91298,98963,0
1086,128367,59576,0
1087,99616,52136,0
1088,13331,35598,0
1089,95431,122296,0
1090,130065,90361,0
1091,7706,111416,0
1092,118097,150560,0
1093,117040,39068,0
1094,145470,97684,0
1095,53190,150383,0
1096,34459,78977,0
1097,132820,112960,0
1098,65498,2282,0
1099,21896,43041,0
1100,118206,92524,0
1101,29409,72482,0
1102,85770,77832,0
1103,98446,25594,0
1104,91220,15590,0
1105,99096,73071,0
1106,79767,4017,0
1107,77108,108714,0
1108,121489,17537,0
1109,108259,15680,0
1110,63932,65314,0
1111,64988,65546,0
1112,91144,112457,0
1113,10222,22715,0
1114,105603,149775,0
1115,92446,99170,0
1116,56031,40828,0
1117,4927,32399,0
1118,114204,35070,0
1119,13284,149807,0
1120,81847,146302,0
1121,95480,83137,0
1122,100879,150854,0
1123,89066,154209,0
1124,26971,101898,0
1125,69615,13169,0
1126,127545,54390,0
1127,72031,55424,0
1128,51548,82033,0
1129,24509,10977,0
1130,59483,51185,0
1131,144524,428,0
1132,46168,36667,0
1133,148290,43417,0
1134,25152,6899,0
1135,129156,94368,0
1136,80247,110596,0
1137,29957,68658,0
1138,32894,38298,0
1139,40965,56047,0
1140,121970,128163,0
1141,13571,5640,0
1142,101164,47172,0
1143,103589,82708,0
1144,35538,67664,0
1145,89803,98627,0
1146,58134,126281,0
1147,85639,148271,0
1148,13439,125084,0
1149,113009,32010,0
1150,115102,30414,0
1151,82898,100215,0
1152,21226,139080,0
1153,148257,108332,0
1154,152691,119962,0
1155,132424,20524,0
1156,10032,24795,0
1157,26200,14095,0
1158,134083,58415,0
1159,11381,132169,0
1160,56917,130153,0
1161,126319,6686,0
1162,25067,11231,0
1163,44886,110439,0
1164,103262,82074,0
1165,105466,107365,0
1166,85306,51481,0
1167,86858,97539,0
1168,61553,66246,0
1169,29309,116036,0
1170,104972,30542,0
1171,39603,147046,0
1172,134468,88483,0
1173,119569,110592,0
1174,131766,110753,0
1175,91515,122748,0
1176,145597,95512,0
1177,29841,129738,0
1178,116880,149195,0
1179,90969,49901,0
1180,90622,84779,0
1181,89853,83467,0
1182,140955,27789,0
1183,105633,10873,0
1184,12244,65140,0
1185,120693,148788,0
1186,108290,49802,0
1187,12184,14105,0
1188,2649,32662,0
1189,151394,148510,0
1190,99869,96195,0
1191,36743,51735,0
1192,138011,67085,0
1193,21013,39672,0
1194,97012,82034,0
1195,33153,52008,0
1196,78583,106241,0
1197,17772,13742,0
1198,5282,154423,0
1199,5413,6214,0
1200,103895,86571,0
1201,10474,44695,0
1202,108766,119005,0
1203,24055,147492,0
1204,462,119720,0
1205,144162,53226,0
1206,141933,79888,0
1207,48533,78271,0
1208,67821,123951,0
1209,39082,85864,0
1210,11774,124471,0
1211,55247,93356,0
1212,114380,143616,0
1213,111495,113762,0
1214,60815,11258,0
1215,91832,20142,0
1216,131108,138950,0
1217,34736,141937,0
1218,121212,57330,0
1219,150272,57407,0
1220,5019,140991,0
1221,88246,14399,0
1222,86765,113534,0
1223,76886,15651,0
1224,123435,146270,0
1225,70003,10387,0
1226,130401,130911,0
1227,37110,75277,0
1228,4033,91169,0
1229,31653,34506,0
1230,3354,16606,0
1231,74160,7410,0
1232,142405,82560,0
1233,102442,142151,0
1234,65377,138988,0
1235,20849,78222,0
1236,128211,22057,0
1237,19551,762,0
1238,126961,96213,0
1239,110804,36652,0
1240,63719,132893,0
1241,12279,25512,0
1242,139940,101076,0
1243,49129,149495,0
1244,148718,40286,0
1245,70177,103016,0
1246,68315,76437,0
1247,109001,152415,0
1248,144401,65768,0
1249,83436,154562,0
1250,29106,22805,0
1251,61983,78884,0
1252,118057,90649,0
1253,18579,12424,0
1254,137705,104362,0
1255,54196,126940,0
1256,71974,38684,0
1257,131304,8557,0
1258,101503,56299,0
1259,134896,46466,0
1260,63702,23465,0
1261,95845,91943,0
1262,77732,132561,0
1263,30909,75544,0
1264,406,128079,0
1265,59958,51991,0
1266,150567,154598,0
1267,9404,105707,0
1268,107336,52720,0
1269,155058,37113,0
1270,103166,128974,0
1271,111470,115041,0
1272,121855,55496,0
1273,125074,29896,0
1274,148236,35257,0
1275,110226,12911,0
1276,15858,75855,0
1277,33582,135742,0
1278,103991,24180,0
1279,69943,76173,0
1280,113566,64075,0
1281,102755,99077,0
1282,151654,87011,0
1283,18529,120587,0
1284,36849,112487,0
1285,136399,92306,0
1286,147336,72152,0
1287,30103,48808,0
1288,43066,81519,0
1289,108830,5285,0
1290,56107,86757,0
1291,19502,26811,0
1292,131820,104724,0
1293,38263,81104,0
1294,39507,71071,0
1295,50883,100058,0
1296,65331,138937,0
1297,20586,92382,0
1298,85869,57138,0
1299,21347,137087,0
1300,76319,48702,0
1301,29416,88423,0
1302,143144,135170,0
1303,82500,110957,0
1304,46251,31372,0
1305,138681,134474,0
1306,43551,18567,0
1307,23402,139002,0
1308,63424,98985,0
1309,74835,7375,0
1310,132308,66714,0
1311,25053,92829,0
1312,76010,102557,0
1313,116921,15930,0
1314,149501,82075,0
1315,3714,58377,0
1316,146533,47254,0
1317,56860,153530,0
1318,149820,7077,0
1319,83867,123823,0
1320,40537,127082,0
1321,81223,146269,0
1322,84129,40320,0
1323,87690,58496,0
1324,114073,100994,0
1325,127139,44085,0
1326,149382,147497,0
1327,24139,37571,0
1328,108364,124746,0
1329,4571,98790,0
1330,123073,63514,0
1331,109758,47182,0
1332,124697,65829,0
1333,137404,124601,0
1334,58577,1163,0
1335,128932,85595,0
1336,3612,144809,0
1337,39303,948,0
1338,114676,4622,0
1339,122521,26707,0
1340,102640,36554,0
1341,56964,90423,0
1342,94169,41020,0
1343,71437,79125,0
1344,102057,34327,0
1345,48970,135212,0
1346,80553,151715,0
1347,68592,128535,0
1348,118961,5686,0
1349,129672,41501,0
1350,118013,148625,0
1351,40561,19092,0
1352,80412,79681,0
1353,110972,107158,0
1354,121907,89468,0
1355,27857,75966,0
1356,101478,47934,0
1357,5799,80453,0
1358,49113,28995,0
1359,111779,114055,0
1360,26552,53341,0
1361,152950,96044,0
1362,129792,37209,0
1363,18011,110642,0
1364,783,99024,0
1365,68777,144172,0
1366,117745,6699,0
1367,94996,39408,0
1368,24431,33490,0
1369,147912,92611,0
1370,40273,102208,0
1371,72504,121776,0
1372,153129,139468,0
1373,117874,111344,0
1374,46959,143143,0
1375,90414,17681,0
1376,97395,106179,0
1377,139760,126475,0
1378,3806,6047,0
1379,77024,146373,0
1380,90671,105565,0
1381,149050,133510,0
1382,6191,111231,0
1383,10745,57212,0
1384,15279,28614,0
1385,153747,136044,0
1386,71372,23608,0
1387,56181,25585,0
1388,18319,35164,0
1389,21605,86082,0
1390,43596,56193,0
1391,100898,154112,0
1392,115780,61923,0
1393,99916,76766,0
1394,149113,146920,0
1395,100156,118239,0
1396,1904,64369,0
1397,73352,125600,0
1398,115189,115777,0
1399,106581,81630,0
1400,55979,955,0
1401,119337,124419,0
1402,42352,110146,0
1403,98367,93757,0
1404,60539,148693,0
1405,22575,84257,0
1406,45792,148589,0
1407,56707,30008,0
1408,120295,59508,0
1409,80985,128949,0
1410,36720,56671,0
1411,111238,78849,0
1412,141967,130094,0
1413,148732,37237,0
1414,101002,51941,0
1415,112166,12238,0
1416,8260,91302,0
1417,15826,8572,0
1418,152723,723,0
1419,52195,140644,0
1420,8635,90604,0
1421,89228,95218,0
1422,93226,12146,0
1423,100007,37194,0
1424,87063,103060,0
1425,48778,10438,0
1426,101474,116611,0
1427,109021,50512,0
1428,126226,105599,0
1429,145661,58631,0
1430,130329,111001,0
1431,129304,134636,0
1432,48787,94878,0
1433,54017,140543,0
1434,15174,4369,0
1435,102059,98203,0
1436,97482,64701,0
1437,18256,115003,0
1438,146565,130748,0
1439,129035,29418,0
1440,67504,77436,0
1441,42652,897,0
1442,80152,108293,0
1443,121606,64571,0
1444,45537,79253,0
1445,142244,78619,0
1446,69330,60763,0
1447,132291,52825,0
1448,79574,25943,0
1449,121759,67210,0
1450,14600,21104,0
1451,146971,5395,0
1452,14503,35542,0
1453,110042,121459,0
1454,84835,55965,0
1455,70136,134291,0
1456,68952,153714,0
1457,102611,30642,0
1458,138628,90346,0
1459,53528,123469,0
1460,69280,128566,0
1461,18110,38628,0
1462,13863,155112,0
1463,135406,125068,0
1464,152862,19016,0
1465,114232,82688,0
1466,75086,38396,0
1467,113802,5028,0
1468,59719,28398,0
1469,110016,32236,0
1470,37473,137210,0
1471,40760,26519,0
1472,59355,6404,0
1473,70442,31726,0
1474,133961,64346,0
1475,34043,42265,0
1476,106936,34345,0
1477,36063,140120,0
1478,9952,78113,0
1479,71046,120388,0
1480,2424,139274,0
1481,153604,150986,0
1482,51724,68884,0
1483,56115,79971,0
1484,78454,98929,0
1485,5569,83730,0
1486,125276,80327,0
1487,154224,101114,0
1488,30,14192,0
1489,25538,18486,0
1490,135975,25958,0
1491,108695,9211,0
1492,105994,37637,0
1493,68934,48035,0
1494,81493,25255,0
1495,56900,31533,0
1496,125963,153540,0
1497,44700,106032,0
1498,75437,123150,0
1499,71665,23844,0
1500,53812,58187,0
1501,144518,108553,0
1502,18526,17197,0
1503,87114,71541,0
1504,140737,139857,0
1505,133082,40571,0
1506,49752,106612,0
1507,62113,16722,0
1508,118066,34283,0
1509,117469,83586,0
1510,26434,12186,0
1511,44911,14894,0
1512,115216,56824,0
1513,101015,98989,0
1514,55451,9583,0
1515,18855,141752,0
1516,62966,122327,0
1517,40412,61212,0
1518,101472,8582,0
1519,145817,136640,0
1520,130923,18542,0
1521,127232,127752,0
1522,113433,145477,0
1523,58099,23446,0
1524,55361,133869,0
1525,152728,101218,0
1526,16379,67586,0
1527,82193,133356,0
1528,97233,132284,0
1529,138818,131825,0
1530,37934,78258,0
1531,128585,8863,0
1532,3729,78568,0
1533,153248,134685,0
1534,34368,10582,0
1535,146122,20607,0
1536,125126,65794,0
1537,130725,96075,0
1538,89518,65877,0
1539,146444,131308,0
1540,32049,88525,0
1541,23506,16022,0
1542,48412,65068,0
1543,138472,116615,0
1544,39202,6396,0
1545,151225,138583,0
1546,119808,26427,0
1547,52839,152341,0
1548,139115,12958,0
1549,19022,7130,0
1550,13033,5911,0
1551,29893,92825,0
1552,46010,52511,0
1553,122961,118278,0
1554,146407,144385,0
1555,151633,97269,0
1556,151708,97960,0
1557,77315,24354,0
1558,17547,147031,0
1559,19335,12670,0
1560,69002,1492,0
1561,49743,27432,0
1562,1580,28895,0
1563,135167,129920,0
1564,107952,62384,0
1565,116631,130199,0
1566,10350,8268,0
1567,63794,64112,0
1568,114453,50843,0
1569,23434,73604,0
1570,153567,75845,0
1571,152115,64359,0
1572,18310,84789,0
1573,23889,26808,0
1574,19605,106356,0
1575,106888,79179,0
1576,16001,144742,0
1577,21721,20825,0
1578,106680,142091,0
1579,94506,79377,0
1580,114335,115164,0
1581,69977,42014,0
1582,84631,108188,0
1583,97329,46465,0
1584,16108,134815,0
1585,65981,112773,0
1586,17654,142132,0
1587,38273,153028,0
1588,107129,140494,0
1589,46378,130073,0
1590,44,100720,0
1591,146400,108089,0
1592,20070,40950,0
1593,78537,94376,0
1594,50191,124158,0
1595,146314,80354,0
1596,139117,138928,0
1597,79705,30958,0
1598,90164,69792,0
1599,95190,82724,0
1600,69177,1078,0
1601,28072,145901,0
1602,20647,107487,0
1603,66183,107719,0
1604,72919,135639,0
1605,31290,126044,0
1606,121502,15621,0
1607,153795,102688,0
1608,94557,71425,0
1609,56604,136691,0
1610,49151,33374,0
1611,19145,63836,0
1612,114749,143359,0
1613,23927,24034,0
1614,151315,139350,0
1615,127638,24123,0
1616,137297,148479,0
1617,54181,17391,0
1618,26835,33313,0
1619,135263,116535,0
1620,63763,46217,0
1621,119461,36552,0
1622,99394,141515,0
1623,120129,33804,0
1624,110227,140535,0
1625,64466,79617,0
1626,98043,147416,0
1627,141251,77489,0
1628,9932,114114,0
1629,497,147385,0
1630,125556,5732,0
1631,115917,57895,0
1632,27747,34110,0
1633,141640,79123,0
1634,35985,60117,0
1635,81423,138385,0
1636,47999,1738,0
1637,97243,14441,0
1638,128149,74510,0
1639,76412,85740,0
1640,120437,74041,0
1641,27730,22295,0
1642,120956,104187,0
1643,97101,101197,0
1644,85908,122262,0
1645,108483,25867,0
1646,31647,72753,0
1647,16119,43205,0
1648,98652,27987,0
1649,66720,120475,0
1650,25900,28583,0
1651,52784,65445,0
1652,42530,133909,0
1653,64999,58771,0
1654,116507,83758,0
1655,47637,13538,0
1656,118067,68591,0
1657,140646,43714,0
1658,97042,68401,0
1659,9571,82135,0
1660,49071,129235,0
1661,32344,31853,0
1662,83304,941,0
1663,109337,66757,0
1664,25553,64983,0
1665,62769,47616,0
1666,134733,21028,0
1667,25536,116617,0
1668,6833,129314,0
1669,42,24898,0
1670,103354,62151,0
1671,111175,154433,0
1672,137970,88418,0
1673,88342,45366,0
1674,3183,23749,0
1675,77087,91880,0
1676,117544,101288,0
1677,133785,110259,0
1678,39492,9288,0
1679,148409,43311,0
1680,127350,93097,0
1681,57507,93870,0
1682,120392,21443,0
1683,26968,28936,0
1684,16772,27239,0
1685,27155,90789,0
1686,17536,147554,0
1687,75415,90877,0
1688,114234,133881,0
1689,76164,29022,0
1690,52924,40833,0
1691,131004,138476,0
1692,26553,96129,0
1693,49246,68237,0
1694,97996,55331,0
1695,84337,74152,0
1696,144302,117605,0
1697,127032,139040,0
1698,102893,43241,0
1699,66224,6093,0
1700,11042,67207,0
1701,106228,87901,0
1702,77318,149871,0
1703,65161,43630,0
1704,28406,153731,0
1705,140741,8572,0
1706,125094,10617,0
1707,27898,148014,0
1708,26243,81373,0
1709,91158,54646,0
1710,90394,61812,0
1711,132774,36263,0
1712,123758,114496,0
1713,150545,11000,0
1714,70614,131219,0
1715,27589,117679,0
1716,151142,153504,0
1717,79833,30916,0
1718,96337,44594,0
1719,50998,27173,0
1720,90197,20394,0
1721,149433,112769,0
1722,38232,136819,0
1723,137106,53099,0
1724,58321,86187,0
1725,42855,98905,0
1726,85709,26258,0
1727,87270,134809,0
1728,14357,129945,0
1729,142669,145903,0
1730,24457,87043,0
1731,88164,113683,0
1732,24441,8177,0
1733,21644,90007,0
1734,74243,108812,0
1735,92406,136302,0
1736,120129,106853,0
1737,5654,124885,0
1738,84733,68631,0
1739,8480,77325,0
1740,12819,146937,0
1741,112436,30804,0
1742,38571,61912,0
1743,102668,72437,0
1744,107696,139251,0
1745,31085,90422,0
1746,41821,91999,0
1747,87304,45388,0
1748,9157,1894,0
1749,12444,37897,0
1750,78935,61792,0
1751,22025,134963,0
1752,131783,154346,0
1753,9254,95646,0
1754,72631,110666,0
1755,117577,138154,0
1756,2505,2150,0
1757,61055,49889,0
1758,102105,134909,0
1759,65286,24482,0
1760,130071,112587,0
1761,132497,113151,0
1762,42823,79478,0
1763,91877,142245,0
1764,64146,36124,0
1765,90319,143954,0
1766,139759,130492,0
1767,104857,119873,0
1768,91597,36421,0
1769,30038,29232,0
1770,50272,133112,0
1771,146967,53020,0
1772,51618,31039,0
1773,75795,137444,0
1774,53175,84974,0
1775,36646,85659,0
1776,132897,147564,0
1777,117187,69939,0
1778,51980,58826,0
1779,100314,20467,0
1780,2462,43298,0
1781,44874,86541,0
1782,99570,5040,0
1783,138112,142647,0
1784,75611,53076,0
1785,57097,111666,0
1786,139892,59427,0
1787,70413,125333,0
1788,66359,142258,0
1789,18812,70727,0
1790,112012,117328,0
1791,120771,95556,0
1792,55971,73261,0
1793,5411,4132,0
1794,91118,70536,0
1795,135672,75489,0
1796,140180,133462,0
1797,144764,135264,0
1798,138497,19563,0
1799,133813,77786,0
1800,96142,89231,0
1801,35399,37645,0
1802,40262,101509,0
1803,44784,39492,0
1804,35913,82809,0
1805,134282,37294,0
1806,70325,3855,0
1807,86147,110252,0
1808,67060,138365,0
1809,89936,63370,0
1810,2845,35910,0
1811,41948,150150,0
1812,144954,28123,0
1813,134837,153095,0
1814,21694,126979,0
1815,134377,137272,0
1816,116072,97400,0
1817,147604,68455,0
1818,59077,10858,0
1819,95855,25633,0
1820,142143,1221,0
1821,54699,125938,0
1822,116285,44074,0
1823,132283,110617,0
1824,142192,127116,0
1825,70524,111084,0
1826,79280,11757,0
1827,112762,114531,0
1828,76644,152695,0
1829,109064,82488,0
1830,4615,99154,0
1831,140646,76672,0
1832,104511,116982,0
1833,154034,155109,0
1834,109454,143362,0
1835,9784,63120,0
1836,54423,19549,0
1837,8464,147616,0
1838,49800,4788,0
1839,88240,114339,0
1840,135898,123844,0
1841,27988,7487,0
1842,34329,63599,0
1843,153629,102338,0
1844,76212,125577,0
1845,67296,54568,0
1846,135381,134151,0
1847,153410,27500,0
1848,9905,70446,0
1849,76770,137385,0
1850,16053,66881,0
1851,109014,4518,0
1852,66637,141690,0
1853,136811,12727,0
1854,103489,59904,0
1855,4376,3236,0
1856,51928,81161,0
1857,122707,125644,0
1858,117071,12476,0
1859,36206,97702,0
1860,23893,82478,0
1861,343,68102,0
1862,73690,63062,0
1863,51283,58583,0
1864,1882,28097,0
1865,148816,103131,0
1866,100277,126389,0
1867,123316,126955,0
1868,105756,145171,0
1869,95124,86843,0
1870,19050,28161,0
1871,76312,146905,0
1872,107392,149408,0
1873,153126,139569,0
1874,47673,15081,0
1875,85705,56479,0
1876,69337,127947,0
1877,33187,56681,0
1878,63140,1864,0
1879,5363,40574,0
1880,9314,133222,0
1881,76334,137325,0
1882,134825,90240,0
1883,90122,116272,0
1884,69900,2549,0
1885,84880,125898,0
1886,67409,65295,0
1887,151587,46265,0
1888,65421,73172,0
1889,148130,40986,0
1890,27063,138495,0
1891,59350,117315,0
1892,108220,111164,0
1893,65223,19669,0
1894,11820,64573,0
1895,25656,47765,0
1896,118464,96576,0
1897,117702,4697,0
1898,137587,89407,0
1899,144721,2993,0
1900,21222,50139,0
1901,90335,85804,0
1902,131817,123280,0
1903,116312,94714,0
1904,38863,103088,0
1905,118512,86250,0
1906,39412,45627,0
1907,56366,110151,0
1908,50308,11858,0
1909,4687,139485,0
1910,129040,930,0
1911,144575,17867,0
1912,2575,42548,0
1913,123519,121046,0
1914,70219,52463,0
1915,107696,103856,0
1916,3434,17587,0
1917,72742,33332,0
1918,153360,125891,0
1919,49541,99279,0
1920,79511,24394,0
1921,16832,19994,0
1922,114138,42439,0
1923,57211,117675,0
1924,140634,76505,0
1925,38037,34283,0
1926,33779,55130,0
1927,88906,56828,0
1928,148904,74082,0
1929,9084,141775,0
1930,89165,118280,0
1931,36461,104744,0
1932,85984,73867,0
1933,101119,95924,0
1934,101953,71295,0
1935,2899,38469,0
1936,77413,138428,0
1937,86507,153212,0
1938,119918,69112,0
1939,8101,41390,0
1940,127640,98553,0
1941,141950,137188,0
1942,70721,141574,0
1943,2430,82558,0
1944,117093,143843,0
1945,144750,96964,0
1946,97412,155071,0
1947,18424,64083,0
1948,2626,47058,0
1949,65389,80535,0
1950,112783,87067,0
1951,89984,46834,0
1952,62573,18616,0
1953,84202,30032,0
1954,145874,129912,0
1955,119463,128665,0
1956,60266,27686,0
1957,23398,6617,0
1958,79575,72906,0
1959,38724,780,0
1960,69874,147061,0
1961,84846,102434,0
1962,12806,6497,0
1963,126570,17155,0
1964,118672,26341,0
1965,116797,31981,0
1966,53587,90695,0
1967,39406,90678,0
1968,103822,113030,0
1969,105856,69931,0
1970,107772,89555,0
1971,46529,154106,0
1972,85503,33768,0
1973,124822,61091,0
1974,42749,60982,0
1975,113604,87735,0
1976,114325,27869,0
1977,109206,29280,0
1978,109917,9347,0
1979,49678,75497,0
1980,68086,64904,0
1981,83641,321,0
1982,35052,48658,0
1983,120718,57646,0
1984,27225,122719,0
1985,83983,2857,0
1986,143994,19853,0
1987,50300,99244,0
1988,72343,86282,0
1989,101051,21513,0
1990,74207,134180,0
1991,131813,52671,0
1992,96526,84470,0
1993,11286,119598,0
1994,102357,73660,0
1995,29655,125406,0
1996,142338,136340,0
1997,119916,75117,0
1998,123652,60320,0
1999,113361,57062,0
2000,154121,82628,0
2001,17237,141568,0
2002,131690,87785,0
2003,69429,95473,0
2004,17952,14989,0
2005,8845,40732,0
2006,149662,12101,0
2007,57887,64369,0
2008,106447,46643,0
2009,69165,29236,0
2010,34493,68639,0
2011,54001,53077,0
2012,122386,112353,0
2013,133574,123500,0
2014,68229,11677,0
2015,72484,45245,0
2016,70730,131641,0
2017,76089,28629,0
2018,138329,28932,0
2019,71646,131914,0
2020,50983,75790,0
2021,6189,55523,0
2022,28838,153543,0
2023,61875,107315,0
2024,6447,109430,0
2025,149282,99394,0
2026,76893,55694,0
2027,111494,89864,0
2028,17421,113289,0
2029,129087,130377,0
2030,152607,45840,0
2031,69124,126435,0
2032,9371,125905,0
2033,118309,134315,0
2034,85576,154079,0
2035,68817,48265,0
2036,136098,144683,0
2037,130488,141347,0
2038,68384,107597,0
2039,26604,78308,0
2040,61672,16132,0
2041,50892,124816,0
2042,98576,16771,0
2043,105529,50598,0
2044,118683,133600,0
2045,131234,139325,0
2046,148600,95350,0
2047,60246,148577,0
2048,144086,100574,0
2049,122893,80928,0
2050,90592,94845,0
2051,109869,32508,0
2052,59275,70999,0
2053,68754,113810,0
2054,67379,115475,0
2055,36362,41154,0
2056,68196,77616,0
2057,45103,36149,0
2058,38642,52194,0
2059,130958,41936,0
2060,85676,92687,0
2061,12644,83423,0
2062,94445,108625,0
2063,52297,23030,0
2064,127374,52410,0
2065,19308,54238,0
2066,54162,34072,0
2067,97698,37986,0
2068,88120,75638,0
2069,31329,52594,0
2070,94827,3748,0
2071,70435,24530,0
2072,10898,90082,0
2073,149475,78172,0
2074,118132,85723,0
2075,134476,43040,0
2076,64288,95882,0
2077,112790,152254,0
2078,50774,134759,0
2079,11267,19887,0
2080,30766,147954,0
2081,63467,87065,0
2082,58323,92026,0
2083,146117,55068,0
2084,37440,55303,0
2085,37845,74952,0
2086,53479,103276,0
2087,25390,9271,0
2088,150545,139688,0
2089,132957,51592,0
2090,83969,94356,0
2091,150739,27760,0
2092,12532,149822,0
2093,10182,99348,0
2094,62750,92308,0
2095,44700,103453,0
2096,51663,16276,0
2097,115773,137171,0
2098,23297,121067,0
2099,31158,103821,0
2100,33488,102294,0
2101,22642,147252,0
2102,24608,102326,0
2103,28260,17652,0
2104,11302,33465,0
2105,138725,43722,0
2106,121904,82151,0
2107,62343,24772,0
2108,152289,149169,0
2109,79325,9733,0
2110,72716,119374,0
2111,152652,74610,0
2112,3411,90,0
2113,145765,84788,0
2114,11785,109632,0
2115,115657,104114,0
2116,90799,53907,0
2117,89554,17881,0
2118,123103,88185,0
2119,124519,2978,0
2120,96827,147268,0
2121,98821,9648,0
2122,141750,109584,0
2123,46838,54828,0
2124,55131,46510,0
2125,2291,124199,0
2126,144865,125473,0
2127,144082,57668,0
2128,122593,122300,0
2129,131042,38681,0
2130,124177,148278,0
2131,117739,23702,0
2132,99785,120259,0
2133,147123,65097,0
2134,151362,144982,0
2135,113691,62814,0
2136,95697,36207,0
2137,113313,63106,0
2138,87427,67390,0
2139,141738,144184,0
2140,130378,35880,0
2141,18586,14748,0
2142,29753,13823,0
2143,58316,110814,0
2144,138112,137832,0
2145,126961,103731,0
2146,21054,102717,0
2147,26207,88544,0
2148,93087,48373,0
2149,45167,148800,0
2150,29521,61726,0
2151,116231,92651,0
2152,143848,151223,0
2153,25232,88182,0
2154,37696,123439,0
2155,81998,116484,0
2156,153644,16866,0
2157,92715,141240,0
2158,152593,143232,0
2159,45973,86524,0
2160,29513,91688,0
2161,112409,57806,0
2162,10845,85888,0
2163,60886,81097,0
2164,47089,93898,0
2165,71074,117892,0
2166,45223,126587,0
2167,112115,60045,0
2168,65000,86648,0
2169,760,56810,0
2170,81583,124469,0
2171,59681,29057,0
2172,62444,17673,0
2173,79370,36498,0
2174,40123,121494,0
2175,130575,86618,0
2176,39329,81352,0
2177,35851,13828,0
2178,9438,69410,0
2179,146468,72025,0
2180,65278,46076,0
2181,124967,5892,0
2182,38227,86076,0
2183,82504,65735,0
2184,46507,47427,0
2185,31620,150688,0
2186,39562,14204,0
2187,95202,70712,0
2188,61661,124538,0
2189,22025,147799,0
2190,74667,26730,0
2191,50901,119660,0
2192,7765,32393,0
2193,88131,35877,0
2194,15668,60321,0
2195,61717,24601,0
2196,82849,130314,0
2197,4775,127420,0
2198,144342,3055,0
2199,111014,93659,0
2200,107474,45546,0
2201,126304,110152,0
2202,146826,35443,0
2203,75620,54368,0
2204,143875,29104,0
2205,16039,4215,0
2206,45432,68966,0
2207,112166,41576,0
2208,76804,15262,0
2209,63606,17643,0
2210,6052,79175,0
2211,83191,93682,0
2212,122243,9250,0
2213,151244,45409,0
2214,34589,27894,0
2215,80500,11510,0
2216,84957,109231,0
2217,75984,72386,0
2218,75295,56799,0
2219,24192,38183,0
2220,89244,105311,0
2221,135434,148995,0
2222,124321,123035,0
2223,37546,138019,0
2224,15296,44516,0
2225,143722,124723,0
2226,85437,119005,0
2227,88818,24351,0
2228,98063,120731,0
2229,69465,43398,0
2230,36438,38514,0
2231,100873,37025,0
2232,96002,120591,0
2233,85365,62739,0
2234,116916,108122,0
2235,19093,48089,0
2236,9273,86680,0
2237,106700,85894,0
2238,102814,26224,0
2239,7683,33703,0
2240,51326,93998,0
2241,58293,150511,0
2242,64089,56721,0
2243,24802,14613,0
2244,98989,45081,0
2245,117024,79816,0
2246,1667,19981,0
2247,50566,77515,0
2248,27863,24811,0
2249,29532,48381,0
2250,154984,91999,0
2251,149196,154009,0
2252,83202,141415,0
2253,83042,124220,0
2254,154882,23572,0
2255,69569,31484,0
2256,138162,115610,0
2257,8927,60507,0
2258,84109,12939,0
2259,42126,11859,0
2260,3519,126571,0
2261,90690,52329,0
2262,35771,81620,0
2263,104747,150536,0
2264,57834,116269,0
2265,154276,140843,0
2266,98349,27530,0
2267,45984,25523,0
2268,112966,47367,0
2269,32202,35543,0
2270,153598,19106,0
2271,91877,37779,0
2272,69491,105969,0
2273,147946,28411,0
2274,28897,11254,0
2275,97736,103163,0
2276,68081,103074,0
2277,7766,128313,0
2278,33232,102440,0
2279,78252,141299,0
2280,136391,65742,0
2281,99765,108387,0
2282,37792,10373,0
2283,152574,124173,0
2284,139377,41226,0
2285,101957,17664,0
2286,54665,48269,0
2287,31227,58527,0
2288,60288,119342,0
2289,30694,140574,0
2290,324,12150,0
2291,66135,144746,0
2292,57281,64724,0
2293,104988,101268,0
2294,96899,108461,0
2295,140168,134237,0
2296,96730,12097,0
2297,38427,61913,0
2298,80691,105725,0
2299,85207,110208,0
2300,27654,114009,0
2301,43591,1091,0
2302,154958,93424,0
2303,134593,118016,0
2304,98036,127806,0
2305,26668,54646,0
2306,123627,91688,0
2307,132831,43732,0
2308,98377,94396,0
2309,31837,18151,0
2310,119331,70290,0
2311,45733,139430,0
2312,51229,28083,0
2313,153038,78406,0
2314,25632,100294,0
2315,2715,33424,0
2316,143418,132446,0
2317,105349,135843,0
2318,37037,123486,0
2319,25235,43842,0
2320,12618,131314,0
2321,111812,116757,0
2322,69866,113696,0
2323,29621,31803,0
2324,11732,66884,0
2325,32257,148825,0
2326,110443,115344,0
2327,111695,40862,0
2328,69001,142375,0
2329,34407,2295,0
2330,125056,31410,0
2331,125061,9465,0
2332,26459,8255,0
2333,131873,15237,0
2334,73285,85679,0
2335,82716,82770,0
2336,26529,24347,0
2337,119606,149585,0
2338,77580,154767,0
2339,143662,128444,0
2340,100124,78631,0
2341,33151,21532,0
2342,58694,50214,0
2343,45584,11222,0
2344,139410,56803,0
2345,33728,102750,0
2346,41608,111642,0
2347,1275,144309,0
2348,136555,11839,0
2349,84228,129936,0
2350,139969,138185,0
2351,127268,146131,0
2352,11353,54790,0
2353,20923,116072,0
2354,7864,81412,0
2355,56936,91461,0
2356,12051,2292,0
2357,127651,33390,0
2358,59104,72116,0
2359,150164,49854,0
2360,50933,40543,0
2361,32984,70321,0
2362,47103,94321,0
2363,143362,130328,0
2364,60238,141539,0
2365,14685,19346,0
2366,98931,128105,0
2367,101758,99586,0
2368,15572,150046,0
2369,6314,113108,0
2370,57677,67971,0
2371,109725,97939,0
2372,86133,102256,0
2373,108599,114793,0
2374,154977,99743,0
2375,59873,31018,0
2376,4923,91392,0
2377,113093,95432,0
2378,2653,18007,0
2379,137940,13145,0
2380,83436,23147,0
2381,118985,135995,0
2382,104491,145956,0
2383,8766,82658,0
2384,96056,35558,0
2385,27336,80832,0
2386,123845,48913,0
2387,137939,116458,0
2388,63458,15180,0
2389,130403,149894,0
2390,47671,106613,0
2391,57541,71233,0
2392,30442,66556,0
2393,10681,84813,0
2394,149514,139057,0
2395,36390,44131,0
2396,102712,110626,0
2397,38557,21994,0
2398,32089,105245,0
2399,129528,40356,0
2400,54881,11379,0
2401,59890,129159,0
2402,26956,119970,0
2403,104500,140975,0
2404,100353,14346,0
2405,121409,93673,0
2406,85464,35351,0
2407,146497,86014,0
2408,13571,2117,0
2409,26566,79949,0
2410,50064,37592,0
2411,81761,58987,0
2412,100748,21548,0
2413,151791,26762,0
2414,89406,144304,0
2415,80784,82952,0
2416,20973,67183,0
2417,8127,10085,0
2418,53628,6046,0
2419,102698,46665,0
2420,68018,64079,0
2421,42735,90578,0
2422,149030,13577,0
2423,105713,112435,0
2424,19771,2107,0
2425,94183,144483,0
2426,29329,6019,0
2427,49640,71270,0
2428,127289,20848,0
2429,166,20214,0
2430,106230,10609,0
2431,77255,26069,0
2432,109688,125128,0
2433,18126,154428,0
2434,97173,4337,0
2435,123592,115194,0
2436,95559,38078,0
2437,124289,19011,0
2438,76395,10688,0
2439,17421,131775,0
2440,63183,67453,0
2441,132455,19649,0
2442,1336,93721,0
2443,8717,74100,0
2444,99870,139068,0
2445,125013,71123,0
2446,144896,98239,0
2447,119079,15962,0
2448,147213,18217,0
2449,108622,54378,0
2450,20036,85054,0
2451,10633,53451,0
2452,28292,72555,0
2453,119717,3698,0
2454,66644,110823,0
2455,102550,10105,0
2456,129882,97414,0
2457,53169,25405,0
2458,92897,122180,0
2459,46287,10750,0
2460,91396,39137,0
2461,85714,48404,0
2462,148837,101756,0
2463,24133,119970,0
2464,78981,91665,0
2465,21066,147259,0
2466,91135,57482,0
2467,19165,10499,0
2468,52078,19673,0
2469,85493,66807,0
2470,76495,75954,0
2471,12525,92065,0
2472,20310,54348,0
2473,88948,139291,0
2474,121368,76027,0
2475,28423,142985,0
2476,25546,3424,0
2477,93239,45301,0
2478,107525,47420,0
2479,128151,123212,0
2480,110321,15797,0
2481,89410,105600,0
2482,6070,139403,0
2483,119522,57103,0
2484,9016,58062,0
2485,153312,6564,0
2486,40630,28880,0
2487,12019,4665,0
2488,75486,9004,0
2489,15930,118994,0
2490,83303,65568,0
2491,19015,67493,0
2492,27414,144141,0
2493,128088,128698,0
2494,4209,116206,0
2495,36254,93405,0
2496,51021,54438,0
2497,82076,145442,0
2498,26804,82754,0
2499,118865,102502,0
2500,40462,136388,0
2501,101461,117837,0
2502,115293,98942,0
2503,109626,98535,0
2504,52848,59794,0
2505,43408,107972,0
2506,108167,9901,0
2507,114141,150604,0
2508,138316,44805,0
2509,29625,99355,0
2510,148851,102760,0
2511,5428,141729,0
2512,89982,46413,0
2513,6686,89906,0
2514,152683,61043,0
2515,14996,117231,0
2516,15093,104196,0
2517,79985,28503,0
2518,5353,119972,0
2519,93338,152161,0
2520,86138,102421,0
2521,36292,71180,0
2522,20402,43578,0
2523,97203,49630,0
2524,47492,50357,0
2525,2530,132266,0
2526,52529,99313,0
2527,94681,122765,0
2528,28849,45043,0
2529,129067,55815,0
2530,16099,5107,0
2531,128454,108288,0
2532,26423,124754,0
2533,74828,143241,0
2534,78594,114273,0
2535,60810,86010,0
2536,117544,77620,0
2537,10543,11659,0
2538,8277,29456,0
2539,133082,129931,0
2540,105043,8220,0
2541,4159,125833,0
2542,42745,79746,0
2543,85242,107885,0
2544,69339,18305,0
2545,143235,111470,0
2546,73809,147911,0
2547,55493,22428,0
2548,118718,31302,0
2549,153640,109462,0
2550,115244,132944,0
2551,104979,145147,0
2552,95334,78722,0
2553,75779,84769,0
2554,114967,12080,0
2555,62678,120793,0
2556,145344,154033,0
2557,126969,29010,0
2558,28263,11638,0
2559,150739,34344,0
2560,132294,7293,0
2561,4020,26985,0
2562,85106,66799,0
2563,3582,1643,0
2564,121930,49446,0
2565,79946,145767,0
2566,131630,14710,0
2567,35119,39756,0
2568,147189,55489,0
2569,91347,103066,0
2570,119448,42023,0
2571,34586,140777,0
2572,20271,36078,0
2573,9943,124358,0
2574,76290,151352,0
2575,77050,86118,0
2576,65486,47576,0
2577,143403,127134,0
2578,120784,95061,0
2579,47240,38151,0
2580,14602,42574,0
2581,14320,143471,0
2582,44008,4557,0
2583,40846,7480,0
2584,45599,55948,0
2585,17785,30302,0
2586,76170,69593,0
2587,100570,97315,0
2588,146872,13895,0
2589,138403,114553,0
2590,154807,39972,0
2591,7847,43566,0
2592,111769,153169,0
2593,105013,19996,0
2594,27818,82024,0
2595,8928,2804,0
2596,117945,41810,0
2597,121405,12872,0
2598,114218,133819,0
2599,77426,118766,0
2600,115875,126845,0
2601,54580,69548,0
2602,47602,130873,0
2603,80161,29112,0
2604,44591,87094,0
2605,70849,131915,0
2606,26161,38411,0
2607,140331,110583,0
2608,89757,25608,0
2609,17598,38162,0
2610,133442,120639,0
2611,131865,81955,0
2612,120219,70561,0
2613,146654,124671,0
2614,98189,84589,0
2615,46215,86725,0
2616,21420,72037,0
2617,75209,103820,0
2618,58758,35531,0
2619,88822,60744,0
2620,142520,101163,0
2621,54918,58617,0
2622,147454,22806,0
2623,35099,30831,0
2624,42539,95307,0
2625,29177,18924,0
2626,62149,59462,0
2627,76222,42049,0
2628,31455,49301,0
2629,57914,146857,0
2630,109871,103736,0
2631,142800,64758,0
2632,151252,126706,0
2633,104477,133797,0
2634,123481,19182,0
2635,65946,29705,0
2636,8252,96585,0
2637,143751,63736,0
2638,128197,21311,0
2639,136350,107408,0
2640,112673,107553,0
2641,1842,4212,0
2642,78511,15270,0
2643,147638,126519,0
2644,108375,36641,0
2645,78065,10507,0
2646,88048,41607,0
2647,148593,98508,0
2648,45980,120779,0
2649,50007,77381,0
2650,27805,108090,0
2651,15017,71749,0
2652,10952,3236,0
2653,149018,5302,0
2654,100586,31961,0
2655,113915,145521,0
2656,6277,88196,0
2657,99876,136786,0
2658,48008,139961,0
2659,141126,67589,0
2660,95465,26221,0
2661,97515,7108,0
2662,16856,76457,0
2663,143595,65704,0
2664,42768,67352,0
2665,95051,140049,0
2666,105149,77334,0
2667,85106,68871,0
2668,70986,6618,0
2669,89634,22801,0
2670,41630,130385,0
2671,153589,50899,0
2672,37577,20868,0
2673,69476,85158,0
2674,72613,104225,0
2675,142031,135435,0
2676,12392,2909,0
2677,22368,112774,0
2678,35809,60875,0
2679,80765,41458,0
2680,106586,144109,0
2681,74419,93228,0
2682,65938,124506,0
2683,81457,99067,0
2684,129596,48424,0
2685,53717,107661,0
2686,23855,70226,0
2687,150306,25949,0
2688,81093,2216,0
2689,69177,107381,0
2690,119916,48881,0
2691,134852,67922,0
2692,130620,42570,0
2693,111472,132158,0
2694,18897,117724,0
2695,4771,45212,0
2696,697,88447,0
2697,64895,77059,0
2698,108554,154779,0
2699,115432,47957,0
2700,95644,15512,0
2701,61364,147211,0
2702,92858,95946,0
2703,84210,24008,0
2704,64492,151207,0
2705,58165,125576,0
2706,74567,96840,0
2707,139605,20343,0
2708,122463,48494,0
2709,58923,130517,0
2710,138216,140860,0
2711,75936,97854,0
2712,144088,148650,0
2713,84335,62643,0
2714,74786,84456,0
2715,29543,103191,0
2716,48542,106365,0
2717,132235,41349,0
2718,96275,149264,0
2719,24131,148981,0
2720,108967,94313,0
2721,130856,78029,0
2722,45101,95912,0
2723,131533,68445,0
2724,14072,108643,0
2725,103378,113274,0
2726,41856,67895,0
2727,25948,145098,0
2728,90172,92612,0
2729,74462,56805,0
2730,27818,97778,0
2731,24946,71416,0
2732,88095,16634,0
2733,120958,30588,0
2734,49728,64281,0
2735,13036,138044,0
2736,141472,19414,0
2737,44838,141920,0
2738,46624,37107,0
2739,57611,10787,0
2740,98926,129823,0
2741,4818,67912,0
2742,76901,72427,0
2743,48676,33760,0
2744,42642,24555,0
2745,94728,59975,0
2746,127456,8077,0
2747,83607,112398,0
2748,74249,134897,0
2749,18661,118863,0
2750,129179,92922,0
2751,51421,78582,0
2752,70985,126477,0
2753,29281,58575,0
2754,68418,71558,0
2755,75517,146531,0
2756,61903,117698,0
2757,144564,99625,0
2758,67503,25595,0
2759,135004,124114,0
2760,10310,36650,0
2761,145355,151645,0
2762,124840,75996,0
2763,76102,6209,0
2764,12237,6922,0
2765,2021,94715,0
2766,3771,22019,0
2767,59620,64086,0
2768,22335,140083,0
2769,17131,9857,0
2770,63888,154790,0
2771,118471,21865,0
2772,105637,66533,0
2773,58122,143907,0
2774,1093,66347,0
2775,2586,32509,0
2776,87925,116656,0
2777,143072,75847,0
2778,11047,51191,0
2779,96176,69387,0
2780,94645,147728,0
2781,43331,40132,0
2782,85254,154910,0
2783,84782,38556,0
2784,24944,33876,0
2785,15637,138971,0
2786,142207,16841,0
2787,53630,2187,0
2788,154302,118087,0
2789,137729,70328,0
2790,64220,24591,0
2791,23239,65002,0
2792,84232,52153,0
2793,20742,147675,0
2794,50725,26005,0
2795,107588,60303,0
2796,77466,154976,0
2797,115011,26356,0
2798,152011,139900,0
2799,28389,123872,0
2800,76290,24496,0
2801,127347,94436,0
2802,109142,125169,0
2803,41178,48284,0
2804,91404,94213,0
2805,130644,42505,0
2806,79713,130519,0
2807,1872,98747,0
2808,23014,21060,0
2809,147316,96291,0
2810,26173,120121,0
2811,58283,137925,0
2812,25343,8633,0
2813,34113,108617,0
2814,75271,143784,0
2815,90421,120846,0
2816,149232,27123,0
2817,70398,10612,0
2818,40770,120825,0
2819,84435,15083,0
2820,89424,131481,0
2821,96613,96813,0
2822,153038,129767,0
2823,143920,122177,0
2824,113604,142286,0
2825,10756,28471,0
2826,36287,141205,0
2827,42805,123021,0
2828,50637,153366,0
2829,115330,66624,0
2830,7753,61586,0
2831,55874,46958,0
2832,6179,16286,0
2833,24342,82688,0
2834,94014,155037,0
2835,64791,25332,0
2836,73188,50198,0
2837,132322,136937,0
2838,135869,146492,0
2839,38497,19663,0
2840,31485,54425,0
2841,100102,92172,0
2842,102170,136893,0
2843,146136,139697,0
2844,84619,108263,0
2845,8718,52639,0
2846,152542,142600,0
2847,79373,73640,0
2848,27411,102806,0
2849,29951,68746,0
2850,21567,123146,0
2851,70761,102258,0
2852,30966,150320,0
2853,91805,39803,0
2854,53844,45512,0
2855,36397,33532,0
2856,41685,14178,0
2857,4708,117735,0
2858,108234,42606,0
2859,106694,28807,0
2860,100574,70043,0
2861,26133,2191,0
2862,4368,98922,0
2863,85528,43717,0
2864,132440,77888,0
2865,110977,140134,0
2866,65007,52450,0
2867,20654,106545,0
2868,2208,58732,0
2869,138551,57910,0
2870,14159,72000,0
2871,14035,148368,0
2872,150998,94089,0
2873,9685,72066,0
2874,60326,33711,0
2875,49078,20728,0
2876,109183,130825,0
2877,29207,18205,0
2878,75897,16084,0
2879,97101,15774,0
2880,26529,46004,0
2881,53298,7501,0
2882,27181,25315,0
2883,141678,109476,0
2884,100514,103915,0
2885,53296,71356,0
2886,56363,111599,0
2887,132191,36933,0
2888,75088,82819,0
2889,35199,17143,0
2890,80358,86004,0
2891,57654,89914,0
2892,13707,139248,0
2893,3210,68058,0
2894,144303,5436,0
2895,31710,142715,0
2896,55503,135039,0
2897,109216,46534,0
2898,99537,105348,0
2899,7467,85770,0
2900,20048,103177,0
2901,107106,31648,0
2902,133270,87632,0
2903,46860,47599,0
2904,83100,5465,0
2905,105361,131464,0
2906,8741,59171,0
2907,68277,116635,0
2908,141572,67540,0
2909,116507,496,0
2910,99998,109519,0
2911,80196,61961,0
2912,113047,40604,0
2913,126267,28611,0
2914,31566,106391,0
2915,136069,90988,0
2916,134824,48638,0
2917,146262,101811,0
2918,6179,124384,0
2919,145450,147434,0
2920,107712,67352,0
2921,57763,31441,0
2922,32517,19606,0
2923,131174,94800,0
2924,83321,152322,0
2925,62137,129141,0
2926,133983,146101,0
2927,71561,128043,0
2928,85921,124459,0
2929,783,90906,0
2930,11774,121209,0
2931,9557,84761,0
2932,45422,131858,0
2933,138891,80041,0
2934,134615,24111,0
2935,45200,91724,0
2936,118481,16050,0
2937,15668,53501,0
2938,95428,25944,0
2939,59165,19111,0
2940,30283,45015,0
2941,70280,6478,0
2942,123191,132685,0
2943,98502,5077,0
2944,139020,14517,0
2945,131410,141112,0
2946,92515,26361,0
2947,19217,101131,0
2948,43518,79801,0
2949,32259,14562,0
2950,36925,116193,0
2951,26245,86117,0
2952,60282,18660,0
2953,70246,111969,0
2954,124914,5267,0
2955,146706,23514,0
2956,29006,33063,0
2957,105136,16781,0
2958,134675,36639,0
2959,111437,30122,0
2960,11267,50749,0
2961,75793,128175,0
2962,141443,119385,0
2963,13298,20891,0
2964,112553,9941,0
2965,47676,59178,0
2966,56449,70984,0
2967,155129,28807,0
2968,122484,3451,0
2969,71315,14293,0
2970,2225,32109,0
2971,25949,64130,0
2972,82281,148726,0
2973,637,52095,0
2974,7481,124392,0
2975,90704,92027,0
2976,96043,96862,0
2977,6766,52833,0
2978,5108,10688,0
2979,102037,71868,0
2980,77611,85615,0
2981,39046,19853,0
2982,87290,134333,0
2983,144033,120549,0
2984,93128,24333,0
2985,151051,12540,0
2986,118735,121200,0
2987,150477,95243,0
2988,3485,78301,0
2989,60684,42474,0
2990,76553,93918,0
2991,153733,143340,0
2992,45517,99029,0
2993,98704,22029,0
2994,100879,98735,0
2995,149469,117051,0
2996,89107,86511,0
2997,152724,19766,0
2998,38029,87844,0
2999,98471,11184,0
3000,35579,124411,0
3001,84305,144129,0
3002,1004,110370,0
3003,152570,80968,0
3004,82503,14804,0
3005,47127,39307,0
3006,153557,74097,0
3007,91171,1370,0
3008,79811,112957,0
3009,5944,102240,0
3010,149698,152158,0
3011,91026,133501,0
3012,60457,37598,0
3013,108907,109579,0
3014,100952,151002,0
3015,126543,49764,0
3016,147461,100861,0
3017,56801,42074,0
3018,139493,105973,0
3019,74925,65320,0
3020,62051,153580,0
3021,46913,40423,0
3022,119662,129637,0
3023,91982,68008,0
3024,35280,74973,0
3025,56584,127203,0
3026,17032,41287,0
3027,50431,74927,0
3028,78139,39883,0
3029,101222,153064,0
3030,63446,95856,0
3031,89717,18202,0
3032,50355,141980,0
3033,66282,129977,0
3034,80789,61249,0
3035,128992,18816,0
3036,38417,151046,0
3037,154664,22974,0
3038,116063,40227,0
3039,62541,118883,0
3040,111576,24976,0
3041,120832,43051,0
3042,130023,34646,0
3043,29754,110994,0
3044,123451,80141,0
3045,87436,40982,0
3046,39231,15029,0
3047,85737,48486,0
3048,31003,117742,0
3049,75258,146206,0
3050,8626,14544,0
3051,85902,74879,0
3052,32390,136340,0
3053,154540,27354,0
3054,60611,31471,0
3055,48827,141905,0
3056,79363,143358,0
3057,30308,32780,0
3058,87056,17494,0
3059,154050,113843,0
3060,61802,153321,0
3061,33483,103744,0
3062,27437,43141,0
3063,104482,80768,0
3064,118697,21603,0
3065,129506,9152,0
3066,124615,50014,0
3067,72360,28363,0
3068,28680,63896,0
3069,143875,61610,0
3070,6656,22113,0
3071,108459,140600,0
3072,51419,65129,0
3073,52849,41784,0
3074,15521,122438,0
3075,24101,76034,0
3076,9831,60492,0
3077,123417,31813,0
3078,92195,133885,0
3079,52310,25487,0
3080,108671,38870,0
3081,127367,129937,0
3082,144637,53848,0
3083,21222,34228,0
3084,14715,58438,0
3085,26389,65536,0
3086,88410,94990,0
3087,132160,90945,0
3088,86570,43117,0
3089,112889,51337,0
3090,137252,88590,0
3091,15422,108816,0
3092,16511,66372,0
3093,42196,28475,0
3094,68060,116615,0
3095,59570,92857,0
3096,128785,132510,0
3097,71390,90318,0
3098,26468,145783,0
3099,146589,6704,0
3100,127242,128853,0
3101,100418,3916,0
3102,21296,50427,0
3103,132637,104178,0
3104,139336,48896,0
3105,63168,93820,0
3106,123976,136175,0
3107,84103,155056,0
3108,138175,129438,0
3109,93074,29047,0
3110,87618,83031,0
3111,82120,139810,0
3112,110984,97526,0
3113,80067,131736,0
3114,79295,145733,0
3115,92327,133329,0
3116,30925,28105,0
3117,92589,21491,0
3118,42802,50226,0
3119,84541,89720,0
3120,63493,67392,0
3121,13426,140448,0
3122,140866,25064,0
3123,139998,79335,0
3124,101476,15541,0
3125,127449,25720,0
3126,26189,137517,0
3127,116038,56981,0
3128,36988,125711,0
3129,45297,125208,0
3130,104409,100091,0
3131,28408,97773,0
3132,72077,3217,0
3133,42704,80561,0
3134,62682,36335,0
3135,33948,148034,0
3136,141901,19603,0
3137,128936,69540,0
3138,106562,69173,0
3139,72036,86702,0
3140,21755,105131,0
3141,76810,8935,0
3142,21631,98913,0
3143,121121,13851,0
3144,96793,27554,0
3145,118113,17049,0
3146,141562,153345,0
3147,77154,102416,0
3148,111771,58954,0
3149,1283,39179,0
3150,14975,88241,0
3151,119201,46278,0
3152,142949,63533,0
3153,98576,20884,0
3154,146511,47882,0
3155,34354,8714,0
3156,60037,15583,0
3157,56630,133798,0
3158,16511,36595,0
3159,42950,146298,0
3160,128530,151168,0
3161,15388,150360,0
3162,99943,8309,0
3163,108030,3455,0
3164,10554,81240,0
3165,23338,75698,0
3166,116981,90177,0
3167,91259,103410,0
3168,21232,16264,0
3169,96272,76998,0
3170,4706,9354,0
3171,12880,121596,0
3172,154374,68154,0
3173,98247,64793,0
3174,62416,65617,0
3175,18313,136303,0
3176,50401,132624,0
3177,141915,35159,0
3178,113084,136486,0
3179,77155,11382,0
3180,109605,130328,0
3181,133708,105929,0
3182,24041,134374,0
3183,101545,105719,0
3184,26692,670,0
3185,104126,72338,0
3186,95110,68463,0
3187,90119,146279,0
3188,21409,55605,0
3189,85798,94777,0
3190,24842,107763,0
3191,147076,14850,0
3192,113136,75049,0
3193,38565,52612,0
3194,151113,48148,0
3195,44651,92206,0
3196,46209,8251,0
3197,11325,107734,0
3198,72547,23578,0
3199,128740,74077,0
3200,100879,152236,0
3201,140947,128573,0
3202,38373,123101,0
3203,18323,109241,0
3204,13573,43663,0
3205,11722,29474,0
3206,145726,10938,0
3207,30788,131661,0
3208,16160,151261,0
3209,148247,105946,0
3210,36841,154365,0
3211,17580,53007,0
3212,28903,100578,0
3213,93323,85428,0
3214,59309,47610,0
3215,72426,139746,0
3216,49506,73978,0
3217,53025,19534,0
3218,82138,59514,0
3219,44646,112726,0
3220,112738,71319,0
3221,39693,108438,0
3222,127612,111491,0
3223,22878,124387,0
3224,125490,114937,0
3225,73416,89125,0
3226,41715,148295,0
3227,108652,56803,0
3228,107019,24255,0
3229,97042,82657,0
3230,33658,64729,0
3231,111351,22329,0
3232,55705,55631,0
3233,11607,54773,0
3234,70027,93877,0
3235,134925,112242,0
3236,18727,77600,0
3237,61332,141974,0
3238,142556,88780,0
3239,127007,110436,0
3240,9781,120040,0
3241,89092,7120,0
3242,33668,26666,0
3243,57171,139339,0
3244,137629,85535,0
3245,65679,8362,0
3246,3631,87563,0
3247,102878,104216,0
3248,91008,32714,0
3249,89592,134798,0
3250,13656,13266,0
3251,153047,116687,0
3252,38651,64098,0
3253,57607,34259,0
3254,149091,48594,0
3255,45537,68342,0
3256,93907,94511,0
3257,38435,74257,0
3258,124335,55670,0
3259,116137,124968,0
3260,135447,122559,0
3261,61947,136658,0
3262,121176,144952,0
3263,84835,98993,0
3264,36,90019,0
3265,13213,98812,0
3266,41790,108944,0
3267,45784,8642,0
3268,76969,118258,0
3269,154384,81151,0
3270,5783,121836,0
3271,5666,78892,0
3272,73123,64667,0
3273,32447,40200,0
3274,83194,56156,0
3275,109131,151948,0
3276,118439,55198,0
3277,122856,54689,0
3278,68273,85086,0
3279,63840,86091,0
3280,28664,23901,0
3281,44914,34813,0
3282,52286,59842,0
3283,99623,49137,0
3284,10433,54000,0
3285,138013,90055,0
3286,21078,9589,0
3287,80249,31369,0
3288,83962,18419,0
3289,41178,150680,0
3290,110096,113277,0
3291,9906,54539,0
3292,64112,129049,0
3293,125924,22756,0
3294,127778,12169,0
3295,27582,35160,0
3296,93691,33844,0
3297,14467,42183,0
3298,20016,57079,0
3299,152228,32223,0
3300,68347,116317,0
3301,10505,91452,0
3302,90588,106457,0
3303,76145,136705,0
3304,146708,77159,0
3305,133207,77018,0
3306,151467,139315,0
3307,56097,14495,0
3308,97507,80973,0
3309,19502,17861,0
3310,40302,151243,0
3311,22985,30085,0
3312,101151,76397,0
3313,38136,145311,0
3314,52288,121940,0
3315,151145,46036,0
3316,154135,71104,0
3317,9091,87370,0
3318,53159,111491,0
3319,88706,142056,0
3320,138331,38039,0
3321,11825,120999,0
3322,140481,122445,0
3323,12022,119151,0
3324,10315,12737,0
3325,14068,32426,0
3326,131261,132497,0
3327,140665,88732,0
3328,13393,148242,0
3329,98884,12027,0
3330,89513,127845,0
3331,115482,123999,0
3332,44412,100981,0
3333,91441,69867,0
3334,10322,125546,0
3335,142691,123742,0
3336,151145,85761,0
3337,42321,46379,0
3338,116374,40146,0
3339,142556,6673,0
3340,53169,78578,0
3341,144080,32142,0
3342,50157,81894,0
3343,13365,55267,0
3344,67160,33113,0
3345,141079,111828,0
3346,81416,114051,0
3347,135298,15180,0
3348,1993,118375,0
3349,30423,68294,0
3350,139979,15447,0
3351,147819,35701,0
3352,146638,92495,0
3353,110064,12105,0
3354,99697,23933,0
3355,115938,72557,0
3356,39969,81196,0
3357,154154,14196,0
3358,101491,107565,0
3359,102924,136279,0
3360,59019,101797,0
3361,144701,84319,0
3362,127664,136763,0
3363,36771,113073,0
3364,82484,9444,0
3365,7090,35547,0
3366,126560,86236,0
3367,150309,25963,0
3368,144289,139867,0
3369,51267,19220,0
3370,103391,131247,0
3371,129185,135376,0
3372,142523,14083,0
3373,68731,106218,0
3374,154199,116492,0
3375,117982,52787,0
3376,95456,73374,0
3377,132273,113175,0
3378,132561,153940,0
3379,44154,65665,0
3380,8627,59867,0
3381,4209,139990,0
3382,66209,88454,0
3383,70364,17184,0
3384,27538,105703,0
3385,110940,144792,0
3386,63142,13995,0
3387,36617,69474,0
3388,51194,100768,0
3389,127833,119230,0
3390,4415,95734,0
3391,55517,154132,0
3392,59992,23505,0
3393,8431,60296,0
3394,93917,83032,0
3395,124701,18306,0
3396,74029,50990,0
3397,117893,147194,0
3398,153737,109190,0
3399,22137,11301,0
3400,22018,66929,0
3401,128256,23237,0
3402,104736,44807,0
3403,86805,460,0
3404,143264,37413,0
3405,141166,47956,0
3406,8260,150432,0
3407,113604,15617,0
3408,47100,37342,0
3409,21392,18211,0
3410,65034,88548,0
3411,85050,134369,0
3412,45230,117391,0
3413,14720,19327,0
3414,95919,48641,0
3415,56935,49171,0
3416,45174,88421,0
3417,15305,30194,0
3418,111719,136097,0
3419,39505,115570,0
3420,111544,67539,0
3421,119163,11328,0
3422,109767,93558,0
3423,44145,147701,0
3424,93289,84018,0
3425,99706,17284,0
3426,120345,17900,0
3427,21066,138642,0
3428,60447,18447,0
3429,52654,26514,0
3430,6290,12317,0
3431,1983,145837,0
3432,90184,122734,0
3433,28287,86336,0
3434,59913,2336,0
3435,83130,124672,0
3436,5673,81126,0
3437,71144,26024,0
3438,63670,79731,0
3439,140643,7475,0
3440,43160,103419,0
3441,5885,42589,0
3442,96379,102920,0
3443,68246,84628,0
3444,57541,30596,0
3445,72910,30735,0
3446,7368,103430,0
3447,87240,48084,0
3448,85176,69780,0
3449,154657,86439,0
3450,55667,29175,0
3451,36883,6342,0
3452,126812,17956,0
3453,141046,11792,0
3454,90848,113397,0
3455,33388,152132,0
3456,31078,139825,0
3457,33347,10067,0
3458,143142,85346,0
3459,50381,67568,0
3460,135998,63281,0
3461,151136,103902,0
3462,143428,103265,0
3463,65602,31321,0
3464,139936,113690,0
3465,129304,7038,0
3466,3208,111049,0
3467,71547,32055,0
3468,66170,141546,0
3469,64291,86305,0
3470,27411,123200,0
3471,103732,113986,0
3472,55455,48488,0
3473,18849,13231,0
3474,46253,110412,0
3475,98563,83332,0
3476,112090,89824,0
3477,67478,90853,0
3478,66733,118500,0
3479,13512,66573,0
3480,76184,104422,0
3481,135662,39261,0
3482,42545,131815,0
3483,17927,138229,0
3484,43277,4954,0
3485,99117,71887,0
3486,74894,50299,0
3487,7551,47256,0
3488,42155,67201,0
3489,15581,93361,0
3490,56406,133304,0
3491,101911,118070,0
3492,148554,4081,0
3493,28633,19927,0
3494,108188,48097,0
3495,52030,70138,0
3496,24012,129037,0
3497,84033,17161,0
3498,91171,67186,0
3499,57265,68091,0
3500,132617,50026,0
3501,24322,98607,0
3502,128011,23480,0
3503,42776,75996,0
3504,64575,48912,0
3505,20336,115418,0
3506,60727,105472,0
3507,96246,135402,0
3508,70612,147354,0
3509,12096,97087,0
3510,28443,47503,0
3511,48712,145069,0
3512,122965,26318,0
3513,129509,38438,0
3514,63043,153664,0
3515,10755,12935,0
3516,101255,872,0
3517,67395,127488,0
3518,46848,138080,0
3519,119464,5299,0
3520,66122,25083,0
3521,54102,4171,0
3522,81388,27358,0
3523,126601,7101,0
3524,72774,97483,0
3525,46831,63288,0
3526,153574,135646,0
3527,84750,154823,0
3528,152289,45565,0
3529,133691,14048,0
3530,11147,55198,0
3531,130457,58458,0
3532,8217,136737,0
3533,124609,4601,0
3534,65723,8337,0
3535,51966,94364,0
3536,73585,75629,0
3537,27985,25519,0
3538,3374,150894,0
3539,76410,50967,0
3540,144293,148766,0
3541,37774,71272,0
3542,36485,54403,0
3543,132667,11326,0
3544,126479,101369,0
3545,79771,9248,0
3546,82255,102935,0
3547,34434,142311,0
3548,85738,13860,0
3549,20553,75374,0
3550,150589,124564,0
3551,52707,63939,0
3552,142907,97722,0
3553,119802,22141,0
3554,120467,62407,0
3555,55125,11401,0
3556,144146,93293,0
3557,78528,71603,0
3558,88237,28032,0
3559,536,3703,0
3560,101113,145985,0
3561,47993,110105,0
3562,47632,1573,0
3563,89849,128069,0
3564,66934,11414,0
3565,39895,104050,0
3566,16673,21870,0
3567,73528,98091,0
3568,133940,136187,0
3569,8615,91481,0
3570,75491,89257,0
3571,124243,131149,0
3572,32824,108930,0
3573,78571,23875,0
3574,17686,21613,0
3575,130543,36660,0
3576,97937,126639,0
3577,129755,53850,0
3578,141739,32728,0
3579,46261,127730,0
3580,149713,104337,0
3581,68599,40904,0
3582,131435,32351,0
3583,133340,65294,0
3584,27157,48177,0
3585,46878,3707,0
3586,51224,77344,0
3587,114349,96410,0
3588,130266,73105,0
3589,138862,16690,0
3590,20409,23984,0
3591,80845,105007,0
3592,38990,45946,0
3593,72408,113598,0
3594,36239,89868,0
3595,104195,25967,0
3596,20903,153020,0
3597,129506,74539,0
3598,72787,54984,0
3599,124115,147987,0
3600,131461,72617,0
3601,50498,131413,0
3602,64666,70509,0
3603,68495,51176,0
3604,117106,109404,0
3605,2082,17363,0
3606,142657,150262,0
3607,113692,146675,0
3608,123602,78518,0
3609,17997,24009,0
3610,37376,114364,0
3611,105942,108811,0
3612,63999,134399,0
3613,292,78631,0
3614,112112,87808,0
3615,120734,149467,0
3616,124226,75645,0
3617,138849,90488,0
3618,58260,14415,0
3619,120348,153877,0
3620,40876,129995,0
3621,102927,35896,0
3622,136453,118950,0
3623,48890,103321,0
3624,19441,64571,0
3625,26243,15829,0
3626,85074,152398,0
3627,11900,38508,0
3628,150784,135692,0
3629,147222,116804,0
3630,118954,65842,0
3631,154724,123913,0
3632,142824,93080,0
3633,24535,469,0
3634,100022,51365,0
3635,144906,64727,0
3636,155047,22812,0
3637,69002,133191,0
3638,53736,135084,0
3639,97990,130741,0
3640,20118,56696,0
3641,69227,11299,0
3642,87665,23981,0
3643,123573,38129,0
3644,145644,24749,0
3645,76445,28809,0
3646,151884,253,0
3647,98943,73436,0
3648,88973,19444,0
3649,12774,43304,0
3650,102078,117740,0
3651,65458,107010,0
3652,99914,53554,0
3653,38669,42918,0
3654,103050,10822,0
3655,46853,1863,0
3656,107839,61814,0
3657,141251,52543,0
3658,78395,67216,0
3659,101703,35791,0
3660,101859,45029,0
3661,121495,38861,0
3662,79116,21662,0
3663,126646,9704,0
3664,103352,55414,0
3665,1213,99627,0
3666,92945,131610,0
3667,11694,79412,0
3668,39497,19040,0
3669,90532,70276,0
3670,88034,58938,0
3671,30800,127172,0
3672,88888,122060,0
3673,56370,37822,0
3674,57594,99989,0
3675,80952,75124,0
3676,23433,132814,0
3677,63477,153664,0
3678,84121,10989,0
3679,8970,9210,0
3680,103497,99254,0
3681,105556,74982,0
3682,41293,61944,0
3683,139306,91960,0
3684,80682,112236,0
3685,127349,26902,0
3686,127105,94185,0
3687,58014,101756,0
3688,89798,21309,0
3689,119490,53379,0
3690,145327,70936,0
3691,107263,81168,0
3692,26629,151874,0
3693,42800,29916,0
3694,102608,146733,0
3695,49658,149190,0
3696,95912,121733,0
3697,91159,302,0
3698,68152,22256,0
3699,121807,24822,0
3700,155163,65302,0
3701,49536,59385,0
3702,12863,137570,0
3703,51825,110580,0
3704,144156,115281,0
3705,19896,106367,0
3706,83709,76838,0
3707,11940,54401,0
3708,39123,149753,0
3709,89214,83017,0
3710,47794,52208,0
3711,154320,124114,0
3712,29110,111726,0
3713,89540,133842,0
3714,89003,749,0
3715,127231,123425,0
3716,31231,49341,0
3717,71138,48015,0
3718,65944,100069,0
3719,48533,120896,0
3720,106574,49442,0
3721,150012,86002,0
3722,142805,39480,0
3723,47505,58952,0
3724,76018,152595,0
3725,116204,107255,0
3726,32559,76428,0
3727,41403,94191,0
3728,47284,46116,0
3729,61873,105647,0
3730,46582,64540,0
3731,129199,2867,0
3732,55807,93495,0
3733,41157,87655,0
3734,127397,54676,0
3735,3259,23748,0
3736,1684,90018,0
3737,115247,16237,0
3738,143685,12451,0
3739,147409,50969,0
3740,116821,43636,0
3741,6961,21505,0
3742,120284,86519,0
3743,73044,100969,0
3744,40140,43613,0
3745,85038,145953,0
3746,77530,145422,0
3747,57982,100855,0
3748,121979,33507,0
3749,64238,51699,0
3750,121341,63019,0
3751,15198,4090,0
3752,39654,58174,0
3753,74210,124583,0
3754,87265,56550,0
3755,124230,46323,0
3756,57481,119119,0
3757,57935,141862,0
3758,154765,35692,0
3759,106497,59339,0
3760,41765,7606,0
3761,70966,26742,0
3762,128047,27205,0
3763,10841,4554,0
3764,5833,106668,0
3765,16549,92948,0
3766,46294,90377,0
3767,155089,64376,0
3768,109205,131458,0
3769,54781,150661,0
3770,15360,60067,0
3771,57109,72906,0
3772,40996,52442,0
3773,45818,91081,0
3774,5715,81478,0
3775,118097,64320,0
3776,14533,147455,0
3777,26335,91952,0
3778,76696,136308,0
3779,87088,4782,0
3780,127194,144819,0
3781,52397,57326,0
3782,54139,48128,0
3783,75974,86546,0
3784,48652,153203,0
3785,65149,73309,0
3786,132534,9723,0
3787,14967,99605,0
3788,47070,15166,0
3789,132970,76213,0
3790,5167,8803,0
3791,119211,117731,0
3792,15616,106231,0
3793,73416,17662,0
3794,94827,8815,0
3795,10505,143683,0
3796,12066,67065,0
3797,106239,6848,0
3798,19274,104175,0
3799,138572,48063,0
3800,33007,152046,0
3801,59423,31539,0
3802,55474,36155,0
3803,71387,145553,0
3804,17052,19995,0
3805,78628,21207,0
3806,134658,64971,0
3807,69963,11284,0
3808,133818,55821,0
3809,119999,99834,0
3810,42274,26674,0
3811,8849,151751,0
3812,35832,37273,0
3813,27070,37943,0
3814,147619,59305,0
3815,83741,111566,0
3816,101322,74111,0
3817,88973,50644,0
3818,16471,131885,0
3819,111212,19386,0
3820,1382,136800,0
3821,118603,1923,0
3822,60992,63867,0
3823,130268,69418,0
3824,48629,35386,0
3825,112595,48237,0
3826,54264,39882,0
3827,136950,146361,0
3828,89849,54748,0
3829,131114,42723,0
3830,117439,121058,0
3831,22679,28595,0
3832,60555,60771,0
3833,131199,139268,0
3834,27986,97908,0
3835,26661,131529,0
3836,95019,72599,0
3837,92347,84338,0
3838,116431,87755,0
3839,64397,92548,0
3840,36193,28604,0
3841,38483,149798,0
3842,123370,50900,0
3843,61321,77837,0
3844,10133,116828,0
3845,102011,28658,0
3846,19599,129829,0
3847,115518,137597,0
3848,10731,68308,0
3849,64456,141164,0
3850,85217,89720,0
3851,122703,90187,0
3852,117135,93455,0
3853,60436,142439,0
3854,126658,75675,0
3855,85987,121497,0
3856,48667,70972,0
3857,51475,22167,0
3858,88380,19101,0
3859,84296,4531,0
3860,50605,34706,0
3861,87009,49858,0
3862,6245,118668,0
3863,130837,62338,0
3864,38288,91018,0
3865,83341,145134,0
3866,90696,38958,0
3867,46250,93411,0
3868,9142,103293,0
3869,12715,52958,0
3870,138760,85119,0
3871,103517,100997,0
3872,99036,65619,0
3873,149909,138803,0
3874,33782,27493,0
3875,139324,67170,0
3876,39381,60023,0
3877,117775,133262,0
3878,16001,60864,0
3879,148304,114473,0
3880,9145,20369,0
3881,3388,114895,0
3882,3483,119282,0
3883,79043,49478,0
3884,39451,81449,0
3885,128238,126656,0
3886,44347,31273,0
3887,118808,49765,0
3888,17737,41183,0
3889,7596,124452,0
3890,74294,97142,0
3891,26757,51727,0
3892,111089,16994,0
3893,48275,107276,0
3894,67676,37811,0
3895,76644,32276,0
3896,109978,70874,0
3897,17998,125387,0
3898,64677,43488,0
3899,50450,42301,0
3900,34100,81793,0
3901,147584,152089,0
3902,84866,106345,0
3903,99869,26532,0
3904,89587,64389,0
3905,60908,14973,0
3906,155190,45065,0
3907,120615,103807,0
3908,102892,115578,0
3909,35536,131944,0
3910,62714,16594,0
3911,109373,94959,0
3912,150539,100195,0
3913,1157,102005,0
3914,21261,7190,0
3915,48888,130570,0
3916,72698,149761,0
3917,148908,61674,0
3918,134873,119798,0
3919,135912,12399,0
3920,44178,62927,0
3921,36940,141799,0
3922,112212,51043,0
3923,39579,74770,0
3924,142449,93649,0
3925,29074,45436,0
3926,102789,112645,0
3927,60552,137640,0
3928,99334,115891,0
3929,32098,100616,0
3930,29112,47564,0
3931,61216,4261,0
3932,47941,140924,0
3933,97243,60299,0
3934,99633,24531,0
3935,122449,93281,0
3936,81679,153616,0
3937,26871,88292,0
3938,123045,127625,0
3939,77699,6493,0
3940,65531,113161,0
3941,9380,119473,0
3942,36096,119398,0
3943,10570,128041,0
3944,152009,107489,0
3945,39539,73485,0
3946,89230,74552,0
3947,116370,93884,0
3948,11367,146370,0
3949,137119,116070,0
3950,144305,34386,0
3951,25829,20747,0
3952,71113,27325,0
3953,59873,5795,0
3954,1215,55516,0
3955,116078,44201,0
3956,89835,154298,0
3957,90616,61812,0
3958,84478,145420,0
3959,101205,127104,0
3960,143048,93519,0
3961,22589,10606,0
3962,18573,87568,0
3963,407,117125,0
3964,112333,132740,0
3965,24987,55553,0
3966,94940,137633,0
3967,135072,146898,0
3968,136278,6137,0
3969,78122,112963,0
3970,38717,50046,0
3971,24057,65745,0
3972,70833,65843,0
3973,71331,127960,0
3974,80664,47879,0
3975,85229,114822,0
3976,92258,18106,0
3977,37356,103697,0
3978,116454,15761,0
3979,131277,141267,0
3980,117559,47523,0
3981,90436,150167,0
3982,23803,12178,0
3983,145399,37949,0
3984,145869,107072,0
3985,35359,55048,0
3986,50566,42257,0
3987,32172,141872,0
3988,119616,58465,0
3989,152618,32129,0
3990,91441,28816,0
3991,120097,34681,0
3992,61450,102115,0
3993,143390,149787,0
3994,110065,27386,0
3995,48034,122441,0
3996,108697,27616,0
3997,99070,76349,0
3998,19975,140301,0
3999,101419,76766,0
4000,4573,86350,0
4001,66518,32804,0
4002,53954,143011,0
4003,120470,115751,0
4004,143945,112151,0
4005,45456,135289,0
4006,149182,100458,0
4007,18434,40217,0
4008,75872,73335,0
4009,81089,5615,0
4010,90464,152000,0
4011,85601,118969,0
4012,59461,18848,0
4013,61336,87218,0
4014,114771,116086,0
4015,14975,139035,0
4016,142609,35251,0
4017,152610,42978,0
4018,6608,154999,0
4019,60684,54778,0
4020,104387,123380,0
4021,65824,36739,0
4022,114164,42239,0
4023,144537,11561,0
4024,150962,49457,0
4025,34363,31463,0
4026,94863,56597,0
4027,93928,124891,0
4028,88359,82008,0
4029,68099,128576,0
4030,70962,128084,0
4031,63785,31339,0
4032,64679,64982,0
4033,67925,76331,0
4034,101522,100011,0
4035,86972,92956,0
4036,52453,2423,0
4037,150280,39585,0
4038,73525,11463,0
4039,76599,100308,0
4040,34205,2727,0
4041,78088,34541,0
4042,97835,67805,0
4043,40259,74188,0
4044,110567,39875,0
4045,10450,107667,0
4046,127693,10230,0
4047,138172,129334,0
4048,27252,147551,0
4049,83097,138028,0
4050,56477,103349,0
4051,74367,93892,0
4052,69135,12303,0
4053,16553,80129,0
4054,133792,795,0
4055,133202,97365,0
4056,138228,97394,0
4057,37929,77261,0
4058,28877,103438,0
4059,12266,141516,0
4060,74799,62928,0
4061,123044,89729,0
4062,85394,121343,0
4063,119012,135342,0
4064,54239,5005,0
4065,62964,94225,0
4066,1380,54453,0
4067,139312,34540,0
4068,125662,77373,0
4069,52206,15408,0
4070,88137,3278,0
4071,40726,131099,0
4072,129801,55682,0
4073,133106,2919,0
4074,6505,7342,0
4075,108471,82028,0
4076,139233,43763,0
4077,145627,93492,0
4078,96451,27493,0
4079,24871,49920,0
4080,43363,9445,0
4081,106133,2794,0
4082,31294,139574,0
4083,121974,22241,0
4084,79485,25568,0
4085,109004,23891,0
4086,118157,93108,0
4087,147806,138368,0
4088,148336,84936,0
4089,119466,82524,0
4090,47676,58926,0
4091,145529,61301,0
4092,125547,81079,0
4093,124809,129277,0
4094,151640,142831,0
4095,88965,81676,0
4096,120400,27006,0
4097,88161,43048,0
4098,45153,47164,0
4099,41237,110517,0
4100,153966,129837,0
4101,7528,83406,0
4102,95177,49739,0
4103,43506,94102,0
4104,107805,94193,0
4105,38065,9472,0
4106,79982,115768,0
4107,16259,10201,0
4108,63140,31589,0
4109,83848,14825,0
4110,111004,101165,0
4111,117793,83460,0
4112,142250,21053,0
4113,6490,48973,0
4114,16836,28762,0
4115,45302,66053,0
4116,12476,63497,0
4117,152249,94895,0
4118,124456,121196,0
4119,86693,40083,0
4120,102691,150563,0
4121,128067,3792,0
4122,3672,149098,0
4123,1013,11870,0
4124,24322,39933,0
4125,9662,29884,0
4126,137312,135959,0
4127,114311,16496,0
4128,119743,139820,0
4129,64672,2541,0
4130,46463,53701,0
4131,128148,86385,0
4132,150677,28523,0
4133,74782,61062,0
4134,136254,133092,0
4135,144442,70306,0
4136,22417,92239,0
4137,137627,59455,0
4138,98866,14183,0
4139,79609,136517,0
4140,115439,122075,0
4141,128222,20572,0
4142,123856,118491,0
4143,54128,141488,0
4144,51309,30595,0
4145,76985,65314,0
4146,80479,52475,0
4147,98385,147668,0
4148,129292,127455,0
4149,99413,80988,0
4150,77634,127650,0
4151,106228,110191,0
4152,34255,65881,0
4153,74227,145634,0
4154,15657,15728,0
4155,29600,82545,0
4156,5382,42024,0
4157,139979,112703,0
4158,93485,42543,0
4159,119331,107610,0
4160,97678,145693,0
4161,88954,5965,0
4162,59656,116095,0
4163,147748,133040,0
4164,138993,19414,0
4165,20455,41632,0
4166,35811,119929,0
4167,110842,28200,0
4168,19037,48343,0
4169,125192,59616,0
4170,50768,40224,0
4171,148634,92991,0
4172,19149,93646,0
4173,22574,122257,0
4174,132097,17605,0
4175,115034,27103,0
4176,46681,86069,0
4177,74455,64914,0
4178,29006,75063,0
4179,76973,141714,0
4180,89092,58361,0
4181,135362,112332,0
4182,98380,77196,0
4183,45138,16002,0
4184,128182,36372,0
4185,72010,120549,0
4186,5678,3211,0
4187,150666,11168,0
4188,114191,128711,0
4189,129423,50587,0
4190,17997,114792,0
4191,60971,20514,0
4192,1072,108954,0
4193,130129,74185,0
4194,141382,32980,0
4195,83341,141533,0
4196,106601,54497,0
4197,68963,57710,0
4198,152403,47410,0
4199,23495,127053,0
4200,142456,122598,0
4201,127054,114980,0
4202,143815,18355,0
4203,18864,1280,0
4204,41365,114214,0
4205,135868,1052,0
4206,106971,41820,0
4207,53060,66824,0
4208,83767,110420,0
4209,115062,130026,0
4210,8327,135485,0
4211,87747,18675,0
4212,103002,136667,0
4213,5761,116717,0
4214,109136,100632,0
4215,22215,98238,0
4216,93462,76184,0
4217,154595,68353,0
4218,33033,26435,0
4219,83801,39802,0
4220,2763,150131,0
4221,16293,11429,0
4222,53509,152524,0
4223,151169,24973,0
4224,55608,105233,0
4225,47708,17900,0
4226,109844,43574,0
4227,60066,64260,0
4228,4768,89015,0
4229,97932,104836,0
4230,46039,13612,0
4231,101011,11581,0
4232,130345,30300,0
4233,67508,71464,0
4234,10354,91067,0
4235,81270,66855,0
4236,117528,100866,0
4237,152237,73032,0
4238,8545,57774,0
4239,133983,265,0
4240,149729,106173,0
4241,38297,103757,0
4242,104446,137677,0
4243,55200,129898,0
4244,13320,100223,0
4245,137234,143961,0
4246,9641,65697,0
4247,7384,151643,0
4248,24479,78427,0
4249,39443,47531,0
4250,34600,150751,0
4251,31340,30496,0
4252,51238,62865,0
4253,111440,18047,0
4254,34539,121046,0
4255,1407,109056,0
4256,99942,18296,0
4257,148735,59785,0
4258,126829,144554,0
4259,109102,58551,0
4260,122729,15195,0
4261,39335,75207,0
4262,15160,79399,0
4263,16614,6295,0
4264,144557,2855,0
4265,105150,13959,0
4266,23014,46581,0
4267,141078,147293,0
4268,15942,113965,0
4269,71147,22969,0
4270,10464,6369,0
4271,108771,81815,0
4272,86699,96418,0
4273,27776,97214,0
4274,143773,27435,0
4275,124669,151296,0
4276,94078,34803,0
4277,95373,85797,0
4278,73480,154143,0
4279,87063,118382,0
4280,58071,3057,0
4281,20463,102732,0
4282,97628,10883,0
4283,52782,140861,0
4284,133815,27845,0
4285,34940,7832,0
4286,51809,115634,0
4287,29835,105070,0
4288,58195,22186,0
4289,32360,53101,0
4290,115653,154583,0
4291,10037,72987,0
4292,34826,106405,0
4293,78974,132609,0
4294,52212,16255,0
4295,137971,21458,0
4296,125221,38828,0
4297,22354,125560,0
4298,36145,42789,0
4299,20169,145110,0
4300,7120,192,0
4301,40091,115323,0
4302,21091,80207,0
4303,32117,61493,0
4304,140645,150799,0
4305,71706,94420,0
4306,85911,69313,0
4307,115221,75977,0
4308,12175,114623,0
4309,88789,4432,0
4310,103925,5284,0
4311,140108,10701,0
4312,35269,154943,0
4313,13186,102795,0
4314,17595,49791,0
4315,119096,19561,0
4316,121232,153546,0
4317,727,133782,0
4318,29683,154112,0
4319,67764,116724,0
4320,87270,103387,0
4321,55049,13623,0
4322,142214,141701,0
4323,97233,44236,0
4324,85983,112465,0
4325,97634,68018,0
4326,151402,85635,0
4327,121203,61236,0
4328,112195,66200,0
4329,31190,97665,0
4330,6957,126716,0
4331,104350,123788,0
4332,150995,148623,0
4333,58103,44852,0
4334,118941,144368,0
4335,97751,152730,0
4336,136193,105306,0
4337,6106,56119,0
4338,91643,114640,0
4339,147701,65029,0
4340,94220,120724,0
4341,49073,39307,0
4342,103833,153054,0
4343,144235,24765,0
4344,102791,119202,0
4345,23242,117254,0
4346,49358,100295,0
4347,66942,4852,0
4348,10656,114559,0
4349,149162,53201,0
4350,93784,22186,0
4351,148593,72795,0
4352,63287,129562,0
4353,72719,132613,0
4354,32314,94248,0
4355,74047,9452,0
4356,81270,127637,0
4357,57208,86179,0
4358,27289,32392,0
4359,88952,31989,0
4360,152399,67923,0
4361,31760,24335,0
4362,40561,87480,0
4363,12598,4216,0
4364,12022,19738,0
4365,53170,7102,0
4366,151099,23649,0
4367,22274,145850,0
4368,124031,25830,0
4369,77580,79287,0
4370,26891,6176,0
4371,113342,50068,0
4372,1707,147545,0
4373,35628,56053,0
4374,84149,6334,0
4375,142346,61356,0
4376,40353,30181,0
4377,64034,150890,0
4378,57805,115910,0
4379,21582,148284,0
4380,19032,98181,0
4381,63875,68849,0
4382,23339,151836,0
4383,78086,102069,0
4384,25289,88642,0
4385,125246,127170,0
4386,76115,120667,0
4387,35458,28124,0
4388,128953,142403,0
4389,147344,132093,0
4390,140694,50825,0
4391,69566,149781,0
4392,23355,113943,0
4393,69301,17921,0
4394,91667,114194,0
4395,15080,25853,0
4396,73772,70814,0
4397,57853,78566,0
4398,50751,111226,0
4399,107234,13205,0
4400,66935,115197,0
4401,144875,136476,0
4402,88873,141340,0
4403,78424,66844,0
4404,56762,132615,0
4405,63197,66520,0
4406,74504,3293,0
4407,136936,84392,0
4408,84029,23024,0
4409,11856,144777,0
4410,11594,2021,0
4411,144510,18121,0
4412,78491,3387,0
4413,36958,83157,0
4414,6771,25597,0
4415,36485,3844,0
4416,29171,117489,0
4417,118865,128867,0
4418,120739,141753,0
4419,46098,142564,0
4420,94885,92995,0
4421,57216,87252,0
4422,144524,9216,0
4423,79500,35381,0
4424,14285,98095,0
4425,18366,112566,0
4426,111013,24184,0
4427,77377,74288,0
4428,4662,49845,0
4429,74848,141849,0
4430,52655,29930,0
4431,116187,119345,0
4432,3232,7946,0
4433,132240,136229,0
4434,110001,22066,0
4435,106130,150044,0
4436,91161,105665,0
4437,44041,116758,0
4438,132392,136569,0
4439,38591,119160,0
4440,22922,7812,0
4441,96795,100858,0
4442,80952,136965,0
4443,29975,58979,0
4444,81437,132016,0
4445,31542,146217,0
4446,27769,5416,0
4447,76636,39436,0
4448,54380,16025,0
4449,133549,105697,0
4450,4789,58714,0
4451,152247,21469,0
4452,113950,135824,0
4453,130093,148439,0
4454,127277,107858,0
4455,75972,3734,0
4456,96464,80653,0
4457,114059,106904,0
4458,79927,5261,0
4459,128693,111755,0
4460,42209,93151,0
4461,47431,83390,0
4462,81214,29564,0
4463,113447,52175,0
4464,24945,21161,0
4465,59401,133410,0
4466,100600,63632,0
4467,12332,107115,0
4468,290,143084,0
4469,130329,68193,0
4470,119167,72941,0
4471,68921,123488,0
4472,140211,147531,0
4473,115255,135180,0
4474,67087,94720,0
4475,121178,89750,0
4476,2793,23473,0
4477,44343,103829,0
4478,88860,143201,0
4479,146096,58780,0
4480,119776,11507,0
4481,2382,81308,0
4482,109211,109803,0
4483,6452,122278,0
4484,32920,74120,0
4485,5725,117054,0
4486,41952,93553,0
4487,55614,10501,0
4488,32830,23346,0
4489,84516,59383,0
4490,131493,79452,0
4491,30114,81674,0
4492,7474,142315,0
4493,63224,58826,0
4494,48962,7241,0
4495,117918,10677,0
4496,73322,101715,0
4497,24802,32558,0
4498,153557,32196,0
4499,102371,125840,0
4500,9226,153054,0
4501,128213,50076,0
4502,38027,75171,0
4503,33699,100649,0
4504,84478,143561,0
4505,99990,142473,0
4506,52889,96595,0
4507,154523,30906,0
4508,58951,111588,0
4509,140412,148339,0
4510,118105,27234,0
4511,149898,106136,0
4512,21193,118569,0
4513,113453,45030,0
4514,20463,129385,0
4515,14724,81178,0
4516,46594,133855,0
4517,76596,81166,0
4518,66070,60829,0
4519,65554,111700,0
4520,118113,131272,0
4521,62019,86835,0
4522,128805,2519,0
4523,90064,71804,0
4524,154749,44821,0
4525,58572,129336,0
4526,141261,70740,0
4527,89808,93402,0
4528,38207,9565,0
4529,141573,51460,0
4530,113233,28262,0
4531,38813,240,0
4532,138132,58229,0
4533,22477,42534,0
4534,33490,67922,0
4535,119142,87678,0
4536,36057,111604,0
4537,84095,106410,0
4538,91423,15158,0
4539,9319,44539,0
4540,97949,124819,0
4541,36262,83405,0
4542,20596,63187,0
4543,94690,110336,0
4544,16471,26746,0
4545,78959,135251,0
4546,57980,10740,0
4547,12869,33878,0
4548,22411,94575,0
4549,37568,122430,0
4550,53910,7466,0
4551,120043,37689,0
4552,43066,58114,0
4553,140140,40097,0
4554,10375,9377,0
4555,130245,31423,0
4556,20876,30559,0
4557,149461,108458,0
4558,31490,70298,0
4559,97518,78153,0
4560,62736,142639,0
4561,46085,1955,0
4562,24571,77049,0
4563,89535,39169,0
4564,58703,56676,0
4565,77919,139423,0
4566,42970,135137,0
4567,152683,89467,0
4568,31358,67907,0
4569,118129,97812,0
4570,90749,65428,0
4571,153740,151791,0
4572,2287,59386,0
4573,121197,140951,0
4574,68534,131111,0
4575,7186,41244,0
4576,31726,92545,0
4577,82377,123323,0
4578,94956,94244,0
4579,18126,126773,0
4580,5113,5396,0
4581,30900,22748,0
4582,83102,80970,0
4583,77286,92256,0
4584,69429,14673,0
4585,83238,21848,0
4586,88884,15104,0
4587,123460,87223,0
4588,29965,74058,0
4589,80321,55349,0
4590,148201,145629,0
4591,5488,100481,0
4592,32885,58234,0
4593,26579,93599,0
4594,104314,98089,0
4595,8045,123489,0
4596,46287,132911,0
4597,103370,96552,0
4598,17674,56221,0
4599,69213,61882,0
4600,134609,41638,0
4601,77555,104204,0
4602,26560,7287,0
4603,93414,102426,0
4604,45150,39533,0
4605,28982,47946,0
4606,51548,24037,0
4607,143833,113439,0
4608,104247,22028,0
4609,101246,77947,0
4610,23757,65137,0
4611,60593,59694,0
4612,3760,81850,0
4613,123655,88120,0
4614,98586,135893,0
4615,35434,122949,0
4616,141700,28314,0
4617,10345,148393,0
4618,118842,25913,0
4619,115944,102320,0
4620,77785,132671,0
4621,65038,107022,0
4622,26629,32139,0
4623,154771,122112,0
4624,117497,151148,0
4625,178,75450,0
4626,45575,23083,0
4627,128249,15472,0
4628,63835,56152,0
4629,109350,50032,0
4630,145153,107868,0
4631,135269,111843,0
4632,31715,153871,0
4633,114893,74888,0
4634,113817,39920,0
4635,39107,147350,0
4636,85484,84643,0
4637,60683,23408,0
4638,74837,52216,0
4639,16620,133410,0
4640,101708,123990,0
4641,61538,103444,0
4642,77986,141020,0
4643,58009,25037,0
4644,79447,15855,0
4645,17136,113969,0
4646,38864,70590,0
4647,63348,87184,0
4648,79021,119898,0
4649,13495,7094,0
4650,130572,148184,0
4651,124481,51756,0
4652,13700,9799,0
4653,151806,62610,0
4654,147690,20409,0
4655,14900,145094,0
4656,50322,80787,0
4657,123133,52870,0
4658,72225,22531,0
4659,117169,26044,0
4660,16044,138730,0
4661,152898,50030,0
4662,93957,74233,0
4663,144342,86463,0
4664,82919,123978,0
4665,104732,43669,0
4666,38963,77457,0
4667,103786,142471,0
4668,140873,24108,0
4669,64986,121364,0
4670,100533,96036,0
4671,124612,81085,0
4672,36903,84855,0
4673,44163,50028,0
4674,102545,141906,0
4675,148714,143406,0
4676,115801,137687,0
4677,54812,149399,0
4678,98745,117557,0
4679,91767,107916,0
4680,35186,134388,0
4681,99059,79488,0
4682,120411,14522,0
4683,31422,2194,0
4684,119205,115605,0
4685,64432,49144,0
4686,18507,105870,0
4687,132750,62657,0
4688,109846,91841,0
4689,146410,34885,0
4690,150055,42252,0
4691,150653,97914,0
4692,117611,50569,0
4693,71111,154581,0
4694,55412,64818,0
4695,102474,107575,0
4696,79544,37817,0
4697,144292,93031,0
4698,68456,134925,0
4699,112534,90491,0
4700,10889,7226,0
4701,93437,109235,0
4702,51907,45546,0
4703,58597,100803,0
4704,1509,90336,0
4705,151888,28528,0
4706,96328,59024,0
4707,84460,76096,0
4708,27217,27115,0
4709,30545,36781,0
4710,108146,43926,0
4711,48275,61294,0
4712,19195,19216,0
4713,116989,8406,0
4714,117774,144497,0
4715,49377,74310,0
4716,92663,147380,0
4717,59458,78145,0
4718,108074,88904,0
4719,62939,120298,0
4720,22860,146210,0
4721,13846,41513,0
4722,99036,154809,0
4723,101089,52864,0
4724,85633,204,0
4725,109001,107809,0
4726,91016,62121,0
4727,42029,81887,0
4728,105559,126478,0
4729,48446,119483,0
4730,74502,150115,0
4731,61025,56597,0
4732,34980,51646,0
4733,27930,21511,0
4734,73815,44306,0
4735,13081,130632,0
4736,105369,85757,0
4737,41391,147890,0
4738,135888,39241,0
4739,144759,148134,0
4740,127207,33602,0
4741,141982,104223,0
4742,117022,154686,0
4743,51609,55193,0
4744,119464,63624,0
4745,101992,40192,0
4746,111303,85944,0
4747,149720,91911,0
4748,114787,107692,0
4749,80500,141065,0
4750,43006,142474,0
4751,123080,149487,0
4752,142314,47550,0
4753,75816,39867,0
4754,103749,18272,0
4755,64966,105705,0
4756,69462,46345,0
4757,72062,41096,0
4758,133377,19324,0
4759,15558,53305,0
4760,45737,146141,0
4761,86599,112366,0
4762,65599,110647,0
4763,135345,176,0
4764,65433,15552,0
4765,107977,43548,0
4766,101300,93036,0
4767,104105,87141,0
4768,15009,94025,0
4769,120801,81951,0
4770,42457,134892,0
4771,140489,43064,0
4772,111991,60561,0
4773,91339,87649,0
4774,28775,24114,0
4775,115766,54287,0
4776,118998,153866,0
4777,114411,134180,0
4778,56873,81425,0
4779,66916,64946,0
4780,47554,5016,0
4781,30130,90146,0
4782,78316,14085,0
4783,15850,16395,0
4784,34083,98201,0
4785,69562,41853,0
4786,21379,27509,0
4787,146826,121613,0
4788,10020,104718,0
4789,61619,13802,0
4790,67008,76405,0
4791,63766,125360,0
4792,81845,7194,0
4793,86795,71927,0
4794,32404,35880,0
4795,108051,8073,0
4796,88754,68578,0
4797,123552,54690,0
4798,71346,118020,0
4799,101728,10453,0
4800,13989,32648,0
4801,87303,54661,0
4802,35261,54597,0
4803,10978,18672,0
4804,12244,35853,0
4805,11281,72220,0
4806,101577,15080,0
4807,7152,1052,0
4808,65207,98174,0
4809,48705,57891,0
4810,134838,29980,0
4811,53656,81042,0
4812,99186,130316,0
4813,44160,106556,0
4814,32987,129090,0
4815,102668,96073,0
4816,134865,76834,0
4817,75960,127356,0
4818,7089,113701,0
4819,49623,19954,0
4820,140452,121280,0
4821,72594,59386,0
4822,113118,130310,0
4823,87483,107160,0
4824,100475,42753,0
4825,149601,14531,0
4826,74161,61977,0
4827,124916,81435,0
4828,148941,64455,0
4829,82684,5772,0
4830,86958,73572,0
4831,9319,131731,0
4832,99188,44331,0
4833,528,81626,0
4834,128825,146246,0
4835,26978,2990,0
4836,102803,155003,0
4837,154511,89403,0
4838,43409,82018,0
4839,94320,24705,0
4840,123484,5129,0
4841,123782,76400,0
4842,106528,150593,0
4843,114204,116578,0
4844,64047,49659,0
4845,3482,137532,0
4846,132837,38322,0
4847,141197,114282,0
4848,31362,136053,0
4849,124132,76678,0
4850,128799,12041,0
4851,75034,23112,0
4852,61555,5564,0
4853,106975,130793,0
4854,4050,137037,0
4855,82246,5215,0
4856,77605,27798,0
4857,142683,92302,0
4858,145123,114416,0
4859,38280,119371,0
4860,64499,64545,0
4861,134252,100405,0
4862,100218,10448,0
4863,92823,149202,0
4864,58703,130501,0
4865,27839,57289,0
4866,93815,117305,0
4867,122582,144846,0
4868,78879,99718,0
4869,137332,35525,0
4870,68903,91369,0
4871,40858,51545,0
4872,34827,67039,0
4873,91966,45957,0
4874,72433,111704,0
4875,113370,123129,0
4876,74161,86406,0
4877,106123,35825,0
4878,44823,154731,0
4879,2055,54984,0
4880,45823,96194,0
4881,153811,26383,0
4882,78360,33687,0
4883,136895,30303,0
4884,57613,43876,0
4885,83291,100979,0
4886,140108,146073,0
4887,123828,80077,0
4888,17377,61536,0
4889,86669,112806,0
4890,24810,128079,0
4891,18927,84156,0
4892,40358,110784,0
4893,17042,41000,0
4894,81500,67647,0
4895,148517,59574,0
4896,24951,51524,0
4897,59490,22612,0
4898,59507,24332,0
4899,3703,45263,0
4900,58537,118228,0
4901,105578,67777,0
4902,86021,110310,0
4903,143886,21568,0
4904,20569,114038,0
4905,13453,74393,0
4906,9579,83536,0
4907,87363,20017,0
4908,20224,119862,0
4909,51849,56086,0
4910,87599,111809,0
4911,83946,110738,0
4912,30948,154345,0
4913,128990,32510,0
4914,46506,150537,0
4915,69465,21467,0
4916,90992,18536,0
4917,60778,119446,0
4918,123845,26136,0
4919,80972,34863,0
4920,137586,47096,0
4921,143725,145203,0
4922,22211,72626,0
4923,13298,77387,0
4924,40829,102784,0
4925,80861,43255,0
4926,122013,95076,0
4927,155074,40990,0
4928,107840,99642,0
4929,151417,14773,0
4930,140118,147038,0
4931,97295,54230,0
4932,84033,50079,0
4933,74150,100895,0
4934,113705,27421,0
4935,13016,12131,0
4936,52535,27326,0
4937,34589,98149,0
4938,102164,148128,0
4939,90319,59230,0
4940,16049,39343,0
4941,82782,70777,0
4942,91929,152127,0
4943,77430,14770,0
4944,93849,100420,0
4945,109899,121380,0
4946,33081,101227,0
4947,35254,29420,0
4948,70422,118137,0
4949,33324,24895,0
4950,17722,7315,0
4951,46479,28697,0
4952,88041,76792,0
4953,149232,10384,0
4954,95291,70899,0
4955,18561,60491,0
4956,115793,122493,0
4957,64640,66861,0
4958,27820,29932,0
4959,17199,73667,0
4960,154557,3794,0
4961,109870,78184,0
4962,63065,61125,0
4963,11932,42718,0
4964,67116,78539,0
4965,145772,108373,0
4966,143155,80162,0
4967,24341,115830,0
4968,107656,52358,0
4969,144581,92874,0
4970,65366,123886,0
4971,125290,16057,0
4972,83216,69376,0
4973,100968,155108,0
4974,147064,90872,0
4975,26426,50512,0
4976,58604,9232,0
4977,75684,112073,0
4978,12819,114851,0
4979,88949,24871,0
4980,86496,23535,0
4981,88924,10956,0
4982,83299,2412,0
4983,37610,89426,0
4984,78734,49622,0
4985,5297,154674,0
4986,61603,120949,0
4987,93031,48744,0
4988,53743,59777,0
4989,111869,56301,0
4990,59288,22397,0
4991,6694,16372,0
4992,57767,9889,0
4993,149158,118882,0
4994,139948,13090,0
4995,108840,75076,0
4996,115862,150574,0
4997,3144,129609,0
4998,7638,119115,0
4999,44747,26248,0
5000,93575,81129,0
5001,93692,82583,0
5002,143753,85848,0
5003,46991,22995,0
5004,139102,114888,0
5005,133675,133812,0
5006,93872,123993,0
5007,73747,126504,0
5008,146750,5016,0
5009,125379,35896,0
5010,74105,61525,0
5011,127096,115058,0
5012,114330,106162,0
5013,15853,90620,0
5014,86719,91422,0
5015,113495,75495,0
5016,37716,13535,0
5017,92901,109561,0
5018,82772,1552,0
5019,149867,132075,0
5020,102861,121850,0
5021,151469,135711,0
5022,48334,85109,0
5023,46878,73975,0
5024,32588,145613,0
5025,87456,140063,0
5026,5935,144680,0
5027,9168,145902,0
5028,106786,15089,0
5029,4955,63462,0
5030,37220,54392,0
5031,145943,83525,0
5032,132955,21585,0
5033,139431,150490,0
5034,31195,71042,0
5035,105313,56195,0
5036,35100,24544,0
5037,51286,78030,0
5038,146548,79153,0
5039,55067,13282,0
5040,63671,41152,0
5041,27969,73462,0
5042,24043,120944,0
5043,16337,27088,0
5044,59958,389,0
5045,99301,12338,0
5046,85667,23441,0
5047,24487,148390,0
5048,72950,133674,0
5049,53418,94993,0
5050,9204,147878,0
5051,1697,23018,0
5052,84488,12522,0
5053,139789,51824,0
5054,74516,23046,0
5055,137647,66285,0
5056,100298,130901,0
5057,10084,75097,0
5058,136970,129436,0
5059,71019,22776,0
5060,68789,133998,0
5061,130754,75221,0
5062,18535,83371,0
5063,70063,12622,0
5064,103373,51048,0
5065,49675,13091,0
5066,63065,45830,0
5067,131729,31302,0
5068,101156,48260,0
5069,112734,93432,0
5070,50618,130842,0
5071,68278,55850,0
5072,70669,43310,0
5073,81283,18688,0
5074,33826,10575,0
5075,73392,64074,0
5076,41656,78870,0
5077,66460,102287,0
5078,24156,56329,0
5079,97013,146644,0
5080,39519,85393,0
5081,24086,107657,0
5082,85344,121616,0
5083,49682,111917,0
5084,70183,47984,0
5085,22605,129121,0
5086,46444,58073,0
5087,125964,141262,0
5088,21323,70001,0
5089,6466,137928,0
5090,109028,28416,0
5091,141732,68496,0
5092,40993,110753,0
5093,113719,120523,0
5094,23544,94384,0
5095,75209,107701,0
5096,94836,144686,0
5097,12252,112491,0
5098,38465,34503,0
5099,30174,16908,0
5100,84127,16745,0
5101,8028,57664,0
5102,99286,123700,0
5103,146237,86986,0
5104,65961,130149,0
5105,36052,123318,0
5106,81473,29760,0
5107,139614,140670,0
5108,41790,11027,0
5109,73363,100096,0
5110,100723,86790,0
5111,127013,22629,0
5112,93932,83670,0
5113,61217,86606,0
5114,152749,38527,0
5115,17421,46498,0
5116,133218,151161,0
5117,152765,111756,0
5118,23344,58843,0
5119,105211,77713,0
5120,68048,18871,0
5121,16070,88832,0
5122,36591,115233,0
5123,119457,22284,0
5124,134933,144529,0
5125,100987,121051,0
5126,139979,31961,0
5127,35926,29762,0
5128,74834,40490,0
5129,113097,125106,0
5130,140613,110904,0
5131,49225,124452,0
5132,139104,71270,0
5133,90995,10338,0
5134,25100,109046,0
5135,37303,113016,0
5136,132955,16312,0
5137,50344,128589,0
5138,91404,149777,0
5139,143861,81803,0
5140,3162,117652,0
5141,9424,85837,0
5142,20918,53521,0
5143,79384,113188,0
5144,126489,103620,0
5145,94833,2910,0
5146,73149,58844,0
5147,92030,38373,0
5148,95755,37261,0
5149,72839,2344,0
5150,123583,13829,0
5151,144682,103275,0
5152,82128,104623,0
5153,66177,62033,0
5154,144516,139392,0
5155,47676,44263,0
5156,72931,100787,0
5157,72675,44356,0
5158,72335,75698,0
5159,71156,74581,0
5160,63415,31065,0
5161,105746,93037,0
5162,5378,55218,0
5163,140050,122096,0
5164,12447,16496,0
5165,54829,10794,0
5166,43115,135682,0
5167,153205,33063,0
5168,11354,134604,0
5169,84495,61132,0
5170,104482,2448,0
5171,95334,5374,0
5172,148919,40288,0
5173,64760,46075,0
5174,31655,3442,0
5175,88619,15817,0
5176,117376,140502,0
5177,37737,67418,0
5178,45658,126054,0
5179,109112,142447,0
5180,120763,42501,0
5181,63981,80749,0
5182,84339,23781,0
5183,59340,101535,0
5184,56528,113351,0
5185,3686,47562,0
5186,30639,119432,0
5187,36122,23027,0
5188,15709,21209,0
5189,151727,140603,0
5190,67458,22443,0
5191,75809,137647,0
5192,101330,60153,0
5193,51145,137541,0
5194,76917,90677,0
5195,63814,65115,0
5196,63851,132851,0
5197,149249,93428,0
5198,9122,74349,0
5199,3784,88413,0
5200,143243,77020,0
5201,79616,82055,0
5202,55055,57602,0
5203,46571,121592,0
5204,63952,60930,0
5205,19665,46635,0
5206,60420,103053,0
5207,31570,36280,0
5208,21420,146315,0
5209,33803,109370,0
5210,40674,93307,0
5211,93522,150489,0
5212,70312,103805,0
5213,19225,96819,0
5214,141768,152210,0
5215,64354,9985,0
5216,63158,15394,0
5217,97781,144212,0
5218,8057,37320,0
5219,74715,99562,0
5220,136665,90570,0
5221,75247,90643,0
5222,106456,9794,0
5223,34134,6295,0
5224,42219,78982,0
5225,53589,116776,0
5226,73085,34232,0
5227,137566,125725,0
5228,87406,43682,0
5229,38792,146752,0
5230,152244,75783,0
5231,16045,94945,0
5232,56759,60289,0
5233,26095,32539,0
5234,129172,13580,0
5235,140732,114276,0
5236,151498,65804,0
5237,123491,67957,0
5238,10099,114510,0
5239,60844,148996,0
5240,45785,117444,0
5241,4178,65323,0
5242,28680,152681,0
5243,19022,20234,0
5244,135371,94922,0
5245,68728,77473,0
5246,94318,121490,0
5247,133631,115572,0
5248,149461,82616,0
5249,87463,21939,0
5250,13148,134557,0
5251,29821,103026,0
5252,65590,127775,0
5253,72446,44139,0
5254,14013,33851,0
5255,55879,112664,0
5256,36269,48521,0
5257,69368,126613,0
5258,93322,21591,0
5259,85065,124902,0
5260,86535,10375,0
5261,41930,11482,0
5262,7129,113429,0
5263,30292,121211,0
5264,82793,116086,0
5265,685,98496,0
5266,42880,114036,0
5267,109333,81663,0
5268,131301,68198,0
5269,11183,121830,0
5270,54947,105955,0
5271,97370,31410,0
5272,154074,3044,0
5273,63611,32543,0
5274,9714,153513,0
5275,87964,59462,0
5276,51126,120799,0
5277,126498,715,0
5278,114195,106785,0
5279,101882,132242,0
5280,89785,137687,0
5281,106958,31059,0
5282,54521,59486,0
5283,6728,62533,0
5284,94630,109956,0
5285,124836,122844,0
5286,845,149944,0
5287,102018,36393,0
5288,127342,58084,0
5289,119782,60532,0
5290,22734,30777,0
5291,139728,96454,0
5292,11290,20277,0
5293,144174,62483,0
5294,28596,120943,0
5295,124460,23984,0
5296,43723,73914,0
5297,124724,39758,0
5298,139780,54311,0
5299,90939,83306,0
5300,123627,119446,0
5301,12723,144742,0
5302,98043,32899,0
5303,151635,115528,0
5304,141353,76404,0
5305,11277,144283,0
5306,118083,15207,0
5307,72232,88623,0
5308,41330,138584,0
5309,99405,27201,0
5310,66288,549,0
5311,130724,48508,0
5312,67698,144173,0
5313,35603,143366,0
5314,131081,952,0
5315,14582,53148,0
5316,75970,48601,0
5317,153825,149930,0
5318,106390,101479,0
5319,45155,114365,0
5320,85748,60192,0
5321,95453,96639,0
5322,86757,18716,0
5323,142426,141846,0
5324,74890,151240,0
5325,4713,126761,0
5326,78269,152277,0
5327,86499,120810,0
5328,133966,104478,0
5329,56077,97318,0
5330,67376,87039,0
5331,31390,72458,0
5332,155067,13774,0
5333,39426,26551,0
5334,55840,125919,0
5335,137814,138748,0
5336,46842,49446,0
5337,67726,88327,0
5338,63152,126536,0
5339,9476,58046,0
5340,125013,49493,0
5341,131034,88422,0
5342,37991,123018,0
5343,19556,41760,0
5344,92877,18949,0
5345,4769,74622,0
5346,146117,86176,0
5347,36646,49691,0
5348,35917,92432,0
5349,155186,82843,0
5350,89588,28515,0
5351,95320,32282,0
5352,51004,141301,0
5353,18874,100255,0
5354,152691,4237,0
5355,112808,67860,0
5356,119233,91278,0
5357,131685,152671,0
5358,15416,71761,0
5359,74993,50694,0
5360,23123,114979,0
5361,44,67866,0
5362,48125,145089,0
5363,37059,132591,0
5364,149017,2514,0
5365,74541,88475,0
5366,116887,72390,0
5367,138303,135657,0
5368,9404,104584,0
5369,46668,98118,0
5370,53257,40066,0
5371,82396,54959,0
5372,63317,113964,0
5373,49540,86551,0
5374,102828,115731,0
5375,132970,53879,0
5376,29344,66176,0
5377,86094,100028,0
5378,99083,113154,0
5379,125253,60108,0
5380,12742,54761,0
5381,6679,138994,0
5382,16753,134971,0
5383,74231,84192,0
5384,127227,137036,0
5385,34359,9540,0
5386,51280,692,0
5387,96532,125895,0
5388,101848,137121,0
5389,151584,126288,0
5390,88251,5510,0
5391,72277,45424,0
5392,84363,138129,0
5393,143982,140443,0
5394,81839,48170,0
5395,152220,108564,0
5396,78199,124349,0
5397,32461,96665,0
5398,31366,22381,0
5399,115917,135602,0
5400,34597,40025,0
5401,41712,102079,0
5402,21605,108927,0
5403,133267,106146,0
5404,62910,30848,0
5405,47613,148737,0
5406,112436,33725,0
5407,131271,41187,0
5408,6666,53318,0
5409,110795,20222,0
5410,61464,121286,0
5411,89563,6820,0
5412,99668,30594,0
5413,11556,146825,0
5414,121925,5871,0
5415,67310,140193,0
5416,131860,12238,0
5417,109857,82278,0
5418,26296,89915,0
5419,103926,151365,0
5420,143507,18151,0
5421,120360,53333,0
5422,30405,3999,0
5423,50256,102653,0
5424,102878,59664,0
5425,67180,150065,0
5426,57929,42784,0
5427,121287,93585,0
5428,75563,148121,0
5429,21091,114596,0
5430,134873,68320,0
5431,36026,122844,0
5432,105894,71040,0
5433,70029,56161,0
5434,92743,151265,0
5435,37176,107863,0
5436,97507,30754,0
5437,120490,46419,0
5438,38344,101948,0
5439,12634,55682,0
5440,147724,88966,0
5441,30383,69308,0
5442,59192,58524,0
5443,34176,26214,0
5444,308,91267,0
5445,88982,129342,0
5446,78206,68071,0
5447,14750,34692,0
5448,1061,11363,0
5449,6890,64750,0
5450,144906,74979,0
5451,84670,71536,0
5452,10134,105836,0
5453,67416,5349,0
5454,746,87870,0
5455,16904,24882,0
5456,40730,26657,0
5457,108805,83346,0
5458,10272,134038,0
5459,44007,82099,0
5460,100246,56861,0
5461,149974,119341,0
5462,148082,75289,0
5463,44204,126389,0
5464,6530,101149,0
5465,110048,25878,0
5466,41575,145146,0
5467,55404,22052,0
5468,12179,42057,0
5469,128022,42901,0
5470,82579,89206,0
5471,28966,115889,0
5472,144508,6701,0
5473,97957,134348,0
5474,136482,78888,0
5475,10549,30231,0
5476,83699,124376,0
5477,149196,35247,0
5478,126848,54783,0
5479,110188,75060,0
5480,90394,44588,0
5481,99181,86864,0
5482,6773,43075,0
5483,49583,13317,0
5484,123157,31098,0
5485,87268,15729,0
5486,30872,122652,0
5487,69693,119089,0
5488,80964,82483,0
5489,136354,34337,0
5490,95348,92777,0
5491,110321,14084,0
5492,62556,92883,0
5493,103391,81259,0
5494,18768,131506,0
5495,13664,132990,0
5496,106486,5423,0
5497,78229,95522,0
5498,75329,154594,0
5499,91762,99757,0
5500,100413,110296,0
5501,147170,140735,0
5502,8161,73014,0
5503,18482,67805,0
5504,120474,125341,0
5505,40560,46032,0
5506,45259,89692,0
5507,54397,24996,0
5508,22617,5390,0
5509,87416,135134,0
5510,134464,15840,0
5511,68704,124726,0
5512,73308,29475,0
5513,123276,17312,0
5514,37199,100339,0
5515,35560,59013,0
5516,112600,141025,0
5517,140583,144696,0
5518,26115,145267,0
5519,124362,150594,0
5520,10571,14977,0
5521,104406,40671,0
5522,97413,62069,0
5523,74736,7310,0
5524,4142,18708,0
5525,74917,142827,0
5526,44900,45461,0
5527,20226,110120,0
5528,17122,69762,0
5529,93482,119250,0
5530,150110,71182,0
5531,91158,17304,0
5532,121629,86578,0
5533,106506,45487,0
5534,118693,122001,0
5535,142545,95091,0
5536,73505,50694,0
5537,72657,111024,0
5538,34396,45005,0
5539,113400,94149,0
5540,6847,53484,0
5541,68292,78746,0
5542,53962,68623,0
5543,147396,51212,0
5544,153027,143220,0
5545,152879,72202,0
5546,106422,67387,0
5547,92230,12313,0
5548,58643,75885,0
5549,57323,15567,0
5550,92731,118906,0
5551,24665,131150,0
5552,81197,32285,0
5553,29734,146888,0
5554,9489,99264,0
5555,109796,10487,0
5556,61725,10194,0
5557,112861,121886,0
5558,68148,50221,0
5559,25331,111832,0
5560,67659,9903,0
5561,69319,39025,0
5562,146247,96968,0
5563,21109,61598,0
5564,752,144244,0
5565,106056,37504,0
5566,54843,152113,0
5567,137139,19688,0
5568,53102,27417,0
5569,133401,144128,0
5570,58924,148053,0
5571,151408,125428,0
5572,68783,32127,0
5573,50877,87132,0
5574,64594,14295,0
5575,38515,145459,0
5576,78912,23944,0
5577,4396,2663,0
5578,67344,43672,0
5579,53256,70818,0
5580,138891,145304,0
5581,139465,45503,0
5582,26289,53307,0
5583,1109,78693,0
5584,52957,95328,0
5585,11178,114099,0
5586,101136,114744,0
5587,107181,30284,0
5588,16171,137711,0
5589,113876,41335,0
5590,100352,49074,0
5591,29432,104855,0
5592,32841,75454,0
5593,136850,32747,0
5594,118236,143670,0
5595,97589,101453,0
5596,27741,79222,0
5597,88435,62675,0
5598,28555,45602,0
5599,76605,63004,0
5600,55352,26359,0
5601,55401,81626,0
5602,23506,36695,0
5603,58735,43491,0
5604,112795,89498,0
5605,132347,11130,0
5606,85142,4271,0
5607,82701,51029,0
5608,118659,148980,0
5609,64391,89538,0
5610,102861,118987,0
5611,9832,13969,0
5612,14856,57490,0
5613,46121,32501,0
5614,126969,72647,0
5615,72460,81332,0
5616,8889,104234,0
5617,122545,71055,0
5618,150284,144164,0
5619,40804,93905,0
5620,55971,100011,0
5621,338,50662,0
5622,36611,15839,0
5623,52387,45362,0
5624,24223,84489,0
5625,48445,115280,0
5626,112670,97036,0
5627,78483,3309,0
5628,99099,59127,0
5629,72012,134207,0
5630,80672,69725,0
5631,23779,135217,0
5632,117488,70312,0
5633,15118,13387,0
5634,126261,77355,0
5635,40014,49677,0
5636,21838,87007,0
5637,73256,72182,0
5638,102323,42361,0
5639,69342,106837,0
5640,109942,62723,0
5641,112762,35981,0
5642,11732,22198,0
5643,15623,50119,0
5644,85870,76320,0
5645,45899,57577,0
5646,124304,11639,0
5647,148593,77810,0
5648,97629,136009,0
5649,130841,154685,0
5650,71885,47165,0
5651,117186,154397,0
5652,45793,42056,0
5653,137120,60283,0
5654,125845,13174,0
5655,102048,25139,0
5656,13787,85536,0
5657,44037,4554,0
5658,51202,29037,0
5659,127966,138854,0
5660,99693,8654,0
5661,29816,47255,0
5662,35176,140553,0
5663,38697,124659,0
5664,120644,3083,0
5665,124705,18024,0
5666,55410,47406,0
5667,8914,100674,0
5668,89230,114379,0
5669,3054,82647,0
5670,90869,50348,0
5671,43734,73866,0
5672,133032,126184,0
5673,17452,21219,0
5674,18041,85618,0
5675,55772,63204,0
5676,88650,95583,0
5677,133082,77888,0
5678,106438,40376,0
5679,134599,147275,0
5680,88043,102899,0
5681,121909,152470,0
5682,41018,132814,0
5683,14541,126450,0
5684,47814,76817,0
5685,133544,133476,0
5686,33582,66992,0
5687,123476,31286,0
5688,71426,136197,0
5689,153468,114341,0
5690,77749,40153,0
5691,115376,112545,0
5692,153104,45105,0
5693,44422,13014,0
5694,17031,153408,0
5695,39766,85398,0
5696,104338,51299,0
5697,131379,61311,0
5698,130888,83637,0
5699,35494,62660,0
5700,41348,130787,0
5701,98882,14242,0
5702,120155,50577,0
5703,27174,76492,0
5704,14034,147741,0
5705,66149,98360,0
5706,92637,108521,0
5707,50249,67533,0
5708,66458,38157,0
5709,12751,3146,0
5710,86060,122717,0
5711,97177,55074,0
5712,16155,32805,0
5713,50516,48474,0
5714,154632,147149,0
5715,8236,24193,0
5716,131195,44228,0
5717,56482,100812,0
5718,63048,135778,0
5719,58602,150663,0
5720,30232,95760,0
5721,76060,65701,0
5722,47750,71134,0
5723,115844,95347,0
5724,44789,50893,0
5725,132891,148158,0
5726,106192,137842,0
5727,98463,99560,0
5728,1868,82164,0
5729,26432,49202,0
5730,148515,152786,0
5731,146223,146725,0
5732,133287,45388,0
5733,143423,152731,0
5734,11086,17384,0
5735,112978,7755,0
5736,39616,82187,0
5737,139358,12812,0
5738,17178,81467,0
5739,51722,31257,0
5740,108631,125038,0
5741,69045,118109,0
5742,94554,98048,0
5743,150188,86506,0
5744,24930,137020,0
5745,122330,51382,0
5746,4075,58218,0
5747,22560,12315,0
5748,96171,55195,0
5749,140434,79867,0
5750,41286,25676,0
5751,118704,45562,0
5752,81534,44054,0
5753,70532,90690,0
5754,106456,49923,0
5755,109979,97142,0
5756,120966,141603,0
5757,73192,144997,0
5758,12563,120195,0
5759,50511,149561,0
5760,105794,138307,0
5761,18471,108202,0
5762,30249,9538,0
5763,129570,10196,0
5764,109211,1780,0
5765,47459,141122,0
5766,118224,139917,0
5767,154481,18841,0
5768,136936,28579,0
5769,30783,124324,0
5770,117650,58298,0
5771,116493,555,0
5772,87747,38186,0
5773,152833,37597,0
5774,32522,146381,0
5775,10510,81951,0
5776,21125,100254,0
5777,138372,87712,0
5778,80109,122288,0
5779,67563,24534,0
5780,144058,66713,0
5781,31343,110532,0
5782,26735,130312,0
5783,21731,89779,0
5784,104458,119632,0
5785,131216,45097,0
5786,45479,75929,0
5787,34774,152118,0
5788,7873,107474,0
5789,61783,102526,0
5790,119832,34455,0
5791,57399,81375,0
5792,138749,121655,0
5793,101694,25592,0
5794,85433,125560,0
5795,24016,132005,0
5796,36628,60730,0
5797,82389,87040,0
5798,124716,115883,0
5799,144871,108957,0
5800,116104,22113,0
5801,49680,129338,0
5802,61426,119071,0
5803,6058,45012,0
5804,116342,75289,0
5805,141438,15357,0
5806,148223,49314,0
5807,136438,115528,0
5808,40597,104674,0
5809,78284,36787,0
5810,5760,66635,0
5811,4624,116376,0
5812,154977,71223,0
5813,66,87360,0
5814,104680,12398,0
5815,38013,121601,0
5816,135625,96253,0
5817,89508,95714,0
5818,118814,54964,0
5819,11840,109270,0
5820,32731,50856,0
5821,86322,77685,0
5822,145913,147337,0
5823,34194,118668,0
5824,124063,90767,0
5825,102449,38390,0
5826,27534,85578,0
5827,19610,117930,0
5828,152759,601,0
5829,6789,131369,0
5830,80627,32915,0
5831,61662,134336,0
5832,8598,27600,0
5833,134203,50665,0
5834,130605,48838,0
5835,132118,127247,0
5836,27973,97961,0
5837,23215,147362,0
5838,85376,108775,0
5839,98926,45253,0
5840,90353,143005,0
5841,151905,22934,0
5842,60746,58229,0
5843,52924,155098,0
5844,153103,35393,0
5845,71369,22650,0
5846,101698,117741,0
5847,86376,85378,0
5848,28190,40097,0
5849,128811,68169,0
5850,119703,26340,0
5851,48380,101902,0
5852,44966,153866,0
5853,145838,16414,0
5854,13957,81183,0
5855,45107,123698,0
5856,34799,57904,0
5857,136962,6449,0
5858,134304,27962,0
5859,45912,101924,0
5860,6356,127082,0
5861,111764,6492,0
5862,122201,68799,0
5863,105589,73326,0
5864,97672,57160,0
5865,58215,66890,0
5866,60839,113012,0
5867,4493,98941,0
5868,62148,101833,0
5869,98271,114958,0
5870,150008,60125,0
5871,140122,31001,0
5872,8191,62844,0
5873,29810,120127,0
5874,56670,121594,0
5875,120808,43722,0
5876,39683,8963,0
5877,11601,26137,0
5878,125873,145657,0
5879,14324,61462,0
5880,121579,109135,0
5881,54862,11835,0
5882,10978,50394,0
5883,111846,81553,0
5884,124013,59043,0
5885,67629,95156,0
5886,36751,55112,0
5887,32006,142476,0
5888,3567,3480,0
5889,79295,64099,0
5890,59610,53671,0
5891,135469,27004,0
5892,125620,51997,0
5893,54932,65745,0
5894,91868,54627,0
5895,74412,116691,0
5896,28555,98690,0
5897,17943,134027,0
5898,103451,63053,0
5899,21031,21166,0
5900,12791,84568,0
5901,78180,144797,0
5902,41637,1179,0
5903,141379,142508,0
5904,65388,83213,0
5905,8812,96,0
5906,146283,136250,0
5907,121768,75107,0
5908,110725,126188,0
5909,118165,61607,0
5910,112377,148880,0
5911,119137,79241,0
5912,125818,93568,0
5913,107764,127574,0
5914,146403,87224,0
5915,79533,105454,0
5916,124599,10364,0
5917,51036,78346,0
5918,140943,9654,0
5919,153299,137446,0
5920,47848,111960,0
5921,75557,32907,0
5922,78838,123726,0
5923,70760,17540,0
5924,23181,71203,0
5925,114164,93398,0
5926,47578,39955,0
5927,116232,127959,0
5928,91633,110125,0
5929,47779,31924,0
5930,115944,149880,0
5931,109258,99351,0
5932,133498,50393,0
5933,152378,112146,0
5934,61258,152882,0
5935,14160,129323,0
5936,132898,97616,0
5937,62813,71684,0
5938,29404,110616,0
5939,543,108558,0
5940,119405,127623,0
5941,138689,22286,0
5942,100533,143622,0
5943,43256,54356,0
5944,119865,117591,0
5945,134822,103611,0
5946,140027,90205,0
5947,12500,120040,0
5948,14961,117426,0
5949,110329,43630,0
5950,57082,135953,0
5951,141604,89246,0
5952,130076,99242,0
5953,57164,65182,0
5954,96655,126637,0
5955,125964,143347,0
5956,9111,150169,0
5957,87723,134202,0
5958,42546,137946,0
5959,111512,28855,0
5960,3681,130366,0
5961,87835,118644,0
5962,89813,100488,0
5963,52179,109347,0
5964,80308,125149,0
5965,254,126207,0
5966,58909,9209,0
5967,107565,45397,0
5968,80775,6593,0
5969,80076,18254,0
5970,61022,90238,0
5971,52632,9262,0
5972,89546,31465,0
5973,113236,154449,0
5974,36116,58319,0
5975,104157,10249,0
5976,56840,30754,0
5977,151051,96195,0
5978,12688,30885,0
5979,9084,142289,0
5980,19539,83187,0
5981,70883,148066,0
5982,77454,132353,0
5983,16020,84772,0
5984,35813,76196,0
5985,128894,32968,0
5986,152364,116964,0
5987,10598,16135,0
5988,59565,104416,0
5989,139152,56137,0
5990,131648,12027,0
5991,26660,9211,0
5992,96271,126544,0
5993,4052,84198,0
5994,122695,114430,0
5995,11951,37951,0
5996,50868,58552,0
5997,154581,87845,0
5998,21642,11171,0
5999,59030,115056,0
6000,152276,78742,0
6001,50074,56928,0
6002,92945,129463,0
6003,44075,97781,0
6004,22298,37246,0
6005,4217,54167,0
6006,154755,111542,0
6007,62218,125459,0
6008,25764,36151,0
6009,20235,99520,0
6010,40055,28234,0
6011,144825,47524,0
6012,4382,141469,0
6013,69177,15912,0
6014,132071,115953,0
6015,117372,19028,0
6016,73673,76884,0
6017,73632,76981,0
6018,24243,103403,0
6019,75781,62114,0
6020,46878,39107,0
6021,117659,36341,0
6022,74670,11055,0
6023,59240,47283,0
6024,79738,86062,0
6025,102106,114064,0
6026,54524,125332,0
6027,88100,76247,0
6028,68003,105857,0
6029,68968,118005,0
6030,93382,51291,0
6031,42355,86381,0
6032,3826,15083,0
6033,2449,85739,0
6034,38829,20771,0
6035,114621,137425,0
6036,55535,17369,0
6037,64139,102866,0
6038,141836,7621,0
6039,54025,50382,0
6040,85798,131807,0
6041,117479,149572,0
6042,131379,26219,0
6043,76484,82654,0
6044,148847,42899,0
6045,145852,85968,0
6046,6340,64879,0
6047,60233,124193,0
6048,116434,135427,0
6049,62030,4750,0
6050,2821,24314,0
6051,132534,88619,0
6052,81045,12324,0
6053,72665,125849,0
6054,108753,146060,0
6055,153449,148984,0
6056,105992,118040,0
6057,33152,137702,0
6058,107157,32923,0
6059,117190,13540,0
6060,38519,35843,0
6061,38275,100273,0
6062,24055,63549,0
6063,154036,154233,0
6064,143077,19356,0
6065,125487,114730,0
6066,120174,139574,0
6067,112742,49654,0
6068,43580,77121,0
6069,21567,48714,0
6070,80998,83319,0
6071,129361,85879,0
6072,56332,71288,0
6073,52081,93301,0
6074,27233,29396,0
6075,88886,32612,0
6076,50683,46844,0
6077,92636,37424,0
6078,133206,90023,0
6079,74029,51472,0
6080,137369,153995,0
6081,137015,14758,0
6082,95978,90468,0
6083,129604,53215,0
6084,59689,15085,0
6085,115455,138026,0
6086,71034,47628,0
6087,67375,61815,0
6088,37218,12370,0
6089,120840,79330,0
6090,117632,70675,0
6091,33319,99497,0
6092,124781,124783,0
6093,135736,129829,0
6094,35932,120966,0
6095,114767,1795,0
6096,84910,48058,0
6097,69977,17479,0
6098,41779,149912,0
6099,141876,92827,0
6100,116613,86592,0
6101,31683,53672,0
6102,110498,114194,0
6103,35016,29137,0
6104,50316,110800,0
6105,15011,57215,0
6106,97024,30176,0
6107,82354,85066,0
6108,28336,26025,0
6109,5556,8046,0
6110,135860,135747,0
6111,9,38661,0
6112,99958,128689,0
6113,137745,13008,0
6114,63977,90627,0
6115,20085,83034,0
6116,19476,36636,0
6117,144905,154621,0
6118,76925,104563,0
6119,53948,36828,0
6120,19045,6270,0
6121,59659,134433,0
6122,48807,82531,0
6123,132947,79846,0
6124,149974,65086,0
6125,97870,113944,0
6126,145731,22007,0
6127,14685,59046,0
6128,87551,75326,0
6129,155137,14798,0
6130,5194,146811,0
6131,38089,18947,0
6132,18548,150675,0
6133,50847,33110,0
6134,3818,87715,0
6135,113550,76447,0
6136,110063,33254,0
6137,69921,145569,0
6138,152059,124197,0
6139,39001,39047,0
6140,98521,107370,0
6141,4945,23061,0
6142,54282,52050,0
6143,129010,69803,0
6144,134046,69609,0
6145,119026,14002,0
6146,152117,31762,0
6147,148879,31535,0
6148,72855,128782,0
6149,114663,119035,0
6150,88694,13720,0
6151,88890,18684,0
6152,91174,144095,0
6153,89420,29757,0
6154,18750,118108,0
6155,112734,116302,0
6156,47786,70785,0
6157,70080,60354,0
6158,65025,69543,0
6159,76659,40735,0
6160,59191,110850,0
6161,16863,76370,0
6162,87390,39461,0
6163,79116,119008,0
6164,92322,368,0
6165,50815,2049,0
6166,87374,120184,0
6167,18849,72913,0
6168,68365,127085,0
6169,154806,29541,0
6170,3681,108329,0
6171,25936,125684,0
6172,107687,10692,0
6173,111199,80495,0
6174,61782,124150,0
6175,458,50973,0
6176,89222,42117,0
6177,88922,54744,0
6178,44791,32541,0
6179,144169,102594,0
6180,145364,25782,0
6181,21193,28839,0
6182,71720,66332,0
6183,104374,90708,0
6184,108146,8299,0
6185,66594,98711,0
6186,66911,122576,0
6187,56807,102065,0
6188,124103,4177,0
6189,41532,88725,0
6190,146572,91646,0
6191,108738,45632,0
6192,102671,7071,0
6193,122802,110289,0
6194,136409,110439,0
6195,39822,84370,0
6196,71207,62673,0
6197,7714,23069,0
6198,42843,123107,0
6199,27174,93341,0
6200,86906,105022,0
6201,112559,147509,0
6202,39677,106628,0
6203,113078,136239,0
6204,60160,100232,0
6205,23385,35617,0
6206,81197,51944,0
6207,110705,4454,0
6208,129784,75357,0
6209,132342,30137,0
6210,100569,42619,0
6211,24382,26887,0
6212,136144,103593,0
6213,52089,34019,0
6214,76251,103672,0
6215,140650,105383,0
6216,64047,70613,0
6217,103524,150580,0
6218,129238,114035,0
6219,81423,43907,0
6220,112022,92516,0
6221,117006,5797,0
6222,21524,82048,0
6223,95315,146370,0
6224,43968,13859,0
6225,123306,151285,0
6226,85318,140297,0
6227,61079,104453,0
6228,41885,111813,0
6229,281,84262,0
6230,18645,99989,0
6231,20802,154054,0
6232,74629,17497,0
6233,74516,65652,0
6234,108803,15753,0
6235,153806,100296,0
6236,71110,100645,0
6237,102743,100334,0
6238,110155,14323,0
6239,62199,128054,0
6240,12863,41696,0
6241,130962,30683,0
6242,130122,186,0
6243,75087,79798,0
6244,143281,17248,0
6245,22632,57848,0
6246,124346,79587,0
6247,121262,144819,0
6248,69898,64344,0
6249,106875,117973,0
6250,101266,18465,0
6251,83326,23387,0
6252,96474,142142,0
6253,141066,125821,0
6254,25111,62299,0
6255,101373,84188,0
6256,128696,125761,0
6257,31102,147872,0
6258,61423,16634,0
6259,35890,99440,0
6260,127832,59236,0
6261,45223,101980,0
6262,81905,33903,0
6263,113335,2916,0
6264,125117,152276,0
6265,57750,100757,0
6266,92603,142569,0
6267,84424,101861,0
6268,7585,150239,0
6269,146024,42839,0
6270,19375,28711,0
6271,68914,23498,0
6272,137312,87112,0
6273,141606,116538,0
6274,147585,144814,0
6275,108879,130752,0
6276,145332,101464,0
6277,138515,38349,0
6278,17597,86311,0
6279,2859,133536,0
6280,116981,67873,0
6281,75491,6364,0
6282,117392,107853,0
6283,130199,45781,0
6284,56410,31108,0
6285,69165,45184,0
6286,153885,130173,0
6287,37846,127011,0
6288,68862,74662,0
6289,95386,151651,0
6290,124177,138748,0
6291,75437,24064,0
6292,123819,84348,0
6293,85543,51664,0
6294,56787,117557,0
6295,94287,124843,0
6296,111241,61337,0
6297,20445,14266,0
6298,20940,122373,0
6299,139669,118006,0
6300,56817,114523,0
6301,113856,126947,0
6302,83060,77461,0
6303,111995,43494,0
6304,153974,98396,0
6305,26569,150444,0
6306,79307,5905,0
6307,114266,87865,0
6308,35721,25638,0
6309,100222,133643,0
6310,101951,106837,0
6311,1096,14834,0
6312,86040,7617,0
6313,131933,71498,0
6314,39351,29157,0
6315,23170,74203,0
6316,130022,37904,0
6317,95326,36989,0
6318,39404,68191,0
6319,63928,7344,0
6320,142116,59123,0
6321,24091,65765,0
6322,81916,104957,0
6323,42445,57153,0
6324,138546,139787,0
6325,49445,7805,0
6326,123506,104379,0
6327,16821,99776,0
6328,89048,28760,0
6329,68012,21814,0
6330,137957,15789,0
6331,51004,26162,0
6332,122257,60731,0
6333,69566,130275,0
6334,123221,72124,0
6335,54242,143990,0
6336,54923,42045,0
6337,100109,146607,0
6338,144437,27279,0
6339,107046,32886,0
6340,129301,51745,0
6341,78284,150304,0
6342,100615,77461,0
6343,101781,67703,0
6344,14598,98758,0
6345,107969,105625,0
6346,111803,51344,0
6347,63639,154923,0
6348,68679,149750,0
6349,147485,55028,0
6350,146042,49130,0
6351,19975,9704,0
6352,119399,99393,0
6353,127864,17573,0
6354,76735,126710,0
6355,53344,113928,0
6356,127810,127108,0
6357,48179,66467,0
6358,38347,78963,0
6359,114724,89446,0
6360,84163,93027,0
6361,78815,143806,0
6362,6362,111352,0
6363,77897,89454,0
6364,145875,121022,0
6365,141302,104000,0
6366,29432,102910,0
6367,98687,46009,0
6368,144599,73867,0
6369,39155,48922,0
6370,140637,83583,0
6371,116817,22957,0
6372,137070,74758,0
6373,57123,68269,0
6374,74261,42744,0
6375,2612,22638,0
6376,18114,22551,0
6377,62090,153010,0
6378,42829,63152,0
6379,24238,99049,0
6380,25468,110464,0
6381,33029,28927,0
6382,121361,104658,0
6383,70434,76978,0
6384,3754,16610,0
6385,81386,142420,0
6386,19431,53018,0
6387,58212,102882,0
6388,72248,116256,0
6389,35827,30780,0
6390,129595,131956,0
6391,57552,17112,0
6392,117002,21295,0
6393,78456,73726,0
6394,3129,113701,0
6395,148781,20795,0
6396,116026,39710,0
6397,78990,59894,0
6398,38342,150238,0
6399,63515,106568,0
6400,24820,122098,0
6401,102223,87419,0
6402,104570,90930,0
6403,86053,68195,0
6404,145794,68958,0
6405,59535,149435,0
6406,125002,88620,0
6407,126254,12788,0
6408,1876,129418,0
6409,155085,105817,0
6410,148925,122346,0
6411,4722,91734,0
6412,40304,37754,0
6413,38375,15057,0
6414,16752,69357,0
6415,71138,64891,0
6416,47038,120769,0
6417,105284,131877,0
6418,28819,123939,0
6419,46141,32573,0
6420,107716,36552,0
6421,76893,62962,0
6422,20761,120680,0
6423,10962,97607,0
6424,17747,123838,0
6425,123071,90525,0
6426,102669,17584,0
6427,86477,112293,0
6428,74002,95415,0
6429,53574,50232,0
6430,50626,3087,0
6431,62312,35488,0
6432,27561,69881,0
6433,2538,142137,0
6434,132347,70841,0
6435,23150,103117,0
6436,11456,18122,0
6437,152951,21360,0
6438,131168,130823,0
6439,67471,151137,0
6440,34253,31964,0
6441,21254,122288,0
6442,146283,67167,0
6443,113434,149023,0
6444,10297,109571,0
6445,64752,147013,0
6446,110646,1350,0
6447,142497,103722,0
6448,94451,154160,0
6449,51224,90481,0
6450,4178,101600,0
6451,59921,86942,0
6452,114585,70965,0
6453,926,36008,0
6454,11865,468,0
6455,109371,81390,0
6456,39944,56072,0
6457,29912,62582,0
6458,108627,118183,0
6459,80221,104657,0
6460,31242,113733,0
6461,136039,85990,0
6462,149360,75647,0
6463,144556,37775,0
6464,27748,29470,0
6465,40716,28263,0
6466,119198,2567,0
6467,50061,17079,0
6468,53330,44309,0
6469,91411,114184,0
6470,37288,75743,0
6471,124872,139520,0
6472,77731,106087,0
6473,38027,3690,0
6474,42416,71749,0
6475,107084,33588,0
6476,86199,141753,0
6477,76605,116416,0
6478,141281,81813,0
6479,80190,70154,0
6480,123081,7816,0
6481,54444,12993,0
6482,105155,136818,0
6483,120337,135952,0
6484,26408,14173,0
6485,126851,40840,0
6486,135076,93995,0
6487,123832,144766,0
6488,114787,140951,0
6489,37789,119814,0
6490,144088,70782,0
6491,145249,97663,0
6492,61466,119346,0
6493,49812,138593,0
6494,98379,25874,0
6495,32072,34691,0
6496,111946,59397,0
6497,9316,127674,0
6498,12349,93547,0
6499,69689,154507,0
6500,43471,76437,0
6501,104604,24935,0
6502,69193,29315,0
6503,108548,110257,0
6504,109324,145262,0
6505,20126,59025,0
6506,120134,49061,0
6507,99053,154111,0
6508,4773,134740,0
6509,131347,125990,0
6510,103794,1265,0
6511,37358,8868,0
6512,128408,143028,0
6513,60007,23689,0
6514,18074,54232,0
6515,154801,22267,0
6516,66428,76531,0
6517,18993,107135,0
6518,65723,60027,0
6519,148268,3341,0
6520,13028,46815,0
6521,17807,70941,0
6522,106680,71773,0
6523,153806,49924,0
6524,56682,28392,0
6525,140427,30031,0
6526,39698,108445,0
6527,102301,27799,0
6528,147658,94548,0
6529,137593,25467,0
6530,91580,12260,0
6531,113267,152093,0
6532,144432,41262,0
6533,24623,59555,0
6534,73928,12177,0
6535,26656,152160,0
6536,32200,28504,0
6537,102161,44152,0
6538,20680,144171,0
6539,134476,141710,0
6540,31228,37138,0
6541,37663,2203,0
6542,41539,42171,0
6543,94834,43763,0
6544,46913,82629,0
6545,95405,138317,0
6546,108951,114312,0
6547,36193,101176,0
6548,50152,52059,0
6549,114960,84800,0
6550,85340,132461,0
6551,81813,144100,0
6552,73276,42512,0
6553,28470,77420,0
6554,130514,43429,0
6555,118270,141195,0
6556,145558,20174,0
6557,58801,148553,0
6558,6390,24286,0
6559,91756,36132,0
6560,56951,83747,0
6561,126328,152490,0
6562,38099,4384,0
6563,1749,42737,0
6564,121991,50352,0
6565,141275,86923,0
6566,117784,95189,0
6567,16833,142336,0
6568,93196,87325,0
6569,136061,37526,0
6570,30035,58638,0
6571,144474,116600,0
6572,132137,94646,0
6573,7391,150983,0
6574,19085,110869,0
6575,48844,66256,0
6576,70897,85525,0
6577,55991,130901,0
6578,119684,87344,0
6579,109001,93203,0
6580,140955,83976,0
6581,86513,8857,0
6582,114983,117323,0
6583,131480,16889,0
6584,44275,79875,0
6585,97848,40297,0
6586,113425,129991,0
6587,99967,685,0
6588,84071,48086,0
6589,149278,126986,0
6590,154992,4813,0
6591,137407,114766,0
6592,31524,39370,0
6593,126287,88551,0
6594,86498,72396,0
6595,13878,37709,0
6596,149581,79262,0
6597,40560,9877,0
6598,101365,80089,0
6599,67040,60375,0
6600,30182,83149,0
6601,114041,151461,0
6602,7896,101673,0
6603,59928,42440,0
6604,26119,72090,0
6605,111365,19499,0
6606,46977,83698,0
6607,118224,48876,0
6608,65384,9465,0
6609,48780,106389,0
6610,50039,8573,0
6611,92208,89927,0
6612,126983,34656,0
6613,17064,49873,0
6614,38370,104277,0
6615,116946,112277,0
6616,105551,22055,0
6617,134211,110746,0
6618,26154,104981,0
6619,106539,27288,0
6620,121331,129322,0
6621,93708,55314,0
6622,94729,78937,0
6623,16142,6333,0
6624,41466,6105,0
6625,21110,100455,0
6626,51020,1925,0
6627,120500,48007,0
6628,80504,44462,0
6629,148348,39219,0
6630,90152,88182,0
6631,8712,78305,0
6632,130861,52812,0
6633,123832,34318,0
6634,81058,97280,0
6635,74913,121905,0
6636,110009,42626,0
6637,119331,116715,0
6638,27047,27884,0
6639,86395,45231,0
6640,17167,136444,0
6641,87500,26632,0
6642,72229,79483,0
6643,91037,3827,0
6644,18480,60351,0
6645,18677,120817,0
6646,116784,13749,0
6647,92054,137179,0
6648,110046,26679,0
6649,71381,61140,0
6650,87400,109889,0
6651,27433,42728,0
6652,142968,78305,0
6653,4549,49376,0
6654,53943,26996,0
6655,48275,27635,0
6656,122351,56496,0
6657,22297,101828,0
6658,132558,154794,0
6659,55290,11315,0
6660,134726,110258,0
6661,39830,84988,0
6662,153435,104945,0
6663,62344,125442,0
6664,94281,125125,0
6665,26788,28688,0
6666,29311,51656,0
6667,111275,47801,0
6668,86327,121012,0
6669,48508,111008,0
6670,10919,109518,0
6671,13506,22832,0
6672,4758,109650,0
6673,92016,91682,0
6674,83370,74492,0
6675,99241,45932,0
6676,154295,82122,0
6677,44355,40903,0
6678,143110,68161,0
6679,88237,85366,0
6680,16614,108334,0
6681,36682,101239,0
6682,7557,6043,0
6683,54894,112393,0
6684,49001,50948,0
6685,57177,88271,0
6686,14726,101426,0
6687,63873,50462,0
6688,78315,130416,0
6689,105313,9569,0
6690,13649,92157,0
6691,62884,126628,0
6692,3255,96406,0
6693,67508,36750,0
6694,24434,5380,0
6695,48997,107806,0
6696,79927,61886,0
6697,89131,143346,0
6698,140150,61069,0
6699,33777,126161,0
6700,7835,125313,0
6701,70266,24604,0
6702,86719,4304,0
6703,33677,104273,0
6704,24690,44740,0
6705,59599,5950,0
6706,33556,126482,0
6707,85060,144155,0
6708,133313,135813,0
6709,34827,105360,0
6710,50250,154846,0
6711,67654,143635,0
6712,34793,132751,0
6713,108210,75880,0
6714,65490,35310,0
6715,105377,87060,0
6716,65706,116703,0
6717,101677,85796,0
6718,100841,30092,0
6719,128693,54076,0
6720,145572,71950,0
6721,137015,123626,0
6722,6996,2965,0
6723,24414,151164,0
6724,23842,81348,0
6725,35365,3357,0
6726,81947,51838,0
6727,69805,7869,0
6728,82249,141996,0
6729,148900,100083,0
6730,42589,108672,0
6731,115500,155193,0
6732,141234,13813,0
6733,27908,79807,0
6734,64490,31746,0
6735,45835,134624,0
6736,146664,122218,0
6737,38098,22488,0
6738,7553,47065,0
6739,7628,139755,0
6740,18635,55934,0
6741,120022,108987,0
6742,145174,84780,0
6743,37202,121540,0
6744,12456,102789,0
6745,10520,108130,0
6746,23544,65008,0
6747,140838,39125,0
6748,47366,99494,0
6749,34787,122887,0
6750,48676,21807,0
6751,66160,139240,0
6752,59883,45186,0
6753,52602,81870,0
6754,61455,74130,0
6755,111041,152118,0
6756,38456,124385,0
6757,137400,13481,0
6758,129113,131408,0
6759,32649,7725,0
6760,35199,107732,0
6761,139875,127763,0
6762,86883,118600,0
6763,64819,23230,0
6764,1473,126137,0
6765,39539,152774,0
6766,118849,62108,0
6767,8265,82460,0
6768,79972,82080,0
6769,24941,43823,0
6770,33500,57455,0
6771,32777,107379,0
6772,76764,54438,0
6773,117727,16867,0
6774,114457,123897,0
6775,58090,136140,0
6776,102937,71821,0
6777,35604,8583,0
6778,61979,18521,0
6779,23242,25615,0
6780,5228,13192,0
6781,57081,133158,0
6782,28981,72249,0
6783,127466,116094,0
6784,90178,145785,0
6785,84975,92385,0
6786,142584,114889,0
6787,14913,44564,0
6788,37076,14535,0
6789,60306,69490,0
6790,130455,9355,0
6791,113165,71886,0
6792,77748,58633,0
6793,62678,64772,0
6794,76339,64639,0
6795,70333,12582,0
6796,14515,15190,0
6797,41394,144427,0
6798,54302,22539,0
6799,83722,129685,0
6800,121926,25685,0
6801,90619,107413,0
6802,147810,147207,0
6803,8008,46978,0
6804,44700,52563,0
6805,35860,11204,0
6806,148505,22002,0
6807,32357,55065,0
6808,22365,84400,0
6809,115067,46895,0
6810,12548,134649,0
6811,68462,127182,0
6812,78029,61085,0
6813,49149,56302,0
6814,66406,93845,0
6815,96378,121920,0
6816,42155,59136,0
6817,13185,148298,0
6818,45444,123964,0
6819,124530,17471,0
6820,92364,32852,0
6821,68058,13226,0
6822,4115,17763,0
6823,64998,90057,0
6824,27779,68646,0
6825,113166,62802,0
6826,75411,112810,0
6827,84907,37986,0
6828,26552,79688,0
6829,149271,143187,0
6830,58123,64362,0
6831,54501,25535,0
6832,58428,95051,0
6833,98951,94275,0
6834,63524,76127,0
6835,144129,82184,0
6836,146224,37627,0
6837,41747,132872,0
6838,765,110574,0
6839,99726,36948,0
6840,96722,22392,0
6841,153639,110297,0
6842,152825,29377,0
6843,124344,21216,0
6844,39397,8020,0
6845,48724,49258,0
6846,99262,1769,0
6847,97008,20793,0
6848,105713,125990,0
6849,119490,118896,0
6850,102842,64781,0
6851,87235,108854,0
6852,42034,82309,0
6853,118481,14149,0
6854,63757,140033,0
6855,59898,85219,0
6856,109887,132279,0
6857,86735,151978,0
6858,2728,143080,0
6859,33755,79222,0
6860,69437,39793,0
6861,37130,35289,0
6862,101815,15071,0
6863,38193,147935,0
6864,150059,50870,0
6865,139908,59014,0
6866,147843,39977,0
6867,120056,423,0
6868,101654,22780,0
6869,31747,149647,0
6870,109851,68443,0
6871,11263,49270,0
6872,95096,81177,0
6873,137389,85774,0
6874,61286,115495,0
6875,125509,23800,0
6876,82931,6253,0
6877,32991,115484,0
6878,71609,29398,0
6879,15556,91472,0
6880,88289,154579,0
6881,95744,56230,0
6882,130994,72073,0
6883,121919,48528,0
6884,118655,117012,0
6885,96598,89354,0
6886,118112,39836,0
6887,95802,68045,0
6888,11533,25668,0
6889,138879,139756,0
6890,63172,12957,0
6891,60316,140861,0
6892,48455,86735,0
6893,10515,83736,0
6894,94749,138051,0
6895,127417,10979,0
6896,97358,100163,0
6897,95456,149505,0
6898,125241,105094,0
6899,58602,113884,0
6900,2702,39241,0
6901,53387,108727,0
6902,54796,35034,0
6903,140441,106543,0
6904,41727,109448,0
6905,104282,15831,0
6906,21998,95980,0
6907,71674,101396,0
6908,39378,63407,0
6909,62697,111061,0
6910,108106,68331,0
6911,60073,124732,0
6912,130760,136446,0
6913,135375,74037,0
6914,149128,78194,0
6915,73848,77870,0
6916,115182,27379,0
6917,57156,23462,0
6918,110186,73955,0
6919,116825,30813,0
6920,112058,86278,0
6921,82651,34567,0
6922,112205,129172,0
6923,119616,8239,0
6924,35483,67892,0
6925,14056,100959,0
6926,91595,34171,0
6927,4566,139686,0
6928,41443,47844,0
6929,155089,149070,0
6930,33226,17905,0
6931,69866,27326,0
6932,104203,2568,0
6933,86349,100909,0
6934,96689,95080,0
6935,150995,63790,0
6936,144185,76432,0
6937,108244,86921,0
6938,76293,60830,0
6939,26298,78396,0
6940,1160,73708,0
6941,91460,145570,0
6942,88977,96603,0
6943,62185,151805,0
6944,7314,90641,0
6945,74536,132547,0
6946,25737,136484,0
6947,143110,59188,0
6948,129285,6029,0
6949,70716,133259,0
6950,128036,71818,0
6951,27863,137645,0
6952,111275,15250,0
6953,15015,18831,0
6954,150324,76338,0
6955,133553,151599,0
6956,15648,6891,0
6957,62266,151368,0
6958,101485,3417,0
6959,113518,11608,0
6960,1288,37769,0
6961,102656,79029,0
6962,32755,134477,0
6963,64151,4082,0
6964,117057,46468,0
6965,25437,112606,0
6966,64137,18042,0
6967,50497,76267,0
6968,57244,89133,0
6969,12212,84017,0
6970,126027,5349,0
6971,16686,54992,0
6972,39693,4910,0
6973,69496,105179,0
6974,151843,2298,0
6975,46587,100888,0
6976,14945,27469,0
6977,79722,40503,0
6978,47654,78409,0
6979,82574,28405,0
6980,138764,97762,0
6981,16034,17148,0
6982,88082,16009,0
6983,16228,109834,0
6984,12335,123794,0
6985,323,2395,0
6986,68655,103834,0
6987,122636,126683,0
6988,136229,149037,0
6989,143906,140361,0
6990,146276,20337,0
6991,93487,78717,0
6992,25857,3265,0
6993,26769,29112,0
6994,111377,100644,0
6995,127402,113496,0
6996,60894,20485,0
6997,28397,81619,0
6998,27956,112471,0
6999,96508,1334,0
7000,4839,112088,0
7001,100422,99642,0
7002,113724,155190,0
7003,81768,107676,0
7004,107779,62922,0
7005,34303,87514,0
7006,66658,80924,0
7007,148567,11891,0
7008,83687,118508,0
7009,107134,4251,0
7010,15349,12336,0
7011,149668,120685,0
7012,21696,46581,0
7013,140067,96027,0
7014,18489,25897,0
7015,56314,97291,0
7016,124115,44345,0
7017,5167,105078,0
7018,125012,39442,0
7019,100872,144970,0
7020,123841,42165,0
7021,143006,103887,0
7022,57613,152887,0
7023,31469,128208,0
7024,75546,21414,0
7025,24664,130615,0
7026,42834,122348,0
7027,76014,74442,0
7028,111027,103355,0
7029,97659,20204,0
7030,109397,81751,0
7031,100288,119982,0
7032,18127,124316,0
7033,106799,123722,0
7034,84154,15134,0
7035,66037,2886,0
7036,87500,27504,0
7037,136958,63519,0
7038,65198,122152,0
7039,32900,151374,0
7040,122026,114473,0
7041,108761,89777,0
7042,5409,82717,0
7043,1081,5043,0
7044,61013,133132,0
7045,83540,97340,0
7046,1838,60373,0
7047,125058,106802,0
7048,121537,148360,0
7049,14704,103845,0
7050,24291,112842,0
7051,1380,132246,0
7052,71621,44440,0
7053,39432,63614,0
7054,136949,118319,0
7055,63612,139337,0
7056,31599,49004,0
7057,41677,139722,0
7058,120990,96392,0
7059,137196,124478,0
7060,148362,2757,0
7061,128831,95855,0
7062,53025,37555,0
7063,89780,72624,0
7064,10053,93129,0
7065,103483,89704,0
7066,130643,100204,0
7067,18857,12486,0
7068,45590,105880,0
7069,102591,23679,0
7070,29698,85847,0
7071,131494,99625,0
7072,16359,98733,0
7073,96995,20530,0
7074,63196,13051,0
7075,14541,96646,0
7076,122382,57739,0
7077,55175,50273,0
7078,126189,54097,0
7079,64761,94199,0
7080,114852,130296,0
7081,68702,55040,0
7082,29425,138022,0
7083,97591,114822,0
7084,40018,4642,0
7085,84555,117693,0
7086,19486,17771,0
7087,128597,47039,0
7088,9531,23837,0
7089,14965,121910,0
7090,14160,96784,0
7091,143690,8896,0
7092,1432,93778,0
7093,69076,67410,0
7094,110014,135715,0
7095,154557,76784,0
7096,86612,38320,0
7097,70731,93067,0
7098,137550,16733,0
7099,50840,2601,0
7100,88787,31074,0
7101,65667,45160,0
7102,127639,633,0
7103,138973,114337,0
7104,24094,27544,0
7105,16641,30317,0
7106,39175,134178,0
7107,107545,83555,0
7108,18394,92710,0
7109,132494,66647,0
7110,63159,135644,0
7111,92350,43955,0
7112,92835,48693,0
7113,76162,81870,0
7114,116851,119986,0
7115,54319,132468,0
7116,116722,56887,0
7117,128467,84823,0
7118,41548,90924,0
7119,42303,78209,0
7120,46139,109554,0
7121,12267,120179,0
7122,118509,108918,0
7123,102836,34909,0
7124,20365,109320,0
7125,121597,130852,0
7126,26227,8341,0
7127,139151,92934,0
7128,31623,112872,0
7129,931,117190,0
7130,74739,47474,0
7131,153925,76008,0
7132,98253,141508,0
7133,37705,80003,0
7134,18461,109055,0
7135,51697,9315,0
7136,25130,68209,0
7137,154734,121380,0
7138,27852,125136,0
7139,9221,13727,0
7140,80498,46111,0
7141,18960,92468,0
7142,74246,27758,0
7143,134887,123815,0
7144,93705,38066,0
7145,2642,26402,0
7146,145528,17444,0
7147,140469,85806,0
7148,147622,40610,0
7149,151601,51477,0
7150,20606,120875,0
7151,95900,69406,0
7152,58392,52872,0
7153,94369,50217,0
7154,113448,146887,0
7155,4761,97501,0
7156,16094,28333,0
7157,93330,60301,0
7158,13046,34192,0
7159,115674,30081,0
7160,97579,48700,0
7161,133392,129188,0
7162,131185,31724,0
7163,16456,116516,0
7164,59899,126524,0
7165,116492,145415,0
7166,99670,89839,0
7167,44355,3289,0
7168,101958,100128,0
7169,91599,28509,0
7170,134676,122917,0
7171,150413,98251,0
7172,91942,102008,0
7173,115584,95443,0
7174,89497,151203,0
7175,119934,130173,0
7176,36693,104061,0
7177,41677,30485,0
7178,122611,154805,0
7179,117717,76994,0
7180,69757,6358,0
7181,102973,95589,0
7182,12917,37851,0
7183,149082,23840,0
7184,135447,117812,0
7185,141531,95287,0
7186,35698,12757,0
7187,146382,28249,0
7188,4591,32285,0
7189,103025,3337,0
7190,150309,9431,0
7191,62077,23979,0
7192,105519,133217,0
7193,71777,1886,0
7194,145808,94195,0
7195,44226,38849,0
7196,84676,121286,0
7197,92024,37668,0
7198,75013,113837,0
7199,65913,74590,0
7200,109161,143956,0
7201,66623,10022,0
7202,76731,139109,0
7203,45096,99431,0
7204,44704,54842,0
7205,73097,133822,0
7206,54226,67306,0
7207,147849,63500,0
7208,107135,53660,0
7209,35100,146496,0
7210,56638,102863,0
7211,56711,62996,0
7212,134361,151388,0
7213,118009,22551,0
7214,118751,94904,0
7215,47398,58100,0
7216,38946,110289,0
7217,75558,60548,0
7218,119880,135357,0
7219,8889,8633,0
7220,24086,104353,0
7221,126060,56467,0
7222,19639,143132,0
7223,45897,59123,0
7224,97880,3113,0
7225,125097,118741,0
7226,27709,119031,0
7227,46373,90962,0
7228,4625,88453,0
7229,121161,114466,0
7230,128456,6015,0
7231,114886,670,0
7232,10925,47058,0
7233,79185,148603,0
7234,102963,112152,0
7235,39084,107769,0
7236,129015,37517,0
7237,74740,145766,0
7238,102512,56702,0
7239,44266,97982,0
7240,140453,87259,0
7241,30553,130046,0
7242,100093,128733,0
7243,19726,25980,0
7244,94238,130419,0
7245,118287,99799,0
7246,109809,105233,0
7247,51209,7232,0
7248,61595,81177,0
7249,34195,39696,0
7250,51346,74016,0
7251,76206,55385,0
7252,139951,77911,0
7253,26056,152630,0
7254,152295,56950,0
7255,88739,106194,0
7256,55922,142828,0
7257,7877,134343,0
7258,27849,37449,0
7259,66147,137786,0
7260,30615,141482,0
7261,6099,121248,0
7262,95431,126493,0
7263,68261,75173,0
7264,60052,119742,0
7265,34155,67873,0
7266,131274,33408,0
7267,75415,13108,0
7268,114116,145892,0
7269,120470,73357,0
7270,118638,115525,0
7271,129461,54944,0
7272,52271,155174,0
7273,111648,89778,0
7274,48970,41160,0
7275,94192,142420,0
7276,19892,2522,0
7277,133955,147957,0
7278,19886,17857,0
7279,18919,61446,0
7280,10020,102221,0
7281,112449,115572,0
7282,28554,90034,0
7283,96297,104241,0
7284,47826,115491,0
7285,109407,25606,0
7286,8911,18239,0
7287,55841,29791,0
7288,133342,92676,0
7289,91036,121306,0
7290,69158,1640,0
7291,1811,55907,0
7292,70823,109037,0
7293,129147,62563,0
7294,20280,13752,0
7295,13326,75905,0
7296,7668,63190,0
7297,21694,87992,0
7298,97747,145121,0
7299,127636,117306,0
7300,89110,123668,0
7301,95212,82242,0
7302,15159,42629,0
7303,72446,19976,0
7304,102993,58465,0
7305,28348,153434,0
7306,19695,114242,0
7307,110764,92713,0
7308,137306,125395,0
7309,37711,78853,0
7310,17958,13422,0
7311,68757,29811,0
7312,154389,83749,0
7313,71590,64610,0
7314,28752,134314,0
7315,15950,146746,0
7316,65573,74281,0
7317,105448,10305,0
7318,78572,112509,0
7319,92575,96284,0
7320,104139,40082,0
7321,38021,99104,0
7322,66421,133352,0
7323,128866,73018,0
7324,154508,18441,0
7325,123199,148019,0
7326,17778,123557,0
7327,152768,65834,0
7328,86949,91876,0
7329,78615,62828,0
7330,6359,104291,0
7331,33476,28784,0
7332,68548,136005,0
7333,42960,140744,0
7334,36988,6512,0
7335,56707,57157,0
7336,85583,123338,0
7337,151337,69439,0
7338,135344,23763,0
7339,36548,34516,0
7340,76900,129213,0
7341,34825,10254,0
7342,95390,54665,0
7343,135038,23522,0
7344,50964,66713,0
7345,118631,141550,0
7346,16785,87708,0
7347,80325,151368,0
7348,137502,86087,0
7349,149532,17819,0
7350,55890,44622,0
7351,97515,32680,0
7352,113556,142993,0
7353,57033,23596,0
7354,138523,50113,0
7355,18517,86217,0
7356,45763,109668,0
7357,8128,42514,0
7358,35239,42826,0
7359,137737,68999,0
7360,135127,1544,0
7361,85615,45577,0
7362,82726,52328,0
7363,131930,65326,0
7364,38970,64937,0
7365,98754,30246,0
7366,4748,1994,0
7367,86570,54313,0
7368,146410,82028,0
7369,36122,82186,0
7370,107578,62175,0
7371,76351,130162,0
7372,108232,66287,0
7373,44165,39815,0
7374,20413,77737,0
7375,153047,67034,0
7376,13034,63380,0
7377,135933,22732,0
7378,12514,5442,0
7379,107117,136449,0
7380,71578,114357,0
7381,41903,10848,0
7382,69267,97456,0
7383,29926,9356,0
7384,108980,121506,0
7385,23796,127349,0
7386,58208,1535,0
7387,104659,69769,0
7388,43508,43268,0
7389,130859,147023,0
7390,49820,19930,0
7391,85254,101968,0
7392,146001,120943,0
7393,155128,1787,0
7394,113104,105575,0
7395,51872,106505,0
7396,138328,94370,0
7397,54845,64642,0
7398,135473,45495,0
7399,47821,73490,0
7400,82873,95217,0
7401,122099,83296,0
7402,136438,65144,0
7403,33365,139505,0
7404,97492,36518,0
7405,146174,55987,0
7406,57265,2251,0
7407,55182,87214,0
7408,99482,120989,0
7409,146882,52386,0
7410,112511,31907,0
7411,121495,81979,0
7412,81401,123244,0
7413,68878,91101,0
7414,5164,2814,0
7415,72372,23144,0
7416,121203,36784,0
7417,114454,62272,0
7418,113844,150228,0
7419,118453,88158,0
7420,116379,84920,0
7421,33224,59764,0
7422,61062,9008,0
7423,148627,102767,0
7424,154303,118298,0
7425,119333,76545,0
7426,94509,91738,0
7427,137344,103333,0
7428,108226,43389,0
7429,82784,150218,0
7430,145237,137016,0
7431,148595,78866,0
7432,23318,62512,0
7433,110526,14707,0
7434,114931,25834,0
7435,86362,126156,0
7436,58406,37061,0
7437,109406,145043,0
7438,113711,26815,0
7439,132406,122200,0
7440,61442,17282,0
7441,130477,99474,0
7442,63543,122313,0
7443,2115,126925,0
7444,148290,88791,0
7445,101157,10493,0
7446,114835,99755,0
7447,113994,87276,0
7448,25705,78711,0
7449,30323,78193,0
7450,143885,23938,0
7451,20904,115572,0
7452,103103,107518,0
7453,9114,1824,0
7454,72657,1850,0
7455,108116,105926,0
7456,109758,31671,0
7457,81679,34470,0
7458,27502,56403,0
7459,63634,126550,0
7460,106366,28995,0
7461,27913,10807,0
7462,6084,23646,0
7463,152176,35714,0
7464,149111,19316,0
7465,38386,9124,0
7466,30315,68956,0
7467,89755,44979,0
7468,95289,126200,0
7469,20823,90884,0
7470,4632,23597,0
7471,59415,149945,0
7472,120645,18841,0
7473,139729,106789,0
7474,21535,137098,0
7475,140942,24590,0
7476,110751,26778,0
7477,47073,131246,0
7478,26561,46775,0
7479,132088,88867,0
7480,64976,126421,0
7481,94626,78447,0
7482,73381,113544,0
7483,133518,50027,0
7484,99308,30167,0
7485,49756,61059,0
7486,39809,24403,0
7487,45220,25884,0
7488,125419,57970,0
7489,143122,96066,0
7490,52981,91617,0
7491,30295,134746,0
7492,44028,95194,0
7493,74707,117672,0
7494,70783,83542,0
7495,33049,69847,0
7496,109194,100192,0
7497,61431,15175,0
7498,145739,100056,0
7499,6570,56961,0
7500,37488,145272,0
7501,153661,10471,0
7502,95565,108685,0
7503,44934,23771,0
7504,150121,51243,0
7505,42730,85231,0
7506,43721,123434,0
7507,15915,136381,0
7508,115437,212,0
7509,46745,155060,0
7510,107286,88962,0
7511,121947,80585,0
7512,114149,85327,0
7513,107967,20148,0
7514,12228,113583,0
7515,84499,21994,0
7516,59276,84699,0
7517,13978,18409,0
7518,38051,146354,0
7519,154320,93261,0
7520,143291,123003,0
7521,99879,107054,0
7522,98145,108991,0
7523,135390,142183,0
7524,103632,7525,0
7525,17887,9297,0
7526,35022,33193,0
7527,37117,35516,0
7528,44964,55828,0
7529,111468,25154,0
7530,143541,20575,0
7531,45144,53252,0
7532,462,145614,0
7533,50621,27616,0
7534,105061,57557,0
7535,88969,143880,0
7536,54180,20489,0
7537,51127,66517,0
7538,114451,53497,0
7539,64683,104650,0
7540,130653,4251,0
7541,94707,61615,0
7542,101042,63609,0
7543,43045,71500,0
7544,146646,42732,0
7545,115670,101149,0
7546,59928,47787,0
7547,68777,134674,0
7548,147479,9928,0
7549,47769,79699,0
7550,51338,106234,0
7551,106120,3901,0
7552,47057,81607,0
7553,62623,100255,0
7554,59890,80979,0
7555,71240,108228,0
7556,58234,67138,0
7557,94705,121972,0
7558,72852,151245,0
7559,142327,137709,0
7560,68988,141893,0
7561,18202,126321,0
7562,141171,46437,0
7563,124071,148846,0
7564,89562,66292,0
7565,148228,70491,0
7566,80055,128619,0
7567,154919,15657,0
7568,16338,51854,0
7569,58265,118382,0
7570,45629,107801,0
7571,125867,45863,0
7572,136828,46580,0
7573,118510,151949,0
7574,92276,82586,0
7575,92390,87595,0
7576,58630,1706,0
7577,92702,86381,0
7578,122435,13768,0
7579,70336,144843,0
7580,40739,49544,0
7581,46574,6102,0
7582,143427,97737,0
7583,150702,66886,0
7584,52654,141773,0
7585,56949,137945,0
7586,21023,141841,0
7587,77125,57434,0
7588,70147,46544,0
7589,78360,71329,0
7590,24241,109940,0
7591,114207,155065,0
7592,109964,31750,0
7593,81418,117327,0
7594,104464,89704,0
7595,120958,31677,0
7596,151273,5368,0
7597,67226,49016,0
7598,73848,22395,0
7599,19264,40255,0
7600,92604,127573,0
7601,49859,106110,0
7602,69465,55044,0
7603,34582,2668,0
7604,97327,148215,0
7605,142012,89505,0
7606,3195,80787,0
7607,149387,75774,0
7608,28793,127595,0
7609,107163,136970,0
7610,21145,126614,0
7611,94810,137443,0
7612,89645,61268,0
7613,152580,29492,0
7614,131880,121934,0
7615,64534,56987,0
