,nodeid1,nodeid2,label
0,39992,41456,0
1,138044,85481,0
2,35551,89514,0
3,130873,83040,0
4,87303,53017,0
5,113629,9800,0
6,16092,133160,0
7,133577,99175,0
8,131716,51046,0
9,132381,5113,0
10,134012,3006,0
11,77460,20907,0
12,145493,4061,0
13,67152,4303,0
14,116943,80006,0
15,133369,60422,0
16,85165,98058,0
17,145378,56668,0
18,126823,101684,0
19,71114,33332,0
20,1005,43737,0
21,91982,78546,0
22,35707,111732,0
23,128316,130173,0
24,45353,8318,0
25,51722,80370,0
26,17408,122489,0
27,129621,107957,0
28,1072,36228,0
29,127974,116744,0
30,39823,58043,0
31,43860,120165,0
32,87828,152770,0
33,14823,52316,0
34,107114,24907,0
35,100223,142653,0
36,73802,69389,0
37,86683,100199,0
38,127328,9618,0
39,25109,83475,0
40,105278,62446,0
41,82393,64706,0
42,90461,91880,0
43,33582,32301,0
44,41044,62987,0
45,111248,129523,0
46,124069,91193,0
47,89641,63149,0
48,60713,26438,0
49,43756,62828,0
50,8882,152632,0
51,114923,130477,0
52,50492,89527,0
53,5177,126584,0
54,27972,74957,0
55,17678,133163,0
56,98681,79233,0
57,975,74347,0
58,85133,46810,0
59,74569,99557,0
60,78537,109955,0
61,75271,120443,0
62,26057,6571,0
63,139137,4035,0
64,113530,31048,0
65,104705,74626,0
66,115067,147021,0
67,115210,28208,0
68,70392,28236,0
69,128237,12632,0
70,66618,77285,0
71,26258,130919,0
72,7290,150448,0
73,148577,35414,0
74,135358,17192,0
75,72229,65201,0
76,5733,143917,0
77,44679,20648,0
78,26130,110879,0
79,151603,67172,0
80,43885,70267,0
81,61442,124346,0
82,121560,71054,0
83,111198,79132,0
84,136570,143617,0
85,9531,88699,0
86,147101,57157,0
87,146434,87230,0
88,96345,123062,0
89,33375,66711,0
90,41006,80679,0
91,144174,10245,0
92,8377,42342,0
93,76794,106426,0
94,16932,24178,0
95,155085,15779,0
96,112521,95669,0
97,30707,55433,0
98,70185,45610,0
99,134726,76592,0
100,72023,98200,0
101,1870,65981,0
102,33593,103180,0
103,51183,96622,0
104,107828,68930,0
105,97816,141421,0
106,115031,93695,0
107,133688,45003,0
108,91457,129871,0
109,85762,71700,0
110,110734,114763,0
111,20007,28010,0
112,68548,128816,0
113,98429,78485,0
114,29546,16096,0
115,106347,4375,0
116,5362,24963,0
117,107847,96370,0
118,90425,60030,0
119,75780,96889,0
120,99191,45810,0
121,20277,145167,0
122,35366,89894,0
123,126006,92132,0
124,95313,75085,0
125,64228,87307,0
126,10370,42846,0
127,74615,36619,0
128,24051,106476,0
129,17221,4577,0
130,74452,82699,0
131,17243,109701,0
132,109781,58038,0
133,110923,6769,0
134,111772,103476,0
135,93791,106332,0
136,10515,121858,0
137,16459,58569,0
138,32117,81898,0
139,69937,72458,0
140,40112,99992,0
141,6938,111878,0
142,11341,154493,0
143,96738,85211,0
144,154360,110617,0
145,5187,42839,0
146,119046,51476,0
147,120246,122176,0
148,39108,150235,0
149,28814,9062,0
150,146771,42847,0
151,8766,115631,0
152,134187,82404,0
153,141766,93718,0
154,103818,54311,0
155,23818,40701,0
156,14834,23156,0
157,98949,8755,0
158,52166,133554,0
159,82256,76878,0
160,68058,126009,0
161,6429,31309,0
162,108869,125198,0
163,154961,128602,0
164,110085,117854,0
165,135092,104249,0
166,63298,149306,0
167,135050,40921,0
168,14274,31423,0
169,3153,77803,0
170,83238,73317,0
171,118067,107221,0
172,33100,82716,0
173,12195,73709,0
174,59100,45503,0
175,9721,67290,0
176,30698,104663,0
177,81275,1234,0
178,119073,48624,0
179,72095,132029,0
180,6402,59794,0
181,35140,31082,0
182,128256,31576,0
183,86419,86837,0
184,38319,136716,0
185,74229,29276,0
186,105717,106791,0
187,114911,40274,0
188,108056,13998,0
189,125424,55822,0
190,154302,152965,0
191,23392,108678,0
192,24623,117170,0
193,56272,101388,0
194,143708,28983,0
195,19185,41917,0
196,88041,68334,0
197,141972,19027,0
198,48085,102312,0
199,107097,17015,0
200,53394,88449,0
201,11627,6621,0
202,30004,32749,0
203,93220,44428,0
204,137342,142414,0
205,19480,42341,0
206,46405,148468,0
207,56170,101080,0
208,64073,75859,0
209,54121,61689,0
210,151856,113687,0
211,57158,122043,0
212,100145,153622,0
213,819,87508,0
214,60661,61755,0
215,131562,154933,0
216,144305,40101,0
217,56242,19724,0
218,75427,94835,0
219,64480,25913,0
220,116731,65939,0
221,87752,74336,0
222,71074,49232,0
223,22353,77860,0
224,2489,117814,0
225,21446,81206,0
226,120258,153102,0
227,83908,19538,0
228,29848,122576,0
229,104108,51478,0
230,115396,139939,0
231,76049,99856,0
232,28453,134052,0
233,23846,71985,0
234,70248,83142,0
235,38931,106588,0
236,142359,43842,0
237,117635,40906,0
238,108865,4616,0
239,5908,9137,0
240,54915,154711,0
241,103228,44955,0
242,69325,22053,0
243,52790,98976,0
244,26641,95186,0
245,116217,61952,0
246,68174,98663,0
247,107346,129009,0
248,77451,94860,0
249,131216,29650,0
250,72788,124689,0
251,102241,114791,0
252,127013,57486,0
253,66509,85774,0
254,136787,64483,0
255,131296,66044,0
256,118509,133751,0
257,70270,92152,0
258,35976,30912,0
259,118860,45523,0
260,3070,139350,0
261,127930,14426,0
262,91146,103466,0
263,113727,115085,0
264,124665,2842,0
265,51311,19074,0
266,122792,14545,0
267,46986,111498,0
268,22301,38845,0
269,48368,136324,0
270,4393,134240,0
271,108562,6024,0
272,86137,1164,0
273,20522,46307,0
274,84710,89146,0
275,131986,14382,0
276,120683,94007,0
277,39107,135905,0
278,72503,39605,0
279,9963,72191,0
280,73097,81818,0
281,44573,95088,0
282,71284,45408,0
283,89145,104763,0
284,32335,36379,0
285,108950,103258,0
286,60929,149863,0
287,25890,60400,0
288,80722,18485,0
289,50477,149999,0
290,109267,39169,0
291,95570,69161,0
292,121000,33924,0
293,82314,91957,0
294,115801,94286,0
295,60473,23629,0
296,47089,134178,0
297,9142,128619,0
298,124230,76313,0
299,114866,110079,0
300,8775,115714,0
301,90650,94577,0
302,125076,144678,0
303,2076,68384,0
304,133295,135504,0
305,121262,134266,0
306,76576,73253,0
307,69767,45083,0
308,77665,19424,0
309,58667,46234,0
310,77126,112349,0
311,64637,23202,0
312,68123,146475,0
313,129694,22011,0
314,137286,6899,0
315,147282,88011,0
316,135050,102380,0
317,16454,11388,0
318,97114,121314,0
319,143183,120238,0
320,33919,31961,0
321,19971,125358,0
322,5573,3606,0
323,92275,123508,0
324,21889,50707,0
325,87266,30951,0
326,17467,131568,0
327,35890,128349,0
328,115119,102812,0
329,40033,141903,0
330,37226,130534,0
331,110752,149753,0
332,12988,30851,0
333,114007,100094,0
334,21495,104094,0
335,42926,60459,0
336,121781,120404,0
337,103022,152937,0
338,1614,78880,0
339,66359,93790,0
340,152693,151770,0
341,128990,50759,0
342,619,82719,0
343,84865,72828,0
344,9134,87732,0
345,131066,146116,0
346,97468,46684,0
347,78000,148215,0
348,63705,56484,0
349,52818,57205,0
350,137507,35276,0
351,53900,58409,0
352,50126,144104,0
353,33919,96113,0
354,28184,138952,0
355,40661,42729,0
356,147285,52677,0
357,85886,140520,0
358,71070,82055,0
359,103684,87348,0
360,75708,114944,0
361,94630,148355,0
362,81107,154699,0
363,110363,7442,0
364,132632,28888,0
365,145717,134622,0
366,18440,84944,0
367,86999,55857,0
368,24577,66752,0
369,38898,2624,0
370,13011,116099,0
371,153656,66767,0
372,108360,42603,0
373,16686,138719,0
374,27256,33363,0
375,117659,54733,0
376,97080,46157,0
377,109869,50446,0
378,102354,138325,0
379,131266,16149,0
380,55334,21400,0
381,75840,42307,0
382,63253,125719,0
383,95058,154687,0
384,27130,107124,0
385,43624,44597,0
386,80903,147594,0
387,146480,79824,0
388,65556,14749,0
389,111246,24900,0
390,22179,151078,0
391,137124,90426,0
392,25694,77569,0
393,146839,38636,0
394,120608,31397,0
395,91164,121129,0
396,151445,142536,0
397,131782,67392,0
398,148654,31475,0
399,73811,39970,0
400,144911,122339,0
401,3928,139556,0
402,76941,131840,0
403,75968,75078,0
404,98857,128425,0
405,2959,47271,0
406,44867,145117,0
407,142158,39661,0
408,47510,69650,0
409,20667,152628,0
410,114579,104509,0
411,131498,147358,0
412,9816,155134,0
413,47312,99538,0
414,24069,80481,0
415,114748,70785,0
416,107243,4293,0
417,30154,91750,0
418,122762,101872,0
419,10275,106877,0
420,100066,23246,0
421,31772,110660,0
422,14728,79100,0
423,92315,63362,0
424,92547,23219,0
425,118644,136415,0
426,121439,110540,0
427,109524,103707,0
428,23573,95996,0
429,79064,55246,0
430,40569,98311,0
431,110929,31913,0
432,76925,65659,0
433,137547,66223,0
434,36334,20142,0
435,25717,109224,0
436,38421,143039,0
437,7991,106708,0
438,20845,47380,0
439,42274,27608,0
440,125080,43216,0
441,90629,137845,0
442,119582,81908,0
443,58664,114484,0
444,38796,23640,0
445,111397,55806,0
446,93872,52518,0
447,102901,124066,0
448,70885,38705,0
449,75292,41601,0
450,86023,153502,0
451,146439,56039,0
452,100149,93507,0
453,33819,102992,0
454,364,29215,0
455,55147,82787,0
456,106586,65129,0
457,7852,98117,0
458,60080,18153,0
459,132626,141155,0
460,33363,40568,0
461,51979,145640,0
462,112235,49457,0
463,152056,26627,0
464,102789,138080,0
465,26177,73462,0
466,144737,91819,0
467,147638,144176,0
468,138276,137993,0
469,117888,19369,0
470,110698,12477,0
471,26923,110119,0
472,142185,112089,0
473,27140,96197,0
474,2614,27563,0
475,27248,100858,0
476,26810,152742,0
477,17648,132329,0
478,47619,15019,0
479,118292,44379,0
480,152438,104318,0
481,26957,17154,0
482,85326,50790,0
483,67673,56681,0
484,132236,122516,0
485,58312,137856,0
486,63668,67535,0
487,86878,47093,0
488,47947,114843,0
489,162,110592,0
490,65034,132013,0
491,99592,16291,0
492,56088,154780,0
493,77442,90677,0
494,25096,52213,0
495,48667,52804,0
496,130185,130845,0
497,110798,60432,0
498,36515,50513,0
499,88086,11279,0
500,36434,133775,0
501,150107,87505,0
502,110767,43123,0
503,30903,128732,0
504,89336,65780,0
505,121930,140285,0
506,99850,108174,0
507,63054,30176,0
508,140733,11985,0
509,58782,149270,0
510,59274,52924,0
511,103525,20779,0
512,98116,57583,0
513,49225,116148,0
514,131042,100500,0
515,100353,86842,0
516,2109,18191,0
517,141765,38773,0
518,89515,51810,0
519,70058,133288,0
520,142479,111505,0
521,29160,81295,0
522,25100,78948,0
523,51313,63637,0
524,135143,6408,0
525,28074,67733,0
526,30372,116881,0
527,12380,93847,0
528,55222,149375,0
529,49694,6028,0
530,100032,109138,0
531,114175,77467,0
532,39544,137171,0
533,145759,46076,0
534,35052,150849,0
535,76455,27544,0
536,70923,2028,0
537,83353,150965,0
538,111783,22080,0
539,5168,16302,0
540,5462,19479,0
541,15148,141835,0
542,85641,35160,0
543,52173,89082,0
544,148707,146161,0
545,52080,9578,0
546,117324,76311,0
547,125152,61792,0
548,99074,22382,0
549,55441,142044,0
550,88216,47548,0
551,44444,68788,0
552,59736,123950,0
553,105512,87549,0
554,36255,115721,0
555,30174,73780,0
556,78379,122019,0
557,120254,121918,0
558,6631,22225,0
559,120899,96861,0
560,46346,26417,0
561,72931,28015,0
562,82905,76843,0
563,97887,119383,0
564,38018,125341,0
565,34173,64821,0
566,147673,20050,0
567,102511,51483,0
568,23033,15620,0
569,144174,141071,0
570,69240,56312,0
571,6032,105062,0
572,80221,126173,0
573,68221,132995,0
574,31686,139442,0
575,43943,12977,0
576,52411,21381,0
577,35348,152853,0
578,99172,75113,0
579,5565,47969,0
580,121769,33431,0
581,54308,2447,0
582,137518,100319,0
583,43078,100722,0
584,100991,76027,0
585,129999,109326,0
586,141531,76928,0
587,62237,141371,0
588,129332,80801,0
589,149181,95187,0
590,115114,52178,0
591,34216,43079,0
592,10782,25902,0
593,37808,58351,0
594,102017,28561,0
595,101201,65934,0
596,71407,97419,0
597,137198,13091,0
598,116840,17191,0
599,22263,33465,0
600,150994,101439,0
601,81059,130458,0
602,34961,42389,0
603,10925,104644,0
604,10561,13461,0
605,6246,115800,0
606,107444,5283,0
607,12703,133842,0
608,142847,93993,0
609,95494,139250,0
610,70713,73813,0
611,109590,35250,0
612,66695,19404,0
613,34699,83775,0
614,50751,115233,0
615,57159,109267,0
616,78533,105768,0
617,53709,69238,0
618,97736,56797,0
619,22473,129482,0
620,8532,35337,0
621,96667,24516,0
622,40480,29896,0
623,28910,139067,0
624,104349,68407,0
625,120264,6585,0
626,153122,28171,0
627,142685,83410,0
628,96451,78138,0
629,127165,96073,0
630,70780,108625,0
631,66050,76266,0
632,65463,131398,0
633,92030,11453,0
634,84157,1334,0
635,75862,114616,0
636,27155,77252,0
637,74348,3659,0
638,67667,148098,0
639,20808,11910,0
640,82154,82502,0
641,154388,19027,0
642,62615,78642,0
643,117792,125806,0
644,139783,130270,0
645,29371,97894,0
646,129439,148582,0
647,42246,121070,0
648,87036,131149,0
649,128422,88009,0
650,82071,59586,0
651,82088,104100,0
652,43348,61467,0
653,73162,19466,0
654,145615,112818,0
655,113053,60109,0
656,37245,28458,0
657,67925,29073,0
658,124684,38814,0
659,62199,148644,0
660,3190,147242,0
661,104409,31658,0
662,67129,33184,0
663,63456,87213,0
664,152683,37019,0
665,10262,27159,0
666,42550,138830,0
667,25992,9647,0
668,29063,119117,0
669,41865,150219,0
670,23221,116349,0
671,29758,151410,0
672,45794,114117,0
673,59098,105071,0
674,35134,53953,0
675,75946,105523,0
676,113335,19597,0
677,76704,104113,0
678,29036,140186,0
679,65073,103770,0
680,110434,52808,0
681,79819,82840,0
682,119368,147078,0
683,41251,141051,0
684,7420,51617,0
685,79384,55190,0
686,91711,11216,0
687,100048,63193,0
688,1966,145793,0
689,122724,59007,0
690,26577,51195,0
691,6734,8508,0
692,117563,57232,0
693,62103,90871,0
694,111353,114036,0
695,42956,52548,0
696,103930,63189,0
697,8002,45768,0
698,28198,74255,0
699,154448,81475,0
700,5393,73822,0
701,112064,25628,0
702,55219,21847,0
703,105915,36527,0
704,50163,30742,0
705,115809,135307,0
706,1407,98019,0
707,31647,49660,0
708,109794,152700,0
709,37121,100428,0
710,55456,149408,0
711,18713,150572,0
712,74670,37285,0
713,15485,153406,0
714,14145,62479,0
715,6666,60738,0
716,127241,146011,0
717,150791,135149,0
718,123950,107072,0
719,129010,80793,0
720,88804,123678,0
721,102490,56534,0
722,100320,39631,0
723,2434,92459,0
724,19771,148664,0
725,92347,52025,0
726,7636,25187,0
727,41950,31859,0
728,46270,75428,0
729,114961,83808,0
730,27530,41310,0
731,73029,79747,0
732,8334,136284,0
733,145801,29065,0
734,133357,93730,0
735,127935,151550,0
736,142765,129969,0
737,63054,127695,0
738,150857,84473,0
739,47581,39665,0
740,11295,12561,0
741,144576,145109,0
742,38280,70864,0
743,108282,142804,0
744,114983,12204,0
745,10785,109863,0
746,21145,102138,0
747,118057,12627,0
748,67375,16363,0
749,138380,139703,0
750,43824,152073,0
751,106966,43818,0
752,35516,88920,0
753,93940,61461,0
754,80326,3019,0
755,3351,54201,0
756,82445,126968,0
757,42299,8607,0
758,20865,144577,0
759,131428,153650,0
760,90130,25284,0
761,48715,61421,0
762,132716,18336,0
763,12712,141082,0
764,33484,100643,0
765,58920,111973,0
766,85481,95002,0
767,86597,54790,0
768,144980,104148,0
769,139548,51012,0
770,119054,93268,0
771,5781,133787,0
772,143176,28084,0
773,55943,40970,0
774,20348,58044,0
775,60805,128555,0
776,5827,49189,0
777,52283,22924,0
778,112673,117674,0
779,92193,68374,0
780,18088,8892,0
781,35343,92289,0
782,137502,72580,0
783,154048,21306,0
784,110885,56299,0
785,72008,51526,0
786,8221,15105,0
787,132261,84366,0
788,95441,84785,0
789,150589,131713,0
790,2038,132334,0
791,111855,5828,0
792,101951,27745,0
793,145621,121150,0
794,153523,127358,0
795,81657,118806,0
796,6058,50738,0
797,20236,139423,0
798,121604,68557,0
799,134959,118090,0
800,135934,127221,0
801,153589,93150,0
802,18343,47782,0
803,153708,50765,0
804,120745,24064,0
805,14684,16420,0
806,60696,139109,0
807,140786,21597,0
808,29295,41174,0
809,129879,78810,0
810,16864,10004,0
811,77530,39290,0
812,12339,132570,0
813,131414,13110,0
814,78663,58154,0
815,52430,145709,0
816,79429,16127,0
817,12526,114894,0
818,71298,109168,0
819,139312,12777,0
820,20262,114142,0
821,66154,47188,0
822,30875,114232,0
823,125665,49925,0
824,133816,41537,0
825,57966,66966,0
826,84830,94736,0
827,112233,9100,0
828,25479,95492,0
829,51679,35746,0
830,102643,76825,0
831,21664,79240,0
832,141218,107920,0
833,73892,18942,0
834,21696,108617,0
835,102829,39610,0
836,70274,7858,0
837,82866,2352,0
838,127966,71371,0
839,50804,20029,0
840,7889,6132,0
841,107730,108129,0
842,55199,111539,0
843,144244,1552,0
844,153027,133904,0
845,138112,134600,0
846,85181,137884,0
847,21627,41478,0
848,32066,17576,0
849,19202,136800,0
850,100413,41481,0
851,5984,117981,0
852,22444,107575,0
853,41394,106910,0
854,33356,49747,0
855,75686,142869,0
856,22033,80774,0
857,98667,149777,0
858,150600,127569,0
859,143404,99003,0
860,101736,30922,0
861,90066,45729,0
862,76123,123606,0
863,141690,129392,0
864,99476,55260,0
865,58806,128721,0
866,141562,65989,0
867,149954,125448,0
868,29576,81408,0
869,14604,45698,0
870,104361,65757,0
871,30835,38566,0
872,22693,27936,0
873,124110,73429,0
874,45462,42619,0
875,145821,129720,0
876,90490,62119,0
877,135695,142903,0
878,61748,6912,0
879,17513,132625,0
880,120232,84261,0
881,114158,47757,0
882,126012,119989,0
883,142387,36798,0
884,134078,130564,0
885,134674,78332,0
886,48852,35018,0
887,124031,10475,0
888,3760,129089,0
889,34988,80232,0
890,19834,109140,0
891,103171,123280,0
892,140752,83561,0
893,137240,119708,0
894,143242,11760,0
895,106498,98602,0
896,29421,108024,0
897,102693,129205,0
898,10268,151980,0
899,65009,149115,0
900,67905,134906,0
901,148089,94592,0
902,18999,151372,0
903,122867,22045,0
904,115191,17558,0
905,50249,36034,0
906,84242,42958,0
907,7099,5650,0
908,150430,1819,0
909,14646,55547,0
910,102170,25599,0
911,29801,154866,0
912,66339,50002,0
913,115988,101929,0
914,76542,130906,0
915,38810,54979,0
916,110035,151260,0
917,35988,5647,0
918,19836,12524,0
919,114852,50955,0
920,136068,98406,0
921,18543,128262,0
922,37717,123491,0
923,1474,123937,0
924,144778,14480,0
925,131278,51152,0
926,27947,104121,0
927,72074,48095,0
928,27262,941,0
929,129062,123691,0
930,121222,49305,0
931,19085,27083,0
932,56622,148371,0
933,92703,105968,0
934,129800,62887,0
935,689,59666,0
936,145787,4847,0
937,30086,121042,0
938,18976,16382,0
939,142796,30414,0
940,143727,87247,0
941,17183,150981,0
942,61246,103845,0
943,143120,9397,0
944,110933,27845,0
945,3902,141578,0
946,118237,13861,0
947,133594,95795,0
948,93876,104817,0
949,89155,78246,0
950,112146,118863,0
951,16941,70061,0
952,48669,140799,0
953,152479,10463,0
954,12882,2191,0
955,22178,39422,0
956,7526,154533,0
957,65783,93274,0
958,31600,24909,0
959,112916,7545,0
960,41807,36565,0
961,131943,148151,0
962,83414,71945,0
963,12292,107384,0
964,143301,45277,0
965,85148,44174,0
966,6792,137826,0
967,16357,110737,0
968,128392,78436,0
969,122315,149857,0
970,20703,93383,0
971,140510,130283,0
972,75897,144062,0
973,94532,71354,0
974,113190,108960,0
975,99973,55330,0
976,48008,127327,0
977,134291,102918,0
978,124276,29707,0
979,132241,81196,0
980,47260,22763,0
981,135671,17396,0
982,59825,98814,0
983,99841,70213,0
984,153195,88209,0
985,108707,110847,0
986,59946,154264,0
987,112323,148198,0
988,145811,51125,0
989,26849,31502,0
990,145873,36094,0
991,74828,80560,0
992,105784,92717,0
993,107955,83995,0
994,70174,146372,0
995,23855,69912,0
996,55885,128241,0
997,82875,89528,0
998,45232,61980,0
999,154569,138825,0
1000,111455,154923,0
1001,69977,96015,0
1002,95794,87060,0
1003,15936,119508,0
1004,117253,13851,0
1005,122095,27283,0
1006,118699,62364,0
1007,53060,19331,0
1008,155176,15724,0
1009,139696,29699,0
1010,83446,98440,0
1011,26831,19991,0
1012,150570,35130,0
1013,32048,8685,0
1014,109011,20407,0
1015,60069,142750,0
1016,18068,62192,0
1017,117132,94237,0
1018,74962,150411,0
1019,38497,103444,0
1020,59866,77316,0
1021,62376,105332,0
1022,8668,25991,0
1023,9293,98364,0
1024,90734,53524,0
1025,127466,132976,0
1026,135370,46567,0
1027,71311,55817,0
1028,105511,10747,0
1029,70352,74984,0
1030,33495,10242,0
1031,7187,26109,0
1032,2977,57839,0
1033,142546,16825,0
1034,63631,94868,0
1035,109094,143406,0
1036,68584,88780,0
1037,71655,41692,0
1038,50881,150674,0
1039,39845,81731,0
1040,38728,77623,0
1041,82559,139637,0
1042,37306,115269,0
1043,13647,121144,0
1044,2715,148112,0
1045,63898,35759,0
1046,45349,70573,0
1047,92590,22648,0
1048,139936,33987,0
1049,122322,147988,0
1050,71639,61313,0
1051,59225,37670,0
1052,56180,93205,0
1053,3533,133290,0
1054,56143,70184,0
1055,72698,100897,0
1056,37705,127796,0
1057,141942,151611,0
1058,32018,1717,0
1059,137587,130822,0
1060,86741,25421,0
1061,70057,103371,0
1062,7638,65916,0
1063,149699,117633,0
1064,87808,21595,0
1065,75683,10070,0
1066,16577,77344,0
1067,100117,24811,0
1068,142719,152356,0
1069,44810,34101,0
1070,11594,127104,0
1071,150202,61644,0
1072,8856,155164,0
1073,122849,59291,0
1074,93771,80423,0
1075,25256,70915,0
1076,23350,24880,0
1077,42507,151969,0
1078,7699,121745,0
1079,21558,56132,0
1080,35637,92138,0
1081,131005,17187,0
1082,130812,72443,0
1083,106602,142987,0
1084,97578,54744,0
1085,75334,29993,0
1086,86650,127459,0
1087,117637,64843,0
1088,23411,133563,0
1089,91203,89098,0
1090,63904,15864,0
1091,120324,66529,0
1092,106237,25289,0
1093,136631,90308,0
1094,109121,65140,0
1095,6932,115993,0
1096,42726,110517,0
1097,111415,73767,0
1098,46108,31466,0
1099,106466,130346,0
1100,3962,44829,0
1101,108127,135287,0
1102,76448,77275,0
1103,151777,64767,0
1104,15842,42669,0
1105,33540,107700,0
1106,73868,83530,0
1107,89438,93333,0
1108,119221,97545,0
1109,117268,84792,0
1110,142555,67917,0
1111,107766,23716,0
1112,82286,133570,0
1113,46855,61539,0
1114,9276,33234,0
1115,96267,24999,0
1116,99008,13141,0
1117,64400,112886,0
1118,70430,78198,0
1119,36151,40466,0
1120,112525,83501,0
1121,105145,125380,0
1122,115990,49029,0
1123,96690,27612,0
1124,132973,100638,0
1125,98725,9484,0
1126,80914,81637,0
1127,57762,143273,0
1128,12239,74499,0
1129,54799,38510,0
1130,43869,9693,0
1131,95586,29865,0
1132,119866,49669,0
1133,57043,104307,0
1134,114765,150054,0
1135,59513,87770,0
1136,116019,144631,0
1137,41346,83836,0
1138,65588,104249,0
1139,71075,60006,0
1140,137364,85462,0
1141,13077,98190,0
1142,105925,124328,0
1143,119461,65008,0
1144,48171,37494,0
1145,144644,9547,0
1146,290,48148,0
1147,19370,63692,0
1148,127439,21328,0
1149,143985,99077,0
1150,64786,86247,0
1151,95209,82200,0
1152,103970,93963,0
1153,100398,103824,0
1154,107472,154674,0
1155,54966,119098,0
1156,104864,68172,0
1157,102592,49375,0
1158,71725,60209,0
1159,150858,58682,0
1160,22635,70623,0
1161,148379,49,0
1162,37903,113828,0
1163,120898,141389,0
1164,83060,87811,0
1165,1534,149736,0
1166,55869,95101,0
1167,10054,52257,0
1168,100129,49140,0
1169,134007,54236,0
1170,84281,13703,0
1171,41489,140162,0
1172,89540,6004,0
1173,14160,140488,0
1174,124688,58993,0
1175,34534,126628,0
1176,52126,13727,0
1177,68756,100211,0
1178,52266,98591,0
1179,37601,150623,0
1180,113942,79378,0
1181,21497,94611,0
1182,17122,97185,0
1183,119477,149912,0
1184,24644,48983,0
1185,28362,7811,0
1186,79626,78478,0
1187,38386,30271,0
1188,27655,50534,0
1189,120568,144972,0
1190,103153,100548,0
1191,52109,121081,0
1192,31713,18578,0
1193,82824,97896,0
1194,45069,17051,0
1195,27817,128198,0
1196,58997,15201,0
1197,123534,35691,0
1198,11045,99365,0
1199,92161,68393,0
1200,122293,145910,0
1201,82155,10946,0
1202,125319,119409,0
1203,53363,79947,0
1204,11448,123392,0
1205,11732,2997,0
1206,140248,112198,0
1207,11480,46034,0
1208,141531,28911,0
1209,79978,32341,0
1210,124419,55660,0
1211,47713,29017,0
1212,106752,76612,0
1213,60447,3218,0
1214,94295,33424,0
1215,8333,41929,0
1216,49998,138998,0
1217,70053,7211,0
1218,24723,113040,0
1219,86045,121455,0
1220,40804,2985,0
1221,126851,118862,0
1222,119051,29397,0
1223,4542,134507,0
1224,92139,89867,0
1225,65767,83317,0
1226,34900,127952,0
1227,113395,108285,0
1228,120365,122961,0
1229,133379,4464,0
1230,88246,83784,0
1231,127225,99496,0
1232,46853,126125,0
1233,93626,143432,0
1234,118530,76248,0
1235,57897,64275,0
1236,122958,58470,0
1237,29168,42389,0
1238,135413,91141,0
1239,69197,145448,0
1240,80454,9181,0
1241,82146,13759,0
1242,66,19797,0
1243,128131,35999,0
1244,34690,81675,0
1245,15998,150390,0
1246,49577,111610,0
1247,82493,142453,0
1248,39150,85210,0
1249,47347,95710,0
1250,74733,103762,0
1251,73571,12955,0
1252,100973,107812,0
1253,57121,94725,0
1254,63196,104125,0
1255,63912,84517,0
1256,43058,1181,0
1257,36577,139463,0
1258,98204,40550,0
1259,4142,1048,0
1260,112115,34269,0
1261,22491,111726,0
1262,66105,50010,0
1263,20119,151046,0
1264,96783,82076,0
1265,48565,66207,0
1266,109732,92829,0
1267,834,44976,0
1268,109830,144881,0
1269,151878,57790,0
1270,79381,71880,0
1271,133049,62206,0
1272,48126,99210,0
1273,76941,41858,0
1274,45647,136376,0
1275,82178,108983,0
1276,53749,109484,0
1277,6075,98771,0
1278,139145,17309,0
1279,57964,68723,0
1280,10274,34413,0
1281,117310,118256,0
1282,145811,95499,0
1283,101462,146779,0
1284,26954,150603,0
1285,74092,128659,0
1286,9499,43622,0
1287,4016,136982,0
1288,123151,144617,0
1289,78533,73254,0
1290,133344,89716,0
1291,3193,118766,0
1292,30608,66355,0
1293,81410,44105,0
1294,54857,145913,0
1295,62291,119798,0
1296,47916,3472,0
1297,47909,109551,0
1298,44947,115029,0
1299,23217,19770,0
1300,112002,77438,0
1301,132378,106668,0
1302,14133,73465,0
1303,151508,103089,0
1304,138160,2162,0
1305,71252,57157,0
1306,20802,118052,0
1307,37225,147599,0
1308,51877,61187,0
1309,6469,101097,0
1310,150746,38363,0
1311,89613,100712,0
1312,26793,32790,0
1313,96994,133044,0
1314,119557,49575,0
1315,5933,31592,0
1316,131016,26902,0
1317,126400,111994,0
1318,101251,71559,0
1319,74794,125771,0
1320,146995,147617,0
1321,24949,86749,0
1322,119952,59492,0
1323,139020,83926,0
1324,80177,32135,0
1325,32264,15642,0
1326,37405,71085,0
1327,101596,38671,0
1328,71772,109606,0
1329,70804,56636,0
1330,149695,339,0
1331,120588,35436,0
1332,30129,30413,0
1333,136958,130977,0
1334,77533,145046,0
1335,37541,137569,0
1336,95468,82857,0
1337,93446,46355,0
1338,8514,91130,0
1339,70442,140365,0
1340,55914,26424,0
1341,4197,57954,0
1342,146359,7908,0
1343,112198,38786,0
1344,63699,120249,0
1345,49998,144520,0
1346,76877,18977,0
1347,105911,128320,0
1348,34761,62325,0
1349,12235,122453,0
1350,76204,93924,0
1351,15527,105840,0
1352,68761,42510,0
1353,146050,105071,0
1354,17358,95760,0
1355,129530,2815,0
1356,134596,32462,0
1357,50510,68623,0
1358,127975,25488,0
1359,108742,5106,0
1360,124335,50103,0
1361,104712,134895,0
1362,29793,53303,0
1363,14305,99558,0
1364,83342,74492,0
1365,42076,1408,0
1366,146292,20887,0
1367,87654,59999,0
1368,22105,24215,0
1369,92783,19372,0
1370,109944,133265,0
1371,133430,46829,0
1372,120123,151074,0
1373,102660,71179,0
1374,21078,42083,0
1375,64641,28274,0
1376,28945,29424,0
1377,40480,148531,0
1378,109765,15396,0
1379,140730,63744,0
1380,64006,37041,0
1381,84025,57825,0
1382,36145,109561,0
1383,26755,101083,0
1384,36208,21861,0
1385,103316,94147,0
1386,107525,64017,0
1387,86220,27095,0
1388,71309,77472,0
1389,109962,94293,0
1390,926,149326,0
1391,124830,34630,0
1392,132275,28616,0
1393,103104,39943,0
1394,75999,76573,0
1395,60291,551,0
1396,96780,29720,0
1397,143116,66767,0
1398,104003,107603,0
1399,148559,50505,0
1400,81522,41452,0
1401,75891,127568,0
1402,6552,106052,0
1403,65559,96878,0
1404,112217,85482,0
1405,32281,109890,0
1406,83932,51524,0
1407,152060,19469,0
1408,57791,142089,0
1409,94321,53259,0
1410,152620,84746,0
1411,73063,79838,0
1412,110150,116953,0
1413,27958,95424,0
1414,33639,126252,0
1415,95622,147328,0
1416,46768,20535,0
1417,140099,77045,0
1418,37848,44223,0
1419,22132,45436,0
1420,131571,109983,0
1421,44574,16846,0
1422,10183,238,0
1423,21805,88585,0
1424,64541,111401,0
1425,144518,114002,0
1426,30834,99517,0
1427,8161,129151,0
1428,124134,721,0
1429,83613,26857,0
1430,105761,15209,0
1431,147918,65762,0
1432,112138,150429,0
1433,54985,134463,0
1434,21232,129994,0
1435,28580,7534,0
1436,143726,55488,0
1437,36758,78864,0
1438,105204,60377,0
1439,125713,133579,0
1440,153460,90152,0
1441,20740,25057,0
1442,111241,114255,0
1443,1355,83787,0
1444,21310,68867,0
1445,17569,133165,0
1446,150274,81405,0
1447,135803,141533,0
1448,3614,51687,0
1449,105717,144361,0
1450,139006,146030,0
1451,143470,81121,0
1452,101771,28394,0
1453,52653,119471,0
1454,57137,90318,0
1455,148370,22707,0
1456,55705,137054,0
1457,30560,28088,0
1458,49746,137803,0
1459,7601,52990,0
1460,37858,127040,0
1461,7439,120504,0
1462,320,125118,0
1463,535,134755,0
1464,114775,25947,0
1465,46654,52477,0
1466,21256,84381,0
1467,18768,149825,0
1468,79817,58679,0
1469,115512,57562,0
1470,6051,23480,0
1471,29554,47420,0
1472,34729,83955,0
1473,125726,79114,0
1474,34359,124678,0
1475,77205,24007,0
1476,150145,140008,0
1477,61910,101074,0
1478,92331,91519,0
1479,33803,143919,0
1480,96212,86532,0
1481,12198,69060,0
1482,25758,3770,0
1483,10133,122635,0
1484,142313,152785,0
1485,51187,940,0
1486,89544,100240,0
1487,137197,89128,0
1488,6768,118353,0
1489,95234,110140,0
1490,130862,93159,0
1491,103869,80429,0
1492,102192,120296,0
1493,121273,102271,0
1494,79978,1644,0
1495,146360,97019,0
1496,22617,29290,0
1497,72060,91927,0
1498,58196,150470,0
1499,91825,118091,0
1500,115969,97892,0
1501,126339,154851,0
1502,138139,18181,0
1503,32486,102683,0
1504,29171,360,0
1505,26883,95179,0
1506,66096,74718,0
1507,124142,69552,0
1508,153171,59813,0
1509,7706,94774,0
1510,10348,38935,0
1511,113689,14876,0
1512,84637,42103,0
1513,97794,63689,0
1514,93936,58668,0
1515,51464,38238,0
1516,20435,133183,0
1517,151487,66286,0
1518,153338,32958,0
1519,13675,148887,0
1520,81047,39004,0
1521,108035,148572,0
1522,43310,84372,0
1523,16213,1085,0
1524,148727,75173,0
1525,95250,62267,0
1526,29535,119500,0
1527,125672,91866,0
1528,124098,132429,0
1529,35060,128735,0
1530,41557,13678,0
1531,33572,126014,0
1532,58814,64260,0
1533,73513,102787,0
1534,88431,79661,0
1535,2491,140833,0
1536,69790,54997,0
1537,49945,112649,0
1538,36940,32893,0
1539,147768,97583,0
1540,54156,101503,0
1541,139681,111063,0
1542,139306,56978,0
1543,36127,46955,0
1544,87977,115561,0
1545,55934,108219,0
1546,93458,99644,0
1547,7482,147606,0
1548,26326,134214,0
1549,32251,3641,0
1550,33969,130055,0
1551,108805,155053,0
1552,53550,149194,0
1553,62687,35108,0
1554,95974,81914,0
1555,2494,90520,0
1556,37794,147376,0
1557,28364,16775,0
1558,121461,49266,0
1559,35762,1219,0
1560,144421,81025,0
1561,132513,122942,0
1562,154358,86831,0
1563,109444,41427,0
1564,74569,70736,0
1565,4863,22640,0
1566,101966,68319,0
1567,59671,33903,0
1568,98397,1814,0
1569,128190,128986,0
1570,20808,103217,0
1571,71915,743,0
1572,39592,88089,0
1573,1390,101118,0
1574,124447,2310,0
1575,25046,58656,0
1576,76925,42655,0
1577,150819,137358,0
1578,115417,89153,0
1579,109312,132172,0
1580,150677,34521,0
1581,52420,144733,0
1582,100561,97239,0
1583,80436,43297,0
1584,943,39279,0
1585,60129,117091,0
1586,12664,47977,0
1587,131943,86688,0
1588,45046,59110,0
1589,65486,10301,0
1590,41443,29353,0
1591,117544,41870,0
1592,149282,8824,0
1593,132074,50303,0
1594,738,134030,0
1595,44960,24269,0
1596,23999,54049,0
1597,119439,59452,0
1598,84549,4747,0
1599,144371,67683,0
1600,73504,51734,0
1601,88561,75403,0
1602,95509,36142,0
1603,63851,98273,0
1604,132362,27953,0
1605,2391,43056,0
1606,110025,9465,0
1607,61825,124238,0
1608,150769,110635,0
1609,15118,68313,0
1610,90194,44909,0
1611,65666,140230,0
1612,4624,148375,0
1613,141381,88069,0
1614,112429,125635,0
1615,112905,62109,0
1616,19353,34529,0
1617,139000,90675,0
1618,106363,45494,0
1619,118458,104186,0
1620,84034,48842,0
1621,90919,7980,0
1622,114178,54764,0
1623,7087,108843,0
1624,133908,142232,0
1625,154553,102594,0
1626,107933,14188,0
1627,153756,48063,0
1628,59754,152315,0
1629,15409,110830,0
1630,44953,98400,0
1631,64481,51589,0
1632,85576,89061,0
1633,23014,13936,0
1634,22246,97939,0
1635,60428,17472,0
1636,27834,79597,0
1637,19294,73004,0
1638,132733,154675,0
1639,15501,113960,0
1640,120360,81440,0
1641,2704,126780,0
1642,61687,24287,0
1643,89296,6481,0
1644,122276,91287,0
1645,30731,79150,0
1646,80471,89696,0
1647,41276,65037,0
1648,137186,79443,0
1649,62360,122288,0
1650,107433,12050,0
1651,15154,125715,0
1652,58643,109654,0
1653,115302,119022,0
1654,85475,127010,0
1655,29180,103423,0
1656,142630,10213,0
1657,66183,127814,0
1658,148433,26092,0
1659,80972,92847,0
1660,114240,2324,0
1661,128811,66309,0
1662,94681,79643,0
1663,85377,92881,0
1664,49640,91042,0
1665,93937,125914,0
1666,91404,93802,0
1667,143678,1460,0
1668,121219,45303,0
1669,147271,16855,0
1670,147067,85023,0
1671,51979,109588,0
1672,19368,22622,0
1673,76694,4590,0
1674,105448,110234,0
1675,36001,29065,0
1676,147884,122879,0
1677,129514,30634,0
1678,34799,152078,0
1679,153409,132011,0
1680,14526,70787,0
1681,79121,3604,0
1682,118811,102845,0
1683,89466,151222,0
1684,140842,81993,0
1685,38112,19470,0
1686,8315,52567,0
1687,18604,154005,0
1688,141969,28181,0
1689,129347,53165,0
1690,83225,35888,0
1691,125615,143430,0
1692,99376,146396,0
1693,55044,63788,0
1694,26814,122874,0
1695,46121,15531,0
1696,133446,66503,0
1697,116139,135290,0
1698,98153,43641,0
1699,56109,69507,0
1700,44768,10360,0
1701,135129,100799,0
1702,101507,26242,0
1703,89277,7052,0
1704,118935,107300,0
1705,32296,43986,0
1706,134726,154714,0
1707,101185,118041,0
1708,124071,82899,0
1709,91222,97528,0
1710,115938,14854,0
1711,40882,30958,0
1712,130861,98303,0
1713,149226,99623,0
1714,41122,143480,0
1715,28655,67320,0
1716,87383,41082,0
1717,131344,62626,0
1718,62019,113985,0
1719,28483,29128,0
1720,90808,68583,0
1721,140546,111947,0
1722,81536,98571,0
1723,154527,35740,0
1724,68422,37107,0
1725,109058,5485,0
1726,139750,153935,0
1727,97683,105450,0
1728,85676,100366,0
1729,65291,52039,0
1730,90505,151163,0
1731,154984,2002,0
1732,50663,71629,0
1733,104843,141937,0
1734,128304,146463,0
1735,75047,44832,0
1736,150179,25556,0
1737,63558,39535,0
1738,76045,53082,0
1739,116850,118992,0
1740,133936,31425,0
1741,52504,82325,0
1742,61465,6319,0
1743,58919,108833,0
1744,102214,23378,0
1745,152197,113141,0
1746,37822,64125,0
1747,35227,75489,0
1748,56949,38849,0
1749,104773,75925,0
1750,132107,14778,0
1751,69992,142159,0
1752,112690,64550,0
1753,89298,95881,0
1754,4879,53647,0
1755,12021,19470,0
1756,131261,90746,0
1757,146425,92982,0
1758,57454,10921,0
1759,118695,16278,0
1760,122154,144057,0
1761,110544,52186,0
1762,98646,112357,0
1763,146855,147743,0
1764,35117,69760,0
1765,110841,138104,0
1766,103002,109038,0
1767,56541,46276,0
1768,93453,82629,0
1769,68579,12277,0
1770,104286,102978,0
1771,131720,71759,0
1772,65804,16777,0
1773,19081,126085,0
1774,76414,46581,0
1775,118133,81003,0
1776,132727,148793,0
1777,108830,97439,0
1778,150348,125790,0
1779,12884,86546,0
1780,78707,4924,0
1781,128455,108216,0
1782,140654,11664,0
1783,49257,82716,0
1784,135497,62381,0
1785,18424,31830,0
1786,61083,67490,0
1787,112939,37283,0
1788,51021,62535,0
1789,11322,109364,0
1790,73386,148786,0
1791,8694,149036,0
1792,45896,154575,0
1793,2630,148112,0
1794,95526,14635,0
1795,9750,109967,0
1796,36114,9919,0
1797,91600,116625,0
1798,140009,17852,0
1799,111264,71323,0
1800,112988,106357,0
1801,21446,151655,0
1802,70028,52891,0
1803,58436,144834,0
1804,68693,134463,0
1805,3161,125505,0
1806,41237,140301,0
1807,7133,118756,0
1808,12449,125176,0
1809,30493,139388,0
1810,10425,23530,0
1811,17,8166,0
1812,37541,70782,0
1813,84515,78395,0
1814,145393,19272,0
1815,91159,119081,0
1816,7188,84193,0
1817,34087,37694,0
1818,57866,4598,0
1819,153591,17457,0
1820,9912,24521,0
1821,141949,95403,0
1822,20129,111912,0
1823,133916,15210,0
1824,67160,147991,0
1825,23148,49070,0
1826,76415,22735,0
1827,120518,76800,0
1828,116974,137672,0
1829,34544,146875,0
1830,82200,142300,0
1831,10926,2610,0
1832,64690,87810,0
1833,18182,130376,0
1834,93999,60573,0
1835,96508,107451,0
1836,63727,58730,0
1837,8245,7036,0
1838,30338,89525,0
1839,41630,90812,0
1840,87301,125395,0
1841,93476,111059,0
1842,112120,93677,0
1843,154892,94139,0
1844,115023,69015,0
1845,53004,94270,0
1846,7581,76232,0
1847,125509,84360,0
1848,41018,114544,0
1849,369,146978,0
1850,28030,33206,0
1851,11071,53700,0
1852,61969,60346,0
1853,149060,72911,0
1854,144201,107608,0
1855,153951,31049,0
1856,143713,56423,0
1857,67388,107347,0
1858,144917,43748,0
1859,47009,32609,0
1860,6133,114560,0
1861,18150,123816,0
1862,154125,56502,0
1863,133342,152786,0
1864,21227,59633,0
1865,139355,107205,0
1866,100413,73958,0
1867,147462,81007,0
1868,37737,129315,0
1869,93849,92216,0
1870,147674,7606,0
1871,129652,61707,0
1872,40554,15782,0
1873,53948,151681,0
1874,47993,114213,0
1875,134479,130223,0
1876,44635,153243,0
1877,99681,133479,0
1878,99465,104531,0
1879,71079,100492,0
1880,101773,65481,0
1881,113174,4283,0
1882,104113,123771,0
1883,96816,7606,0
1884,78939,64008,0
1885,23816,41967,0
1886,97518,37443,0
1887,146330,118750,0
1888,84509,7477,0
1889,43148,119869,0
1890,29801,95392,0
1891,49712,115634,0
1892,96727,97202,0
1893,112012,62287,0
1894,63647,137268,0
1895,83158,138119,0
1896,45422,22644,0
1897,131860,148761,0
1898,47950,76338,0
1899,106297,20739,0
1900,68221,47402,0
1901,71725,104848,0
1902,146330,86085,0
1903,15150,149223,0
1904,42219,49861,0
1905,57626,130059,0
1906,122760,82703,0
1907,42809,108987,0
1908,146497,63113,0
1909,27402,151729,0
1910,44586,105241,0
1911,124226,71696,0
1912,19949,97894,0
1913,112283,56054,0
1914,34404,61528,0
1915,19348,17709,0
1916,21976,54135,0
1917,82571,50660,0
1918,129430,102786,0
1919,13348,60156,0
1920,108644,35318,0
1921,144519,86148,0
1922,122228,7993,0
1923,49749,137303,0
1924,39098,48946,0
1925,96500,139650,0
1926,132154,99817,0
1927,89667,32818,0
1928,91988,51655,0
1929,90756,122605,0
1930,20903,77913,0
1931,109522,145721,0
1932,37348,36435,0
1933,125894,112972,0
1934,89167,42306,0
1935,132240,56593,0
1936,129185,154594,0
1937,94559,83076,0
1938,27615,34899,0
1939,126023,129652,0
1940,117354,3680,0
1941,7488,120532,0
1942,39123,48092,0
1943,31161,148959,0
1944,152474,132523,0
1945,3463,8486,0
1946,9180,54515,0
1947,65377,4494,0
1948,65478,48769,0
1949,35255,95019,0
1950,17892,14417,0
1951,42613,32192,0
1952,89535,130307,0
1953,40024,129576,0
1954,119277,105105,0
1955,81138,148891,0
1956,129595,154064,0
1957,107198,49010,0
1958,12031,100006,0
1959,143546,106666,0
1960,90436,116999,0
1961,93290,15757,0
1962,44816,122763,0
1963,151774,150586,0
1964,15351,44486,0
1965,51471,136261,0
1966,141669,56105,0
1967,62307,66852,0
1968,148605,55406,0
1969,39904,144122,0
1970,6111,15442,0
1971,51980,119881,0
1972,141294,116996,0
1973,128284,79763,0
1974,56515,67464,0
1975,78480,64422,0
1976,135141,46182,0
1977,95786,17035,0
1978,18880,13952,0
1979,99407,72259,0
1980,11746,144909,0
1981,106689,84419,0
1982,137516,30742,0
1983,25046,23718,0
1984,36171,86677,0
1985,28624,121172,0
1986,113308,140970,0
1987,141033,114122,0
1988,90025,94083,0
1989,1472,89168,0
1990,44347,132696,0
1991,128965,88934,0
1992,136839,125392,0
1993,53589,19946,0
1994,121076,108362,0
1995,68070,112566,0
1996,66643,134015,0
1997,131784,117064,0
1998,121907,138253,0
1999,53494,25496,0
2000,89507,65337,0
2001,39895,28384,0
2002,75868,102045,0
2003,107705,11050,0
2004,107831,31070,0
2005,113992,142223,0
2006,52375,36696,0
2007,54604,103407,0
2008,124452,106341,0
2009,109537,154127,0
2010,4762,104211,0
2011,78497,65231,0
2012,41517,42287,0
2013,21578,128060,0
2014,45635,151124,0
2015,49480,95038,0
2016,93951,125828,0
2017,74782,83506,0
2018,77790,93887,0
2019,73123,121871,0
2020,96094,69954,0
2021,59796,115918,0
2022,54701,69682,0
2023,27004,74606,0
2024,122757,129081,0
2025,83717,34373,0
2026,134036,17387,0
2027,155199,14322,0
2028,17270,123398,0
2029,99876,115348,0
2030,134299,55066,0
2031,147118,31798,0
2032,88146,67581,0
2033,136417,106059,0
2034,20479,145825,0
2035,95873,112197,0
2036,24741,54530,0
2037,76803,90183,0
2038,83722,48709,0
2039,134988,42335,0
2040,135740,47560,0
2041,130901,85289,0
2042,89211,64188,0
2043,131367,76077,0
2044,78936,143513,0
2045,106383,55903,0
2046,143584,5566,0
2047,120626,26549,0
2048,58054,213,0
2049,2894,90528,0
2050,83773,153170,0
2051,110483,38107,0
2052,100892,14005,0
2053,93641,74218,0
2054,30619,121506,0
2055,69983,111751,0
2056,71770,107873,0
2057,110347,151938,0
2058,141323,100221,0
2059,78943,128461,0
2060,121116,136826,0
2061,42720,83759,0
2062,123599,3156,0
2063,77795,1603,0
2064,18016,87376,0
2065,57284,125536,0
2066,23999,65359,0
2067,130951,86270,0
2068,60428,62418,0
2069,47306,53823,0
2070,138069,99938,0
2071,69281,149295,0
2072,27266,94028,0
2073,44316,38110,0
2074,47305,8974,0
2075,109076,75232,0
2076,57169,114623,0
2077,117185,121645,0
2078,87620,82699,0
2079,4849,37636,0
2080,14251,142382,0
2081,109391,47529,0
2082,137,21028,0
2083,44621,42380,0
2084,104203,26333,0
2085,39814,132985,0
2086,143666,44682,0
2087,149261,117115,0
2088,136795,123240,0
2089,340,124438,0
2090,127961,31189,0
2091,94160,52546,0
2092,148942,147702,0
2093,37565,127933,0
2094,132370,112383,0
2095,127257,73664,0
2096,69793,66717,0
2097,21934,91105,0
2098,16956,87302,0
2099,64600,41296,0
2100,129160,97808,0
2101,41032,128160,0
2102,94324,76005,0
2103,145196,134995,0
2104,38147,1389,0
2105,17270,25883,0
2106,40701,74430,0
2107,91587,83751,0
2108,79557,135783,0
2109,149412,119645,0
2110,148472,83441,0
2111,68809,122550,0
2112,6350,23658,0
2113,135975,62652,0
2114,63213,50076,0
2115,64636,59559,0
2116,125788,91051,0
2117,94606,23703,0
2118,133693,129976,0
2119,147873,95493,0
2120,67676,75280,0
2121,126323,69647,0
2122,122299,133598,0
2123,36346,68316,0
2124,146505,67785,0
2125,21446,83652,0
2126,120429,92993,0
2127,27043,142954,0
2128,6847,153773,0
2129,59946,88815,0
2130,75198,65574,0
2131,150553,146222,0
2132,57260,1281,0
2133,6172,101435,0
2134,55401,73065,0
2135,66094,58543,0
2136,116823,149209,0
2137,130611,88843,0
2138,84875,11052,0
2139,100075,135278,0
2140,46170,154076,0
2141,102370,91131,0
2142,11115,7400,0
2143,74535,6117,0
2144,66988,132764,0
2145,81595,27280,0
2146,132437,21561,0
2147,138149,29211,0
2148,145325,133021,0
2149,76569,85260,0
2150,45917,51424,0
2151,47195,62595,0
2152,117321,128428,0
2153,36462,122455,0
2154,144865,126651,0
2155,96353,143158,0
2156,25781,7667,0
2157,6553,67298,0
2158,16783,92557,0
2159,64068,17447,0
2160,8267,91906,0
2161,42479,28955,0
2162,99960,117346,0
2163,139704,106565,0
2164,132088,100301,0
2165,81905,7458,0
2166,52283,63484,0
2167,57982,153892,0
2168,137673,22350,0
2169,6947,116034,0
2170,138581,78826,0
2171,77465,111029,0
2172,146247,41890,0
2173,129120,109393,0
2174,154632,140711,0
2175,95915,73370,0
2176,73896,20678,0
2177,37048,42343,0
2178,127520,95633,0
2179,11399,68283,0
2180,149567,54329,0
2181,130526,24689,0
2182,56077,141748,0
2183,18016,62757,0
2184,40334,63360,0
2185,74315,37393,0
2186,15409,17983,0
2187,149374,51417,0
2188,51206,102167,0
2189,48028,106328,0
2190,84038,147122,0
2191,34297,67336,0
2192,128090,145612,0
2193,153489,139446,0
2194,13216,12923,0
2195,95794,73258,0
2196,39246,28886,0
2197,103292,17497,0
2198,91259,117162,0
2199,55078,113341,0
2200,89224,107877,0
2201,24674,154795,0
2202,39360,70210,0
2203,124061,122486,0
2204,91582,86998,0
2205,70783,135242,0
2206,8692,13962,0
2207,12913,128986,0
2208,134657,154439,0
2209,104652,134015,0
2210,78435,4562,0
2211,77326,92797,0
2212,66616,65797,0
2213,23485,8748,0
2214,26875,71149,0
2215,150925,36129,0
2216,98697,77722,0
2217,127693,93200,0
2218,81282,28008,0
2219,134186,101673,0
2220,38364,20631,0
2221,17639,90433,0
2222,14669,82210,0
2223,123481,139987,0
2224,118055,57784,0
2225,25449,120805,0
2226,47803,5894,0
2227,25738,4640,0
2228,14155,109623,0
2229,89532,120861,0
2230,95934,114937,0
2231,128556,46901,0
2232,42251,128073,0
2233,154542,23758,0
2234,115641,139289,0
2235,74118,125023,0
2236,182,29959,0
2237,100076,107381,0
2238,82098,26018,0
2239,33389,145748,0
2240,98103,3361,0
2241,35985,61974,0
2242,15132,42744,0
2243,153542,138832,0
2244,13144,1977,0
2245,106791,39276,0
2246,45473,92925,0
2247,72926,84399,0
2248,29448,115952,0
2249,115400,146236,0
2250,96271,11079,0
2251,93852,25833,0
2252,29777,58683,0
2253,85422,136921,0
2254,82224,38693,0
2255,154981,32392,0
2256,46968,27564,0
2257,67163,142695,0
2258,109613,95739,0
2259,74472,45966,0
2260,57389,71016,0
2261,79286,111491,0
2262,2269,84730,0
2263,32441,56150,0
2264,81938,116250,0
2265,100562,145022,0
2266,66918,15391,0
2267,14515,73279,0
2268,151293,1640,0
2269,101462,14997,0
2270,46955,64649,0
2271,142910,52645,0
2272,154922,117610,0
2273,71204,45380,0
2274,66946,89527,0
2275,136356,2620,0
2276,67369,9077,0
2277,84579,136871,0
2278,112171,5704,0
2279,32824,109304,0
2280,44700,36594,0
2281,43903,100869,0
2282,152266,132704,0
2283,49947,80246,0
2284,58435,106078,0
2285,83216,79867,0
2286,47393,21047,0
2287,154984,8367,0
2288,149045,107734,0
2289,96832,46314,0
2290,126302,38803,0
2291,8121,2593,0
2292,40249,42908,0
2293,87577,117026,0
2294,155041,141212,0
2295,38864,48251,0
2296,81462,1099,0
2297,42819,147112,0
2298,65889,18596,0
2299,61948,49885,0
2300,142081,26414,0
2301,93475,44652,0
2302,111983,23509,0
2303,138380,46056,0
2304,51346,110951,0
2305,25982,120955,0
2306,154762,18782,0
2307,77029,55545,0
2308,115343,13030,0
2309,8196,18004,0
2310,77305,78790,0
2311,30974,99814,0
2312,37525,135400,0
2313,89390,32832,0
2314,136263,21873,0
2315,142345,144461,0
2316,120014,111294,0
2317,111249,19428,0
2318,66889,113955,0
2319,127887,19711,0
2320,50297,65735,0
2321,8260,81176,0
2322,112120,42694,0
2323,49348,984,0
2324,142114,62922,0
2325,114627,91823,0
2326,30320,138730,0
2327,29596,62481,0
2328,94347,103167,0
2329,74066,105547,0
2330,8612,70284,0
2331,40529,66890,0
2332,28971,7661,0
2333,64596,95350,0
2334,40878,45445,0
2335,9910,60036,0
2336,68376,103807,0
2337,2678,71813,0
2338,118392,70918,0
2339,105307,48257,0
2340,28819,75222,0
2341,136970,28435,0
2342,32711,69997,0
2343,73406,112982,0
2344,118954,30801,0
2345,94453,59336,0
2346,9400,84309,0
2347,38938,80528,0
2348,7238,17176,0
2349,97410,31045,0
2350,16139,123290,0
2351,32955,33482,0
2352,138596,123649,0
2353,25390,114535,0
2354,625,90920,0
2355,66313,1440,0
2356,141831,2746,0
2357,355,29004,0
2358,138681,129165,0
2359,119405,101820,0
2360,153050,96864,0
2361,41398,113046,0
2362,111159,141102,0
2363,17808,99144,0
2364,82407,85149,0
2365,56148,70070,0
2366,96230,26565,0
2367,44449,48496,0
2368,67161,39847,0
2369,98135,436,0
2370,64811,126044,0
2371,3583,77336,0
2372,92849,114489,0
2373,127084,115393,0
2374,112740,46862,0
2375,64289,128752,0
2376,2277,127538,0
2377,144059,16924,0
2378,102712,60637,0
2379,100847,123553,0
2380,106697,88991,0
2381,105355,93834,0
2382,103969,10923,0
2383,51310,39225,0
2384,124337,8747,0
2385,56358,80347,0
2386,344,27076,0
2387,28383,21637,0
2388,145759,106110,0
2389,9986,15401,0
2390,133576,57415,0
2391,112540,18125,0
2392,4517,35587,0
2393,98894,114489,0
2394,18725,69481,0
2395,148577,122222,0
2396,69448,23458,0
2397,100662,1505,0
2398,114300,12609,0
2399,143216,115217,0
2400,63141,48808,0
2401,84853,110336,0
2402,88776,153176,0
2403,74182,121394,0
2404,16199,48427,0
2405,63659,37585,0
2406,84083,46705,0
2407,64016,140913,0
2408,138846,25969,0
2409,21125,49780,0
2410,64600,209,0
2411,59009,140115,0
2412,58931,110627,0
2413,34944,8788,0
2414,110757,101840,0
2415,13048,65180,0
2416,124469,98631,0
2417,133295,42035,0
2418,136538,106633,0
2419,142129,118414,0
2420,111331,106116,0
2421,98599,100468,0
2422,105104,69886,0
2423,76398,44377,0
2424,72285,47652,0
2425,35582,88695,0
2426,60414,135034,0
2427,151462,33886,0
2428,108194,50584,0
2429,33863,47452,0
2430,67771,88009,0
2431,58054,99695,0
2432,591,53280,0
2433,68178,65679,0
2434,116554,55024,0
2435,20233,14884,0
2436,4218,83362,0
2437,27365,136163,0
2438,61079,35933,0
2439,52771,132497,0
2440,145282,126942,0
2441,29295,31318,0
2442,134256,55607,0
2443,88598,89891,0
2444,102913,147827,0
2445,96618,30700,0
2446,10357,20558,0
2447,3310,131719,0
2448,66325,44244,0
2449,71350,52778,0
2450,105255,5087,0
2451,97971,131488,0
2452,31236,55303,0
2453,86730,71024,0
2454,98389,85381,0
2455,92045,38816,0
2456,6099,134743,0
2457,121853,135095,0
2458,129462,39873,0
2459,30308,26370,0
2460,27323,25586,0
2461,34912,86348,0
2462,13328,2002,0
2463,27170,104864,0
2464,100980,122264,0
2465,61715,5287,0
2466,127417,83520,0
2467,45345,130433,0
2468,143365,74819,0
2469,57210,112700,0
2470,48650,125463,0
2471,17599,19130,0
2472,139710,121054,0
2473,142327,134159,0
2474,82482,61765,0
2475,101348,115493,0
2476,80819,66018,0
2477,18877,128458,0
2478,73163,33479,0
2479,90050,12580,0
2480,105592,116110,0
2481,137355,32053,0
2482,83920,23242,0
2483,116946,104351,0
2484,17106,37945,0
2485,6783,93794,0
2486,6910,106135,0
2487,24576,55340,0
2488,92719,75396,0
2489,84830,96131,0
2490,74503,19004,0
2491,83867,137709,0
2492,144944,30904,0
2493,17993,152526,0
2494,53135,39423,0
2495,131274,64863,0
2496,102465,48653,0
2497,144342,66713,0
2498,103078,106927,0
2499,20347,101388,0
2500,3684,131827,0
2501,79848,89126,0
2502,92152,30406,0
2503,133675,58820,0
2504,121751,45511,0
2505,91410,40675,0
2506,102166,151283,0
2507,52740,98480,0
2508,115670,90045,0
2509,133157,62663,0
2510,140585,78254,0
2511,17674,84333,0
2512,27772,72777,0
2513,55135,115916,0
2514,8905,39606,0
2515,122885,45931,0
2516,145201,68662,0
2517,260,138148,0
2518,112724,23781,0
2519,75926,128295,0
2520,103979,134082,0
2521,139502,66110,0
2522,121702,77981,0
2523,92156,57610,0
2524,126991,84803,0
2525,83091,19793,0
2526,96145,60304,0
2527,55194,88901,0
2528,119131,39171,0
2529,116917,120193,0
2530,89345,146935,0
2531,68993,91495,0
2532,154717,63717,0
2533,144922,49650,0
2534,89508,94431,0
2535,101347,56484,0
2536,150297,85139,0
2537,66447,127560,0
2538,26875,3456,0
2539,147942,29209,0
2540,128676,147957,0
2541,112425,97161,0
2542,48789,104207,0
2543,69578,68480,0
2544,59834,108827,0
2545,126527,109637,0
2546,22119,132764,0
2547,142401,151855,0
2548,21957,154580,0
2549,96271,125000,0
2550,89731,8219,0
2551,44705,149837,0
2552,142863,99082,0
2553,81141,4521,0
2554,60566,150111,0
2555,152919,95731,0
2556,87572,1979,0
2557,54772,141365,0
2558,87474,142769,0
2559,27098,89570,0
2560,135852,118129,0
2561,11742,84387,0
2562,107952,88215,0
2563,54255,130576,0
2564,90919,23978,0
2565,87179,109265,0
2566,38415,79313,0
2567,105717,138372,0
2568,84108,74656,0
2569,550,110766,0
2570,27392,143287,0
2571,18601,133737,0
2572,104014,119615,0
2573,116043,25279,0
2574,117901,30281,0
2575,100951,67895,0
2576,10358,39223,0
2577,102924,151365,0
2578,67416,23859,0
2579,9761,90113,0
2580,124132,130,0
2581,92910,115890,0
2582,38963,50214,0
2583,104364,59873,0
2584,22619,35607,0
2585,127360,125793,0
2586,116956,116720,0
2587,68171,99964,0
2588,99901,53289,0
2589,97322,95352,0
2590,144381,148455,0
2591,119639,11219,0
2592,97814,36030,0
2593,124159,90816,0
2594,28574,82198,0
2595,69306,10456,0
2596,69732,47314,0
2597,26732,74662,0
2598,35436,106774,0
2599,129852,8288,0
2600,124781,21186,0
2601,154835,108713,0
2602,128989,35429,0
2603,132175,77383,0
2604,136123,82436,0
2605,143269,24417,0
2606,46812,80887,0
2607,153282,29109,0
2608,4595,146881,0
2609,39872,106420,0
2610,52837,1132,0
2611,3582,46650,0
2612,94758,51301,0
2613,28897,1670,0
2614,66159,31561,0
2615,22703,126457,0
2616,114069,137813,0
2617,41276,48037,0
2618,114107,146398,0
2619,29162,147276,0
2620,3110,4802,0
2621,143544,151755,0
2622,74923,73384,0
2623,146826,22302,0
2624,99140,109078,0
2625,74221,66102,0
2626,62218,110397,0
2627,65291,102402,0
2628,52027,81016,0
2629,89336,103694,0
2630,15068,73945,0
2631,16570,8553,0
2632,64322,2003,0
2633,67627,91745,0
2634,87811,114881,0
2635,28484,42817,0
2636,109715,97237,0
2637,129559,18663,0
2638,102364,46738,0
2639,77582,41179,0
2640,77063,62660,0
2641,63579,57898,0
2642,98907,121160,0
2643,44029,36927,0
2644,93660,147970,0
2645,35494,148263,0
2646,76069,57441,0
2647,74386,113596,0
2648,11577,16609,0
2649,80517,737,0
2650,121154,62954,0
2651,92168,6114,0
2652,11911,39725,0
2653,78901,133432,0
2654,92558,131915,0
2655,36296,35605,0
2656,13944,34187,0
2657,115251,85502,0
2658,78665,23835,0
2659,49443,133903,0
2660,130258,88115,0
2661,116121,20798,0
2662,124891,47977,0
2663,129639,40031,0
2664,89251,153363,0
2665,60555,147928,0
2666,115964,133491,0
2667,79533,61256,0
2668,64380,37713,0
2669,57151,64775,0
2670,21569,147761,0
2671,106124,34309,0
2672,44479,24097,0
2673,82344,68508,0
2674,93345,30347,0
2675,87801,1316,0
2676,127289,92200,0
2677,6448,86830,0
2678,38196,34891,0
2679,84996,118068,0
2680,29572,105558,0
2681,105371,14480,0
2682,118642,40474,0
2683,1861,62533,0
2684,94911,152999,0
2685,29897,93750,0
2686,126983,60694,0
2687,112567,52904,0
2688,5903,38910,0
2689,12499,16220,0
2690,69889,99288,0
2691,120621,77806,0
2692,134449,46942,0
2693,114960,146090,0
2694,904,138258,0
2695,117624,86402,0
2696,30952,101410,0
2697,99437,103597,0
2698,70193,3601,0
2699,45429,5702,0
2700,121713,123986,0
2701,68243,76860,0
2702,7786,27399,0
2703,104201,80410,0
2704,36113,134214,0
2705,22033,143491,0
2706,97432,86558,0
2707,28971,2690,0
2708,85579,133074,0
2709,54128,119258,0
2710,77795,40255,0
2711,145466,23119,0
2712,28389,126947,0
2713,149719,99432,0
2714,94543,154333,0
2715,103354,107010,0
2716,37545,77485,0
2717,128391,10873,0
2718,21576,148641,0
2719,55777,86690,0
2720,85849,23690,0
2721,150463,115525,0
2722,35234,31530,0
2723,73908,107353,0
2724,128875,57938,0
2725,117351,77842,0
2726,6739,122057,0
2727,154306,12990,0
2728,77754,20957,0
2729,77563,113367,0
2730,44606,16301,0
2731,107825,102824,0
2732,119091,130677,0
2733,127587,22272,0
2734,96226,61764,0
2735,92732,981,0
2736,6829,129470,0
2737,78629,120547,0
2738,20371,8086,0
2739,52161,70948,0
2740,140293,104976,0
2741,82791,96218,0
2742,106007,736,0
2743,124232,49143,0
2744,137066,72155,0
2745,14572,31301,0
2746,55396,82009,0
2747,29036,100787,0
2748,154853,43171,0
2749,80544,150421,0
2750,89224,151386,0
2751,105893,30030,0
2752,48228,50834,0
2753,50036,150635,0
2754,141613,86571,0
2755,105582,12478,0
2756,12748,11514,0
2757,61619,97483,0
2758,109901,101501,0
2759,102569,124988,0
2760,50167,59625,0
2761,139192,143357,0
2762,136242,99518,0
2763,87592,36988,0
2764,79295,82102,0
2765,100381,94353,0
2766,117253,68844,0
2767,86781,87562,0
2768,67629,7811,0
2769,84795,95422,0
2770,124271,142942,0
2771,146304,123793,0
2772,114922,86014,0
2773,65033,149118,0
2774,128510,143607,0
2775,25265,112476,0
2776,82803,14632,0
2777,3977,148514,0
2778,136517,34862,0
2779,97318,39087,0
2780,106334,108396,0
2781,127654,59421,0
2782,90017,28094,0
2783,4631,1129,0
2784,13830,82966,0
2785,49115,7410,0
2786,20,133586,0
2787,154729,65272,0
2788,5624,123542,0
2789,91677,145166,0
2790,24075,148966,0
2791,120745,18105,0
2792,128361,94702,0
2793,69628,142127,0
2794,73792,149540,0
2795,147361,110588,0
2796,35637,155103,0
2797,65572,79150,0
2798,107504,76202,0
2799,65588,104288,0
2800,123133,64642,0
2801,81157,37773,0
2802,150801,60417,0
2803,113453,94877,0
2804,31665,82553,0
2805,152106,32386,0
2806,38342,151480,0
2807,82550,4151,0
2808,60583,62673,0
2809,18326,32267,0
2810,35733,12340,0
2811,41286,6749,0
2812,110804,84230,0
2813,13166,110775,0
2814,54669,46517,0
2815,10262,20714,0
2816,83012,72640,0
2817,60196,65032,0
2818,102302,80841,0
2819,5259,112928,0
2820,73985,18652,0
2821,118088,50627,0
2822,151418,51109,0
2823,152406,66119,0
2824,98390,150881,0
2825,25194,11796,0
2826,88831,121084,0
2827,7314,65917,0
2828,93128,80180,0
2829,73187,45588,0
2830,101438,145682,0
2831,97721,36506,0
2832,120200,35931,0
2833,114160,4380,0
2834,102534,109526,0
2835,36811,44821,0
2836,17822,82302,0
2837,85571,124062,0
2838,13307,61939,0
2839,56303,148823,0
2840,125737,81183,0
2841,95277,46043,0
2842,48844,66929,0
2843,137268,31668,0
2844,28551,105631,0
2845,46288,116218,0
2846,115309,88295,0
2847,35916,97928,0
2848,95135,104512,0
2849,95495,6891,0
2850,13273,139741,0
2851,23019,39267,0
2852,129657,125350,0
2853,71055,95964,0
2854,46558,15280,0
2855,134022,50543,0
2856,84125,154336,0
2857,130341,94367,0
2858,65980,4481,0
2859,37673,77861,0
2860,137941,96824,0
2861,48205,90773,0
2862,148665,80338,0
2863,81997,152602,0
2864,113808,29299,0
2865,118607,95707,0
2866,141168,144170,0
2867,152570,53485,0
2868,133367,89944,0
2869,44383,116096,0
2870,134989,88020,0
2871,56721,125593,0
2872,138569,94801,0
2873,69437,68799,0
2874,140398,106264,0
2875,40308,134755,0
2876,110022,17289,0
2877,119622,4888,0
2878,94503,54807,0
2879,36722,17931,0
2880,138895,116532,0
2881,111464,135093,0
2882,72332,10553,0
2883,70160,15565,0
2884,87777,8134,0
2885,131647,120570,0
2886,66666,111236,0
2887,49377,1140,0
2888,36056,51401,0
2889,31653,124384,0
2890,63168,95242,0
2891,106208,54250,0
2892,18111,119573,0
2893,50566,152290,0
2894,38282,126631,0
2895,69829,122671,0
2896,7984,91477,0
2897,86153,13676,0
2898,41639,69784,0
2899,84825,43882,0
2900,89057,124352,0
2901,59539,44129,0
2902,64650,51441,0
2903,7861,139868,0
2904,8334,77410,0
2905,111089,26997,0
2906,74455,141862,0
2907,79297,88348,0
2908,154458,1241,0
2909,87237,22962,0
2910,19823,11375,0
2911,14813,35700,0
2912,121095,83898,0
2913,65024,41337,0
2914,26734,51150,0
2915,46380,58858,0
2916,133943,66757,0
2917,45551,14442,0
2918,8702,40167,0
2919,76277,103717,0
2920,37509,56475,0
2921,88178,61740,0
2922,70494,92412,0
2923,112723,144177,0
2924,555,151249,0
2925,145599,22231,0
2926,130331,145521,0
2927,108044,86694,0
2928,114855,36878,0
2929,19283,123352,0
2930,56946,108134,0
2931,105668,98471,0
2932,103903,129507,0
2933,110984,28316,0
2934,34132,17312,0
2935,58436,109411,0
2936,120481,20628,0
2937,29296,83169,0
2938,130646,22536,0
2939,146996,87505,0
2940,1581,49273,0
2941,71414,94929,0
2942,53736,30195,0
2943,50475,11135,0
2944,126206,79987,0
2945,64052,70287,0
2946,120913,39915,0
2947,37040,17820,0
2948,128856,153709,0
2949,141685,141512,0
2950,8065,147470,0
2951,20490,142856,0
2952,43420,136890,0
2953,11770,57502,0
2954,98968,87285,0
2955,110294,21547,0
2956,127476,48514,0
2957,37317,139289,0
2958,43102,78995,0
2959,70327,62942,0
2960,88505,131966,0
2961,18786,85989,0
2962,17265,62898,0
2963,62159,124240,0
2964,126436,30795,0
2965,70494,436,0
2966,58208,86686,0
2967,57701,14025,0
2968,7398,123914,0
2969,3460,97406,0
2970,10846,62329,0
2971,68778,44622,0
2972,9677,152774,0
2973,65612,119664,0
2974,3779,9868,0
2975,28651,28437,0
2976,37845,39375,0
2977,136313,12113,0
2978,63539,150370,0
2979,81297,47945,0
2980,71844,128765,0
2981,91401,39742,0
2982,99708,133071,0
2983,75354,9213,0
2984,141423,127520,0
2985,53563,17680,0
2986,152851,92044,0
2987,22641,6038,0
2988,28693,106292,0
2989,18693,112514,0
2990,114872,109633,0
2991,76941,49846,0
2992,62362,13794,0
2993,128047,147934,0
2994,151620,1241,0
2995,93468,104435,0
2996,795,122801,0
2997,76069,101607,0
2998,100244,119041,0
2999,134211,48596,0
3000,65859,62260,0
3001,97098,121838,0
3002,20434,65165,0
3003,143361,6085,0
3004,91003,2403,0
3005,42896,40274,0
3006,82886,75722,0
3007,53353,118513,0
3008,15241,126320,0
3009,66882,100034,0
3010,71907,42943,0
3011,144129,149277,0
3012,65073,109910,0
3013,78938,125385,0
3014,109306,111527,0
3015,31290,73262,0
3016,54553,116542,0
3017,11254,141501,0
3018,90372,7000,0
3019,6367,75165,0
3020,53801,95863,0
3021,137198,68612,0
3022,28406,107068,0
3023,121945,111161,0
3024,14207,59508,0
3025,13380,82466,0
3026,135703,85072,0
3027,66160,19614,0
3028,46638,80125,0
3029,3627,83768,0
3030,112928,45663,0
3031,82866,2345,0
3032,45843,147139,0
3033,137053,87568,0
3034,53770,21705,0
3035,147752,47946,0
3036,126149,97456,0
3037,67582,64271,0
3038,32783,44720,0
3039,53709,131336,0
3040,107659,22255,0
3041,1861,148083,0
3042,8278,153153,0
3043,51541,135107,0
3044,29360,42463,0
3045,153564,37145,0
3046,4486,122447,0
3047,121966,6208,0
3048,114995,42563,0
3049,47496,140736,0
3050,137784,131106,0
3051,87173,99031,0
3052,16418,117176,0
3053,79648,32013,0
3054,11619,140437,0
3055,11302,120086,0
3056,93896,97725,0
3057,52849,28694,0
3058,30099,105347,0
3059,109751,151096,0
3060,56041,70571,0
3061,78197,20812,0
3062,106968,42612,0
3063,143754,27474,0
3064,76750,95950,0
3065,31760,87714,0
3066,103604,131253,0
3067,35126,109334,0
3068,2246,104770,0
3069,151522,31684,0
3070,80243,115498,0
3071,69459,4387,0
3072,142687,40870,0
3073,116324,123269,0
3074,4678,18994,0
3075,52058,56165,0
3076,95096,64669,0
3077,150183,85818,0
3078,74807,115783,0
3079,9803,118815,0
3080,33068,8144,0
3081,54258,88327,0
3082,11828,132762,0
3083,140581,65182,0
3084,63422,146517,0
3085,46724,154860,0
3086,17297,60704,0
3087,105777,146814,0
3088,28981,152801,0
3089,51259,131801,0
3090,40283,23130,0
3091,29887,77018,0
3092,122895,7660,0
3093,141349,104290,0
3094,86365,45241,0
3095,86096,16428,0
3096,19962,123332,0
3097,110294,89746,0
3098,76799,84686,0
3099,17100,74005,0
3100,58830,36505,0
3101,70333,134380,0
3102,3070,68156,0
3103,38305,136620,0
3104,19288,51905,0
3105,92685,61383,0
3106,10421,60752,0
3107,119866,85625,0
3108,6663,100670,0
3109,134975,116347,0
3110,22673,103628,0
3111,65631,63143,0
3112,31599,92905,0
3113,112790,103252,0
3114,39140,31022,0
3115,57631,137511,0
3116,60110,35417,0
3117,81389,62466,0
3118,65815,39932,0
3119,92438,4049,0
3120,15556,80585,0
3121,27665,49384,0
3122,38058,94770,0
3123,136514,46610,0
3124,91226,131401,0
3125,127483,115151,0
3126,80523,22887,0
3127,109006,94396,0
3128,77135,85465,0
3129,55432,63517,0
3130,108020,144093,0
3131,27654,150810,0
3132,75907,135995,0
3133,36135,36796,0
3134,146065,78496,0
3135,87932,127220,0
3136,66682,88109,0
3137,34175,140784,0
3138,126310,132491,0
3139,143609,39133,0
3140,75728,114813,0
3141,54200,97656,0
3142,144000,8144,0
3143,10268,121789,0
3144,105866,102276,0
3145,92242,48086,0
3146,113086,141509,0
3147,109873,31162,0
3148,142324,95073,0
3149,54038,92094,0
3150,10906,89185,0
3151,151289,151738,0
3152,38456,36238,0
3153,38033,14266,0
3154,38454,96505,0
3155,79260,56377,0
3156,21316,120203,0
3157,58325,83460,0
3158,113364,138200,0
3159,102801,54307,0
3160,94322,28884,0
3161,153903,100054,0
3162,79942,2164,0
3163,28660,16990,0
3164,104212,21030,0
3165,76953,135347,0
3166,132611,35982,0
3167,97373,36370,0
3168,80243,59980,0
3169,138034,77844,0
3170,10355,152284,0
3171,24795,5387,0
3172,53361,32914,0
3173,120150,32837,0
3174,152606,103824,0
3175,111905,145484,0
3176,123397,114108,0
3177,86628,1821,0
3178,17311,76465,0
3179,4660,11780,0
3180,107828,103871,0
3181,87477,45906,0
3182,33267,131127,0
3183,138519,129915,0
3184,99685,147519,0
3185,30360,8322,0
3186,91834,55773,0
3187,46113,121638,0
3188,11958,148994,0
3189,35538,52865,0
3190,141801,20813,0
3191,47126,125439,0
3192,74559,49046,0
3193,42374,67875,0
3194,10558,113181,0
3195,5288,101289,0
3196,31085,151732,0
3197,97390,24167,0
3198,30723,76022,0
3199,48018,28530,0
3200,20995,121431,0
3201,151800,145460,0
3202,101130,129193,0
3203,56618,90504,0
3204,47848,71562,0
3205,59516,33343,0
3206,55144,147539,0
3207,4165,86692,0
3208,19629,150631,0
3209,51700,89459,0
3210,6347,117197,0
3211,2849,144222,0
3212,7129,37264,0
3213,152342,32069,0
3214,1061,76616,0
3215,54105,96025,0
3216,32848,131513,0
3217,145621,105738,0
3218,47343,10662,0
3219,41453,101527,0
3220,129651,150708,0
3221,38376,127575,0
3222,87021,99078,0
3223,22259,29298,0
3224,50293,69086,0
3225,14051,116122,0
3226,13212,31354,0
3227,28397,43136,0
3228,71839,96249,0
3229,57749,129490,0
3230,145498,11304,0
3231,73824,9811,0
3232,130025,107759,0
3233,68272,67238,0
3234,120672,12854,0
3235,65352,69807,0
3236,54963,14098,0
3237,145222,147150,0
3238,108030,126799,0
3239,44311,145612,0
3240,12385,91866,0
3241,116981,22547,0
3242,139421,77274,0
3243,106819,111028,0
3244,106773,35787,0
3245,46912,6407,0
3246,87384,66979,0
3247,119463,2679,0
3248,81709,133353,0
3249,89823,26875,0
3250,97461,94967,0
3251,70774,114707,0
3252,52163,144473,0
3253,131409,12874,0
3254,154224,39870,0
3255,87275,154962,0
3256,40151,25057,0
3257,28853,125579,0
3258,39248,94039,0
3259,12877,154867,0
3260,39683,37592,0
3261,7018,28936,0
3262,40345,14194,0
3263,90375,102636,0
3264,9455,69554,0
3265,15017,140356,0
3266,59106,101354,0
3267,93563,146006,0
3268,86517,2922,0
3269,119599,141521,0
3270,78201,153238,0
3271,99226,91273,0
3272,133820,123917,0
3273,139020,3692,0
3274,33029,13477,0
3275,74543,147653,0
3276,120028,26220,0
3277,79004,77740,0
3278,127257,130165,0
3279,63819,154732,0
3280,28089,112837,0
3281,117994,5449,0
3282,48363,103619,0
3283,11407,35869,0
3284,133617,34115,0
3285,10677,8123,0
3286,138894,138623,0
3287,50374,95732,0
3288,111075,24216,0
3289,84497,89039,0
3290,53728,64688,0
3291,101206,78039,0
3292,16421,73306,0
3293,142583,121420,0
3294,5288,98461,0
3295,54461,149834,0
3296,120340,98609,0
3297,109590,56412,0
3298,130122,153424,0
3299,113925,109098,0
3300,152155,155057,0
3301,153675,72566,0
3302,60600,127564,0
3303,77622,4989,0
3304,115086,82319,0
3305,139847,149741,0
3306,68853,93683,0
3307,58208,84302,0
3308,26310,21883,0
3309,59553,137723,0
3310,126319,99514,0
3311,5554,72013,0
3312,124063,120605,0
3313,13295,23558,0
3314,87365,84426,0
3315,23374,66974,0
3316,47775,96128,0
3317,109390,45584,0
3318,86249,89206,0
3319,18738,108402,0
3320,74685,126759,0
3321,29831,78860,0
3322,79105,51449,0
3323,110732,73962,0
3324,62360,43117,0
3325,23708,68697,0
3326,28095,54624,0
3327,88406,75891,0
3328,116809,141035,0
3329,151404,43799,0
3330,51501,48876,0
3331,67575,38068,0
3332,79754,35893,0
3333,112262,57952,0
3334,39816,122027,0
3335,84130,27542,0
3336,35881,88165,0
3337,7689,144361,0
3338,22953,150731,0
3339,26266,144795,0
3340,38851,145396,0
3341,50933,23654,0
3342,119705,82397,0
3343,92778,132472,0
3344,7539,112011,0
3345,121954,73751,0
3346,92472,139503,0
3347,69564,44005,0
3348,52472,154459,0
3349,87685,150178,0
3350,88332,92733,0
3351,91313,83706,0
3352,119272,138566,0
3353,140748,66632,0
3354,68021,53784,0
3355,672,79285,0
3356,144216,43741,0
3357,88658,33004,0
3358,123294,29673,0
3359,7295,150343,0
3360,45127,39549,0
3361,138965,141172,0
3362,91116,514,0
3363,47313,38195,0
3364,136635,120678,0
3365,78977,17077,0
3366,7991,98295,0
3367,107988,111441,0
3368,109464,58349,0
3369,108637,91061,0
3370,67322,132625,0
3371,28708,50368,0
3372,96711,56301,0
3373,26655,73336,0
3374,82012,121697,0
3375,70010,134134,0
3376,48114,72727,0
3377,778,26694,0
3378,10883,97813,0
3379,74900,79625,0
3380,138958,33746,0
3381,137773,135349,0
3382,66198,143133,0
3383,130202,36369,0
3384,85318,45458,0
3385,97455,11771,0
3386,45464,35672,0
3387,74113,53189,0
3388,20752,7323,0
3389,30328,68480,0
3390,39117,99312,0
3391,109960,113052,0
3392,44587,97773,0
3393,26483,152214,0
3394,33395,41912,0
3395,11890,18175,0
3396,154434,122587,0
3397,48662,4735,0
3398,150192,29665,0
3399,100475,63516,0
3400,12803,147799,0
3401,142134,65397,0
3402,28650,124819,0
3403,118124,8287,0
3404,107445,44108,0
3405,19291,53582,0
3406,31424,122233,0
3407,44926,69596,0
3408,15574,48405,0
3409,151421,115386,0
3410,23845,66057,0
3411,95842,143115,0
3412,16820,101227,0
3413,101319,80812,0
3414,30737,74772,0
3415,58224,47164,0
3416,3691,74483,0
3417,103107,130005,0
3418,75787,124982,0
3419,23545,54293,0
3420,130426,96682,0
3421,102913,29861,0
3422,54494,66283,0
3423,87667,148540,0
3424,135470,142701,0
3425,87983,84326,0
3426,83141,82661,0
3427,30962,75496,0
3428,20321,41944,0
3429,115783,153462,0
3430,70378,71473,0
3431,129797,43237,0
3432,145308,70171,0
3433,149565,36486,0
3434,91221,28412,0
3435,91984,3121,0
3436,88173,143883,0
3437,77225,145397,0
3438,121237,110271,0
3439,111714,61621,0
3440,81402,13848,0
3441,13536,140884,0
3442,145928,6218,0
3443,88205,88483,0
3444,83981,19053,0
3445,150400,124021,0
3446,1701,103142,0
3447,12305,147675,0
3448,48570,109972,0
3449,124772,45649,0
3450,54734,147179,0
3451,72788,150058,0
3452,33819,68480,0
3453,55320,152504,0
3454,128373,98221,0
3455,4939,66662,0
3456,146749,38257,0
3457,75657,60311,0
3458,25327,123961,0
3459,100166,74218,0
3460,15238,74407,0
3461,151732,103723,0
3462,135860,43681,0
3463,138612,114150,0
3464,7022,117158,0
3465,306,27161,0
3466,87520,56599,0
3467,119415,93295,0
3468,140214,11067,0
3469,21879,13950,0
3470,38116,122371,0
3471,9369,74255,0
3472,27718,151192,0
3473,23482,95144,0
3474,88961,75594,0
3475,99094,21861,0
3476,88774,142232,0
3477,133754,117005,0
3478,6329,99825,0
3479,25558,145517,0
3480,101291,59404,0
3481,151754,106942,0
3482,50374,144264,0
3483,45673,57992,0
3484,14720,83351,0
3485,97764,75987,0
3486,62369,26045,0
3487,71143,111340,0
3488,45993,83117,0
3489,119906,32651,0
3490,85952,35581,0
3491,148557,103607,0
3492,37027,108404,0
3493,64356,129128,0
3494,102172,29057,0
3495,77589,83203,0
3496,130314,135880,0
3497,112317,53273,0
3498,83054,46254,0
3499,6102,78709,0
3500,22724,102424,0
3501,139856,13939,0
3502,2272,140165,0
3503,141349,123436,0
3504,143468,28024,0
3505,46150,125561,0
3506,3633,109619,0
3507,59334,126845,0
3508,135530,33285,0
3509,151289,4235,0
3510,128696,93165,0
3511,145699,149243,0
3512,94572,74344,0
3513,38054,102381,0
3514,122051,57641,0
3515,151317,95185,0
3516,32042,16267,0
3517,68228,43753,0
3518,145622,102375,0
3519,96721,108191,0
3520,135094,104211,0
3521,115321,50516,0
3522,10649,15210,0
3523,96276,67956,0
3524,97216,113517,0
3525,52646,133770,0
3526,152286,65667,0
3527,31951,71272,0
3528,135874,34567,0
3529,84163,142322,0
3530,103878,41670,0
3531,67951,133160,0
3532,125911,19023,0
3533,101458,60596,0
3534,91195,153021,0
3535,131301,31309,0
3536,89336,120878,0
3537,57092,15721,0
3538,129847,123165,0
3539,35349,28464,0
3540,20845,8515,0
3541,115821,148458,0
3542,43647,147209,0
3543,137894,95363,0
3544,143521,59344,0
3545,112248,120143,0
3546,16058,31711,0
3547,23224,150707,0
3548,85902,38421,0
3549,36514,41960,0
3550,1398,135212,0
3551,57633,3676,0
3552,56291,46036,0
3553,63842,89158,0
3554,24905,112920,0
3555,50351,62515,0
3556,89442,19894,0
3557,33699,89720,0
3558,132497,97722,0
3559,39913,128844,0
3560,66530,44395,0
3561,144647,60524,0
3562,147386,136001,0
3563,13624,120058,0
3564,120834,143897,0
3565,82694,149164,0
3566,83413,104329,0
3567,61553,98131,0
3568,26493,120860,0
3569,85006,132704,0
3570,140631,2212,0
3571,110,37101,0
3572,53686,38382,0
3573,134675,72949,0
3574,14464,138046,0
3575,86509,49550,0
3576,51873,97488,0
3577,20687,153101,0
3578,2287,96602,0
3579,45537,61545,0
3580,153795,83740,0
3581,12867,107759,0
3582,30565,62719,0
3583,140438,98857,0
3584,109649,148402,0
3585,141620,40169,0
3586,33149,79301,0
3587,40560,136599,0
3588,47514,96381,0
3589,66083,30211,0
3590,96879,49561,0
3591,66100,70984,0
3592,148707,81100,0
3593,5222,141621,0
3594,55503,41215,0
3595,80291,141932,0
3596,145868,126136,0
3597,143497,89350,0
3598,13658,129975,0
3599,34031,28297,0
3600,52119,134042,0
3601,78680,69063,0
3602,64284,72984,0
3603,2237,31326,0
3604,110559,74716,0
3605,40631,56999,0
3606,36930,92219,0
3607,127519,65751,0
3608,137914,31219,0
3609,111382,42480,0
3610,59603,17485,0
3611,12861,71354,0
3612,1595,24491,0
3613,123591,140961,0
3614,120898,116944,0
3615,131893,25608,0
3616,130655,138301,0
3617,39505,62094,0
3618,148119,79850,0
3619,15497,25473,0
3620,116581,72816,0
3621,41136,63831,0
3622,47323,61250,0
3623,71911,79603,0
3624,110822,27575,0
3625,134171,42514,0
3626,45023,124126,0
3627,38381,11067,0
3628,136938,49704,0
3629,140700,61983,0
3630,65463,143766,0
3631,34218,111964,0
3632,105790,92938,0
3633,108446,49924,0
3634,61676,22438,0
3635,40482,39635,0
3636,138976,22177,0
3637,281,111410,0
3638,39062,14661,0
3639,62370,15129,0
3640,101300,65097,0
3641,27230,57687,0
3642,144030,89065,0
3643,153325,62741,0
3644,20725,40374,0
3645,47405,95400,0
3646,24507,61201,0
3647,41629,84855,0
3648,10235,152280,0
3649,115159,143327,0
3650,65399,77838,0
3651,51573,4186,0
3652,40033,136988,0
3653,47916,130740,0
3654,91722,70790,0
3655,20464,54855,0
3656,62149,49294,0
3657,109194,27864,0
3658,111132,44312,0
3659,137025,74016,0
3660,150202,58926,0
3661,89521,1293,0
3662,119200,131459,0
3663,32402,141196,0
3664,42370,38512,0
3665,108843,13763,0
3666,54394,139552,0
3667,73477,51941,0
3668,126220,88954,0
3669,10519,66528,0
3670,110180,69652,0
3671,49987,65153,0
3672,59017,110536,0
3673,72591,48113,0
3674,46088,15201,0
3675,79796,5081,0
3676,95973,102688,0
3677,26660,54282,0
3678,1983,25486,0
3679,88235,139084,0
3680,120600,119919,0
3681,39845,120923,0
3682,87747,149334,0
3683,28465,117030,0
3684,47603,96915,0
3685,144352,136792,0
3686,79434,20932,0
3687,44377,136844,0
3688,10470,131416,0
3689,95294,105253,0
3690,18568,153330,0
3691,51648,112751,0
3692,144063,87907,0
3693,127897,39902,0
3694,29897,140272,0
3695,80084,149507,0
3696,60684,92708,0
3697,114207,94200,0
3698,51839,100401,0
3699,36051,12424,0
3700,82534,118004,0
3701,4496,98750,0
3702,115820,100488,0
3703,6128,83355,0
3704,33407,91683,0
3705,19267,121727,0
3706,95645,121243,0
3707,14405,99076,0
3708,155085,1285,0
3709,58630,53406,0
3710,62704,129477,0
3711,34502,57951,0
3712,69134,112140,0
3713,60855,40373,0
3714,50372,16125,0
3715,115181,81756,0
3716,70090,81729,0
3717,98364,106535,0
3718,101271,38930,0
3719,66595,63369,0
3720,10099,87636,0
3721,28823,52058,0
3722,123891,136201,0
3723,15681,74196,0
3724,135787,61813,0
3725,73234,59833,0
3726,120360,18749,0
3727,126137,56912,0
3728,72420,26515,0
3729,39523,152742,0
3730,73935,94039,0
3731,64999,92296,0
3732,127473,16810,0
3733,130946,37819,0
3734,99646,117171,0
3735,84543,80693,0
3736,34438,49713,0
3737,35998,95518,0
3738,19898,88267,0
3739,39858,85845,0
3740,123807,8258,0
3741,123046,58785,0
3742,128851,95019,0
3743,84023,56129,0
3744,98166,40319,0
3745,125430,119801,0
3746,75890,87376,0
3747,116218,886,0
3748,99465,37252,0
3749,9896,70071,0
3750,65220,115921,0
3751,70544,32517,0
3752,143819,101305,0
3753,135536,94549,0
3754,61450,63031,0
3755,126043,44792,0
3756,99682,154467,0
3757,154824,112830,0
3758,31472,58076,0
3759,74818,114926,0
3760,114221,45292,0
3761,136074,146536,0
3762,12423,42682,0
3763,88326,89998,0
3764,41628,98351,0
3765,116139,15990,0
3766,3747,70675,0
3767,127014,90648,0
3768,150436,1246,0
3769,79845,137191,0
3770,145927,121996,0
3771,101666,62671,0
3772,91478,96306,0
3773,131616,413,0
3774,99900,148897,0
3775,75993,150431,0
3776,85932,118353,0
3777,128495,35478,0
3778,88389,77274,0
3779,53006,120581,0
3780,59506,137098,0
3781,936,106331,0
3782,142492,129629,0
3783,111324,20541,0
3784,53223,115993,0
3785,131457,92456,0
3786,92414,129634,0
3787,135477,17251,0
3788,110459,86436,0
3789,81447,5384,0
3790,128676,58679,0
3791,5971,119088,0
3792,131462,142667,0
3793,21983,115127,0
3794,51661,49252,0
3795,122467,34759,0
3796,22801,23939,0
3797,147643,23368,0
3798,48910,124854,0
3799,100679,130757,0
3800,117410,68006,0
3801,24767,101587,0
3802,128070,21403,0
3803,36391,98734,0
3804,16840,117226,0
3805,93468,70050,0
3806,151402,126252,0
3807,34982,33193,0
3808,57968,73842,0
3809,126897,88548,0
3810,155149,17855,0
3811,14449,85783,0
3812,80896,73833,0
3813,18860,15816,0
3814,42101,62956,0
3815,150040,128741,0
3816,87475,7462,0
3817,2821,121589,0
3818,39028,13283,0
3819,95634,30335,0
3820,126990,44508,0
3821,11537,112561,0
3822,145661,120995,0
3823,55011,59855,0
3824,13217,131065,0
3825,154229,65762,0
3826,136372,24885,0
3827,44933,147594,0
3828,122110,18521,0
3829,115318,61217,0
3830,2161,80501,0
3831,81650,37760,0
3832,148219,118746,0
3833,69210,75788,0
3834,10766,80193,0
3835,5821,114310,0
3836,45821,18300,0
3837,106026,143008,0
3838,141363,143158,0
3839,132407,142258,0
3840,2970,41933,0
3841,441,91011,0
3842,31826,10335,0
3843,59936,126170,0
3844,98770,133960,0
3845,19945,115117,0
3846,78568,26865,0
3847,33872,70286,0
3848,121768,74798,0
3849,151888,41069,0
3850,119442,41406,0
3851,142776,117551,0
3852,110102,32146,0
3853,135496,44214,0
3854,32363,29931,0
3855,146851,128356,0
3856,43845,63188,0
3857,38797,123475,0
3858,19738,137415,0
3859,81448,4430,0
3860,92706,58,0
3861,19326,9683,0
3862,146351,51097,0
3863,63201,25143,0
3864,8246,62981,0
3865,16955,149032,0
3866,97493,155050,0
3867,152918,146515,0
3868,99662,78728,0
3869,65519,108516,0
3870,122467,130802,0
3871,117335,17171,0
3872,61821,26562,0
3873,69828,36507,0
3874,75302,119098,0
3875,143994,92163,0
3876,79844,98841,0
3877,82653,4425,0
3878,37123,91778,0
3879,139675,45389,0
3880,116856,16976,0
3881,9778,20533,0
3882,9694,97236,0
3883,40997,43664,0
3884,83186,97027,0
3885,93526,122594,0
3886,783,115110,0
3887,5832,134139,0
3888,91230,103448,0
3889,143688,82403,0
3890,49839,51533,0
3891,117372,23988,0
3892,101950,139463,0
3893,104469,132438,0
3894,1066,75900,0
3895,137699,84476,0
3896,82723,89340,0
3897,80389,28538,0
3898,122853,152837,0
3899,87179,104862,0
3900,70008,92068,0
3901,15474,47061,0
3902,26168,34078,0
3903,24763,24440,0
3904,150987,104856,0
3905,112347,61155,0
3906,73044,117319,0
3907,133336,15353,0
3908,145535,85814,0
3909,284,94073,0
3910,127731,14101,0
3911,64959,150824,0
3912,144033,3027,0
3913,23696,11153,0
3914,108270,10670,0
3915,143861,66673,0
3916,18741,57718,0
3917,146474,27967,0
3918,101532,149700,0
3919,152202,128558,0
3920,30044,19305,0
3921,66987,1986,0
3922,43654,120440,0
3923,54461,13415,0
3924,138853,83611,0
3925,43964,80953,0
3926,140319,61368,0
3927,92657,92004,0
3928,68973,24063,0
3929,105603,93073,0
3930,87565,121190,0
3931,69812,4579,0
3932,94469,113349,0
3933,68421,87269,0
3934,92305,45427,0
3935,75194,89161,0
3936,138686,7171,0
3937,50023,15669,0
3938,35105,33748,0
3939,31421,28301,0
3940,79442,97669,0
3941,55788,93623,0
3942,36664,74038,0
3943,104627,106706,0
3944,154186,18637,0
3945,67947,137697,0
3946,62787,19985,0
3947,23673,27438,0
3948,31298,5474,0
3949,153251,68035,0
3950,100422,16855,0
3951,136498,61923,0
3952,16563,36332,0
3953,58727,137519,0
3954,71750,35725,0
3955,89294,120170,0
3956,19449,22716,0
3957,85242,60824,0
3958,62493,19893,0
3959,138134,152836,0
3960,19441,52215,0
3961,152154,45022,0
3962,3245,45911,0
3963,12162,15476,0
3964,139153,150598,0
3965,39544,10065,0
3966,65947,71058,0
3967,8783,73075,0
3968,86388,55130,0
3969,134120,1532,0
3970,135413,52319,0
3971,61955,49917,0
3972,124957,97063,0
3973,10476,146018,0
3974,5485,36356,0
3975,68778,136175,0
3976,37430,129388,0
3977,135003,48939,0
3978,125567,150495,0
3979,70861,28112,0
3980,113176,22981,0
3981,138610,94237,0
3982,138126,125277,0
3983,135804,4798,0
3984,130220,141300,0
3985,27836,35618,0
3986,69615,76929,0
3987,95794,88434,0
3988,9382,26159,0
3989,100220,82833,0
3990,4405,134222,0
3991,52925,62039,0
3992,120501,121561,0
3993,20093,11347,0
3994,85645,43653,0
3995,152788,58348,0
3996,27080,58530,0
3997,103312,89747,0
3998,26042,86329,0
3999,126756,77764,0
4000,20375,15049,0
4001,65781,126545,0
4002,86007,79789,0
4003,53391,119861,0
4004,141754,32997,0
4005,44837,139807,0
4006,68802,107360,0
4007,97282,2688,0
4008,9742,118208,0
4009,139732,56003,0
4010,96497,99755,0
4011,152211,59188,0
4012,128271,151323,0
4013,94749,25498,0
4014,149913,55179,0
4015,32248,95363,0
4016,149818,42023,0
4017,56807,46230,0
4018,53139,45361,0
4019,131767,39773,0
4020,129257,90318,0
4021,12913,69198,0
4022,50827,20111,0
4023,132820,131222,0
4024,22670,113149,0
4025,66434,34880,0
4026,149107,43610,0
4027,26418,86651,0
4028,10351,25397,0
4029,28686,14019,0
4030,44862,106837,0
4031,44412,130612,0
4032,146511,123266,0
4033,49019,35486,0
4034,81525,36589,0
4035,143083,145100,0
4036,49014,118265,0
4037,25371,29690,0
4038,143947,64536,0
4039,78469,45370,0
4040,26029,45300,0
4041,105535,25066,0
4042,66101,72279,0
4043,127731,116813,0
4044,126718,90615,0
4045,76504,37678,0
4046,14458,64529,0
4047,103604,32737,0
4048,132369,5807,0
4049,93324,91501,0
4050,25904,34569,0
4051,130023,33525,0
4052,13767,57902,0
4053,28441,92831,0
4054,93782,151054,0
4055,40309,94023,0
4056,2076,126071,0
4057,134853,66560,0
4058,66096,108728,0
4059,16045,103499,0
4060,27113,83877,0
4061,100961,90985,0
4062,108849,107994,0
4063,14274,120165,0
4064,42221,83844,0
4065,98826,61329,0
4066,113298,87903,0
4067,115596,87575,0
4068,139266,79607,0
4069,68063,47493,0
4070,112633,116750,0
4071,21642,7122,0
4072,145593,106611,0
4073,92839,78141,0
4074,3681,122316,0
4075,116917,62332,0
4076,153905,63267,0
4077,138945,43103,0
4078,26782,45430,0
4079,50974,62044,0
4080,1876,91129,0
4081,133324,28101,0
4082,132298,70855,0
4083,19709,42630,0
4084,54374,83362,0
4085,47154,73072,0
4086,99369,36468,0
4087,53725,58785,0
4088,107497,31163,0
4089,10598,44956,0
4090,105975,66613,0
4091,71491,123630,0
4092,154814,125764,0
4093,43277,106592,0
4094,35517,26242,0
4095,76504,35729,0
4096,67678,13132,0
4097,85011,47646,0
4098,39779,154156,0
4099,114973,141276,0
4100,37792,117450,0
4101,126238,96003,0
4102,105155,145426,0
4103,100964,91793,0
4104,32311,23998,0
4105,86199,17627,0
4106,147390,16057,0
4107,48975,8320,0
4108,17609,135626,0
4109,15508,148053,0
4110,90086,119752,0
4111,19751,45736,0
4112,89032,49806,0
4113,143339,127736,0
4114,114972,134546,0
4115,143084,77078,0
4116,104267,125533,0
4117,37205,88806,0
4118,154348,122747,0
4119,135463,143700,0
4120,18816,102053,0
4121,86949,46819,0
4122,113359,97458,0
4123,28489,155108,0
4124,65918,110776,0
4125,14329,21920,0
4126,130448,110650,0
4127,42261,131171,0
4128,65552,9855,0
4129,14696,12677,0
4130,2064,52056,0
4131,43793,145911,0
4132,135518,121709,0
4133,152183,11178,0
4134,143137,126510,0
4135,137786,116017,0
4136,41527,94628,0
4137,14146,24590,0
4138,61001,142748,0
4139,147397,23470,0
4140,123409,1723,0
4141,50156,1093,0
4142,57707,39315,0
4143,81098,62909,0
4144,151719,134876,0
4145,107162,100244,0
4146,143991,47818,0
4147,62622,113152,0
4148,101815,75015,0
4149,167,85179,0
4150,123584,114635,0
4151,1128,106424,0
4152,62124,45949,0
4153,49691,67017,0
4154,20852,83270,0
4155,86484,29893,0
4156,136975,136611,0
4157,46585,87533,0
4158,26050,32564,0
4159,105899,94424,0
4160,78286,150766,0
4161,97255,82858,0
4162,33875,10036,0
4163,52680,144071,0
4164,14001,90680,0
4165,139960,93379,0
4166,115330,56727,0
4167,117639,146189,0
4168,8256,35078,0
4169,84475,145272,0
4170,130712,102892,0
4171,114983,57455,0
4172,86125,95290,0
4173,79860,43040,0
4174,107086,120424,0
4175,47195,110614,0
4176,13453,4291,0
4177,76190,50671,0
4178,134838,115934,0
4179,53922,34105,0
4180,22856,107827,0
4181,64003,89146,0
4182,68441,24364,0
4183,147856,72710,0
4184,77126,54703,0
4185,71949,64267,0
4186,106053,142191,0
4187,898,112779,0
4188,46945,71017,0
4189,67460,17592,0
4190,23310,143070,0
4191,127962,57722,0
4192,5537,58152,0
4193,141199,140269,0
4194,53234,25857,0
4195,63523,24319,0
4196,27665,9458,0
4197,151878,5449,0
4198,61725,98832,0
4199,16121,63145,0
4200,127915,16638,0
4201,78195,84877,0
4202,19037,155195,0
4203,144917,149829,0
4204,33365,50383,0
4205,59243,39805,0
4206,138069,68340,0
4207,1374,118772,0
4208,98555,5172,0
4209,111582,4642,0
4210,143267,128224,0
4211,98310,38566,0
4212,125759,3706,0
4213,110432,137675,0
4214,152567,63253,0
4215,58694,58382,0
4216,108535,42638,0
4217,119568,6511,0
4218,146403,118574,0
4219,63395,93924,0
4220,147963,78028,0
4221,138682,134111,0
4222,44198,67218,0
4223,17971,71955,0
4224,12723,79101,0
4225,1128,86592,0
4226,24723,88770,0
4227,5668,94247,0
4228,16838,74581,0
4229,141110,29215,0
4230,88844,56175,0
4231,144683,135482,0
4232,116294,2909,0
4233,153312,95808,0
4234,54107,8608,0
4235,23783,32017,0
4236,69772,116119,0
4237,112109,38247,0
4238,145024,19439,0
4239,117251,93180,0
4240,10554,132536,0
4241,147269,15545,0
4242,103794,55658,0
4243,13052,19163,0
4244,36792,100696,0
4245,81518,109806,0
4246,21260,149755,0
4247,50205,19237,0
4248,64886,86880,0
4249,61001,67224,0
4250,8391,113408,0
4251,24560,107265,0
4252,12526,70299,0
4253,133974,142132,0
4254,124092,49779,0
4255,98043,67160,0
4256,107157,131404,0
4257,104359,101416,0
4258,13121,115849,0
4259,29698,68325,0
4260,46681,113618,0
4261,23182,52419,0
4262,41958,152583,0
4263,47339,89920,0
4264,134903,113997,0
4265,52704,102127,0
4266,109947,78426,0
4267,110389,42276,0
4268,70635,54484,0
4269,127678,146415,0
4270,144767,13845,0
4271,129416,109645,0
4272,24077,16794,0
4273,90329,20068,0
4274,29770,93851,0
4275,124610,9540,0
4276,107329,23943,0
4277,39783,44687,0
4278,82653,82210,0
4279,100870,74475,0
4280,129245,16007,0
4281,24263,64468,0
4282,57014,45968,0
4283,57755,119336,0
4284,76477,60221,0
4285,91748,110633,0
4286,66730,70351,0
4287,21019,79520,0
4288,30456,64694,0
4289,117632,29300,0
4290,125337,51104,0
4291,3354,68380,0
4292,41598,50687,0
4293,89717,1817,0
4294,84233,15870,0
4295,30772,122143,0
4296,12508,8642,0
4297,149612,66629,0
4298,143400,145329,0
4299,68232,4154,0
4300,125813,3971,0
4301,112058,78261,0
4302,120713,144231,0
4303,46003,92079,0
4304,47517,25332,0
4305,60600,141981,0
4306,143533,55026,0
4307,148640,94315,0
4308,55618,42943,0
4309,30858,79108,0
4310,84530,86376,0
4311,14160,52042,0
4312,153108,130411,0
4313,86353,150635,0
4314,11208,99535,0
4315,110181,91338,0
4316,40053,137220,0
4317,84244,48423,0
4318,149232,56964,0
4319,153959,124756,0
4320,16646,128816,0
4321,66204,68924,0
4322,97422,128307,0
4323,5125,68014,0
4324,144639,117074,0
4325,95728,141702,0
4326,72344,93707,0
4327,84762,139835,0
4328,77200,67823,0
4329,113699,103540,0
4330,31025,53484,0
4331,38051,20942,0
4332,71787,155073,0
4333,70529,20257,0
4334,123820,66775,0
4335,53506,56324,0
4336,4646,75285,0
4337,140082,63182,0
4338,117777,75045,0
4339,95545,45759,0
4340,62687,76736,0
4341,4606,154495,0
4342,85195,90433,0
4343,832,32140,0
4344,87766,67901,0
4345,127246,43047,0
4346,134989,48136,0
4347,140354,110133,0
4348,93747,121512,0
4349,20062,130915,0
4350,29159,35248,0
4351,20593,15129,0
4352,145269,104937,0
4353,127951,137799,0
4354,95777,140390,0
4355,49980,13163,0
4356,70956,141513,0
4357,129872,12521,0
4358,80784,37805,0
4359,49560,43672,0
4360,85813,26894,0
4361,32390,46258,0
4362,68478,88909,0
4363,78097,151712,0
4364,60693,149991,0
4365,37222,92545,0
4366,110085,79875,0
4367,56917,19918,0
4368,59159,40425,0
4369,45658,112688,0
4370,95803,84838,0
4371,36485,136484,0
4372,7520,31815,0
4373,80622,135043,0
4374,76276,56209,0
4375,82016,1873,0
4376,1745,114994,0
4377,132597,137875,0
4378,63800,69866,0
4379,135607,16705,0
4380,96149,34541,0
4381,21716,19246,0
4382,74844,83067,0
4383,41122,29948,0
4384,21388,58739,0
4385,95889,57936,0
4386,92528,82608,0
4387,115305,128587,0
4388,90954,130972,0
4389,49359,113929,0
4390,83065,72974,0
4391,91515,101608,0
4392,130533,2566,0
4393,93334,109150,0
4394,95684,39052,0
4395,128950,97397,0
4396,97399,17551,0
4397,125873,134143,0
4398,115825,46172,0
4399,101750,114894,0
4400,94475,92166,0
4401,97393,139239,0
4402,57595,14433,0
4403,32006,12178,0
4404,30987,98149,0
4405,147873,82218,0
4406,68842,119761,0
4407,106637,148402,0
4408,49583,34213,0
4409,136558,58185,0
4410,62864,115359,0
4411,140695,111286,0
4412,38090,35504,0
4413,117298,3889,0
4414,149348,36257,0
4415,36337,38708,0
4416,37930,100091,0
4417,69930,72514,0
4418,139137,85860,0
4419,91216,102619,0
4420,95628,30076,0
4421,152334,25723,0
4422,68534,68177,0
4423,22879,153304,0
4424,6948,70454,0
4425,50401,8489,0
4426,64155,82830,0
4427,73029,83616,0
4428,40123,66029,0
4429,126304,146989,0
4430,144204,129757,0
4431,99914,12902,0
4432,31584,133804,0
4433,149362,116432,0
4434,105110,29624,0
4435,23883,62233,0
4436,37484,49352,0
4437,130635,117961,0
4438,118580,121998,0
4439,95852,49964,0
4440,63083,21389,0
4441,146835,134195,0
4442,46250,97375,0
4443,85326,27447,0
4444,89398,48305,0
4445,134816,136871,0
4446,99895,150182,0
4447,92301,27409,0
4448,53967,33421,0
4449,73127,35106,0
4450,116153,77851,0
4451,2142,100882,0
4452,65612,90957,0
4453,66478,7343,0
4454,2333,151997,0
4455,53349,21479,0
4456,77890,81387,0
4457,88813,98845,0
4458,136950,42467,0
4459,41268,49747,0
4460,49703,141723,0
4461,29598,25380,0
4462,119651,22120,0
4463,127107,9317,0
4464,15986,130140,0
4465,144526,22638,0
4466,18186,116863,0
4467,24549,31850,0
4468,66774,42375,0
4469,8783,51769,0
4470,86572,88592,0
4471,145765,42684,0
4472,45082,15910,0
4473,154176,115923,0
4474,101910,128013,0
4475,42569,79701,0
4476,128888,117371,0
4477,118083,110943,0
4478,1837,20200,0
4479,102401,12939,0
4480,89871,90661,0
4481,46526,118417,0
4482,125047,19620,0
4483,30526,3680,0
4484,8065,55571,0
4485,73772,139854,0
4486,95877,94455,0
4487,110513,155148,0
4488,100549,13290,0
4489,120218,14067,0
4490,119330,95123,0
4491,54829,46847,0
4492,8987,40623,0
4493,147333,27281,0
4494,142792,127108,0
4495,106621,38890,0
4496,4332,125052,0
4497,68005,95093,0
4498,135033,49070,0
4499,153856,77639,0
4500,121409,138294,0
4501,134556,64788,0
4502,149234,90585,0
4503,41229,155,0
4504,40259,87869,0
4505,143036,29370,0
4506,29245,138912,0
4507,148852,154244,0
4508,8808,143818,0
4509,47323,74065,0
4510,75816,39431,0
4511,147856,30776,0
4512,87125,104515,0
4513,123541,69862,0
4514,28304,84726,0
4515,51316,9545,0
4516,144322,107982,0
4517,99319,28654,0
4518,74900,131775,0
4519,103161,56651,0
4520,144025,51153,0
4521,86144,139279,0
4522,80767,144725,0
4523,132453,83408,0
4524,151278,14276,0
4525,133736,5188,0
4526,133847,35599,0
4527,128114,72580,0
4528,74857,66949,0
4529,69214,78792,0
4530,106711,45714,0
4531,154565,91214,0
4532,51616,6436,0
4533,52948,114507,0
4534,134022,143435,0
4535,148082,87533,0
4536,85830,148201,0
4537,124226,52052,0
4538,80418,17786,0
4539,111737,50237,0
4540,71342,122365,0
4541,144838,142389,0
4542,151211,67426,0
4543,130093,93845,0
4544,115742,37473,0
4545,74026,13095,0
4546,58540,25725,0
4547,66574,91270,0
4548,99741,37039,0
4549,85187,111923,0
4550,140612,54303,0
4551,107739,12346,0
4552,112875,9149,0
4553,48806,30398,0
4554,68727,118223,0
4555,70797,121195,0
4556,123289,134798,0
4557,93034,122602,0
4558,121855,2768,0
4559,56938,85222,0
4560,6309,64484,0
4561,129612,31810,0
4562,92125,152538,0
4563,146638,42997,0
4564,83168,3963,0
4565,78760,21776,0
4566,53802,96976,0
4567,135045,10002,0
4568,26552,139849,0
4569,93338,121642,0
4570,58009,4452,0
4571,135813,115125,0
4572,52535,14230,0
4573,33171,5581,0
4574,145364,45898,0
4575,126982,143478,0
4576,59153,146297,0
4577,16982,17446,0
4578,155152,29002,0
4579,114993,149689,0
4580,9447,34357,0
4581,147369,135322,0
4582,17844,134707,0
4583,47330,87937,0
4584,135841,43410,0
4585,46991,79330,0
4586,68422,136708,0
4587,135207,75869,0
4588,77773,109166,0
4589,142234,139450,0
4590,153318,113416,0
4591,20331,61056,0
4592,102679,53287,0
4593,89145,126645,0
4594,5463,114375,0
4595,76276,104830,0
4596,143582,85119,0
4597,112636,86100,0
4598,94643,67224,0
4599,144208,105909,0
4600,95665,27168,0
4601,69578,61804,0
4602,63688,65242,0
4603,153012,58613,0
4604,5070,123864,0
4605,31921,72532,0
4606,27224,120369,0
4607,87054,13130,0
4608,55724,136670,0
4609,140075,125252,0
4610,50931,117927,0
4611,13843,151714,0
4612,150606,19891,0
4613,15676,35891,0
4614,106811,147069,0
4615,107613,117262,0
4616,50447,75600,0
4617,153611,56202,0
4618,17478,43467,0
4619,153740,63149,0
4620,74253,95389,0
4621,148677,23052,0
4622,91026,36565,0
4623,67338,21687,0
4624,154294,70091,0
4625,4797,97572,0
4626,72789,126481,0
4627,17377,153058,0
4628,71029,36385,0
4629,147694,124641,0
4630,90905,118710,0
4631,21208,113823,0
4632,66353,45794,0
4633,40058,84814,0
4634,36842,88063,0
4635,118191,141120,0
4636,56939,114937,0
4637,111073,34026,0
4638,37167,153628,0
4639,133621,65242,0
4640,58130,49567,0
4641,66882,71771,0
4642,149837,26417,0
4643,129595,73424,0
4644,29292,1813,0
4645,122745,47469,0
4646,7998,89309,0
4647,15659,125576,0
4648,83474,67058,0
4649,79914,5092,0
4650,40971,141804,0
4651,5030,90695,0
4652,63086,73361,0
4653,91596,85495,0
4654,16259,106871,0
4655,64004,125618,0
4656,88728,42892,0
4657,69002,87616,0
4658,82960,102250,0
4659,95064,22333,0
4660,56674,2617,0
4661,93001,34920,0
4662,99161,70593,0
4663,139324,124981,0
4664,95867,74977,0
4665,55284,43144,0
4666,130694,49968,0
4667,154502,75173,0
4668,84772,32601,0
4669,147708,93847,0
4670,131414,3372,0
4671,84004,44986,0
4672,56507,147545,0
4673,48904,88063,0
4674,35393,138855,0
4675,88117,1442,0
4676,17844,89283,0
4677,39518,46944,0
4678,79785,55595,0
4679,79187,77816,0
4680,78716,96714,0
4681,79738,56525,0
4682,78523,133953,0
4683,20357,6805,0
4684,148432,38289,0
4685,95906,134581,0
4686,19841,24657,0
4687,56148,85122,0
4688,128518,50037,0
4689,78756,86416,0
4690,131251,31497,0
4691,132294,123928,0
4692,146708,45574,0
4693,39432,65413,0
4694,151736,60559,0
4695,107409,57275,0
4696,124308,81593,0
4697,107678,125220,0
4698,32089,22551,0
4699,57988,128844,0
4700,30730,13282,0
4701,56252,79530,0
4702,87341,58271,0
4703,119999,47014,0
4704,4727,95938,0
4705,64014,17590,0
4706,122259,17601,0
4707,9707,139931,0
4708,82078,105211,0
4709,27682,87946,0
4710,8559,136909,0
4711,116294,60041,0
4712,144321,115368,0
4713,15648,103345,0
4714,46917,44049,0
4715,96780,94860,0
4716,101988,45758,0
4717,66623,138119,0
4718,47688,117053,0
4719,119791,31744,0
4720,87056,75239,0
4721,2753,122587,0
4722,18032,53478,0
4723,140021,133236,0
4724,115903,62659,0
4725,39306,137490,0
4726,15606,41368,0
4727,37565,90881,0
4728,114286,64869,0
4729,35664,153812,0
4730,119458,95150,0
4731,27755,50236,0
4732,9781,64351,0
4733,52648,79490,0
4734,127497,141515,0
4735,77636,125570,0
4736,122038,5465,0
4737,29944,27973,0
4738,43495,66966,0
4739,14398,136463,0
4740,130786,149761,0
4741,128870,151658,0
4742,37681,23912,0
4743,111428,45067,0
4744,30468,95392,0
4745,98450,97207,0
4746,137162,112585,0
4747,94912,116808,0
4748,132160,74691,0
4749,113950,61573,0
4750,108457,30217,0
4751,93450,11703,0
4752,145482,11810,0
4753,92532,130515,0
4754,104755,79758,0
4755,115554,141198,0
4756,14485,61585,0
4757,78734,66974,0
4758,56747,150852,0
4759,18817,26467,0
4760,140932,12363,0
4761,141438,64067,0
4762,114751,118360,0
4763,119058,143501,0
4764,37018,54117,0
4765,12854,3634,0
4766,76062,108868,0
4767,67726,102423,0
4768,154609,151807,0
4769,153619,154606,0
4770,86227,129551,0
4771,90688,70616,0
4772,125737,37804,0
4773,102241,57427,0
4774,101243,25260,0
4775,151603,89503,0
4776,94064,62742,0
4777,152727,46234,0
4778,72923,55513,0
4779,71510,153888,0
4780,154947,49375,0
4781,9631,34580,0
4782,37623,150066,0
4783,124381,15760,0
4784,53959,145389,0
4785,52560,127582,0
4786,76771,149875,0
4787,97635,143828,0
4788,105313,112960,0
4789,48115,152192,0
4790,28467,142394,0
4791,126241,130552,0
4792,61370,126040,0
4793,54082,110648,0
4794,139311,123233,0
4795,19577,8866,0
4796,151337,69186,0
4797,50308,94678,0
4798,64683,47191,0
4799,149237,98832,0
4800,73752,123956,0
4801,87531,85978,0
4802,5376,146471,0
4803,45503,135618,0
4804,15046,41350,0
4805,87853,7136,0
4806,135330,5172,0
4807,21316,79600,0
4808,51884,110854,0
4809,108906,3124,0
4810,34771,148145,0
4811,71842,140572,0
4812,140534,152694,0
4813,57029,45247,0
4814,22819,137905,0
4815,118172,38594,0
4816,101205,58556,0
4817,109436,492,0
4818,59098,39675,0
4819,113340,25224,0
4820,7954,94570,0
4821,22727,115869,0
4822,62342,54783,0
4823,39515,107204,0
4824,154961,140856,0
4825,78575,2509,0
4826,76102,102482,0
4827,72022,70989,0
4828,91138,33746,0
4829,71491,57736,0
4830,72791,133370,0
4831,45912,82545,0
4832,154253,49681,0
4833,112425,34790,0
4834,90350,139080,0
4835,148776,141777,0
4836,71692,123340,0
4837,81441,71930,0
4838,115417,118951,0
4839,144908,1738,0
4840,65980,98957,0
4841,3556,17901,0
4842,95171,83223,0
4843,76454,59691,0
4844,37962,85973,0
4845,90922,83139,0
4846,144888,25870,0
4847,38372,135416,0
4848,80297,92928,0
4849,54,138222,0
4850,148476,125774,0
4851,126579,32105,0
4852,62103,80283,0
4853,102156,9800,0
4854,80485,55876,0
4855,87410,143112,0
4856,50621,114550,0
4857,79381,18613,0
4858,68457,22663,0
4859,64645,34150,0
4860,60126,103380,0
4861,37135,83839,0
4862,130074,151412,0
4863,53549,136419,0
4864,97090,130435,0
4865,119233,128662,0
4866,58637,79545,0
4867,116142,128963,0
4868,70731,54003,0
4869,94230,120021,0
4870,24526,68679,0
4871,129015,137132,0
4872,32828,114825,0
4873,144048,78380,0
4874,30743,145853,0
4875,21300,59918,0
4876,3637,7615,0
4877,93601,142830,0
4878,24341,7558,0
4879,61771,104860,0
4880,10423,105544,0
4881,115873,15335,0
4882,90267,74850,0
4883,138229,143556,0
4884,66353,44587,0
4885,63892,16277,0
4886,1206,14532,0
4887,88509,89039,0
4888,126233,37723,0
4889,80520,64392,0
4890,87293,133732,0
4891,64732,41938,0
4892,80036,73343,0
4893,77307,152703,0
4894,76676,93758,0
4895,2244,124219,0
4896,83604,64505,0
4897,66835,145201,0
4898,148654,43586,0
4899,39075,81624,0
4900,102151,22934,0
4901,12706,91062,0
4902,33388,64956,0
4903,138228,16097,0
4904,49800,13721,0
4905,110102,80705,0
4906,33087,143954,0
4907,22473,98633,0
4908,118937,75237,0
4909,123122,31033,0
4910,9230,54505,0
4911,101337,78308,0
4912,109767,71056,0
4913,134069,83493,0
4914,46441,45687,0
4915,151826,124645,0
4916,125587,107867,0
4917,6796,88286,0
4918,114852,32680,0
4919,79819,21883,0
4920,60669,69924,0
4921,5796,142179,0
4922,146262,65460,0
4923,132314,113289,0
4924,116587,97166,0
4925,139382,149825,0
4926,86355,134528,0
4927,103889,131958,0
4928,106540,25090,0
4929,99554,84897,0
4930,133773,8737,0
4931,54070,107438,0
4932,34358,57850,0
4933,140078,126828,0
4934,135383,124069,0
4935,7378,11055,0
4936,101068,37107,0
4937,54314,74716,0
4938,91827,60781,0
4939,83191,126822,0
4940,124593,128331,0
4941,90771,73964,0
4942,99664,15410,0
4943,144116,92290,0
4944,79333,77003,0
4945,134256,35552,0
4946,154704,74590,0
4947,103949,136630,0
4948,143154,21487,0
4949,2161,44532,0
4950,109537,77488,0
4951,22250,122953,0
4952,147619,77006,0
4953,100706,11689,0
4954,68951,53025,0
4955,58001,73074,0
4956,57553,24859,0
4957,116943,153915,0
4958,1257,127597,0
4959,43250,109534,0
4960,72394,25821,0
4961,51248,146639,0
4962,141187,15171,0
4963,52876,125793,0
4964,9336,7787,0
4965,30746,53778,0
4966,151964,33405,0
4967,22049,63500,0
4968,144400,94798,0
4969,62028,140297,0
4970,118377,124708,0
4971,119924,92597,0
4972,63647,155095,0
4973,150192,60874,0
4974,70089,134324,0
4975,44859,11013,0
4976,3221,97692,0
4977,36577,74678,0
4978,25728,9220,0
4979,87056,30139,0
4980,107944,149746,0
4981,45411,146786,0
4982,151860,154235,0
4983,76340,21767,0
4984,38229,144945,0
4985,108514,13333,0
4986,6660,70711,0
4987,31731,9978,0
4988,33464,89153,0
4989,72336,105763,0
4990,46805,98360,0
4991,47418,130430,0
4992,149961,149341,0
4993,118638,19157,0
4994,86781,82889,0
4995,110111,86198,0
4996,86789,40209,0
4997,62275,18588,0
4998,62381,47553,0
4999,33710,61674,0
5000,37414,1255,0
5001,57497,54888,0
5002,106317,81332,0
5003,21347,153279,0
5004,106428,141288,0
5005,10239,34634,0
5006,50503,152995,0
5007,119971,86184,0
5008,74118,101387,0
5009,33044,91824,0
5010,13760,116947,0
5011,139504,5017,0
5012,142093,107796,0
5013,131627,70825,0
5014,57233,280,0
5015,126002,139552,0
5016,40242,100006,0
5017,16128,47519,0
5018,103208,28838,0
5019,89881,108966,0
5020,92255,43040,0
5021,132035,90677,0
5022,104919,3450,0
5023,77205,39301,0
5024,34900,48641,0
5025,110238,94796,0
5026,68086,130944,0
5027,144357,110642,0
5028,150801,61972,0
5029,121325,74886,0
5030,48247,75106,0
5031,8518,130485,0
5032,89848,880,0
5033,14369,60780,0
5034,105685,82248,0
5035,29106,37331,0
5036,115247,120306,0
5037,53813,117388,0
5038,150647,154377,0
5039,96887,77456,0
5040,131199,115362,0
5041,36883,60658,0
5042,5055,44693,0
5043,65706,126513,0
5044,14822,52723,0
5045,13872,30421,0
5046,11932,57441,0
5047,125335,53367,0
5048,52412,93658,0
5049,116918,94792,0
5050,129640,4509,0
5051,20987,117788,0
5052,148391,15357,0
5053,47936,77433,0
5054,110187,140186,0
5055,46175,32846,0
5056,7240,131397,0
5057,108266,93078,0
5058,62896,43225,0
5059,108506,44098,0
5060,144271,107811,0
5061,57114,46344,0
5062,68773,134814,0
5063,42726,5254,0
5064,131533,38129,0
5065,42900,51000,0
5066,110394,107972,0
5067,104198,54462,0
5068,68384,95167,0
5069,32324,15049,0
5070,118396,143191,0
5071,28927,28763,0
5072,48181,113382,0
5073,127863,8115,0
5074,134421,431,0
5075,45920,49214,0
5076,65071,194,0
5077,117635,137701,0
5078,57469,3343,0
5079,47752,49638,0
5080,98222,78835,0
5081,24187,76274,0
5082,111048,41312,0
5083,64370,138230,0
5084,63712,112345,0
5085,8490,123223,0
5086,108008,122971,0
5087,21983,116240,0
5088,149198,73458,0
5089,44555,83552,0
5090,118672,135881,0
5091,138357,19171,0
5092,126196,7366,0
5093,32649,87035,0
5094,131693,17238,0
5095,43202,122078,0
5096,38355,125599,0
5097,50362,110140,0
5098,147401,132704,0
5099,134278,154590,0
5100,96687,141858,0
5101,116019,982,0
5102,108234,97162,0
5103,27389,155,0
5104,39417,12140,0
5105,1072,54873,0
5106,18617,144168,0
5107,104511,102756,0
5108,71537,26451,0
5109,101495,47002,0
5110,129679,8583,0
5111,139171,127667,0
5112,54180,143369,0
5113,50461,358,0
5114,115062,9203,0
5115,52747,37952,0
5116,144048,61032,0
5117,4806,62591,0
5118,21846,79524,0
5119,142075,30675,0
5120,57948,67825,0
5121,1827,119953,0
5122,107651,50727,0
5123,138334,121831,0
5124,96469,88610,0
5125,146736,97735,0
5126,38795,84800,0
5127,5018,74547,0
5128,57613,44764,0
5129,93291,80068,0
5130,134484,33438,0
5131,100754,41042,0
5132,148948,153736,0
5133,102619,24361,0
5134,88330,132388,0
5135,23883,69518,0
5136,154536,22931,0
5137,58103,99356,0
5138,22624,137328,0
5139,100328,152786,0
5140,81410,33299,0
5141,26529,123777,0
5142,52161,61347,0
5143,99448,82822,0
5144,7904,11034,0
5145,27721,152179,0
5146,64212,149777,0
5147,92155,81544,0
5148,21404,10433,0
5149,28025,150723,0
5150,78815,24745,0
5151,6967,136703,0
5152,115712,123463,0
5153,17583,127193,0
5154,142189,40679,0
5155,115980,138746,0
5156,24764,40174,0
5157,133765,118513,0
5158,104553,31471,0
5159,118320,77317,0
5160,135236,47029,0
5161,108639,23596,0
5162,44586,113510,0
5163,16975,110489,0
5164,108454,46879,0
5165,88441,85474,0
5166,89638,38285,0
5167,107414,109574,0
5168,122658,39601,0
5169,44315,73120,0
5170,101842,126055,0
5171,61921,107417,0
5172,50844,27673,0
5173,102371,105841,0
5174,114413,79331,0
5175,23226,67823,0
5176,71694,121210,0
5177,140019,12910,0
5178,88066,21668,0
5179,36019,95958,0
5180,83764,9579,0
5181,19916,111497,0
5182,4658,19245,0
5183,29222,116318,0
5184,30198,65448,0
5185,74081,143383,0
5186,123263,69797,0
5187,64732,27135,0
5188,103945,78350,0
5189,42028,77268,0
5190,29133,115232,0
5191,7188,104376,0
5192,95428,151891,0
5193,25448,6983,0
5194,99870,28731,0
5195,149203,24952,0
5196,44998,88065,0
5197,147004,113116,0
5198,141044,40292,0
5199,117850,37505,0
5200,138597,114296,0
5201,137528,142005,0
5202,49558,116491,0
5203,154462,52880,0
5204,45372,3115,0
5205,144357,85569,0
5206,34109,6984,0
5207,96600,140026,0
5208,19145,114049,0
5209,74436,2445,0
5210,131822,115306,0
5211,81084,36251,0
5212,2845,38170,0
5213,15478,121244,0
5214,28874,79874,0
5215,32614,125154,0
5216,29402,122862,0
5217,91340,121536,0
5218,27055,86003,0
5219,110856,34788,0
5220,52508,123774,0
5221,27818,71334,0
5222,3276,93753,0
5223,13194,23989,0
5224,122343,151882,0
5225,117140,127601,0
5226,149113,65861,0
5227,129242,150314,0
5228,146841,140819,0
5229,10014,71186,0
5230,99939,86661,0
5231,150924,77205,0
5232,121708,30967,0
5233,30196,45165,0
5234,132815,111361,0
5235,144083,72818,0
5236,147205,144016,0
5237,67667,136638,0
5238,103292,96050,0
5239,13295,19438,0
5240,56558,32103,0
5241,10176,141139,0
5242,53482,53576,0
5243,32081,64731,0
5244,151088,94335,0
5245,60088,37725,0
5246,66905,145995,0
5247,2849,62141,0
5248,126814,132344,0
5249,128967,18654,0
5250,18965,62244,0
5251,78371,101587,0
5252,26406,43510,0
5253,52632,34147,0
5254,134592,27442,0
5255,94488,93643,0
5256,39648,53110,0
5257,56853,83131,0
5258,18205,68210,0
5259,128992,82563,0
5260,134646,126730,0
5261,118865,52842,0
5262,93882,39022,0
5263,2508,57000,0
5264,46890,68714,0
5265,54720,122185,0
5266,55647,7981,0
5267,100406,6161,0
5268,124613,55508,0
5269,4644,110591,0
5270,117528,19719,0
5271,124081,114364,0
5272,11476,9861,0
5273,20819,45771,0
5274,83590,117182,0
5275,74217,16598,0
5276,143377,117448,0
5277,19367,103172,0
5278,10986,86264,0
5279,107675,50761,0
5280,72922,8476,0
5281,90961,108718,0
5282,128533,93842,0
5283,144237,76072,0
5284,96270,45761,0
5285,65615,111292,0
5286,16697,81489,0
5287,44754,40579,0
5288,70280,65094,0
5289,107197,92046,0
5290,154411,121220,0
5291,152150,28010,0
5292,126211,38320,0
5293,65767,91002,0
5294,119913,67494,0
5295,112540,61042,0
5296,37009,72845,0
5297,69876,51747,0
5298,20550,19745,0
5299,96652,41378,0
5300,25220,80332,0
5301,9359,9126,0
5302,17967,75369,0
5303,29234,113450,0
5304,135237,148443,0
5305,121466,108833,0
5306,89452,107096,0
5307,48962,60550,0
5308,94028,93661,0
5309,23881,18623,0
5310,57688,59641,0
5311,33866,149451,0
5312,106033,1226,0
5313,29714,104733,0
5314,53568,116976,0
5315,130248,76858,0
5316,84782,65123,0
5317,45914,122972,0
5318,58248,61572,0
5319,11521,117366,0
5320,88948,90646,0
5321,93451,77080,0
5322,106888,62402,0
5323,123889,64072,0
5324,141166,44682,0
5325,87284,23141,0
5326,53796,129344,0
5327,31122,1035,0
5328,86455,81956,0
5329,112865,148931,0
5330,43588,86029,0
5331,18898,10311,0
5332,19919,153971,0
5333,141074,62460,0
5334,6866,52918,0
5335,50164,4426,0
5336,85553,151944,0
5337,13505,79158,0
5338,122893,123443,0
5339,126043,104084,0
5340,96045,54488,0
5341,38725,31418,0
5342,101873,126125,0
5343,109800,33192,0
5344,57396,20991,0
5345,119659,45192,0
5346,76685,106867,0
5347,100514,61978,0
5348,33500,139341,0
5349,145483,133114,0
5350,18828,91268,0
5351,146308,120105,0
5352,4374,119575,0
5353,59670,83935,0
5354,2476,85145,0
5355,125756,12663,0
5356,91409,110252,0
5357,29287,134081,0
5358,132170,84628,0
5359,5941,126747,0
5360,141359,28556,0
5361,105704,147199,0
5362,58764,50263,0
5363,71785,100520,0
5364,34097,45041,0
5365,94572,95954,0
5366,54932,93590,0
5367,85871,129342,0
5368,61632,79876,0
5369,47897,44532,0
5370,1719,67558,0
5371,82282,15976,0
5372,63707,131154,0
5373,133073,67125,0
5374,149182,135027,0
5375,43265,124345,0
5376,109474,17876,0
5377,91618,90408,0
5378,107234,47411,0
5379,10048,58304,0
5380,42818,112565,0
5381,39384,135286,0
5382,86984,33509,0
5383,58867,151954,0
5384,42937,105675,0
5385,109825,86402,0
5386,78778,20134,0
5387,139037,2033,0
5388,85444,64303,0
5389,97080,101138,0
5390,2060,2495,0
5391,81943,89118,0
5392,47470,16125,0
5393,48083,122561,0
5394,62834,61306,0
5395,148632,111550,0
5396,27820,107491,0
5397,27217,117567,0
5398,86932,87550,0
5399,113991,9708,0
5400,3537,13613,0
5401,33363,65549,0
5402,26641,37224,0
5403,47386,42015,0
5404,123143,88971,0
5405,44212,54589,0
5406,147584,79567,0
5407,2273,18487,0
5408,121328,112371,0
5409,68886,124318,0
5410,67302,38890,0
5411,128578,110689,0
5412,27366,4668,0
5413,93750,122341,0
5414,74370,9243,0
5415,96987,43337,0
5416,88855,71773,0
5417,144054,155009,0
5418,26371,83866,0
5419,91298,27692,0
5420,112731,81882,0
5421,140427,78257,0
5422,33202,58811,0
5423,35303,117068,0
5424,67310,21854,0
5425,119367,88127,0
5426,132636,149141,0
5427,143558,134132,0
5428,47961,1831,0
5429,10489,109362,0
5430,101055,79435,0
5431,1132,36224,0
5432,147583,137191,0
5433,43154,10968,0
5434,143137,86760,0
5435,141645,126693,0
5436,121409,23667,0
5437,103126,105618,0
5438,68143,44730,0
5439,122114,32840,0
5440,81155,146875,0
5441,74022,95898,0
5442,21894,128376,0
5443,18129,129591,0
5444,11849,120032,0
5445,104385,103017,0
5446,153055,122788,0
5447,24015,60327,0
5448,5115,123095,0
5449,118171,135243,0
5450,141188,57223,0
5451,20606,104534,0
5452,63659,49070,0
5453,42282,114010,0
5454,82731,73174,0
5455,9652,16705,0
5456,29513,98013,0
5457,131604,143738,0
5458,94797,18492,0
5459,84001,148140,0
5460,43946,25733,0
5461,145417,14382,0
5462,64760,98749,0
5463,50827,106003,0
5464,98419,45233,0
5465,148731,85152,0
5466,45625,13951,0
5467,103263,146133,0
5468,59541,103852,0
5469,23256,23864,0
5470,88211,94429,0
5471,84973,141980,0
5472,139238,71220,0
5473,116974,58661,0
5474,105714,34634,0
5475,39181,113167,0
5476,119865,102458,0
5477,6761,137442,0
5478,95918,1442,0
5479,143777,4350,0
5480,55200,97291,0
5481,148266,120355,0
5482,125026,93625,0
5483,79176,118491,0
5484,95952,123130,0
5485,141622,6336,0
5486,122146,15586,0
5487,130943,130926,0
5488,54248,58041,0
5489,35632,107720,0
5490,48924,50280,0
5491,26861,89042,0
5492,38813,153331,0
5493,141629,63250,0
5494,80418,80693,0
5495,118588,153423,0
5496,4210,18923,0
5497,22452,118102,0
5498,121541,80194,0
5499,58702,64386,0
5500,13449,87356,0
5501,15937,68265,0
5502,98881,103647,0
5503,11061,9337,0
5504,78081,150299,0
5505,130400,13970,0
5506,143893,29843,0
5507,8377,10195,0
5508,122464,75217,0
5509,93029,72097,0
5510,100873,122373,0
5511,106258,96135,0
5512,31357,154896,0
5513,109790,145477,0
5514,66682,60842,0
5515,58487,130498,0
5516,95204,87794,0
5517,101206,53683,0
5518,153645,145020,0
5519,121232,84679,0
5520,78345,117813,0
5521,1788,44671,0
5522,144646,35874,0
5523,38649,80283,0
5524,134004,49177,0
5525,81199,77870,0
5526,109220,17386,0
5527,56840,21824,0
5528,100277,150997,0
5529,100023,5811,0
5530,11102,98708,0
5531,108499,92317,0
5532,136202,57532,0
5533,36568,87640,0
5534,96246,6215,0
5535,84020,150517,0
5536,152972,146377,0
5537,108316,50627,0
5538,15161,6572,0
5539,98450,144143,0
5540,2500,52802,0
5541,153783,76347,0
5542,20171,141461,0
5543,75198,139060,0
5544,74253,126590,0
5545,36815,42641,0
5546,110386,20860,0
5547,93940,37467,0
5548,80044,4088,0
5549,12698,121488,0
5550,63144,13197,0
5551,53801,80163,0
5552,44789,96162,0
5553,42471,69990,0
5554,22216,19117,0
5555,10976,152397,0
5556,137203,14078,0
5557,24109,134052,0
5558,24399,21080,0
5559,94180,32308,0
5560,154963,10017,0
5561,138219,150206,0
5562,6973,82163,0
5563,19358,24978,0
5564,94074,111520,0
5565,9180,78568,0
5566,1215,66794,0
5567,76323,76559,0
5568,88431,85052,0
5569,3445,150908,0
5570,28420,19217,0
5571,27180,127613,0
5572,27631,123850,0
5573,37373,51518,0
5574,117613,104212,0
5575,65059,137010,0
5576,71600,113279,0
5577,65478,40751,0
5578,35278,52427,0
5579,72942,1334,0
5580,77230,70601,0
5581,88170,69111,0
5582,108341,43823,0
5583,5496,47029,0
5584,101827,121960,0
5585,39804,99151,0
5586,107283,129379,0
5587,56498,9247,0
5588,5939,133298,0
5589,93289,101892,0
5590,144699,69396,0
5591,87617,70672,0
5592,76670,68200,0
5593,40636,70222,0
5594,154561,97510,0
5595,112804,84939,0
5596,107878,80168,0
5597,27078,150501,0
5598,63861,111795,0
5599,150695,106153,0
5600,132560,120508,0
5601,62083,55985,0
5602,99575,27385,0
5603,69718,108827,0
5604,75112,109826,0
5605,41685,127840,0
5606,147541,29045,0
5607,53257,8873,0
5608,44849,78551,0
5609,94291,21332,0
5610,127128,18779,0
5611,145201,32213,0
5612,76035,79560,0
5613,109670,63682,0
5614,100293,106103,0
5615,49657,73184,0
5616,46270,20327,0
5617,87859,141895,0
5618,98603,137873,0
5619,58694,118049,0
5620,117464,2477,0
5621,51100,49443,0
5622,111203,106168,0
5623,72922,46017,0
5624,90111,150972,0
5625,21227,34863,0
5626,110888,109686,0
5627,11238,129660,0
5628,123597,91517,0
5629,98178,99958,0
5630,148363,101280,0
5631,130180,37391,0
5632,44966,64293,0
5633,99226,86456,0
5634,24653,26763,0
5635,110725,54064,0
5636,23132,72577,0
5637,44100,29811,0
5638,128585,117191,0
5639,73993,26050,0
5640,129620,53104,0
5641,143535,66675,0
5642,92356,121193,0
5643,95584,153476,0
5644,94559,54629,0
5645,68427,79768,0
5646,55774,93607,0
5647,115228,21494,0
5648,85106,53516,0
5649,149459,142891,0
5650,123185,98003,0
5651,142113,48944,0
5652,1789,55424,0
5653,39531,48462,0
5654,54862,80725,0
5655,81433,27702,0
5656,127793,117799,0
5657,128040,121364,0
5658,457,100565,0
5659,122741,150632,0
5660,5823,152325,0
5661,4131,61335,0
5662,133966,56002,0
5663,67589,110243,0
5664,22015,86325,0
5665,132801,73429,0
5666,96443,90611,0
5667,143032,96233,0
5668,24119,93924,0
5669,29107,135649,0
5670,18064,112485,0
5671,35756,74779,0
5672,123846,31384,0
5673,18671,82434,0
5674,42104,42062,0
5675,760,131089,0
5676,40344,17782,0
5677,25019,77318,0
5678,91039,62495,0
5679,23772,60964,0
5680,27743,24299,0
5681,112752,109972,0
5682,39579,113756,0
5683,9702,151162,0
5684,64874,125123,0
5685,14612,45774,0
5686,143946,80550,0
5687,51368,2233,0
5688,14418,29147,0
5689,50433,16080,0
5690,31455,155119,0
5691,3135,56928,0
5692,103038,33142,0
5693,34599,133462,0
5694,21012,153948,0
5695,2210,21237,0
5696,142974,23390,0
5697,116709,16559,0
5698,78142,107548,0
5699,118675,68726,0
5700,57950,81182,0
5701,13044,138336,0
5702,818,129102,0
5703,5018,19413,0
5704,54042,46090,0
5705,128222,105483,0
5706,152693,125975,0
5707,47334,5333,0
5708,133445,65748,0
5709,10111,30431,0
5710,43526,73031,0
5711,106471,12592,0
5712,33213,10316,0
5713,43366,102854,0
5714,56857,88637,0
5715,148772,66678,0
5716,117797,42314,0
5717,77356,131443,0
5718,109721,101320,0
5719,8452,126070,0
5720,14234,131486,0
5721,125188,103824,0
5722,84634,149797,0
5723,145158,136421,0
5724,133377,61424,0
5725,90147,29906,0
5726,26925,62427,0
5727,45467,77612,0
5728,18866,147449,0
5729,9151,38,0
5730,145333,94609,0
5731,152433,89265,0
5732,154390,115384,0
5733,79692,130274,0
5734,44557,154764,0
5735,53025,137026,0
5736,7225,135490,0
5737,16199,53064,0
5738,36260,126074,0
5739,41952,35380,0
5740,56437,58682,0
5741,131934,92696,0
5742,60371,124540,0
5743,118779,35648,0
5744,3900,154456,0
5745,3408,96620,0
5746,26561,102233,0
5747,16080,99788,0
5748,150770,97052,0
5749,122714,521,0
5750,36239,33841,0
5751,28449,67784,0
5752,109934,150886,0
5753,75209,70618,0
5754,3245,126031,0
5755,8835,128781,0
5756,99469,141296,0
5757,50546,26003,0
5758,117409,19065,0
5759,40962,111705,0
5760,79016,73967,0
5761,36125,54243,0
5762,32384,1760,0
5763,11191,147848,0
5764,123362,32718,0
5765,117372,90,0
5766,3143,20539,0
5767,138945,102573,0
5768,147033,111054,0
5769,25188,35012,0
5770,114643,13127,0
5771,4724,25302,0
5772,61933,95202,0
5773,6126,13867,0
5774,54768,60596,0
5775,140637,114625,0
5776,125370,133057,0
5777,128706,55348,0
5778,99841,9309,0
5779,118760,85797,0
5780,134278,23192,0
5781,145312,59060,0
5782,87565,105189,0
5783,1013,30956,0
5784,1618,43362,0
5785,117472,129747,0
5786,11550,121853,0
5787,92152,136909,0
5788,69586,145751,0
5789,36234,150318,0
5790,32094,62955,0
5791,85855,91231,0
5792,123357,78823,0
5793,142694,124531,0
5794,6829,45162,0
5795,6981,50221,0
5796,121219,151483,0
5797,86240,87334,0
5798,130715,86335,0
5799,99207,39791,0
5800,41470,12960,0
5801,60101,86008,0
5802,146231,136464,0
5803,119037,121087,0
5804,117037,140767,0
5805,75362,151313,0
5806,75491,149065,0
5807,124826,4989,0
5808,14304,124331,0
5809,13954,61881,0
5810,114660,75723,0
5811,70640,47607,0
5812,9138,24536,0
5813,153857,117068,0
5814,68808,135700,0
5815,7216,46732,0
5816,22016,139101,0
5817,10075,91689,0
5818,3460,91142,0
5819,2689,71500,0
5820,93940,133416,0
5821,84637,71627,0
5822,145775,116186,0
5823,21353,12158,0
5824,102804,140361,0
5825,89853,37208,0
5826,113761,134240,0
5827,77937,121704,0
5828,52256,116420,0
5829,95514,127090,0
5830,51895,49927,0
5831,78663,20893,0
5832,56477,10861,0
5833,56144,96442,0
5834,85942,40059,0
5835,11272,78029,0
5836,55621,38673,0
5837,152203,6871,0
5838,112191,1650,0
5839,48304,148974,0
5840,143075,6178,0
5841,104374,142258,0
5842,135860,86721,0
5843,123756,28532,0
5844,6226,126156,0
5845,32354,16960,0
5846,31428,28341,0
5847,38683,154069,0
5848,87080,78602,0
5849,141447,68830,0
5850,6771,123058,0
5851,105316,139827,0
5852,63742,150929,0
5853,152723,34172,0
5854,76555,152977,0
5855,66154,16814,0
5856,70242,95825,0
5857,21218,28052,0
5858,113495,84467,0
5859,71983,51092,0
5860,118982,37974,0
5861,14685,9865,0
5862,148408,108850,0
5863,91319,82055,0
5864,113991,59377,0
5865,108147,4437,0
5866,82500,44123,0
5867,150913,3986,0
5868,39155,57165,0
5869,153769,97064,0
5870,120745,74642,0
5871,33794,150725,0
5872,31552,31070,0
5873,55049,25552,0
5874,136274,12301,0
5875,112740,3239,0
5876,106434,94175,0
5877,46636,148585,0
5878,99668,26334,0
5879,61555,55903,0
5880,128744,72748,0
5881,26523,82780,0
5882,151942,105800,0
5883,152277,94409,0
5884,153620,99393,0
5885,136651,18041,0
5886,49325,79497,0
5887,31237,51450,0
5888,152968,61,0
5889,126254,54502,0
5890,2863,60984,0
5891,63979,94838,0
5892,65239,34011,0
5893,154917,23559,0
5894,1051,125286,0
5895,109573,153044,0
5896,1138,31059,0
5897,99083,153954,0
5898,73461,20082,0
5899,100806,109855,0
5900,61708,107711,0
5901,19898,102763,0
5902,15474,92929,0
5903,27743,55126,0
5904,33425,38776,0
5905,78708,124566,0
5906,63870,119087,0
5907,87377,129830,0
5908,68130,50756,0
5909,87114,136499,0
5910,66236,56533,0
5911,67326,148980,0
5912,131498,26911,0
5913,95970,33824,0
5914,144291,111031,0
5915,102545,67003,0
5916,47658,40131,0
5917,24571,133646,0
5918,57723,138580,0
5919,40569,132374,0
5920,31557,126132,0
5921,35802,52917,0
5922,97047,81670,0
5923,122042,22312,0
5924,82454,49153,0
5925,124383,41239,0
5926,151846,1046,0
5927,151958,151795,0
5928,106575,141616,0
5929,74303,10860,0
5930,35208,126542,0
5931,75042,148294,0
5932,109402,72152,0
5933,4331,104869,0
5934,30707,150205,0
5935,129497,88687,0
5936,60588,15493,0
5937,70479,41484,0
5938,141598,153062,0
5939,32641,119308,0
5940,49276,78909,0
5941,9943,115550,0
5942,70354,44098,0
5943,130725,78787,0
5944,86472,149579,0
5945,143016,104658,0
5946,59595,115501,0
5947,63509,54377,0
5948,101254,94104,0
5949,63834,54445,0
5950,27056,36080,0
5951,91448,142934,0
5952,55642,128058,0
5953,83414,113266,0
5954,121769,39279,0
5955,109491,125326,0
5956,25264,62635,0
5957,150328,131014,0
5958,86960,53007,0
5959,66934,38553,0
5960,9030,67158,0
5961,25152,128313,0
5962,49352,94455,0
5963,59311,67661,0
5964,24313,69941,0
5965,34445,69411,0
5966,85629,73232,0
5967,140743,29908,0
5968,119264,110310,0
5969,149918,120079,0
5970,56991,144389,0
5971,117425,36059,0
5972,122136,87616,0
5973,27303,44105,0
5974,68329,119456,0
5975,39326,131992,0
5976,145196,130184,0
5977,1398,96767,0
5978,38819,153830,0
5979,57210,36473,0
5980,99084,118640,0
5981,112884,66939,0
5982,101908,73325,0
5983,64677,128100,0
5984,9874,131698,0
5985,139844,90367,0
5986,24713,122547,0
5987,4457,109441,0
5988,130578,131486,0
5989,7957,58925,0
5990,83969,95396,0
5991,70003,47689,0
5992,131419,152234,0
5993,51259,104296,0
5994,111316,54230,0
5995,23482,60111,0
5996,79580,39749,0
5997,130786,76166,0
5998,94015,150340,0
5999,31797,67227,0
6000,111457,4240,0
6001,81124,10085,0
6002,56868,125929,0
6003,123304,58733,0
6004,62813,113029,0
6005,98399,130913,0
6006,26013,114747,0
6007,53628,94710,0
6008,8688,30484,0
6009,44789,117644,0
6010,149968,80996,0
6011,7065,137114,0
6012,136331,139339,0
6013,10846,88076,0
6014,99199,37498,0
6015,77328,115409,0
6016,134508,151540,0
6017,59292,87978,0
6018,85685,113766,0
6019,75216,84338,0
6020,67256,121475,0
6021,12551,99605,0
6022,74472,120991,0
6023,101579,25852,0
6024,14828,141860,0
6025,3331,52176,0
6026,111042,98550,0
6027,95339,51340,0
6028,110219,112775,0
6029,130636,44856,0
6030,1032,27749,0
6031,54374,57451,0
6032,134701,98727,0
6033,19486,59537,0
6034,127942,33417,0
6035,20641,116596,0
6036,139922,98070,0
6037,139020,17024,0
6038,23309,18876,0
6039,83359,152367,0
6040,141555,122942,0
6041,77629,99206,0
6042,68279,87765,0
6043,2860,136734,0
6044,78385,104118,0
6045,61247,62537,0
6046,117032,32274,0
6047,91251,58942,0
6048,147843,356,0
6049,37110,89176,0
6050,46897,63311,0
6051,77632,55053,0
6052,22797,95029,0
6053,21984,145557,0
6054,133054,32747,0
6055,86051,103657,0
6056,86991,94883,0
6057,32600,136960,0
6058,106268,94446,0
6059,143433,62675,0
6060,98438,99150,0
6061,79196,112396,0
6062,132695,109842,0
6063,57924,102910,0
6064,85740,5701,0
6065,103469,71823,0
6066,130327,72805,0
6067,3155,80681,0
6068,153013,59602,0
6069,73263,60802,0
6070,43841,25920,0
6071,81709,147010,0
6072,128542,98871,0
6073,106352,80907,0
6074,125539,51257,0
6075,131517,51494,0
6076,141142,78015,0
6077,115563,56616,0
6078,152514,23926,0
6079,8092,44418,0
6080,113757,93704,0
6081,33143,25461,0
6082,144377,137927,0
6083,125663,126936,0
6084,31003,123086,0
6085,114913,49472,0
6086,11594,97972,0
6087,11803,92504,0
6088,52231,121294,0
6089,117780,17917,0
6090,105796,93582,0
6091,154121,145906,0
6092,149625,39097,0
6093,99873,115434,0
6094,11670,41592,0
6095,74003,76021,0
6096,7491,126884,0
6097,77749,38613,0
6098,5783,56983,0
6099,3098,90187,0
6100,154925,153207,0
6101,49772,79835,0
6102,72252,87139,0
6103,294,73879,0
6104,99573,20880,0
6105,91313,360,0
6106,99729,131665,0
6107,124463,117149,0
6108,11341,93884,0
6109,116214,31100,0
6110,29,60601,0
6111,36763,54676,0
6112,4724,148274,0
6113,141939,39868,0
6114,77130,12057,0
6115,4723,32352,0
6116,128549,145079,0
6117,130759,138187,0
6118,12061,1,0
6119,7306,153932,0
6120,135429,32095,0
6121,3208,102229,0
6122,118155,142744,0
6123,84283,137041,0
6124,104652,98332,0
6125,25737,99402,0
6126,49460,91681,0
6127,117751,40010,0
6128,111017,77438,0
6129,26098,17938,0
6130,144944,46942,0
6131,108653,142937,0
6132,138760,125227,0
6133,30129,68040,0
6134,30553,14631,0
6135,90704,42774,0
6136,53504,15590,0
6137,64690,22171,0
6138,149097,15617,0
6139,75486,120616,0
6140,88614,149648,0
6141,5464,87342,0
6142,78555,36223,0
6143,46733,60220,0
6144,84114,89537,0
6145,38643,78798,0
6146,62344,114784,0
6147,17481,78786,0
6148,109830,92138,0
6149,30174,142728,0
6150,103831,64415,0
6151,137980,258,0
6152,42411,116351,0
6153,38518,88298,0
6154,66177,123667,0
6155,105493,75080,0
6156,117802,19905,0
6157,38764,38481,0
6158,52651,111676,0
6159,122932,105684,0
6160,3996,143748,0
6161,11670,143426,0
6162,46788,23395,0
6163,63720,141007,0
6164,112864,52590,0
6165,132505,17984,0
6166,51096,29614,0
6167,88131,43674,0
6168,78658,76232,0
6169,64268,63601,0
6170,39963,59111,0
6171,60583,153237,0
6172,140625,127035,0
6173,153542,95448,0
6174,129766,73686,0
6175,42053,95758,0
6176,83891,64117,0
6177,150100,113423,0
6178,60884,13995,0
6179,6666,94142,0
6180,41993,154081,0
6181,100748,145819,0
6182,14400,127775,0
6183,61538,121665,0
6184,151442,103650,0
6185,77511,146705,0
6186,112902,15459,0
6187,121031,6109,0
6188,92206,7183,0
6189,145918,91201,0
6190,114110,51421,0
6191,99075,154510,0
6192,33348,148927,0
6193,4870,79645,0
6194,23907,753,0
6195,142195,27520,0
6196,30947,19381,0
6197,32513,84945,0
6198,79750,115046,0
6199,130895,112051,0
6200,83083,17545,0
6201,125589,73413,0
6202,6906,141419,0
6203,28266,97663,0
6204,141214,34781,0
6205,111652,9318,0
6206,32745,134671,0
6207,28234,124614,0
6208,89068,47199,0
6209,102803,41921,0
6210,93667,93263,0
6211,58887,124280,0
6212,152654,48424,0
6213,122224,146239,0
6214,18590,37281,0
6215,125336,81161,0
6216,93093,137137,0
6217,1829,141390,0
6218,106569,118914,0
6219,27770,1980,0
6220,34403,62828,0
6221,3867,126191,0
6222,58359,104856,0
6223,141310,93484,0
6224,116781,105907,0
6225,8330,43488,0
6226,67831,118329,0
6227,88597,117927,0
6228,50568,61732,0
6229,117672,6765,0
6230,81845,23128,0
6231,27097,57638,0
6232,52867,64806,0
6233,4552,61960,0
6234,89784,72053,0
6235,70224,100497,0
6236,141518,19597,0
6237,149371,64175,0
6238,125054,54746,0
6239,36675,110667,0
6240,61667,44201,0
6241,150763,14610,0
6242,47644,17985,0
6243,96156,16888,0
6244,142932,83404,0
6245,86878,46721,0
6246,38683,146637,0
6247,85317,151374,0
6248,4722,13093,0
6249,140485,78794,0
6250,76793,12103,0
6251,49041,71917,0
6252,48252,76248,0
6253,43754,19642,0
6254,150481,128259,0
6255,47609,84003,0
6256,127277,14599,0
6257,54310,126225,0
6258,57775,9954,0
6259,110535,104087,0
6260,120679,71598,0
6261,69052,55819,0
6262,97962,93792,0
6263,85334,87365,0
6264,27949,125534,0
6265,17794,146101,0
6266,20832,128499,0
6267,106013,126270,0
6268,47358,80823,0
6269,92354,125363,0
6270,17047,32333,0
6271,11398,56491,0
6272,90103,55194,0
6273,42298,138892,0
6274,98807,3226,0
6275,121197,122629,0
6276,111091,60215,0
6277,47857,52260,0
6278,86744,143346,0
6279,96841,116281,0
6280,154997,8710,0
6281,39715,75586,0
6282,38058,71118,0
6283,85656,112712,0
6284,1303,154157,0
6285,23900,113529,0
6286,80430,67387,0
6287,130264,149992,0
6288,115671,43057,0
6289,16840,28289,0
6290,58347,124253,0
6291,41386,138411,0
6292,148827,18773,0
6293,132524,5350,0
6294,27484,42007,0
6295,101047,45398,0
6296,88110,20501,0
6297,63819,34030,0
6298,48365,36087,0
6299,108679,88025,0
6300,53422,145834,0
6301,148554,125333,0
6302,96844,147915,0
6303,36903,132127,0
6304,97109,119484,0
6305,48834,136475,0
6306,45417,114826,0
6307,37669,88106,0
6308,61918,28927,0
6309,116928,135472,0
6310,137725,70341,0
6311,62857,22942,0
6312,86457,152138,0
6313,84011,151095,0
6314,111826,114706,0
6315,45679,31887,0
6316,16923,34979,0
6317,50941,142286,0
6318,61161,46093,0
6319,84263,114578,0
6320,44113,97700,0
6321,141555,152113,0
6322,88839,99520,0
6323,59229,80958,0
6324,11540,139111,0
6325,78349,131951,0
6326,48059,127469,0
6327,14515,151181,0
6328,107135,122530,0
6329,7255,147117,0
6330,133175,51813,0
6331,106289,55703,0
6332,125382,28179,0
6333,122386,108140,0
6334,154724,136439,0
6335,132653,16839,0
6336,27279,47935,0
6337,33902,98368,0
6338,48049,40660,0
6339,39046,31108,0
6340,118774,18484,0
6341,134193,141663,0
6342,1321,9998,0
6343,134601,23273,0
6344,6758,129817,0
6345,76349,84327,0
6346,119215,32618,0
6347,2337,14403,0
6348,72762,62504,0
6349,39383,56694,0
6350,86626,104615,0
6351,78272,117362,0
6352,22175,48963,0
6353,98130,2924,0
6354,70341,57176,0
6355,323,82569,0
6356,132227,50889,0
6357,31977,97907,0
6358,33016,134137,0
6359,15915,153717,0
6360,20231,70781,0
6361,143868,104353,0
6362,140164,40173,0
6363,14834,117537,0
6364,124398,5226,0
6365,146350,114752,0
6366,59459,93455,0
6367,5048,115484,0
6368,14223,56601,0
6369,91003,16313,0
6370,102295,91422,0
6371,139394,133153,0
6372,75160,41931,0
6373,77742,14608,0
6374,43189,90915,0
6375,71061,42808,0
6376,144286,55970,0
6377,38943,147575,0
6378,818,8451,0
6379,247,46385,0
6380,90699,154325,0
6381,22990,17778,0
6382,147568,23499,0
6383,27377,147184,0
6384,103473,38068,0
6385,45373,35095,0
6386,71075,141205,0
6387,20352,94868,0
6388,85798,127388,0
6389,93839,110643,0
6390,75577,34316,0
6391,22196,13546,0
6392,39458,97382,0
6393,65473,79125,0
6394,98000,154095,0
6395,61324,77195,0
6396,116957,93495,0
6397,70644,139720,0
6398,110207,122770,0
6399,55304,37255,0
6400,126508,148197,0
6401,134276,41576,0
6402,71417,62272,0
6403,87827,149247,0
6404,66135,32109,0
6405,102466,38403,0
6406,46614,6241,0
6407,7133,130449,0
6408,148354,39195,0
6409,59,656,0
6410,154628,78378,0
6411,109640,108227,0
6412,149424,120543,0
6413,17498,137464,0
6414,53972,16948,0
6415,23355,99126,0
6416,22724,108022,0
6417,29509,43686,0
6418,10350,85991,0
6419,145431,81970,0
6420,36671,110664,0
6421,40859,109394,0
6422,27227,142614,0
6423,138661,29550,0
6424,65048,153452,0
6425,141349,153721,0
6426,45060,96472,0
6427,52547,22597,0
6428,115931,44361,0
6429,148858,22680,0
6430,137332,140556,0
6431,11977,140191,0
6432,44998,55329,0
6433,138169,11195,0
6434,137073,22182,0
6435,18674,134756,0
6436,142426,110297,0
6437,75249,70559,0
6438,153,9531,0
6439,19543,26391,0
6440,117479,125895,0
6441,131970,150245,0
6442,116274,138618,0
6443,58622,18449,0
6444,113942,49517,0
6445,7758,61683,0
6446,42818,142267,0
6447,135819,110384,0
6448,47587,53829,0
6449,6467,65378,0
6450,23803,6333,0
6451,59843,3860,0
6452,118259,149536,0
6453,37680,49520,0
6454,97288,37100,0
6455,57166,69203,0
6456,83130,6850,0
6457,80335,114837,0
6458,138445,100788,0
6459,14144,120432,0
6460,55692,9823,0
6461,48173,124887,0
6462,130989,89479,0
6463,12485,4846,0
6464,28126,61547,0
6465,41028,53609,0
6466,43812,33497,0
6467,62667,88357,0
6468,103927,150586,0
6469,82511,132976,0
6470,54347,21693,0
6471,99456,113557,0
6472,5934,92378,0
6473,90296,57290,0
6474,3347,26314,0
6475,21353,111499,0
6476,105573,149277,0
6477,131590,127742,0
6478,94955,150064,0
6479,143253,51940,0
6480,100169,102672,0
6481,85579,91439,0
6482,64753,145187,0
6483,118883,97300,0
6484,50063,105852,0
6485,43752,110283,0
6486,135897,135531,0
6487,147650,79495,0
6488,106592,63265,0
6489,152910,4860,0
6490,143145,14559,0
6491,46391,45856,0
6492,148881,117130,0
6493,9111,97810,0
6494,45280,3649,0
6495,84961,16080,0
6496,38558,22973,0
6497,117561,26829,0
6498,139277,86773,0
6499,44864,151957,0
6500,110333,46292,0
6501,152614,89113,0
6502,12074,93013,0
6503,72439,100561,0
6504,127098,17520,0
6505,134473,121638,0
6506,125102,106642,0
6507,139741,85496,0
6508,121322,45734,0
6509,43163,22995,0
6510,32004,79329,0
6511,65196,21791,0
6512,125389,110581,0
6513,111953,135665,0
6514,92763,61184,0
6515,134967,69952,0
6516,19119,58704,0
6517,110193,36938,0
6518,74571,5601,0
6519,60972,22208,0
6520,92262,62717,0
6521,84130,131760,0
6522,20231,4587,0
6523,29272,152348,0
6524,137915,51576,0
6525,45080,122346,0
6526,100045,6261,0
6527,52575,11936,0
6528,41999,17753,0
6529,97350,70676,0
6530,143642,140904,0
6531,108456,84893,0
6532,75473,73329,0
6533,79446,114731,0
6534,96836,60455,0
6535,148867,26707,0
6536,133385,98859,0
6537,54782,52732,0
6538,125543,109276,0
6539,100550,74899,0
6540,18849,60499,0
6541,134414,155144,0
6542,134862,117851,0
6543,101657,104290,0
6544,23603,16598,0
6545,51484,80932,0
6546,34128,15176,0
6547,39482,89021,0
6548,133344,16817,0
6549,21004,56437,0
6550,68679,67,0
6551,25588,26719,0
6552,44667,122247,0
6553,54916,152402,0
6554,25930,122116,0
6555,73392,117610,0
6556,71178,6636,0
6557,106526,90819,0
6558,132943,127696,0
6559,68718,15978,0
6560,23988,144686,0
6561,74166,29225,0
6562,7217,92312,0
6563,46726,53135,0
6564,143403,121978,0
6565,84891,69872,0
6566,40773,46095,0
6567,7854,144314,0
6568,80552,37092,0
6569,52117,51723,0
6570,105157,71071,0
6571,109530,60140,0
6572,49065,152436,0
6573,20642,104302,0
6574,7954,48822,0
6575,91645,57478,0
6576,152856,139782,0
6577,18326,141350,0
6578,113724,72884,0
6579,33806,128956,0
6580,43319,62511,0
6581,142573,29615,0
6582,114453,85091,0
6583,44383,26821,0
6584,109024,20985,0
6585,39693,85752,0
6586,116461,81767,0
6587,54070,129200,0
6588,74900,16240,0
6589,134556,80920,0
6590,75720,13572,0
6591,134494,141112,0
6592,60316,38123,0
6593,84445,147497,0
6594,92117,150892,0
6595,148471,21487,0
6596,74950,50749,0
6597,60539,56698,0
6598,74107,48915,0
6599,137743,94214,0
6600,149276,119989,0
6601,42775,88241,0
6602,31034,152529,0
6603,86005,107751,0
6604,937,84111,0
6605,31323,117921,0
6606,55573,70607,0
6607,154025,27161,0
6608,74750,149483,0
6609,81584,65960,0
6610,153834,55586,0
6611,36128,5061,0
6612,114883,65885,0
6613,154946,74359,0
6614,136816,113470,0
6615,48038,140166,0
6616,153268,105542,0
6617,110216,5313,0
6618,75339,78304,0
6619,65050,23113,0
6620,40696,45611,0
6621,17326,152634,0
6622,1028,41485,0
6623,144210,96519,0
6624,25751,73701,0
6625,75816,84726,0
6626,142526,58378,0
6627,52376,53894,0
6628,49673,136397,0
6629,15238,41760,0
6630,124321,87489,0
6631,134119,5925,0
6632,10185,77812,0
6633,121359,111311,0
6634,83825,39305,0
6635,76101,139181,0
6636,81905,144260,0
6637,91231,15711,0
6638,50450,75165,0
6639,6577,103122,0
6640,149794,43921,0
6641,87973,63389,0
6642,39928,149431,0
6643,107766,20707,0
6644,28860,9155,0
6645,97861,54987,0
6646,148273,127045,0
6647,119205,60286,0
6648,93624,145925,0
6649,8923,60092,0
6650,103132,23338,0
6651,6835,45099,0
6652,84558,92167,0
6653,49322,138861,0
6654,130313,3280,0
6655,69979,16769,0
6656,17767,143043,0
6657,106368,24122,0
6658,11916,121195,0
6659,140964,14168,0
6660,57319,37438,0
6661,151353,108043,0
6662,83874,36360,0
6663,92587,10657,0
6664,20147,61029,0
6665,78760,129945,0
6666,33709,40805,0
6667,98973,50260,0
6668,115457,71617,0
6669,143702,98172,0
6670,106069,66334,0
6671,87872,57558,0
6672,89092,60075,0
6673,14964,115208,0
6674,125026,9998,0
6675,99903,4663,0
6676,77981,94283,0
6677,149843,69522,0
6678,22386,114416,0
6679,11694,106647,0
6680,109107,39915,0
6681,20074,1125,0
6682,136718,39788,0
6683,76584,76518,0
6684,152404,89235,0
6685,68236,81277,0
6686,31258,24470,0
6687,106401,3436,0
6688,2208,154758,0
6689,57243,111880,0
6690,42151,142435,0
6691,139006,25830,0
6692,63095,15287,0
6693,124574,75063,0
6694,120803,119695,0
6695,110890,134641,0
6696,24839,2724,0
6697,147170,124983,0
6698,38089,75063,0
6699,30947,151703,0
6700,137743,9717,0
6701,113219,92861,0
6702,60051,78463,0
6703,97319,30275,0
6704,84090,68970,0
6705,142156,62957,0
6706,55693,10890,0
6707,97742,21467,0
6708,108698,106604,0
6709,66636,104956,0
6710,38864,31424,0
6711,125027,106230,0
6712,126489,8261,0
6713,110223,84986,0
6714,87145,36588,0
6715,109930,35145,0
6716,146776,22961,0
6717,34306,115208,0
6718,150627,120656,0
6719,100626,110175,0
6720,8535,38826,0
6721,101144,103112,0
6722,63611,139230,0
6723,8252,107389,0
6724,146439,101678,0
6725,50024,105914,0
6726,9314,107534,0
6727,40631,39967,0
6728,105066,18269,0
6729,67246,12087,0
6730,126607,138629,0
6731,144047,63690,0
6732,89267,125983,0
6733,139969,76980,0
6734,127569,62865,0
6735,59292,144097,0
6736,1302,96213,0
6737,46098,82786,0
6738,134976,145084,0
6739,117912,70743,0
6740,46884,87191,0
6741,58729,126747,0
6742,152652,51617,0
6743,131328,89658,0
6744,17349,2938,0
6745,17928,115370,0
6746,143657,78805,0
6747,105756,152789,0
6748,130421,35687,0
6749,54565,76505,0
6750,141071,114930,0
6751,64975,117987,0
6752,50297,143476,0
6753,66527,18626,0
6754,20596,142209,0
6755,75850,135893,0
6756,40916,43287,0
6757,22439,108048,0
6758,147259,86036,0
6759,3079,92713,0
6760,64796,114028,0
6761,19640,150725,0
6762,31153,148343,0
6763,42220,83899,0
6764,31760,90999,0
6765,13463,57746,0
6766,117057,38110,0
6767,87586,21048,0
6768,121325,53259,0
6769,19556,137158,0
6770,30357,14147,0
6771,125899,131255,0
6772,149197,94922,0
6773,141328,136518,0
6774,129199,80336,0
6775,100832,90216,0
6776,113925,115106,0
6777,32372,84771,0
6778,139508,23811,0
6779,33462,114061,0
6780,78683,128355,0
6781,100030,138494,0
6782,32690,22037,0
6783,34014,19231,0
6784,61826,138614,0
6785,35155,113357,0
6786,50029,94535,0
6787,5055,19402,0
6788,14053,72499,0
6789,41707,154334,0
6790,108809,67112,0
6791,70998,27500,0
6792,149418,151732,0
6793,150749,46166,0
6794,1793,101028,0
6795,2643,78828,0
6796,67603,67732,0
6797,144281,30052,0
6798,129463,129082,0
6799,110041,93476,0
6800,90896,121719,0
6801,148328,119668,0
6802,100559,88220,0
6803,4464,29807,0
6804,57988,555,0
6805,127951,140611,0
6806,14322,14896,0
6807,108761,99932,0
6808,56891,136495,0
6809,122619,83813,0
6810,119776,28202,0
6811,74236,15956,0
6812,107423,55835,0
6813,84231,124595,0
6814,72503,149116,0
6815,34202,60795,0
6816,21903,49946,0
6817,102023,148323,0
6818,29984,19764,0
6819,108400,78888,0
6820,98815,122761,0
6821,56922,127911,0
6822,84705,131051,0
6823,25056,98591,0
6824,85373,78397,0
6825,38048,21842,0
6826,105397,126257,0
6827,12339,42797,0
6828,143612,118917,0
6829,140129,69434,0
6830,24986,97608,0
6831,88876,61074,0
6832,93063,62831,0
6833,10476,86892,0
6834,100723,55715,0
6835,19807,152651,0
6836,5361,11242,0
6837,107697,50724,0
6838,122739,119409,0
6839,86855,126736,0
6840,138056,37406,0
6841,51720,132028,0
6842,65572,70052,0
6843,58007,64565,0
6844,88550,101039,0
6845,77700,126080,0
6846,147424,50735,0
6847,40537,69594,0
6848,11407,1713,0
6849,132410,90964,0
6850,80260,32301,0
6851,86909,151489,0
6852,57880,52121,0
6853,5976,21541,0
6854,137102,93191,0
6855,86916,145453,0
6856,79833,35429,0
6857,145831,101268,0
6858,48807,45845,0
6859,45538,100283,0
6860,144519,50224,0
6861,129611,17448,0
6862,153124,132671,0
6863,151796,122801,0
6864,12379,119704,0
6865,7129,14705,0
6866,105269,75460,0
6867,20264,43195,0
6868,14501,101932,0
6869,45597,128863,0
6870,48669,38471,0
6871,92450,152753,0
6872,31411,64932,0
6873,61197,2748,0
6874,40166,57251,0
6875,31421,115668,0
6876,112474,49505,0
6877,106814,81322,0
6878,125750,13838,0
6879,150100,40154,0
6880,51189,127272,0
6881,148759,30905,0
6882,70163,14426,0
6883,38021,66261,0
6884,28240,117767,0
6885,100436,36605,0
6886,32172,47761,0
6887,8286,55655,0
6888,79199,64983,0
6889,95219,75131,0
6890,45027,137,0
6891,91279,139169,0
6892,91901,118646,0
6893,50748,112106,0
6894,53024,152139,0
6895,47758,60320,0
6896,87400,73996,0
6897,103216,17503,0
6898,108546,105676,0
6899,99681,11262,0
6900,120853,15380,0
6901,84782,58490,0
6902,39832,154933,0
6903,151169,41853,0
6904,135461,24770,0
6905,82150,97345,0
6906,122695,37967,0
6907,92596,6841,0
6908,31435,151595,0
6909,11052,61210,0
6910,4800,35623,0
6911,115694,64330,0
6912,39917,152626,0
6913,75090,88126,0
6914,34894,38380,0
6915,67456,13955,0
6916,148363,57393,0
6917,59810,10737,0
6918,46706,26346,0
6919,83352,61888,0
6920,18538,28989,0
6921,37634,84813,0
6922,149947,33462,0
6923,134066,8541,0
6924,204,106283,0
6925,149050,2668,0
6926,122707,144359,0
6927,114491,57271,0
6928,73656,107384,0
6929,4496,140548,0
6930,130359,154672,0
6931,75657,131418,0
6932,44317,132849,0
6933,137878,30812,0
6934,97818,29961,0
6935,76076,21938,0
6936,69344,94826,0
6937,43968,83579,0
6938,95201,24960,0
6939,103019,97834,0
6940,36913,46264,0
6941,129534,131619,0
6942,57064,13615,0
6943,124468,17362,0
6944,786,120804,0
6945,49982,30345,0
6946,90121,145959,0
6947,128663,34759,0
6948,20844,5253,0
6949,106367,28977,0
6950,131691,37115,0
6951,60812,114384,0
6952,124037,133456,0
6953,124057,106066,0
6954,13659,138923,0
6955,35926,115009,0
6956,115635,10899,0
6957,93896,38823,0
6958,122179,111912,0
6959,148618,84521,0
6960,60870,28392,0
6961,1426,29359,0
6962,62059,58723,0
6963,34790,111988,0
6964,66934,17651,0
6965,124137,153025,0
6966,52953,148027,0
6967,117136,85514,0
6968,67575,71677,0
6969,109065,115037,0
6970,80029,59664,0
6971,92129,12976,0
6972,105469,137826,0
6973,2254,39478,0
6974,126046,20237,0
6975,32680,140042,0
6976,144757,23237,0
6977,119229,5847,0
6978,132222,90671,0
6979,97877,63584,0
6980,106217,47311,0
6981,25624,140420,0
6982,128596,118523,0
6983,127511,128184,0
6984,95562,106910,0
6985,148482,7493,0
6986,19948,23879,0
6987,117340,45275,0
6988,51539,2794,0
6989,9069,71244,0
6990,129292,3958,0
6991,86548,40177,0
6992,9373,5945,0
6993,49971,29977,0
6994,142947,123619,0
6995,154683,13462,0
6996,134483,14471,0
6997,97801,61466,0
6998,26741,46881,0
6999,60996,135123,0
7000,25353,76054,0
7001,113006,72796,0
7002,33019,8798,0
7003,110142,31439,0
7004,91744,81989,0
7005,59082,99350,0
7006,50234,80139,0
7007,7578,82067,0
7008,45552,137880,0
7009,85006,74477,0
7010,56031,94979,0
7011,38626,111097,0
7012,57972,43609,0
7013,127355,13401,0
7014,141566,154737,0
7015,27835,13436,0
7016,63047,61400,0
7017,76722,11760,0
7018,10235,46791,0
7019,6959,551,0
7020,7299,124059,0
7021,92458,124161,0
7022,105195,153044,0
7023,122477,127440,0
7024,74796,68140,0
7025,152184,105274,0
7026,81157,118141,0
7027,106031,19316,0
7028,146991,46364,0
7029,109058,131124,0
7030,82039,144295,0
7031,143110,111474,0
7032,25707,127569,0
7033,83380,44381,0
7034,103612,84868,0
7035,26493,63527,0
7036,93001,15199,0
7037,61928,8730,0
7038,124400,75662,0
7039,8385,84451,0
7040,121064,153633,0
7041,56360,106420,0
7042,12485,68555,0
7043,28000,140410,0
7044,64366,55851,0
7045,140929,27174,0
7046,152334,71028,0
7047,91625,105135,0
7048,71544,79949,0
7049,93034,47937,0
7050,134869,110392,0
7051,40648,103501,0
7052,1948,152157,0
7053,147011,146740,0
7054,144917,73096,0
7055,152556,5866,0
7056,29410,4089,0
7057,102892,116660,0
7058,34668,55865,0
7059,94731,37326,0
7060,20330,22438,0
7061,98153,5925,0
7062,154147,13131,0
7063,71248,30871,0
7064,148627,87289,0
7065,12565,59453,0
7066,39404,87990,0
7067,8139,72767,0
7068,45653,129338,0
7069,50964,150446,0
7070,105519,58690,0
7071,111378,108558,0
7072,10846,117866,0
7073,127723,105395,0
7074,84200,6579,0
7075,133520,143047,0
7076,14515,129402,0
7077,38649,13103,0
7078,63875,39636,0
7079,90538,96585,0
7080,45554,53092,0
7081,62687,1717,0
7082,106258,114920,0
7083,9857,67054,0
7084,3936,87071,0
7085,19032,149490,0
7086,47417,39357,0
7087,67197,153085,0
7088,128944,98157,0
7089,148778,38661,0
7090,47510,145807,0
7091,30622,139926,0
7092,57877,141509,0
7093,92514,9820,0
7094,109205,87049,0
7095,96891,127628,0
7096,99457,147176,0
7097,98973,127087,0
7098,37631,2645,0
7099,97511,36760,0
7100,50633,27293,0
7101,115490,69634,0
7102,66116,88236,0
7103,143315,69820,0
7104,108762,8250,0
7105,112350,72720,0
7106,20318,10432,0
7107,132314,107461,0
7108,153309,63812,0
7109,97930,88861,0
7110,23410,70066,0
7111,35756,688,0
7112,78716,2160,0
7113,45301,24749,0
7114,127776,55937,0
7115,58636,47953,0
7116,19388,3767,0
7117,52891,67956,0
7118,152155,61410,0
7119,47161,58132,0
7120,112570,5843,0
7121,13239,86500,0
7122,65919,97389,0
7123,24487,6667,0
7124,621,110392,0
7125,52931,41057,0
7126,19616,57362,0
7127,93018,26102,0
7128,80023,116497,0
7129,65977,71439,0
7130,41715,95148,0
7131,1696,24836,0
7132,143282,42766,0
7133,14915,48130,0
7134,6359,123777,0
7135,37030,11927,0
7136,41044,105971,0
7137,127123,61660,0
7138,53623,60343,0
7139,50180,44725,0
7140,73406,43068,0
7141,64637,141354,0
7142,25294,103137,0
7143,56754,3099,0
7144,37525,150244,0
7145,18020,145805,0
7146,116753,87276,0
7147,73236,110540,0
7148,46529,79204,0
7149,51344,15971,0
7150,129116,77341,0
7151,75773,56346,0
7152,68635,99438,0
7153,24050,143232,0
7154,4784,132545,0
7155,88324,16920,0
7156,107866,40097,0
7157,47879,28829,0
7158,41667,152686,0
7159,33670,115415,0
7160,116217,139540,0
7161,57230,138978,0
7162,137119,50952,0
7163,140129,16540,0
7164,104081,26813,0
7165,134368,100138,0
7166,74156,132050,0
7167,144017,6207,0
7168,14992,91202,0
7169,88040,81221,0
7170,16330,30346,0
7171,124815,55899,0
7172,144682,88371,0
7173,31050,10860,0
7174,149189,144445,0
7175,139356,41485,0
7176,19513,66269,0
7177,70753,93744,0
7178,47640,116188,0
7179,144324,147353,0
7180,11249,28331,0
7181,91493,94787,0
7182,14321,139471,0
7183,141153,143878,0
7184,95011,86103,0
7185,135641,30696,0
7186,1243,2250,0
7187,26938,46232,0
7188,113737,78358,0
7189,93505,62655,0
7190,115039,65423,0
7191,103528,93546,0
7192,42578,128550,0
7193,88818,70688,0
7194,110214,135487,0
7195,88549,105864,0
7196,66509,121748,0
7197,145821,144159,0
7198,93641,128121,0
7199,151736,66033,0
7200,108349,50304,0
7201,23449,145828,0
7202,118,117902,0
7203,11471,54124,0
7204,136647,49383,0
7205,96463,10413,0
7206,22219,53241,0
7207,117737,50893,0
7208,45537,42431,0
7209,59024,139636,0
7210,144767,137768,0
7211,52470,405,0
7212,88035,104301,0
7213,36792,135937,0
7214,48289,149983,0
7215,42108,74268,0
7216,42852,92820,0
7217,9673,73415,0
7218,69414,124175,0
7219,45356,38657,0
7220,38355,125731,0
7221,101904,137800,0
7222,153076,49015,0
7223,58432,106725,0
7224,33780,76370,0
7225,14092,134333,0
7226,115255,136319,0
7227,6480,21108,0
7228,99555,22998,0
7229,149249,89516,0
7230,40495,62688,0
7231,56106,115085,0
7232,82222,74049,0
7233,103552,41892,0
7234,75393,91993,0
7235,55840,29524,0
7236,154158,1268,0
7237,92482,119720,0
7238,75235,114581,0
7239,107388,1738,0
7240,141304,12542,0
7241,35162,101986,0
7242,89374,51546,0
7243,9012,82258,0
7244,93349,46260,0
7245,109268,28907,0
7246,41919,130663,0
7247,108392,21932,0
7248,113304,31258,0
7249,92639,85995,0
7250,61018,130115,0
7251,109798,28274,0
7252,39239,82781,0
7253,112772,46487,0
7254,134396,100886,0
7255,53137,120372,0
7256,103475,154262,0
7257,82453,106697,0
7258,74797,152166,0
7259,28559,131713,0
7260,24334,21713,0
7261,107880,7027,0
7262,130812,25885,0
7263,142095,74025,0
7264,124367,147387,0
7265,9800,23377,0
7266,48595,51948,0
7267,5063,69997,0
7268,28792,115619,0
7269,101447,73696,0
7270,39098,4387,0
7271,62006,91251,0
7272,42194,125468,0
7273,143928,89180,0
7274,62782,125589,0
7275,30653,125395,0
7276,118377,26583,0
7277,152605,128311,0
7278,120821,98650,0
7279,152917,50769,0
7280,33907,137449,0
7281,150792,30422,0
7282,126837,123466,0
7283,70923,134861,0
7284,97986,148277,0
7285,109997,12764,0
7286,90622,42919,0
7287,128086,149797,0
7288,74559,122158,0
7289,116301,150064,0
7290,93273,145778,0
7291,30556,14944,0
7292,35023,77824,0
7293,37130,2807,0
7294,96031,144921,0
7295,40561,39228,0
7296,9736,41622,0
7297,36758,74061,0
7298,43870,49714,0
7299,140314,101738,0
7300,115810,8807,0
7301,123116,43670,0
7302,85872,70170,0
7303,48489,116087,0
7304,12205,31476,0
7305,115793,92507,0
7306,8278,113748,0
7307,150277,95435,0
7308,135041,38511,0
7309,33413,122234,0
7310,34170,151953,0
7311,37428,72568,0
7312,88683,53228,0
7313,108308,149878,0
7314,71746,8006,0
7315,80737,124675,0
7316,147948,90295,0
7317,89567,100605,0
7318,66007,39319,0
7319,130499,144918,0
7320,120406,1655,0
7321,104430,142458,0
7322,65550,49953,0
7323,130106,97885,0
7324,154034,46614,0
7325,117539,6658,0
7326,63458,37964,0
7327,4484,21615,0
7328,15148,114511,0
7329,82825,10575,0
7330,16191,71379,0
7331,140844,88013,0
7332,114741,54614,0
7333,95585,31107,0
7334,71885,146481,0
7335,59756,105809,0
7336,103086,44662,0
7337,52184,141500,0
7338,45839,144430,0
7339,4976,617,0
7340,76906,144368,0
7341,79054,109380,0
7342,9447,101961,0
7343,53806,34039,0
7344,106414,78906,0
7345,85375,152591,0
7346,35436,95193,0
7347,42825,73955,0
7348,111050,36896,0
7349,108045,153768,0
7350,23290,54300,0
7351,52598,100009,0
7352,6918,68599,0
7353,39689,87308,0
7354,25152,67462,0
7355,132137,96491,0
7356,23189,86059,0
7357,25180,52719,0
7358,108128,76357,0
7359,58610,103871,0
7360,87271,367,0
7361,69022,113317,0
7362,43034,20691,0
7363,67404,24190,0
7364,22341,25978,0
7365,111264,35404,0
7366,6996,138212,0
7367,57759,99436,0
7368,104082,28895,0
7369,57317,80264,0
7370,139917,135994,0
7371,41595,49425,0
7372,47960,75319,0
7373,9509,34168,0
7374,90215,21628,0
7375,116734,120427,0
7376,118312,56666,0
7377,76688,140915,0
7378,120610,91823,0
7379,45372,41897,0
7380,120842,36272,0
7381,5063,145444,0
7382,129811,73073,0
7383,46419,74822,0
7384,20564,113619,0
7385,129259,127576,0
7386,117841,154980,0
7387,7569,131090,0
7388,39637,16763,0
7389,44419,89751,0
7390,15849,139316,0
7391,142211,107382,0
7392,78647,122717,0
7393,24856,108700,0
7394,98468,138336,0
7395,113364,124407,0
7396,136156,154580,0
7397,112578,47083,0
7398,26189,83816,0
7399,123818,115841,0
7400,20014,89938,0
7401,150564,41464,0
7402,146093,145606,0
7403,42379,17912,0
7404,25518,131440,0
7405,124900,47274,0
7406,57787,149681,0
7407,17413,89687,0
7408,38927,13632,0
7409,69210,20337,0
7410,75295,34036,0
7411,75809,138157,0
7412,98821,12752,0
7413,26061,50288,0
7414,107565,71516,0
7415,72301,62018,0
7416,97095,102863,0
7417,41963,46267,0
7418,127157,13470,0
7419,89070,668,0
7420,119340,84648,0
7421,111093,92516,0
7422,65282,86914,0
7423,35099,154039,0
7424,95594,142654,0
7425,6789,135609,0
7426,77961,630,0
7427,109850,95764,0
7428,260,122667,0
7429,38698,44310,0
7430,49015,33218,0
7431,144980,47190,0
7432,133282,107382,0
7433,108730,15004,0
7434,26161,44858,0
7435,32151,61659,0
7436,71885,62186,0
7437,116045,14671,0
7438,88176,87393,0
7439,33870,12367,0
7440,6991,16824,0
7441,127519,99107,0
7442,105032,21250,0
7443,118464,140326,0
7444,39250,76174,0
7445,152807,50378,0
7446,110702,63196,0
7447,8810,104119,0
7448,127541,128397,0
7449,19622,100710,0
7450,23897,145619,0
7451,94645,99997,0
7452,63129,124773,0
7453,24709,24770,0
7454,55367,34917,0
7455,70661,69422,0
7456,28126,37586,0
7457,126556,1258,0
7458,91308,96715,0
7459,8543,8794,0
7460,60127,67720,0
7461,141309,2316,0
7462,43348,124066,0
7463,142998,114161,0
7464,134322,91454,0
7465,123493,154969,0
7466,55328,147657,0
7467,141345,148470,0
7468,16290,132356,0
7469,1842,10384,0
7470,70801,111245,0
7471,97866,89391,0
7472,116369,25882,0
7473,146643,23888,0
7474,49675,16307,0
7475,136140,62914,0
7476,56817,107698,0
7477,8377,109381,0
7478,16800,20315,0
7479,37699,74303,0
7480,154365,108598,0
7481,140453,64207,0
7482,49835,22176,0
7483,130145,26821,0
7484,39486,114210,0
7485,103095,98756,0
7486,36872,7957,0
7487,118409,15107,0
7488,13485,108017,0
7489,57917,131883,0
7490,85519,33878,0
7491,1390,152877,0
7492,37110,78674,0
7493,24383,46392,0
7494,20411,154833,0
7495,127872,130409,0
7496,123756,36778,0
7497,136979,7118,0
7498,115113,15830,0
7499,23543,94920,0
7500,28800,96780,0
7501,89182,148828,0
7502,112704,107911,0
7503,86143,14491,0
7504,100205,62218,0
7505,103974,12959,0
7506,6502,88485,0
7507,107722,51917,0
7508,47023,7173,0
7509,92167,86156,0
7510,4408,69954,0
7511,114665,134097,0
7512,4785,95388,0
7513,84609,94876,0
7514,11773,59359,0
7515,76973,88056,0
7516,102420,137998,0
7517,49211,80855,0
7518,150730,148869,0
7519,139573,82043,0
7520,118043,136380,0
7521,81152,88613,0
7522,84028,110343,0
7523,101193,117864,0
7524,39452,20263,0
7525,118055,4351,0
7526,77393,121188,0
7527,18226,74335,0
7528,25431,40857,0
7529,148301,32316,0
7530,135509,71398,0
7531,99567,7871,0
7532,112395,15864,0
7533,149374,72992,0
7534,94816,76066,0
7535,71570,126343,0
7536,83607,55544,0
7537,152664,76665,0
7538,56972,23960,0
7539,146624,38646,0
7540,41905,26495,0
7541,153598,10779,0
7542,129214,22170,0
7543,106054,153221,0
7544,27278,34588,0
7545,28089,59019,0
7546,95269,142763,0
7547,69267,76998,0
7548,31869,58187,0
7549,13394,83125,0
7550,2133,31313,0
7551,123484,134067,0
7552,46848,52347,0
7553,66853,111674,0
7554,144339,78998,0
7555,97850,139400,0
7556,96033,13669,0
7557,37282,66977,0
7558,28909,136560,0
7559,148508,32546,0
7560,49812,43446,0
7561,104044,93634,0
7562,92805,63520,0
7563,144807,151272,0
7564,140222,154543,0
7565,50630,81316,0
7566,72217,145709,0
7567,64783,143265,0
7568,49913,77290,0
7569,123724,44665,0
7570,52166,71773,0
7571,73613,128828,0
7572,133506,122590,0
7573,146739,36173,0
7574,20834,759,0
7575,74220,24083,0
7576,36254,62295,0
7577,45281,154069,0
7578,144049,83027,0
7579,34972,85996,0
7580,155124,74732,0
7581,18066,9543,0
7582,40422,122328,0
7583,31102,127819,0
7584,50191,147778,0
7585,146995,12943,0
7586,31006,136885,0
7587,131174,71970,0
7588,40246,72116,0
7589,9202,67391,0
7590,111232,53682,0
7591,121329,108037,0
7592,37055,60737,0
7593,117921,82230,0
7594,126181,141184,0
7595,115244,94027,0
7596,111437,122472,0
7597,95494,15443,0
7598,128145,81687,0
7599,9438,56182,0
7600,14649,103069,0
7601,67603,95638,0
7602,39700,119629,0
7603,248,131916,0
7604,110251,101009,0
7605,5657,118615,0
7606,61448,70728,0
7607,78276,31625,0
7608,110804,108032,0
7609,125733,104016,0
7610,2921,13414,0
7611,59752,52941,0
7612,10531,115226,0
7613,138526,122985,0
7614,68592,131028,0
7615,26088,127460,0
